scenario,rare_count,repetition,method,class_id,test_count,coverage,mean_set_size,mean_ordinal_span,full_set_rate,mean_preliminary_threshold,preliminary_threshold_variance,mean_correction,final_threshold_variance,correction_is_infinite,calibration_support
C_weaker_ordinal_smoothness,100,0,independent_mondrian,1,1214,0.8978583196046128,1.9538714991762767,1.9538714991762767,0,0.0,0.0,0.5465216455777999,0.0,0,100
C_weaker_ordinal_smoothness,100,0,independent_mondrian,2,1110,0.881981981981982,2.047747747747748,2.047747747747748,0,0.0,0.0,0.7541485656013538,0.0,0,100
C_weaker_ordinal_smoothness,100,0,independent_mondrian,0,268,0.917910447761194,1.3694029850746268,1.3694029850746268,0,0.0,0.0,0.464880068641853,0.0,0,100
C_weaker_ordinal_smoothness,100,0,independent_mondrian,4,1226,0.901305057096248,1.5481239804241436,1.5481239804241436,0,0.0,0.0,0.7103414596977606,0.0,0,100
C_weaker_ordinal_smoothness,100,0,independent_mondrian,3,1182,0.8976311336717429,2.225042301184433,2.225042301184433,0,0.0,0.0,0.6153179910889703,0.0,0,100
C_weaker_ordinal_smoothness,100,0,ordinal_cluster,1,1214,0.9192751235584844,1.9110378912685337,1.9110378912685337,0,0.0,0.0,0.574217686016322,0.0,0,100
C_weaker_ordinal_smoothness,100,0,ordinal_cluster,2,1110,0.7846846846846847,2.0513513513513515,2.0513513513513515,0,0.0,0.0,0.6092036971603861,0.0,0,100
C_weaker_ordinal_smoothness,100,0,ordinal_cluster,0,268,0.9477611940298507,1.4291044776119404,1.4291044776119404,0,0.0,0.0,0.5455556791900862,0.0,0,100
C_weaker_ordinal_smoothness,100,0,ordinal_cluster,4,1226,0.8752039151712887,1.5358890701468189,1.5358890701468189,0,0.0,0.0,0.6565234312824794,0.0,0,100
C_weaker_ordinal_smoothness,100,0,ordinal_cluster,3,1182,0.9263959390862944,2.057529610829103,2.057529610829103,0,0.0,0.0,0.685847130801718,0.0,0,100
C_weaker_ordinal_smoothness,100,0,input_dependent_nonordinal,1,1214,0.8484349258649094,1.8467874794069192,1.8467874794069192,0,0.5174670067340207,0.022730982448018223,-0.04393106769573091,0.022730982448018223,0,100
C_weaker_ordinal_smoothness,100,0,input_dependent_nonordinal,2,1110,0.8594594594594595,2.0054054054054054,2.0054054054054054,0,0.7743075911679012,0.024929985753384176,-0.053431802199406964,0.024929985753384176,0,100
C_weaker_ordinal_smoothness,100,0,input_dependent_nonordinal,0,268,0.9253731343283582,1.2835820895522387,1.2835820895522387,0,0.42646044490068025,0.015080832575101403,0.047451396767891674,0.015080832575101403,0,100
C_weaker_ordinal_smoothness,100,0,input_dependent_nonordinal,4,1226,0.9061990212071778,1.5464926590538337,1.5464926590538337,0,0.7038760044479874,0.030616599267451527,-0.006350868883355065,0.030616599267451527,0,100
C_weaker_ordinal_smoothness,100,0,input_dependent_nonordinal,3,1182,0.9187817258883249,2.1074450084602367,2.1074450084602367,0,0.5826322452670935,0.02392647269721105,0.06890905745522535,0.02392647269721105,0,100
C_weaker_ordinal_smoothness,100,0,input_dependent_ordinal,1,1214,0.8451400329489291,1.8525535420098846,1.8525535420098846,0,0.5715487405700053,0.021012713596651016,-0.10293008815144494,0.021012713596651016,0,100
C_weaker_ordinal_smoothness,100,0,input_dependent_ordinal,2,1110,0.8567567567567568,1.9963963963963964,1.9963963963963964,0,0.6232558123726426,0.023503206984899064,0.09305317712834749,0.023503206984899064,0,100
C_weaker_ordinal_smoothness,100,0,input_dependent_ordinal,0,268,0.9291044776119403,1.2798507462686568,1.2798507462686568,0,0.5068179353365527,0.01620401720069277,-0.028919370525353594,0.01620401720069277,0,100
C_weaker_ordinal_smoothness,100,0,input_dependent_ordinal,4,1226,0.9037520391517129,1.5399673735725938,1.5399673735725938,0,0.709337762531528,0.02865371603870697,-0.020220331208418152,0.02865371603870697,0,100
C_weaker_ordinal_smoothness,100,0,input_dependent_ordinal,3,1182,0.9179357021996616,2.0998307952622675,2.0998307952622675,0,0.6605871078677619,0.026228096915065436,-0.008324241975264046,0.026228096915065436,0,100
C_weaker_ordinal_smoothness,100,1,independent_mondrian,4,1142,0.8765323992994746,1.575306479859895,1.575306479859895,0,0.0,0.0,0.6929985828128088,0.0,0,100
C_weaker_ordinal_smoothness,100,1,independent_mondrian,2,1217,0.9046836483155299,2.019720624486442,2.019720624486442,0,0.0,0.0,0.770419786852085,0.0,0,100
C_weaker_ordinal_smoothness,100,1,independent_mondrian,0,236,0.8940677966101694,1.3220338983050848,1.3220338983050848,0,0.0,0.0,0.45719859096995075,0.0,0,100
C_weaker_ordinal_smoothness,100,1,independent_mondrian,3,1208,0.9246688741721855,2.2756622516556293,2.2756622516556293,0,0.0,0.0,0.646218533940944,0.0,0,100
C_weaker_ordinal_smoothness,100,1,independent_mondrian,1,1197,0.883876357560568,1.9490392648287385,1.9490392648287385,0,0.0,0.0,0.5023264137451076,0.0,0,100
C_weaker_ordinal_smoothness,100,1,ordinal_cluster,4,1142,0.861646234676007,1.5288966725043782,1.5288966725043782,0,0.0,0.0,0.6531921447100181,0.0,0,100
C_weaker_ordinal_smoothness,100,1,ordinal_cluster,2,1217,0.8323746918652424,2.064913722267872,2.064913722267872,0,0.0,0.0,0.6376776389094135,0.0,0,100
C_weaker_ordinal_smoothness,100,1,ordinal_cluster,0,236,0.9279661016949152,1.4745762711864407,1.4745762711864407,0,0.0,0.0,0.4973506725599787,0.0,0,100
C_weaker_ordinal_smoothness,100,1,ordinal_cluster,3,1208,0.9346026490066225,2.0943708609271523,2.0943708609271523,0,0.0,0.0,0.6761189556943599,0.0,0,100
C_weaker_ordinal_smoothness,100,1,ordinal_cluster,1,1197,0.9306599832915622,1.8813700918964076,1.8813700918964076,0,0.0,0.0,0.6031942348918756,0.0,0,100
C_weaker_ordinal_smoothness,100,1,input_dependent_nonordinal,4,1142,0.8598949211908932,1.4676007005253942,1.4676007005253942,0,0.711093254650189,0.025916283526943976,-0.04426341967938896,0.025916283526943976,0,100
C_weaker_ordinal_smoothness,100,1,input_dependent_nonordinal,2,1217,0.8874281018898932,1.913722267871816,1.913722267871816,0,0.7795879295311869,0.024043684100871314,-0.04305002402332925,0.024043684100871314,0,100
C_weaker_ordinal_smoothness,100,1,input_dependent_nonordinal,0,236,0.9110169491525424,1.402542372881356,1.402542372881356,0,0.4466384500444395,0.024721013059145185,0.03506166068137104,0.024721013059145192,0,100
C_weaker_ordinal_smoothness,100,1,input_dependent_nonordinal,3,1208,0.8816225165562914,2.0521523178807946,2.0521523178807946,0,0.5689238477712193,0.021803404950377445,-0.01549529961546614,0.021803404950377445,0,100
C_weaker_ordinal_smoothness,100,1,input_dependent_nonordinal,1,1197,0.8964076858813701,1.8897243107769424,1.8897243107769424,0,0.48117071003283646,0.015500461227309088,0.018876499917356626,0.015500461227309088,0,100
C_weaker_ordinal_smoothness,100,1,input_dependent_ordinal,4,1142,0.862521891418564,1.4693520140105079,1.4693520140105079,0,0.7174985136502476,0.024502165651178274,-0.050751611065323665,0.024502165651178274,0,100
C_weaker_ordinal_smoothness,100,1,input_dependent_ordinal,2,1217,0.8898931799506984,1.9153656532456862,1.9153656532456862,0,0.6077784671792864,0.02102478831272935,0.13274920051451322,0.02102478831272935,0,100
C_weaker_ordinal_smoothness,100,1,input_dependent_ordinal,0,236,0.9364406779661016,1.4279661016949152,1.4279661016949152,0,0.5106069690723994,0.014789816085875474,-0.016968931441082358,0.014789816085875474,0,100
C_weaker_ordinal_smoothness,100,1,input_dependent_ordinal,3,1208,0.8874172185430463,2.073675496688742,2.073675496688742,0,0.6565194097468935,0.023439579688045695,-0.0960790362658776,0.023439579688045706,0,100
C_weaker_ordinal_smoothness,100,1,input_dependent_ordinal,1,1197,0.8897243107769424,1.9030910609857978,1.9030910609857978,0,0.5514293604091218,0.018424238508278512,-0.05507427479649374,0.018424238508278512,0,100
C_weaker_ordinal_smoothness,100,2,independent_mondrian,2,1163,0.8925193465176269,2.098882201203783,2.098882201203783,0,0.0,0.0,0.7707505456560714,0.0,0,100
C_weaker_ordinal_smoothness,100,2,independent_mondrian,3,1203,0.9085619285120532,2.3915211970074814,2.3915211970074814,0,0.0,0.0,0.6063945445629377,0.0,0,100
C_weaker_ordinal_smoothness,100,2,independent_mondrian,4,1196,0.9423076923076923,1.62876254180602,1.62876254180602,0,0.0,0.0,0.8187604314681876,0.0,0,100
C_weaker_ordinal_smoothness,100,2,independent_mondrian,1,1213,0.8985985160758451,2.042868920032976,2.042868920032976,0,0.0,0.0,0.5378218576173511,0.0,0,100
C_weaker_ordinal_smoothness,100,2,independent_mondrian,0,225,0.9111111111111111,1.3555555555555556,1.3555555555555556,0,0.0,0.0,0.5163601667648856,0.0,0,100
C_weaker_ordinal_smoothness,100,2,ordinal_cluster,2,1163,0.8177128116938951,2.064488392089424,2.064488392089424,0,0.0,0.0,0.6336511146989585,0.0,0,100
C_weaker_ordinal_smoothness,100,2,ordinal_cluster,3,1203,0.9376558603491272,2.0989193682460514,2.0989193682460514,0,0.0,0.0,0.6790593648297664,0.0,0,100
C_weaker_ordinal_smoothness,100,2,ordinal_cluster,4,1196,0.8695652173913043,1.5543478260869565,1.5543478260869565,0,0.0,0.0,0.6616003070493064,0.0,0,100
C_weaker_ordinal_smoothness,100,2,ordinal_cluster,1,1213,0.9266281945589447,1.9389942291838418,1.9389942291838418,0,0.0,0.0,0.5912104753232106,0.0,0,100
C_weaker_ordinal_smoothness,100,2,ordinal_cluster,0,225,0.92,1.4177777777777778,1.4177777777777778,0,0.0,0.0,0.5378067210141746,0.0,0,100
C_weaker_ordinal_smoothness,100,2,input_dependent_nonordinal,2,1163,0.8950988822012038,2.006018916595013,2.006018916595013,0,0.7666020039815571,0.016635208199716273,0.006352850251026387,0.016635208199716273,0,100
C_weaker_ordinal_smoothness,100,2,input_dependent_nonordinal,3,1203,0.8753117206982544,2.229426433915212,2.229426433915212,0,0.5760760694782455,0.019072457305866507,-0.04115330020349939,0.019072457305866507,0,100
C_weaker_ordinal_smoothness,100,2,input_dependent_nonordinal,4,1196,0.927257525083612,1.5376254180602007,1.5376254180602007,0,0.6990444218158988,0.02405265223100919,0.05984609652995565,0.02405265223100919,0,100
C_weaker_ordinal_smoothness,100,2,input_dependent_nonordinal,1,1213,0.9117889530090684,1.934047815333883,1.934047815333883,0,0.4920957334218529,0.022369688220356745,0.052256225076496965,0.022369688220356745,0,100
C_weaker_ordinal_smoothness,100,2,input_dependent_nonordinal,0,225,0.9111111111111111,1.3866666666666667,1.3866666666666667,0,0.4464484664141875,0.020875383979217822,0.017205076734187252,0.020875383979217822,0,100
C_weaker_ordinal_smoothness,100,2,input_dependent_ordinal,2,1163,0.8985382631126397,2.006878761822872,2.006878761822872,0,0.6070874452225314,0.020194537952545694,0.17619362044644366,0.020194537952545694,0,100
C_weaker_ordinal_smoothness,100,2,input_dependent_ordinal,3,1203,0.8744804655029094,2.231088944305902,2.231088944305902,0,0.6546334762023088,0.020312323449044562,-0.11817459707094702,0.020312323449044562,0,100
C_weaker_ordinal_smoothness,100,2,input_dependent_ordinal,4,1196,0.9222408026755853,1.5418060200668897,1.5418060200668897,0,0.7021480404429743,0.021364453842791963,0.04911039593408306,0.021364453842791963,0,100
C_weaker_ordinal_smoothness,100,2,input_dependent_ordinal,1,1213,0.9150865622423743,1.9315746084089036,1.9315746084089036,0,0.5506941638590633,0.019550769945948534,-0.0005262942681972804,0.019550769945948534,0,100
C_weaker_ordinal_smoothness,100,2,input_dependent_ordinal,0,225,0.9111111111111111,1.3911111111111112,1.3911111111111112,0,0.509472421351294,0.019562825403134202,-0.05163767634895966,0.019562825403134202,0,100
C_weaker_ordinal_smoothness,100,3,independent_mondrian,4,1213,0.8705688375927453,1.6900247320692499,1.6900247320692499,0,0.0,0.0,0.6704425611909371,0.0,0,100
C_weaker_ordinal_smoothness,100,3,independent_mondrian,3,1156,0.9463667820069204,2.3416955017301038,2.3416955017301038,0,0.0,0.0,0.7374120381973467,0.0,0,100
C_weaker_ordinal_smoothness,100,3,independent_mondrian,2,1188,0.9225589225589226,2.159090909090909,2.159090909090909,0,0.0,0.0,0.8468438079281725,0.0,0,100
C_weaker_ordinal_smoothness,100,3,independent_mondrian,1,1199,0.9190992493744787,2.023352793994996,2.023352793994996,0,0.0,0.0,0.5547395689285831,0.0,0,100
C_weaker_ordinal_smoothness,100,3,independent_mondrian,0,244,0.8524590163934426,1.3975409836065573,1.3975409836065573,0,0.0,0.0,0.40231985579661333,0.0,0,100
C_weaker_ordinal_smoothness,100,3,ordinal_cluster,4,1213,0.877164056059357,1.6446826051112944,1.6446826051112944,0,0.0,0.0,0.6891778120455078,0.0,0,100
C_weaker_ordinal_smoothness,100,3,ordinal_cluster,3,1156,0.9550173010380623,2.230968858131488,2.230968858131488,0,0.0,0.0,0.7523301879475545,0.0,0,100
C_weaker_ordinal_smoothness,100,3,ordinal_cluster,2,1188,0.8703703703703703,2.2045454545454546,2.2045454545454546,0,0.0,0.0,0.7073591184841396,0.0,0,100
C_weaker_ordinal_smoothness,100,3,ordinal_cluster,1,1199,0.9341117597998332,2.0700583819849876,2.0700583819849876,0,0.0,0.0,0.6027030727937231,0.0,0,100
C_weaker_ordinal_smoothness,100,3,ordinal_cluster,0,244,0.9385245901639344,1.5245901639344261,1.5245901639344261,0,0.0,0.0,0.5277182190480677,0.0,0,100
C_weaker_ordinal_smoothness,100,3,input_dependent_nonordinal,4,1213,0.8928276999175597,1.674361088211047,1.674361088211047,0,0.7235426958701753,0.027501248976832652,-0.035570886972398796,0.027501248976832652,0,100
C_weaker_ordinal_smoothness,100,3,input_dependent_nonordinal,3,1156,0.96280276816609,2.319204152249135,2.319204152249135,0,0.6029907939614767,0.032202702682362166,0.10311212208469284,0.032202702682362166,0,100
C_weaker_ordinal_smoothness,100,3,input_dependent_nonordinal,2,1188,0.9385521885521886,2.095959595959596,2.095959595959596,0,0.7493266609650763,0.02338959010281192,0.11649026455948452,0.02338959010281192,0,100
C_weaker_ordinal_smoothness,100,3,input_dependent_nonordinal,1,1199,0.9316096747289407,2.157631359466222,2.157631359466222,0,0.5252536577851314,0.021951331690914847,0.0413310969258443,0.021951331690914847,0,100
C_weaker_ordinal_smoothness,100,3,input_dependent_nonordinal,0,244,0.9139344262295082,1.5245901639344261,1.5245901639344261,0,0.47683574089070774,0.01839741320455508,-0.02160093611487568,0.01839741320455508,0,100
C_weaker_ordinal_smoothness,100,3,input_dependent_ordinal,4,1213,0.8977741137675186,1.6570486397361912,1.6570486397361912,0,0.7259341306770405,0.03118666664314857,-0.022815111958885248,0.031186666643148564,0,100
C_weaker_ordinal_smoothness,100,3,input_dependent_ordinal,3,1156,0.9584775086505191,2.332179930795848,2.332179930795848,0,0.674824296558592,0.02634707895607313,0.012627763851587648,0.02634707895607313,0,100
C_weaker_ordinal_smoothness,100,3,input_dependent_ordinal,2,1188,0.9385521885521886,2.0875420875420874,2.0875420875420874,0,0.61358180718402,0.024830658830470656,0.2518851154527115,0.024830658830470656,0,100
C_weaker_ordinal_smoothness,100,3,input_dependent_ordinal,1,1199,0.9316096747289407,2.1409507923269393,2.1409507923269393,0,0.575260578382873,0.02152015900649044,-0.010641062442362681,0.02152015900649044,0,100
C_weaker_ordinal_smoothness,100,3,input_dependent_ordinal,0,244,0.9139344262295082,1.5204918032786885,1.5204918032786885,0,0.5255712124074419,0.017974185395788288,-0.07046990583931917,0.017974185395788277,0,100
C_weaker_ordinal_smoothness,100,4,independent_mondrian,2,1174,0.9020442930153322,1.9974446337308347,1.9974446337308347,0,0.0,0.0,0.7793846008842551,0.0,0,100
C_weaker_ordinal_smoothness,100,4,independent_mondrian,4,1193,0.8424140821458508,1.5129924559932941,1.5129924559932941,0,0.0,0.0,0.5985339503445396,0.0,0,100
C_weaker_ordinal_smoothness,100,4,independent_mondrian,1,1153,0.8959236773633998,1.9679098005203817,1.9679098005203817,0,0.0,0.0,0.5631293639046003,0.0,0,100
C_weaker_ordinal_smoothness,100,4,independent_mondrian,3,1218,0.8850574712643678,2.1313628899835795,2.1313628899835795,0,0.0,0.0,0.5855699116760981,0.0,0,100
C_weaker_ordinal_smoothness,100,4,independent_mondrian,0,262,0.8778625954198473,1.381679389312977,1.381679389312977,0,0.0,0.0,0.4661880648005858,0.0,0,100
C_weaker_ordinal_smoothness,100,4,ordinal_cluster,2,1174,0.8126064735945485,2.0068143100511073,2.0068143100511073,0,0.0,0.0,0.6338213230340516,0.0,0,100
C_weaker_ordinal_smoothness,100,4,ordinal_cluster,4,1193,0.8315171835708298,1.4677284157585917,1.4677284157585917,0,0.0,0.0,0.5859167704528009,0.0,0,100
C_weaker_ordinal_smoothness,100,4,ordinal_cluster,1,1153,0.9080659150043365,1.8568950563746747,1.8568950563746747,0,0.0,0.0,0.5938187326108838,0.0,0,100
C_weaker_ordinal_smoothness,100,4,ordinal_cluster,3,1218,0.9022988505747126,1.9745484400656814,1.9745484400656814,0,0.0,0.0,0.6338213230340516,0.0,0,100
C_weaker_ordinal_smoothness,100,4,ordinal_cluster,0,262,0.8931297709923665,1.4083969465648856,1.4083969465648856,0,0.0,0.0,0.49509217374931364,0.0,0,100
C_weaker_ordinal_smoothness,100,4,input_dependent_nonordinal,2,1174,0.8867120954003407,2.0315161839863713,2.0315161839863713,0,0.7365236552571087,0.01932368905325836,0.014416649416363891,0.01932368905325836,0,100
C_weaker_ordinal_smoothness,100,4,input_dependent_nonordinal,4,1193,0.8398994132439229,1.5004191114836547,1.5004191114836547,0,0.7092385661780035,0.01911116880596403,-0.09795225385028311,0.01911116880596403,0,100
C_weaker_ordinal_smoothness,100,4,input_dependent_nonordinal,1,1153,0.9392888117953165,2.004336513443192,2.004336513443192,0,0.527565755242702,0.029953115526214286,0.096658434626398,0.029953115526214286,0,100
C_weaker_ordinal_smoothness,100,4,input_dependent_nonordinal,3,1218,0.9039408866995073,2.083743842364532,2.083743842364532,0,0.5744329796537371,0.02289069558994585,0.026784975433982172,0.02289069558994585,0,100
C_weaker_ordinal_smoothness,100,4,input_dependent_nonordinal,0,262,0.9198473282442748,1.515267175572519,1.515267175572519,0,0.4204670672431184,0.014402733662968356,0.08770421894487607,0.01440273366296836,0,100
C_weaker_ordinal_smoothness,100,4,input_dependent_ordinal,2,1174,0.8824531516183987,2.0298126064735946,2.0298126064735946,0,0.5990557876179226,0.022112672304021135,0.14422960759542924,0.022112672304021135,0,100
C_weaker_ordinal_smoothness,100,4,input_dependent_ordinal,4,1193,0.8432523051131601,1.4979044425817267,1.4979044425817267,0,0.7084432652630016,0.019956443329357556,-0.09437216043474866,0.019956443329357556,0,100
C_weaker_ordinal_smoothness,100,4,input_dependent_ordinal,1,1153,0.9349522983521249,2.0199479618386817,2.0199479618386817,0,0.5612399569503657,0.024659516487606264,0.043722290112973516,0.024659516487606264,0,100
C_weaker_ordinal_smoothness,100,4,input_dependent_ordinal,3,1218,0.90311986863711,2.0623973727422005,2.0623973727422005,0,0.6571011216652991,0.02124972326689534,-0.05768349768863257,0.02124972326689534,0,100
C_weaker_ordinal_smoothness,100,4,input_dependent_ordinal,0,262,0.9427480916030534,1.5114503816793894,1.5114503816793894,0,0.5285342990284114,0.025442374988939125,0.017917969782274112,0.025442374988939125,0,100
C_weaker_ordinal_smoothness,100,5,independent_mondrian,2,1174,0.899488926746167,2.0587734241908007,2.0587734241908007,0,0.0,0.0,0.7777918125819755,0.0,0,100
C_weaker_ordinal_smoothness,100,5,independent_mondrian,3,1162,0.8631669535283993,2.3115318416523234,2.3115318416523234,0,0.0,0.0,0.5620171488575011,0.0,0,100
C_weaker_ordinal_smoothness,100,5,independent_mondrian,1,1197,0.9373433583959899,1.9741019214703426,1.9741019214703426,0,0.0,0.0,0.5934123536977015,0.0,0,100
C_weaker_ordinal_smoothness,100,5,independent_mondrian,4,1228,0.9185667752442996,1.5521172638436482,1.5521172638436482,0,0.0,0.0,0.7734502897209554,0.0,0,100
C_weaker_ordinal_smoothness,100,5,independent_mondrian,0,239,0.8535564853556485,1.3347280334728033,1.3347280334728033,0,0.0,0.0,0.4336979129211106,0.0,0,100
C_weaker_ordinal_smoothness,100,5,ordinal_cluster,2,1174,0.82793867120954,2.119250425894378,2.119250425894378,0,0.0,0.0,0.6361094549896721,0.0,0,100
C_weaker_ordinal_smoothness,100,5,ordinal_cluster,3,1162,0.9354561101549054,2.1179001721170394,2.1179001721170394,0,0.0,0.0,0.7165855615311099,0.0,0,100
C_weaker_ordinal_smoothness,100,5,ordinal_cluster,1,1197,0.9406850459482038,1.8813700918964076,1.8813700918964076,0,0.0,0.0,0.6018938979390778,0.0,0,100
C_weaker_ordinal_smoothness,100,5,ordinal_cluster,4,1228,0.8908794788273615,1.6188925081433225,1.6188925081433225,0,0.0,0.0,0.6904367083861153,0.0,0,100
C_weaker_ordinal_smoothness,100,5,ordinal_cluster,0,239,0.8786610878661087,1.3472803347280335,1.3472803347280335,0,0.0,0.0,0.47776896084704373,0.0,0,100
C_weaker_ordinal_smoothness,100,5,input_dependent_nonordinal,2,1174,0.9088586030664395,1.9821124361158433,1.9821124361158433,0,0.755511599259012,0.01887208205202224,0.0064298274199660055,0.01887208205202224,0,100
C_weaker_ordinal_smoothness,100,5,input_dependent_nonordinal,3,1162,0.8838209982788297,2.2392426850258174,2.2392426850258174,0,0.5750740744662157,0.02159866655809893,-0.009430039437151594,0.02159866655809893,0,100
C_weaker_ordinal_smoothness,100,5,input_dependent_nonordinal,1,1197,0.9081035923141186,1.8571428571428572,1.8571428571428572,0,0.5186996090621495,0.02094194066379087,0.0009626314129564384,0.02094194066379087,0,100
C_weaker_ordinal_smoothness,100,5,input_dependent_nonordinal,4,1228,0.9372964169381107,1.5618892508143323,1.5618892508143323,0,0.7144619212141223,0.027594576499752017,0.07278872074074583,0.027594576499752017,0,100
C_weaker_ordinal_smoothness,100,5,input_dependent_nonordinal,0,239,0.7824267782426778,1.1297071129707112,1.1297071129707112,0,0.45236492203311535,0.03190222482852895,-0.08646104444723202,0.03190222482852895,0,100
C_weaker_ordinal_smoothness,100,5,input_dependent_ordinal,2,1174,0.9105621805792163,1.9684838160136287,1.9684838160136287,0,0.6126807952235996,0.023088299792870293,0.1521862178336888,0.023088299792870293,0,100
C_weaker_ordinal_smoothness,100,5,input_dependent_ordinal,3,1162,0.882960413080895,2.2228915662650603,2.2228915662650603,0,0.6633957724980738,0.023249149694897758,-0.09999264954126252,0.023249149694897758,0,100
C_weaker_ordinal_smoothness,100,5,input_dependent_ordinal,1,1197,0.9081035923141186,1.8412698412698412,1.8412698412698412,0,0.5688571051851464,0.021545110524788864,-0.047703121657346026,0.021545110524788864,0,100
C_weaker_ordinal_smoothness,100,5,input_dependent_ordinal,4,1228,0.9340390879478827,1.5594462540716612,1.5594462540716612,0,0.7066921402197607,0.0243188037437168,0.06685275860874479,0.0243188037437168,0,100
C_weaker_ordinal_smoothness,100,5,input_dependent_ordinal,0,239,0.7866108786610879,1.1422594142259415,1.1422594142259415,0,0.5180782226490067,0.022511484425229142,-0.1654626604719422,0.022511484425229142,0,100
C_weaker_ordinal_smoothness,100,6,independent_mondrian,4,1185,0.8784810126582279,1.5029535864978902,1.5029535864978902,0,0.0,0.0,0.6873989005966658,0.0,0,100
C_weaker_ordinal_smoothness,100,6,independent_mondrian,3,1219,0.8925348646431501,2.1796554552912224,2.1796554552912224,0,0.0,0.0,0.5700388112419671,0.0,0,100
C_weaker_ordinal_smoothness,100,6,independent_mondrian,1,1159,0.9214840379637619,1.9413287316652286,1.9413287316652286,0,0.0,0.0,0.5659418645982573,0.0,0,100
C_weaker_ordinal_smoothness,100,6,independent_mondrian,2,1203,0.8703241895261845,1.9700748129675811,1.9700748129675811,0,0.0,0.0,0.7322861904976917,0.0,0,100
C_weaker_ordinal_smoothness,100,6,independent_mondrian,0,234,0.8931623931623932,1.3205128205128205,1.3205128205128205,0,0.0,0.0,0.4517221372942487,0.0,0,100
C_weaker_ordinal_smoothness,100,6,ordinal_cluster,4,1185,0.8632911392405064,1.519831223628692,1.519831223628692,0,0.0,0.0,0.643707555768335,0.0,0,100
C_weaker_ordinal_smoothness,100,6,ordinal_cluster,3,1219,0.9401148482362592,2.0287120590648073,2.0287120590648073,0,0.0,0.0,0.6619762061924473,0.0,0,100
C_weaker_ordinal_smoothness,100,6,ordinal_cluster,1,1159,0.9283865401207938,1.8421052631578947,1.8421052631578947,0,0.0,0.0,0.5877236852168052,0.0,0,100
C_weaker_ordinal_smoothness,100,6,ordinal_cluster,2,1203,0.8146300914380715,2.0174563591022445,2.0174563591022445,0,0.0,0.0,0.6031530581749747,0.0,0,100
C_weaker_ordinal_smoothness,100,6,ordinal_cluster,0,234,0.9102564102564102,1.3504273504273505,1.3504273504273505,0,0.0,0.0,0.500306729966853,0.0,0,100
C_weaker_ordinal_smoothness,100,6,input_dependent_nonordinal,4,1185,0.9274261603375528,1.6059071729957806,1.6059071729957806,0,0.7029964628717958,0.023820863047523955,0.06888986272671355,0.023820863047523955,0,100
C_weaker_ordinal_smoothness,100,6,input_dependent_nonordinal,3,1219,0.9212469237079574,2.291222313371616,2.291222313371616,0,0.5951925777738314,0.022368786356089812,-0.0021670050986066225,0.022368786356089812,0,100
C_weaker_ordinal_smoothness,100,6,input_dependent_nonordinal,1,1159,0.917169974115617,1.999137187230371,1.999137187230371,0,0.5135548993055662,0.020019177936812647,0.016692796404472077,0.020019177936812647,0,100
C_weaker_ordinal_smoothness,100,6,input_dependent_nonordinal,2,1203,0.9068994181213632,2.0482128013300085,2.0482128013300085,0,0.744365107257682,0.02650080638749503,0.054736677296494674,0.02650080638749503,0,100
C_weaker_ordinal_smoothness,100,6,input_dependent_nonordinal,0,234,0.905982905982906,1.3333333333333333,1.3333333333333333,0,0.4477857915895073,0.019042001668212447,0.013467285696389497,0.019042001668212447,0,100
C_weaker_ordinal_smoothness,100,6,input_dependent_ordinal,4,1185,0.9282700421940928,1.5949367088607596,1.5949367088607596,0,0.7122140306754123,0.024627842187933797,0.06375219253874215,0.024627842187933797,0,100
C_weaker_ordinal_smoothness,100,6,input_dependent_ordinal,3,1219,0.9204265791632485,2.281378178835111,2.281378178835111,0,0.6587535137832476,0.02192555401283367,-0.06792989288011003,0.02192555401283367,0,100
C_weaker_ordinal_smoothness,100,6,input_dependent_ordinal,1,1159,0.911993097497843,1.9870578084555652,1.9870578084555652,0,0.5612693622354242,0.02083099029586301,-0.035219914224700055,0.02083099029586301,0,100
C_weaker_ordinal_smoothness,100,6,input_dependent_ordinal,2,1203,0.9002493765586035,2.0407315045719034,2.0407315045719034,0,0.6122317933929157,0.023222508431457976,0.17306099501228867,0.023222508431457976,0,100
C_weaker_ordinal_smoothness,100,6,input_dependent_ordinal,0,234,0.905982905982906,1.311965811965812,1.311965811965812,0,0.5215800275471807,0.0203235724174524,-0.058563951106661793,0.0203235724174524,0,100
C_weaker_ordinal_smoothness,100,7,independent_mondrian,2,1165,0.936480686695279,2.2549356223175967,2.2549356223175967,0,0.0,0.0,0.8912446251928928,0.0,0,100
C_weaker_ordinal_smoothness,100,7,independent_mondrian,4,1189,0.896551724137931,1.6711522287636669,1.6711522287636669,0,0.0,0.0,0.7023541520548938,0.0,0,100
C_weaker_ordinal_smoothness,100,7,independent_mondrian,3,1209,0.9164598842018197,2.4069478908188584,2.4069478908188584,0,0.0,0.0,0.6480505822977012,0.0,0,100
C_weaker_ordinal_smoothness,100,7,independent_mondrian,0,225,0.8666666666666667,1.6711111111111112,1.6711111111111112,0,0.0,0.0,0.4175929669522955,0.0,0,100
C_weaker_ordinal_smoothness,100,7,independent_mondrian,1,1212,0.9645214521452146,2.099009900990099,2.099009900990099,0,0.0,0.0,0.722142223680338,0.0,0,100
C_weaker_ordinal_smoothness,100,7,ordinal_cluster,2,1165,0.896137339055794,2.3630901287553647,2.3630901287553647,0,0.0,0.0,0.7601176254582,0.0,0,100
C_weaker_ordinal_smoothness,100,7,ordinal_cluster,4,1189,0.87973086627418,1.6930193439865433,1.6930193439865433,0,0.0,0.0,0.6742890114356651,0.0,0,100
C_weaker_ordinal_smoothness,100,7,ordinal_cluster,3,1209,0.9553349875930521,2.2886683209263854,2.2886683209263854,0,0.0,0.0,0.7812406994465199,0.0,0,100
C_weaker_ordinal_smoothness,100,7,ordinal_cluster,0,225,0.9377777777777778,1.6711111111111112,1.6711111111111112,0,0.0,0.0,0.5857338726743583,0.0,0,100
C_weaker_ordinal_smoothness,100,7,ordinal_cluster,1,1212,0.9612211221122112,2.2475247524752477,2.2475247524752477,0,0.0,0.0,0.7108912688976169,0.0,0,100
C_weaker_ordinal_smoothness,100,7,input_dependent_nonordinal,2,1165,0.9493562231759657,2.176824034334764,2.176824034334764,0,0.7251590422582603,0.02224515029059648,0.15209597474031422,0.02224515029059648,0,100
C_weaker_ordinal_smoothness,100,7,input_dependent_nonordinal,4,1189,0.9394449116904963,1.6459209419680403,1.6459209419680403,0,0.7006546410225502,0.014951134432379925,0.06861949059121564,0.014951134432379925,0,100
C_weaker_ordinal_smoothness,100,7,input_dependent_nonordinal,3,1209,0.9230769230769231,2.413564929693962,2.413564929693962,0,0.6024202742201827,0.021262545693661247,0.020668213199321772,0.021262545693661247,0,100
C_weaker_ordinal_smoothness,100,7,input_dependent_nonordinal,0,225,0.8755555555555555,1.511111111111111,1.511111111111111,0,0.46179119714996125,0.018964741559268864,-0.05219979055213897,0.018964741559268864,0,100
C_weaker_ordinal_smoothness,100,7,input_dependent_nonordinal,1,1212,0.9496699669966997,2.037953795379538,2.037953795379538,0,0.4986331326977137,0.02270546577064277,0.12333748843507719,0.02270546577064277,0,100
C_weaker_ordinal_smoothness,100,7,input_dependent_ordinal,2,1165,0.9493562231759657,2.187982832618026,2.187982832618026,0,0.6101855872454567,0.020800514905213556,0.2716834630704814,0.020800514905213556,0,100
C_weaker_ordinal_smoothness,100,7,input_dependent_ordinal,4,1189,0.9386038687973086,1.6551724137931034,1.6551724137931034,0,0.7032517331677717,0.016970462701092412,0.06280189457580088,0.016970462701092412,0,100
C_weaker_ordinal_smoothness,100,7,input_dependent_ordinal,3,1209,0.9255583126550868,2.4177005789909014,2.4177005789909014,0,0.658469793088555,0.0189419136908724,-0.02248942520022057,0.0189419136908724,0,100
C_weaker_ordinal_smoothness,100,7,input_dependent_ordinal,0,225,0.8311111111111111,1.4622222222222223,1.4622222222222223,0,0.5055512732578508,0.025062220730687965,-0.1026380606030696,0.025062220730687975,0,100
C_weaker_ordinal_smoothness,100,7,input_dependent_ordinal,1,1212,0.9496699669966997,2.047029702970297,2.047029702970297,0,0.5435397080910784,0.022640559652364396,0.07874164757080848,0.022640559652364396,0,100
C_weaker_ordinal_smoothness,100,8,independent_mondrian,2,1151,0.9052997393570807,2.198088618592528,2.198088618592528,0,0.0,0.0,0.8066691367931166,0.0,0,100
C_weaker_ordinal_smoothness,100,8,independent_mondrian,4,1267,0.9337016574585635,1.7221783741120757,1.7221783741120757,0,0.0,0.0,0.8129908171285435,0.0,0,100
C_weaker_ordinal_smoothness,100,8,independent_mondrian,1,1180,0.888135593220339,2.051694915254237,2.051694915254237,0,0.0,0.0,0.5437211585559704,0.0,0,100
C_weaker_ordinal_smoothness,100,8,independent_mondrian,3,1164,0.9441580756013745,2.4304123711340204,2.4304123711340204,0,0.0,0.0,0.7158585250322457,0.0,0,100
C_weaker_ordinal_smoothness,100,8,independent_mondrian,0,238,0.8991596638655462,1.449579831932773,1.449579831932773,0,0.0,0.0,0.4725235803926107,0.0,0,100
C_weaker_ordinal_smoothness,100,8,ordinal_cluster,2,1151,0.8835794960903562,2.3440486533449176,2.3440486533449176,0,0.0,0.0,0.7466795200533319,0.0,0,100
C_weaker_ordinal_smoothness,100,8,ordinal_cluster,4,1267,0.9068666140489345,1.7466456195737963,1.7466456195737963,0,0.0,0.0,0.7506092521762384,0.0,0,100
C_weaker_ordinal_smoothness,100,8,ordinal_cluster,1,1180,0.938135593220339,2.083898305084746,2.083898305084746,0,0.0,0.0,0.6748557188160175,0.0,0,100
C_weaker_ordinal_smoothness,100,8,ordinal_cluster,3,1164,0.9587628865979382,2.356529209621993,2.356529209621993,0,0.0,0.0,0.7897129670080523,0.0,0,100
C_weaker_ordinal_smoothness,100,8,ordinal_cluster,0,238,0.907563025210084,1.6470588235294117,1.6470588235294117,0,0.0,0.0,0.49176073072736914,0.0,0,100
C_weaker_ordinal_smoothness,100,8,input_dependent_nonordinal,2,1151,0.9270199826238054,2.092962641181581,2.092962641181581,0,0.8169956602207806,0.04324553193172733,0.030723790697999687,0.04324553193172733,0,100
C_weaker_ordinal_smoothness,100,8,input_dependent_nonordinal,4,1267,0.9131807419100236,1.6069455406471982,1.6069455406471982,0,0.7153484204106071,0.04588793048260219,0.01413600081804478,0.04588793048260219,0,100
C_weaker_ordinal_smoothness,100,8,input_dependent_nonordinal,1,1180,0.9016949152542373,1.9915254237288136,1.9915254237288136,0,0.5233181737336057,0.02018713688366018,0.010791652546156771,0.02018713688366018,0,100
C_weaker_ordinal_smoothness,100,8,input_dependent_nonordinal,3,1164,0.9209621993127147,2.265463917525773,2.265463917525773,0,0.5859376655284233,0.01997682530996375,0.04340816050832641,0.01997682530996375,0,100
C_weaker_ordinal_smoothness,100,8,input_dependent_nonordinal,0,238,0.9285714285714286,1.5252100840336134,1.5252100840336134,0,0.4749870761226976,0.020426379768877827,-0.0056570455068766234,0.020426379768877827,0,100
C_weaker_ordinal_smoothness,100,8,input_dependent_ordinal,2,1151,0.9339704604691572,2.1320590790616856,2.1320590790616856,0,0.641490093856554,0.028882418217471246,0.22217262028810736,0.028882418217471246,0,100
C_weaker_ordinal_smoothness,100,8,input_dependent_ordinal,4,1267,0.9218626677190213,1.6511444356748224,1.6511444356748224,0,0.7161874862632724,0.03999421690524972,0.02814632301389064,0.03999421690524972,0,100
C_weaker_ordinal_smoothness,100,8,input_dependent_ordinal,1,1180,0.8949152542372881,2.038983050847458,2.038983050847458,0,0.5885427150738543,0.02444822656417618,-0.05618551528224214,0.02444822656417618,0,100
C_weaker_ordinal_smoothness,100,8,input_dependent_ordinal,3,1164,0.936426116838488,2.3333333333333335,2.3333333333333335,0,0.687902572351023,0.03393526435220316,-0.021135905722787562,0.03393526435220316,0,100
C_weaker_ordinal_smoothness,100,8,input_dependent_ordinal,0,238,0.9243697478991597,1.5168067226890756,1.5168067226890756,0,0.5610602625809384,0.01923669997158409,-0.0965509170007186,0.01923669997158409,0,100
C_weaker_ordinal_smoothness,100,9,independent_mondrian,1,1206,0.8880597014925373,1.7918739635157546,1.7918739635157546,0,0.0,0.0,0.5185392345674888,0.0,0,100
C_weaker_ordinal_smoothness,100,9,independent_mondrian,3,1187,0.932603201347936,2.1339511373209774,2.1339511373209774,0,0.0,0.0,0.6991902003312302,0.0,0,100
C_weaker_ordinal_smoothness,100,9,independent_mondrian,4,1222,0.9026186579378068,1.6088379705400981,1.6088379705400981,0,0.0,0.0,0.7256893576651602,0.0,0,100
C_weaker_ordinal_smoothness,100,9,independent_mondrian,0,252,0.9007936507936508,1.373015873015873,1.373015873015873,0,0.0,0.0,0.4472127789285313,0.0,0,100
C_weaker_ordinal_smoothness,100,9,independent_mondrian,2,1133,0.8420123565754634,2.0423654015887025,2.0423654015887025,0,0.0,0.0,0.6387938085631694,0.0,0,100
C_weaker_ordinal_smoothness,100,9,ordinal_cluster,1,1206,0.8980099502487562,1.7993366500829187,1.7993366500829187,0,0.0,0.0,0.5363908853202348,0.0,0,100
C_weaker_ordinal_smoothness,100,9,ordinal_cluster,3,1187,0.9157540016849199,2.079191238416175,2.079191238416175,0,0.0,0.0,0.6440486712103697,0.0,0,100
C_weaker_ordinal_smoothness,100,9,ordinal_cluster,4,1222,0.900163666121113,1.5335515548281506,1.5335515548281506,0,0.0,0.0,0.7108149522849201,0.0,0,100
C_weaker_ordinal_smoothness,100,9,ordinal_cluster,0,252,0.9365079365079365,1.4365079365079365,1.4365079365079365,0,0.0,0.0,0.48519063758330133,0.0,0,100
C_weaker_ordinal_smoothness,100,9,ordinal_cluster,2,1133,0.8252427184466019,1.99558693733451,1.99558693733451,0,0.0,0.0,0.609307562519822,0.0,0,100
C_weaker_ordinal_smoothness,100,9,input_dependent_nonordinal,1,1206,0.9228855721393034,1.929519071310116,1.929519071310116,0,0.5122739429584202,0.0224255024434566,0.039508754623482134,0.0224255024434566,0,100
C_weaker_ordinal_smoothness,100,9,input_dependent_nonordinal,3,1187,0.9418702611625948,2.180286436394271,2.180286436394271,0,0.5905055422605698,0.023595914695755636,0.0754170782614263,0.023595914695755636,0,100
C_weaker_ordinal_smoothness,100,9,input_dependent_nonordinal,4,1222,0.8878887070376432,1.5941080196399344,1.5941080196399344,0,0.6988860032996904,0.02477381015794346,-0.010054462917201579,0.02477381015794346,0,100
C_weaker_ordinal_smoothness,100,9,input_dependent_nonordinal,0,252,0.8809523809523809,1.4761904761904763,1.4761904761904763,0,0.47406460562326136,0.029940296069869397,-0.024817228713015976,0.029940296069869397,0,100
C_weaker_ordinal_smoothness,100,9,input_dependent_nonordinal,2,1133,0.9090909090909091,2.0723742277140333,2.0723742277140333,0,0.7375377554216705,0.029937370609959112,0.016738402923066165,0.029937370609959112,0,100
C_weaker_ordinal_smoothness,100,9,input_dependent_ordinal,1,1206,0.9295190713101161,1.922056384742952,1.922056384742952,0,0.560737500538323,0.026625729090881324,0.010180382029211399,0.026625729090881324,0,100
C_weaker_ordinal_smoothness,100,9,input_dependent_ordinal,3,1187,0.941027801179444,2.1828138163437236,2.1828138163437236,0,0.6557566072192628,0.02537525467525465,0.012106747976618704,0.02537525467525465,0,100
C_weaker_ordinal_smoothness,100,9,input_dependent_ordinal,4,1222,0.8870703764320785,1.585924713584288,1.585924713584288,0,0.7020823082425807,0.025117923152718446,-0.014213566438751157,0.025117923152718446,0,100
C_weaker_ordinal_smoothness,100,9,input_dependent_ordinal,0,252,0.873015873015873,1.4682539682539681,1.4682539682539681,0,0.5343437148842017,0.02643365173663686,-0.10063810545672833,0.02643365173663686,0,100
C_weaker_ordinal_smoothness,100,9,input_dependent_ordinal,2,1133,0.9073256840247131,2.084730803177405,2.084730803177405,0,0.6091118985718875,0.02509893874355026,0.14017952927036742,0.02509893874355026,0,100
C_weaker_ordinal_smoothness,100,10,independent_mondrian,0,262,0.8931297709923665,1.1603053435114503,1.1603053435114503,0,0.0,0.0,0.40566188959571065,0.0,0,100
C_weaker_ordinal_smoothness,100,10,independent_mondrian,4,1216,0.9136513157894737,1.578125,1.578125,0,0.0,0.0,0.7336440751094819,0.0,0,100
C_weaker_ordinal_smoothness,100,10,independent_mondrian,1,1159,0.8360655737704918,1.8464193270060396,1.8464193270060396,0,0.0,0.0,0.4122352332623249,0.0,0,100
C_weaker_ordinal_smoothness,100,10,independent_mondrian,3,1202,0.9009983361064892,2.2953410981697173,2.2953410981697173,0,0.0,0.0,0.615346045538637,0.0,0,100
C_weaker_ordinal_smoothness,100,10,independent_mondrian,2,1161,0.9061154177433247,1.9207579672695951,1.9207579672695951,0,0.0,0.0,0.773717371397167,0.0,0,100
C_weaker_ordinal_smoothness,100,10,ordinal_cluster,0,262,0.8931297709923665,1.4618320610687023,1.4618320610687023,0,0.0,0.0,0.40566188959571065,0.0,0,100
C_weaker_ordinal_smoothness,100,10,ordinal_cluster,4,1216,0.8881578947368421,1.597861842105263,1.597861842105263,0,0.0,0.0,0.6732408903154394,0.0,0,100
C_weaker_ordinal_smoothness,100,10,ordinal_cluster,1,1159,0.9378774805867127,1.7929249352890422,1.7929249352890422,0,0.0,0.0,0.6009833500377199,0.0,0,100
C_weaker_ordinal_smoothness,100,10,ordinal_cluster,3,1202,0.9425956738768719,2.138935108153078,2.138935108153078,0,0.0,0.0,0.7072876532958067,0.0,0,100
C_weaker_ordinal_smoothness,100,10,ordinal_cluster,2,1161,0.8372093023255814,2.0878552971576227,2.0878552971576227,0,0.0,0.0,0.6407293626431959,0.0,0,100
C_weaker_ordinal_smoothness,100,10,input_dependent_nonordinal,0,262,0.8740458015267175,1.1984732824427482,1.1984732824427482,0,0.4325535804341909,0.023495237136306576,-0.03259651855199458,0.023495237136306576,0,100
C_weaker_ordinal_smoothness,100,10,input_dependent_nonordinal,4,1216,0.9194078947368421,1.53125,1.53125,0,0.7064339491672865,0.02880695601964558,0.030426234534085106,0.02880695601964558,0,100
C_weaker_ordinal_smoothness,100,10,input_dependent_nonordinal,1,1159,0.8593615185504746,1.8352027610008628,1.8352027610008628,0,0.5062450633716253,0.020938466856377437,-0.05077756025834146,0.020938466856377437,0,100
C_weaker_ordinal_smoothness,100,10,input_dependent_nonordinal,3,1202,0.8976705490848585,2.168053244592346,2.168053244592346,0,0.5780803539346618,0.02227303050506858,-0.0077285723308366805,0.02227303050506858,0,100
C_weaker_ordinal_smoothness,100,10,input_dependent_nonordinal,2,1161,0.9009474590869939,1.9681309216192937,1.9681309216192937,0,0.7525556202323908,0.018855484728450046,0.016805873858493303,0.018855484728450046,0,100
C_weaker_ordinal_smoothness,100,10,input_dependent_ordinal,0,262,0.8816793893129771,1.1984732824427482,1.1984732824427482,0,0.49375026863377247,0.018570716444404046,-0.10177362624314196,0.018570716444404046,0,100
C_weaker_ordinal_smoothness,100,10,input_dependent_ordinal,4,1216,0.9276315789473685,1.528782894736842,1.528782894736842,0,0.7062915606669407,0.025353430303963528,0.048887706847136725,0.025353430303963528,0,100
C_weaker_ordinal_smoothness,100,10,input_dependent_ordinal,1,1159,0.8593615185504746,1.7963761863675582,1.7963761863675582,0,0.5597518156689998,0.01878310259942193,-0.10926774245966814,0.01878310259942193,0,100
C_weaker_ordinal_smoothness,100,10,input_dependent_ordinal,3,1202,0.9018302828618968,2.1630615640599,2.1630615640599,0,0.6526493673093916,0.023688666237690954,-0.07826138130961713,0.023688666237690954,0,100
C_weaker_ordinal_smoothness,100,10,input_dependent_ordinal,2,1161,0.8957795004306632,1.967269595176572,1.967269595176572,0,0.6170939733276328,0.02202454130123307,0.13621459998797092,0.02202454130123307,0,100
C_weaker_ordinal_smoothness,100,11,independent_mondrian,4,1173,0.8857630008525149,1.6879795396419437,1.6879795396419437,0,0.0,0.0,0.6874451019622254,0.0,0,100
C_weaker_ordinal_smoothness,100,11,independent_mondrian,3,1235,0.928744939271255,2.373279352226721,2.373279352226721,0,0.0,0.0,0.6628394567778408,0.0,0,100
C_weaker_ordinal_smoothness,100,11,independent_mondrian,1,1227,0.8516707416462918,2.015484922575387,2.015484922575387,0,0.0,0.0,0.4884099837161036,0.0,0,100
C_weaker_ordinal_smoothness,100,11,independent_mondrian,2,1118,0.9329159212880143,2.0635062611806796,2.0635062611806796,0,0.0,0.0,0.9025754415652143,0.0,0,100
C_weaker_ordinal_smoothness,100,11,independent_mondrian,0,247,0.8623481781376519,1.3441295546558705,1.3441295546558705,0,0.0,0.0,0.4352384900991064,0.0,0,100
C_weaker_ordinal_smoothness,100,11,ordinal_cluster,4,1173,0.8857630008525149,1.6214833759590792,1.6214833759590792,0,0.0,0.0,0.681216739874991,0.0,0,100
C_weaker_ordinal_smoothness,100,11,ordinal_cluster,3,1235,0.9506072874493927,2.1781376518218623,2.1781376518218623,0,0.0,0.0,0.7394082426568296,0.0,0,100
C_weaker_ordinal_smoothness,100,11,ordinal_cluster,1,1227,0.9364303178484108,1.9136104319478402,1.9136104319478402,0,0.0,0.0,0.64082389868847,0.0,0,100
C_weaker_ordinal_smoothness,100,11,ordinal_cluster,2,1118,0.8434704830053668,2.177996422182469,2.177996422182469,0,0.0,0.0,0.6628394567778408,0.0,0,100
C_weaker_ordinal_smoothness,100,11,ordinal_cluster,0,247,0.8866396761133604,1.5101214574898785,1.5101214574898785,0,0.0,0.0,0.44904097542278926,0.0,0,100
C_weaker_ordinal_smoothness,100,11,input_dependent_nonordinal,4,1173,0.9002557544757033,1.6521739130434783,1.6521739130434783,0,0.7236989540260281,0.027316694790794207,-0.03476039789576291,0.027316694790794207,0,100
C_weaker_ordinal_smoothness,100,11,input_dependent_nonordinal,3,1235,0.9376518218623482,2.2582995951417004,2.2582995951417004,0,0.5750501257302926,0.03127336967908532,0.09028798250818665,0.03127336967908532,0,100
C_weaker_ordinal_smoothness,100,11,input_dependent_nonordinal,1,1227,0.8744906275468622,1.9902200488997555,1.9902200488997555,0,0.526876702484289,0.026098121280226306,-0.02534019298560608,0.026098121280226306,0,100
C_weaker_ordinal_smoothness,100,11,input_dependent_nonordinal,2,1118,0.9338103756708408,2.0518783542039354,2.0518783542039354,0,0.7477425789707074,0.03154170490289208,0.08996821939454236,0.03154170490289208,0,100
C_weaker_ordinal_smoothness,100,11,input_dependent_nonordinal,0,247,0.8461538461538461,1.3400809716599191,1.3400809716599191,0,0.46823679077983277,0.016266162424627043,-0.03926684913523795,0.016266162424627043,0,100
C_weaker_ordinal_smoothness,100,11,input_dependent_ordinal,4,1173,0.907928388746803,1.6419437340153453,1.6419437340153453,0,0.7139672814104401,0.030466900359114896,-0.009261849677008549,0.030466900359114896,0,100
C_weaker_ordinal_smoothness,100,11,input_dependent_ordinal,3,1235,0.9352226720647774,2.2728744939271257,2.2728744939271257,0,0.6607605401751453,0.02887683709109965,-0.0032099672337640994,0.02887683709109965,0,100
C_weaker_ordinal_smoothness,100,11,input_dependent_ordinal,1,1227,0.8793806030969845,2.0211898940505297,2.0211898940505297,0,0.569779186572495,0.025653921705612273,-0.0673187684670622,0.025653921705612273,0,100
C_weaker_ordinal_smoothness,100,11,input_dependent_ordinal,2,1118,0.9302325581395349,2.0608228980322005,2.0608228980322005,0,0.61085929435972,0.027795451481473894,0.22296704948307022,0.027795451481473894,0,100
C_weaker_ordinal_smoothness,100,11,input_dependent_ordinal,0,247,0.854251012145749,1.3441295546558705,1.3441295546558705,0,0.5207948593183462,0.025781650145724533,-0.06744593782636338,0.025781650145724533,0,100
C_weaker_ordinal_smoothness,100,12,independent_mondrian,3,1214,0.9217462932454695,2.330313014827018,2.330313014827018,0,0.0,0.0,0.6460343526788249,0.0,0,100
C_weaker_ordinal_smoothness,100,12,independent_mondrian,1,1174,0.944633730834753,1.9787052810902896,1.9787052810902896,0,0.0,0.0,0.6482697994380142,0.0,0,100
C_weaker_ordinal_smoothness,100,12,independent_mondrian,2,1126,0.8827708703374778,2.2033747779751334,2.2033747779751334,0,0.0,0.0,0.7153424607205403,0.0,0,100
C_weaker_ordinal_smoothness,100,12,independent_mondrian,4,1256,0.9148089171974523,1.5875796178343948,1.5875796178343948,0,0.0,0.0,0.778532362793896,0.0,0,100
C_weaker_ordinal_smoothness,100,12,independent_mondrian,0,230,0.9043478260869565,1.4782608695652173,1.4782608695652173,0,0.0,0.0,0.46779705993224024,0.0,0,100
C_weaker_ordinal_smoothness,100,12,ordinal_cluster,3,1214,0.9390444810543658,2.169686985172982,2.169686985172982,0,0.0,0.0,0.690559446070061,0.0,0,100
C_weaker_ordinal_smoothness,100,12,ordinal_cluster,1,1174,0.9258943781942078,2.0068143100511073,2.0068143100511073,0,0.0,0.0,0.6055619041818256,0.0,0,100
C_weaker_ordinal_smoothness,100,12,ordinal_cluster,2,1126,0.8552397868561279,2.135879218472469,2.135879218472469,0,0.0,0.0,0.6482697994380142,0.0,0,100
C_weaker_ordinal_smoothness,100,12,ordinal_cluster,4,1256,0.8837579617834395,1.570063694267516,1.570063694267516,0,0.0,0.0,0.690559446070061,0.0,0,100
C_weaker_ordinal_smoothness,100,12,ordinal_cluster,0,230,0.9391304347826087,1.4652173913043478,1.4652173913043478,0,0.0,0.0,0.5601175131098066,0.0,0,100
C_weaker_ordinal_smoothness,100,12,input_dependent_nonordinal,3,1214,0.9209225700164745,2.257001647446458,2.257001647446458,0,0.5868752331623796,0.024867914210718094,0.03163607595940687,0.024867914210718094,0,100
C_weaker_ordinal_smoothness,100,12,input_dependent_nonordinal,1,1174,0.9335604770017035,1.854344122657581,1.854344122657581,0,0.525588475703334,0.02253081123480453,0.044640130939003986,0.02253081123480453,0,100
C_weaker_ordinal_smoothness,100,12,input_dependent_nonordinal,2,1126,0.8685612788632326,2.071936056838366,2.071936056838366,0,0.7634320627566173,0.018083975740909256,-0.06453842137845511,0.018083975740909256,0,100
C_weaker_ordinal_smoothness,100,12,input_dependent_nonordinal,4,1256,0.9371019108280255,1.5780254777070064,1.5780254777070064,0,0.7288098914025058,0.030154369146891697,0.09151931479305542,0.030154369146891697,0,100
C_weaker_ordinal_smoothness,100,12,input_dependent_nonordinal,0,230,0.8260869565217391,1.373913043478261,1.373913043478261,0,0.5072931213327508,0.026870082574320574,-0.0817475693994999,0.026870082574320574,0,100
C_weaker_ordinal_smoothness,100,12,input_dependent_ordinal,3,1214,0.9209225700164745,2.245469522240527,2.245469522240527,0,0.6760798600955125,0.02515129447597843,-0.057318145676293675,0.02515129447597843,0,100
C_weaker_ordinal_smoothness,100,12,input_dependent_ordinal,1,1174,0.9361158432708688,1.8475298126064736,1.8475298126064736,0,0.5741446011983082,0.021838571248064657,-0.001118304119466118,0.021838571248064657,0,100
C_weaker_ordinal_smoothness,100,12,input_dependent_ordinal,2,1126,0.8676731793960923,2.0657193605683837,2.0657193605683837,0,0.6211859377933534,0.02417497451372839,0.07135406470644645,0.02417497451372839,0,100
C_weaker_ordinal_smoothness,100,12,input_dependent_ordinal,4,1256,0.9371019108280255,1.5820063694267517,1.5820063694267517,0,0.7214824384082568,0.027648348960383203,0.09524477937676212,0.027648348960383203,0,100
C_weaker_ordinal_smoothness,100,12,input_dependent_ordinal,0,230,0.8608695652173913,1.4086956521739131,1.4086956521739131,0,0.5537224193013338,0.018700135650527024,-0.11963272816959614,0.018700135650527024,0,100
C_weaker_ordinal_smoothness,100,13,independent_mondrian,3,1168,0.9434931506849316,2.3073630136986303,2.3073630136986303,0,0.0,0.0,0.722321696294791,0.0,0,100
C_weaker_ordinal_smoothness,100,13,independent_mondrian,4,1219,0.8851517637407711,1.697292863002461,1.697292863002461,0,0.0,0.0,0.6914562937712909,0.0,0,100
C_weaker_ordinal_smoothness,100,13,independent_mondrian,1,1179,0.8608990670059372,2.039864291772689,2.039864291772689,0,0.0,0.0,0.4917433331900298,0.0,0,100
C_weaker_ordinal_smoothness,100,13,independent_mondrian,2,1170,0.917094017094017,2.1025641025641026,2.1025641025641026,0,0.0,0.0,0.8088961520094228,0.0,0,100
C_weaker_ordinal_smoothness,100,13,independent_mondrian,0,264,0.9204545454545454,1.303030303030303,1.303030303030303,0,0.0,0.0,0.48488719987595985,0.0,0,100
C_weaker_ordinal_smoothness,100,13,ordinal_cluster,3,1168,0.9417808219178082,2.136986301369863,2.136986301369863,0,0.0,0.0,0.7147377213881362,0.0,0,100
C_weaker_ordinal_smoothness,100,13,ordinal_cluster,4,1219,0.8851517637407711,1.6111566858080393,1.6111566858080393,0,0.0,0.0,0.6914562937712909,0.0,0,100
C_weaker_ordinal_smoothness,100,13,ordinal_cluster,1,1179,0.909245122985581,1.8965224766751485,1.8965224766751485,0,0.0,0.0,0.5778369626013777,0.0,0,100
C_weaker_ordinal_smoothness,100,13,ordinal_cluster,2,1170,0.841025641025641,2.106837606837607,2.106837606837607,0,0.0,0.0,0.6404648262656103,0.0,0,100
C_weaker_ordinal_smoothness,100,13,ordinal_cluster,0,264,0.9204545454545454,1.4242424242424243,1.4242424242424243,0,0.0,0.0,0.48873766039098354,0.0,0,100
C_weaker_ordinal_smoothness,100,13,input_dependent_nonordinal,3,1168,0.9340753424657534,2.17722602739726,2.17722602739726,0,0.5792212670782433,0.024355132437377726,0.0825823930296834,0.024355132437377726,0,100
C_weaker_ordinal_smoothness,100,13,input_dependent_nonordinal,4,1219,0.8851517637407711,1.5808039376538146,1.5808039376538146,0,0.6875250160853155,0.024015170959726714,0.004181348340740465,0.024015170959726714,0,100
C_weaker_ordinal_smoothness,100,13,input_dependent_nonordinal,1,1179,0.8821034775233249,1.962680237489398,1.962680237489398,0,0.49992367021567036,0.016181184882219393,0.009031675963567853,0.016181184882219393,0,100
C_weaker_ordinal_smoothness,100,13,input_dependent_nonordinal,2,1170,0.8974358974358975,2.029059829059829,2.029059829059829,0,0.7035317841980963,0.01941594262549547,0.04165433787930417,0.01941594262549547,0,100
C_weaker_ordinal_smoothness,100,13,input_dependent_nonordinal,0,264,0.9393939393939394,1.3257575757575757,1.3257575757575757,0,0.46795079286915486,0.024463711930897542,-0.002126379236017051,0.024463711930897542,0,100
C_weaker_ordinal_smoothness,100,13,input_dependent_ordinal,3,1168,0.9323630136986302,2.1678082191780823,2.1678082191780823,0,0.6434427427477791,0.02132862810595346,0.013732879522800945,0.02132862810595346,0,100
C_weaker_ordinal_smoothness,100,13,input_dependent_ordinal,4,1219,0.8851517637407711,1.5808039376538146,1.5808039376538146,0,0.6836828001934208,0.024670434705251328,0.008335525145768852,0.024670434705251328,0,100
C_weaker_ordinal_smoothness,100,13,input_dependent_ordinal,1,1179,0.8863443596268024,1.9737065309584394,1.9737065309584394,0,0.5500028518706962,0.01719155864196715,-0.03839109083425346,0.01719155864196715,0,100
C_weaker_ordinal_smoothness,100,13,input_dependent_ordinal,2,1170,0.8965811965811966,2.023931623931624,2.023931623931624,0,0.5899875401493947,0.02005900470474405,0.15415212803017508,0.02005900470474405,0,100
C_weaker_ordinal_smoothness,100,13,input_dependent_ordinal,0,264,0.9659090909090909,1.3522727272727273,1.3522727272727273,0,0.4821205932280621,0.015482292067022833,0.004050490347180413,0.015482292067022833,0,100
C_weaker_ordinal_smoothness,100,14,independent_mondrian,1,1155,0.9186147186147187,1.9402597402597404,1.9402597402597404,0,0.0,0.0,0.5849801441429501,0.0,0,100
C_weaker_ordinal_smoothness,100,14,independent_mondrian,4,1190,0.9218487394957983,1.5991596638655463,1.5991596638655463,0,0.0,0.0,0.811867551046398,0.0,0,100
C_weaker_ordinal_smoothness,100,14,independent_mondrian,0,255,0.792156862745098,1.3725490196078431,1.3725490196078431,0,0.0,0.0,0.3455780359798303,0.0,0,100
C_weaker_ordinal_smoothness,100,14,independent_mondrian,2,1217,0.9260476581758422,2.123253903040263,2.123253903040263,0,0.0,0.0,0.8355482696536922,0.0,0,100
C_weaker_ordinal_smoothness,100,14,independent_mondrian,3,1183,0.9010989010989011,2.437024513947591,2.437024513947591,0,0.0,0.0,0.600319851639824,0.0,0,100
C_weaker_ordinal_smoothness,100,14,ordinal_cluster,1,1155,0.9471861471861471,2.01991341991342,2.01991341991342,0,0.0,0.0,0.6570148566643388,0.0,0,100
C_weaker_ordinal_smoothness,100,14,ordinal_cluster,4,1190,0.8991596638655462,1.646218487394958,1.646218487394958,0,0.0,0.0,0.7438952834776539,0.0,0,100
C_weaker_ordinal_smoothness,100,14,ordinal_cluster,0,255,0.9019607843137255,1.576470588235294,1.576470588235294,0,0.0,0.0,0.5112037717478911,0.0,0,100
C_weaker_ordinal_smoothness,100,14,ordinal_cluster,2,1217,0.8635990139687757,2.2711585866885784,2.2711585866885784,0,0.0,0.0,0.6743606580705982,0.0,0,100
C_weaker_ordinal_smoothness,100,14,ordinal_cluster,3,1183,0.9560439560439561,2.2967032967032965,2.2967032967032965,0,0.0,0.0,0.7490895234578161,0.0,0,100
C_weaker_ordinal_smoothness,100,14,input_dependent_nonordinal,1,1155,0.935064935064935,2.1004329004329003,2.1004329004329003,0,0.5130871088580926,0.02155535280591002,0.06997762353575121,0.02155535280591002,0,100
C_weaker_ordinal_smoothness,100,14,input_dependent_nonordinal,4,1190,0.9218487394957983,1.6487394957983192,1.6487394957983192,0,0.7063596533838661,0.028813283644773233,0.0737934650630675,0.028813283644773233,0,100
C_weaker_ordinal_smoothness,100,14,input_dependent_nonordinal,0,255,0.8470588235294118,1.4588235294117646,1.4588235294117646,0,0.42303722057851506,0.01915035699860571,-0.02195668362956646,0.01915035699860571,0,100
C_weaker_ordinal_smoothness,100,14,input_dependent_nonordinal,2,1217,0.9539852095316351,2.1010682004930157,2.1010682004930157,0,0.7235279802828153,0.015641784528669544,0.18239385705116085,0.015641784528669538,0,100
C_weaker_ordinal_smoothness,100,14,input_dependent_nonordinal,3,1183,0.9095519864750634,2.4319526627218937,2.4319526627218937,0,0.6179583026529362,0.036317443929203934,-0.007040159085944797,0.036317443929203934,0,100
C_weaker_ordinal_smoothness,100,14,input_dependent_ordinal,1,1155,0.9333333333333333,2.071861471861472,2.071861471861472,0,0.5552102611905647,0.019829235958906618,0.02384454962601884,0.019829235958906618,0,100
C_weaker_ordinal_smoothness,100,14,input_dependent_ordinal,4,1190,0.9176470588235294,1.6243697478991597,1.6243697478991597,0,0.7214938045419599,0.03220687999301122,0.04886098010130202,0.03220687999301122,0,100
C_weaker_ordinal_smoothness,100,14,input_dependent_ordinal,0,255,0.8509803921568627,1.4666666666666666,1.4666666666666666,0,0.5021759989965496,0.015939932469860984,-0.11546510576590852,0.015939932469860984,0,100
C_weaker_ordinal_smoothness,100,14,input_dependent_ordinal,2,1217,0.9539852095316351,2.075595727198028,2.075595727198028,0,0.6097926280522951,0.024256680615162687,0.3033932031885691,0.024256680615162687,0,100
C_weaker_ordinal_smoothness,100,14,input_dependent_ordinal,3,1183,0.9002535925612849,2.3846153846153846,2.3846153846153846,0,0.6610060326221116,0.026718925284799407,-0.07750136178935402,0.026718925284799407,0,100
C_weaker_ordinal_smoothness,100,15,independent_mondrian,1,1177,0.9396771452846219,2.135089209855565,2.135089209855565,0,0.0,0.0,0.6269061950025517,0.0,0,100
C_weaker_ordinal_smoothness,100,15,independent_mondrian,4,1232,0.9310064935064936,1.6160714285714286,1.6160714285714286,0,0.0,0.0,0.8486883720369169,0.0,0,100
C_weaker_ordinal_smoothness,100,15,independent_mondrian,3,1131,0.9124668435013262,2.559681697612732,2.559681697612732,0,0.0,0.0,0.5983708164287972,0.0,0,100
C_weaker_ordinal_smoothness,100,15,independent_mondrian,2,1176,0.9251700680272109,2.2346938775510203,2.2346938775510203,0,0.0,0.0,0.8757144866167056,0.0,0,100
C_weaker_ordinal_smoothness,100,15,independent_mondrian,0,284,0.8943661971830986,1.5422535211267605,1.5422535211267605,0,0.0,0.0,0.46178916853342106,0.0,0,100
C_weaker_ordinal_smoothness,100,15,ordinal_cluster,1,1177,0.9566694987255735,2.1886151231945625,2.1886151231945625,0,0.0,0.0,0.6984514959939906,0.0,0,100
C_weaker_ordinal_smoothness,100,15,ordinal_cluster,4,1232,0.9131493506493507,1.713474025974026,1.713474025974026,0,0.0,0.0,0.778568860928763,0.0,0,100
C_weaker_ordinal_smoothness,100,15,ordinal_cluster,3,1131,0.9610963748894783,2.416445623342175,2.416445623342175,0,0.0,0.0,0.8016615275844738,0.0,0,100
C_weaker_ordinal_smoothness,100,15,ordinal_cluster,2,1176,0.8707482993197279,2.3843537414965987,2.3843537414965987,0,0.0,0.0,0.7326447309473693,0.0,0,100
C_weaker_ordinal_smoothness,100,15,ordinal_cluster,0,284,0.9401408450704225,1.6725352112676057,1.6725352112676057,0,0.0,0.0,0.5484060095951176,0.0,0,100
C_weaker_ordinal_smoothness,100,15,input_dependent_nonordinal,1,1177,0.8997451146983857,2.1376380628717078,2.1376380628717078,0,0.5307592577741606,0.027547301558998562,-0.0013323882254912545,0.027547301558998562,0,100
C_weaker_ordinal_smoothness,100,15,input_dependent_nonordinal,4,1232,0.9237012987012987,1.5795454545454546,1.5795454545454546,0,0.6983116434403248,0.031813315651565977,0.08560263265537382,0.031813315651565977,0,100
C_weaker_ordinal_smoothness,100,15,input_dependent_nonordinal,3,1131,0.9195402298850575,2.4367816091954024,2.4367816091954024,0,0.5899216005573009,0.030041347057752098,0.006923706278365416,0.030041347057752098,0,100
C_weaker_ordinal_smoothness,100,15,input_dependent_nonordinal,2,1176,0.9387755102040817,2.139455782312925,2.139455782312925,0,0.7475317622105518,0.014543249486073244,0.14866935100193102,0.014543249486073244,0,100
C_weaker_ordinal_smoothness,100,15,input_dependent_nonordinal,0,284,0.9295774647887324,1.4295774647887325,1.4295774647887325,0,0.44152915409832055,0.03083266392848502,0.045634178750526,0.03083266392848502,0,100
C_weaker_ordinal_smoothness,100,15,input_dependent_ordinal,1,1177,0.8937977909940527,2.068819031435854,2.068819031435854,0,0.5715043968408926,0.023222643506449273,-0.055774939289052305,0.023222643506449273,0,100
C_weaker_ordinal_smoothness,100,15,input_dependent_ordinal,4,1232,0.9301948051948052,1.5746753246753247,1.5746753246753247,0,0.701656847139209,0.028916292754339063,0.09039375098318769,0.028916292754339063,0,100
C_weaker_ordinal_smoothness,100,15,input_dependent_ordinal,3,1131,0.9151193633952255,2.3952254641909816,2.3952254641909816,0,0.6576200065096676,0.02730787108264186,-0.07142224739215736,0.02730787108264186,0,100
C_weaker_ordinal_smoothness,100,15,input_dependent_ordinal,2,1176,0.9311224489795918,2.1037414965986394,2.1037414965986394,0,0.6241209663538744,0.02419178998595232,0.2559848345257274,0.02419178998595232,0,100
C_weaker_ordinal_smoothness,100,15,input_dependent_ordinal,0,284,0.926056338028169,1.397887323943662,1.397887323943662,0,0.5256554125990549,0.02051593840446831,-0.06205605911357259,0.02051593840446831,0,100
C_weaker_ordinal_smoothness,100,16,independent_mondrian,4,1209,0.9272125723738627,1.564102564102564,1.564102564102564,0,0.0,0.0,0.7969851228370279,0.0,0,100
C_weaker_ordinal_smoothness,100,16,independent_mondrian,0,265,0.8301886792452831,1.1886792452830188,1.1886792452830188,0,0.0,0.0,0.41511407238939874,0.0,0,100
C_weaker_ordinal_smoothness,100,16,independent_mondrian,3,1182,0.9086294416243654,2.2377326565143822,2.2377326565143822,0,0.0,0.0,0.6188468465058048,0.0,0,100
C_weaker_ordinal_smoothness,100,16,independent_mondrian,1,1222,0.8797054009819967,1.7160392798690671,1.7160392798690671,0,0.0,0.0,0.5001042602718251,0.0,0,100
C_weaker_ordinal_smoothness,100,16,independent_mondrian,2,1122,0.8618538324420677,2.018716577540107,2.018716577540107,0,0.0,0.0,0.6514675760497426,0.0,0,100
C_weaker_ordinal_smoothness,100,16,ordinal_cluster,4,1209,0.9048800661703887,1.5889164598842018,1.5889164598842018,0,0.0,0.0,0.7209244119654795,0.0,0,100
C_weaker_ordinal_smoothness,100,16,ordinal_cluster,0,265,0.8566037735849057,1.230188679245283,1.230188679245283,0,0.0,0.0,0.4560042109052346,0.0,0,100
C_weaker_ordinal_smoothness,100,16,ordinal_cluster,3,1182,0.9314720812182741,2.104906937394247,2.104906937394247,0,0.0,0.0,0.6901427254783122,0.0,0,100
C_weaker_ordinal_smoothness,100,16,ordinal_cluster,1,1222,0.8936170212765957,1.718494271685761,1.718494271685761,0,0.0,0.0,0.5247913834069643,0.0,0,100
C_weaker_ordinal_smoothness,100,16,ordinal_cluster,2,1122,0.8181818181818182,2.016042780748663,2.016042780748663,0,0.0,0.0,0.5846735356391278,0.0,0,100
C_weaker_ordinal_smoothness,100,16,input_dependent_nonordinal,4,1209,0.9156327543424317,1.5053763440860215,1.5053763440860215,0,0.6921173252602015,0.02275102418246691,0.0408134545799701,0.02275102418246691,0,100
C_weaker_ordinal_smoothness,100,16,input_dependent_nonordinal,0,265,0.8566037735849057,1.211320754716981,1.211320754716981,0,0.4457108140094,0.0160193662893408,-0.014229152621265617,0.0160193662893408,0,100
C_weaker_ordinal_smoothness,100,16,input_dependent_nonordinal,3,1182,0.9069373942470389,2.1209813874788495,2.1209813874788495,0,0.5737807733489315,0.0195179018963456,0.030187116744226028,0.0195179018963456,0,100
C_weaker_ordinal_smoothness,100,16,input_dependent_nonordinal,1,1222,0.8641571194762684,1.7234042553191489,1.7234042553191489,0,0.5062134231738925,0.017828389929657986,-0.044292761863470836,0.01782838992965798,0,100
C_weaker_ordinal_smoothness,100,16,input_dependent_nonordinal,2,1122,0.8663101604278075,1.9188948306595366,1.9188948306595366,0,0.781364254541893,0.022542403670873713,-0.1190837965970164,0.022542403670873713,0,100
C_weaker_ordinal_smoothness,100,16,input_dependent_ordinal,4,1209,0.9181141439205955,1.5028949545078578,1.5028949545078578,0,0.6947466989703677,0.022202734314802675,0.041214418934862995,0.022202734314802675,0,100
C_weaker_ordinal_smoothness,100,16,input_dependent_ordinal,0,265,0.8641509433962264,1.2188679245283018,1.2188679245283018,0,0.5335182540727273,0.01686423171941534,-0.10183476326903806,0.01686423171941534,0,100
C_weaker_ordinal_smoothness,100,16,input_dependent_ordinal,3,1182,0.9052453468697124,2.1184433164128595,2.1184433164128595,0,0.6613283063756902,0.0202114240112657,-0.05867628080991172,0.0202114240112657,0,100
C_weaker_ordinal_smoothness,100,16,input_dependent_ordinal,1,1222,0.8666121112929623,1.7168576104746318,1.7168576104746318,0,0.5652498362907523,0.018139070426741538,-0.10141520667855872,0.018139070426741538,0,100
C_weaker_ordinal_smoothness,100,16,input_dependent_ordinal,2,1122,0.8654188948306596,1.9180035650623886,1.9180035650623886,0,0.6109164806831066,0.01927248278288198,0.04551486608341748,0.01927248278288198,0,100
C_weaker_ordinal_smoothness,100,17,independent_mondrian,1,1202,0.867720465890183,1.9983361064891847,1.9983361064891847,0,0.0,0.0,0.5186959732980595,0.0,0,100
C_weaker_ordinal_smoothness,100,17,independent_mondrian,3,1202,0.8377703826955075,2.405990016638935,2.405990016638935,0,0.0,0.0,0.49940833926114847,0.0,0,100
C_weaker_ordinal_smoothness,100,17,independent_mondrian,4,1167,0.9528706083976007,1.5055698371893744,1.5055698371893744,0,0.0,0.0,0.8847682511354297,0.0,0,100
C_weaker_ordinal_smoothness,100,17,independent_mondrian,0,226,0.915929203539823,1.3008849557522124,1.3008849557522124,0,0.0,0.0,0.48958586953704475,0.0,0,100
C_weaker_ordinal_smoothness,100,17,independent_mondrian,2,1203,0.9118869492934331,2.0440565253532834,2.0440565253532834,0,0.0,0.0,0.8059649445214553,0.0,0,100
C_weaker_ordinal_smoothness,100,17,ordinal_cluster,1,1202,0.9442595673876872,1.9101497504159735,1.9101497504159735,0,0.0,0.0,0.66696474578555,0.0,0,100
C_weaker_ordinal_smoothness,100,17,ordinal_cluster,3,1202,0.9534109816971714,2.1356073211314475,2.1356073211314475,0,0.0,0.0,0.725208273139803,0.0,0,100
C_weaker_ordinal_smoothness,100,17,ordinal_cluster,4,1167,0.8860325621251071,1.5681233933161953,1.5681233933161953,0,0.0,0.0,0.6640842956833186,0.0,0,100
C_weaker_ordinal_smoothness,100,17,ordinal_cluster,0,226,0.915929203539823,1.5530973451327434,1.5530973451327434,0,0.0,0.0,0.48958586953704475,0.0,0,100
C_weaker_ordinal_smoothness,100,17,ordinal_cluster,2,1203,0.8146300914380715,2.168744804655029,2.168744804655029,0,0.0,0.0,0.6212242014988125,0.0,0,100
C_weaker_ordinal_smoothness,100,17,input_dependent_nonordinal,1,1202,0.8868552412645591,1.961730449251248,1.961730449251248,0,0.5318150822993913,0.02737565307449423,-0.004294397574259645,0.02737565307449423,0,100
C_weaker_ordinal_smoothness,100,17,input_dependent_nonordinal,3,1202,0.8103161397670549,2.1955074875207985,2.1955074875207985,0,0.5771818473947764,0.01937804542393959,-0.1141751680453078,0.01937804542393959,0,100
C_weaker_ordinal_smoothness,100,17,input_dependent_nonordinal,4,1167,0.9331619537275064,1.4413024850042846,1.4413024850042846,0,0.7275226573180151,0.02459934637193708,0.038672280432720973,0.02459934637193708,0,100
C_weaker_ordinal_smoothness,100,17,input_dependent_nonordinal,0,226,0.9513274336283186,1.4026548672566372,1.4026548672566372,0,0.45272108666849575,0.014775617870345061,0.06822111603710518,0.014775617870345061,0,100
C_weaker_ordinal_smoothness,100,17,input_dependent_nonordinal,2,1203,0.9052369077306733,1.9659185369908563,1.9659185369908563,0,0.776500983057524,0.038055110555402304,0.027963752001395448,0.038055110555402304,0,100
C_weaker_ordinal_smoothness,100,17,input_dependent_ordinal,1,1202,0.8843594009983361,1.98585690515807,1.98585690515807,0,0.5756939007732135,0.02807205135824604,-0.049764929322192786,0.02807205135824604,0,100
C_weaker_ordinal_smoothness,100,17,input_dependent_ordinal,3,1202,0.8202995008319468,2.2312811980033276,2.2312811980033276,0,0.6740084221481943,0.02526106596528052,-0.1942052348986329,0.02526106596528052,0,100
C_weaker_ordinal_smoothness,100,17,input_dependent_ordinal,4,1167,0.9331619537275064,1.4592973436161096,1.4592973436161096,0,0.7150203765303377,0.024529910318370252,0.05128372418085092,0.024529910318370252,0,100
C_weaker_ordinal_smoothness,100,17,input_dependent_ordinal,0,226,0.9424778761061947,1.3849557522123894,1.3849557522123894,0,0.5219488810569588,0.028846055821894073,-0.019009320983707667,0.028846055821894073,0,100
C_weaker_ordinal_smoothness,100,17,input_dependent_ordinal,2,1203,0.9160432252701579,1.9908561928512054,1.9908561928512054,0,0.6276896735454454,0.027619601786751918,0.18885817715770326,0.027619601786751918,0,100
C_weaker_ordinal_smoothness,100,18,independent_mondrian,3,1167,0.9682947729220223,2.462724935732648,2.462724935732648,0,0.0,0.0,0.8322841787086729,0.0,0,100
C_weaker_ordinal_smoothness,100,18,independent_mondrian,0,234,0.905982905982906,1.5299145299145298,1.5299145299145298,0,0.0,0.0,0.4857581969033614,0.0,0,100
C_weaker_ordinal_smoothness,100,18,independent_mondrian,4,1218,0.9088669950738916,1.7824302134646963,1.7824302134646963,0,0.0,0.0,0.7662151689254171,0.0,0,100
C_weaker_ordinal_smoothness,100,18,independent_mondrian,1,1164,0.9415807560137457,2.172680412371134,2.172680412371134,0,0.0,0.0,0.608417144833673,0.0,0,100
C_weaker_ordinal_smoothness,100,18,independent_mondrian,2,1217,0.9170090386195563,2.3303204601479046,2.3303204601479046,0,0.0,0.0,0.8176146933480529,0.0,0,100
C_weaker_ordinal_smoothness,100,18,ordinal_cluster,3,1167,0.9665809768637532,2.4413024850042846,2.4413024850042846,0,0.0,0.0,0.8176146933480529,0.0,0,100
C_weaker_ordinal_smoothness,100,18,ordinal_cluster,0,234,0.9273504273504274,1.547008547008547,1.547008547008547,0,0.0,0.0,0.5648360961017777,0.0,0,100
C_weaker_ordinal_smoothness,100,18,ordinal_cluster,4,1218,0.9293924466338259,1.7528735632183907,1.7528735632183907,0,0.0,0.0,0.8219748007204695,0.0,0,100
C_weaker_ordinal_smoothness,100,18,ordinal_cluster,1,1164,0.9450171821305842,2.1872852233676974,2.1872852233676974,0,0.0,0.0,0.6212918135617825,0.0,0,100
C_weaker_ordinal_smoothness,100,18,ordinal_cluster,2,1217,0.885784716516023,2.3492193919474116,2.3492193919474116,0,0.0,0.0,0.737466789708153,0.0,0,100
C_weaker_ordinal_smoothness,100,18,input_dependent_nonordinal,3,1167,0.9348757497857755,2.360754070265638,2.360754070265638,0,0.5969679494607957,0.02697755584897154,0.034348999018425475,0.02697755584897154,0,100
C_weaker_ordinal_smoothness,100,18,input_dependent_nonordinal,0,234,0.8803418803418803,1.4572649572649572,1.4572649572649572,0,0.4450512436998029,0.017712534134769985,-0.01215751201345111,0.017712534134769985,0,100
C_weaker_ordinal_smoothness,100,18,input_dependent_nonordinal,4,1218,0.9261083743842364,1.6223316912972086,1.6223316912972086,0,0.677152909350051,0.019654740671922615,0.09044152522159177,0.019654740671922615,0,100
C_weaker_ordinal_smoothness,100,18,input_dependent_nonordinal,1,1164,0.9458762886597938,2.047250859106529,2.047250859106529,0,0.5111897136198716,0.015941520792154742,0.0601298542980615,0.015941520792154742,0,100
C_weaker_ordinal_smoothness,100,18,input_dependent_nonordinal,2,1217,0.9309778142974527,2.1290057518488084,2.1290057518488084,0,0.7412941520035538,0.01499045474514994,0.09084375508193998,0.01499045474514994,0,100
C_weaker_ordinal_smoothness,100,18,input_dependent_ordinal,3,1167,0.9425878320479862,2.3864610111396742,2.3864610111396742,0,0.6466947084986273,0.02065398558364265,0.0016900917127201653,0.02065398558364265,0,100
C_weaker_ordinal_smoothness,100,18,input_dependent_ordinal,0,234,0.8846153846153846,1.4658119658119657,1.4658119658119657,0,0.5270353692260407,0.015249780972436648,-0.0932850154190013,0.015249780972436648,0,100
C_weaker_ordinal_smoothness,100,18,input_dependent_ordinal,4,1218,0.9302134646962233,1.654351395730706,1.654351395730706,0,0.6935660939881444,0.022572753404214736,0.08114927512368975,0.022572753404214736,0,100
C_weaker_ordinal_smoothness,100,18,input_dependent_ordinal,1,1164,0.9415807560137457,2.0575601374570445,2.0575601374570445,0,0.5607389516016711,0.01651644876075989,0.00651746633138528,0.01651644876075989,0,100
C_weaker_ordinal_smoothness,100,18,input_dependent_ordinal,2,1217,0.934264585045193,2.1511914543960557,2.1511914543960557,0,0.6082358789246732,0.01881330547818629,0.24481152645995213,0.01881330547818629,0,100
C_weaker_ordinal_smoothness,100,19,independent_mondrian,2,1221,0.8697788697788698,2.0892710892710893,2.0892710892710893,0,0.0,0.0,0.6968578040006136,0.0,0,100
C_weaker_ordinal_smoothness,100,19,independent_mondrian,3,1196,0.8411371237458194,2.2140468227424748,2.2140468227424748,0,0.0,0.0,0.5476054212159744,0.0,0,100
C_weaker_ordinal_smoothness,100,19,independent_mondrian,1,1148,0.9451219512195121,1.9625435540069687,1.9625435540069687,0,0.0,0.0,0.6609596874540058,0.0,0,100
C_weaker_ordinal_smoothness,100,19,independent_mondrian,4,1174,0.9165247018739353,1.4923339011925043,1.4923339011925043,0,0.0,0.0,0.7640858209385437,0.0,0,100
C_weaker_ordinal_smoothness,100,19,independent_mondrian,0,261,0.9233716475095786,1.5095785440613028,1.5095785440613028,0,0.0,0.0,0.48262785562109434,0.0,0,100
C_weaker_ordinal_smoothness,100,19,ordinal_cluster,2,1221,0.8230958230958231,2.0884520884520885,2.0884520884520885,0,0.0,0.0,0.6324691013556542,0.0,0,100
C_weaker_ordinal_smoothness,100,19,ordinal_cluster,3,1196,0.9214046822742475,2.0911371237458196,2.0911371237458196,0,0.0,0.0,0.6647850781029775,0.0,0,100
C_weaker_ordinal_smoothness,100,19,ordinal_cluster,1,1148,0.9433797909407665,1.9320557491289199,1.9320557491289199,0,0.0,0.0,0.649205637741495,0.0,0,100
C_weaker_ordinal_smoothness,100,19,ordinal_cluster,4,1174,0.8534923339011925,1.5221465076660987,1.5221465076660987,0,0.0,0.0,0.6380636303762659,0.0,0,100
C_weaker_ordinal_smoothness,100,19,ordinal_cluster,0,261,0.946360153256705,1.5134099616858236,1.5134099616858236,0,0.0,0.0,0.5189245113326059,0.0,0,100
C_weaker_ordinal_smoothness,100,19,input_dependent_nonordinal,2,1221,0.8877968877968878,1.986076986076986,1.986076986076986,0,0.726879402024447,0.02574237064761788,0.007553938472863897,0.02574237064761788,0,100
C_weaker_ordinal_smoothness,100,19,input_dependent_nonordinal,3,1196,0.8202341137123745,2.092809364548495,2.092809364548495,0,0.5900107209863371,0.014716400132228628,-0.08969043939675503,0.014716400132228628,0,100
C_weaker_ordinal_smoothness,100,19,input_dependent_nonordinal,1,1148,0.9303135888501742,1.961672473867596,1.961672473867596,0,0.501789462874858,0.017310794027944536,0.06795572414694173,0.017310794027944536,0,100
C_weaker_ordinal_smoothness,100,19,input_dependent_nonordinal,4,1174,0.9131175468483816,1.4497444633730834,1.4497444633730834,0,0.6693031139944795,0.018282941876535654,0.07297983026302868,0.018282941876535654,0,100
C_weaker_ordinal_smoothness,100,19,input_dependent_nonordinal,0,261,0.946360153256705,1.3908045977011494,1.3908045977011494,0,0.4729983662272194,0.013720982298622147,0.03303672755907616,0.013720982298622147,0,100
C_weaker_ordinal_smoothness,100,19,input_dependent_ordinal,2,1221,0.8787878787878788,1.9787059787059786,1.9787059787059786,0,0.5986644597418885,0.01915876468709664,0.12368555262871372,0.01915876468709664,0,100
C_weaker_ordinal_smoothness,100,19,input_dependent_ordinal,3,1196,0.818561872909699,2.0852842809364547,2.0852842809364547,0,0.6427156384147951,0.01845228308435747,-0.14448929585715964,0.01845228308435747,0,100
C_weaker_ordinal_smoothness,100,19,input_dependent_ordinal,1,1148,0.9277003484320557,1.9651567944250872,1.9651567944250872,0,0.5600571966735975,0.01884009118104441,0.00501519348464996,0.01884009118104441,0,100
C_weaker_ordinal_smoothness,100,19,input_dependent_ordinal,4,1174,0.9131175468483816,1.4361158432708687,1.4361158432708687,0,0.6804356228471089,0.017927986380221913,0.062375238304495983,0.017927986380221913,0,100
C_weaker_ordinal_smoothness,100,19,input_dependent_ordinal,0,261,0.9425287356321839,1.3754789272030652,1.3754789272030652,0,0.5020825332817668,0.019013358920761114,0.001335627919969662,0.019013358920761114,0,100
C_weaker_ordinal_smoothness,100,20,independent_mondrian,4,1194,0.8601340033500837,1.4932998324958124,1.4932998324958124,0,0.0,0.0,0.6683624747034554,0.0,0,100
C_weaker_ordinal_smoothness,100,20,independent_mondrian,3,1129,0.9193976970770593,2.162976085031001,2.162976085031001,0,0.0,0.0,0.6192390332337843,0.0,0,100
C_weaker_ordinal_smoothness,100,20,independent_mondrian,1,1266,0.839652448657188,1.8925750394944707,1.8925750394944707,0,0.0,0.0,0.4540367287433357,0.0,0,100
C_weaker_ordinal_smoothness,100,20,independent_mondrian,2,1162,0.8657487091222031,1.932013769363167,1.932013769363167,0,0.0,0.0,0.7197906934796288,0.0,0,100
C_weaker_ordinal_smoothness,100,20,independent_mondrian,0,249,0.9437751004016064,1.2610441767068272,1.2610441767068272,0,0.0,0.0,0.4851042783029309,0.0,0,100
C_weaker_ordinal_smoothness,100,20,ordinal_cluster,4,1194,0.8567839195979899,1.481574539363484,1.481574539363484,0,0.0,0.0,0.6534535800832194,0.0,0,100
C_weaker_ordinal_smoothness,100,20,ordinal_cluster,3,1129,0.9344552701505757,2.0726306465899027,2.0726306465899027,0,0.0,0.0,0.6594865650503913,0.0,0,100
C_weaker_ordinal_smoothness,100,20,ordinal_cluster,1,1266,0.9052132701421801,1.8285939968404423,1.8285939968404423,0,0.0,0.0,0.5682643295268147,0.0,0,100
C_weaker_ordinal_smoothness,100,20,ordinal_cluster,2,1162,0.7925989672977625,2.0025817555938037,2.0025817555938037,0,0.0,0.0,0.6192390332337843,0.0,0,100
C_weaker_ordinal_smoothness,100,20,ordinal_cluster,0,249,0.9397590361445783,1.3775100401606426,1.3775100401606426,0,0.0,0.0,0.48362993038266316,0.0,0,100
C_weaker_ordinal_smoothness,100,20,input_dependent_nonordinal,4,1194,0.8743718592964824,1.4564489112227805,1.4564489112227805,0,0.7384151227590809,0.03789831133134617,-0.06928103862848978,0.03789831133134617,0,100
C_weaker_ordinal_smoothness,100,20,input_dependent_nonordinal,3,1129,0.8963684676705048,2.0983170947741363,2.0983170947741363,0,0.5936096745810465,0.026799279516743123,-0.04272359801096748,0.026799279516743123,0,100
C_weaker_ordinal_smoothness,100,20,input_dependent_nonordinal,1,1266,0.868088467614534,1.8278041074249605,1.8278041074249605,0,0.5102710336580477,0.021176083952276693,-0.02658602599851606,0.021176083952276693,0,100
C_weaker_ordinal_smoothness,100,20,input_dependent_nonordinal,2,1162,0.8752151462994836,1.874354561101549,1.874354561101549,0,0.7263115591447061,0.02927729006565122,0.019465357321396204,0.02927729006565122,0,100
C_weaker_ordinal_smoothness,100,20,input_dependent_nonordinal,0,249,0.9357429718875502,1.3172690763052208,1.3172690763052208,0,0.402872632468033,0.011117870402186238,0.05314531861499572,0.011117870402186238,0,100
C_weaker_ordinal_smoothness,100,20,input_dependent_ordinal,4,1194,0.873534338358459,1.4422110552763818,1.4422110552763818,0,0.7311748367071658,0.03773032978211478,-0.06266898637834456,0.03773032978211478,0,100
C_weaker_ordinal_smoothness,100,20,input_dependent_ordinal,3,1129,0.8919397697077059,2.092116917626218,2.092116917626218,0,0.6738948109049419,0.030859712865746996,-0.1228309416268587,0.030859712865746996,0,100
C_weaker_ordinal_smoothness,100,20,input_dependent_ordinal,1,1266,0.868088467614534,1.8357030015797788,1.8357030015797788,0,0.544442667310671,0.0207642229108409,-0.06152495272350145,0.0207642229108409,0,100
C_weaker_ordinal_smoothness,100,20,input_dependent_ordinal,2,1162,0.8709122203098106,1.8752151462994837,1.8752151462994837,0,0.603771561629216,0.025579393457448227,0.13593549650381354,0.025579393457448227,0,100
C_weaker_ordinal_smoothness,100,20,input_dependent_ordinal,0,249,0.927710843373494,1.3052208835341366,1.3052208835341366,0,0.48814269717006653,0.01597944451770453,-0.021772314615358224,0.01597944451770453,0,100
C_weaker_ordinal_smoothness,100,21,independent_mondrian,2,1189,0.8637510513036165,2.0008410428931875,2.0008410428931875,0,0.0,0.0,0.7046590027118487,0.0,0,100
C_weaker_ordinal_smoothness,100,21,independent_mondrian,4,1169,0.8597091531223268,1.5568862275449102,1.5568862275449102,0,0.0,0.0,0.6615972508908597,0.0,0,100
C_weaker_ordinal_smoothness,100,21,independent_mondrian,3,1165,0.9227467811158798,2.176824034334764,2.176824034334764,0,0.0,0.0,0.6644001751332005,0.0,0,100
C_weaker_ordinal_smoothness,100,21,independent_mondrian,0,269,0.8698884758364313,1.2825278810408922,1.2825278810408922,0,0.0,0.0,0.38515763981771084,0.0,0,100
C_weaker_ordinal_smoothness,100,21,independent_mondrian,1,1208,0.8832781456953642,1.810430463576159,1.810430463576159,0,0.0,0.0,0.5185798184138972,0.0,0,100
C_weaker_ordinal_smoothness,100,21,ordinal_cluster,2,1189,0.8132884777123633,2.019343986543314,2.019343986543314,0,0.0,0.0,0.6283916935736745,0.0,0,100
C_weaker_ordinal_smoothness,100,21,ordinal_cluster,4,1169,0.8605645851154833,1.5278015397775877,1.5278015397775877,0,0.0,0.0,0.6628089131613533,0.0,0,100
C_weaker_ordinal_smoothness,100,21,ordinal_cluster,3,1165,0.9227467811158798,2.0755364806866954,2.0755364806866954,0,0.0,0.0,0.6637945125103148,0.0,0,100
C_weaker_ordinal_smoothness,100,21,ordinal_cluster,0,269,0.929368029739777,1.420074349442379,1.420074349442379,0,0.0,0.0,0.4749612300523314,0.0,0,100
C_weaker_ordinal_smoothness,100,21,ordinal_cluster,1,1208,0.9064569536423841,1.8526490066225165,1.8526490066225165,0,0.0,0.0,0.5640648821642346,0.0,0,100
C_weaker_ordinal_smoothness,100,21,input_dependent_nonordinal,2,1189,0.8839360807401178,2.019343986543314,2.019343986543314,0,0.7374504220879511,0.023732678253828333,0.0017735445820467044,0.023732678253828333,0,100
C_weaker_ordinal_smoothness,100,21,input_dependent_nonordinal,4,1169,0.8434559452523525,1.4884516680923867,1.4884516680923867,0,0.7225322274303496,0.03604109057656189,-0.07688072034879428,0.0360410905765619,0,100
C_weaker_ordinal_smoothness,100,21,input_dependent_nonordinal,3,1165,0.911587982832618,2.063519313304721,2.063519313304721,0,0.5933320262327434,0.03284345168643882,0.014243078190933178,0.03284345168643882,0,100
C_weaker_ordinal_smoothness,100,21,input_dependent_nonordinal,0,269,0.8773234200743495,1.3494423791821561,1.3494423791821561,0,0.40776324541319775,0.013037260760827658,-0.017573067570038625,0.013037260760827658,0,100
C_weaker_ordinal_smoothness,100,21,input_dependent_nonordinal,1,1208,0.9188741721854304,1.8832781456953642,1.8832781456953642,0,0.5135499609021099,0.017657704524171074,0.04319829727206598,0.017657704524171074,0,100
C_weaker_ordinal_smoothness,100,21,input_dependent_ordinal,2,1189,0.8839360807401178,2.0185029436501263,2.0185029436501263,0,0.6139234239793988,0.023557573691024212,0.12430491640381863,0.023557573691024212,0,100
C_weaker_ordinal_smoothness,100,21,input_dependent_ordinal,4,1169,0.8434559452523525,1.4884516680923867,1.4884516680923867,0,0.7198434476582591,0.03618353148125879,-0.07362596877290178,0.03618353148125879,0,100
C_weaker_ordinal_smoothness,100,21,input_dependent_ordinal,3,1165,0.9133047210300429,2.0669527896995707,2.0669527896995707,0,0.6667082280478287,0.031538765806192734,-0.058024942136282065,0.031538765806192734,0,100
C_weaker_ordinal_smoothness,100,21,input_dependent_ordinal,0,269,0.8773234200743495,1.345724907063197,1.345724907063197,0,0.4783421155312778,0.012388415565184257,-0.08855930418078878,0.012388415565184257,0,100
C_weaker_ordinal_smoothness,100,21,input_dependent_ordinal,1,1208,0.9188741721854304,1.884933774834437,1.884933774834437,0,0.5509739530858527,0.01775341002680403,0.006051218014395621,0.01775341002680403,0,100
C_weaker_ordinal_smoothness,100,22,independent_mondrian,3,1209,0.9081885856079405,2.3126550868486353,2.3126550868486353,0,0.0,0.0,0.6037194917950294,0.0,0,100
C_weaker_ordinal_smoothness,100,22,independent_mondrian,2,1216,0.8782894736842105,2.0879934210526314,2.0879934210526314,0,0.0,0.0,0.7213279765335731,0.0,0,100
C_weaker_ordinal_smoothness,100,22,independent_mondrian,4,1140,0.9096491228070176,1.5842105263157895,1.5842105263157895,0,0.0,0.0,0.7677202965381933,0.0,0,100
C_weaker_ordinal_smoothness,100,22,independent_mondrian,1,1205,0.9253112033195021,1.8854771784232365,1.8854771784232365,0,0.0,0.0,0.5981088185151748,0.0,0,100
C_weaker_ordinal_smoothness,100,22,independent_mondrian,0,230,0.8565217391304348,1.3521739130434782,1.3521739130434782,0,0.0,0.0,0.39835689830610316,0.0,0,100
C_weaker_ordinal_smoothness,100,22,ordinal_cluster,3,1209,0.9478908188585607,2.2051282051282053,2.2051282051282053,0,0.0,0.0,0.7213279765335731,0.0,0,100
C_weaker_ordinal_smoothness,100,22,ordinal_cluster,2,1216,0.834703947368421,2.166940789473684,2.166940789473684,0,0.0,0.0,0.6371769824869349,0.0,0,100
C_weaker_ordinal_smoothness,100,22,ordinal_cluster,4,1140,0.8973684210526316,1.6412280701754387,1.6412280701754387,0,0.0,0.0,0.7316608467598974,0.0,0,100
C_weaker_ordinal_smoothness,100,22,ordinal_cluster,1,1205,0.9244813278008299,1.9643153526970953,1.9643153526970953,0,0.0,0.0,0.5960030934584527,0.0,0,100
C_weaker_ordinal_smoothness,100,22,ordinal_cluster,0,230,0.9521739130434783,1.4391304347826086,1.4391304347826086,0,0.0,0.0,0.5334272754871293,0.0,0,100
C_weaker_ordinal_smoothness,100,22,input_dependent_nonordinal,3,1209,0.9404466501240695,2.1596360628618694,2.1596360628618694,0,0.5634466136924148,0.024214245851557646,0.07145320977125613,0.024214245851557646,0,100
C_weaker_ordinal_smoothness,100,22,input_dependent_nonordinal,2,1216,0.8807565789473685,2.010690789473684,2.010690789473684,0,0.7619072845596477,0.021792322419114055,-0.03116888239656168,0.021792322419114055,0,100
C_weaker_ordinal_smoothness,100,22,input_dependent_nonordinal,4,1140,0.8719298245614036,1.5570175438596492,1.5570175438596492,0,0.7301676957152137,0.03067641423272992,-0.04885553934319131,0.03067641423272992,0,100
C_weaker_ordinal_smoothness,100,22,input_dependent_nonordinal,1,1205,0.9294605809128631,1.937759336099585,1.937759336099585,0,0.5047932446845041,0.020625147580468715,0.06570082548446454,0.020625147580468715,0,100
C_weaker_ordinal_smoothness,100,22,input_dependent_nonordinal,0,230,0.9304347826086956,1.3565217391304347,1.3565217391304347,0,0.4309779252695411,0.01147963750409766,0.006937504894642732,0.01147963750409766,0,100
C_weaker_ordinal_smoothness,100,22,input_dependent_ordinal,3,1209,0.9412737799834574,2.160463192721257,2.160463192721257,0,0.6616661877810796,0.02570918068801842,-0.024146676135669343,0.02570918068801842,0,100
C_weaker_ordinal_smoothness,100,22,input_dependent_ordinal,2,1216,0.8807565789473685,2.0189144736842106,2.0189144736842106,0,0.6044655574510203,0.02169693644963465,0.12629775153053435,0.02169693644963465,0,100
C_weaker_ordinal_smoothness,100,22,input_dependent_ordinal,4,1140,0.8710526315789474,1.5578947368421052,1.5578947368421052,0,0.7193590083572811,0.03058856949571857,-0.03842345078534759,0.03058856949571857,0,100
C_weaker_ordinal_smoothness,100,22,input_dependent_ordinal,1,1205,0.9360995850622407,1.9327800829875519,1.9327800829875519,0,0.5517584578061487,0.019228898536162546,0.026294419604139585,0.019228898536162546,0,100
C_weaker_ordinal_smoothness,100,22,input_dependent_ordinal,0,230,0.9173913043478261,1.3521739130434782,1.3521739130434782,0,0.4901937967907258,0.016737594907074035,-0.06416138830719897,0.016737594907074035,0,100
C_weaker_ordinal_smoothness,100,23,independent_mondrian,2,1155,0.9186147186147187,2.134199134199134,2.134199134199134,0,0.0,0.0,0.8345475899135014,0.0,0,100
C_weaker_ordinal_smoothness,100,23,independent_mondrian,3,1204,0.946843853820598,2.4335548172757475,2.4335548172757475,0,0.0,0.0,0.7019333280491394,0.0,0,100
C_weaker_ordinal_smoothness,100,23,independent_mondrian,0,270,0.9037037037037037,1.3518518518518519,1.3518518518518519,0,0.0,0.0,0.43288262806483424,0.0,0,100
C_weaker_ordinal_smoothness,100,23,independent_mondrian,4,1174,0.9182282793867121,1.696763202725724,1.696763202725724,0,0.0,0.0,0.7569981975571705,0.0,0,100
C_weaker_ordinal_smoothness,100,23,independent_mondrian,1,1197,0.8688387635756056,2.0116959064327484,2.0116959064327484,0,0.0,0.0,0.49963554257882126,0.0,0,100
C_weaker_ordinal_smoothness,100,23,ordinal_cluster,2,1155,0.8606060606060606,2.1584415584415586,2.1584415584415586,0,0.0,0.0,0.6882284472213754,0.0,0,100
C_weaker_ordinal_smoothness,100,23,ordinal_cluster,3,1204,0.9601328903654485,2.2541528239202657,2.2541528239202657,0,0.0,0.0,0.7487671636657758,0.0,0,100
C_weaker_ordinal_smoothness,100,23,ordinal_cluster,0,270,0.9259259259259259,1.4,1.4,0,0.0,0.0,0.47173089127769796,0.0,0,100
C_weaker_ordinal_smoothness,100,23,ordinal_cluster,4,1174,0.899488926746167,1.6396933560477003,1.6396933560477003,0,0.0,0.0,0.7167655136421847,0.0,0,100
C_weaker_ordinal_smoothness,100,23,ordinal_cluster,1,1197,0.9081035923141186,1.9557226399331662,1.9557226399331662,0,0.0,0.0,0.563596120586242,0.0,0,100
C_weaker_ordinal_smoothness,100,23,input_dependent_nonordinal,2,1155,0.9064935064935065,2.064935064935065,2.064935064935065,0,0.7610038747011337,0.018785367803624754,0.02370698775332436,0.018785367803624754,0,100
C_weaker_ordinal_smoothness,100,23,input_dependent_nonordinal,3,1204,0.9485049833887044,2.225083056478405,2.225083056478405,0,0.6114517900682295,0.02797358113595085,0.03900485412149979,0.02797358113595085,0,100
C_weaker_ordinal_smoothness,100,23,input_dependent_nonordinal,0,270,0.8148148148148148,1.2481481481481482,1.2481481481481482,0,0.4614595214565357,0.027138033769236312,-0.08566462076990367,0.027138033769236312,0,100
C_weaker_ordinal_smoothness,100,23,input_dependent_nonordinal,4,1174,0.9063032367972743,1.5868824531516184,1.5868824531516184,0,0.7396799084565402,0.028379211574063444,-0.029517300711839112,0.028379211574063444,0,100
C_weaker_ordinal_smoothness,100,23,input_dependent_nonordinal,1,1197,0.8705096073517126,1.894736842105263,1.894736842105263,0,0.5218836980469982,0.022393962005871404,-0.020976472896239495,0.022393962005871404,0,100
C_weaker_ordinal_smoothness,100,23,input_dependent_ordinal,2,1155,0.9064935064935065,2.058008658008658,2.058008658008658,0,0.63432254285646,0.02291872757557325,0.15800800707354223,0.02291872757557325,0,100
C_weaker_ordinal_smoothness,100,23,input_dependent_ordinal,3,1204,0.9476744186046512,2.2308970099667773,2.2308970099667773,0,0.6847940746907016,0.024751309630553896,-0.03822085871715153,0.024751309630553896,0,100
C_weaker_ordinal_smoothness,100,23,input_dependent_ordinal,0,270,0.837037037037037,1.2814814814814814,1.2814814814814814,0,0.5086431239082888,0.01989248353130875,-0.1347766820617613,0.01989248353130875,0,100
C_weaker_ordinal_smoothness,100,23,input_dependent_ordinal,4,1174,0.9063032367972743,1.5979557069846677,1.5979557069846677,0,0.7380534634114662,0.028497374855051355,-0.0277243152108142,0.028497374855051355,0,100
C_weaker_ordinal_smoothness,100,23,input_dependent_ordinal,1,1197,0.8705096073517126,1.8880534670008353,1.8880534670008353,0,0.5705766809975799,0.02212210144533003,-0.07095885516327294,0.02212210144533003,0,100
C_weaker_ordinal_smoothness,100,24,independent_mondrian,3,1188,0.8905723905723906,2.493265993265993,2.493265993265993,0,0.0,0.0,0.5965589543977566,0.0,0,100
C_weaker_ordinal_smoothness,100,24,independent_mondrian,0,248,0.9354838709677419,1.5685483870967742,1.5685483870967742,0,0.0,0.0,0.4844997659671048,0.0,0,100
C_weaker_ordinal_smoothness,100,24,independent_mondrian,4,1217,0.9474116680361545,1.6310599835661463,1.6310599835661463,0,0.0,0.0,0.849192145804766,0.0,0,100
C_weaker_ordinal_smoothness,100,24,independent_mondrian,2,1183,0.9205409974640744,2.2020287404902787,2.2020287404902787,0,0.0,0.0,0.8446931130366014,0.0,0,100
C_weaker_ordinal_smoothness,100,24,independent_mondrian,1,1164,0.9304123711340206,2.104810996563574,2.104810996563574,0,0.0,0.0,0.6255921327428872,0.0,0,100
C_weaker_ordinal_smoothness,100,24,ordinal_cluster,3,1188,0.9537037037037037,2.367003367003367,2.367003367003367,0,0.0,0.0,0.7883729663562438,0.0,0,100
C_weaker_ordinal_smoothness,100,24,ordinal_cluster,0,248,0.9475806451612904,1.6370967741935485,1.6370967741935485,0,0.0,0.0,0.5240621334600483,0.0,0,100
C_weaker_ordinal_smoothness,100,24,ordinal_cluster,4,1217,0.9153656532456861,1.7354149548069022,1.7354149548069022,0,0.0,0.0,0.7481876141422754,0.0,0,100
C_weaker_ordinal_smoothness,100,24,ordinal_cluster,2,1183,0.8732037193575655,2.363482671174979,2.363482671174979,0,0.0,0.0,0.7450790964390355,0.0,0,100
C_weaker_ordinal_smoothness,100,24,ordinal_cluster,1,1164,0.9441580756013745,2.118556701030928,2.118556701030928,0,0.0,0.0,0.6913661417471048,0.0,0,100
C_weaker_ordinal_smoothness,100,24,input_dependent_nonordinal,3,1188,0.9267676767676768,2.3282828282828283,2.3282828282828283,0,0.5712073832213513,0.025171163024077455,0.052844596707070424,0.025171163024077455,0,100
C_weaker_ordinal_smoothness,100,24,input_dependent_nonordinal,0,248,0.875,1.3790322580645162,1.3790322580645162,0,0.4367577847703475,0.019566385177587194,-0.017729168541052,0.019566385177587194,0,100
C_weaker_ordinal_smoothness,100,24,input_dependent_nonordinal,4,1217,0.9441248972884141,1.6359901396877568,1.6359901396877568,0,0.730450186550102,0.03390074487511842,0.06864910813195185,0.033900744875118405,0,100
C_weaker_ordinal_smoothness,100,24,input_dependent_nonordinal,2,1183,0.9171597633136095,2.1158072696534234,2.1158072696534234,0,0.7480818249021619,0.021573382667374484,0.05602430775469491,0.021573382667374484,0,100
C_weaker_ordinal_smoothness,100,24,input_dependent_nonordinal,1,1164,0.9115120274914089,1.9647766323024054,1.9647766323024054,0,0.5263868357891621,0.02024122421146856,0.0178960019179909,0.02024122421146856,0,100
C_weaker_ordinal_smoothness,100,24,input_dependent_ordinal,3,1188,0.9267676767676768,2.319023569023569,2.319023569023569,0,0.6648680962631847,0.027215084668247982,-0.038460549764541496,0.027215084668247982,0,100
C_weaker_ordinal_smoothness,100,24,input_dependent_ordinal,0,248,0.8669354838709677,1.3709677419354838,1.3709677419354838,0,0.5178167405194775,0.017569163347400146,-0.10822962976297251,0.017569163347400146,0,100
C_weaker_ordinal_smoothness,100,24,input_dependent_ordinal,4,1217,0.9433032046014791,1.6409202958093674,1.6409202958093674,0,0.7188315105985884,0.031770639189681434,0.07457796483430423,0.031770639189681434,0,100
C_weaker_ordinal_smoothness,100,24,input_dependent_ordinal,2,1183,0.9171597633136095,2.114116652578191,2.114116652578191,0,0.6122582233931723,0.022864680528945056,0.19295667869879285,0.022864680528945056,0,100
C_weaker_ordinal_smoothness,100,24,input_dependent_ordinal,1,1164,0.9115120274914089,1.9553264604810996,1.9553264604810996,0,0.5642537722744022,0.02061353966736567,-0.020122564291790823,0.02061353966736567,0,100
C_weaker_ordinal_smoothness,100,25,independent_mondrian,2,1214,0.8970345963756178,2.1079077429983526,2.1079077429983526,0,0.0,0.0,0.7583684177154146,0.0,0,100
C_weaker_ordinal_smoothness,100,25,independent_mondrian,4,1154,0.9315424610051993,1.5927209705372618,1.5927209705372618,0,0.0,0.0,0.8133544320812813,0.0,0,100
C_weaker_ordinal_smoothness,100,25,independent_mondrian,1,1213,0.9266281945589447,1.941467436108821,1.941467436108821,0,0.0,0.0,0.5714513628056874,0.0,0,100
C_weaker_ordinal_smoothness,100,25,independent_mondrian,3,1157,0.9014693171996543,2.3742437337942954,2.3742437337942954,0,0.0,0.0,0.6104312021129737,0.0,0,100
C_weaker_ordinal_smoothness,100,25,independent_mondrian,0,262,0.8244274809160306,1.33206106870229,1.33206106870229,0,0.0,0.0,0.42397818670765386,0.0,0,100
C_weaker_ordinal_smoothness,100,25,ordinal_cluster,2,1214,0.8525535420098846,2.0947281713344315,2.0947281713344315,0,0.0,0.0,0.6566015695765216,0.0,0,100
C_weaker_ordinal_smoothness,100,25,ordinal_cluster,4,1154,0.8726169844020797,1.561525129982669,1.561525129982669,0,0.0,0.0,0.6661139771166501,0.0,0,100
C_weaker_ordinal_smoothness,100,25,ordinal_cluster,1,1213,0.93239901071723,1.9497114591920857,1.9497114591920857,0,0.0,0.0,0.5923846507743796,0.0,0,100
C_weaker_ordinal_smoothness,100,25,ordinal_cluster,3,1157,0.9334485738980121,2.135695764909248,2.135695764909248,0,0.0,0.0,0.6948446683730565,0.0,0,100
C_weaker_ordinal_smoothness,100,25,ordinal_cluster,0,262,0.8931297709923665,1.381679389312977,1.381679389312977,0,0.0,0.0,0.5005524966993274,0.0,0,100
C_weaker_ordinal_smoothness,100,25,input_dependent_nonordinal,2,1214,0.9019769357495881,2.059308072487644,2.059308072487644,0,0.764961942461259,0.021454942647512742,-0.024133348001742383,0.021454942647512742,0,100
C_weaker_ordinal_smoothness,100,25,input_dependent_nonordinal,4,1154,0.9506065857885615,1.5944540727902947,1.5944540727902947,0,0.7050104936608356,0.02978995890070896,0.12522631829643305,0.02978995890070896,0,100
C_weaker_ordinal_smoothness,100,25,input_dependent_nonordinal,1,1213,0.9373454245671888,1.898598516075845,1.898598516075845,0,0.5130467381018199,0.022568881378874327,0.06172728843141417,0.022568881378874327,0,100
C_weaker_ordinal_smoothness,100,25,input_dependent_nonordinal,3,1157,0.9075194468452895,2.298184961106309,2.298184961106309,0,0.5664789983271064,0.029279671676024778,0.04033805209647001,0.029279671676024778,0,100
C_weaker_ordinal_smoothness,100,25,input_dependent_nonordinal,0,262,0.8282442748091603,1.3358778625954197,1.3358778625954197,0,0.4312343239386797,0.011801973122479636,-0.050407710666593136,0.011801973122479636,0,100
C_weaker_ordinal_smoothness,100,25,input_dependent_ordinal,2,1214,0.9069192751235585,2.0650741350906094,2.0650741350906094,0,0.6054441539121119,0.024272737004121924,0.14528153162506563,0.024272737004121924,0,100
C_weaker_ordinal_smoothness,100,25,input_dependent_ordinal,4,1154,0.9488734835355286,1.6013864818024264,1.6013864818024264,0,0.702155804708066,0.031796012073089706,0.1229458936604243,0.0317960120730897,0,100
C_weaker_ordinal_smoothness,100,25,input_dependent_ordinal,1,1213,0.93239901071723,1.9068425391591097,1.9068425391591097,0,0.5651065396895699,0.02075273461398088,0.0035856048389026896,0.02075273461398088,0,100
C_weaker_ordinal_smoothness,100,25,input_dependent_ordinal,3,1157,0.909248055315471,2.31028522039758,2.31028522039758,0,0.6582447421756578,0.02760165182376403,-0.04902543141823601,0.02760165182376403,0,100
C_weaker_ordinal_smoothness,100,25,input_dependent_ordinal,0,262,0.8473282442748091,1.3549618320610688,1.3549618320610688,0,0.5257932974770159,0.016026033378453694,-0.13694626629910434,0.016026033378453694,0,100
C_weaker_ordinal_smoothness,100,26,independent_mondrian,3,1178,0.934634974533107,2.263157894736842,2.263157894736842,0,0.0,0.0,0.6911096584739344,0.0,0,100
C_weaker_ordinal_smoothness,100,26,independent_mondrian,2,1175,0.9191489361702128,2.0706382978723403,2.0706382978723403,0,0.0,0.0,0.837533760740231,0.0,0,100
C_weaker_ordinal_smoothness,100,26,independent_mondrian,1,1211,0.87943848059455,1.9942196531791907,1.9942196531791907,0,0.0,0.0,0.530890391352084,0.0,0,100
C_weaker_ordinal_smoothness,100,26,independent_mondrian,4,1216,0.8577302631578947,1.6356907894736843,1.6356907894736843,0,0.0,0.0,0.6185481290537027,0.0,0,100
C_weaker_ordinal_smoothness,100,26,independent_mondrian,0,220,0.8409090909090909,1.3636363636363635,1.3636363636363635,0,0.0,0.0,0.3926246384827498,0.0,0,100
C_weaker_ordinal_smoothness,100,26,ordinal_cluster,3,1178,0.9524617996604414,2.2224108658743633,2.2224108658743633,0,0.0,0.0,0.7406130232327977,0.0,0,100
C_weaker_ordinal_smoothness,100,26,ordinal_cluster,2,1175,0.857872340425532,2.1795744680851064,2.1795744680851064,0,0.0,0.0,0.6911096584739344,0.0,0,100
C_weaker_ordinal_smoothness,100,26,ordinal_cluster,1,1211,0.9281585466556564,1.9826589595375723,1.9826589595375723,0,0.0,0.0,0.6271504194597093,0.0,0,100
C_weaker_ordinal_smoothness,100,26,ordinal_cluster,4,1216,0.8848684210526315,1.638157894736842,1.638157894736842,0,0.0,0.0,0.6619933002458185,0.0,0,100
C_weaker_ordinal_smoothness,100,26,ordinal_cluster,0,220,0.8954545454545455,1.55,1.55,0,0.0,0.0,0.47376650586886004,0.0,0,100
C_weaker_ordinal_smoothness,100,26,input_dependent_nonordinal,3,1178,0.9354838709677419,2.2792869269949065,2.2792869269949065,0,0.5601118543225374,0.022769765499303297,0.12177454603916149,0.022769765499303297,0,100
C_weaker_ordinal_smoothness,100,26,input_dependent_nonordinal,2,1175,0.9429787234042554,2.0357446808510637,2.0357446808510637,0,0.7726798083623978,0.023773518996217564,0.11043278030913428,0.023773518996217564,0,100
C_weaker_ordinal_smoothness,100,26,input_dependent_nonordinal,1,1211,0.8860445912469034,1.985962014863749,1.985962014863749,0,0.5008242954321241,0.017761374076110167,-0.009185136757856593,0.017761374076110167,0,100
C_weaker_ordinal_smoothness,100,26,input_dependent_nonordinal,4,1216,0.8758223684210527,1.6620065789473684,1.6620065789473684,0,0.6877066251039443,0.018945393269894348,-0.02779413973113265,0.018945393269894348,0,100
C_weaker_ordinal_smoothness,100,26,input_dependent_nonordinal,0,220,0.8409090909090909,1.3909090909090909,1.3909090909090909,0,0.43681714159698604,0.01705001597646467,-0.0783853033968881,0.01705001597646467,0,100
C_weaker_ordinal_smoothness,100,26,input_dependent_ordinal,3,1178,0.9422750424448217,2.2877758913412563,2.2877758913412563,0,0.648710989295717,0.02056005359250896,0.043150695878230616,0.02056005359250896,0,100
C_weaker_ordinal_smoothness,100,26,input_dependent_ordinal,2,1175,0.9395744680851064,2.0451063829787235,2.0451063829787235,0,0.60074561163826,0.019184153466314954,0.2678757098738826,0.019184153466314954,0,100
C_weaker_ordinal_smoothness,100,26,input_dependent_ordinal,1,1211,0.8819157720891825,1.9752270850536746,1.9752270850536746,0,0.5591748023894731,0.019735798723655922,-0.07360839003565145,0.019735798723655922,0,100
C_weaker_ordinal_smoothness,100,26,input_dependent_ordinal,4,1216,0.8758223684210527,1.665296052631579,1.665296052631579,0,0.690797171518544,0.02134316971398328,-0.026405256165971003,0.02134316971398328,0,100
C_weaker_ordinal_smoothness,100,26,input_dependent_ordinal,0,220,0.8409090909090909,1.3545454545454545,1.3545454545454545,0,0.5157558494995227,0.019615800946376043,-0.156829630922999,0.019615800946376043,0,100
C_weaker_ordinal_smoothness,100,27,independent_mondrian,2,1171,0.8992314261315115,2.1494449188727582,2.1494449188727582,0,0.0,0.0,0.8143883370904812,0.0,0,100
C_weaker_ordinal_smoothness,100,27,independent_mondrian,0,258,0.9418604651162791,1.4806201550387597,1.4806201550387597,0,0.0,0.0,0.5428575097442634,0.0,0,100
C_weaker_ordinal_smoothness,100,27,independent_mondrian,3,1231,0.9358245329000813,2.314378554021121,2.314378554021121,0,0.0,0.0,0.7194248463972014,0.0,0,100
C_weaker_ordinal_smoothness,100,27,independent_mondrian,4,1179,0.8719253604749788,1.6844783715012723,1.6844783715012723,0,0.0,0.0,0.6659939223205166,0.0,0,100
C_weaker_ordinal_smoothness,100,27,independent_mondrian,1,1161,0.917312661498708,2.185185185185185,2.185185185185185,0,0.0,0.0,0.5576260497189649,0.0,0,100
C_weaker_ordinal_smoothness,100,27,ordinal_cluster,2,1171,0.8659265584970111,2.223740392826644,2.223740392826644,0,0.0,0.0,0.7194248463972014,0.0,0,100
C_weaker_ordinal_smoothness,100,27,ordinal_cluster,0,258,0.9496124031007752,1.5271317829457365,1.5271317829457365,0,0.0,0.0,0.545905134981672,0.0,0,100
C_weaker_ordinal_smoothness,100,27,ordinal_cluster,3,1231,0.9480097481722177,2.2835093419983754,2.2835093419983754,0,0.0,0.0,0.7612630711371053,0.0,0,100
C_weaker_ordinal_smoothness,100,27,ordinal_cluster,4,1179,0.897370653095844,1.7065309584393553,1.7065309584393553,0,0.0,0.0,0.7176969331198216,0.0,0,100
C_weaker_ordinal_smoothness,100,27,ordinal_cluster,1,1161,0.9371231696813093,2.1016365202411715,2.1016365202411715,0,0.0,0.0,0.615094247591969,0.0,0,100
C_weaker_ordinal_smoothness,100,27,input_dependent_nonordinal,2,1171,0.8471391972672929,1.9743808710503843,1.9743808710503843,0,0.7826341074253994,0.03506156621315864,-0.07972601677412405,0.03506156621315864,0,100
C_weaker_ordinal_smoothness,100,27,input_dependent_nonordinal,0,258,0.9186046511627907,1.4186046511627908,1.4186046511627908,0,0.47899965789314686,0.03135266678217092,0.0032800234411337614,0.03135266678217092,0,100
C_weaker_ordinal_smoothness,100,27,input_dependent_nonordinal,3,1231,0.9163281884646629,2.065800162469537,2.065800162469537,0,0.5996106513406757,0.032920914877656235,0.013889397771073397,0.032920914877656235,0,100
C_weaker_ordinal_smoothness,100,27,input_dependent_nonordinal,4,1179,0.8922815945716709,1.53774385072095,1.53774385072095,0,0.7190048516782329,0.024429938128260695,-0.02815973352212875,0.024429938128260695,0,100
C_weaker_ordinal_smoothness,100,27,input_dependent_nonordinal,1,1161,0.9104220499569337,1.8458225667527992,1.8458225667527992,0,0.5160074249590297,0.02482602384004361,0.006772208575226535,0.02482602384004361,0,100
C_weaker_ordinal_smoothness,100,27,input_dependent_ordinal,2,1171,0.8539709649871904,1.9812126387702818,1.9812126387702818,0,0.6312807120831406,0.030959334931357097,0.07855865522881422,0.030959334931357097,0,100
C_weaker_ordinal_smoothness,100,27,input_dependent_ordinal,0,258,0.9186046511627907,1.434108527131783,1.434108527131783,0,0.545439910847925,0.034035735788977436,-0.05522335406600484,0.034035735788977436,0,100
C_weaker_ordinal_smoothness,100,27,input_dependent_ordinal,3,1231,0.9122664500406173,2.059301380991064,2.059301380991064,0,0.6737105113775061,0.029503186555249843,-0.07438466960782342,0.029503186555249843,0,100
C_weaker_ordinal_smoothness,100,27,input_dependent_ordinal,4,1179,0.8821034775233249,1.5182357930449533,1.5182357930449533,0,0.7236564111652561,0.029473079321093065,-0.04000665790924762,0.029473079321093065,0,100
C_weaker_ordinal_smoothness,100,27,input_dependent_ordinal,1,1161,0.9086993970714901,1.8664944013781224,1.8664944013781224,0,0.5775282863016944,0.032662277874533255,-0.04936925020488869,0.032662277874533255,0,100
C_weaker_ordinal_smoothness,100,28,independent_mondrian,1,1220,0.9336065573770492,2.0778688524590163,2.0778688524590163,0,0.0,0.0,0.5802046110392217,0.0,0,100
C_weaker_ordinal_smoothness,100,28,independent_mondrian,2,1157,0.9006050129645635,2.1339671564390668,2.1339671564390668,0,0.0,0.0,0.7923324854829664,0.0,0,100
C_weaker_ordinal_smoothness,100,28,independent_mondrian,4,1174,0.9114139693356048,1.6286201022146507,1.6286201022146507,0,0.0,0.0,0.757887941117483,0.0,0,100
C_weaker_ordinal_smoothness,100,28,independent_mondrian,3,1182,0.9027072758037225,2.3527918781725887,2.3527918781725887,0,0.0,0.0,0.6243770672283215,0.0,0,100
C_weaker_ordinal_smoothness,100,28,independent_mondrian,0,267,0.9063670411985019,1.3857677902621723,1.3857677902621723,0,0.0,0.0,0.5004216215626978,0.0,0,100
C_weaker_ordinal_smoothness,100,28,ordinal_cluster,1,1220,0.95,1.9680327868852459,1.9680327868852459,0,0.0,0.0,0.6339336554083962,0.0,0,100
C_weaker_ordinal_smoothness,100,28,ordinal_cluster,2,1157,0.8245462402765773,2.16076058772688,2.16076058772688,0,0.0,0.0,0.6426835898812698,0.0,0,100
C_weaker_ordinal_smoothness,100,28,ordinal_cluster,4,1174,0.8858603066439523,1.637137989778535,1.637137989778535,0,0.0,0.0,0.6866364479092338,0.0,0,100
C_weaker_ordinal_smoothness,100,28,ordinal_cluster,3,1182,0.9390862944162437,2.1658206429780034,2.1658206429780034,0,0.0,0.0,0.7346363000390064,0.0,0,100
C_weaker_ordinal_smoothness,100,28,ordinal_cluster,0,267,0.9213483146067416,1.449438202247191,1.449438202247191,0,0.0,0.0,0.5244106257703796,0.0,0,100
C_weaker_ordinal_smoothness,100,28,input_dependent_nonordinal,1,1220,0.8950819672131147,1.8762295081967213,1.8762295081967213,0,0.511994629644309,0.023647931854683467,-0.0012159022210304071,0.023647931854683467,0,100
C_weaker_ordinal_smoothness,100,28,input_dependent_nonordinal,2,1157,0.8867761452031115,1.9360414866032845,1.9360414866032845,0,0.7238282826348357,0.017377513850519985,0.021588156689630322,0.017377513850519985,0,100
C_weaker_ordinal_smoothness,100,28,input_dependent_nonordinal,4,1174,0.8756388415672913,1.4982964224872233,1.4982964224872233,0,0.6925702245972868,0.025755825843867694,-0.05049847651489203,0.025755825843867694,0,100
C_weaker_ordinal_smoothness,100,28,input_dependent_nonordinal,3,1182,0.8917089678510999,2.1006768189509306,2.1006768189509306,0,0.6134142634015269,0.02919507799495666,-0.026850828393586545,0.02919507799495666,0,100
C_weaker_ordinal_smoothness,100,28,input_dependent_nonordinal,0,267,0.8876404494382022,1.3146067415730338,1.3146067415730338,0,0.49129048706218503,0.019088986673148185,-0.05447003423239899,0.019088986673148185,0,100
C_weaker_ordinal_smoothness,100,28,input_dependent_ordinal,1,1220,0.9024590163934426,1.8573770491803279,1.8573770491803279,0,0.5632060250055154,0.02116751475728293,-0.04013917150634794,0.02116751475728293,0,100
C_weaker_ordinal_smoothness,100,28,input_dependent_ordinal,2,1157,0.8729472774416595,1.947277441659464,1.947277441659464,0,0.607632334517455,0.023572584951448268,0.11954394703634508,0.023572584951448268,0,100
C_weaker_ordinal_smoothness,100,28,input_dependent_ordinal,4,1174,0.879045996592845,1.508517887563884,1.508517887563884,0,0.699614334626225,0.027109610566700842,-0.053535829840218874,0.027109610566700842,0,100
C_weaker_ordinal_smoothness,100,28,input_dependent_ordinal,3,1182,0.8942470389170897,2.0786802030456855,2.0786802030456855,0,0.6628503937615058,0.024451948082918337,-0.0703295711926587,0.024451948082918337,0,100
C_weaker_ordinal_smoothness,100,28,input_dependent_ordinal,0,267,0.8913857677902621,1.3295880149812733,1.3295880149812733,0,0.5209642445533993,0.019271146292200378,-0.08385215463046403,0.019271146292200378,0,100
C_weaker_ordinal_smoothness,100,29,independent_mondrian,3,1201,0.9009159034138218,2.218151540383014,2.218151540383014,0,0.0,0.0,0.599704409227922,0.0,0,100
C_weaker_ordinal_smoothness,100,29,independent_mondrian,4,1220,0.8934426229508197,1.4647540983606557,1.4647540983606557,0,0.0,0.0,0.7015627967114713,0.0,0,100
C_weaker_ordinal_smoothness,100,29,independent_mondrian,2,1197,0.8830409356725146,1.9774436090225564,1.9774436090225564,0,0.0,0.0,0.7170862161587691,0.0,0,100
C_weaker_ordinal_smoothness,100,29,independent_mondrian,1,1130,0.8902654867256637,1.8876106194690265,1.8876106194690265,0,0.0,0.0,0.5368845085358238,0.0,0,100
C_weaker_ordinal_smoothness,100,29,independent_mondrian,0,252,0.876984126984127,1.2896825396825398,1.2896825396825398,0,0.0,0.0,0.43837929174711115,0.0,0,100
C_weaker_ordinal_smoothness,100,29,ordinal_cluster,3,1201,0.9375520399666945,2.0815986677768525,2.0815986677768525,0,0.0,0.0,0.6831669611898425,0.0,0,100
C_weaker_ordinal_smoothness,100,29,ordinal_cluster,4,1220,0.8672131147540983,1.501639344262295,1.501639344262295,0,0.0,0.0,0.6469923297059873,0.0,0,100
C_weaker_ordinal_smoothness,100,29,ordinal_cluster,2,1197,0.8329156223893066,2.044277360066834,2.044277360066834,0,0.0,0.0,0.6241619166051804,0.0,0,100
C_weaker_ordinal_smoothness,100,29,ordinal_cluster,1,1130,0.9079646017699115,1.8610619469026548,1.8610619469026548,0,0.0,0.0,0.5699875809111101,0.0,0,100
C_weaker_ordinal_smoothness,100,29,ordinal_cluster,0,252,0.8928571428571429,1.3333333333333333,1.3333333333333333,0,0.0,0.0,0.4988622773596973,0.0,0,100
C_weaker_ordinal_smoothness,100,29,input_dependent_nonordinal,3,1201,0.9242298084929226,2.179017485428809,2.179017485428809,0,0.5700942937542611,0.02178385455246532,0.036374728386630695,0.02178385455246532,0,100
C_weaker_ordinal_smoothness,100,29,input_dependent_nonordinal,4,1220,0.8975409836065574,1.5319672131147541,1.5319672131147541,0,0.7202463942247361,0.024703924127064528,-0.03330801194803579,0.024703924127064528,0,100
C_weaker_ordinal_smoothness,100,29,input_dependent_nonordinal,2,1197,0.9156223893065998,1.964076858813701,1.964076858813701,0,0.7687141544599603,0.036135037177826325,0.029348800574080625,0.036135037177826325,0,100
C_weaker_ordinal_smoothness,100,29,input_dependent_nonordinal,1,1130,0.8840707964601769,1.8628318584070795,1.8628318584070795,0,0.5483334665034143,0.025424948378694398,-0.03863151957795774,0.025424948378694398,0,100
C_weaker_ordinal_smoothness,100,29,input_dependent_nonordinal,0,252,0.8293650793650794,1.2936507936507937,1.2936507936507937,0,0.42563742483537687,0.01584436262589858,-0.0561982931662785,0.01584436262589858,0,100
C_weaker_ordinal_smoothness,100,29,input_dependent_ordinal,3,1201,0.9150707743547044,2.195670274771024,2.195670274771024,0,0.6671759231667201,0.027925795205150414,-0.07854027474286995,0.027925795205150414,0,100
C_weaker_ordinal_smoothness,100,29,input_dependent_ordinal,4,1220,0.8975409836065574,1.509016393442623,1.509016393442623,0,0.7153465042107785,0.02486514340911395,-0.02760479374594199,0.02486514340911395,0,100
C_weaker_ordinal_smoothness,100,29,input_dependent_ordinal,2,1197,0.924812030075188,1.9665831244778613,1.9665831244778613,0,0.6226978026771038,0.025817407749439414,0.1828616715711029,0.025817407749439414,0,100
C_weaker_ordinal_smoothness,100,29,input_dependent_ordinal,1,1130,0.8840707964601769,1.9079646017699115,1.9079646017699115,0,0.5803934990015165,0.0256059762225751,-0.07083244971794067,0.0256059762225751,0,100
C_weaker_ordinal_smoothness,100,29,input_dependent_ordinal,0,252,0.8492063492063492,1.2896825396825398,1.2896825396825398,0,0.5406818403401276,0.02395111995927076,-0.1545568464455238,0.02395111995927076,0,100
C_weaker_ordinal_smoothness,100,30,independent_mondrian,1,1188,0.8947811447811448,1.9183501683501682,1.9183501683501682,0,0.0,0.0,0.5145995725266774,0.0,0,100
C_weaker_ordinal_smoothness,100,30,independent_mondrian,4,1223,0.9337694194603434,1.5110384300899429,1.5110384300899429,0,0.0,0.0,0.8173292794351945,0.0,0,100
C_weaker_ordinal_smoothness,100,30,independent_mondrian,2,1176,0.8988095238095238,1.9846938775510203,1.9846938775510203,0,0.0,0.0,0.7884473946185295,0.0,0,100
C_weaker_ordinal_smoothness,100,30,independent_mondrian,3,1164,0.8745704467353952,2.3737113402061856,2.3737113402061856,0,0.0,0.0,0.5380385740956021,0.0,0,100
C_weaker_ordinal_smoothness,100,30,independent_mondrian,0,249,0.8433734939759037,1.2771084337349397,1.2771084337349397,0,0.0,0.0,0.40571961792644184,0.0,0,100
C_weaker_ordinal_smoothness,100,30,ordinal_cluster,1,1188,0.9393939393939394,1.8409090909090908,1.8409090909090908,0,0.0,0.0,0.6211901587369999,0.0,0,100
C_weaker_ordinal_smoothness,100,30,ordinal_cluster,4,1223,0.8765331152902698,1.5985282093213409,1.5985282093213409,0,0.0,0.0,0.6747659067867549,0.0,0,100
C_weaker_ordinal_smoothness,100,30,ordinal_cluster,2,1176,0.8205782312925171,2.116496598639456,2.116496598639456,0,0.0,0.0,0.6262326333248258,0.0,0,100
C_weaker_ordinal_smoothness,100,30,ordinal_cluster,3,1164,0.9493127147766323,2.1168384879725086,2.1168384879725086,0,0.0,0.0,0.743560442256651,0.0,0,100
C_weaker_ordinal_smoothness,100,30,ordinal_cluster,0,249,0.8714859437751004,1.429718875502008,1.429718875502008,0,0.0,0.0,0.43664454498515914,0.0,0,100
C_weaker_ordinal_smoothness,100,30,input_dependent_nonordinal,1,1188,0.8939393939393939,1.9747474747474747,1.9747474747474747,0,0.5293993977845437,0.027465311063406782,-0.02329613526935237,0.027465311063406782,0,100
C_weaker_ordinal_smoothness,100,30,input_dependent_nonordinal,4,1223,0.9247751430907605,1.561733442354865,1.561733442354865,0,0.714822766227399,0.03275452498727232,0.031176480515085037,0.03275452498727232,0,100
C_weaker_ordinal_smoothness,100,30,input_dependent_nonordinal,2,1176,0.9311224489795918,1.9710884353741496,1.9710884353741496,0,0.7575334613802468,0.03782682263570019,0.09758961229882035,0.03782682263570019,0,100
C_weaker_ordinal_smoothness,100,30,input_dependent_nonordinal,3,1164,0.8797250859106529,2.245704467353952,2.245704467353952,0,0.574538842639375,0.024759121803397437,-0.024376584696693127,0.024759121803397437,0,100
C_weaker_ordinal_smoothness,100,30,input_dependent_nonordinal,0,249,0.8835341365461847,1.3293172690763053,1.3293172690763053,0,0.44125585249370786,0.01667893613366894,-0.02800963912503912,0.01667893613366894,0,100
C_weaker_ordinal_smoothness,100,30,input_dependent_ordinal,1,1188,0.8939393939393939,1.9755892255892256,1.9755892255892256,0,0.5734667532323209,0.027897828748393128,-0.06655344093837551,0.027897828748393128,0,100
C_weaker_ordinal_smoothness,100,30,input_dependent_ordinal,4,1223,0.9272281275551921,1.5486508585445626,1.5486508585445626,0,0.7085703397101424,0.03137262014246363,0.041804695172052986,0.03137262014246363,0,100
C_weaker_ordinal_smoothness,100,30,input_dependent_ordinal,2,1176,0.9209183673469388,1.9668367346938775,1.9668367346938775,0,0.6126167560906017,0.028948670353560236,0.20895807883571949,0.028948670353560236,0,100
C_weaker_ordinal_smoothness,100,30,input_dependent_ordinal,3,1164,0.8762886597938144,2.222508591065292,2.222508591065292,0,0.6619000102741507,0.03069621293186578,-0.11086176862610087,0.03069621293186578,0,100
C_weaker_ordinal_smoothness,100,30,input_dependent_ordinal,0,249,0.8875502008032129,1.321285140562249,1.321285140562249,0,0.5191228156876188,0.023315536875035084,-0.08339294126034319,0.023315536875035084,0,100
C_weaker_ordinal_smoothness,100,31,independent_mondrian,4,1164,0.8556701030927835,1.5266323024054982,1.5266323024054982,0,0.0,0.0,0.6414275443556907,0.0,0,100
C_weaker_ordinal_smoothness,100,31,independent_mondrian,2,1208,0.9288079470198676,2.0306291390728477,2.0306291390728477,0,0.0,0.0,0.8469373456956502,0.0,0,100
C_weaker_ordinal_smoothness,100,31,independent_mondrian,0,277,0.927797833935018,1.4512635379061372,1.4512635379061372,0,0.0,0.0,0.4904708269162626,0.0,0,100
C_weaker_ordinal_smoothness,100,31,independent_mondrian,1,1167,0.8877463581833762,2.0916880891173952,2.0916880891173952,0,0.0,0.0,0.5221747738840852,0.0,0,100
C_weaker_ordinal_smoothness,100,31,independent_mondrian,3,1184,0.8893581081081081,2.248310810810811,2.248310810810811,0,0.0,0.0,0.6075765010881051,0.0,0,100
C_weaker_ordinal_smoothness,100,31,ordinal_cluster,4,1164,0.8384879725085911,1.4768041237113403,1.4768041237113403,0,0.0,0.0,0.6188052919822961,0.0,0,100
C_weaker_ordinal_smoothness,100,31,ordinal_cluster,2,1208,0.8402317880794702,2.043046357615894,2.043046357615894,0,0.0,0.0,0.6435692162150757,0.0,0,100
C_weaker_ordinal_smoothness,100,31,ordinal_cluster,0,277,0.927797833935018,1.5054151624548737,1.5054151624548737,0,0.0,0.0,0.49167117756768747,0.0,0,100
C_weaker_ordinal_smoothness,100,31,ordinal_cluster,1,1167,0.9237360754070265,1.8946015424164524,1.8946015424164524,0,0.0,0.0,0.595966593131393,0.0,0,100
C_weaker_ordinal_smoothness,100,31,ordinal_cluster,3,1184,0.9130067567567568,2.05152027027027,2.05152027027027,0,0.0,0.0,0.6616427841631207,0.0,0,100
C_weaker_ordinal_smoothness,100,31,input_dependent_nonordinal,4,1164,0.8951890034364262,1.5051546391752577,1.5051546391752577,0,0.6885833200542404,0.024173689571461994,0.013306533204753945,0.024173689571461994,0,100
C_weaker_ordinal_smoothness,100,31,input_dependent_nonordinal,2,1208,0.9048013245033113,2.0190397350993377,2.0190397350993377,0,0.7553707220966439,0.020091657011004894,0.022784075694995187,0.020091657011004894,0,100
C_weaker_ordinal_smoothness,100,31,input_dependent_nonordinal,0,277,0.9422382671480144,1.516245487364621,1.516245487364621,0,0.41901534303038795,0.014354079500212138,0.032870090678110475,0.014354079500212138,0,100
C_weaker_ordinal_smoothness,100,31,input_dependent_nonordinal,1,1167,0.9297343616109683,1.9751499571550986,1.9751499571550986,0,0.5167532255411857,0.025862029434256927,0.05666684040910608,0.025862029434256927,0,100
C_weaker_ordinal_smoothness,100,31,input_dependent_nonordinal,3,1184,0.887668918918919,2.1570945945945947,2.1570945945945947,0,0.5852169742608994,0.023261944425264747,-0.016942597313576613,0.023261944425264747,0,100
C_weaker_ordinal_smoothness,100,31,input_dependent_ordinal,4,1164,0.8969072164948454,1.504295532646048,1.504295532646048,0,0.69941385747429,0.023567159922301645,0.004477542674187207,0.023567159922301645,0,100
C_weaker_ordinal_smoothness,100,31,input_dependent_ordinal,2,1208,0.9006622516556292,2.0264900662251657,2.0264900662251657,0,0.6081964458746989,0.022878592043578953,0.160817168703275,0.022878592043578953,0,100
C_weaker_ordinal_smoothness,100,31,input_dependent_ordinal,0,277,0.9314079422382672,1.516245487364621,1.516245487364621,0,0.5078034329264424,0.022121907156096528,-0.060069709324580556,0.022121907156096528,0,100
C_weaker_ordinal_smoothness,100,31,input_dependent_ordinal,1,1167,0.9365895458440445,1.9657240788346186,1.9657240788346186,0,0.5633482332482331,0.0210133347779318,0.015107602637063677,0.0210133347779318,0,100
C_weaker_ordinal_smoothness,100,31,input_dependent_ordinal,3,1184,0.887668918918919,2.1402027027027026,2.1402027027027026,0,0.647866623629774,0.02339189810615837,-0.07909809823641434,0.02339189810615837,0,100
C_weaker_ordinal_smoothness,100,32,independent_mondrian,2,1186,0.8187183811129848,2.0834738617200674,2.0834738617200674,0,0.0,0.0,0.635822231355793,0.0,0,100
C_weaker_ordinal_smoothness,100,32,independent_mondrian,4,1171,0.9427839453458582,1.5866780529462,1.5866780529462,0,0.0,0.0,0.821407214654052,0.0,0,100
C_weaker_ordinal_smoothness,100,32,independent_mondrian,1,1218,0.9244663382594417,1.880952380952381,1.880952380952381,0,0.0,0.0,0.5721925541592504,0.0,0,100
C_weaker_ordinal_smoothness,100,32,independent_mondrian,3,1177,0.9124893797790994,2.255734919286321,2.255734919286321,0,0.0,0.0,0.642661407803571,0.0,0,100
C_weaker_ordinal_smoothness,100,32,independent_mondrian,0,248,0.9193548387096774,1.4274193548387097,1.4274193548387097,0,0.0,0.0,0.5006753846593165,0.0,0,100
C_weaker_ordinal_smoothness,100,32,ordinal_cluster,2,1186,0.8035413153456998,2.0438448566610457,2.0438448566610457,0,0.0,0.0,0.6132749483667502,0.0,0,100
C_weaker_ordinal_smoothness,100,32,ordinal_cluster,4,1171,0.8949615713065756,1.5542271562766865,1.5542271562766865,0,0.0,0.0,0.687900204962347,0.0,0,100
C_weaker_ordinal_smoothness,100,32,ordinal_cluster,1,1218,0.9261083743842364,1.9211822660098523,1.9211822660098523,0,0.0,0.0,0.5755775502378672,0.0,0,100
C_weaker_ordinal_smoothness,100,32,ordinal_cluster,3,1177,0.923534409515718,2.0994052676295665,2.0994052676295665,0,0.0,0.0,0.6706994043028615,0.0,0,100
C_weaker_ordinal_smoothness,100,32,ordinal_cluster,0,248,0.9314516129032258,1.4435483870967742,1.4435483870967742,0,0.0,0.0,0.5417449007994215,0.0,0,100
C_weaker_ordinal_smoothness,100,32,input_dependent_nonordinal,2,1186,0.8819561551433389,1.9713322091062395,1.9713322091062395,0,0.7751453411435726,0.029690783697944017,-0.046764290335291725,0.029690783697944017,0,100
C_weaker_ordinal_smoothness,100,32,input_dependent_nonordinal,4,1171,0.9291204099060631,1.5414175918018787,1.5414175918018787,0,0.7311153339163287,0.02996780868143037,0.028124036538287545,0.02996780868143037,0,100
C_weaker_ordinal_smoothness,100,32,input_dependent_nonordinal,1,1218,0.9129720853858785,1.9080459770114941,1.9080459770114941,0,0.5267997587777575,0.01938283065998769,-0.01632588361696291,0.01938283065998769,0,100
C_weaker_ordinal_smoothness,100,32,input_dependent_nonordinal,3,1177,0.907391673746814,2.207306711979609,2.207306711979609,0,0.5932869964039031,0.02222532326951367,0.00015081848576137258,0.02222532326951367,0,100
C_weaker_ordinal_smoothness,100,32,input_dependent_nonordinal,0,248,0.9112903225806451,1.3024193548387097,1.3024193548387097,0,0.4113384734675563,0.026108448010702126,0.03351197988066901,0.026108448010702126,0,100
C_weaker_ordinal_smoothness,100,32,input_dependent_ordinal,2,1186,0.8684654300168634,1.930860033726813,1.930860033726813,0,0.6220769391173024,0.02440953775798254,0.08001603551737768,0.02440953775798254,0,100
C_weaker_ordinal_smoothness,100,32,input_dependent_ordinal,4,1171,0.9257045260461144,1.4961571306575576,1.4961571306575576,0,0.7290815812184768,0.02803073656305959,0.022052213487883277,0.028030736563059596,0,100
C_weaker_ordinal_smoothness,100,32,input_dependent_ordinal,1,1218,0.9146141215106732,1.8973727422003284,1.8973727422003284,0,0.5736678331088514,0.022182517257763774,-0.05426461160028462,0.022182517257763774,0,100
C_weaker_ordinal_smoothness,100,32,input_dependent_ordinal,3,1177,0.8937977909940527,2.1563296516567543,2.1563296516567543,0,0.6818790236042618,0.026936841033643227,-0.10543147648697632,0.026936841033643227,0,100
C_weaker_ordinal_smoothness,100,32,input_dependent_ordinal,0,248,0.9233870967741935,1.3306451612903225,1.3306451612903225,0,0.5104338410177742,0.01908922155826999,-0.04599277109571087,0.01908922155826999,0,100
C_weaker_ordinal_smoothness,100,33,independent_mondrian,3,1195,0.8920502092050209,2.3581589958158995,2.3581589958158995,0,0.0,0.0,0.5652578481257905,0.0,0,100
C_weaker_ordinal_smoothness,100,33,independent_mondrian,4,1147,0.9006102877070619,1.5379250217959894,1.5379250217959894,0,0.0,0.0,0.7403194898987491,0.0,0,100
C_weaker_ordinal_smoothness,100,33,independent_mondrian,2,1157,0.9204840103716508,2.1175453759723424,2.1175453759723424,0,0.0,0.0,0.8304770853994266,0.0,0,100
C_weaker_ordinal_smoothness,100,33,independent_mondrian,1,1242,0.9396135265700483,2.177133655394525,2.177133655394525,0,0.0,0.0,0.6115295774668664,0.0,0,100
C_weaker_ordinal_smoothness,100,33,independent_mondrian,0,259,0.9343629343629344,1.5482625482625483,1.5482625482625483,0,0.0,0.0,0.5438998217171566,0.0,0,100
C_weaker_ordinal_smoothness,100,33,ordinal_cluster,3,1195,0.9464435146443515,2.2158995815899583,2.2158995815899583,0,0.0,0.0,0.7068307883786448,0.0,0,100
C_weaker_ordinal_smoothness,100,33,ordinal_cluster,4,1147,0.8674803836094158,1.5710549258936355,1.5710549258936355,0,0.0,0.0,0.6686343485133881,0.0,0,100
C_weaker_ordinal_smoothness,100,33,ordinal_cluster,2,1157,0.8694900605012964,2.2705272255834053,2.2705272255834053,0,0.0,0.0,0.7006966673729246,0.0,0,100
C_weaker_ordinal_smoothness,100,33,ordinal_cluster,1,1242,0.964573268921095,2.110305958132045,2.110305958132045,0,0.0,0.0,0.7012798421723249,0.0,0,100
C_weaker_ordinal_smoothness,100,33,ordinal_cluster,0,259,0.9459459459459459,1.6177606177606179,1.6177606177606179,0,0.0,0.0,0.5669334440878446,0.0,0,100
C_weaker_ordinal_smoothness,100,33,input_dependent_nonordinal,3,1195,0.8870292887029289,2.2594142259414225,2.2594142259414225,0,0.5952697373169057,0.030223463653941136,-0.032004378392979205,0.030223463653941136,0,100
C_weaker_ordinal_smoothness,100,33,input_dependent_nonordinal,4,1147,0.9084568439407149,1.5335658238884045,1.5335658238884045,0,0.6867669654919615,0.015843771924997672,0.04403542056454479,0.015843771924997672,0,100
C_weaker_ordinal_smoothness,100,33,input_dependent_nonordinal,2,1157,0.9213483146067416,2.059636992221262,2.059636992221262,0,0.7590308526101519,0.017983365625952753,0.05713155552733362,0.017983365625952753,0,100
C_weaker_ordinal_smoothness,100,33,input_dependent_nonordinal,1,1242,0.9533011272141707,2.0668276972624797,2.0668276972624797,0,0.5315501235715282,0.018915055882195626,0.06053479794430172,0.018915055882195626,0,100
C_weaker_ordinal_smoothness,100,33,input_dependent_nonordinal,0,259,0.8996138996138996,1.4285714285714286,1.4285714285714286,0,0.4583509896586366,0.02928628540402916,0.007378600356355264,0.02928628540402917,0,100
C_weaker_ordinal_smoothness,100,33,input_dependent_ordinal,3,1195,0.8744769874476988,2.2585774058577406,2.2585774058577406,0,0.6500344260996901,0.020504555174211174,-0.11190982472639266,0.020504555174211174,0,100
C_weaker_ordinal_smoothness,100,33,input_dependent_ordinal,4,1147,0.9075850043591979,1.5231037489102006,1.5231037489102006,0,0.7006192145159615,0.01966640276399144,0.03727797985964432,0.01966640276399144,0,100
C_weaker_ordinal_smoothness,100,33,input_dependent_ordinal,2,1157,0.9256698357821953,2.0293863439930857,2.0293863439930857,0,0.6209526504661389,0.02128734139145678,0.2132043643167949,0.02128734139145678,0,100
C_weaker_ordinal_smoothness,100,33,input_dependent_ordinal,1,1242,0.9492753623188406,2.0209339774557167,2.0209339774557167,0,0.5813154616872558,0.02159345733057512,0.0007260884778805821,0.02159345733057512,0,100
C_weaker_ordinal_smoothness,100,33,input_dependent_ordinal,0,259,0.8687258687258688,1.3822393822393821,1.3822393822393821,0,0.540184042608686,0.02087501483487473,-0.11356365898300169,0.02087501483487473,0,100
C_weaker_ordinal_smoothness,100,34,independent_mondrian,4,1154,0.8856152512998267,1.5814558058925476,1.5814558058925476,0,0.0,0.0,0.6785860828970298,0.0,0,100
C_weaker_ordinal_smoothness,100,34,independent_mondrian,1,1230,0.9170731707317074,2.0739837398373986,2.0739837398373986,0,0.0,0.0,0.5983933043254789,0.0,0,100
C_weaker_ordinal_smoothness,100,34,independent_mondrian,0,244,0.9221311475409836,1.4959016393442623,1.4959016393442623,0,0.0,0.0,0.4795102504875161,0.0,0,100
C_weaker_ordinal_smoothness,100,34,independent_mondrian,2,1205,0.9278008298755187,2.09045643153527,2.09045643153527,0,0.0,0.0,0.8466688121960915,0.0,0,100
C_weaker_ordinal_smoothness,100,34,independent_mondrian,3,1167,0.8903170522707797,2.2853470437017993,2.2853470437017993,0,0.0,0.0,0.59631570183932,0.0,0,100
C_weaker_ordinal_smoothness,100,34,ordinal_cluster,4,1154,0.8622183708838822,1.5069324090121317,1.5069324090121317,0,0.0,0.0,0.637381894536085,0.0,0,100
C_weaker_ordinal_smoothness,100,34,ordinal_cluster,1,1230,0.9170731707317074,1.8504065040650406,1.8504065040650406,0,0.0,0.0,0.5983933043254789,0.0,0,100
C_weaker_ordinal_smoothness,100,34,ordinal_cluster,0,244,0.9385245901639344,1.4344262295081966,1.4344262295081966,0,0.0,0.0,0.5144089508787538,0.0,0,100
C_weaker_ordinal_smoothness,100,34,ordinal_cluster,2,1205,0.8074688796680498,2.0448132780082986,2.0448132780082986,0,0.0,0.0,0.6090326345821344,0.0,0,100
C_weaker_ordinal_smoothness,100,34,ordinal_cluster,3,1167,0.9143101970865467,2.007712082262211,2.007712082262211,0,0.0,0.0,0.6693964009960063,0.0,0,100
C_weaker_ordinal_smoothness,100,34,input_dependent_nonordinal,4,1154,0.889948006932409,1.5606585788561524,1.5606585788561524,0,0.687553985937192,0.030861214971186005,-0.00255595099516015,0.030861214971186005,0,100
C_weaker_ordinal_smoothness,100,34,input_dependent_nonordinal,1,1230,0.8926829268292683,2.0252032520325205,2.0252032520325205,0,0.5331571498579182,0.02715678047253541,-0.010457262264533473,0.02715678047253541,0,100
C_weaker_ordinal_smoothness,100,34,input_dependent_nonordinal,0,244,0.9467213114754098,1.401639344262295,1.401639344262295,0,0.4669678945198668,0.02081417482515506,0.009520505463943285,0.02081417482515506,0,100
C_weaker_ordinal_smoothness,100,34,input_dependent_nonordinal,2,1205,0.9319502074688797,2.017427385892116,2.017427385892116,0,0.7636268686657419,0.024589357331796492,0.08176364991408192,0.024589357331796492,0,100
C_weaker_ordinal_smoothness,100,34,input_dependent_nonordinal,3,1167,0.9005998286203942,2.227934875749786,2.227934875749786,0,0.5615617614746757,0.02128954339729695,0.02450750406865293,0.02128954339729695,0,100
C_weaker_ordinal_smoothness,100,34,input_dependent_ordinal,4,1154,0.8925476603119584,1.5779896013864818,1.5779896013864818,0,0.6832920705758019,0.027372478880572856,0.0007161579779991767,0.027372478880572856,0,100
C_weaker_ordinal_smoothness,100,34,input_dependent_ordinal,1,1230,0.8869918699186992,2.0252032520325205,2.0252032520325205,0,0.582281190674647,0.024790109832552008,-0.06852356276281668,0.024790109832552008,0,100
C_weaker_ordinal_smoothness,100,34,input_dependent_ordinal,0,244,0.9467213114754098,1.3934426229508197,1.3934426229508197,0,0.5461895149615609,0.020966568930859103,-0.06978336099347471,0.020966568930859103,0,100
C_weaker_ordinal_smoothness,100,34,input_dependent_ordinal,2,1205,0.9319502074688797,2.021576763485477,2.021576763485477,0,0.6156923141500257,0.02455906528649182,0.2295446148404981,0.02455906528649182,0,100
C_weaker_ordinal_smoothness,100,34,input_dependent_ordinal,3,1167,0.910025706940874,2.2262210796915167,2.2262210796915167,0,0.6559135267691419,0.027079665486222527,-0.05246570617102597,0.027079665486222527,0,100
C_weaker_ordinal_smoothness,100,35,independent_mondrian,2,1168,0.8570205479452054,1.894691780821918,1.894691780821918,0,0.0,0.0,0.7033142686159566,0.0,0,100
C_weaker_ordinal_smoothness,100,35,independent_mondrian,1,1217,0.8890714872637634,1.8594905505341002,1.8594905505341002,0,0.0,0.0,0.5311781075512126,0.0,0,100
C_weaker_ordinal_smoothness,100,35,independent_mondrian,3,1162,0.8950086058519794,2.1325301204819276,2.1325301204819276,0,0.0,0.0,0.570220542903892,0.0,0,100
C_weaker_ordinal_smoothness,100,35,independent_mondrian,4,1204,0.8903654485049833,1.4900332225913622,1.4900332225913622,0,0.0,0.0,0.6712694665354142,0.0,0,100
C_weaker_ordinal_smoothness,100,35,independent_mondrian,0,249,0.8353413654618473,1.2771084337349397,1.2771084337349397,0,0.0,0.0,0.4410370546104037,0.0,0,100
C_weaker_ordinal_smoothness,100,35,ordinal_cluster,2,1168,0.8022260273972602,1.9982876712328768,1.9982876712328768,0,0.0,0.0,0.5950204030189437,0.0,0,100
C_weaker_ordinal_smoothness,100,35,ordinal_cluster,1,1217,0.9202958093672966,1.8315529991783073,1.8315529991783073,0,0.0,0.0,0.5843562451817088,0.0,0,100
C_weaker_ordinal_smoothness,100,35,ordinal_cluster,3,1162,0.9320137693631669,1.9853700516351118,1.9853700516351118,0,0.0,0.0,0.6552796633481761,0.0,0,100
C_weaker_ordinal_smoothness,100,35,ordinal_cluster,4,1204,0.8704318936877077,1.5116279069767442,1.5116279069767442,0,0.0,0.0,0.6162192889154707,0.0,0,100
C_weaker_ordinal_smoothness,100,35,ordinal_cluster,0,249,0.8755020080321285,1.3975903614457832,1.3975903614457832,0,0.0,0.0,0.4941127559903097,0.0,0,100
C_weaker_ordinal_smoothness,100,35,input_dependent_nonordinal,2,1168,0.8570205479452054,1.9777397260273972,1.9777397260273972,0,0.7269675649781302,0.0215247274561114,-0.0299992756543504,0.0215247274561114,0,100
C_weaker_ordinal_smoothness,100,35,input_dependent_nonordinal,1,1217,0.9022185702547247,1.85784716516023,1.85784716516023,0,0.5222492199118027,0.018906082907488,0.014997467083261329,0.018906082907488,0,100
C_weaker_ordinal_smoothness,100,35,input_dependent_nonordinal,3,1162,0.9251290877796902,2.0731497418244405,2.0731497418244405,0,0.5865118196179501,0.026431007103631072,0.0638937994764201,0.026431007103631072,0,100
C_weaker_ordinal_smoothness,100,35,input_dependent_nonordinal,4,1204,0.882890365448505,1.558970099667774,1.558970099667774,0,0.7059701130155058,0.02966249957999514,-0.04694188245335945,0.02966249957999514,0,100
C_weaker_ordinal_smoothness,100,35,input_dependent_nonordinal,0,249,0.8795180722891566,1.3775100401606426,1.3775100401606426,0,0.4745136371704055,0.022139071855844086,-0.029074406252701246,0.022139071855844086,0,100
C_weaker_ordinal_smoothness,100,35,input_dependent_ordinal,2,1168,0.8570205479452054,1.9700342465753424,1.9700342465753424,0,0.6054282732197297,0.022023895456229136,0.09424487980077273,0.022023895456229136,0,100
C_weaker_ordinal_smoothness,100,35,input_dependent_ordinal,1,1217,0.8972884141331142,1.8430566967953985,1.8430566967953985,0,0.5640947060064229,0.02041272844515368,-0.029317079635231114,0.02041272844515368,0,100
C_weaker_ordinal_smoothness,100,35,input_dependent_ordinal,3,1162,0.923407917383821,2.0731497418244405,2.0731497418244405,0,0.6598808874361847,0.025833599612814864,-0.012341019528068098,0.025833599612814864,0,100
C_weaker_ordinal_smoothness,100,35,input_dependent_ordinal,4,1204,0.8812292358803987,1.553986710963455,1.553986710963455,0,0.7034009033923794,0.028967713679863206,-0.04690617712309375,0.028967713679863206,0,100
C_weaker_ordinal_smoothness,100,35,input_dependent_ordinal,0,249,0.8795180722891566,1.3775100401606426,1.3775100401606426,0,0.526914339902004,0.016802352135481556,-0.08204221994627531,0.016802352135481556,0,100
C_weaker_ordinal_smoothness,100,36,independent_mondrian,2,1187,0.9216512215669755,2.0707666385846673,2.0707666385846673,0,0.0,0.0,0.812613884313541,0.0,0,100
C_weaker_ordinal_smoothness,100,36,independent_mondrian,3,1236,0.9215210355987055,2.3584142394822005,2.3584142394822005,0,0.0,0.0,0.6444703847538152,0.0,0,100
C_weaker_ordinal_smoothness,100,36,independent_mondrian,1,1169,0.8870829769033362,1.962360992301112,1.962360992301112,0,0.0,0.0,0.5308302105865504,0.0,0,100
C_weaker_ordinal_smoothness,100,36,independent_mondrian,0,235,0.8382978723404255,1.323404255319149,1.323404255319149,0,0.0,0.0,0.4247457779726085,0.0,0,100
C_weaker_ordinal_smoothness,100,36,independent_mondrian,4,1173,0.907075873827792,1.6104006820119352,1.6104006820119352,0,0.0,0.0,0.7474224435620013,0.0,0,100
C_weaker_ordinal_smoothness,100,36,ordinal_cluster,2,1187,0.8466722830665543,2.151642796967144,2.151642796967144,0,0.0,0.0,0.6519672160860851,0.0,0,100
C_weaker_ordinal_smoothness,100,36,ordinal_cluster,3,1236,0.9474110032362459,2.179611650485437,2.179611650485437,0,0.0,0.0,0.7130040621368013,0.0,0,100
C_weaker_ordinal_smoothness,100,36,ordinal_cluster,1,1169,0.9349871685201027,1.9281437125748504,1.9281437125748504,0,0.0,0.0,0.6152181151253281,0.0,0,100
C_weaker_ordinal_smoothness,100,36,ordinal_cluster,0,235,0.8808510638297873,1.4382978723404256,1.4382978723404256,0,0.0,0.0,0.48509103585896524,0.0,0,100
C_weaker_ordinal_smoothness,100,36,ordinal_cluster,4,1173,0.8951406649616368,1.5890878090366582,1.5890878090366582,0,0.0,0.0,0.7086616584751136,0.0,0,100
C_weaker_ordinal_smoothness,100,36,input_dependent_nonordinal,2,1187,0.9199663016006739,2.0732940185341198,2.0732940185341198,0,0.7435347098962558,0.02001331182838998,0.0517329444905642,0.02001331182838998,0,100
C_weaker_ordinal_smoothness,100,36,input_dependent_nonordinal,3,1236,0.9029126213592233,2.2394822006472492,2.2394822006472492,0,0.6023676030783797,0.03062655030510869,-0.025652867864134676,0.03062655030510869,0,100
C_weaker_ordinal_smoothness,100,36,input_dependent_nonordinal,1,1169,0.9349871685201027,1.9940119760479043,1.9940119760479043,0,0.500824714181041,0.016400217783240745,0.07363123554631923,0.016400217783240745,0,100
C_weaker_ordinal_smoothness,100,36,input_dependent_nonordinal,0,235,0.8851063829787233,1.4297872340425533,1.4297872340425533,0,0.4625591134080747,0.021138219375723254,-0.013856592309024363,0.021138219375723254,0,100
C_weaker_ordinal_smoothness,100,36,input_dependent_nonordinal,4,1173,0.9198635976129582,1.53537936913896,1.53537936913896,0,0.7052715175763359,0.024365779238191505,0.047594676083850596,0.024365779238191505,0,100
C_weaker_ordinal_smoothness,100,36,input_dependent_ordinal,2,1187,0.9216512215669755,2.0564448188711038,2.0564448188711038,0,0.6127237891052907,0.0212893536874122,0.18007623028977082,0.0212893536874122,0,100
C_weaker_ordinal_smoothness,100,36,input_dependent_ordinal,3,1236,0.8996763754045307,2.2273462783171523,2.2273462783171523,0,0.6590081215804587,0.024969775998822587,-0.09727017648830455,0.024969775998822587,0,100
C_weaker_ordinal_smoothness,100,36,input_dependent_ordinal,1,1169,0.9409751924721984,1.9546621043627033,1.9546621043627033,0,0.5575818874638713,0.01965883747998521,0.02831605716841068,0.01965883747998521,0,100
C_weaker_ordinal_smoothness,100,36,input_dependent_ordinal,0,235,0.851063829787234,1.421276595744681,1.421276595744681,0,0.5086296858013755,0.014763332260204196,-0.08591162613732606,0.014763332260204196,0,100
C_weaker_ordinal_smoothness,100,36,input_dependent_ordinal,4,1173,0.9173060528559249,1.5183290707587382,1.5183290707587382,0,0.7152096353333964,0.026744951329606616,0.027962630148815504,0.026744951329606616,0,100
C_weaker_ordinal_smoothness,100,37,independent_mondrian,4,1217,0.8849630238290879,1.465078060805259,1.465078060805259,0,0.0,0.0,0.6713674585517224,0.0,0,100
C_weaker_ordinal_smoothness,100,37,independent_mondrian,3,1116,0.828853046594982,2.14247311827957,2.14247311827957,0,0.0,0.0,0.5018740194932566,0.0,0,100
C_weaker_ordinal_smoothness,100,37,independent_mondrian,2,1214,0.9176276771004942,1.885502471169687,1.885502471169687,0,0.0,0.0,0.785790621874077,0.0,0,100
C_weaker_ordinal_smoothness,100,37,independent_mondrian,1,1208,0.890728476821192,1.9263245033112584,1.9263245033112584,0,0.0,0.0,0.5050076810461126,0.0,0,100
C_weaker_ordinal_smoothness,100,37,independent_mondrian,0,245,0.889795918367347,1.2693877551020407,1.2693877551020407,0,0.0,0.0,0.4331779520829925,0.0,0,100
C_weaker_ordinal_smoothness,100,37,ordinal_cluster,4,1217,0.8644207066557108,1.5957271980279375,1.5957271980279375,0,0.0,0.0,0.6334269262790131,0.0,0,100
C_weaker_ordinal_smoothness,100,37,ordinal_cluster,3,1116,0.9381720430107527,2.07168458781362,2.07168458781362,0,0.0,0.0,0.7120593601731604,0.0,0,100
C_weaker_ordinal_smoothness,100,37,ordinal_cluster,2,1214,0.8401976935749588,2.115321252059308,2.115321252059308,0,0.0,0.0,0.6423446126655682,0.0,0,100
C_weaker_ordinal_smoothness,100,37,ordinal_cluster,1,1208,0.9403973509933775,1.8890728476821192,1.8890728476821192,0,0.0,0.0,0.6213043586789471,0.0,0,100
C_weaker_ordinal_smoothness,100,37,ordinal_cluster,0,245,0.9061224489795918,1.4408163265306122,1.4408163265306122,0,0.0,0.0,0.4656360101015501,0.0,0,100
C_weaker_ordinal_smoothness,100,37,input_dependent_nonordinal,4,1217,0.913722267871816,1.4889071487263763,1.4889071487263763,0,0.7093131385510428,0.03448470174418989,0.022715594903904512,0.03448470174418989,0,100
C_weaker_ordinal_smoothness,100,37,input_dependent_nonordinal,3,1116,0.8449820788530465,2.173835125448029,2.173835125448029,0,0.5645719201524191,0.02212800155708206,-0.04647652955673731,0.02212800155708206,0,100
C_weaker_ordinal_smoothness,100,37,input_dependent_nonordinal,2,1214,0.913509060955519,1.9472817133443163,1.9472817133443163,0,0.7511066025031263,0.01679443600494226,0.0038280981691295457,0.01679443600494226,0,100
C_weaker_ordinal_smoothness,100,37,input_dependent_nonordinal,1,1208,0.9403973509933775,1.9470198675496688,1.9470198675496688,0,0.5266540981757731,0.03143547645386367,0.04319641820628872,0.03143547645386367,0,100
C_weaker_ordinal_smoothness,100,37,input_dependent_nonordinal,0,245,0.8693877551020408,1.2979591836734694,1.2979591836734694,0,0.48643723245968185,0.020794561204707213,-0.07562219892599628,0.020794561204707213,0,100
C_weaker_ordinal_smoothness,100,37,input_dependent_ordinal,4,1217,0.9096138044371405,1.5094494658997535,1.5094494658997535,0,0.6907929655905599,0.027904928059589638,0.028264254895864593,0.027904928059589638,0,100
C_weaker_ordinal_smoothness,100,37,input_dependent_ordinal,3,1116,0.8530465949820788,2.1765232974910393,2.1765232974910393,0,0.6613484950320536,0.0258426429319823,-0.13104580850255787,0.0258426429319823,0,100
C_weaker_ordinal_smoothness,100,37,input_dependent_ordinal,2,1214,0.9200988467874794,1.9341021416803954,1.9341021416803954,0,0.6104251086811736,0.024530621649884045,0.17192854354776077,0.024530621649884045,0,100
C_weaker_ordinal_smoothness,100,37,input_dependent_ordinal,1,1208,0.9304635761589404,1.961092715231788,1.961092715231788,0,0.5760491466487979,0.023537825480312587,-0.04045340208424564,0.023537825480312587,0,100
C_weaker_ordinal_smoothness,100,37,input_dependent_ordinal,0,245,0.8693877551020408,1.2816326530612245,1.2816326530612245,0,0.5260276547577215,0.0213271371390844,-0.11265267233363371,0.02132713713908439,0,100
C_weaker_ordinal_smoothness,100,38,independent_mondrian,4,1186,0.9005059021922428,1.6559865092748736,1.6559865092748736,0,0.0,0.0,0.7335554957163918,0.0,0,100
C_weaker_ordinal_smoothness,100,38,independent_mondrian,2,1182,0.8824027072758037,2.1015228426395938,2.1015228426395938,0,0.0,0.0,0.7430483908207594,0.0,0,100
C_weaker_ordinal_smoothness,100,38,independent_mondrian,3,1204,0.9426910299003323,2.3156146179401995,2.3156146179401995,0,0.0,0.0,0.704938886660607,0.0,0,100
C_weaker_ordinal_smoothness,100,38,independent_mondrian,1,1168,0.8809931506849316,2.017123287671233,2.017123287671233,0,0.0,0.0,0.5007683978057332,0.0,0,100
C_weaker_ordinal_smoothness,100,38,independent_mondrian,0,260,0.8961538461538462,1.2923076923076924,1.2923076923076924,0,0.0,0.0,0.5160416889745363,0.0,0,100
C_weaker_ordinal_smoothness,100,38,ordinal_cluster,4,1186,0.8844856661045531,1.6323777403035413,1.6323777403035413,0,0.0,0.0,0.704938886660607,0.0,0,100
C_weaker_ordinal_smoothness,100,38,ordinal_cluster,2,1182,0.8485617597292724,2.1480541455160744,2.1480541455160744,0,0.0,0.0,0.6805622731948225,0.0,0,100
C_weaker_ordinal_smoothness,100,38,ordinal_cluster,3,1204,0.946843853820598,2.2259136212624586,2.2259136212624586,0,0.0,0.0,0.7273143680618721,0.0,0,100
C_weaker_ordinal_smoothness,100,38,ordinal_cluster,1,1168,0.9238013698630136,1.9743150684931507,1.9743150684931507,0,0.0,0.0,0.5940911011381628,0.0,0,100
C_weaker_ordinal_smoothness,100,38,ordinal_cluster,0,260,0.8961538461538462,1.4230769230769231,1.4230769230769231,0,0.0,0.0,0.5142931493291244,0.0,0,100
C_weaker_ordinal_smoothness,100,38,input_dependent_nonordinal,4,1186,0.8827993254637436,1.6112984822934233,1.6112984822934233,0,0.7097825574665213,0.015447863712647574,-0.003911580920329505,0.015447863712647574,0,100
C_weaker_ordinal_smoothness,100,38,input_dependent_nonordinal,2,1182,0.8917089678510999,2.0287648054145517,2.0287648054145517,0,0.7690675244877866,0.02639990040322241,-0.0050406902187628555,0.02639990040322241,0,100
C_weaker_ordinal_smoothness,100,38,input_dependent_nonordinal,3,1204,0.9401993355481728,2.2209302325581395,2.2209302325581395,0,0.5693886179696206,0.022523545183407698,0.08298667400421245,0.022523545183407698,0,100
C_weaker_ordinal_smoothness,100,38,input_dependent_nonordinal,1,1168,0.872431506849315,1.8904109589041096,1.8904109589041096,0,0.5098521723557051,0.03007907199968377,-0.013788592259170146,0.03007907199968376,0,100
C_weaker_ordinal_smoothness,100,38,input_dependent_nonordinal,0,260,0.8692307692307693,1.3115384615384615,1.3115384615384615,0,0.4117104781884573,0.0075766077486497,0.04982024350074954,0.0075766077486497,0,100
C_weaker_ordinal_smoothness,100,38,input_dependent_ordinal,4,1186,0.8912310286677909,1.6188870151770658,1.6188870151770658,0,0.7120913825057894,0.019000129662057334,0.007722332235377993,0.019000129662057334,0,100
C_weaker_ordinal_smoothness,100,38,input_dependent_ordinal,2,1182,0.8934010152284264,2.024534686971235,2.024534686971235,0,0.6126605358797087,0.022630210252752192,0.15611289828183228,0.022630210252752192,0,100
C_weaker_ordinal_smoothness,100,38,input_dependent_ordinal,3,1204,0.9435215946843853,2.238372093023256,2.238372093023256,0,0.6550720968355324,0.02124274753831802,-0.001764211167024743,0.02124274753831802,0,100
C_weaker_ordinal_smoothness,100,38,input_dependent_ordinal,1,1168,0.872431506849315,1.875,1.875,0,0.5555664613593475,0.024484487949947443,-0.06853940217873422,0.024484487949947443,0,100
C_weaker_ordinal_smoothness,100,38,input_dependent_ordinal,0,260,0.823076923076923,1.2461538461538462,1.2461538461538462,0,0.5250272261877145,0.0283360586099659,-0.08910292947931825,0.0283360586099659,0,100
C_weaker_ordinal_smoothness,100,39,independent_mondrian,0,268,0.9440298507462687,1.4888059701492538,1.4888059701492538,0,0.0,0.0,0.5487225071280528,0.0,0,100
C_weaker_ordinal_smoothness,100,39,independent_mondrian,3,1222,0.8625204582651391,2.0810147299509003,2.0810147299509003,0,0.0,0.0,0.5485861458680654,0.0,0,100
C_weaker_ordinal_smoothness,100,39,independent_mondrian,2,1185,0.8607594936708861,1.990717299578059,1.990717299578059,0,0.0,0.0,0.6945524247804056,0.0,0,100
C_weaker_ordinal_smoothness,100,39,independent_mondrian,4,1164,0.8462199312714777,1.3805841924398625,1.3805841924398625,0,0.0,0.0,0.6495728080363619,0.0,0,100
C_weaker_ordinal_smoothness,100,39,independent_mondrian,1,1161,0.9242032730404823,2.013781223083549,2.013781223083549,0,0.0,0.0,0.5990474221779004,0.0,0,100
C_weaker_ordinal_smoothness,100,39,ordinal_cluster,0,268,0.9477611940298507,1.492537313432836,1.492537313432836,0,0.0,0.0,0.5735271727406117,0.0,0,100
C_weaker_ordinal_smoothness,100,39,ordinal_cluster,3,1222,0.911620294599018,1.969721767594108,1.969721767594108,0,0.0,0.0,0.6493784261419547,0.0,0,100
C_weaker_ordinal_smoothness,100,39,ordinal_cluster,2,1185,0.7983122362869198,2.029535864978903,2.029535864978903,0,0.0,0.0,0.6053820543508721,0.0,0,100
C_weaker_ordinal_smoothness,100,39,ordinal_cluster,4,1164,0.8161512027491409,1.4201030927835052,1.4201030927835052,0,0.0,0.0,0.5969679149261841,0.0,0,100
C_weaker_ordinal_smoothness,100,39,ordinal_cluster,1,1161,0.9276485788113695,1.9483204134366925,1.9483204134366925,0,0.0,0.0,0.6134184589779057,0.0,0,100
C_weaker_ordinal_smoothness,100,39,input_dependent_nonordinal,0,268,0.9328358208955224,1.3544776119402986,1.3544776119402986,0,0.4493967103071308,0.031679722490921616,0.055734425609211935,0.031679722490921616,0,100
C_weaker_ordinal_smoothness,100,39,input_dependent_nonordinal,3,1222,0.8608837970540099,2.058919803600655,2.058919803600655,0,0.5799843324150388,0.02166252249072638,-0.05339054829272838,0.02166252249072638,0,100
C_weaker_ordinal_smoothness,100,39,input_dependent_nonordinal,2,1185,0.8810126582278481,1.908016877637131,1.908016877637131,0,0.7766190367403878,0.020171118399362507,-0.051391937567859536,0.020171118399362507,0,100
C_weaker_ordinal_smoothness,100,39,input_dependent_nonordinal,4,1164,0.8737113402061856,1.4192439862542956,1.4192439862542956,0,0.7096196535580732,0.022479596993653525,-0.03407437553358744,0.022479596993653525,0,100
C_weaker_ordinal_smoothness,100,39,input_dependent_nonordinal,1,1161,0.8949181739879414,1.9388458225667529,1.9388458225667529,0,0.5247424340588189,0.018901568290575085,-0.00953350813198861,0.018901568290575085,0,100
C_weaker_ordinal_smoothness,100,39,input_dependent_ordinal,0,268,0.9514925373134329,1.3694029850746268,1.3694029850746268,0,0.5183929183021704,0.02304194906113457,0.0161760506341464,0.02304194906113457,0,100
C_weaker_ordinal_smoothness,100,39,input_dependent_ordinal,3,1222,0.8617021276595744,2.0597381342062193,2.0597381342062193,0,0.667023889861163,0.02186437821242381,-0.1407572255841315,0.02186437821242381,0,100
C_weaker_ordinal_smoothness,100,39,input_dependent_ordinal,2,1185,0.8810126582278481,1.908016877637131,1.908016877637131,0,0.6163973360687282,0.021595640287745032,0.1095067236564839,0.021595640287745032,0,100
C_weaker_ordinal_smoothness,100,39,input_dependent_ordinal,4,1164,0.8737113402061856,1.4201030927835052,1.4201030927835052,0,0.7094093851098042,0.022307631114105428,-0.03481321823381073,0.022307631114105428,0,100
C_weaker_ordinal_smoothness,100,39,input_dependent_ordinal,1,1161,0.8914728682170543,1.962962962962963,1.962962962962963,0,0.5838586765605317,0.02058953853811769,-0.07119807627765051,0.02058953853811769,0,100
C_weaker_ordinal_smoothness,100,40,independent_mondrian,2,1253,0.87390263367917,2.1133280127693537,2.1133280127693537,0,0.0,0.0,0.7089770343007249,0.0,0,100
C_weaker_ordinal_smoothness,100,40,independent_mondrian,3,1179,0.8922815945716709,2.2442748091603053,2.2442748091603053,0,0.0,0.0,0.595176498800925,0.0,0,100
C_weaker_ordinal_smoothness,100,40,independent_mondrian,4,1202,0.9051580698835274,1.5116472545757071,1.5116472545757071,0,0.0,0.0,0.7446438118608838,0.0,0,100
C_weaker_ordinal_smoothness,100,40,independent_mondrian,1,1124,0.9448398576512456,1.9768683274021353,1.9768683274021353,0,0.0,0.0,0.6397339623048504,0.0,0,100
C_weaker_ordinal_smoothness,100,40,independent_mondrian,0,242,0.9297520661157025,1.5495867768595042,1.5495867768595042,0,0.0,0.0,0.49249208246849707,0.0,0,100
C_weaker_ordinal_smoothness,100,40,ordinal_cluster,2,1253,0.8459696727853152,2.1667996807661614,2.1667996807661614,0,0.0,0.0,0.6485473910718951,0.0,0,100
C_weaker_ordinal_smoothness,100,40,ordinal_cluster,3,1179,0.9465648854961832,2.1535199321458864,2.1535199321458864,0,0.0,0.0,0.7069119863892429,0.0,0,100
C_weaker_ordinal_smoothness,100,40,ordinal_cluster,4,1202,0.8868552412645591,1.6023294509151413,1.6023294509151413,0,0.0,0.0,0.6778343075169108,0.0,0,100
C_weaker_ordinal_smoothness,100,40,ordinal_cluster,1,1124,0.9421708185053381,2.012455516014235,2.012455516014235,0,0.0,0.0,0.6300423638452669,0.0,0,100
C_weaker_ordinal_smoothness,100,40,ordinal_cluster,0,242,0.9669421487603306,1.578512396694215,1.578512396694215,0,0.0,0.0,0.5664258034158871,0.0,0,100
C_weaker_ordinal_smoothness,100,40,input_dependent_nonordinal,2,1253,0.8770949720670391,1.9393455706304867,1.9393455706304867,0,0.7837559758970938,0.031114730849144866,-0.05534241435806836,0.031114730849144866,0,100
C_weaker_ordinal_smoothness,100,40,input_dependent_nonordinal,3,1179,0.8286683630195081,2.085665818490246,2.085665818490246,0,0.5775419777226652,0.038261775901454756,-0.07283777833987679,0.03826177590145475,0,100
C_weaker_ordinal_smoothness,100,40,input_dependent_nonordinal,4,1202,0.9384359400998337,1.475873544093178,1.475873544093178,0,0.7415114424263024,0.0358686040189058,0.027468133903477965,0.03586860401890579,0,100
C_weaker_ordinal_smoothness,100,40,input_dependent_nonordinal,1,1124,0.9270462633451957,1.8772241992882561,1.8772241992882561,0,0.5271306621914348,0.026563236261009864,0.032242679564273014,0.026563236261009864,0,100
C_weaker_ordinal_smoothness,100,40,input_dependent_nonordinal,0,242,0.9214876033057852,1.3801652892561984,1.3801652892561984,0,0.46046928585700386,0.017435087012679682,-0.005619674261306717,0.017435087012679682,0,100
C_weaker_ordinal_smoothness,100,40,input_dependent_ordinal,2,1253,0.8731045490822027,1.9345570630486832,1.9345570630486832,0,0.6266657687529428,0.02952475547424931,0.09384288512069022,0.02952475547424931,0,100
C_weaker_ordinal_smoothness,100,40,input_dependent_ordinal,3,1179,0.8210347752332485,2.0865139949109417,2.0865139949109417,0,0.6773128409307806,0.03468813428060584,-0.1858917168908625,0.03468813428060584,0,100
C_weaker_ordinal_smoothness,100,40,input_dependent_ordinal,4,1202,0.940099833610649,1.4725457570715474,1.4725457570715474,0,0.7250799553468877,0.03893082839637012,0.05411191146624833,0.038930828396370104,0,100
C_weaker_ordinal_smoothness,100,40,input_dependent_ordinal,1,1124,0.9279359430604982,1.8781138790035588,1.8781138790035588,0,0.5722720173366613,0.02779057189795639,-0.011206211774508645,0.02779057189795639,0,100
C_weaker_ordinal_smoothness,100,40,input_dependent_ordinal,0,242,0.9256198347107438,1.3801652892561984,1.3801652892561984,0,0.5141409370808427,0.021907684744193603,-0.04167778931075605,0.021907684744193603,0,100
C_weaker_ordinal_smoothness,100,41,independent_mondrian,1,1197,0.9582289055973267,2.230576441102757,2.230576441102757,0,0.0,0.0,0.7204137222606504,0.0,0,100
C_weaker_ordinal_smoothness,100,41,independent_mondrian,4,1214,0.9242174629324547,1.7232289950576607,1.7232289950576607,0,0.0,0.0,0.8079993331246317,0.0,0,100
C_weaker_ordinal_smoothness,100,41,independent_mondrian,3,1170,0.9179487179487179,2.539316239316239,2.539316239316239,0,0.0,0.0,0.6655015893055188,0.0,0,100
C_weaker_ordinal_smoothness,100,41,independent_mondrian,0,250,0.936,1.672,1.672,0,0.0,0.0,0.5225797763282977,0.0,0,100
C_weaker_ordinal_smoothness,100,41,independent_mondrian,2,1169,0.9366980325064157,2.3353293413173652,2.3353293413173652,0,0.0,0.0,0.8687588354986321,0.0,0,100
C_weaker_ordinal_smoothness,100,41,ordinal_cluster,1,1197,0.9615705931495405,2.3316624895572264,2.3316624895572264,0,0.0,0.0,0.7411513262746301,0.0,0,100
C_weaker_ordinal_smoothness,100,41,ordinal_cluster,4,1214,0.9044481054365733,1.7652388797364085,1.7652388797364085,0,0.0,0.0,0.7524925581863592,0.0,0,100
C_weaker_ordinal_smoothness,100,41,ordinal_cluster,3,1170,0.9623931623931624,2.443589743589744,2.443589743589744,0,0.0,0.0,0.799595485649719,0.0,0,100
C_weaker_ordinal_smoothness,100,41,ordinal_cluster,0,250,0.98,1.724,1.724,0,0.0,0.0,0.6398304483629644,0.0,0,100
C_weaker_ordinal_smoothness,100,41,ordinal_cluster,2,1169,0.9024807527801539,2.459366980325064,2.459366980325064,0,0.0,0.0,0.7610124452538639,0.0,0,100
C_weaker_ordinal_smoothness,100,41,input_dependent_nonordinal,1,1197,0.9548872180451128,2.0426065162907268,2.0426065162907268,0,0.5070543127332166,0.022434559743784947,0.11728653927498245,0.022434559743784947,0,100
C_weaker_ordinal_smoothness,100,41,input_dependent_nonordinal,4,1214,0.9299835255354201,1.6037891268533773,1.6037891268533773,0,0.6957163274225306,0.02142140099087059,0.08924786989777655,0.02142140099087059,0,100
C_weaker_ordinal_smoothness,100,41,input_dependent_nonordinal,3,1170,0.8803418803418803,2.3068376068376066,2.3068376068376066,0,0.5687781170465351,0.030774775244455477,-0.0033967312004689054,0.030774775244455477,0,100
C_weaker_ordinal_smoothness,100,41,input_dependent_nonordinal,0,250,0.952,1.504,1.504,0,0.43115069688676555,0.016203442161927272,0.027220894115100758,0.016203442161927272,0,100
C_weaker_ordinal_smoothness,100,41,input_dependent_nonordinal,2,1169,0.932420872540633,2.140290846877673,2.140290846877673,0,0.7833568912714689,0.028547329830177402,0.04365983970916798,0.028547329830177402,0,100
C_weaker_ordinal_smoothness,100,41,input_dependent_ordinal,1,1197,0.9540517961570593,2.056808688387636,2.056808688387636,0,0.5686032940825263,0.023554230770890004,0.05419727518155126,0.023554230770890004,0,100
C_weaker_ordinal_smoothness,100,41,input_dependent_ordinal,4,1214,0.9357495881383855,1.6070840197693574,1.6070840197693574,0,0.7040915579516982,0.026751377651470586,0.09411475767492594,0.026751377651470586,0,100
C_weaker_ordinal_smoothness,100,41,input_dependent_ordinal,3,1170,0.882051282051282,2.323931623931624,2.323931623931624,0,0.6491434907230466,0.025552940903827703,-0.09337625610362565,0.025552940903827703,0,100
C_weaker_ordinal_smoothness,100,41,input_dependent_ordinal,0,250,0.948,1.496,1.496,0,0.5234112603028938,0.024565774513927673,-0.061420443545781134,0.024565774513927673,0,100
C_weaker_ordinal_smoothness,100,41,input_dependent_ordinal,2,1169,0.9332763045337895,2.144568006843456,2.144568006843456,0,0.6194162833763837,0.0258445087407591,0.21058895212898232,0.0258445087407591,0,100
C_weaker_ordinal_smoothness,100,42,independent_mondrian,1,1183,0.871513102282333,1.9146238377007607,1.9146238377007607,0,0.0,0.0,0.4719711674997744,0.0,0,100
C_weaker_ordinal_smoothness,100,42,independent_mondrian,4,1139,0.9306409130816505,1.6242317822651449,1.6242317822651449,0,0.0,0.0,0.7831313865081965,0.0,0,100
C_weaker_ordinal_smoothness,100,42,independent_mondrian,3,1152,0.8880208333333334,2.3125,2.3125,0,0.0,0.0,0.6204831618385964,0.0,0,100
C_weaker_ordinal_smoothness,100,42,independent_mondrian,2,1272,0.9190251572327044,2.0070754716981134,2.0070754716981134,0,0.0,0.0,0.7912205228008411,0.0,0,100
C_weaker_ordinal_smoothness,100,42,independent_mondrian,0,254,0.8740157480314961,1.220472440944882,1.220472440944882,0,0.0,0.0,0.41481371221358915,0.0,0,100
C_weaker_ordinal_smoothness,100,42,ordinal_cluster,1,1183,0.9289940828402367,1.8571428571428572,1.8571428571428572,0,0.0,0.0,0.5840844145909884,0.0,0,100
C_weaker_ordinal_smoothness,100,42,ordinal_cluster,4,1139,0.8674275680421423,1.562774363476734,1.562774363476734,0,0.0,0.0,0.6378577471889523,0.0,0,100
C_weaker_ordinal_smoothness,100,42,ordinal_cluster,3,1152,0.9279513888888888,2.0772569444444446,2.0772569444444446,0,0.0,0.0,0.7044534071431703,0.0,0,100
C_weaker_ordinal_smoothness,100,42,ordinal_cluster,2,1272,0.8474842767295597,2.0715408805031448,2.0715408805031448,0,0.0,0.0,0.6378577471889523,0.0,0,100
C_weaker_ordinal_smoothness,100,42,ordinal_cluster,0,254,0.9094488188976378,1.405511811023622,1.405511811023622,0,0.0,0.0,0.46786374663178815,0.0,0,100
C_weaker_ordinal_smoothness,100,42,input_dependent_nonordinal,1,1183,0.8782755705832629,1.8503803888419272,1.8503803888419272,0,0.47697368545480057,0.015527857880728498,-0.002040453557296651,0.015527857880728498,0,100
C_weaker_ordinal_smoothness,100,42,input_dependent_nonordinal,4,1139,0.9174714661984197,1.5460930640913082,1.5460930640913082,0,0.7084712963733669,0.02853332750491857,0.015363833807508165,0.02853332750491857,0,100
C_weaker_ordinal_smoothness,100,42,input_dependent_nonordinal,3,1152,0.8767361111111112,2.1354166666666665,2.1354166666666665,0,0.6031365788239901,0.026370702279976142,-0.03140456898164312,0.026370702279976142,0,100
C_weaker_ordinal_smoothness,100,42,input_dependent_nonordinal,2,1272,0.8985849056603774,1.929245283018868,1.929245283018868,0,0.7330963254756763,0.027269755661113962,0.019203346000925325,0.027269755661113962,0,100
C_weaker_ordinal_smoothness,100,42,input_dependent_nonordinal,0,254,0.9173228346456693,1.3228346456692914,1.3228346456692914,0,0.4410295548620458,0.015357992403191908,-0.00101619590140406,0.015357992403191904,0,100
C_weaker_ordinal_smoothness,100,42,input_dependent_ordinal,1,1183,0.8833474218089603,1.841927303465765,1.841927303465765,0,0.5383325830659252,0.018337026826737927,-0.0518195073255559,0.018337026826737927,0,100
C_weaker_ordinal_smoothness,100,42,input_dependent_ordinal,4,1139,0.9174714661984197,1.5285338015803336,1.5285338015803336,0,0.7216418674777443,0.030971602201297427,0.00617294777198496,0.030971602201297427,0,100
C_weaker_ordinal_smoothness,100,42,input_dependent_ordinal,3,1152,0.8767361111111112,2.140625,2.140625,0,0.6644967383716559,0.025267214615303984,-0.09173382753693149,0.025267214615303984,0,100
C_weaker_ordinal_smoothness,100,42,input_dependent_ordinal,2,1272,0.8946540880503144,1.9363207547169812,1.9363207547169812,0,0.5957581206888992,0.02122566697251034,0.14465435425380702,0.02122566697251034,0,100
C_weaker_ordinal_smoothness,100,42,input_dependent_ordinal,0,254,0.9173228346456693,1.330708661417323,1.330708661417323,0,0.4917757102954101,0.01340246559221469,-0.05793348310348728,0.01340246559221469,0,100
C_weaker_ordinal_smoothness,100,43,independent_mondrian,0,262,0.8396946564885496,1.248091603053435,1.248091603053435,0,0.0,0.0,0.44036995796538175,0.0,0,100
C_weaker_ordinal_smoothness,100,43,independent_mondrian,3,1201,0.906744379683597,2.296419650291424,2.296419650291424,0,0.0,0.0,0.634070514508081,0.0,0,100
C_weaker_ordinal_smoothness,100,43,independent_mondrian,2,1200,0.9316666666666666,2.0191666666666666,2.0191666666666666,0,0.0,0.0,0.8546334935711054,0.0,0,100
C_weaker_ordinal_smoothness,100,43,independent_mondrian,4,1152,0.9010416666666666,1.65625,1.65625,0,0.0,0.0,0.6977755405409626,0.0,0,100
C_weaker_ordinal_smoothness,100,43,independent_mondrian,1,1185,0.8649789029535865,2.0135021097046413,2.0135021097046413,0,0.0,0.0,0.4914700807806502,0.0,0,100
C_weaker_ordinal_smoothness,100,43,ordinal_cluster,0,262,0.851145038167939,1.3549618320610688,1.3549618320610688,0,0.0,0.0,0.46031242919701904,0.0,0,100
C_weaker_ordinal_smoothness,100,43,ordinal_cluster,3,1201,0.9333888426311407,2.126561199000833,2.126561199000833,0,0.0,0.0,0.6977755405409626,0.0,0,100
C_weaker_ordinal_smoothness,100,43,ordinal_cluster,2,1200,0.8533333333333334,2.1075,2.1075,0,0.0,0.0,0.6517957057192786,0.0,0,100
C_weaker_ordinal_smoothness,100,43,ordinal_cluster,4,1152,0.8836805555555556,1.6041666666666667,1.6041666666666667,0,0.0,0.0,0.6727571475998998,0.0,0,100
C_weaker_ordinal_smoothness,100,43,ordinal_cluster,1,1185,0.920675105485232,1.8666666666666667,1.8666666666666667,0,0.0,0.0,0.6039142120415668,0.0,0,100
C_weaker_ordinal_smoothness,100,43,input_dependent_nonordinal,0,262,0.8396946564885496,1.2709923664122138,1.2709923664122138,0,0.4324884556088989,0.018963676820341932,-0.012641404291605568,0.018963676820341932,0,100
C_weaker_ordinal_smoothness,100,43,input_dependent_nonordinal,3,1201,0.88759367194005,2.2747710241465446,2.2747710241465446,0,0.5617618756475994,0.019351048795834633,0.021578100293750846,0.019351048795834633,0,100
C_weaker_ordinal_smoothness,100,43,input_dependent_nonordinal,2,1200,0.9358333333333333,1.9508333333333334,1.9508333333333334,0,0.7593186565010965,0.03179337255481381,0.09622697356390375,0.03179337255481381,0,100
C_weaker_ordinal_smoothness,100,43,input_dependent_nonordinal,4,1152,0.9236111111111112,1.6302083333333333,1.6302083333333333,0,0.6977035144067627,0.01675746882777643,0.038377258987033036,0.01675746882777643,0,100
C_weaker_ordinal_smoothness,100,43,input_dependent_nonordinal,1,1185,0.8624472573839662,1.969620253164557,1.969620253164557,0,0.5372826791992221,0.027075646342734454,-0.05764472815610833,0.027075646342734454,0,100
C_weaker_ordinal_smoothness,100,43,input_dependent_ordinal,0,262,0.8664122137404581,1.2938931297709924,1.2938931297709924,0,0.5517012589825276,0.03370508343642558,-0.09326480539792809,0.03370508343642558,0,100
C_weaker_ordinal_smoothness,100,43,input_dependent_ordinal,3,1201,0.88759367194005,2.298084929225645,2.298084929225645,0,0.6541106899524792,0.019748400384220346,-0.06899486775453545,0.019748400384220346,0,100
C_weaker_ordinal_smoothness,100,43,input_dependent_ordinal,2,1200,0.9416666666666667,1.9825,1.9825,0,0.6065259348937996,0.024246928993370002,0.2643392318442347,0.024246928993370002,0,100
C_weaker_ordinal_smoothness,100,43,input_dependent_ordinal,4,1152,0.9244791666666666,1.6397569444444444,1.6397569444444444,0,0.6937527317427521,0.01802324147736291,0.047208873567539,0.01802324147736291,0,100
C_weaker_ordinal_smoothness,100,43,input_dependent_ordinal,1,1185,0.8632911392405064,2.028691983122363,2.028691983122363,0,0.5757614815956855,0.027208829385161077,-0.09576087675022327,0.027208829385161077,0,100
C_weaker_ordinal_smoothness,100,44,independent_mondrian,1,1203,0.9060681629260183,1.9526184538653366,1.9526184538653366,0,0.0,0.0,0.5497675125358908,0.0,0,100
C_weaker_ordinal_smoothness,100,44,independent_mondrian,4,1251,0.9144684252597922,1.671462829736211,1.671462829736211,0,0.0,0.0,0.7670618914352134,0.0,0,100
C_weaker_ordinal_smoothness,100,44,independent_mondrian,2,1111,0.9342934293429342,2.1404140414041404,2.1404140414041404,0,0.0,0.0,0.8021857093201058,0.0,0,100
C_weaker_ordinal_smoothness,100,44,independent_mondrian,3,1195,0.9355648535564853,2.390794979079498,2.390794979079498,0,0.0,0.0,0.6926731148525461,0.0,0,100
C_weaker_ordinal_smoothness,100,44,independent_mondrian,0,240,0.8625,1.3416666666666666,1.3416666666666666,0,0.0,0.0,0.3825964412688415,0.0,0,100
C_weaker_ordinal_smoothness,100,44,ordinal_cluster,1,1203,0.9318370739817123,1.9210307564422278,1.9210307564422278,0,0.0,0.0,0.6029521631998935,0.0,0,100
C_weaker_ordinal_smoothness,100,44,ordinal_cluster,4,1251,0.8936850519584333,1.641886490807354,1.641886490807354,0,0.0,0.0,0.7236786731158987,0.0,0,100
C_weaker_ordinal_smoothness,100,44,ordinal_cluster,2,1111,0.891989198919892,2.163816381638164,2.163816381638164,0,0.0,0.0,0.6911227648199453,0.0,0,100
C_weaker_ordinal_smoothness,100,44,ordinal_cluster,3,1195,0.9447698744769875,2.2502092050209206,2.2502092050209206,0,0.0,0.0,0.7346986791609418,0.0,0,100
C_weaker_ordinal_smoothness,100,44,ordinal_cluster,0,240,0.8916666666666667,1.4041666666666666,1.4041666666666666,0,0.0,0.0,0.4291164016681334,0.0,0,100
C_weaker_ordinal_smoothness,100,44,input_dependent_nonordinal,1,1203,0.9019118869492935,1.8753117206982544,1.8753117206982544,0,0.5153418939621928,0.027735697560953648,0.017916600307531783,0.027735697560953648,0,100
C_weaker_ordinal_smoothness,100,44,input_dependent_nonordinal,4,1251,0.8968824940047961,1.5523581135091926,1.5523581135091926,0,0.6860114420849159,0.016286684469724474,0.028795612741333354,0.016286684469724474,0,100
C_weaker_ordinal_smoothness,100,44,input_dependent_nonordinal,2,1111,0.9144914491449145,2.0414041404140413,2.0414041404140413,0,0.7540190366450286,0.017484152742332493,-0.0062071983631153405,0.017484152742332493,0,100
C_weaker_ordinal_smoothness,100,44,input_dependent_nonordinal,3,1195,0.9188284518828452,2.1958158995815897,2.1958158995815897,0,0.5836146881951296,0.02326171892007144,0.04895074514327691,0.02326171892007144,0,100
C_weaker_ordinal_smoothness,100,44,input_dependent_nonordinal,0,240,0.85,1.3208333333333333,1.3208333333333333,0,0.4481190910875958,0.02409428134969653,-0.03993670140687933,0.02409428134969653,0,100
C_weaker_ordinal_smoothness,100,44,input_dependent_ordinal,1,1203,0.9035743973399833,1.8886118038237738,1.8886118038237738,0,0.5673817449968565,0.025367514433041038,-0.0341462180670683,0.025367514433041038,0,100
C_weaker_ordinal_smoothness,100,44,input_dependent_ordinal,4,1251,0.8952837729816147,1.5555555555555556,1.5555555555555556,0,0.6901602180819733,0.01722400717830293,0.019483279152893163,0.01722400717830293,0,100
C_weaker_ordinal_smoothness,100,44,input_dependent_ordinal,2,1111,0.9144914491449145,2.0432043204320434,2.0432043204320434,0,0.6142914342197157,0.02191572527086189,0.14489340416592722,0.02191572527086189,0,100
C_weaker_ordinal_smoothness,100,44,input_dependent_ordinal,3,1195,0.9179916317991632,2.198326359832636,2.198326359832636,0,0.655067181536306,0.01887133491809619,-0.02569265615125582,0.01887133491809619,0,100
C_weaker_ordinal_smoothness,100,44,input_dependent_ordinal,0,240,0.85,1.3208333333333333,1.3208333333333333,0,0.5228635858720831,0.026732474281922863,-0.10661372461486152,0.026732474281922863,0,100
C_weaker_ordinal_smoothness,100,45,independent_mondrian,1,1145,0.8812227074235808,2.0148471615720522,2.0148471615720522,0,0.0,0.0,0.48636331874990624,0.0,0,100
C_weaker_ordinal_smoothness,100,45,independent_mondrian,4,1223,0.8675388389206868,1.4677023712183157,1.4677023712183157,0,0.0,0.0,0.6386645557259244,0.0,0,100
C_weaker_ordinal_smoothness,100,45,independent_mondrian,3,1148,0.9041811846689896,2.137630662020906,2.137630662020906,0,0.0,0.0,0.5937658567540066,0.0,0,100
C_weaker_ordinal_smoothness,100,45,independent_mondrian,2,1215,0.8724279835390947,1.9497942386831275,1.9497942386831275,0,0.0,0.0,0.7291813523467782,0.0,0,100
C_weaker_ordinal_smoothness,100,45,independent_mondrian,0,269,0.9442379182156134,1.3159851301115242,1.3159851301115242,0,0.0,0.0,0.5514600490532026,0.0,0,100
C_weaker_ordinal_smoothness,100,45,ordinal_cluster,1,1145,0.9397379912663756,1.9213973799126638,1.9213973799126638,0,0.0,0.0,0.5969021068806625,0.0,0,100
C_weaker_ordinal_smoothness,100,45,ordinal_cluster,4,1223,0.8552739165985282,1.463614063777596,1.463614063777596,0,0.0,0.0,0.610447824306354,0.0,0,100
C_weaker_ordinal_smoothness,100,45,ordinal_cluster,3,1148,0.9277003484320557,2.0121951219512195,2.0121951219512195,0,0.0,0.0,0.6493010931832421,0.0,0,100
C_weaker_ordinal_smoothness,100,45,ordinal_cluster,2,1215,0.8189300411522634,2.017283950617284,2.017283950617284,0,0.0,0.0,0.6229106502813724,0.0,0,100
C_weaker_ordinal_smoothness,100,45,ordinal_cluster,0,269,0.9442379182156134,1.4349442379182156,1.4349442379182156,0,0.0,0.0,0.5445492443194581,0.0,0,100
C_weaker_ordinal_smoothness,100,45,input_dependent_nonordinal,1,1145,0.8122270742358079,1.7074235807860263,1.7074235807860263,0,0.5184627079051014,0.021771224734265345,-0.0923639047941105,0.021771224734265345,0,100
C_weaker_ordinal_smoothness,100,45,input_dependent_nonordinal,4,1223,0.8086672117743254,1.3401471790678658,1.3401471790678658,0,0.6946804926043891,0.027046299054859932,-0.13428839243652246,0.027046299054859932,0,100
C_weaker_ordinal_smoothness,100,45,input_dependent_nonordinal,3,1148,0.8702090592334495,1.8649825783972125,1.8649825783972125,0,0.615500895514955,0.021658541729463326,-0.09769540755337947,0.021658541729463326,0,100
C_weaker_ordinal_smoothness,100,45,input_dependent_nonordinal,2,1215,0.8444444444444444,1.7679012345679013,1.7679012345679013,0,0.7861715267478737,0.030713123077040397,-0.08112763066743345,0.030713123077040397,0,100
C_weaker_ordinal_smoothness,100,45,input_dependent_nonordinal,0,269,0.9368029739776952,1.2676579925650557,1.2676579925650557,0,0.4781814049223106,0.014169779116869126,-0.0243302920391269,0.014169779116869126,0,100
C_weaker_ordinal_smoothness,100,45,input_dependent_ordinal,1,1145,0.8069868995633188,1.7231441048034934,1.7231441048034934,0,0.5853771536414178,0.022504610746797545,-0.16343155098430118,0.022504610746797545,0,100
C_weaker_ordinal_smoothness,100,45,input_dependent_ordinal,4,1223,0.8086672117743254,1.339329517579722,1.339329517579722,0,0.7128301670268024,0.02675435446685266,-0.15274903079889768,0.02675435446685266,0,100
C_weaker_ordinal_smoothness,100,45,input_dependent_ordinal,3,1148,0.8702090592334495,1.8736933797909407,1.8736933797909407,0,0.6688065321805677,0.02579105369021399,-0.14390194883814805,0.02579105369021399,0,100
C_weaker_ordinal_smoothness,100,45,input_dependent_ordinal,2,1215,0.8518518518518519,1.7753086419753086,1.7753086419753086,0,0.6292262823014834,0.02506997744733031,0.07651309730385458,0.02506997744733031,0,100
C_weaker_ordinal_smoothness,100,45,input_dependent_ordinal,0,269,0.929368029739777,1.2565055762081785,1.2565055762081785,0,0.5506251384282949,0.020784692925474343,-0.09747522165825018,0.020784692925474343,0,100
C_weaker_ordinal_smoothness,100,46,independent_mondrian,4,1201,0.9275603663613655,1.6444629475437136,1.6444629475437136,0,0.0,0.0,0.7778749848008285,0.0,0,100
C_weaker_ordinal_smoothness,100,46,independent_mondrian,1,1152,0.9453125,2.0677083333333335,2.0677083333333335,0,0.0,0.0,0.6477728494986315,0.0,0,100
C_weaker_ordinal_smoothness,100,46,independent_mondrian,0,222,0.9459459459459459,1.5045045045045045,1.5045045045045045,0,0.0,0.0,0.49663424141452955,0.0,0,100
C_weaker_ordinal_smoothness,100,46,independent_mondrian,3,1220,0.9385245901639344,2.4073770491803277,2.4073770491803277,0,0.0,0.0,0.6828152485595249,0.0,0,100
C_weaker_ordinal_smoothness,100,46,independent_mondrian,2,1205,0.8896265560165975,2.232365145228216,2.232365145228216,0,0.0,0.0,0.758501220328209,0.0,0,100
C_weaker_ordinal_smoothness,100,46,ordinal_cluster,4,1201,0.8917568692756037,1.6602830974188176,1.6602830974188176,0,0.0,0.0,0.6868491026185513,0.0,0,100
C_weaker_ordinal_smoothness,100,46,ordinal_cluster,1,1152,0.9453125,2.1631944444444446,2.1631944444444446,0,0.0,0.0,0.6477728494986315,0.0,0,100
C_weaker_ordinal_smoothness,100,46,ordinal_cluster,0,222,0.9684684684684685,1.509009009009009,1.509009009009009,0,0.0,0.0,0.6024391935078899,0.0,0,100
C_weaker_ordinal_smoothness,100,46,ordinal_cluster,3,1220,0.9475409836065574,2.234426229508197,2.234426229508197,0,0.0,0.0,0.744036184537795,0.0,0,100
C_weaker_ordinal_smoothness,100,46,ordinal_cluster,2,1205,0.8630705394190872,2.2448132780082988,2.2448132780082988,0,0.0,0.0,0.6980501751429027,0.0,0,100
C_weaker_ordinal_smoothness,100,46,input_dependent_nonordinal,4,1201,0.9342214820982515,1.565362198168193,1.565362198168193,0,0.7137081261708227,0.014708690613931458,0.06155581165128354,0.014708690613931458,0,100
C_weaker_ordinal_smoothness,100,46,input_dependent_nonordinal,1,1152,0.984375,1.9678819444444444,1.9678819444444444,0,0.5343905524541324,0.02953589021500239,0.2140825875600245,0.02953589021500239,0,100
C_weaker_ordinal_smoothness,100,46,input_dependent_nonordinal,0,222,0.8963963963963963,1.5225225225225225,1.5225225225225225,0,0.44127549192621934,0.01306380698394117,-0.01872459867445697,0.01306380698394117,0,100
C_weaker_ordinal_smoothness,100,46,input_dependent_nonordinal,3,1220,0.9147540983606557,2.305737704918033,2.305737704918033,0,0.5755415434014515,0.022417479380979665,0.017396643952537594,0.022417479380979665,0,100
C_weaker_ordinal_smoothness,100,46,input_dependent_nonordinal,2,1205,0.8829875518672199,2.198340248962656,2.198340248962656,0,0.7708345243359743,0.02104394724765128,-0.04064119112226339,0.02104394724765128,0,100
C_weaker_ordinal_smoothness,100,46,input_dependent_ordinal,4,1201,0.9350541215653622,1.5703580349708577,1.5703580349708577,0,0.7084999257678019,0.016188141374722284,0.06663584370254427,0.016188141374722284,0,100
C_weaker_ordinal_smoothness,100,46,input_dependent_ordinal,1,1152,0.9800347222222222,1.9592013888888888,1.9592013888888888,0,0.5777470421947084,0.026075635484449113,0.1527253374300609,0.026075635484449113,0,100
C_weaker_ordinal_smoothness,100,46,input_dependent_ordinal,0,222,0.8693693693693694,1.481981981981982,1.481981981981982,0,0.49878050852692773,0.02690920056121959,-0.09731153215418398,0.02690920056121959,0,100
C_weaker_ordinal_smoothness,100,46,input_dependent_ordinal,3,1220,0.9180327868852459,2.3008196721311474,2.3008196721311474,0,0.6624338394563567,0.019236145193908632,-0.06361093527172668,0.019236145193908632,0,100
C_weaker_ordinal_smoothness,100,46,input_dependent_ordinal,2,1205,0.8854771784232365,2.2099585062240665,2.2099585062240665,0,0.6240731387437409,0.022480647992888105,0.10622157553215705,0.022480647992888105,0,100
C_weaker_ordinal_smoothness,100,47,independent_mondrian,4,1174,0.9003407155025553,1.555366269165247,1.555366269165247,0,0.0,0.0,0.7560044071842632,0.0,0,100
C_weaker_ordinal_smoothness,100,47,independent_mondrian,2,1216,0.8988486842105263,2.1085526315789473,2.1085526315789473,0,0.0,0.0,0.7829005007958496,0.0,0,100
C_weaker_ordinal_smoothness,100,47,independent_mondrian,1,1201,0.9400499583680266,2.003330557868443,2.003330557868443,0,0.0,0.0,0.620871050329854,0.0,0,100
C_weaker_ordinal_smoothness,100,47,independent_mondrian,3,1157,0.8928262748487468,2.33362143474503,2.33362143474503,0,0.0,0.0,0.5860399943841093,0.0,0,100
C_weaker_ordinal_smoothness,100,47,independent_mondrian,0,252,0.8452380952380952,1.5357142857142858,1.5357142857142858,0,0.0,0.0,0.4449951336588856,0.0,0,100
C_weaker_ordinal_smoothness,100,47,ordinal_cluster,4,1174,0.8296422487223168,1.4770017035775127,1.4770017035775127,0,0.0,0.0,0.6375427991895349,0.0,0,100
C_weaker_ordinal_smoothness,100,47,ordinal_cluster,2,1216,0.8355263157894737,2.0929276315789473,2.0929276315789473,0,0.0,0.0,0.63192547172137,0.0,0,100
C_weaker_ordinal_smoothness,100,47,ordinal_cluster,1,1201,0.9400499583680266,1.9658617818484596,1.9658617818484596,0,0.0,0.0,0.613624510019792,0.0,0,100
C_weaker_ordinal_smoothness,100,47,ordinal_cluster,3,1157,0.9325842696629213,2.0786516853932584,2.0786516853932584,0,0.0,0.0,0.6654392582010303,0.0,0,100
C_weaker_ordinal_smoothness,100,47,ordinal_cluster,0,252,0.9246031746031746,1.5436507936507937,1.5436507936507937,0,0.0,0.0,0.5504005451041145,0.0,0,100
C_weaker_ordinal_smoothness,100,47,input_dependent_nonordinal,4,1174,0.883304940374787,1.494037478705281,1.494037478705281,0,0.7096380572817277,0.021168464583603254,-0.007292915944421496,0.021168464583603254,0,100
C_weaker_ordinal_smoothness,100,47,input_dependent_nonordinal,2,1216,0.884046052631579,2.0452302631578947,2.0452302631578947,0,0.7649822281325099,0.02511547681186825,-0.031038031419890477,0.02511547681186825,0,100
C_weaker_ordinal_smoothness,100,47,input_dependent_nonordinal,1,1201,0.9300582847626978,2.0149875104079933,2.0149875104079933,0,0.5290240249872833,0.022111567535346544,0.03392547545769398,0.022111567535346544,0,100
C_weaker_ordinal_smoothness,100,47,input_dependent_nonordinal,3,1157,0.9152981849611063,2.1486603284356094,2.1486603284356094,0,0.5914011638370291,0.03184769934637093,0.0242447505213223,0.03184769934637093,0,100
C_weaker_ordinal_smoothness,100,47,input_dependent_nonordinal,0,252,0.9563492063492064,1.5396825396825398,1.5396825396825398,0,0.4899132460670248,0.0206065198880271,0.06942509013294418,0.0206065198880271,0,100
C_weaker_ordinal_smoothness,100,47,input_dependent_ordinal,4,1174,0.8909710391822828,1.5008517887563884,1.5008517887563884,0,0.7108727808758207,0.025677338395442305,-0.00020608795024112947,0.025677338395442305,0,100
C_weaker_ordinal_smoothness,100,47,input_dependent_ordinal,2,1216,0.884046052631579,2.0509868421052633,2.0509868421052633,0,0.6237912865086608,0.02492570020191824,0.10988126165873968,0.02492570020191824,0,100
C_weaker_ordinal_smoothness,100,47,input_dependent_ordinal,1,1201,0.9308909242298085,1.9991673605328892,1.9991673605328892,0,0.5834042610446543,0.02424917669244577,-0.011722004455844759,0.02424917669244577,0,100
C_weaker_ordinal_smoothness,100,47,input_dependent_ordinal,3,1157,0.9144338807260155,2.1590319792566985,2.1590319792566985,0,0.6644610744995777,0.02506944740186697,-0.05803544193973986,0.02506944740186697,0,100
C_weaker_ordinal_smoothness,100,47,input_dependent_ordinal,0,252,0.9484126984126984,1.5396825396825398,1.5396825396825398,0,0.5595604931215273,0.023767197359071485,-0.0002830724745912505,0.023767197359071485,0,100
C_weaker_ordinal_smoothness,100,48,independent_mondrian,3,1208,0.8766556291390728,2.2268211920529803,2.2268211920529803,0,0.0,0.0,0.5534718531477429,0.0,0,100
C_weaker_ordinal_smoothness,100,48,independent_mondrian,1,1216,0.9046052631578947,2.008223684210526,2.008223684210526,0,0.0,0.0,0.526346500942237,0.0,0,100
C_weaker_ordinal_smoothness,100,48,independent_mondrian,0,209,0.8755980861244019,1.354066985645933,1.354066985645933,0,0.0,0.0,0.5024344755106209,0.0,0,100
C_weaker_ordinal_smoothness,100,48,independent_mondrian,2,1178,0.8972835314091681,1.9465195246179967,1.9465195246179967,0,0.0,0.0,0.7682697947808733,0.0,0,100
C_weaker_ordinal_smoothness,100,48,independent_mondrian,4,1189,0.8982338099243061,1.4600504625735913,1.4600504625735913,0,0.0,0.0,0.6915173690381888,0.0,0,100
C_weaker_ordinal_smoothness,100,48,ordinal_cluster,3,1208,0.9329470198675497,2.019867549668874,2.019867549668874,0,0.0,0.0,0.6671223651373872,0.0,0,100
C_weaker_ordinal_smoothness,100,48,ordinal_cluster,1,1216,0.928453947368421,1.852796052631579,1.852796052631579,0,0.0,0.0,0.5763755783914347,0.0,0,100
C_weaker_ordinal_smoothness,100,48,ordinal_cluster,0,209,0.8755980861244019,1.3923444976076556,1.3923444976076556,0,0.0,0.0,0.5024344755106209,0.0,0,100
C_weaker_ordinal_smoothness,100,48,ordinal_cluster,2,1178,0.8174872665534805,2.005942275042445,2.005942275042445,0,0.0,0.0,0.6173407783194653,0.0,0,100
C_weaker_ordinal_smoothness,100,48,ordinal_cluster,4,1189,0.8730025231286795,1.494533221194281,1.494533221194281,0,0.0,0.0,0.6219149801485566,0.0,0,100
C_weaker_ordinal_smoothness,100,48,input_dependent_nonordinal,3,1208,0.8683774834437086,2.146523178807947,2.146523178807947,0,0.5803516436928278,0.016383616878615205,-0.05447081669015119,0.016383616878615205,0,100
C_weaker_ordinal_smoothness,100,48,input_dependent_nonordinal,1,1216,0.8774671052631579,1.959703947368421,1.959703947368421,0,0.4989062427893776,0.02194213151210851,-0.029746430528166945,0.02194213151210851,0,100
C_weaker_ordinal_smoothness,100,48,input_dependent_nonordinal,0,209,0.8899521531100478,1.4066985645933014,1.4066985645933014,0,0.45378516471526087,0.022983257817930793,0.04246943495312028,0.022983257817930793,0,100
C_weaker_ordinal_smoothness,100,48,input_dependent_nonordinal,2,1178,0.9354838709677419,1.929541595925297,1.929541595925297,0,0.7542235992642679,0.02304262274148447,0.10972287280665777,0.02304262274148447,0,100
C_weaker_ordinal_smoothness,100,48,input_dependent_nonordinal,4,1189,0.8839360807401178,1.464255677039529,1.464255677039529,0,0.7305213705866728,0.0328039242475749,-0.07285670405735345,0.0328039242475749,0,100
C_weaker_ordinal_smoothness,100,48,input_dependent_ordinal,3,1208,0.8816225165562914,2.1796357615894038,2.1796357615894038,0,0.6676039127519119,0.023805885592579634,-0.10776757741748832,0.023805885592579634,0,100
C_weaker_ordinal_smoothness,100,48,input_dependent_ordinal,1,1216,0.8758223684210527,1.9827302631578947,1.9827302631578947,0,0.5472817119690289,0.02115298947044267,-0.07978734735623882,0.02115298947044267,0,100
C_weaker_ordinal_smoothness,100,48,input_dependent_ordinal,0,209,0.8995215311004785,1.4210526315789473,1.4210526315789473,0,0.517921402163755,0.01927566241394363,-0.01341135829738005,0.01927566241394363,0,100
C_weaker_ordinal_smoothness,100,48,input_dependent_ordinal,2,1178,0.9354838709677419,1.9567062818336163,1.9567062818336163,0,0.6175224323268989,0.023257111849346646,0.2476208399897421,0.023257111849346646,0,100
C_weaker_ordinal_smoothness,100,48,input_dependent_ordinal,4,1189,0.8957106812447435,1.5079899074852818,1.5079899074852818,0,0.723410589362946,0.0267194914036935,-0.05553065514848471,0.0267194914036935,0,100
C_weaker_ordinal_smoothness,100,49,independent_mondrian,4,1170,0.9196581196581196,1.5743589743589743,1.5743589743589743,0,0.0,0.0,0.7872321013296547,0.0,0,100
C_weaker_ordinal_smoothness,100,49,independent_mondrian,3,1174,0.9233390119250426,2.303236797274276,2.303236797274276,0,0.0,0.0,0.6161354471771555,0.0,0,100
C_weaker_ordinal_smoothness,100,49,independent_mondrian,1,1222,0.8191489361702128,1.8461538461538463,1.8461538461538463,0,0.0,0.0,0.412712758360172,0.0,0,100
C_weaker_ordinal_smoothness,100,49,independent_mondrian,2,1182,0.8908629441624365,1.9526226734348562,1.9526226734348562,0,0.0,0.0,0.7398681487121651,0.0,0,100
C_weaker_ordinal_smoothness,100,49,independent_mondrian,0,252,0.8888888888888888,1.2103174603174602,1.2103174603174602,0,0.0,0.0,0.4541196375102364,0.0,0,100
C_weaker_ordinal_smoothness,100,49,ordinal_cluster,4,1170,0.9094017094017094,1.6341880341880342,1.6341880341880342,0,0.0,0.0,0.749244769292793,0.0,0,100
C_weaker_ordinal_smoothness,100,49,ordinal_cluster,3,1174,0.9565587734241908,2.15587734241908,2.15587734241908,0,0.0,0.0,0.7451283231803771,0.0,0,100
C_weaker_ordinal_smoothness,100,49,ordinal_cluster,1,1222,0.9018003273322422,1.7315875613747955,1.7315875613747955,0,0.0,0.0,0.5403366581827189,0.0,0,100
C_weaker_ordinal_smoothness,100,49,ordinal_cluster,2,1182,0.7978003384094755,2.0769881556683587,2.0769881556683587,0,0.0,0.0,0.5871654377892292,0.0,0,100
C_weaker_ordinal_smoothness,100,49,ordinal_cluster,0,252,0.876984126984127,1.3571428571428572,1.3571428571428572,0,0.0,0.0,0.4233068706754043,0.0,0,100
C_weaker_ordinal_smoothness,100,49,input_dependent_nonordinal,4,1170,0.9222222222222223,1.6051282051282052,1.6051282051282052,0,0.7188930841949555,0.02786896231079676,0.03823357374306424,0.02786896231079676,0,100
C_weaker_ordinal_smoothness,100,49,input_dependent_nonordinal,3,1174,0.938671209540034,2.212947189097104,2.212947189097104,0,0.5708141287972582,0.026646331647490026,0.08669703003478074,0.026646331647490026,0,100
C_weaker_ordinal_smoothness,100,49,input_dependent_nonordinal,1,1222,0.8486088379705401,1.8625204582651391,1.8625204582651391,0,0.5172431068318709,0.019125259674860697,-0.05295727736568001,0.019125259674860697,0,100
C_weaker_ordinal_smoothness,100,49,input_dependent_nonordinal,2,1182,0.9018612521150592,2.0287648054145517,2.0287648054145517,0,0.7493646393940503,0.031218079371202412,0.017269310889230116,0.031218079371202412,0,100
C_weaker_ordinal_smoothness,100,49,input_dependent_nonordinal,0,252,0.9087301587301587,1.3214285714285714,1.3214285714285714,0,0.42875211563426,0.010662492248538174,0.012572926150472008,0.010662492248538174,0,100
C_weaker_ordinal_smoothness,100,49,input_dependent_ordinal,4,1170,0.9273504273504274,1.6017094017094018,1.6017094017094018,0,0.7101257423197699,0.030584330620881645,0.05281655964394705,0.030584330620881645,0,100
C_weaker_ordinal_smoothness,100,49,input_dependent_ordinal,3,1174,0.9395229982964225,2.2163543441226574,2.2163543441226574,0,0.659849886370784,0.02742217341318802,-0.0007617229871746956,0.02742217341318802,0,100
C_weaker_ordinal_smoothness,100,49,input_dependent_ordinal,1,1222,0.8428805237315876,1.8682487725040917,1.8682487725040917,0,0.5582193242942817,0.021104479192432562,-0.09517880761662367,0.021104479192432562,0,100
C_weaker_ordinal_smoothness,100,49,input_dependent_ordinal,2,1182,0.8959390862944162,2.032148900169205,2.032148900169205,0,0.6155887261684707,0.025094072062605173,0.1367713669999061,0.025094072062605173,0,100
C_weaker_ordinal_smoothness,100,49,input_dependent_ordinal,0,252,0.9047619047619048,1.3174603174603174,1.3174603174603174,0,0.5003090996373031,0.017568258919393686,-0.04532208799372173,0.017568258919393686,0,100
C_weaker_ordinal_smoothness,50,0,independent_mondrian,1,1223,0.856909239574816,2.082583810302535,2.082583810302535,0,0.0,0.0,0.4727638759723014,0.0,0,100
C_weaker_ordinal_smoothness,50,0,independent_mondrian,4,1169,0.8913601368691189,1.6270316509837468,1.6270316509837468,0,0.0,0.0,0.7313852491253142,0.0,0,100
C_weaker_ordinal_smoothness,50,0,independent_mondrian,2,1209,0.946236559139785,2.023159636062862,2.023159636062862,0,0.0,0.0,0.918450631296777,0.0,0,100
C_weaker_ordinal_smoothness,50,0,independent_mondrian,0,250,0.916,1.312,1.312,0,0.0,0.0,0.47027551164469433,0.0,0,50
C_weaker_ordinal_smoothness,50,0,independent_mondrian,3,1149,0.8859878154917319,2.3655352480417755,2.3655352480417755,0,0.0,0.0,0.5830433115173005,0.0,0,100
C_weaker_ordinal_smoothness,50,0,ordinal_cluster,1,1223,0.9411283728536386,1.9067865903515944,1.9067865903515944,0,0.0,0.0,0.6339102678288194,0.0,0,100
C_weaker_ordinal_smoothness,50,0,ordinal_cluster,4,1169,0.8477331052181352,1.562874251497006,1.562874251497006,0,0.0,0.0,0.6283604849751432,0.0,0,100
C_weaker_ordinal_smoothness,50,0,ordinal_cluster,2,1209,0.8196856906534326,2.1248966087675765,2.1248966087675765,0,0.0,0.0,0.6339102678288194,0.0,0,100
C_weaker_ordinal_smoothness,50,0,ordinal_cluster,0,250,0.916,1.436,1.436,0,0.0,0.0,0.47027551164469433,0.0,0,50
C_weaker_ordinal_smoothness,50,0,ordinal_cluster,3,1149,0.9408181026979983,2.0687554395126195,2.0687554395126195,0,0.0,0.0,0.7152525279670934,0.0,0,100
C_weaker_ordinal_smoothness,50,0,input_dependent_nonordinal,1,1223,0.8912510220768601,2.154538021259199,2.154538021259199,0,0.5265807689472098,0.02515984512461478,-0.008885760981326651,0.02515984512461478,0,100
C_weaker_ordinal_smoothness,50,0,input_dependent_nonordinal,4,1169,0.8776732249786142,1.60393498716852,1.60393498716852,0,0.7254533980419435,0.033363894706321444,-0.036711178107032394,0.033363894706321444,0,100
C_weaker_ordinal_smoothness,50,0,input_dependent_nonordinal,2,1209,0.9404466501240695,2.088502894954508,2.088502894954508,0,0.7432532937155553,0.009824695195357806,0.14221937077129698,0.009824695195357806,0,100
C_weaker_ordinal_smoothness,50,0,input_dependent_nonordinal,0,250,0.952,1.428,1.428,0,0.45068927073941895,0.020547984049088603,0.07335676571601701,0.020547984049088603,0,50
C_weaker_ordinal_smoothness,50,0,input_dependent_nonordinal,3,1149,0.9042645778938208,2.281114012184508,2.281114012184508,0,0.5811000816826509,0.035110113030902966,0.03443163557905815,0.035110113030902966,0,100
C_weaker_ordinal_smoothness,50,0,input_dependent_ordinal,1,1223,0.8732624693376942,2.1741618969746526,2.1741618969746526,0,0.5658876512412749,0.018692013762472204,-0.08160875029721681,0.018692013762472204,0,100
C_weaker_ordinal_smoothness,50,0,input_dependent_ordinal,4,1169,0.8768177929854577,1.5936698032506416,1.5936698032506416,0,0.7153524777860788,0.031909659998973716,-0.02738097664491923,0.031909659998973716,0,100
C_weaker_ordinal_smoothness,50,0,input_dependent_ordinal,2,1209,0.9528535980148883,2.0471464019851116,2.0471464019851116,0,0.614880190372455,0.0222892108678924,0.32119612955540333,0.0222892108678924,0,100
C_weaker_ordinal_smoothness,50,0,input_dependent_ordinal,0,250,0.956,1.432,1.432,0,0.5203217994003511,0.013903344486672025,0.021368566277701673,0.013903344486672025,0,50
C_weaker_ordinal_smoothness,50,0,input_dependent_ordinal,3,1149,0.8894691035683203,2.2724107919930376,2.2724107919930376,0,0.6651220297754407,0.027212556425160087,-0.08080443544030058,0.027212556425160087,0,100
C_weaker_ordinal_smoothness,50,1,independent_mondrian,0,247,0.9068825910931174,1.4534412955465588,1.4534412955465588,0,0.0,0.0,0.45719031418730804,0.0,0,50
C_weaker_ordinal_smoothness,50,1,independent_mondrian,1,1213,0.8928276999175597,2.075020610057708,2.075020610057708,0,0.0,0.0,0.5136757700784575,0.0,0,100
C_weaker_ordinal_smoothness,50,1,independent_mondrian,4,1179,0.9151823579304496,1.6064461407972859,1.6064461407972859,0,0.0,0.0,0.7360973372633856,0.0,0,100
C_weaker_ordinal_smoothness,50,1,independent_mondrian,3,1145,0.8908296943231441,2.3327510917030567,2.3327510917030567,0,0.0,0.0,0.596729216976247,0.0,0,100
C_weaker_ordinal_smoothness,50,1,independent_mondrian,2,1216,0.9325657894736842,2.051809210526316,2.051809210526316,0,0.0,0.0,0.8658670359287608,0.0,0,100
C_weaker_ordinal_smoothness,50,1,ordinal_cluster,0,247,0.9271255060728745,1.54251012145749,1.54251012145749,0,0.0,0.0,0.5017548331218734,0.0,0,50
C_weaker_ordinal_smoothness,50,1,ordinal_cluster,1,1213,0.9381698268755152,1.9068425391591097,1.9068425391591097,0,0.0,0.0,0.6128963372372009,0.0,0,100
C_weaker_ordinal_smoothness,50,1,ordinal_cluster,4,1179,0.8829516539440203,1.5818490245971162,1.5818490245971162,0,0.0,0.0,0.6590406532415557,0.0,0,100
C_weaker_ordinal_smoothness,50,1,ordinal_cluster,3,1145,0.9441048034934498,2.114410480349345,2.114410480349345,0,0.0,0.0,0.7101741713681023,0.0,0,100
C_weaker_ordinal_smoothness,50,1,ordinal_cluster,2,1216,0.8379934210526315,2.1101973684210527,2.1101973684210527,0,0.0,0.0,0.632756206006838,0.0,0,100
C_weaker_ordinal_smoothness,50,1,input_dependent_nonordinal,0,247,0.9109311740890689,1.45748987854251,1.45748987854251,0,0.4771572772678448,0.03049538428307055,0.020407785854838545,0.03049538428307055,0,50
C_weaker_ordinal_smoothness,50,1,input_dependent_nonordinal,1,1213,0.9060181368507831,2.016488046166529,2.016488046166529,0,0.5376330943758298,0.020771893376450905,-0.02022661541582177,0.020771893376450905,0,100
C_weaker_ordinal_smoothness,50,1,input_dependent_nonordinal,4,1179,0.8914334181509754,1.5224766751484309,1.5224766751484309,0,0.6954995213818443,0.01880369197056499,-0.023552321581901348,0.01880369197056499,0,100
C_weaker_ordinal_smoothness,50,1,input_dependent_nonordinal,3,1145,0.8768558951965065,2.1292576419213973,2.1292576419213973,0,0.5816473165023819,0.030658835135874613,-0.01546901855868299,0.030658835135874613,0,100
C_weaker_ordinal_smoothness,50,1,input_dependent_nonordinal,2,1216,0.9243421052631579,1.959703947368421,1.959703947368421,0,0.7295640427652658,0.020180740192915332,0.06878634489190327,0.020180740192915332,0,100
C_weaker_ordinal_smoothness,50,1,input_dependent_ordinal,0,247,0.9109311740890689,1.48582995951417,1.48582995951417,0,0.5422720800213191,0.022650867131954338,-0.07243524838951232,0.022650867131954338,0,50
C_weaker_ordinal_smoothness,50,1,input_dependent_ordinal,1,1213,0.9134377576257213,1.9859851607584502,1.9859851607584502,0,0.5754995896424095,0.02299154686368473,-0.04844192383117385,0.02299154686368473,0,100
C_weaker_ordinal_smoothness,50,1,input_dependent_ordinal,4,1179,0.8880407124681934,1.5004240882103477,1.5004240882103477,0,0.6955258385144828,0.022172452841360945,-0.02541181335388476,0.022172452841360945,0,100
C_weaker_ordinal_smoothness,50,1,input_dependent_ordinal,3,1145,0.8620087336244542,2.120524017467249,2.120524017467249,0,0.6534952450019125,0.022747986765890627,-0.11207585847439178,0.022747986765890627,0,100
C_weaker_ordinal_smoothness,50,1,input_dependent_ordinal,2,1216,0.9235197368421053,1.9383223684210527,1.9383223684210527,0,0.6033296257603116,0.023286801215808867,0.19562824887878116,0.023286801215808867,0,100
C_weaker_ordinal_smoothness,50,2,independent_mondrian,1,1168,0.9212328767123288,2.050513698630137,2.050513698630137,0,0.0,0.0,0.6146757535813484,0.0,0,100
C_weaker_ordinal_smoothness,50,2,independent_mondrian,0,248,0.9193548387096774,1.532258064516129,1.532258064516129,0,0.0,0.0,0.5000549881074109,0.0,0,50
C_weaker_ordinal_smoothness,50,2,independent_mondrian,2,1209,0.9106699751861043,2.1273779983457404,2.1273779983457404,0,0.0,0.0,0.7818880132772593,0.0,0,100
C_weaker_ordinal_smoothness,50,2,independent_mondrian,3,1182,0.8519458544839256,2.3857868020304567,2.3857868020304567,0,0.0,0.0,0.5266679368822704,0.0,0,100
C_weaker_ordinal_smoothness,50,2,independent_mondrian,4,1193,0.9522212908633697,1.520536462699078,1.520536462699078,0,0.0,0.0,0.8660246367951412,0.0,0,100
C_weaker_ordinal_smoothness,50,2,ordinal_cluster,1,1168,0.9434931506849316,2.0445205479452055,2.0445205479452055,0,0.0,0.0,0.6628895634452837,0.0,0,100
C_weaker_ordinal_smoothness,50,2,ordinal_cluster,0,248,0.9354838709677419,1.5766129032258065,1.5766129032258065,0,0.0,0.0,0.5654771886750839,0.0,0,50
C_weaker_ordinal_smoothness,50,2,ordinal_cluster,2,1209,0.8461538461538461,2.321753515301902,2.321753515301902,0,0.0,0.0,0.6346242140295519,0.0,0,100
C_weaker_ordinal_smoothness,50,2,ordinal_cluster,3,1182,0.9543147208121827,2.286802030456853,2.286802030456853,0,0.0,0.0,0.7853025597112098,0.0,0,100
C_weaker_ordinal_smoothness,50,2,ordinal_cluster,4,1193,0.9413243922883487,1.6965632858340318,1.6965632858340318,0,0.0,0.0,0.8058810085534729,0.0,0,100
C_weaker_ordinal_smoothness,50,2,input_dependent_nonordinal,1,1168,0.928082191780822,1.970890410958904,1.970890410958904,0,0.5034402621190389,0.016797956865795688,0.06250426466511216,0.016797956865795688,0,100
C_weaker_ordinal_smoothness,50,2,input_dependent_nonordinal,0,248,0.9193548387096774,1.3911290322580645,1.3911290322580645,0,0.40969642360231934,0.01768695490273342,0.11310859238702747,0.01768695490273342,0,50
C_weaker_ordinal_smoothness,50,2,input_dependent_nonordinal,2,1209,0.901571546732837,2.0719602977667493,2.0719602977667493,0,0.7473274887050873,0.016037353141407952,-0.02779328123397007,0.016037353141407952,0,100
C_weaker_ordinal_smoothness,50,2,input_dependent_nonordinal,3,1182,0.8705583756345178,2.2225042301184432,2.2225042301184432,0,0.5864066448705538,0.028262023423615633,-0.026817085711582644,0.028262023423615633,0,100
C_weaker_ordinal_smoothness,50,2,input_dependent_nonordinal,4,1193,0.9455155071248952,1.5054484492875104,1.5054484492875104,0,0.7078725564781189,0.02160275094781293,0.11854096562738037,0.02160275094781293,0,100
C_weaker_ordinal_smoothness,50,2,input_dependent_ordinal,1,1168,0.928082191780822,1.9631849315068493,1.9631849315068493,0,0.5495165741909844,0.016832771968062772,0.016322264182996538,0.016832771968062772,0,100
C_weaker_ordinal_smoothness,50,2,input_dependent_ordinal,0,248,0.9193548387096774,1.3991935483870968,1.3991935483870968,0,0.48347812958520214,0.014513044382070983,0.03535604005917414,0.014513044382070983,0,50
C_weaker_ordinal_smoothness,50,2,input_dependent_ordinal,2,1209,0.9040529363110008,2.072787427626137,2.072787427626137,0,0.6072013634663364,0.01876191811215645,0.11834450869712643,0.01876191811215645,0,100
C_weaker_ordinal_smoothness,50,2,input_dependent_ordinal,3,1182,0.8730964467005076,2.218274111675127,2.218274111675127,0,0.6559368779374015,0.02074325182218221,-0.09615481401936421,0.02074325182218221,0,100
C_weaker_ordinal_smoothness,50,2,input_dependent_ordinal,4,1193,0.9413243922883487,1.5088013411567478,1.5088013411567478,0,0.7126544291338235,0.02422967570721544,0.10685281630809063,0.02422967570721544,0,100
C_weaker_ordinal_smoothness,50,3,independent_mondrian,2,1198,0.9432387312186978,2.4240400667779634,2.4240400667779634,0,0.0,0.0,0.8594399092091715,0.0,0,100
C_weaker_ordinal_smoothness,50,3,independent_mondrian,3,1211,0.9628406275805119,2.574731626754748,2.574731626754748,0,0.0,0.0,0.7968884728714561,0.0,0,100
C_weaker_ordinal_smoothness,50,3,independent_mondrian,4,1200,0.9525,1.8408333333333333,1.8408333333333333,0,0.0,0.0,0.8880977192827003,0.0,0,100
C_weaker_ordinal_smoothness,50,3,independent_mondrian,1,1144,0.9248251748251748,2.324300699300699,2.324300699300699,0,0.0,0.0,0.5874787615026477,0.0,0,100
C_weaker_ordinal_smoothness,50,3,independent_mondrian,0,247,0.9554655870445344,1.6153846153846154,1.6153846153846154,0,0.0,0.0,0.5917311491795153,0.0,0,50
C_weaker_ordinal_smoothness,50,3,ordinal_cluster,2,1198,0.8898163606010017,2.4724540901502503,2.4724540901502503,0,0.0,0.0,0.7215531732707062,0.0,0,100
C_weaker_ordinal_smoothness,50,3,ordinal_cluster,3,1211,0.9710982658959537,2.4194880264244425,2.4194880264244425,0,0.0,0.0,0.8521049875938645,0.0,0,100
C_weaker_ordinal_smoothness,50,3,ordinal_cluster,4,1200,0.9408333333333333,1.795,1.795,0,0.0,0.0,0.8265661251920561,0.0,0,100
C_weaker_ordinal_smoothness,50,3,ordinal_cluster,1,1144,0.9571678321678322,2.2465034965034967,2.2465034965034967,0,0.0,0.0,0.679351952058275,0.0,0,100
C_weaker_ordinal_smoothness,50,3,ordinal_cluster,0,247,0.9554655870445344,1.7165991902834008,1.7165991902834008,0,0.0,0.0,0.5874787615026477,0.0,0,50
C_weaker_ordinal_smoothness,50,3,input_dependent_nonordinal,2,1198,0.9365609348914858,2.1769616026711187,2.1769616026711187,0,0.776391579971438,0.023316305521967926,0.019192944852874594,0.023316305521967916,0,100
C_weaker_ordinal_smoothness,50,3,input_dependent_nonordinal,3,1211,0.9744013212221305,2.394715111478117,2.394715111478117,0,0.6053545926663046,0.03304526383952815,0.1585453665916175,0.03304526383952815,0,100
C_weaker_ordinal_smoothness,50,3,input_dependent_nonordinal,4,1200,0.9533333333333334,1.7433333333333334,1.7433333333333334,0,0.7273665524505921,0.02943435842243462,0.10914373542956501,0.02943435842243462,0,100
C_weaker_ordinal_smoothness,50,3,input_dependent_nonordinal,1,1144,0.8601398601398601,1.9536713286713288,1.9536713286713288,0,0.548022914856255,0.025610777707174376,-0.07230766807547989,0.025610777707174376,0,100
C_weaker_ordinal_smoothness,50,3,input_dependent_nonordinal,0,247,0.8461538461538461,1.3400809716599191,1.3400809716599191,0,0.4188039578455533,0.015817908003140316,-0.006348237221090014,0.015817908003140316,0,50
C_weaker_ordinal_smoothness,50,3,input_dependent_ordinal,2,1198,0.9348914858096828,2.1752921535893157,2.1752921535893157,0,0.6300421143154334,0.02580061542886995,0.1626075324499393,0.02580061542886995,0,100
C_weaker_ordinal_smoothness,50,3,input_dependent_ordinal,3,1211,0.9702725020644096,2.3781998348472335,2.3781998348472335,0,0.6824142511595335,0.030238530355399862,0.07200215315796576,0.030238530355399862,0,100
C_weaker_ordinal_smoothness,50,3,input_dependent_ordinal,4,1200,0.9533333333333334,1.7358333333333333,1.7358333333333333,0,0.7308954385176232,0.03165630779335158,0.10302941368041652,0.03165630779335158,0,100
C_weaker_ordinal_smoothness,50,3,input_dependent_ordinal,1,1144,0.868006993006993,1.94493006993007,1.94493006993007,0,0.5827745785768309,0.02326902035837544,-0.10719820652295714,0.02326902035837544,0,100
C_weaker_ordinal_smoothness,50,3,input_dependent_ordinal,0,247,0.8299595141700404,1.3238866396761133,1.3238866396761133,0,0.5370642311947712,0.021204167822947605,-0.11499569850388841,0.021204167822947605,0,50
C_weaker_ordinal_smoothness,50,4,independent_mondrian,1,1188,0.8804713804713805,2.0707070707070705,2.0707070707070705,0,0.0,0.0,0.5025247003851252,0.0,0,100
C_weaker_ordinal_smoothness,50,4,independent_mondrian,3,1220,0.9016393442622951,2.09344262295082,2.09344262295082,0,0.0,0.0,0.5987861558842048,0.0,0,100
C_weaker_ordinal_smoothness,50,4,independent_mondrian,4,1194,0.8249581239530989,1.4430485762144054,1.4430485762144054,0,0.0,0.0,0.5944691382589569,0.0,0,100
C_weaker_ordinal_smoothness,50,4,independent_mondrian,2,1164,0.9037800687285223,1.965635738831615,1.965635738831615,0,0.0,0.0,0.7370599967827817,0.0,0,100
C_weaker_ordinal_smoothness,50,4,independent_mondrian,0,234,0.9487179487179487,1.3162393162393162,1.3162393162393162,0,0.0,0.0,0.5917491276800915,0.0,0,50
C_weaker_ordinal_smoothness,50,4,ordinal_cluster,1,1188,0.9301346801346801,1.9023569023569022,1.9023569023569022,0,0.0,0.0,0.614142661397216,0.0,0,100
C_weaker_ordinal_smoothness,50,4,ordinal_cluster,3,1220,0.9180327868852459,1.981967213114754,1.981967213114754,0,0.0,0.0,0.6298305509396382,0.0,0,100
C_weaker_ordinal_smoothness,50,4,ordinal_cluster,4,1194,0.8249581239530989,1.4187604690117253,1.4187604690117253,0,0.0,0.0,0.5944691382589569,0.0,0,100
C_weaker_ordinal_smoothness,50,4,ordinal_cluster,2,1164,0.8333333333333334,2.0146048109965635,2.0146048109965635,0,0.0,0.0,0.614142661397216,0.0,0,100
C_weaker_ordinal_smoothness,50,4,ordinal_cluster,0,234,0.9273504273504274,1.4444444444444444,1.4444444444444444,0,0.0,0.0,0.53971025510378,0.0,0,50
C_weaker_ordinal_smoothness,50,4,input_dependent_nonordinal,1,1188,0.877104377104377,1.8434343434343434,1.8434343434343434,0,0.5138777654515667,0.022330619144133045,-0.024746993198631884,0.022330619144133045,0,100
C_weaker_ordinal_smoothness,50,4,input_dependent_nonordinal,3,1220,0.9073770491803279,2.0401639344262295,2.0401639344262295,0,0.5810002180216586,0.020417453169835433,-0.0027947433508642705,0.020417453169835433,0,100
C_weaker_ordinal_smoothness,50,4,input_dependent_nonordinal,4,1194,0.8492462311557789,1.3919597989949748,1.3919597989949748,0,0.7305754386623093,0.02409149267250112,-0.09837002964988273,0.02409149267250112,0,100
C_weaker_ordinal_smoothness,50,4,input_dependent_nonordinal,2,1164,0.8891752577319587,1.907216494845361,1.907216494845361,0,0.7336315443246529,0.014675038118350572,-0.04356638989363226,0.014675038118350572,0,100
C_weaker_ordinal_smoothness,50,4,input_dependent_nonordinal,0,234,0.9102564102564102,1.2478632478632479,1.2478632478632479,0,0.41549203135308027,0.024398328957277043,0.0501364111373967,0.024398328957277043,0,50
C_weaker_ordinal_smoothness,50,4,input_dependent_ordinal,1,1188,0.8855218855218855,1.8451178451178452,1.8451178451178452,0,0.5519747998963739,0.019092815852771672,-0.06171799057414734,0.019092815852771672,0,100
C_weaker_ordinal_smoothness,50,4,input_dependent_ordinal,3,1220,0.9073770491803279,2.0147540983606556,2.0147540983606556,0,0.670261826492415,0.02094400585430338,-0.09150743728688082,0.02094400585430338,0,100
C_weaker_ordinal_smoothness,50,4,input_dependent_ordinal,4,1194,0.8425460636515912,1.3919597989949748,1.3919597989949748,0,0.7193069282015262,0.02038594587677443,-0.10395221544134092,0.02038594587677443,0,100
C_weaker_ordinal_smoothness,50,4,input_dependent_ordinal,2,1164,0.8874570446735395,1.8934707903780068,1.8934707903780068,0,0.5997915558645638,0.01988935677158939,0.09804829659338249,0.01988935677158939,0,100
C_weaker_ordinal_smoothness,50,4,input_dependent_ordinal,0,234,0.9145299145299145,1.2521367521367521,1.2521367521367521,0,0.4802344031431016,0.019371575036416237,-0.019541520315562666,0.019371575036416237,0,50
C_weaker_ordinal_smoothness,50,5,independent_mondrian,3,1177,0.9345794392523364,2.2285471537807986,2.2285471537807986,0,0.0,0.0,0.6641538391839915,0.0,0,100
C_weaker_ordinal_smoothness,50,5,independent_mondrian,4,1208,0.9089403973509934,1.6018211920529801,1.6018211920529801,0,0.0,0.0,0.7210928182928614,0.0,0,100
C_weaker_ordinal_smoothness,50,5,independent_mondrian,2,1206,0.8557213930348259,1.966832504145937,1.966832504145937,0,0.0,0.0,0.6912211430456561,0.0,0,100
C_weaker_ordinal_smoothness,50,5,independent_mondrian,1,1164,0.8496563573883161,1.7800687285223367,1.7800687285223367,0,0.0,0.0,0.45378255687247404,0.0,0,100
C_weaker_ordinal_smoothness,50,5,independent_mondrian,0,245,0.8367346938775511,1.1142857142857143,1.1142857142857143,0,0.0,0.0,0.41476421005573244,0.0,0,50
C_weaker_ordinal_smoothness,50,5,ordinal_cluster,3,1177,0.9447748513169074,2.145284621920136,2.145284621920136,0,0.0,0.0,0.6912211430456561,0.0,0,100
C_weaker_ordinal_smoothness,50,5,ordinal_cluster,4,1208,0.9064569536423841,1.5943708609271523,1.5943708609271523,0,0.0,0.0,0.7144138705195575,0.0,0,100
C_weaker_ordinal_smoothness,50,5,ordinal_cluster,2,1206,0.8126036484245439,2.068822553897181,2.068822553897181,0,0.0,0.0,0.6223541049303222,0.0,0,100
C_weaker_ordinal_smoothness,50,5,ordinal_cluster,1,1164,0.9304123711340206,1.802405498281787,1.802405498281787,0,0.0,0.0,0.5922295591199788,0.0,0,100
C_weaker_ordinal_smoothness,50,5,ordinal_cluster,0,245,0.8489795918367347,1.346938775510204,1.346938775510204,0,0.0,0.0,0.42826571721235007,0.0,0,50
C_weaker_ordinal_smoothness,50,5,input_dependent_nonordinal,3,1177,0.9184367034834324,2.2149532710280373,2.2149532710280373,0,0.5943187320123319,0.02190083772523506,0.017890282021415627,0.02190083772523506,0,100
C_weaker_ordinal_smoothness,50,5,input_dependent_nonordinal,4,1208,0.9230132450331126,1.5778145695364238,1.5778145695364238,0,0.7234556320868692,0.03604537532293088,0.046174987599456485,0.03604537532293088,0,100
C_weaker_ordinal_smoothness,50,5,input_dependent_nonordinal,2,1206,0.8946932006633499,2.0223880597014925,2.0223880597014925,0,0.7550223618387255,0.02331717473115281,-0.010928536031942215,0.02331717473115281,0,100
C_weaker_ordinal_smoothness,50,5,input_dependent_nonordinal,1,1164,0.8634020618556701,1.8634020618556701,1.8634020618556701,0,0.5180294990956388,0.016764196877782397,-0.053671346690237764,0.016764196877782397,0,100
C_weaker_ordinal_smoothness,50,5,input_dependent_nonordinal,0,245,0.926530612244898,1.3142857142857143,1.3142857142857143,0,0.4413174660189465,0.019279577372807267,0.009397498040498442,0.019279577372807267,0,50
C_weaker_ordinal_smoothness,50,5,input_dependent_ordinal,3,1177,0.9243840271877655,2.21410365335599,2.21410365335599,0,0.6709258194483113,0.02678225576914691,-0.03979967693213449,0.02678225576914691,0,100
C_weaker_ordinal_smoothness,50,5,input_dependent_ordinal,4,1208,0.9221854304635762,1.5869205298013245,1.5869205298013245,0,0.7212932947372703,0.03242315151819797,0.0421162605156743,0.03242315151819797,0,100
C_weaker_ordinal_smoothness,50,5,input_dependent_ordinal,2,1206,0.8946932006633499,2.025704809286899,2.025704809286899,0,0.6233652296468192,0.022891569145383,0.12011560011933553,0.022891569145383008,0,100
C_weaker_ordinal_smoothness,50,5,input_dependent_ordinal,1,1164,0.8642611683848798,1.8556701030927836,1.8556701030927836,0,0.5628324118155464,0.017240330681667426,-0.0980868337592593,0.017240330681667426,0,100
C_weaker_ordinal_smoothness,50,5,input_dependent_ordinal,0,245,0.9142857142857143,1.3061224489795917,1.3061224489795917,0,0.5053181664552795,0.01318794804699294,-0.06493032839137308,0.01318794804699294,0,50
C_weaker_ordinal_smoothness,50,6,independent_mondrian,4,1235,0.9182186234817814,1.4931174089068826,1.4931174089068826,0,0.0,0.0,0.7769714537080983,0.0,0,100
C_weaker_ordinal_smoothness,50,6,independent_mondrian,2,1149,0.8616187989556136,2.0139251523063533,2.0139251523063533,0,0.0,0.0,0.6945874715623751,0.0,0,100
C_weaker_ordinal_smoothness,50,6,independent_mondrian,1,1201,0.906744379683597,1.9009159034138219,1.9009159034138219,0,0.0,0.0,0.5412579821798509,0.0,0,100
C_weaker_ordinal_smoothness,50,6,independent_mondrian,3,1168,0.8878424657534246,2.256849315068493,2.256849315068493,0,0.0,0.0,0.5798978301524272,0.0,0,100
C_weaker_ordinal_smoothness,50,6,independent_mondrian,0,247,0.9190283400809717,1.3724696356275303,1.3724696356275303,0,0.0,0.0,0.4859936437357533,0.0,0,50
C_weaker_ordinal_smoothness,50,6,ordinal_cluster,4,1235,0.8639676113360324,1.5182186234817814,1.5182186234817814,0,0.0,0.0,0.6365375846082417,0.0,0,100
C_weaker_ordinal_smoothness,50,6,ordinal_cluster,2,1149,0.8215839860748477,2.0678851174934727,2.0678851174934727,0,0.0,0.0,0.6156741665217306,0.0,0,100
C_weaker_ordinal_smoothness,50,6,ordinal_cluster,1,1201,0.9417152373022482,1.9017485428809326,1.9017485428809326,0,0.0,0.0,0.608446292016447,0.0,0,100
C_weaker_ordinal_smoothness,50,6,ordinal_cluster,3,1168,0.9289383561643836,2.0625,2.0625,0,0.0,0.0,0.6738838704973934,0.0,0,100
C_weaker_ordinal_smoothness,50,6,ordinal_cluster,0,247,0.9311740890688259,1.4898785425101215,1.4898785425101215,0,0.0,0.0,0.51694327751831,0.0,0,50
C_weaker_ordinal_smoothness,50,6,input_dependent_nonordinal,4,1235,0.8753036437246964,1.4340080971659919,1.4340080971659919,0,0.7200298505221284,0.03134168520611673,-0.04094426548910712,0.03134168520611673,0,100
C_weaker_ordinal_smoothness,50,6,input_dependent_nonordinal,2,1149,0.8912097476066144,1.919060052219321,1.919060052219321,0,0.7752894941347888,0.0203973382851782,-0.029883773764483035,0.0203973382851782,0,100
C_weaker_ordinal_smoothness,50,6,input_dependent_nonordinal,1,1201,0.8867610324729392,1.8467943380516236,1.8467943380516236,0,0.5243466360662277,0.018455393806267727,-0.03231946119665424,0.018455393806267727,0,100
C_weaker_ordinal_smoothness,50,6,input_dependent_nonordinal,3,1168,0.8672945205479452,2.0761986301369864,2.0761986301369864,0,0.5543503425510733,0.027587776016547754,-0.01517986801773763,0.027587776016547754,0,100
C_weaker_ordinal_smoothness,50,6,input_dependent_nonordinal,0,247,0.9311740890688259,1.3076923076923077,1.3076923076923077,0,0.4224537902659617,0.020280254219968742,0.0322193424124525,0.020280254219968742,0,50
C_weaker_ordinal_smoothness,50,6,input_dependent_ordinal,4,1235,0.8712550607287449,1.4364372469635627,1.4364372469635627,0,0.7072982987491958,0.02917381219185406,-0.038417047804249094,0.02917381219185406,0,100
C_weaker_ordinal_smoothness,50,6,input_dependent_ordinal,2,1149,0.8938207136640557,1.9094865100087033,1.9094865100087033,0,0.6159405493556075,0.022127563224774428,0.13343223361719947,0.022127563224774428,0,100
C_weaker_ordinal_smoothness,50,6,input_dependent_ordinal,1,1201,0.88759367194005,1.8309741881765196,1.8309741881765196,0,0.565247683604631,0.01894685854359232,-0.07242908696369865,0.01894685854359232,0,100
C_weaker_ordinal_smoothness,50,6,input_dependent_ordinal,3,1168,0.8690068493150684,2.065068493150685,2.065068493150685,0,0.6596827983238763,0.026082508149944072,-0.12115890934640372,0.026082508149944072,0,100
C_weaker_ordinal_smoothness,50,6,input_dependent_ordinal,0,247,0.9068825910931174,1.2834008097165992,1.2834008097165992,0,0.5172789164447728,0.014054066267786361,-0.07749720247252456,0.014054066267786361,0,50
C_weaker_ordinal_smoothness,50,7,independent_mondrian,4,1153,0.9271465741543798,1.6305290546400695,1.6305290546400695,0,0.0,0.0,0.7914216657972515,0.0,0,100
C_weaker_ordinal_smoothness,50,7,independent_mondrian,0,278,0.9460431654676259,1.5503597122302157,1.5503597122302157,0,0.0,0.0,0.5392562846391131,0.0,0,50
C_weaker_ordinal_smoothness,50,7,independent_mondrian,2,1160,0.8448275862068966,2.2267241379310345,2.2267241379310345,0,0.0,0.0,0.6817906958926554,0.0,0,100
C_weaker_ordinal_smoothness,50,7,independent_mondrian,3,1208,0.9288079470198676,2.2864238410596025,2.2864238410596025,0,0.0,0.0,0.6677712446347627,0.0,0,100
C_weaker_ordinal_smoothness,50,7,independent_mondrian,1,1201,0.9567027477102414,2.032472939217319,2.032472939217319,0,0.0,0.0,0.6638139043696594,0.0,0,100
C_weaker_ordinal_smoothness,50,7,ordinal_cluster,4,1153,0.8881179531656548,1.6201214223764093,1.6201214223764093,0,0.0,0.0,0.7047305940411347,0.0,0,100
C_weaker_ordinal_smoothness,50,7,ordinal_cluster,0,278,0.9676258992805755,1.5575539568345325,1.5575539568345325,0,0.0,0.0,0.6548609405984067,0.0,0,50
C_weaker_ordinal_smoothness,50,7,ordinal_cluster,2,1160,0.8396551724137931,2.2241379310344827,2.2241379310344827,0,0.0,0.0,0.6677712446347627,0.0,0,100
C_weaker_ordinal_smoothness,50,7,ordinal_cluster,3,1208,0.9354304635761589,2.189569536423841,2.189569536423841,0,0.0,0.0,0.7005085947268466,0.0,0,100
C_weaker_ordinal_smoothness,50,7,ordinal_cluster,1,1201,0.9567027477102414,2.1973355537052455,2.1973355537052455,0,0.0,0.0,0.6600611266642603,0.0,0,100
C_weaker_ordinal_smoothness,50,7,input_dependent_nonordinal,4,1153,0.8985255854293148,1.5680832610581092,1.5680832610581092,0,0.6865541751178658,0.03013852906665135,0.040924430709520565,0.03013852906665135,0,100
C_weaker_ordinal_smoothness,50,7,input_dependent_nonordinal,0,278,0.9028776978417267,1.370503597122302,1.370503597122302,0,0.41989431881446126,0.023137126087027688,0.04498414883125801,0.023137126087027688,0,50
C_weaker_ordinal_smoothness,50,7,input_dependent_nonordinal,2,1160,0.8663793103448276,2.0724137931034483,2.0724137931034483,0,0.7511952070492056,0.025201842674174395,-0.026256813090919873,0.025201842674174395,0,100
C_weaker_ordinal_smoothness,50,7,input_dependent_nonordinal,3,1208,0.9254966887417219,2.1754966887417218,2.1754966887417218,0,0.5887507489006863,0.023487655564447662,0.04599717127764019,0.023487655564447662,0,100
C_weaker_ordinal_smoothness,50,7,input_dependent_nonordinal,1,1201,0.9475437135720233,1.9117402164862614,1.9117402164862614,0,0.5079177748137486,0.028275138210861722,0.06862434688193686,0.028275138210861722,0,100
C_weaker_ordinal_smoothness,50,7,input_dependent_ordinal,4,1153,0.8993928881179531,1.5897658282740676,1.5897658282740676,0,0.6962789132819976,0.02700935108317426,0.02202404691050508,0.02700935108317426,0,100
C_weaker_ordinal_smoothness,50,7,input_dependent_ordinal,0,278,0.8884892086330936,1.3597122302158273,1.3597122302158273,0,0.51623266550424,0.024899197729094994,-0.05899852190219068,0.024899197729094994,0,50
C_weaker_ordinal_smoothness,50,7,input_dependent_ordinal,2,1160,0.868103448275862,2.0879310344827586,2.0879310344827586,0,0.6082895913558033,0.025706792804208987,0.11684959573164855,0.025706792804208987,0,100
C_weaker_ordinal_smoothness,50,7,input_dependent_ordinal,3,1208,0.9329470198675497,2.1746688741721854,2.1746688741721854,0,0.6520783157033906,0.027293784940343895,0.001269170285140342,0.027293784940343895,0,100
C_weaker_ordinal_smoothness,50,7,input_dependent_ordinal,1,1201,0.951706910907577,1.9200666111573688,1.9200666111573688,0,0.5578010864783053,0.026011566622826714,0.023165093160654626,0.026011566622826714,0,100
C_weaker_ordinal_smoothness,50,8,independent_mondrian,1,1191,0.8774139378673383,2.045340050377834,2.045340050377834,0,0.0,0.0,0.494493405996282,0.0,0,100
C_weaker_ordinal_smoothness,50,8,independent_mondrian,2,1194,0.9212730318257957,2.0921273031825796,2.0921273031825796,0,0.0,0.0,0.8440180770007882,0.0,0,100
C_weaker_ordinal_smoothness,50,8,independent_mondrian,4,1144,0.8872377622377622,1.631118881118881,1.631118881118881,0,0.0,0.0,0.710055133918338,0.0,0,100
C_weaker_ordinal_smoothness,50,8,independent_mondrian,3,1216,0.9292763157894737,2.338815789473684,2.338815789473684,0,0.0,0.0,0.6825888753537209,0.0,0,100
C_weaker_ordinal_smoothness,50,8,independent_mondrian,0,255,0.9019607843137255,1.3411764705882352,1.3411764705882352,0,0.0,0.0,0.46716623908706373,0.0,0,50
C_weaker_ordinal_smoothness,50,8,ordinal_cluster,1,1191,0.9529806884970613,1.9932829554995801,1.9932829554995801,0,0.0,0.0,0.666032535858907,0.0,0,100
C_weaker_ordinal_smoothness,50,8,ordinal_cluster,2,1194,0.8567839195979899,2.2663316582914574,2.2663316582914574,0,0.0,0.0,0.6959655899445981,0.0,0,100
C_weaker_ordinal_smoothness,50,8,ordinal_cluster,4,1144,0.8793706293706294,1.645979020979021,1.645979020979021,0,0.0,0.0,0.6892911300552949,0.0,0,100
C_weaker_ordinal_smoothness,50,8,ordinal_cluster,3,1216,0.9473684210526315,2.2351973684210527,2.2351973684210527,0,0.0,0.0,0.757193628026393,0.0,0,100
C_weaker_ordinal_smoothness,50,8,ordinal_cluster,0,255,0.9176470588235294,1.584313725490196,1.584313725490196,0,0.0,0.0,0.4813618884346915,0.0,0,50
C_weaker_ordinal_smoothness,50,8,input_dependent_nonordinal,1,1191,0.8782535684298909,1.9126784214945425,1.9126784214945425,0,0.4970254328540237,0.023880614153712437,-0.01938540320566423,0.023880614153712437,0,100
C_weaker_ordinal_smoothness,50,8,input_dependent_nonordinal,2,1194,0.9262981574539364,1.9413735343383585,1.9413735343383585,0,0.7559832419527702,0.01940275751926202,0.07043210248928833,0.01940275751926202,0,100
C_weaker_ordinal_smoothness,50,8,input_dependent_nonordinal,4,1144,0.8627622377622378,1.527097902097902,1.527097902097902,0,0.7375742792187718,0.02533753904881097,-0.09303308154756251,0.02533753904881097,0,100
C_weaker_ordinal_smoothness,50,8,input_dependent_nonordinal,3,1216,0.90625,2.1751644736842106,2.1751644736842106,0,0.5882609988394182,0.03098400317096049,0.017254413340574204,0.03098400317096049,0,100
C_weaker_ordinal_smoothness,50,8,input_dependent_nonordinal,0,255,0.8705882352941177,1.3372549019607842,1.3372549019607842,0,0.4680379098809298,0.023378335679906936,-0.036644165328393374,0.023378335679906936,0,50
C_weaker_ordinal_smoothness,50,8,input_dependent_ordinal,1,1191,0.8774139378673383,1.8984047019311503,1.8984047019311503,0,0.5528820727710163,0.022423921253200252,-0.08134201663179608,0.022423921253200252,0,100
C_weaker_ordinal_smoothness,50,8,input_dependent_ordinal,2,1194,0.9212730318257957,1.9455611390284757,1.9455611390284757,0,0.6127830294750626,0.024230186904471887,0.2086804396401446,0.024230186904471887,0,100
C_weaker_ordinal_smoothness,50,8,input_dependent_ordinal,4,1144,0.8636363636363636,1.5340909090909092,1.5340909090909092,0,0.7375241240952045,0.026795816645945367,-0.0898638457437202,0.026795816645945367,0,100
C_weaker_ordinal_smoothness,50,8,input_dependent_ordinal,3,1216,0.9185855263157895,2.1726973684210527,2.1726973684210527,0,0.6747769612081002,0.023708893565126295,-0.06447610869353781,0.023708893565126295,0,100
C_weaker_ordinal_smoothness,50,8,input_dependent_ordinal,0,255,0.8862745098039215,1.3568627450980393,1.3568627450980393,0,0.518674084936354,0.01933279494095477,-0.08403827204046294,0.01933279494095477,0,50
C_weaker_ordinal_smoothness,50,9,independent_mondrian,1,1196,0.9297658862876255,1.9991638795986622,1.9991638795986622,0,0.0,0.0,0.6039081263392162,0.0,0,100
C_weaker_ordinal_smoothness,50,9,independent_mondrian,4,1142,0.9010507880910683,1.541155866900175,1.541155866900175,0,0.0,0.0,0.740040401198098,0.0,0,100
C_weaker_ordinal_smoothness,50,9,independent_mondrian,3,1219,0.8982772764561116,2.29532403609516,2.29532403609516,0,0.0,0.0,0.5973978024084174,0.0,0,100
C_weaker_ordinal_smoothness,50,9,independent_mondrian,2,1211,0.9132947976878613,2.097440132122213,2.097440132122213,0,0.0,0.0,0.7695265694237811,0.0,0,100
C_weaker_ordinal_smoothness,50,9,independent_mondrian,0,232,0.8922413793103449,1.4956896551724137,1.4956896551724137,0,0.0,0.0,0.46955192460277245,0.0,0,50
C_weaker_ordinal_smoothness,50,9,ordinal_cluster,1,1196,0.9523411371237458,2.048494983277592,2.048494983277592,0,0.0,0.0,0.6687448884876636,0.0,0,100
C_weaker_ordinal_smoothness,50,9,ordinal_cluster,4,1142,0.8669001751313485,1.5910683012259195,1.5910683012259195,0,0.0,0.0,0.6701177950423004,0.0,0,100
C_weaker_ordinal_smoothness,50,9,ordinal_cluster,3,1219,0.9442165709598032,2.1575061525840855,2.1575061525840855,0,0.0,0.0,0.733816266989344,0.0,0,100
C_weaker_ordinal_smoothness,50,9,ordinal_cluster,2,1211,0.8629232039636664,2.272502064409579,2.272502064409579,0,0.0,0.0,0.6598742922043866,0.0,0,100
C_weaker_ordinal_smoothness,50,9,ordinal_cluster,0,232,0.9224137931034483,1.5948275862068966,1.5948275862068966,0,0.0,0.0,0.5622725508071912,0.0,0,50
C_weaker_ordinal_smoothness,50,9,input_dependent_nonordinal,1,1196,0.927257525083612,1.939799331103679,1.939799331103679,0,0.537898191246808,0.030006409137141248,0.03217419763400253,0.030006409137141248,0,100
C_weaker_ordinal_smoothness,50,9,input_dependent_nonordinal,4,1142,0.9010507880910683,1.5481611208406305,1.5481611208406305,0,0.7467471129466795,0.03201773984004954,-0.04664579256582213,0.03201773984004954,0,100
C_weaker_ordinal_smoothness,50,9,input_dependent_nonordinal,3,1219,0.9196062346185397,2.144380639868745,2.144380639868745,0,0.5753024265693653,0.02499480528153538,0.05109471953422429,0.02499480528153538,0,100
C_weaker_ordinal_smoothness,50,9,input_dependent_nonordinal,2,1211,0.902559867877787,2.004128819157721,2.004128819157721,0,0.7659633154093968,0.02680043900365449,-0.030107772067260008,0.02680043900365449,0,100
C_weaker_ordinal_smoothness,50,9,input_dependent_nonordinal,0,232,0.875,1.4051724137931034,1.4051724137931034,0,0.4512604287003711,0.024069130183406375,-0.015662033053797597,0.024069130183406375,0,50
C_weaker_ordinal_smoothness,50,9,input_dependent_ordinal,1,1196,0.9214046822742475,1.939799331103679,1.939799331103679,0,0.5794042682748896,0.0271188840575766,-0.022783718132452835,0.0271188840575766,0,100
C_weaker_ordinal_smoothness,50,9,input_dependent_ordinal,4,1142,0.9089316987740805,1.5516637478108581,1.5516637478108581,0,0.7317899420464609,0.02804341162227813,-0.015826421164407023,0.02804341162227813,0,100
C_weaker_ordinal_smoothness,50,9,input_dependent_ordinal,3,1219,0.9146841673502871,2.155045118949959,2.155045118949959,0,0.6708970843457837,0.0283513894848964,-0.04637290366236746,0.0283513894848964,0,100
C_weaker_ordinal_smoothness,50,9,input_dependent_ordinal,2,1211,0.9050371593724195,2.0074318744838977,2.0074318744838977,0,0.6120214965329667,0.02779836388108603,0.12851305340829938,0.02779836388108603,0,100
C_weaker_ordinal_smoothness,50,9,input_dependent_ordinal,0,232,0.8836206896551724,1.4094827586206897,1.4094827586206897,0,0.5312996734100803,0.026493138347536988,-0.09106058765392389,0.026493138347536988,0,50
C_weaker_ordinal_smoothness,50,10,independent_mondrian,0,223,0.9327354260089686,1.358744394618834,1.358744394618834,0,0.0,0.0,0.5110890697565375,0.0,0,50
C_weaker_ordinal_smoothness,50,10,independent_mondrian,3,1167,0.9125964010282777,2.078834618680377,2.078834618680377,0,0.0,0.0,0.6246877459509111,0.0,0,100
C_weaker_ordinal_smoothness,50,10,independent_mondrian,2,1203,0.8694929343308395,1.9659185369908563,1.9659185369908563,0,0.0,0.0,0.6951681212902527,0.0,0,100
C_weaker_ordinal_smoothness,50,10,independent_mondrian,4,1185,0.8185654008438819,1.4751054852320675,1.4751054852320675,0,0.0,0.0,0.6087222007093612,0.0,0,100
C_weaker_ordinal_smoothness,50,10,independent_mondrian,1,1222,0.886252045826514,1.9320785597381342,1.9320785597381342,0,0.0,0.0,0.5000609170886336,0.0,0,100
C_weaker_ordinal_smoothness,50,10,ordinal_cluster,0,223,0.9282511210762332,1.4170403587443947,1.4170403587443947,0,0.0,0.0,0.5000609170886336,0.0,0,50
C_weaker_ordinal_smoothness,50,10,ordinal_cluster,3,1167,0.9125964010282777,1.943444730077121,1.943444730077121,0,0.0,0.0,0.6246877459509111,0.0,0,100
C_weaker_ordinal_smoothness,50,10,ordinal_cluster,2,1203,0.7871986699916874,1.9276807980049875,1.9276807980049875,0,0.0,0.0,0.5862089830485392,0.0,0,100
C_weaker_ordinal_smoothness,50,10,ordinal_cluster,4,1185,0.8194092827004219,1.440506329113924,1.440506329113924,0,0.0,0.0,0.6098856650300457,0.0,0,100
C_weaker_ordinal_smoothness,50,10,ordinal_cluster,1,1222,0.9091653027823241,1.7806873977086743,1.7806873977086743,0,0.0,0.0,0.556238114632985,0.0,0,100
C_weaker_ordinal_smoothness,50,10,input_dependent_nonordinal,0,223,0.9147982062780269,1.2914798206278026,1.2914798206278026,0,0.3944914525106391,0.011685110709329562,0.038042840870881,0.011685110709329562,0,50
C_weaker_ordinal_smoothness,50,10,input_dependent_nonordinal,3,1167,0.9297343616109683,2.017994858611825,2.017994858611825,0,0.5881891524362407,0.03308754969983594,0.047509471147364035,0.03308754969983594,0,100
C_weaker_ordinal_smoothness,50,10,input_dependent_nonordinal,2,1203,0.8237738985868661,1.9368246051537823,1.9368246051537823,0,0.7270456956420933,0.023137354211721323,-0.08336491514452771,0.023137354211721323,0,100
C_weaker_ordinal_smoothness,50,10,input_dependent_nonordinal,4,1185,0.8582278481012658,1.5223628691983122,1.5223628691983122,0,0.7056359628743568,0.028290974208902114,-0.05032719624740056,0.028290974208902114,0,100
C_weaker_ordinal_smoothness,50,10,input_dependent_nonordinal,1,1222,0.9050736497545008,1.8314238952536825,1.8314238952536825,0,0.5502375278069178,0.03374749089084787,-0.010637236587441506,0.03374749089084787,0,100
C_weaker_ordinal_smoothness,50,10,input_dependent_ordinal,0,223,0.905829596412556,1.2825112107623318,1.2825112107623318,0,0.4825093163803962,0.025755100167211154,-0.0495545106066948,0.025755100167211154,0,50
C_weaker_ordinal_smoothness,50,10,input_dependent_ordinal,3,1167,0.9305912596401028,1.996572407883462,1.996572407883462,0,0.6566750247717155,0.028602921300336974,-0.02577722962751805,0.028602921300336974,0,100
C_weaker_ordinal_smoothness,50,10,input_dependent_ordinal,2,1203,0.8237738985868661,1.916874480465503,1.916874480465503,0,0.6111131993535096,0.02813225592177667,0.03897478726065012,0.02813225592177667,0,100
C_weaker_ordinal_smoothness,50,10,input_dependent_ordinal,4,1185,0.849789029535865,1.5139240506329115,1.5139240506329115,0,0.7051797213816345,0.030405301446265808,-0.06016395152355536,0.030405301446265808,0,100
C_weaker_ordinal_smoothness,50,10,input_dependent_ordinal,1,1222,0.8887070376432079,1.8355155482815058,1.8355155482815058,0,0.5761158470691713,0.027141628433873112,-0.06328613275974904,0.027141628433873112,0,100
C_weaker_ordinal_smoothness,50,11,independent_mondrian,1,1170,0.9179487179487179,2.1316239316239316,2.1316239316239316,0,0.0,0.0,0.552289254317851,0.0,0,100
C_weaker_ordinal_smoothness,50,11,independent_mondrian,4,1169,0.9435414884516681,1.647562018819504,1.647562018819504,0,0.0,0.0,0.802469120212467,0.0,0,100
C_weaker_ordinal_smoothness,50,11,independent_mondrian,3,1191,0.9227539882451721,2.35936188077246,2.35936188077246,0,0.0,0.0,0.6698332990507064,0.0,0,100
C_weaker_ordinal_smoothness,50,11,independent_mondrian,2,1200,0.9016666666666666,2.155,2.155,0,0.0,0.0,0.7648236636494801,0.0,0,100
C_weaker_ordinal_smoothness,50,11,independent_mondrian,0,270,0.9629629629629629,1.4370370370370371,1.4370370370370371,0,0.0,0.0,0.5678598188983544,0.0,0,50
C_weaker_ordinal_smoothness,50,11,ordinal_cluster,1,1170,0.9478632478632478,2.0700854700854703,2.0700854700854703,0,0.0,0.0,0.6363809891509479,0.0,0,100
C_weaker_ordinal_smoothness,50,11,ordinal_cluster,4,1169,0.93071000855432,1.7082976903336184,1.7082976903336184,0,0.0,0.0,0.7606246194299737,0.0,0,100
C_weaker_ordinal_smoothness,50,11,ordinal_cluster,3,1191,0.9496221662468514,2.27455919395466,2.27455919395466,0,0.0,0.0,0.7642880843479543,0.0,0,100
C_weaker_ordinal_smoothness,50,11,ordinal_cluster,2,1200,0.8625,2.2841666666666667,2.2841666666666667,0,0.0,0.0,0.6692062177174335,0.0,0,100
C_weaker_ordinal_smoothness,50,11,ordinal_cluster,0,270,0.9592592592592593,1.5555555555555556,1.5555555555555556,0,0.0,0.0,0.564960684093741,0.0,0,50
C_weaker_ordinal_smoothness,50,11,input_dependent_nonordinal,1,1170,0.923931623931624,1.952991452991453,1.952991452991453,0,0.5202364978367517,0.02813233537153645,0.012914915830777862,0.02813233537153645,0,100
C_weaker_ordinal_smoothness,50,11,input_dependent_nonordinal,4,1169,0.9495295124037639,1.609923011120616,1.609923011120616,0,0.7198277474302808,0.03958012545164179,0.08377895470697383,0.03958012545164179,0,100
C_weaker_ordinal_smoothness,50,11,input_dependent_nonordinal,3,1191,0.9235936188077246,2.2720403022670026,2.2720403022670026,0,0.587056332544679,0.02580854428460435,0.05847282372998197,0.02580854428460435,0,100
C_weaker_ordinal_smoothness,50,11,input_dependent_nonordinal,2,1200,0.91,2.0733333333333333,2.0733333333333333,0,0.7517832256145826,0.0240133281788548,-0.00737997626385678,0.0240133281788548,0,100
C_weaker_ordinal_smoothness,50,11,input_dependent_nonordinal,0,270,0.937037037037037,1.3777777777777778,1.3777777777777778,0,0.4715006379322731,0.019127275917169576,-0.013229793478183871,0.019127275917169576,0,50
C_weaker_ordinal_smoothness,50,11,input_dependent_ordinal,1,1170,0.9290598290598291,1.9735042735042736,1.9735042735042736,0,0.5703897875095343,0.023987981795051634,-0.03826388606536146,0.023987981795051634,0,100
C_weaker_ordinal_smoothness,50,11,input_dependent_ordinal,4,1169,0.951240376390077,1.6321642429426861,1.6321642429426861,0,0.7142386260435629,0.03476786680710185,0.09394149550110564,0.03476786680710185,0,100
C_weaker_ordinal_smoothness,50,11,input_dependent_ordinal,3,1191,0.927791771620487,2.302267002518892,2.302267002518892,0,0.6686267119841904,0.029662299437431778,-0.009995436512319211,0.029662299437431778,0,100
C_weaker_ordinal_smoothness,50,11,input_dependent_ordinal,2,1200,0.9158333333333334,2.09,2.09,0,0.6124362846458569,0.02762246568559441,0.14576174749303283,0.02762246568559441,0,100
C_weaker_ordinal_smoothness,50,11,input_dependent_ordinal,0,270,0.9296296296296296,1.374074074074074,1.374074074074074,0,0.5149039441475818,0.020935809388453158,-0.06075242005578563,0.020935809388453158,0,50
C_weaker_ordinal_smoothness,50,12,independent_mondrian,2,1180,0.9016949152542373,2.048305084745763,2.048305084745763,0,0.0,0.0,0.7985303632786835,0.0,0,100
C_weaker_ordinal_smoothness,50,12,independent_mondrian,4,1163,0.9140154772141015,1.533104041272571,1.533104041272571,0,0.0,0.0,0.7777022300590665,0.0,0,100
C_weaker_ordinal_smoothness,50,12,independent_mondrian,3,1200,0.8791666666666667,2.36,2.36,0,0.0,0.0,0.5706095239454042,0.0,0,100
C_weaker_ordinal_smoothness,50,12,independent_mondrian,1,1192,0.8783557046979866,2.075503355704698,2.075503355704698,0,0.0,0.0,0.5318014801134008,0.0,0,100
C_weaker_ordinal_smoothness,50,12,independent_mondrian,0,265,0.9320754716981132,1.4075471698113207,1.4075471698113207,0,0.0,0.0,0.5421220587209765,0.0,0,50
C_weaker_ordinal_smoothness,50,12,ordinal_cluster,2,1180,0.8288135593220339,2.2355932203389832,2.2355932203389832,0,0.0,0.0,0.6508348436680249,0.0,0,100
C_weaker_ordinal_smoothness,50,12,ordinal_cluster,4,1163,0.8916595012897678,1.6491831470335339,1.6491831470335339,0,0.0,0.0,0.6940761929318745,0.0,0,100
C_weaker_ordinal_smoothness,50,12,ordinal_cluster,3,1200,0.9541666666666667,2.21,2.21,0,0.0,0.0,0.7561793021166631,0.0,0,100
C_weaker_ordinal_smoothness,50,12,ordinal_cluster,1,1192,0.9437919463087249,2.0125838926174495,2.0125838926174495,0,0.0,0.0,0.6590248194959069,0.0,0,100
C_weaker_ordinal_smoothness,50,12,ordinal_cluster,0,265,0.9320754716981132,1.5849056603773586,1.5849056603773586,0,0.0,0.0,0.5362789922780332,0.0,0,50
C_weaker_ordinal_smoothness,50,12,input_dependent_nonordinal,2,1180,0.9186440677966101,2.0627118644067797,2.0627118644067797,0,0.7676695679675789,0.033432010546242764,0.06295001017721336,0.033432010546242764,0,100
C_weaker_ordinal_smoothness,50,12,input_dependent_nonordinal,4,1163,0.9165950128976784,1.6199484092863286,1.6199484092863286,0,0.6894373067053977,0.03011174983485931,0.05867123819193032,0.03011174983485931,0,100
C_weaker_ordinal_smoothness,50,12,input_dependent_nonordinal,3,1200,0.9158333333333334,2.2308333333333334,2.2308333333333334,0,0.5732190406043961,0.02247124096915432,0.03312848826124132,0.02247124096915432,0,100
C_weaker_ordinal_smoothness,50,12,input_dependent_nonordinal,1,1192,0.8766778523489933,2.0033557046979866,2.0033557046979866,0,0.5366510437281012,0.022004271583577244,-0.03909584446445907,0.022004271583577244,0,100
C_weaker_ordinal_smoothness,50,12,input_dependent_nonordinal,0,265,0.9471698113207547,1.4264150943396225,1.4264150943396225,0,0.4499662597681509,0.01720439122125173,0.05638674634517038,0.01720439122125173,0,50
C_weaker_ordinal_smoothness,50,12,input_dependent_ordinal,2,1180,0.9110169491525424,2.080508474576271,2.080508474576271,0,0.6231201805650148,0.02500266169861,0.1887760688300525,0.02500266169861,0,100
C_weaker_ordinal_smoothness,50,12,input_dependent_ordinal,4,1163,0.9217540842648323,1.6242476354256234,1.6242476354256234,0,0.6924820520146451,0.028744942294628824,0.061917734179419925,0.028744942294628824,0,100
C_weaker_ordinal_smoothness,50,12,input_dependent_ordinal,3,1200,0.9175,2.2291666666666665,2.2291666666666665,0,0.644731479047001,0.028749880815558036,-0.026650188125444618,0.028749880815558036,0,100
C_weaker_ordinal_smoothness,50,12,input_dependent_ordinal,1,1192,0.8783557046979866,2.0201342281879193,2.0201342281879193,0,0.578915606282086,0.022746779321806923,-0.07925606372415755,0.022746779321806923,0,100
C_weaker_ordinal_smoothness,50,12,input_dependent_ordinal,0,265,0.9509433962264151,1.4264150943396225,1.4264150943396225,0,0.5346692335338704,0.02323981163617799,-0.015422021170006406,0.02323981163617799,0,50
C_weaker_ordinal_smoothness,50,13,independent_mondrian,1,1183,0.9416737109044802,1.9644970414201184,1.9644970414201184,0,0.0,0.0,0.6449797113941707,0.0,0,100
C_weaker_ordinal_smoothness,50,13,independent_mondrian,0,259,0.9227799227799228,1.5598455598455598,1.5598455598455598,0,0.0,0.0,0.4779376083502349,0.0,0,50
C_weaker_ordinal_smoothness,50,13,independent_mondrian,2,1187,0.8727885425442291,2.123841617523168,2.123841617523168,0,0.0,0.0,0.7022697359515315,0.0,0,100
C_weaker_ordinal_smoothness,50,13,independent_mondrian,3,1224,0.9019607843137255,2.209967320261438,2.209967320261438,0,0.0,0.0,0.6280942952377994,0.0,0,100
C_weaker_ordinal_smoothness,50,13,independent_mondrian,4,1147,0.8831734960767219,1.5457715780296426,1.5457715780296426,0,0.0,0.0,0.7010029016550365,0.0,0,100
C_weaker_ordinal_smoothness,50,13,ordinal_cluster,1,1183,0.9416737109044802,2.0363482671174977,2.0363482671174977,0,0.0,0.0,0.6449797113941707,0.0,0,100
C_weaker_ordinal_smoothness,50,13,ordinal_cluster,0,259,0.9459459459459459,1.5714285714285714,1.5714285714285714,0,0.0,0.0,0.5776943070132655,0.0,0,50
C_weaker_ordinal_smoothness,50,13,ordinal_cluster,2,1187,0.8390901432181971,2.1381634372367313,2.1381634372367313,0,0.0,0.0,0.6487905171549242,0.0,0,100
C_weaker_ordinal_smoothness,50,13,ordinal_cluster,3,1224,0.9150326797385621,2.0955882352941178,2.0955882352941178,0,0.0,0.0,0.665974401886017,0.0,0,100
C_weaker_ordinal_smoothness,50,13,ordinal_cluster,4,1147,0.8561464690496948,1.5318221447253706,1.5318221447253706,0,0.0,0.0,0.6455514855033888,0.0,0,100
C_weaker_ordinal_smoothness,50,13,input_dependent_nonordinal,1,1183,0.8985629754860525,1.8757396449704142,1.8757396449704142,0,0.5214085790748872,0.0271071056211794,-0.022208371978529262,0.0271071056211794,0,100
C_weaker_ordinal_smoothness,50,13,input_dependent_nonordinal,0,259,0.9266409266409267,1.3783783783783783,1.3783783783783783,0,0.43109369113916673,0.017474005139586503,0.04802187580026551,0.017474005139586503,0,50
C_weaker_ordinal_smoothness,50,13,input_dependent_nonordinal,2,1187,0.8938500421229991,1.8997472620050548,1.8997472620050548,0,0.7694290695900083,0.03262710896228886,-0.013154074069550381,0.03262710896228886,0,100
C_weaker_ordinal_smoothness,50,13,input_dependent_nonordinal,3,1224,0.809640522875817,2.0334967320261437,2.0334967320261437,0,0.5889415851412229,0.029916675679269988,-0.09858474524084943,0.029916675679269988,0,100
C_weaker_ordinal_smoothness,50,13,input_dependent_nonordinal,4,1147,0.8796861377506539,1.4498692240627724,1.4498692240627724,0,0.667625562852939,0.020016393196359616,0.01024365485723866,0.020016393196359616,0,100
C_weaker_ordinal_smoothness,50,13,input_dependent_ordinal,1,1183,0.893491124260355,1.8334742180896026,1.8334742180896026,0,0.5730317640853014,0.029095438761081886,-0.07345164920982744,0.029095438761081886,0,100
C_weaker_ordinal_smoothness,50,13,input_dependent_ordinal,0,259,0.8918918918918919,1.3243243243243243,1.3243243243243243,0,0.5400673989796381,0.026905622716744793,-0.08883302416092789,0.026905622716744803,0,50
C_weaker_ordinal_smoothness,50,13,input_dependent_ordinal,2,1187,0.8837405223251895,1.8921651221566975,1.8921651221566975,0,0.6198708399737967,0.026568919890946962,0.11538026600657081,0.026568919890946962,0,100
C_weaker_ordinal_smoothness,50,13,input_dependent_ordinal,3,1224,0.8080065359477124,2.0245098039215685,2.0245098039215685,0,0.6504963093054986,0.02608545533366547,-0.16702258868439307,0.026085455333665464,0,100
C_weaker_ordinal_smoothness,50,13,input_dependent_ordinal,4,1147,0.8927637314734089,1.4446381865736704,1.4446381865736704,0,0.6851567814700473,0.024063286046336462,0.004969929838191667,0.024063286046336462,0,100
C_weaker_ordinal_smoothness,50,14,independent_mondrian,2,1173,0.9181585677749361,2.0434782608695654,2.0434782608695654,0,0.0,0.0,0.8255372182427441,0.0,0,100
C_weaker_ordinal_smoothness,50,14,independent_mondrian,4,1242,0.8985507246376812,1.6103059581320451,1.6103059581320451,0,0.0,0.0,0.7120496803510696,0.0,0,100
C_weaker_ordinal_smoothness,50,14,independent_mondrian,3,1179,0.910941475826972,2.339270568278202,2.339270568278202,0,0.0,0.0,0.6276172034048783,0.0,0,100
C_weaker_ordinal_smoothness,50,14,independent_mondrian,0,255,0.9098039215686274,1.3058823529411765,1.3058823529411765,0,0.0,0.0,0.48954876705601796,0.0,0,50
C_weaker_ordinal_smoothness,50,14,independent_mondrian,1,1151,0.9000868809730669,2.0807993049522153,2.0807993049522153,0,0.0,0.0,0.5113139964937997,0.0,0,100
C_weaker_ordinal_smoothness,50,14,ordinal_cluster,2,1173,0.8729752770673487,2.2335890878090368,2.2335890878090368,0,0.0,0.0,0.7105665873179962,0.0,0,100
C_weaker_ordinal_smoothness,50,14,ordinal_cluster,4,1242,0.893719806763285,1.6553945249597424,1.6553945249597424,0,0.0,0.0,0.6961736852420151,0.0,0,100
C_weaker_ordinal_smoothness,50,14,ordinal_cluster,3,1179,0.9491094147582697,2.273960983884648,2.273960983884648,0,0.0,0.0,0.746067797291267,0.0,0,100
C_weaker_ordinal_smoothness,50,14,ordinal_cluster,0,255,0.9176470588235294,1.4941176470588236,1.4941176470588236,0,0.0,0.0,0.5044382406364885,0.0,0,50
C_weaker_ordinal_smoothness,50,14,ordinal_cluster,1,1151,0.9565595134665508,2.0417028670721113,2.0417028670721113,0,0.0,0.0,0.6432844590621362,0.0,0,100
C_weaker_ordinal_smoothness,50,14,input_dependent_nonordinal,2,1173,0.9130434782608695,2.0477408354646207,2.0477408354646207,0,0.7375465196851401,0.018881751080946387,0.03042100517321522,0.018881751080946387,0,100
C_weaker_ordinal_smoothness,50,14,input_dependent_nonordinal,4,1242,0.8896940418679549,1.5595813204508857,1.5595813204508857,0,0.7215999216488047,0.04283833751111544,-0.019136701810748002,0.04283833751111544,0,100
C_weaker_ordinal_smoothness,50,14,input_dependent_nonordinal,3,1179,0.9372349448685326,2.206955046649703,2.206955046649703,0,0.6007741301343628,0.029214579358095946,0.03276671590397984,0.029214579358095946,0,100
C_weaker_ordinal_smoothness,50,14,input_dependent_nonordinal,0,255,0.8784313725490196,1.3607843137254902,1.3607843137254902,0,0.45604618509850664,0.020206561511060636,-0.049685960151242714,0.020206561511060636,0,50
C_weaker_ordinal_smoothness,50,14,input_dependent_nonordinal,1,1151,0.9278887923544744,1.947871416159861,1.947871416159861,0,0.5185716714868664,0.02644025123312172,0.04628782941200854,0.02644025123312172,0,100
C_weaker_ordinal_smoothness,50,14,input_dependent_ordinal,2,1173,0.9113384484228474,2.02387041773231,2.02387041773231,0,0.6119689019180047,0.02578831208969647,0.1588744833846938,0.02578831208969647,0,100
C_weaker_ordinal_smoothness,50,14,input_dependent_ordinal,4,1242,0.895330112721417,1.5893719806763285,1.5893719806763285,0,0.7226090613398468,0.03724333275615702,-0.017601780880044715,0.03724333275615702,0,100
C_weaker_ordinal_smoothness,50,14,input_dependent_ordinal,3,1179,0.9431721798134012,2.2044105173876165,2.2044105173876165,0,0.6723910388583252,0.03252528635831133,-0.027304877851766163,0.03252528635831133,0,100
C_weaker_ordinal_smoothness,50,14,input_dependent_ordinal,0,255,0.8705882352941177,1.3254901960784313,1.3254901960784313,0,0.5170108002882345,0.016772960845659008,-0.11181282186810668,0.016772960845659008,0,50
C_weaker_ordinal_smoothness,50,14,input_dependent_ordinal,1,1151,0.9165942658557776,1.9209383145091226,1.9209383145091226,0,0.5655101848034187,0.02062108709791732,-0.03183503111398267,0.02062108709791732,0,100
C_weaker_ordinal_smoothness,50,15,independent_mondrian,2,1139,0.9534679543459175,2.0667251975417034,2.0667251975417034,0,0.0,0.0,0.9657356560781228,0.0,0,100
C_weaker_ordinal_smoothness,50,15,independent_mondrian,3,1132,0.8966431095406361,2.474381625441696,2.474381625441696,0,0.0,0.0,0.6001404744740698,0.0,0,100
C_weaker_ordinal_smoothness,50,15,independent_mondrian,0,242,0.9090909090909091,1.4338842975206612,1.4338842975206612,0,0.0,0.0,0.5128728412210657,0.0,0,50
C_weaker_ordinal_smoothness,50,15,independent_mondrian,4,1255,0.9163346613545816,1.6828685258964144,1.6828685258964144,0,0.0,0.0,0.7704320641133136,0.0,0,100
C_weaker_ordinal_smoothness,50,15,independent_mondrian,1,1232,0.8701298701298701,2.175324675324675,2.175324675324675,0,0.0,0.0,0.49719612382529,0.0,0,100
C_weaker_ordinal_smoothness,50,15,ordinal_cluster,2,1139,0.8639157155399473,2.2783143107989465,2.2783143107989465,0,0.0,0.0,0.6675877088365499,0.0,0,100
C_weaker_ordinal_smoothness,50,15,ordinal_cluster,3,1132,0.9549469964664311,2.1987632508833923,2.1987632508833923,0,0.0,0.0,0.7773448503833938,0.0,0,100
C_weaker_ordinal_smoothness,50,15,ordinal_cluster,0,242,0.9049586776859504,1.603305785123967,1.603305785123967,0,0.0,0.0,0.5020826384581754,0.0,0,50
C_weaker_ordinal_smoothness,50,15,ordinal_cluster,4,1255,0.8756972111553785,1.6605577689243027,1.6605577689243027,0,0.0,0.0,0.6675877088365499,0.0,0,100
C_weaker_ordinal_smoothness,50,15,ordinal_cluster,1,1232,0.9521103896103896,2.012987012987013,2.012987012987013,0,0.0,0.0,0.6862226308747664,0.0,0,100
C_weaker_ordinal_smoothness,50,15,input_dependent_nonordinal,2,1139,0.9411764705882353,2.080772607550483,2.080772607550483,0,0.7479432256726086,0.021869746851656352,0.10293345426377887,0.021869746851656352,0,100
C_weaker_ordinal_smoothness,50,15,input_dependent_nonordinal,3,1132,0.9134275618374559,2.331272084805654,2.331272084805654,0,0.5755151049517142,0.026188701302165645,0.04729479931669889,0.026188701302165645,0,100
C_weaker_ordinal_smoothness,50,15,input_dependent_nonordinal,0,242,0.9421487603305785,1.5041322314049588,1.5041322314049588,0,0.44977370912217396,0.03143734675648326,0.08662403847865352,0.03143734675648326,0,50
C_weaker_ordinal_smoothness,50,15,input_dependent_nonordinal,4,1255,0.9163346613545816,1.6111553784860557,1.6111553784860557,0,0.6778652696105885,0.02680589997806335,0.05817533309443734,0.02680589997806335,0,100
C_weaker_ordinal_smoothness,50,15,input_dependent_nonordinal,1,1232,0.9042207792207793,2.1469155844155843,2.1469155844155843,0,0.5230287177915596,0.022276355695368514,0.014708799321822563,0.022276355695368514,0,100
C_weaker_ordinal_smoothness,50,15,input_dependent_ordinal,2,1139,0.9455662862159789,2.071992976294996,2.071992976294996,0,0.6001374095260813,0.02448622073374968,0.2623307403005332,0.02448622073374968,0,100
C_weaker_ordinal_smoothness,50,15,input_dependent_ordinal,3,1132,0.9134275618374559,2.3392226148409896,2.3392226148409896,0,0.6501641628109418,0.026159361132289397,-0.027409866111436032,0.026159361132289397,0,100
C_weaker_ordinal_smoothness,50,15,input_dependent_ordinal,0,242,0.9380165289256198,1.5082644628099173,1.5082644628099173,0,0.5303199060392281,0.02548397580536364,-0.01483694084383469,0.02548397580536364,0,50
C_weaker_ordinal_smoothness,50,15,input_dependent_ordinal,4,1255,0.9163346613545816,1.6199203187250997,1.6199203187250997,0,0.6841124443561184,0.027087256055036067,0.05190826752423405,0.027087256055036067,0,100
C_weaker_ordinal_smoothness,50,15,input_dependent_ordinal,1,1232,0.9034090909090909,2.1306818181818183,2.1306818181818183,0,0.5705356638581738,0.02536131877831504,-0.032188204010088595,0.02536131877831504,0,100
C_weaker_ordinal_smoothness,50,16,independent_mondrian,2,1157,0.9083837510803803,1.9550561797752808,1.9550561797752808,0,0.0,0.0,0.7583349487731424,0.0,0,100
C_weaker_ordinal_smoothness,50,16,independent_mondrian,1,1200,0.8308333333333333,1.8925,1.8925,0,0.0,0.0,0.45140048094190766,0.0,0,100
C_weaker_ordinal_smoothness,50,16,independent_mondrian,3,1172,0.8924914675767918,2.2158703071672354,2.2158703071672354,0,0.0,0.0,0.6182777374499091,0.0,0,100
C_weaker_ordinal_smoothness,50,16,independent_mondrian,4,1207,0.8657829328914665,1.5484672742336372,1.5484672742336372,0,0.0,0.0,0.6833647742947464,0.0,0,100
C_weaker_ordinal_smoothness,50,16,independent_mondrian,0,264,0.9053030303030303,1.268939393939394,1.268939393939394,0,0.0,0.0,0.4624763155531677,0.0,0,50
C_weaker_ordinal_smoothness,50,16,ordinal_cluster,2,1157,0.8271391529818496,2.0777873811581675,2.0777873811581675,0,0.0,0.0,0.630969890564704,0.0,0,100
C_weaker_ordinal_smoothness,50,16,ordinal_cluster,1,1200,0.9333333333333333,1.8333333333333333,1.8333333333333333,0,0.0,0.0,0.6165469753665083,0.0,0,100
C_weaker_ordinal_smoothness,50,16,ordinal_cluster,3,1172,0.9266211604095563,2.113481228668942,2.113481228668942,0,0.0,0.0,0.6876114635116337,0.0,0,100
C_weaker_ordinal_smoothness,50,16,ordinal_cluster,4,1207,0.8574979287489644,1.5592377796188899,1.5592377796188899,0,0.0,0.0,0.6604944826407014,0.0,0,100
C_weaker_ordinal_smoothness,50,16,ordinal_cluster,0,264,0.9053030303030303,1.5075757575757576,1.5075757575757576,0,0.0,0.0,0.45140048094190766,0.0,0,50
C_weaker_ordinal_smoothness,50,16,input_dependent_nonordinal,2,1157,0.9187554019014693,2,2,0,0.7481105804437393,0.021159050830613497,0.03951294658503002,0.021159050830613497,0,100
C_weaker_ordinal_smoothness,50,16,input_dependent_nonordinal,1,1200,0.85,1.9066666666666667,1.9066666666666667,0,0.5254114345347123,0.022723693239196326,-0.055824580837976034,0.022723693239196326,0,100
C_weaker_ordinal_smoothness,50,16,input_dependent_nonordinal,3,1172,0.9146757679180887,2.220136518771331,2.220136518771331,0,0.5685092444714405,0.020980858398854527,0.04718501916038553,0.020980858398854527,0,100
C_weaker_ordinal_smoothness,50,16,input_dependent_nonordinal,4,1207,0.8864954432477217,1.5816072908036454,1.5816072908036454,0,0.702864755565422,0.03477401240751647,0.018570236666987427,0.03477401240751647,0,100
C_weaker_ordinal_smoothness,50,16,input_dependent_nonordinal,0,264,0.8409090909090909,1.3446969696969697,1.3446969696969697,0,0.49241335786721496,0.03817709571822028,-0.05874134945059156,0.03817709571822028,0,50
C_weaker_ordinal_smoothness,50,16,input_dependent_ordinal,2,1157,0.9204840103716508,1.9697493517718236,1.9697493517718236,0,0.6108226218808996,0.02458481263774745,0.18513267110889725,0.02458481263774745,0,100
C_weaker_ordinal_smoothness,50,16,input_dependent_ordinal,1,1200,0.8483333333333334,1.8433333333333333,1.8433333333333333,0,0.5768968949066716,0.023437252258235997,-0.11106525629158148,0.023437252258235997,0,100
C_weaker_ordinal_smoothness,50,16,input_dependent_ordinal,3,1172,0.9249146757679181,2.2252559726962455,2.2252559726962455,0,0.6530244444991388,0.026145613937632317,-0.020195138540642366,0.026145613937632317,0,100
C_weaker_ordinal_smoothness,50,16,input_dependent_ordinal,4,1207,0.8815244407622204,1.592377796188898,1.592377796188898,0,0.697497597097246,0.028760784914725585,0.009456251643190416,0.028760784914725585,0,100
C_weaker_ordinal_smoothness,50,16,input_dependent_ordinal,0,264,0.803030303030303,1.3106060606060606,1.3106060606060606,0,0.5411235836927341,0.02137855119818504,-0.17269317823682695,0.02137855119818504,0,50
C_weaker_ordinal_smoothness,50,17,independent_mondrian,3,1179,0.9338422391857506,2.4995759117896523,2.4995759117896523,0,0.0,0.0,0.7271112426518338,0.0,0,100
C_weaker_ordinal_smoothness,50,17,independent_mondrian,4,1206,0.9461028192371476,1.7263681592039801,1.7263681592039801,0,0.0,0.0,0.8645500538241304,0.0,0,100
C_weaker_ordinal_smoothness,50,17,independent_mondrian,2,1187,0.8955349620893007,2.2224094355518114,2.2224094355518114,0,0.0,0.0,0.7779037731871906,0.0,0,100
C_weaker_ordinal_smoothness,50,17,independent_mondrian,1,1187,0.9022746419545071,2.0353833192923334,2.0353833192923334,0,0.0,0.0,0.5421481434117638,0.0,0,100
C_weaker_ordinal_smoothness,50,17,independent_mondrian,0,241,0.8796680497925311,1.3900414937759336,1.3900414937759336,0,0.0,0.0,0.4843359738807457,0.0,0,50
C_weaker_ordinal_smoothness,50,17,ordinal_cluster,3,1179,0.9533502968617472,2.3519932145886346,2.3519932145886346,0,0.0,0.0,0.7785742067103544,0.0,0,100
C_weaker_ordinal_smoothness,50,17,ordinal_cluster,4,1206,0.9245439469320066,1.7006633499170813,1.7006633499170813,0,0.0,0.0,0.7874900718118931,0.0,0,100
C_weaker_ordinal_smoothness,50,17,ordinal_cluster,2,1187,0.8626790227464195,2.290648694187026,2.290648694187026,0,0.0,0.0,0.6817485695761311,0.0,0,100
C_weaker_ordinal_smoothness,50,17,ordinal_cluster,1,1187,0.9309182813816343,1.9890480202190397,1.9890480202190397,0,0.0,0.0,0.6376316721165562,0.0,0,100
C_weaker_ordinal_smoothness,50,17,ordinal_cluster,0,241,0.8838174273858921,1.4937759336099585,1.4937759336099585,0,0.0,0.0,0.4970748228990957,0.0,0,50
C_weaker_ordinal_smoothness,50,17,input_dependent_nonordinal,3,1179,0.9219677692960135,2.364715860899067,2.364715860899067,0,0.5822498775755497,0.023876250749749212,0.04777189429215578,0.023876250749749212,0,100
C_weaker_ordinal_smoothness,50,17,input_dependent_nonordinal,4,1206,0.9477611940298507,1.6252072968490878,1.6252072968490878,0,0.6995802427370637,0.013092911773859338,0.13613975223779495,0.013092911773859338,0,100
C_weaker_ordinal_smoothness,50,17,input_dependent_nonordinal,2,1187,0.9132266217354675,2.04212299915754,2.04212299915754,0,0.7497514949532408,0.021158111463046685,0.020559814515141772,0.021158111463046685,0,100
C_weaker_ordinal_smoothness,50,17,input_dependent_nonordinal,1,1187,0.8820556023588879,1.877000842459983,1.877000842459983,0,0.5250195810938261,0.020854776027118927,-0.021930664011769574,0.020854776027118927,0,100
C_weaker_ordinal_smoothness,50,17,input_dependent_nonordinal,0,241,0.8879668049792531,1.3526970954356847,1.3526970954356847,0,0.45032713645554956,0.013606056327005839,0.0012867955745122783,0.013606056327005839,0,50
C_weaker_ordinal_smoothness,50,17,input_dependent_ordinal,3,1179,0.917726887192536,2.3316369804919423,2.3316369804919423,0,0.6595783864294339,0.01934133301636023,-0.037687473424357465,0.01934133301636023,0,100
C_weaker_ordinal_smoothness,50,17,input_dependent_ordinal,4,1206,0.945273631840796,1.6077943615257049,1.6077943615257049,0,0.7020415350253285,0.016509866679993733,0.12014441850020141,0.016509866679993733,0,100
C_weaker_ordinal_smoothness,50,17,input_dependent_ordinal,2,1187,0.9064869418702611,2.0395956192080877,2.0395956192080877,0,0.611558176545351,0.018937896433241962,0.15029034123114948,0.018937896433241962,0,100
C_weaker_ordinal_smoothness,50,17,input_dependent_ordinal,1,1187,0.8820556023588879,1.877843302443134,1.877843302443134,0,0.5671436712849459,0.020490142658755716,-0.06388827227379906,0.020490142658755716,0,100
C_weaker_ordinal_smoothness,50,17,input_dependent_ordinal,0,241,0.9087136929460581,1.3651452282157677,1.3651452282157677,0,0.5372408868266604,0.022833301316092628,-0.06594994743459737,0.022833301316092628,0,50
C_weaker_ordinal_smoothness,50,18,independent_mondrian,1,1217,0.9260476581758422,1.9646672144617914,1.9646672144617914,0,0.0,0.0,0.5773351964245491,0.0,0,100
C_weaker_ordinal_smoothness,50,18,independent_mondrian,4,1174,0.9403747870528109,1.591993185689949,1.591993185689949,0,0.0,0.0,0.7883792205619399,0.0,0,100
C_weaker_ordinal_smoothness,50,18,independent_mondrian,2,1214,0.9398682042833608,2.065897858319605,2.065897858319605,0,0.0,0.0,0.8793464301636611,0.0,0,100
C_weaker_ordinal_smoothness,50,18,independent_mondrian,3,1170,0.8794871794871795,2.4401709401709404,2.4401709401709404,0,0.0,0.0,0.5419789980328074,0.0,0,100
C_weaker_ordinal_smoothness,50,18,independent_mondrian,0,225,0.8266666666666667,1.4044444444444444,1.4044444444444444,0,0.0,0.0,0.3383392486487993,0.0,0,50
C_weaker_ordinal_smoothness,50,18,ordinal_cluster,1,1217,0.9490550534100246,1.9975349219391947,1.9975349219391947,0,0.0,0.0,0.6444101887660776,0.0,0,100
C_weaker_ordinal_smoothness,50,18,ordinal_cluster,4,1174,0.8952299829642248,1.600511073253833,1.600511073253833,0,0.0,0.0,0.6567871842786317,0.0,0,100
C_weaker_ordinal_smoothness,50,18,ordinal_cluster,2,1214,0.8550247116968699,2.182866556836903,2.182866556836903,0,0.0,0.0,0.6523491319889777,0.0,0,100
C_weaker_ordinal_smoothness,50,18,ordinal_cluster,3,1170,0.9521367521367521,2.1393162393162393,2.1393162393162393,0,0.0,0.0,0.7282935580663983,0.0,0,100
C_weaker_ordinal_smoothness,50,18,ordinal_cluster,0,225,0.9288888888888889,1.5377777777777777,1.5377777777777777,0,0.0,0.0,0.5261670111999286,0.0,0,50
C_weaker_ordinal_smoothness,50,18,input_dependent_nonordinal,1,1217,0.8874281018898932,1.897288414133114,1.897288414133114,0,0.539045853476748,0.023089038653789192,-0.03639514906292829,0.023089038653789192,0,100
C_weaker_ordinal_smoothness,50,18,input_dependent_nonordinal,4,1174,0.9420783645655877,1.5238500851788757,1.5238500851788757,0,0.7031145837042687,0.020027306613482707,0.07850316535543234,0.020027306613482707,0,100
C_weaker_ordinal_smoothness,50,18,input_dependent_nonordinal,2,1214,0.9225700164744646,1.9752883031301482,1.9752883031301482,0,0.7781147223931988,0.016854192091254425,0.011249249956841179,0.016854192091254425,0,100
C_weaker_ordinal_smoothness,50,18,input_dependent_nonordinal,3,1170,0.8871794871794871,2.2726495726495726,2.2726495726495726,0,0.5812614596373665,0.024738310834940394,-0.03919463802276374,0.024738310834940394,0,100
C_weaker_ordinal_smoothness,50,18,input_dependent_nonordinal,0,225,0.8355555555555556,1.1955555555555555,1.1955555555555555,0,0.4236236036034274,0.027399614640272338,-0.04038754297634195,0.027399614640272338,0,50
C_weaker_ordinal_smoothness,50,18,input_dependent_ordinal,1,1217,0.8890714872637634,1.8792111750205422,1.8792111750205422,0,0.5822007499201238,0.021930520042457127,-0.07678785634480778,0.021930520042457127,0,100
C_weaker_ordinal_smoothness,50,18,input_dependent_ordinal,4,1174,0.9412265758091993,1.524701873935264,1.524701873935264,0,0.706330777107969,0.02053104134764648,0.07390071676329057,0.02053104134764648,0,100
C_weaker_ordinal_smoothness,50,18,input_dependent_ordinal,2,1214,0.9168039538714992,1.968698517298188,1.968698517298188,0,0.6241998973477142,0.02085873548129255,0.15093598336269587,0.02085873548129255,0,100
C_weaker_ordinal_smoothness,50,18,input_dependent_ordinal,3,1170,0.8923076923076924,2.2512820512820513,2.2512820512820513,0,0.6611156905503144,0.019944747623911598,-0.11851460640028844,0.019944747623911598,0,100
C_weaker_ordinal_smoothness,50,18,input_dependent_ordinal,0,225,0.8755555555555555,1.2355555555555555,1.2355555555555555,0,0.526749844672177,0.02360952690123218,-0.133996532450659,0.02360952690123218,0,50
C_weaker_ordinal_smoothness,50,19,independent_mondrian,4,1179,0.8914334181509754,1.4995759117896523,1.4995759117896523,0,0.0,0.0,0.6891710445592527,0.0,0,100
C_weaker_ordinal_smoothness,50,19,independent_mondrian,2,1210,0.9024793388429752,2.0016528925619834,2.0016528925619834,0,0.0,0.0,0.8034295133156186,0.0,0,100
C_weaker_ordinal_smoothness,50,19,independent_mondrian,3,1215,0.8740740740740741,2.288065843621399,2.288065843621399,0,0.0,0.0,0.548522397459257,0.0,0,100
C_weaker_ordinal_smoothness,50,19,independent_mondrian,0,246,0.8292682926829268,1.4146341463414633,1.4146341463414633,0,0.0,0.0,0.3759824689043565,0.0,0,50
C_weaker_ordinal_smoothness,50,19,independent_mondrian,1,1150,0.9217391304347826,1.931304347826087,1.931304347826087,0,0.0,0.0,0.582169653842445,0.0,0,100
C_weaker_ordinal_smoothness,50,19,ordinal_cluster,4,1179,0.8693808312128923,1.5284139100932994,1.5284139100932994,0,0.0,0.0,0.639079307137192,0.0,0,100
C_weaker_ordinal_smoothness,50,19,ordinal_cluster,2,1210,0.8272727272727273,2.0958677685950415,2.0958677685950415,0,0.0,0.0,0.6282844893171368,0.0,0,100
C_weaker_ordinal_smoothness,50,19,ordinal_cluster,3,1215,0.9374485596707819,2.083950617283951,2.083950617283951,0,0.0,0.0,0.6820299337128458,0.0,0,100
C_weaker_ordinal_smoothness,50,19,ordinal_cluster,0,246,0.9227642276422764,1.524390243902439,1.524390243902439,0,0.0,0.0,0.5129729575232962,0.0,0,50
C_weaker_ordinal_smoothness,50,19,ordinal_cluster,1,1150,0.9408695652173913,1.9156521739130434,1.9156521739130434,0,0.0,0.0,0.647688258367172,0.0,0,100
C_weaker_ordinal_smoothness,50,19,input_dependent_nonordinal,4,1179,0.9100932994062765,1.4614079728583544,1.4614079728583544,0,0.708625954715497,0.02213882543772844,-0.0027663063003640076,0.02213882543772844,0,100
C_weaker_ordinal_smoothness,50,19,input_dependent_nonordinal,2,1210,0.8933884297520661,1.9066115702479338,1.9066115702479338,0,0.7258448582329341,0.01684895457812578,0.03404777738212417,0.01684895457812578,0,100
C_weaker_ordinal_smoothness,50,19,input_dependent_nonordinal,3,1215,0.8666666666666667,2.145679012345679,2.145679012345679,0,0.5616654562611546,0.020052839163768918,-0.04198790184292356,0.020052839163768918,0,100
C_weaker_ordinal_smoothness,50,19,input_dependent_nonordinal,0,246,0.8089430894308943,1.2804878048780488,1.2804878048780488,0,0.4542503860389835,0.01719655155479147,-0.09415624003301665,0.01719655155479147,0,50
C_weaker_ordinal_smoothness,50,19,input_dependent_nonordinal,1,1150,0.9104347826086957,1.846086956521739,1.846086956521739,0,0.51749583747983,0.025706653028471152,0.006473918530123468,0.025706653028471152,0,100
C_weaker_ordinal_smoothness,50,19,input_dependent_ordinal,4,1179,0.9126378286683631,1.4614079728583544,1.4614079728583544,0,0.693883198818392,0.019907627651349964,0.017239265198563225,0.019907627651349964,0,100
C_weaker_ordinal_smoothness,50,19,input_dependent_ordinal,2,1210,0.8942148760330578,1.9066115702479338,1.9066115702479338,0,0.6033890268143778,0.019885475036606867,0.15596937651675713,0.019885475036606867,0,100
C_weaker_ordinal_smoothness,50,19,input_dependent_ordinal,3,1215,0.8666666666666667,2.140740740740741,2.140740740740741,0,0.6513935743646548,0.020288374302006855,-0.13242581238632112,0.020288374302006855,0,100
C_weaker_ordinal_smoothness,50,19,input_dependent_ordinal,0,246,0.7886178861788617,1.2682926829268293,1.2682926829268293,0,0.5026031735055133,0.020448406658916358,-0.14964392579088998,0.02044840665891635,0,50
C_weaker_ordinal_smoothness,50,19,input_dependent_ordinal,1,1150,0.908695652173913,1.8365217391304347,1.8365217391304347,0,0.5562868715003811,0.01962768124261527,-0.03570301345741367,0.01962768124261527,0,100
C_weaker_ordinal_smoothness,50,20,independent_mondrian,2,1153,0.9002601908065915,2.11448395490026,2.11448395490026,0,0.0,0.0,0.7495813570837354,0.0,0,100
C_weaker_ordinal_smoothness,50,20,independent_mondrian,1,1187,0.9048020219039595,2.1196293176074135,2.1196293176074135,0,0.0,0.0,0.5520519031153247,0.0,0,100
C_weaker_ordinal_smoothness,50,20,independent_mondrian,3,1221,0.9180999180999181,2.2923832923832923,2.2923832923832923,0,0.0,0.0,0.6604438093644626,0.0,0,100
C_weaker_ordinal_smoothness,50,20,independent_mondrian,0,232,0.9051724137931034,1.4310344827586208,1.4310344827586208,0,0.0,0.0,0.578053484760704,0.0,0,50
C_weaker_ordinal_smoothness,50,20,independent_mondrian,4,1207,0.8956089478044739,1.5733222866611434,1.5733222866611434,0,0.0,0.0,0.7230363539975738,0.0,0,100
C_weaker_ordinal_smoothness,50,20,ordinal_cluster,2,1153,0.8438855160450998,2.1231569817866434,2.1231569817866434,0,0.0,0.0,0.6344790577104722,0.0,0,100
C_weaker_ordinal_smoothness,50,20,ordinal_cluster,1,1187,0.9241786015164279,1.9679865206402696,1.9679865206402696,0,0.0,0.0,0.6048274934044414,0.0,0,100
C_weaker_ordinal_smoothness,50,20,ordinal_cluster,3,1221,0.9320229320229321,2.14987714987715,2.14987714987715,0,0.0,0.0,0.6972828544070535,0.0,0,100
C_weaker_ordinal_smoothness,50,20,ordinal_cluster,0,232,0.9008620689655172,1.4741379310344827,1.4741379310344827,0,0.0,0.0,0.5520519031153247,0.0,0,50
C_weaker_ordinal_smoothness,50,20,ordinal_cluster,4,1207,0.8823529411764706,1.5625517812758907,1.5625517812758907,0,0.0,0.0,0.6972828544070535,0.0,0,100
C_weaker_ordinal_smoothness,50,20,input_dependent_nonordinal,2,1153,0.9054640069384216,1.97398091934085,1.97398091934085,0,0.7710624823612274,0.016612632898516083,-0.042350969769206714,0.016612632898516083,0,100
C_weaker_ordinal_smoothness,50,20,input_dependent_nonordinal,1,1187,0.8702611625947767,1.9401853411962933,1.9401853411962933,0,0.515346738042759,0.02098557922539033,-0.0432509274632632,0.02098557922539033,0,100
C_weaker_ordinal_smoothness,50,20,input_dependent_nonordinal,3,1221,0.9180999180999181,2.0892710892710893,2.0892710892710893,0,0.583744166167831,0.020098280498909844,0.037942185824984154,0.020098280498909844,0,100
C_weaker_ordinal_smoothness,50,20,input_dependent_nonordinal,0,232,0.9267241379310345,1.3017241379310345,1.3017241379310345,0,0.4342843757960435,0.01858392908112902,0.10746185434896716,0.01858392908112902,0,50
C_weaker_ordinal_smoothness,50,20,input_dependent_nonordinal,4,1207,0.8740679370339686,1.4913007456503728,1.4913007456503728,0,0.6935093091151938,0.02243142862059743,-0.04887209134477022,0.02243142862059743,0,100
C_weaker_ordinal_smoothness,50,20,input_dependent_ordinal,2,1153,0.9002601908065915,1.9679098005203817,1.9679098005203817,0,0.619077701407091,0.019694166566339974,0.10464479675292804,0.019694166566339974,0,100
C_weaker_ordinal_smoothness,50,20,input_dependent_ordinal,1,1187,0.8677337826453243,1.9233361415332773,1.9233361415332773,0,0.5726944217688958,0.019056329633241793,-0.10327663204923732,0.019056329633241793,0,100
C_weaker_ordinal_smoothness,50,20,input_dependent_ordinal,3,1221,0.9197379197379197,2.076986076986077,2.076986076986077,0,0.6626712983053439,0.02113487311013053,-0.038155921515409585,0.02113487311013053,0,100
C_weaker_ordinal_smoothness,50,20,input_dependent_ordinal,0,232,0.9267241379310345,1.3060344827586208,1.3060344827586208,0,0.5210194645394934,0.017663718577923072,0.024388050305896414,0.017663718577923072,0,50
C_weaker_ordinal_smoothness,50,20,input_dependent_ordinal,4,1207,0.8724109362054681,1.4913007456503728,1.4913007456503728,0,0.7017717104751491,0.02075773340132497,-0.06182830569984854,0.02075773340132497,0,100
C_weaker_ordinal_smoothness,50,21,independent_mondrian,4,1192,0.8573825503355704,1.648489932885906,1.648489932885906,0,0.0,0.0,0.6039844956824999,0.0,0,100
C_weaker_ordinal_smoothness,50,21,independent_mondrian,0,243,0.8395061728395061,1.4814814814814814,1.4814814814814814,0,0.0,0.0,0.36334402660868714,0.0,0,50
C_weaker_ordinal_smoothness,50,21,independent_mondrian,3,1165,0.934763948497854,2.2781115879828326,2.2781115879828326,0,0.0,0.0,0.6775391902997233,0.0,0,100
C_weaker_ordinal_smoothness,50,21,independent_mondrian,1,1206,0.9411276948590381,2.0248756218905473,2.0248756218905473,0,0.0,0.0,0.6505932721525362,0.0,0,100
C_weaker_ordinal_smoothness,50,21,independent_mondrian,2,1194,0.9204355108877722,2.164154103852596,2.164154103852596,0,0.0,0.0,0.8677128960516161,0.0,0,100
C_weaker_ordinal_smoothness,50,21,ordinal_cluster,4,1192,0.8758389261744967,1.5738255033557047,1.5738255033557047,0,0.0,0.0,0.6280193340182256,0.0,0,100
C_weaker_ordinal_smoothness,50,21,ordinal_cluster,0,243,0.9218106995884774,1.5102880658436213,1.5102880658436213,0,0.0,0.0,0.4783066970771508,0.0,0,50
C_weaker_ordinal_smoothness,50,21,ordinal_cluster,3,1165,0.9450643776824035,2.12618025751073,2.12618025751073,0,0.0,0.0,0.6976132518505078,0.0,0,100
C_weaker_ordinal_smoothness,50,21,ordinal_cluster,1,1206,0.9411276948590381,1.9610281923714759,1.9610281923714759,0,0.0,0.0,0.6473449781744249,0.0,0,100
C_weaker_ordinal_smoothness,50,21,ordinal_cluster,2,1194,0.8366834170854272,2.135678391959799,2.135678391959799,0,0.0,0.0,0.6798322425103223,0.0,0,100
C_weaker_ordinal_smoothness,50,21,input_dependent_nonordinal,4,1192,0.8431208053691275,1.455536912751678,1.455536912751678,0,0.7366172805338596,0.02956859223582847,-0.13260877286404005,0.02956859223582847,0,100
C_weaker_ordinal_smoothness,50,21,input_dependent_nonordinal,0,243,0.8683127572016461,1.300411522633745,1.300411522633745,0,0.42746038798312,0.02129428397947252,-0.03656492327598215,0.02129428397947252,0,50
C_weaker_ordinal_smoothness,50,21,input_dependent_nonordinal,3,1165,0.9133047210300429,2.076394849785408,2.076394849785408,0,0.5697545800278694,0.01768156902104528,0.013864726708547215,0.01768156902104528,0,100
C_weaker_ordinal_smoothness,50,21,input_dependent_nonordinal,1,1206,0.9361525704809287,1.9344941956882256,1.9344941956882256,0,0.5144992857215077,0.02502081607433308,0.07285354447721493,0.02502081607433308,0,100
C_weaker_ordinal_smoothness,50,21,input_dependent_nonordinal,2,1194,0.8894472361809045,1.9907872696817421,1.9907872696817421,0,0.742584801641206,0.01368648887779781,0.01330883598189292,0.01368648887779781,0,100
C_weaker_ordinal_smoothness,50,21,input_dependent_ordinal,4,1192,0.8498322147651006,1.4513422818791946,1.4513422818791946,0,0.7246637386028151,0.02292042346717036,-0.11724514323437374,0.02292042346717036,0,100
C_weaker_ordinal_smoothness,50,21,input_dependent_ordinal,0,243,0.8765432098765432,1.2757201646090535,1.2757201646090535,0,0.4836511342910522,0.016797823041290655,-0.10609664021979087,0.016797823041290655,0,50
C_weaker_ordinal_smoothness,50,21,input_dependent_ordinal,3,1165,0.9141630901287554,2.0343347639484977,2.0343347639484977,0,0.658852839208323,0.02221477363052852,-0.07388111629206107,0.02221477363052852,0,100
C_weaker_ordinal_smoothness,50,21,input_dependent_ordinal,1,1206,0.9311774461028193,1.855721393034826,1.855721393034826,0,0.5565839033063952,0.018168175551114465,0.008233989119345586,0.018168175551114465,0,100
C_weaker_ordinal_smoothness,50,21,input_dependent_ordinal,2,1194,0.8726968174204355,1.9505862646566163,1.9505862646566163,0,0.609802223956409,0.021315763453484432,0.1100818918915456,0.021315763453484432,0,100
C_weaker_ordinal_smoothness,50,22,independent_mondrian,2,1139,0.9376646180860404,2.1395961369622474,2.1395961369622474,0,0.0,0.0,0.8895833624851434,0.0,0,100
C_weaker_ordinal_smoothness,50,22,independent_mondrian,3,1165,0.8952789699570816,2.3236051502145925,2.3236051502145925,0,0.0,0.0,0.6023851520131995,0.0,0,100
C_weaker_ordinal_smoothness,50,22,independent_mondrian,4,1208,0.8783112582781457,1.6341059602649006,1.6341059602649006,0,0.0,0.0,0.6592449718713226,0.0,0,100
C_weaker_ordinal_smoothness,50,22,independent_mondrian,1,1225,0.9289795918367347,2.2375510204081634,2.2375510204081634,0,0.0,0.0,0.5971682650243715,0.0,0,100
C_weaker_ordinal_smoothness,50,22,independent_mondrian,0,263,0.9315589353612167,1.6463878326996197,1.6463878326996197,0,0.0,0.0,0.555330274542785,0.0,0,50
C_weaker_ordinal_smoothness,50,22,ordinal_cluster,2,1139,0.8604038630377524,2.222124670763828,2.222124670763828,0,0.0,0.0,0.690144932237656,0.0,0,100
C_weaker_ordinal_smoothness,50,22,ordinal_cluster,3,1165,0.9321888412017167,2.171673819742489,2.171673819742489,0,0.0,0.0,0.7035696640256001,0.0,0,100
C_weaker_ordinal_smoothness,50,22,ordinal_cluster,4,1208,0.8576158940397351,1.6026490066225165,1.6026490066225165,0,0.0,0.0,0.6269418338084152,0.0,0,100
C_weaker_ordinal_smoothness,50,22,ordinal_cluster,1,1225,0.9608163265306122,2.1273469387755104,2.1273469387755104,0,0.0,0.0,0.7035696640256001,0.0,0,100
C_weaker_ordinal_smoothness,50,22,ordinal_cluster,0,263,0.9543726235741445,1.7452471482889733,1.7452471482889733,0,0.0,0.0,0.5911872070374213,0.0,0,50
C_weaker_ordinal_smoothness,50,22,input_dependent_nonordinal,2,1139,0.9411764705882353,2.19315188762072,2.19315188762072,0,0.7769652473586329,0.03564304978896124,0.08669582917576657,0.03564304978896124,0,100
C_weaker_ordinal_smoothness,50,22,input_dependent_nonordinal,3,1165,0.9296137339055794,2.2987124463519315,2.2987124463519315,0,0.5970387559783249,0.02761918195725124,0.06976937589835985,0.02761918195725124,0,100
C_weaker_ordinal_smoothness,50,22,input_dependent_nonordinal,4,1208,0.9014900662251656,1.6754966887417218,1.6754966887417218,0,0.709380149015468,0.04758711542213842,0.01754483196772011,0.04758711542213842,0,100
C_weaker_ordinal_smoothness,50,22,input_dependent_nonordinal,1,1225,0.9175510204081633,2.1551020408163266,2.1551020408163266,0,0.5144064142526158,0.019918729204389567,0.045145437531357635,0.019918729204389567,0,100
C_weaker_ordinal_smoothness,50,22,input_dependent_nonordinal,0,263,0.973384030418251,1.608365019011407,1.608365019011407,0,0.42864706513186573,0.01833436995291813,0.1162070527049176,0.01833436995291813,0,50
C_weaker_ordinal_smoothness,50,22,input_dependent_ordinal,2,1139,0.9376646180860404,2.1597892888498684,2.1597892888498684,0,0.6190369861893827,0.02902778560568271,0.23912000614793405,0.02902778560568271,0,100
C_weaker_ordinal_smoothness,50,22,input_dependent_ordinal,3,1165,0.9236051502145923,2.290128755364807,2.290128755364807,0,0.6686732412775022,0.03495777123728163,-0.0176244608706001,0.03495777123728163,0,100
C_weaker_ordinal_smoothness,50,22,input_dependent_ordinal,4,1208,0.8981788079470199,1.6448675496688743,1.6448675496688743,0,0.7204160791255994,0.04322883920747087,-0.0034024468317960244,0.04322883920747087,0,100
C_weaker_ordinal_smoothness,50,22,input_dependent_ordinal,1,1225,0.9208163265306123,2.16,2.16,0,0.56842304233542,0.02166227982266016,-0.003056461291355894,0.02166227982266016,0,100
C_weaker_ordinal_smoothness,50,22,input_dependent_ordinal,0,263,0.973384030418251,1.5893536121673004,1.5893536121673004,0,0.5207318078831942,0.01722533941128925,0.0197005385652666,0.01722533941128925,0,50
C_weaker_ordinal_smoothness,50,23,independent_mondrian,1,1203,0.9476309226932669,2.0174563591022445,2.0174563591022445,0,0.0,0.0,0.6463169798889349,0.0,0,100
C_weaker_ordinal_smoothness,50,23,independent_mondrian,2,1205,0.9369294605809129,2.1518672199170124,2.1518672199170124,0,0.0,0.0,0.8524274012328983,0.0,0,100
C_weaker_ordinal_smoothness,50,23,independent_mondrian,3,1193,0.8642078792958927,2.396479463537301,2.396479463537301,0,0.0,0.0,0.5577502894541398,0.0,0,100
C_weaker_ordinal_smoothness,50,23,independent_mondrian,4,1136,0.9181338028169014,1.5924295774647887,1.5924295774647887,0,0.0,0.0,0.7871207185844025,0.0,0,100
C_weaker_ordinal_smoothness,50,23,independent_mondrian,0,263,0.8365019011406845,1.4448669201520912,1.4448669201520912,0,0.0,0.0,0.3888245285067615,0.0,0,50
C_weaker_ordinal_smoothness,50,23,ordinal_cluster,1,1203,0.9476309226932669,2.031587697423109,2.031587697423109,0,0.0,0.0,0.6471674534131856,0.0,0,100
C_weaker_ordinal_smoothness,50,23,ordinal_cluster,2,1205,0.8423236514522822,2.163485477178423,2.163485477178423,0,0.0,0.0,0.6463169798889349,0.0,0,100
C_weaker_ordinal_smoothness,50,23,ordinal_cluster,3,1193,0.9295892707460185,2.145850796311819,2.145850796311819,0,0.0,0.0,0.7061095477073936,0.0,0,100
C_weaker_ordinal_smoothness,50,23,ordinal_cluster,4,1136,0.8802816901408451,1.6012323943661972,1.6012323943661972,0,0.0,0.0,0.6833771940414833,0.0,0,100
C_weaker_ordinal_smoothness,50,23,ordinal_cluster,0,263,0.9429657794676806,1.4866920152091254,1.4866920152091254,0,0.0,0.0,0.5649132690479975,0.0,0,50
C_weaker_ordinal_smoothness,50,23,input_dependent_nonordinal,1,1203,0.9260182876142976,1.9501246882793017,1.9501246882793017,0,0.4993173167832946,0.020919066491463485,0.05602889349459128,0.020919066491463485,0,100
C_weaker_ordinal_smoothness,50,23,input_dependent_nonordinal,2,1205,0.9485477178423236,2.0531120331950206,2.0531120331950206,0,0.7669034215305808,0.03167386109951427,0.10024089245994722,0.03167386109951427,0,100
C_weaker_ordinal_smoothness,50,23,input_dependent_nonordinal,3,1193,0.86756077116513,2.3310980720871752,2.3310980720871752,0,0.5827437762873938,0.024027480874604396,-0.03248579237505034,0.024027480874604396,0,100
C_weaker_ordinal_smoothness,50,23,input_dependent_nonordinal,4,1136,0.9322183098591549,1.618838028169014,1.618838028169014,0,0.6987354944931092,0.0208196278098227,0.08533805302489428,0.0208196278098227,0,100
C_weaker_ordinal_smoothness,50,23,input_dependent_nonordinal,0,263,0.8060836501901141,1.3536121673003803,1.3536121673003803,0,0.42409902127457566,0.017151000023893553,-0.06719527729500613,0.017151000023893553,0,50
C_weaker_ordinal_smoothness,50,23,input_dependent_ordinal,1,1203,0.9226932668329177,1.9891936824605154,1.9891936824605154,0,0.554659114620617,0.023858586278232164,-0.009976823306772964,0.023858586278232164,0,100
C_weaker_ordinal_smoothness,50,23,input_dependent_ordinal,2,1205,0.9535269709543569,2.0481327800829874,2.0481327800829874,0,0.60509099956786,0.0233004927004736,0.27053650496628856,0.0233004927004736,0,100
C_weaker_ordinal_smoothness,50,23,input_dependent_ordinal,3,1193,0.86756077116513,2.324392288348701,2.324392288348701,0,0.65967933305478,0.023524405377480784,-0.10757747732171363,0.023524405377480784,0,100
C_weaker_ordinal_smoothness,50,23,input_dependent_ordinal,4,1136,0.9278169014084507,1.6144366197183098,1.6144366197183098,0,0.7078180225035648,0.023390218608509795,0.0679588874207081,0.023390218608509795,0,100
C_weaker_ordinal_smoothness,50,23,input_dependent_ordinal,0,263,0.8174904942965779,1.349809885931559,1.349809885931559,0,0.5108364093348787,0.022321398037935654,-0.14525581452282516,0.022321398037935654,0,50
C_weaker_ordinal_smoothness,50,24,independent_mondrian,1,1186,0.927487352445194,2.1509274873524453,2.1509274873524453,0,0.0,0.0,0.5654350541624984,0.0,0,100
C_weaker_ordinal_smoothness,50,24,independent_mondrian,2,1163,0.9208942390369733,2.1384350816852966,2.1384350816852966,0,0.0,0.0,0.8210225713487708,0.0,0,100
C_weaker_ordinal_smoothness,50,24,independent_mondrian,4,1228,0.9340390879478827,1.5846905537459284,1.5846905537459284,0,0.0,0.0,0.8122059167946037,0.0,0,100
C_weaker_ordinal_smoothness,50,24,independent_mondrian,3,1180,0.9144067796610169,2.4491525423728815,2.4491525423728815,0,0.0,0.0,0.5844013206613728,0.0,0,100
C_weaker_ordinal_smoothness,50,24,independent_mondrian,0,243,0.9423868312757202,1.4444444444444444,1.4444444444444444,0,0.0,0.0,0.5592425613069779,0.0,0,50
C_weaker_ordinal_smoothness,50,24,ordinal_cluster,1,1186,0.9637436762225969,2.1281618887015177,2.1281618887015177,0,0.0,0.0,0.7104922296670999,0.0,0,100
C_weaker_ordinal_smoothness,50,24,ordinal_cluster,2,1163,0.884780739466896,2.3662940670679276,2.3662940670679276,0,0.0,0.0,0.709039214425159,0.0,0,100
C_weaker_ordinal_smoothness,50,24,ordinal_cluster,4,1228,0.9063517915309446,1.6897394136807817,1.6897394136807817,0,0.0,0.0,0.7460504523711705,0.0,0,100
C_weaker_ordinal_smoothness,50,24,ordinal_cluster,3,1180,0.9652542372881356,2.3440677966101693,2.3440677966101693,0,0.0,0.0,0.753536175494097,0.0,0,100
C_weaker_ordinal_smoothness,50,24,ordinal_cluster,0,243,0.9423868312757202,1.654320987654321,1.654320987654321,0,0.0,0.0,0.5592425613069779,0.0,0,50
C_weaker_ordinal_smoothness,50,24,input_dependent_nonordinal,1,1186,0.8752107925801011,1.9654300168634065,1.9654300168634065,0,0.5325915654309767,0.02444331727747931,-0.026332569410356443,0.02444331727747931,0,100
C_weaker_ordinal_smoothness,50,24,input_dependent_nonordinal,2,1163,0.9251934651762683,2.0232158211521925,2.0232158211521925,0,0.7755406606919574,0.02686121563984501,0.0540688475453287,0.02686121563984501,0,100
C_weaker_ordinal_smoothness,50,24,input_dependent_nonordinal,4,1228,0.9185667752442996,1.5773615635179152,1.5773615635179152,0,0.7085915959206333,0.030633576660642536,0.013690429866687004,0.030633576660642536,0,100
C_weaker_ordinal_smoothness,50,24,input_dependent_nonordinal,3,1180,0.9177966101694915,2.2542372881355934,2.2542372881355934,0,0.5774213021870435,0.0248354296197352,0.007637930272447746,0.0248354296197352,0,100
C_weaker_ordinal_smoothness,50,24,input_dependent_nonordinal,0,243,0.9259259259259259,1.3909465020576133,1.3909465020576133,0,0.4427705866777838,0.020138219408298998,0.02448397831462823,0.020138219408298998,0,50
C_weaker_ordinal_smoothness,50,24,input_dependent_ordinal,1,1186,0.8768971332209107,1.9772344013490726,1.9772344013490726,0,0.5777271763091208,0.023951896720434764,-0.06992038397743328,0.023951896720434764,0,100
C_weaker_ordinal_smoothness,50,24,input_dependent_ordinal,2,1163,0.9260533104041273,2.0283748925193463,2.0283748925193463,0,0.6245557513197886,0.026051848087068938,0.20342186859602884,0.026051848087068938,0,100
C_weaker_ordinal_smoothness,50,24,input_dependent_ordinal,4,1228,0.9169381107491856,1.5781758957654723,1.5781758957654723,0,0.7088318754104203,0.030189421560714653,0.012128848102300083,0.030189421560714653,0,100
C_weaker_ordinal_smoothness,50,24,input_dependent_ordinal,3,1180,0.9194915254237288,2.2533898305084747,2.2533898305084747,0,0.6611492578713912,0.02783520524209648,-0.071802886841836,0.02783520524209648,0,100
C_weaker_ordinal_smoothness,50,24,input_dependent_ordinal,0,243,0.9259259259259259,1.3950617283950617,1.3950617283950617,0,0.5352980596538351,0.022182783234902106,-0.06217163859114022,0.022182783234902106,0,50
C_weaker_ordinal_smoothness,50,25,independent_mondrian,4,1148,0.8092334494773519,1.4930313588850175,1.4930313588850175,0,0.0,0.0,0.5670128461036202,0.0,0,100
C_weaker_ordinal_smoothness,50,25,independent_mondrian,1,1171,0.9342442356959864,2.046114432109308,2.046114432109308,0,0.0,0.0,0.6095620168624893,0.0,0,100
C_weaker_ordinal_smoothness,50,25,independent_mondrian,3,1217,0.9129005751848809,2.1437962202136402,2.1437962202136402,0,0.0,0.0,0.6118416845224419,0.0,0,100
C_weaker_ordinal_smoothness,50,25,independent_mondrian,2,1219,0.9269893355209188,2.0656275635767023,2.0656275635767023,0,0.0,0.0,0.8091751309119869,0.0,0,100
C_weaker_ordinal_smoothness,50,25,independent_mondrian,0,245,0.9020408163265307,1.457142857142857,1.457142857142857,0,0.0,0.0,0.4580698807655676,0.0,0,50
C_weaker_ordinal_smoothness,50,25,ordinal_cluster,4,1148,0.818815331010453,1.4494773519163764,1.4494773519163764,0,0.0,0.0,0.5803844331665243,0.0,0,100
C_weaker_ordinal_smoothness,50,25,ordinal_cluster,1,1171,0.9402220324508966,1.933390264730999,1.933390264730999,0,0.0,0.0,0.6390632484940088,0.0,0,100
C_weaker_ordinal_smoothness,50,25,ordinal_cluster,3,1217,0.9170090386195563,1.999178307313065,1.999178307313065,0,0.0,0.0,0.6288975828630253,0.0,0,100
C_weaker_ordinal_smoothness,50,25,ordinal_cluster,2,1219,0.8424938474159147,2.0533223954060706,2.0533223954060706,0,0.0,0.0,0.6484899754751515,0.0,0,100
C_weaker_ordinal_smoothness,50,25,ordinal_cluster,0,245,0.9346938775510204,1.4816326530612245,1.4816326530612245,0,0.0,0.0,0.520031652016882,0.0,0,50
C_weaker_ordinal_smoothness,50,25,input_dependent_nonordinal,4,1148,0.8527874564459931,1.4773519163763067,1.4773519163763067,0,0.7060780541763315,0.03204465178938844,-0.05479651364370841,0.03204465178938844,0,100
C_weaker_ordinal_smoothness,50,25,input_dependent_nonordinal,1,1171,0.8915456874466268,1.92399658411614,1.92399658411614,0,0.5104755815899545,0.026571994730572066,-0.004932324269635857,0.026571994730572066,0,100
C_weaker_ordinal_smoothness,50,25,input_dependent_nonordinal,3,1217,0.9227608874281019,2.1405094494659,2.1405094494659,0,0.5669262367174238,0.01891207178477424,0.03686891403783099,0.01891207178477424,0,100
C_weaker_ordinal_smoothness,50,25,input_dependent_nonordinal,2,1219,0.9253486464315013,1.9876948318293683,1.9876948318293683,0,0.7239885561274513,0.020194083425279796,0.05078705198040151,0.020194083425279796,0,100
C_weaker_ordinal_smoothness,50,25,input_dependent_nonordinal,0,245,0.8816326530612245,1.2775510204081633,1.2775510204081633,0,0.4405399741733835,0.017938859375108196,0.012049097033168532,0.017938859375108196,0,50
C_weaker_ordinal_smoothness,50,25,input_dependent_ordinal,4,1148,0.8545296167247387,1.5026132404181185,1.5026132404181185,0,0.6970048580338841,0.026052172022231725,-0.052695134948113176,0.026052172022231725,0,100
C_weaker_ordinal_smoothness,50,25,input_dependent_ordinal,1,1171,0.9035012809564474,1.976942783945346,1.976942783945346,0,0.5479632635826365,0.02193163651773873,-0.023946440602454322,0.02193163651773873,0,100
C_weaker_ordinal_smoothness,50,25,input_dependent_ordinal,3,1217,0.9227608874281019,2.1495480690221855,2.1495480690221855,0,0.6473203569626979,0.024999251276765718,-0.029220462964231253,0.024999251276765718,0,100
C_weaker_ordinal_smoothness,50,25,input_dependent_ordinal,2,1219,0.9327317473338802,2.0090237899917964,2.0090237899917964,0,0.5953077023556401,0.023683596859512674,0.19938500383791435,0.023683596859512674,0,100
C_weaker_ordinal_smoothness,50,25,input_dependent_ordinal,0,245,0.889795918367347,1.3306122448979592,1.3306122448979592,0,0.4949854713995732,0.020031747744281188,-0.03525675232394085,0.020031747744281188,0,50
C_weaker_ordinal_smoothness,50,26,independent_mondrian,3,1169,0.9187339606501284,2.37382378100941,2.37382378100941,0,0.0,0.0,0.6484409918563437,0.0,0,100
C_weaker_ordinal_smoothness,50,26,independent_mondrian,4,1160,0.9439655172413793,1.6224137931034484,1.6224137931034484,0,0.0,0.0,0.8509607338241106,0.0,0,100
C_weaker_ordinal_smoothness,50,26,independent_mondrian,1,1182,0.9407783417935702,2.0795262267343486,2.0795262267343486,0,0.0,0.0,0.6356794389983129,0.0,0,100
C_weaker_ordinal_smoothness,50,26,independent_mondrian,2,1242,0.8832528180354268,2.2310789049919486,2.2310789049919486,0,0.0,0.0,0.7144458237771165,0.0,0,100
C_weaker_ordinal_smoothness,50,26,independent_mondrian,0,247,0.9068825910931174,1.5303643724696356,1.5303643724696356,0,0.0,0.0,0.5447787525746913,0.0,0,50
C_weaker_ordinal_smoothness,50,26,ordinal_cluster,3,1169,0.9392643284858854,2.18562874251497,2.18562874251497,0,0.0,0.0,0.7144458237771165,0.0,0,100
C_weaker_ordinal_smoothness,50,26,ordinal_cluster,4,1160,0.8948275862068965,1.610344827586207,1.610344827586207,0,0.0,0.0,0.7151244165808995,0.0,0,100
C_weaker_ordinal_smoothness,50,26,ordinal_cluster,1,1182,0.9407783417935702,2.0769881556683587,2.0769881556683587,0,0.0,0.0,0.6359986473834821,0.0,0,100
C_weaker_ordinal_smoothness,50,26,ordinal_cluster,2,1242,0.857487922705314,2.1996779388083736,2.1996779388083736,0,0.0,0.0,0.6484454736857616,0.0,0,100
C_weaker_ordinal_smoothness,50,26,ordinal_cluster,0,247,0.9271255060728745,1.534412955465587,1.534412955465587,0,0.0,0.0,0.603646351968814,0.0,0,50
C_weaker_ordinal_smoothness,50,26,input_dependent_nonordinal,3,1169,0.8964927288280582,2.118049615055603,2.118049615055603,0,0.5732835678602689,0.028175909209876768,0.01587329450605468,0.028175909209876768,0,100
C_weaker_ordinal_smoothness,50,26,input_dependent_nonordinal,4,1160,0.8956896551724138,1.5077586206896552,1.5077586206896552,0,0.7232352279696709,0.031984625178960745,-0.01980986354264269,0.031984625178960745,0,100
C_weaker_ordinal_smoothness,50,26,input_dependent_nonordinal,1,1182,0.9103214890016921,1.9483925549915397,1.9483925549915397,0,0.525568392782336,0.023437524703937816,0.003610734382509251,0.023437524703937816,0,100
C_weaker_ordinal_smoothness,50,26,input_dependent_nonordinal,2,1242,0.8904991948470209,1.9927536231884058,1.9927536231884058,0,0.7431946856090079,0.03056153203203873,-0.0017289704213389046,0.03056153203203873,0,100
C_weaker_ordinal_smoothness,50,26,input_dependent_nonordinal,0,247,0.9352226720647774,1.3967611336032388,1.3967611336032388,0,0.4638460881646727,0.027833893588524894,0.043350720082074634,0.027833893588524894,0,50
C_weaker_ordinal_smoothness,50,26,input_dependent_ordinal,3,1169,0.8964927288280582,2.1283147989734816,2.1283147989734816,0,0.6619200149207929,0.029588143529160112,-0.07354537560783259,0.029588143529160112,0,100
C_weaker_ordinal_smoothness,50,26,input_dependent_ordinal,4,1160,0.8948275862068965,1.5051724137931035,1.5051724137931035,0,0.7084420477406983,0.031150361815347614,-0.005850386660618767,0.031150361815347614,0,100
C_weaker_ordinal_smoothness,50,26,input_dependent_ordinal,1,1182,0.9111675126903553,1.9644670050761421,1.9644670050761421,0,0.5679700760357476,0.025241454857733943,-0.036838460538836215,0.025241454857733943,0,100
C_weaker_ordinal_smoothness,50,26,input_dependent_ordinal,2,1242,0.8985507246376812,2.005636070853462,2.005636070853462,0,0.6157748409698591,0.02801648615144495,0.1304323503991307,0.02801648615144495,0,100
C_weaker_ordinal_smoothness,50,26,input_dependent_ordinal,0,247,0.9392712550607287,1.4008097165991902,1.4008097165991902,0,0.5165894815840507,0.024694502581393055,0.0010030551316798642,0.024694502581393055,0,50
C_weaker_ordinal_smoothness,50,27,independent_mondrian,0,264,0.8712121212121212,1.3825757575757576,1.3825757575757576,0,0.0,0.0,0.4330327451273732,0.0,0,50
C_weaker_ordinal_smoothness,50,27,independent_mondrian,2,1251,0.9232613908872902,2.1031175059952036,2.1031175059952036,0,0.0,0.0,0.833785790674852,0.0,0,100
C_weaker_ordinal_smoothness,50,27,independent_mondrian,1,1203,0.9177057356608479,2.0290939318370738,2.0290939318370738,0,0.0,0.0,0.530922860833302,0.0,0,100
C_weaker_ordinal_smoothness,50,27,independent_mondrian,3,1129,0.9149689991142604,2.3808680248007086,2.3808680248007086,0,0.0,0.0,0.6530830954897511,0.0,0,100
C_weaker_ordinal_smoothness,50,27,independent_mondrian,4,1153,0.9098005203816132,1.6079791847354727,1.6079791847354727,0,0.0,0.0,0.7335296585943619,0.0,0,100
C_weaker_ordinal_smoothness,50,27,ordinal_cluster,0,264,0.9128787878787878,1.4886363636363635,1.4886363636363635,0,0.0,0.0,0.47810357360621974,0.0,0,50
C_weaker_ordinal_smoothness,50,27,ordinal_cluster,2,1251,0.8609112709832134,2.199040767386091,2.199040767386091,0,0.0,0.0,0.6658896204599616,0.0,0,100
C_weaker_ordinal_smoothness,50,27,ordinal_cluster,1,1203,0.9459684123025769,1.9301745635910224,1.9301745635910224,0,0.0,0.0,0.6154990798207657,0.0,0,100
C_weaker_ordinal_smoothness,50,27,ordinal_cluster,3,1129,0.9512843224092117,2.1966341895482726,2.1966341895482726,0,0.0,0.0,0.7537402367555142,0.0,0,100
C_weaker_ordinal_smoothness,50,27,ordinal_cluster,4,1153,0.8837814397224631,1.614050303555941,1.614050303555941,0,0.0,0.0,0.6788025588242397,0.0,0,100
C_weaker_ordinal_smoothness,50,27,input_dependent_nonordinal,0,264,0.9090909090909091,1.5492424242424243,1.5492424242424243,0,0.4865155520766132,0.02229462613224011,-0.00979912036230049,0.02229462613224011,0,50
C_weaker_ordinal_smoothness,50,27,input_dependent_nonordinal,2,1251,0.9312549960031974,2.0471622701838528,2.0471622701838528,0,0.7406689891989411,0.013266008388363634,0.08270003481377808,0.013266008388363634,0,100
C_weaker_ordinal_smoothness,50,27,input_dependent_nonordinal,1,1203,0.9484621778886118,2.076475477971737,2.076475477971737,0,0.5379968514159776,0.020619672375926917,0.04824149412013501,0.020619672375926917,0,100
C_weaker_ordinal_smoothness,50,27,input_dependent_nonordinal,3,1129,0.9016829052258636,2.2772364924712134,2.2772364924712134,0,0.5518365797786731,0.019521504289374887,0.032854601093644464,0.019521504289374887,0,100
C_weaker_ordinal_smoothness,50,27,input_dependent_nonordinal,4,1153,0.9106678230702515,1.5299219427580226,1.5299219427580226,0,0.6905142023650103,0.026888640538462533,0.024460562265520847,0.026888640538462533,0,100
C_weaker_ordinal_smoothness,50,27,input_dependent_ordinal,0,264,0.8825757575757576,1.5151515151515151,1.5151515151515151,0,0.5509245542486808,0.015215109779918334,-0.11782460308073747,0.01521510977991833,0,50
C_weaker_ordinal_smoothness,50,27,input_dependent_ordinal,2,1251,0.9376498800959233,2.041566746602718,2.041566746602718,0,0.5999576036467782,0.01952158034555789,0.23824751585238424,0.01952158034555789,0,100
C_weaker_ordinal_smoothness,50,27,input_dependent_ordinal,1,1203,0.9476309226932669,2.030756442227764,2.030756442227764,0,0.5750433692587912,0.017106850029951538,0.011393139595855861,0.017106850029951538,0,100
C_weaker_ordinal_smoothness,50,27,input_dependent_ordinal,3,1129,0.8990256864481843,2.2949512843224094,2.2949512843224094,0,0.6404004504360841,0.020555675098367754,-0.06088934736601115,0.020555675098367754,0,100
C_weaker_ordinal_smoothness,50,27,input_dependent_ordinal,4,1153,0.9124024284475282,1.5394622723330442,1.5394622723330442,0,0.6767632967961831,0.02207794885431945,0.0431853365673327,0.02207794885431945,0,100
C_weaker_ordinal_smoothness,50,28,independent_mondrian,3,1198,0.9065108514190318,2.3096828046744573,2.3096828046744573,0,0.0,0.0,0.6116709579613286,0.0,0,100
C_weaker_ordinal_smoothness,50,28,independent_mondrian,1,1161,0.8811369509043928,2.012919896640827,2.012919896640827,0,0.0,0.0,0.48036420255579465,0.0,0,100
C_weaker_ordinal_smoothness,50,28,independent_mondrian,4,1199,0.8849040867389492,1.6296914095079233,1.6296914095079233,0,0.0,0.0,0.6797545065623402,0.0,0,100
C_weaker_ordinal_smoothness,50,28,independent_mondrian,0,261,0.8582375478927203,1.3218390804597702,1.3218390804597702,0,0.0,0.0,0.429811611046491,0.0,0,50
C_weaker_ordinal_smoothness,50,28,independent_mondrian,2,1181,0.9398814563928873,2.004233700254022,2.004233700254022,0,0.0,0.0,0.8675644419777442,0.0,0,100
C_weaker_ordinal_smoothness,50,28,ordinal_cluster,3,1198,0.9248747913188647,2.1268781302170283,2.1268781302170283,0,0.0,0.0,0.6814342931730686,0.0,0,100
C_weaker_ordinal_smoothness,50,28,ordinal_cluster,1,1161,0.954349698535745,1.88458225667528,1.88458225667528,0,0.0,0.0,0.6618224308213203,0.0,0,100
C_weaker_ordinal_smoothness,50,28,ordinal_cluster,4,1199,0.8698915763135947,1.573811509591326,1.573811509591326,0,0.0,0.0,0.6561228496857474,0.0,0,100
C_weaker_ordinal_smoothness,50,28,ordinal_cluster,0,261,0.8735632183908046,1.5670498084291187,1.5670498084291187,0,0.0,0.0,0.4488697027835031,0.0,0,50
C_weaker_ordinal_smoothness,50,28,ordinal_cluster,2,1181,0.8602878916172735,2.1397121083827266,2.1397121083827266,0,0.0,0.0,0.6618224308213203,0.0,0,100
C_weaker_ordinal_smoothness,50,28,input_dependent_nonordinal,3,1198,0.833889816360601,2.2429048414023374,2.2429048414023374,0,0.5991973229592169,0.031595433512868865,-0.0722087163523803,0.031595433512868865,0,100
C_weaker_ordinal_smoothness,50,28,input_dependent_nonordinal,1,1161,0.9345391903531438,2.086993970714901,2.086993970714901,0,0.5211380625445755,0.029353445116531148,0.05173403384849906,0.029353445116531148,0,100
C_weaker_ordinal_smoothness,50,28,input_dependent_nonordinal,4,1199,0.9040867389491243,1.5446205170975813,1.5446205170975813,0,0.7287806184965223,0.025532677050262628,-0.03279662630921487,0.025532677050262628,0,100
C_weaker_ordinal_smoothness,50,28,input_dependent_nonordinal,0,261,0.8850574712643678,1.5134099616858236,1.5134099616858236,0,0.4881474804329113,0.01927821847575329,-0.03916841826717149,0.01927821847575329,0,50
C_weaker_ordinal_smoothness,50,28,input_dependent_nonordinal,2,1181,0.947502116850127,2.0008467400508043,2.0008467400508043,0,0.7527753169888004,0.02534613300079071,0.12640276979729825,0.02534613300079071,0,100
C_weaker_ordinal_smoothness,50,28,input_dependent_ordinal,3,1198,0.837228714524207,2.2353923205342237,2.2353923205342237,0,0.6765550722852326,0.02634007411078674,-0.15651688605035596,0.02634007411078674,0,100
C_weaker_ordinal_smoothness,50,28,input_dependent_ordinal,1,1161,0.9233419465977606,2.08182601205857,2.08182601205857,0,0.5710629777314812,0.025084500871104344,-0.01797136544358313,0.025084500871104344,0,100
C_weaker_ordinal_smoothness,50,28,input_dependent_ordinal,4,1199,0.9049207673060884,1.53628023352794,1.53628023352794,0,0.723662723444912,0.028476698436775968,-0.017929089025579492,0.028476698436775968,0,100
C_weaker_ordinal_smoothness,50,28,input_dependent_ordinal,0,261,0.89272030651341,1.5019157088122606,1.5019157088122606,0,0.5314645002844332,0.02519720062401721,-0.05462387531181667,0.02519720062401721,0,50
C_weaker_ordinal_smoothness,50,28,input_dependent_ordinal,2,1181,0.9458086367485182,1.9983065198983911,1.9983065198983911,0,0.6189825594122301,0.027906691139089203,0.2480327895137554,0.027906691139089203,0,100
C_weaker_ordinal_smoothness,50,29,independent_mondrian,3,1196,0.9155518394648829,2.2316053511705687,2.2316053511705687,0,0.0,0.0,0.6531813054502688,0.0,0,100
C_weaker_ordinal_smoothness,50,29,independent_mondrian,4,1209,0.9098428453267163,1.5930521091811414,1.5930521091811414,0,0.0,0.0,0.752465919813271,0.0,0,100
C_weaker_ordinal_smoothness,50,29,independent_mondrian,1,1218,0.8530377668308703,2.0870279146141213,2.0870279146141213,0,0.0,0.0,0.47455016092148294,0.0,0,100
C_weaker_ordinal_smoothness,50,29,independent_mondrian,2,1145,0.8768558951965065,2.039301310043668,2.039301310043668,0,0.0,0.0,0.714683949869351,0.0,0,100
C_weaker_ordinal_smoothness,50,29,independent_mondrian,0,232,0.9568965517241379,1.3017241379310345,1.3017241379310345,0,0.0,0.0,0.6065501909814239,0.0,0,50
C_weaker_ordinal_smoothness,50,29,ordinal_cluster,3,1196,0.9306020066889632,2.1354515050167224,2.1354515050167224,0,0.0,0.0,0.696855812488483,0.0,0,100
C_weaker_ordinal_smoothness,50,29,ordinal_cluster,4,1209,0.8792390405293631,1.5789909015715466,1.5789909015715466,0,0.0,0.0,0.6859890287569297,0.0,0,100
C_weaker_ordinal_smoothness,50,29,ordinal_cluster,1,1218,0.9351395730706076,1.8932676518883416,1.8932676518883416,0,0.0,0.0,0.6207767551809765,0.0,0,100
C_weaker_ordinal_smoothness,50,29,ordinal_cluster,2,1145,0.8314410480349345,2.119650655021834,2.119650655021834,0,0.0,0.0,0.644566670097445,0.0,0,100
C_weaker_ordinal_smoothness,50,29,ordinal_cluster,0,232,0.8922413793103449,1.4267241379310345,1.4267241379310345,0,0.0,0.0,0.48623775961784027,0.0,0,50
C_weaker_ordinal_smoothness,50,29,input_dependent_nonordinal,3,1196,0.8603678929765887,2.1847826086956523,2.1847826086956523,0,0.5898667276533553,0.022725626127849296,-0.034149380807791396,0.022725626127849296,0,100
C_weaker_ordinal_smoothness,50,29,input_dependent_nonordinal,4,1209,0.9263854425144747,1.5376344086021505,1.5376344086021505,0,0.7189896608106782,0.024068585607536122,0.041238362879161494,0.024068585607536122,0,100
C_weaker_ordinal_smoothness,50,29,input_dependent_nonordinal,1,1218,0.874384236453202,1.9105090311986863,1.9105090311986863,0,0.5409489158883233,0.028207751151873923,-0.04910613231231625,0.028207751151873923,0,100
C_weaker_ordinal_smoothness,50,29,input_dependent_nonordinal,2,1145,0.9021834061135371,1.97117903930131,1.97117903930131,0,0.7742416433192022,0.03784499790532588,0.0057740910224148845,0.03784499790532588,0,100
C_weaker_ordinal_smoothness,50,29,input_dependent_nonordinal,0,232,0.9181034482758621,1.353448275862069,1.353448275862069,0,0.4904237100648344,0.02203083222245164,0.02895688772408722,0.02203083222245164,0,50
C_weaker_ordinal_smoothness,50,29,input_dependent_ordinal,3,1196,0.8595317725752508,2.1847826086956523,2.1847826086956523,0,0.6734326925199449,0.027477533016993346,-0.11827499821203613,0.027477533016993346,0,100
C_weaker_ordinal_smoothness,50,29,input_dependent_ordinal,4,1209,0.9255583126550868,1.5169561621174525,1.5169561621174525,0,0.7142010887885144,0.024192060551575037,0.04553526747296832,0.024192060551575037,0,100
C_weaker_ordinal_smoothness,50,29,input_dependent_ordinal,1,1218,0.8719211822660099,1.9417077175697866,1.9417077175697866,0,0.5870083966688757,0.029921711772434984,-0.0932612112604474,0.029921711772434984,0,100
C_weaker_ordinal_smoothness,50,29,input_dependent_ordinal,2,1145,0.896943231441048,1.976419213973799,1.976419213973799,0,0.634453946757393,0.028863059285555694,0.13248484397061577,0.028863059285555694,0,100
C_weaker_ordinal_smoothness,50,29,input_dependent_ordinal,0,232,0.9353448275862069,1.3663793103448276,1.3663793103448276,0,0.5670528454336954,0.03143899330136671,-0.011199536954781375,0.03143899330136671,0,50
C_weaker_ordinal_smoothness,50,30,independent_mondrian,3,1139,0.926251097453907,2.2256365232660227,2.2256365232660227,0,0.0,0.0,0.6248587714233249,0.0,0,100
C_weaker_ordinal_smoothness,50,30,independent_mondrian,2,1237,0.898949070331447,2.0873080032336295,2.0873080032336295,0,0.0,0.0,0.7437324815884171,0.0,0,100
C_weaker_ordinal_smoothness,50,30,independent_mondrian,4,1183,0.8841927303465765,1.5266272189349113,1.5266272189349113,0,0.0,0.0,0.6794939399445132,0.0,0,100
C_weaker_ordinal_smoothness,50,30,independent_mondrian,1,1201,0.9367194004995837,1.9991673605328892,1.9991673605328892,0,0.0,0.0,0.6036072951369222,0.0,0,100
C_weaker_ordinal_smoothness,50,30,independent_mondrian,0,240,0.8666666666666667,1.4333333333333333,1.4333333333333333,0,0.0,0.0,0.4763208772086369,0.0,0,50
C_weaker_ordinal_smoothness,50,30,ordinal_cluster,3,1139,0.9420544337137841,2.0561896400351185,2.0561896400351185,0,0.0,0.0,0.6713357444683162,0.0,0,100
C_weaker_ordinal_smoothness,50,30,ordinal_cluster,2,1237,0.8439773645917542,2.0929668552950687,2.0929668552950687,0,0.0,0.0,0.6259781208277078,0.0,0,100
C_weaker_ordinal_smoothness,50,30,ordinal_cluster,4,1183,0.8664412510566357,1.5173288250211328,1.5173288250211328,0,0.0,0.0,0.635911867776024,0.0,0,100
C_weaker_ordinal_smoothness,50,30,ordinal_cluster,1,1201,0.9442131557035803,1.9891756869275603,1.9891756869275603,0,0.0,0.0,0.6232285873805797,0.0,0,100
C_weaker_ordinal_smoothness,50,30,ordinal_cluster,0,240,0.9208333333333333,1.4875,1.4875,0,0.0,0.0,0.5654373247643325,0.0,0,50
C_weaker_ordinal_smoothness,50,30,input_dependent_nonordinal,3,1139,0.9490781387181738,2.0693590869183494,2.0693590869183494,0,0.5675455286567004,0.027928054661364887,0.0994192390403762,0.027928054661364887,0,100
C_weaker_ordinal_smoothness,50,30,input_dependent_nonordinal,2,1237,0.8577202910266775,2.01535974130962,2.01535974130962,0,0.7893569732601889,0.01988043065895016,-0.1251625192130959,0.01988043065895016,0,100
C_weaker_ordinal_smoothness,50,30,input_dependent_nonordinal,4,1183,0.8884192730346576,1.5274725274725274,1.5274725274725274,0,0.7164298635313702,0.02272708615543477,-0.042800080583505595,0.02272708615543477,0,100
C_weaker_ordinal_smoothness,50,30,input_dependent_nonordinal,1,1201,0.8967527060782681,1.8576186511240633,1.8576186511240633,0,0.5187140730708882,0.02110271364944805,0.009419066237243756,0.02110271364944805,0,100
C_weaker_ordinal_smoothness,50,30,input_dependent_nonordinal,0,240,0.9166666666666666,1.3791666666666667,1.3791666666666667,0,0.43526038096968594,0.023804581502952074,0.07419901706618812,0.023804581502952074,0,50
C_weaker_ordinal_smoothness,50,30,input_dependent_ordinal,3,1139,0.9543459174714662,2.080772607550483,2.080772607550483,0,0.6614456704468947,0.024109958442575637,0.01750988239533602,0.024109958442575637,0,100
C_weaker_ordinal_smoothness,50,30,input_dependent_ordinal,2,1237,0.8690379951495554,2.0347615198059823,2.0347615198059823,0,0.6133353261264802,0.023554694557970195,0.06743967070841889,0.023554694557970195,0,100
C_weaker_ordinal_smoothness,50,30,input_dependent_ordinal,4,1183,0.8850380388841927,1.5460693153000846,1.5460693153000846,0,0.7156679066646996,0.024961853151280935,-0.04449347782362967,0.024961853151280935,0,100
C_weaker_ordinal_smoothness,50,30,input_dependent_ordinal,1,1201,0.8950874271440467,1.8734388009991674,1.8734388009991674,0,0.5700417479521014,0.02182606419539515,-0.04352469864983366,0.02182606419539515,0,100
C_weaker_ordinal_smoothness,50,30,input_dependent_ordinal,0,240,0.9166666666666666,1.3916666666666666,1.3916666666666666,0,0.5376103445389742,0.02336427005054806,-0.030622264576214392,0.02336427005054806,0,50
C_weaker_ordinal_smoothness,50,31,independent_mondrian,4,1148,0.9128919860627178,1.5601045296167246,1.5601045296167246,0,0.0,0.0,0.725552358362296,0.0,0,100
C_weaker_ordinal_smoothness,50,31,independent_mondrian,3,1193,0.8910310142497905,2.2715842414082146,2.2715842414082146,0,0.0,0.0,0.6169530307014623,0.0,0,100
C_weaker_ordinal_smoothness,50,31,independent_mondrian,1,1250,0.8928,2.2472,2.2472,0,0.0,0.0,0.5444637649659394,0.0,0,100
C_weaker_ordinal_smoothness,50,31,independent_mondrian,2,1171,0.9069171648163963,2.0973526900085395,2.0973526900085395,0,0.0,0.0,0.7812317626041899,0.0,0,100
C_weaker_ordinal_smoothness,50,31,independent_mondrian,0,238,0.9621848739495799,1.453781512605042,1.453781512605042,0,0.0,0.0,0.6589481840303955,0.0,0,50
C_weaker_ordinal_smoothness,50,31,ordinal_cluster,4,1148,0.8885017421602788,1.6019163763066202,1.6019163763066202,0,0.0,0.0,0.6706193938036369,0.0,0,100
C_weaker_ordinal_smoothness,50,31,ordinal_cluster,3,1193,0.9312657166806371,2.203688181056161,2.203688181056161,0,0.0,0.0,0.7231338305350105,0.0,0,100
C_weaker_ordinal_smoothness,50,31,ordinal_cluster,1,1250,0.9576,2.0632,2.0632,0,0.0,0.0,0.6998480303550823,0.0,0,100
C_weaker_ordinal_smoothness,50,31,ordinal_cluster,2,1171,0.8548249359521777,2.2433817250213495,2.2433817250213495,0,0.0,0.0,0.6809868090477139,0.0,0,100
C_weaker_ordinal_smoothness,50,31,ordinal_cluster,0,238,0.9159663865546218,1.6260504201680672,1.6260504201680672,0,0.0,0.0,0.5444637649659394,0.0,0,50
C_weaker_ordinal_smoothness,50,31,input_dependent_nonordinal,4,1148,0.8893728222996515,1.4895470383275262,1.4895470383275262,0,0.7025946450742451,0.023731696053352257,-0.034293492626241484,0.023731696053352257,0,100
C_weaker_ordinal_smoothness,50,31,input_dependent_nonordinal,3,1193,0.8633696563285834,2.190276613579212,2.190276613579212,0,0.5945303573011562,0.0174279167114397,-0.046195209964637884,0.0174279167114397,0,100
C_weaker_ordinal_smoothness,50,31,input_dependent_nonordinal,1,1250,0.8744,1.9904,1.9904,0,0.5092665913523208,0.028237113488086232,-0.0030983102270135676,0.028237113488086232,0,100
C_weaker_ordinal_smoothness,50,31,input_dependent_nonordinal,2,1171,0.9342442356959864,1.9692570452604612,1.9692570452604612,0,0.7513051455101019,0.01958791197312645,0.0971107899217748,0.01958791197312645,0,100
C_weaker_ordinal_smoothness,50,31,input_dependent_nonordinal,0,238,0.8907563025210085,1.415966386554622,1.415966386554622,0,0.5104507839464999,0.03288722831615609,-0.013177278234836387,0.03288722831615609,0,50
C_weaker_ordinal_smoothness,50,31,input_dependent_ordinal,4,1148,0.9050522648083623,1.4965156794425087,1.4965156794425087,0,0.7048883823381342,0.01995302463573729,-0.01918069654036325,0.01995302463573729,0,100
C_weaker_ordinal_smoothness,50,31,input_dependent_ordinal,3,1193,0.854149203688181,2.1969823973176865,2.1969823973176865,0,0.6644301217827133,0.02298841374942601,-0.12628486896340818,0.02298841374942601,0,100
C_weaker_ordinal_smoothness,50,31,input_dependent_ordinal,1,1250,0.884,1.9904,1.9904,0,0.5680137161353459,0.025629914362579134,-0.05822278191047009,0.025629914362579134,0,100
C_weaker_ordinal_smoothness,50,31,input_dependent_ordinal,2,1171,0.932536293766012,1.9564474807856533,1.9564474807856533,0,0.6134325274316677,0.02261793764580412,0.23806905823721747,0.02261793764580412,0,100
C_weaker_ordinal_smoothness,50,31,input_dependent_ordinal,0,238,0.8823529411764706,1.415966386554622,1.415966386554622,0,0.5405351199376414,0.028490944667592142,-0.059768162056724194,0.028490944667592142,0,50
C_weaker_ordinal_smoothness,50,32,independent_mondrian,4,1169,0.8656971770744226,1.4679213002566296,1.4679213002566296,0,0.0,0.0,0.651424280040728,0.0,0,100
C_weaker_ordinal_smoothness,50,32,independent_mondrian,1,1202,0.8951747088186356,1.9825291181364393,1.9825291181364393,0,0.0,0.0,0.5398896112368852,0.0,0,100
C_weaker_ordinal_smoothness,50,32,independent_mondrian,3,1210,0.9082644628099174,2.144628099173554,2.144628099173554,0,0.0,0.0,0.5986968859482166,0.0,0,100
C_weaker_ordinal_smoothness,50,32,independent_mondrian,2,1170,0.8786324786324786,1.9683760683760683,1.9683760683760683,0,0.0,0.0,0.7211023046416054,0.0,0,100
C_weaker_ordinal_smoothness,50,32,independent_mondrian,0,249,0.9036144578313253,1.4216867469879517,1.4216867469879517,0,0.0,0.0,0.519696101049242,0.0,0,50
C_weaker_ordinal_smoothness,50,32,ordinal_cluster,4,1169,0.8391787852865698,1.4499572284003421,1.4499572284003421,0,0.0,0.0,0.6051171854336107,0.0,0,100
C_weaker_ordinal_smoothness,50,32,ordinal_cluster,1,1202,0.93261231281198,1.8693843594009982,1.8693843594009982,0,0.0,0.0,0.6086789783009062,0.0,0,100
C_weaker_ordinal_smoothness,50,32,ordinal_cluster,3,1210,0.9264462809917355,1.9768595041322314,1.9768595041322314,0,0.0,0.0,0.651424280040728,0.0,0,100
C_weaker_ordinal_smoothness,50,32,ordinal_cluster,2,1170,0.8128205128205128,2.0384615384615383,2.0384615384615383,0,0.0,0.0,0.6018457098982662,0.0,0,100
C_weaker_ordinal_smoothness,50,32,ordinal_cluster,0,249,0.9036144578313253,1.4859437751004017,1.4859437751004017,0,0.0,0.0,0.519696101049242,0.0,0,50
C_weaker_ordinal_smoothness,50,32,input_dependent_nonordinal,4,1169,0.8383233532934131,1.4773310521813516,1.4773310521813516,0,0.7126013259801677,0.026977672179814068,-0.12007815301104519,0.026977672179814068,0,100
C_weaker_ordinal_smoothness,50,32,input_dependent_nonordinal,1,1202,0.9226289517470881,1.9875207986688852,1.9875207986688852,0,0.5182233248840195,0.02427353461119019,0.029506027408620183,0.02427353461119019,0,100
C_weaker_ordinal_smoothness,50,32,input_dependent_nonordinal,3,1210,0.9355371900826446,2.0702479338842976,2.0702479338842976,0,0.5834077525605343,0.02594186756914845,0.059413323097885495,0.02594186756914845,0,100
C_weaker_ordinal_smoothness,50,32,input_dependent_nonordinal,2,1170,0.8888888888888888,2.029059829059829,2.029059829059829,0,0.7423061205383891,0.020136800640236863,-0.00016829383292227273,0.020136800640236863,0,100
C_weaker_ordinal_smoothness,50,32,input_dependent_nonordinal,0,249,0.9317269076305221,1.4417670682730923,1.4417670682730923,0,0.4531424726045758,0.02356366793515266,0.07153584820462094,0.023563667935152653,0,50
C_weaker_ordinal_smoothness,50,32,input_dependent_ordinal,4,1169,0.8383233532934131,1.485885372112917,1.485885372112917,0,0.7089808863957235,0.026973371593077906,-0.11645618245736977,0.026973371593077906,0,100
C_weaker_ordinal_smoothness,50,32,input_dependent_ordinal,1,1202,0.9151414309484193,1.9966722129783694,1.9966722129783694,0,0.559566457362764,0.02273887895678482,-0.02022144943218862,0.02273887895678482,0,100
C_weaker_ordinal_smoothness,50,32,input_dependent_ordinal,3,1210,0.9380165289256198,2.0884297520661157,2.0884297520661157,0,0.6632315729175481,0.024144971152636748,-0.01914720281686333,0.024144971152636748,0,100
C_weaker_ordinal_smoothness,50,32,input_dependent_ordinal,2,1170,0.8957264957264958,2.0367521367521366,2.0367521367521366,0,0.6143555398228072,0.023812061819766323,0.14500489867287436,0.023812061819766323,0,100
C_weaker_ordinal_smoothness,50,32,input_dependent_ordinal,0,249,0.9317269076305221,1.4457831325301205,1.4457831325301205,0,0.5136062327796349,0.02281411357772224,0.010992206059922571,0.02281411357772224,0,50
C_weaker_ordinal_smoothness,50,33,independent_mondrian,4,1175,0.8757446808510638,1.7004255319148935,1.7004255319148935,0,0.0,0.0,0.6691563967706639,0.0,0,100
C_weaker_ordinal_smoothness,50,33,independent_mondrian,3,1181,0.9491955969517358,2.281964436917866,2.281964436917866,0,0.0,0.0,0.7379929083240019,0.0,0,100
C_weaker_ordinal_smoothness,50,33,independent_mondrian,2,1208,0.9089403973509934,2.1639072847682117,2.1639072847682117,0,0.0,0.0,0.7920387060665726,0.0,0,100
C_weaker_ordinal_smoothness,50,33,independent_mondrian,0,253,0.8814229249011858,1.3636363636363635,1.3636363636363635,0,0.0,0.0,0.40389544019310963,0.0,0,50
C_weaker_ordinal_smoothness,50,33,independent_mondrian,1,1183,0.9205409974640744,1.9805579036348266,1.9805579036348266,0,0.0,0.0,0.5635383741344466,0.0,0,100
C_weaker_ordinal_smoothness,50,33,ordinal_cluster,4,1175,0.8851063829787233,1.6595744680851063,1.6595744680851063,0,0.0,0.0,0.6924205808071432,0.0,0,100
C_weaker_ordinal_smoothness,50,33,ordinal_cluster,3,1181,0.9491955969517358,2.1947502116850126,2.1947502116850126,0,0.0,0.0,0.7398589534580857,0.0,0,100
C_weaker_ordinal_smoothness,50,33,ordinal_cluster,2,1208,0.8576158940397351,2.2077814569536423,2.2077814569536423,0,0.0,0.0,0.6846882652056125,0.0,0,100
C_weaker_ordinal_smoothness,50,33,ordinal_cluster,0,253,0.9525691699604744,1.5256916996047432,1.5256916996047432,0,0.0,0.0,0.5354070203209581,0.0,0,50
C_weaker_ordinal_smoothness,50,33,ordinal_cluster,1,1183,0.9349112426035503,2.0346576500422655,2.0346576500422655,0,0.0,0.0,0.6223753494371839,0.0,0,100
C_weaker_ordinal_smoothness,50,33,input_dependent_nonordinal,4,1175,0.8859574468085106,1.6272340425531915,1.6272340425531915,0,0.7261658390767879,0.024267054396448003,-0.04922506591808862,0.024267054396448003,0,100
C_weaker_ordinal_smoothness,50,33,input_dependent_nonordinal,3,1181,0.951735817104149,2.136325148179509,2.136325148179509,0,0.595916673680603,0.024947687930935186,0.13103978472871636,0.024947687930935186,0,100
C_weaker_ordinal_smoothness,50,33,input_dependent_nonordinal,2,1208,0.8625827814569537,2.0811258278145695,2.0811258278145695,0,0.7588955923422814,0.025599103063324122,-0.07191391170936479,0.025599103063324122,0,100
C_weaker_ordinal_smoothness,50,33,input_dependent_nonordinal,0,253,0.9288537549407114,1.3992094861660078,1.3992094861660078,0,0.4466334454209459,0.01786837907376156,0.009444569155876659,0.01786837907376156,0,50
C_weaker_ordinal_smoothness,50,33,input_dependent_nonordinal,1,1183,0.9239222316145393,1.8698224852071006,1.8698224852071006,0,0.5242696646366722,0.02186824826418904,0.0123158742180286,0.02186824826418904,0,100
C_weaker_ordinal_smoothness,50,33,input_dependent_ordinal,4,1175,0.8859574468085106,1.6306382978723404,1.6306382978723404,0,0.7171212096324123,0.025405096050493507,-0.03719787827402177,0.025405096050493507,0,100
C_weaker_ordinal_smoothness,50,33,input_dependent_ordinal,3,1181,0.9525825571549534,2.140558848433531,2.140558848433531,0,0.6786876881712436,0.02450201489687853,0.050289581910370584,0.02450201489687853,0,100
C_weaker_ordinal_smoothness,50,33,input_dependent_ordinal,2,1208,0.8667218543046358,2.0885761589403975,2.0885761589403975,0,0.6239200340802136,0.02301341715191757,0.0640190789901568,0.02301341715191757,0,100
C_weaker_ordinal_smoothness,50,33,input_dependent_ordinal,0,253,0.924901185770751,1.3873517786561265,1.3873517786561265,0,0.5167475250104183,0.022585772182097688,-0.067581556251741,0.022585772182097688,0,50
C_weaker_ordinal_smoothness,50,33,input_dependent_ordinal,1,1183,0.9213863060016906,1.8672865595942518,1.8672865595942518,0,0.5646002067009772,0.02270767671909798,-0.029833180698587314,0.02270767671909798,0,100
C_weaker_ordinal_smoothness,50,34,independent_mondrian,1,1211,0.8637489677952106,2.081750619322874,2.081750619322874,0,0.0,0.0,0.4742272646979719,0.0,0,100
C_weaker_ordinal_smoothness,50,34,independent_mondrian,3,1207,0.899751449875725,2.271748135874068,2.271748135874068,0,0.0,0.0,0.6040296522823061,0.0,0,100
C_weaker_ordinal_smoothness,50,34,independent_mondrian,2,1160,0.9086206896551724,2.0206896551724136,2.0206896551724136,0,0.0,0.0,0.7959964846980726,0.0,0,100
C_weaker_ordinal_smoothness,50,34,independent_mondrian,0,237,0.9578059071729957,1.3333333333333333,1.3333333333333333,0,0.0,0.0,0.5549748493123927,0.0,0,50
C_weaker_ordinal_smoothness,50,34,independent_mondrian,4,1185,0.8911392405063291,1.6016877637130802,1.6016877637130802,0,0.0,0.0,0.6926481391662395,0.0,0,100
C_weaker_ordinal_smoothness,50,34,ordinal_cluster,1,1211,0.925681255161024,1.907514450867052,1.907514450867052,0,0.0,0.0,0.6200384520222959,0.0,0,100
C_weaker_ordinal_smoothness,50,34,ordinal_cluster,3,1207,0.9337199668599834,2.060480530240265,2.060480530240265,0,0.0,0.0,0.6907737647227634,0.0,0,100
C_weaker_ordinal_smoothness,50,34,ordinal_cluster,2,1160,0.8172413793103448,2.081034482758621,2.081034482758621,0,0.0,0.0,0.630051875919842,0.0,0,100
C_weaker_ordinal_smoothness,50,34,ordinal_cluster,0,237,0.9240506329113924,1.481012658227848,1.481012658227848,0,0.0,0.0,0.5085453916051288,0.0,0,50
C_weaker_ordinal_smoothness,50,34,ordinal_cluster,4,1185,0.8556962025316456,1.5561181434599156,1.5561181434599156,0,0.0,0.0,0.6316951230198666,0.0,0,100
C_weaker_ordinal_smoothness,50,34,input_dependent_nonordinal,1,1211,0.8505367464905037,1.9884393063583814,1.9884393063583814,0,0.5328582550206615,0.027879170875907983,-0.06232297929671293,0.027879170875907983,0,100
C_weaker_ordinal_smoothness,50,34,input_dependent_nonordinal,3,1207,0.8492129246064622,2.1648715824357914,2.1648715824357914,0,0.5775435200671666,0.024899595437336646,-0.058040406265976396,0.024899595437336646,0,100
C_weaker_ordinal_smoothness,50,34,input_dependent_nonordinal,2,1160,0.928448275862069,1.9189655172413793,1.9189655172413793,0,0.7458934187257665,0.02257098604455583,0.09208648036002487,0.02257098604455583,0,100
C_weaker_ordinal_smoothness,50,34,input_dependent_nonordinal,0,237,0.9282700421940928,1.3924050632911393,1.3924050632911393,0,0.4938340903485837,0.020980830582452006,0.00935306182208645,0.020980830582452006,0,50
C_weaker_ordinal_smoothness,50,34,input_dependent_nonordinal,4,1185,0.8919831223628693,1.560337552742616,1.560337552742616,0,0.7117429995451343,0.025186833790775007,-0.015925227420931498,0.025186833790775007,0,100
C_weaker_ordinal_smoothness,50,34,input_dependent_ordinal,1,1211,0.8579686209744013,2.005780346820809,2.005780346820809,0,0.578880801953142,0.025551657359097226,-0.1041535042398605,0.025551657359097237,0,100
C_weaker_ordinal_smoothness,50,34,input_dependent_ordinal,3,1207,0.8492129246064622,2.1698425849212923,2.1698425849212923,0,0.6547308181401182,0.02524805485709912,-0.13417549402289253,0.02524805485709912,0,100
C_weaker_ordinal_smoothness,50,34,input_dependent_ordinal,2,1160,0.9301724137931034,1.9301724137931036,1.9301724137931036,0,0.6095997677210766,0.024017894511459484,0.23546751920026593,0.024017894511459484,0,100
C_weaker_ordinal_smoothness,50,34,input_dependent_ordinal,0,237,0.9324894514767933,1.409282700421941,1.409282700421941,0,0.5436786450763255,0.024915229178039826,-0.03400519441696914,0.024915229178039826,0,50
C_weaker_ordinal_smoothness,50,34,input_dependent_ordinal,4,1185,0.8911392405063291,1.5628691983122363,1.5628691983122363,0,0.7067525092898138,0.02508243019691993,-0.010962234599056764,0.02508243019691993,0,100
C_weaker_ordinal_smoothness,50,35,independent_mondrian,1,1204,0.936046511627907,1.8754152823920265,1.8754152823920265,0,0.0,0.0,0.5981990442045132,0.0,0,100
C_weaker_ordinal_smoothness,50,35,independent_mondrian,0,263,0.8098859315589354,1.3650190114068441,1.3650190114068441,0,0.0,0.0,0.3661335748276032,0.0,0,50
C_weaker_ordinal_smoothness,50,35,independent_mondrian,4,1181,0.8611346316680779,1.5444538526672311,1.5444538526672311,0,0.0,0.0,0.6596532120534349,0.0,0,100
C_weaker_ordinal_smoothness,50,35,independent_mondrian,3,1186,0.9190556492411467,2.1871838111298483,2.1871838111298483,0,0.0,0.0,0.6730699280595547,0.0,0,100
C_weaker_ordinal_smoothness,50,35,independent_mondrian,2,1166,0.8773584905660378,2.085763293310463,2.085763293310463,0,0.0,0.0,0.7317714875287925,0.0,0,100
C_weaker_ordinal_smoothness,50,35,ordinal_cluster,1,1204,0.9426910299003323,1.9800664451827243,1.9800664451827243,0,0.0,0.0,0.6099560578489871,0.0,0,100
C_weaker_ordinal_smoothness,50,35,ordinal_cluster,0,263,0.9125475285171103,1.4828897338403042,1.4828897338403042,0,0.0,0.0,0.5208728432010763,0.0,0,50
C_weaker_ordinal_smoothness,50,35,ordinal_cluster,4,1181,0.8636748518204911,1.5055038103302285,1.5055038103302285,0,0.0,0.0,0.667211178849573,0.0,0,100
C_weaker_ordinal_smoothness,50,35,ordinal_cluster,3,1186,0.918212478920742,2.1239460370994943,2.1239460370994943,0,0.0,0.0,0.6700626435668353,0.0,0,100
C_weaker_ordinal_smoothness,50,35,ordinal_cluster,2,1166,0.8516295025728988,2.106346483704974,2.106346483704974,0,0.0,0.0,0.6609948372840234,0.0,0,100
C_weaker_ordinal_smoothness,50,35,input_dependent_nonordinal,1,1204,0.9111295681063123,1.8978405315614617,1.8978405315614617,0,0.5274939397431174,0.025299968236417815,0.004716899574641664,0.025299968236417815,0,100
C_weaker_ordinal_smoothness,50,35,input_dependent_nonordinal,0,263,0.9163498098859315,1.4220532319391634,1.4220532319391634,0,0.47089441153481787,0.022668962112857984,-0.01903012587138861,0.022668962112857984,0,50
C_weaker_ordinal_smoothness,50,35,input_dependent_nonordinal,4,1181,0.9051651143099069,1.5224386113463166,1.5224386113463166,0,0.7211375945045639,0.02721655396837502,-0.0057304794350721555,0.02721655396837502,0,100
C_weaker_ordinal_smoothness,50,35,input_dependent_nonordinal,3,1186,0.9224283305227656,2.2048903878583475,2.2048903878583475,0,0.5760490434397559,0.025202629569690955,0.04486480466993353,0.025202629569690955,0,100
C_weaker_ordinal_smoothness,50,35,input_dependent_nonordinal,2,1166,0.8747855917667239,1.9965694682675814,1.9965694682675814,0,0.7560924865615735,0.03406973730232773,-0.019064678543619484,0.03406973730232773,0,100
C_weaker_ordinal_smoothness,50,35,input_dependent_ordinal,1,1204,0.9127906976744186,1.9435215946843853,1.9435215946843853,0,0.5706957782258416,0.027012951242692717,-0.033952869878307534,0.027012951242692717,0,100
C_weaker_ordinal_smoothness,50,35,input_dependent_ordinal,0,263,0.9315589353612167,1.4486692015209126,1.4486692015209126,0,0.5210041879603344,0.028056155946631387,-0.045503579900629115,0.028056155946631387,0,50
C_weaker_ordinal_smoothness,50,35,input_dependent_ordinal,4,1181,0.9051651143099069,1.5165114309906857,1.5165114309906857,0,0.7029455700220161,0.027354321343457624,0.013057200382462386,0.027354321343457624,0,100
C_weaker_ordinal_smoothness,50,35,input_dependent_ordinal,3,1186,0.9232715008431703,2.2074198988195617,2.2074198988195617,0,0.670862095832439,0.02764708865326372,-0.04667126174695946,0.02764708865326372,0,100
C_weaker_ordinal_smoothness,50,35,input_dependent_ordinal,2,1166,0.8773584905660378,2.0154373927958833,2.0154373927958833,0,0.6154761080780139,0.028213173945471497,0.11951841625835646,0.028213173945471497,0,100
C_weaker_ordinal_smoothness,50,36,independent_mondrian,4,1236,0.948220064724919,1.6893203883495145,1.6893203883495145,0,0.0,0.0,0.8381722433378684,0.0,0,100
C_weaker_ordinal_smoothness,50,36,independent_mondrian,3,1131,0.9354553492484527,2.4871794871794872,2.4871794871794872,0,0.0,0.0,0.6634493047554462,0.0,0,100
C_weaker_ordinal_smoothness,50,36,independent_mondrian,1,1206,0.9046434494195689,1.9742951907131012,1.9742951907131012,0,0.0,0.0,0.527038556238097,0.0,0,100
C_weaker_ordinal_smoothness,50,36,independent_mondrian,2,1182,0.928087986463621,2.1472081218274113,2.1472081218274113,0,0.0,0.0,0.8126693688709318,0.0,0,100
C_weaker_ordinal_smoothness,50,36,independent_mondrian,0,245,0.8367346938775511,1.3673469387755102,1.3673469387755102,0,0.0,0.0,0.40255690510268366,0.0,0,50
C_weaker_ordinal_smoothness,50,36,ordinal_cluster,4,1236,0.9174757281553398,1.6836569579288025,1.6836569579288025,0,0.0,0.0,0.7573908969063671,0.0,0,100
C_weaker_ordinal_smoothness,50,36,ordinal_cluster,3,1131,0.9655172413793104,2.2572944297082227,2.2572944297082227,0,0.0,0.0,0.7749069799835532,0.0,0,100
C_weaker_ordinal_smoothness,50,36,ordinal_cluster,1,1206,0.9129353233830846,1.8971807628524047,1.8971807628524047,0,0.0,0.0,0.5627562786201323,0.0,0,100
C_weaker_ordinal_smoothness,50,36,ordinal_cluster,2,1182,0.8536379018612521,2.1395939086294415,2.1395939086294415,0,0.0,0.0,0.6495455052929116,0.0,0,100
C_weaker_ordinal_smoothness,50,36,ordinal_cluster,0,245,0.8816326530612245,1.3877551020408163,1.3877551020408163,0,0.0,0.0,0.46909184412292804,0.0,0,50
C_weaker_ordinal_smoothness,50,36,input_dependent_nonordinal,4,1236,0.9506472491909385,1.6140776699029127,1.6140776699029127,0,0.7296853618836067,0.02607244988358578,0.08306233700802801,0.02607244988358578,0,100
C_weaker_ordinal_smoothness,50,36,input_dependent_nonordinal,3,1131,0.9221927497789567,2.3465959328028294,2.3465959328028294,0,0.5556987935047508,0.01740940068143883,0.04761248810045571,0.01740940068143883,0,100
C_weaker_ordinal_smoothness,50,36,input_dependent_nonordinal,1,1206,0.8988391376451078,1.949419568822554,1.949419568822554,0,0.4985900044743255,0.01902343571893874,0.009156116012084436,0.01902343571893874,0,100
C_weaker_ordinal_smoothness,50,36,input_dependent_nonordinal,2,1182,0.9153976311336718,2.0676818950930627,2.0676818950930627,0,0.7610850173518696,0.026271485676996015,0.02854974942413324,0.026271485676996015,0,100
C_weaker_ordinal_smoothness,50,36,input_dependent_nonordinal,0,245,0.8612244897959184,1.383673469387755,1.383673469387755,0,0.4494693518527137,0.0219538777462554,-0.017883851387817562,0.0219538777462554,0,50
C_weaker_ordinal_smoothness,50,36,input_dependent_ordinal,4,1236,0.9530744336569579,1.6059870550161812,1.6059870550161812,0,0.7133761895214601,0.023469683664139214,0.10466611233971235,0.023469683664139214,0,100
C_weaker_ordinal_smoothness,50,36,input_dependent_ordinal,3,1131,0.9177718832891246,2.352785145888594,2.352785145888594,0,0.6591649074683549,0.021054650570417693,-0.05936889420271663,0.021054650570417693,0,100
C_weaker_ordinal_smoothness,50,36,input_dependent_ordinal,1,1206,0.900497512437811,1.9253731343283582,1.9253731343283582,0,0.5510972077175961,0.02033319022109865,-0.041052170486592376,0.02033319022109865,0,100
C_weaker_ordinal_smoothness,50,36,input_dependent_ordinal,2,1182,0.9179357021996616,2.060067681895093,2.060067681895093,0,0.6057657618562909,0.02121051989607941,0.17803605454757337,0.02121051989607941,0,100
C_weaker_ordinal_smoothness,50,36,input_dependent_ordinal,0,245,0.8530612244897959,1.379591836734694,1.379591836734694,0,0.504081795037713,0.017542476648045792,-0.09626174954459324,0.017542476648045792,0,50
C_weaker_ordinal_smoothness,50,37,independent_mondrian,3,1228,0.9495114006514658,2.4666123778501627,2.4666123778501627,0,0.0,0.0,0.7831138793642373,0.0,0,100
C_weaker_ordinal_smoothness,50,37,independent_mondrian,0,246,0.9552845528455285,1.5731707317073171,1.5731707317073171,0,0.0,0.0,0.5648770365726187,0.0,0,50
C_weaker_ordinal_smoothness,50,37,independent_mondrian,4,1237,0.9167340339531124,1.852869846402587,1.852869846402587,0,0.0,0.0,0.7362233524389759,0.0,0,100
C_weaker_ordinal_smoothness,50,37,independent_mondrian,1,1137,0.9278803869832893,2.271767810026385,2.271767810026385,0,0.0,0.0,0.6108061564975023,0.0,0,100
C_weaker_ordinal_smoothness,50,37,independent_mondrian,2,1152,0.9322916666666666,2.3246527777777777,2.3246527777777777,0,0.0,0.0,0.8702606337414897,0.0,0,100
C_weaker_ordinal_smoothness,50,37,ordinal_cluster,3,1228,0.9495114006514658,2.3656351791530943,2.3656351791530943,0,0.0,0.0,0.7831138793642373,0.0,0,100
C_weaker_ordinal_smoothness,50,37,ordinal_cluster,0,246,0.9634146341463414,1.6422764227642277,1.6422764227642277,0,0.0,0.0,0.5836322187589142,0.0,0,50
C_weaker_ordinal_smoothness,50,37,ordinal_cluster,4,1237,0.9223928860145514,1.7696038803556993,1.7696038803556993,0,0.0,0.0,0.7487804773505017,0.0,0,100
C_weaker_ordinal_smoothness,50,37,ordinal_cluster,1,1137,0.9507475813544415,2.183817062445031,2.183817062445031,0,0.0,0.0,0.6941314843825,0.0,0,100
C_weaker_ordinal_smoothness,50,37,ordinal_cluster,2,1152,0.875,2.359375,2.359375,0,0.0,0.0,0.7253310614722717,0.0,0,100
C_weaker_ordinal_smoothness,50,37,input_dependent_nonordinal,3,1228,0.9356677524429967,2.259771986970684,2.259771986970684,0,0.5692982150291669,0.018255353332474848,0.08311707203274055,0.018255353332474848,0,100
C_weaker_ordinal_smoothness,50,37,input_dependent_nonordinal,0,246,0.9227642276422764,1.3943089430894309,1.3943089430894309,0,0.44790154127998516,0.016761901881495463,0.004442920457254529,0.016761901881495463,0,50
C_weaker_ordinal_smoothness,50,37,input_dependent_nonordinal,4,1237,0.9094583670169766,1.6669361358124495,1.6669361358124495,0,0.686912149049388,0.024875739048203574,0.024690650293990424,0.024875739048203574,0,100
C_weaker_ordinal_smoothness,50,37,input_dependent_nonordinal,1,1137,0.9023746701846965,1.9850483729111696,1.9850483729111696,0,0.5449909477525388,0.02282733750019489,-0.010004399403214626,0.02282733750019489,0,100
C_weaker_ordinal_smoothness,50,37,input_dependent_nonordinal,2,1152,0.9166666666666666,2.095486111111111,2.095486111111111,0,0.8093608773185753,0.022670252885053005,-0.00661143634368655,0.022670252885053005,0,100
C_weaker_ordinal_smoothness,50,37,input_dependent_ordinal,3,1228,0.9348534201954397,2.257328990228013,2.257328990228013,0,0.6637264797024303,0.022889353390045095,-0.009674657148967702,0.022889353390045095,0,100
C_weaker_ordinal_smoothness,50,37,input_dependent_ordinal,0,246,0.9308943089430894,1.4024390243902438,1.4024390243902438,0,0.564612426084827,0.01898357662272893,-0.10320047927150283,0.01898357662272893,0,50
C_weaker_ordinal_smoothness,50,37,input_dependent_ordinal,4,1237,0.9054163298302345,1.6580436540016168,1.6580436540016168,0,0.6921304065322958,0.022348860448288408,0.010335780778052417,0.022348860448288408,0,100
C_weaker_ordinal_smoothness,50,37,input_dependent_ordinal,1,1137,0.9085312225153914,2.005277044854881,2.005277044854881,0,0.600580580417587,0.021344848886323178,-0.05930945832705414,0.021344848886323178,0,100
C_weaker_ordinal_smoothness,50,37,input_dependent_ordinal,2,1152,0.9166666666666666,2.095486111111111,2.095486111111111,0,0.6303806595930445,0.0218858237799717,0.17093901256737276,0.0218858237799717,0,100
C_weaker_ordinal_smoothness,50,38,independent_mondrian,2,1217,0.9276910435497124,1.9819227608874281,1.9819227608874281,0,0.0,0.0,0.8573327884706808,0.0,0,100
C_weaker_ordinal_smoothness,50,38,independent_mondrian,1,1182,0.8401015228426396,1.9712351945854485,1.9712351945854485,0,0.0,0.0,0.4615736343123476,0.0,0,100
C_weaker_ordinal_smoothness,50,38,independent_mondrian,4,1223,0.8593622240392478,1.6214227309893705,1.6214227309893705,0,0.0,0.0,0.6462496483411755,0.0,0,100
C_weaker_ordinal_smoothness,50,38,independent_mondrian,3,1128,0.9219858156028369,2.296985815602837,2.296985815602837,0,0.0,0.0,0.6343525318880008,0.0,0,100
C_weaker_ordinal_smoothness,50,38,independent_mondrian,0,250,0.904,1.232,1.232,0,0.0,0.0,0.43152189992503004,0.0,0,50
C_weaker_ordinal_smoothness,50,38,ordinal_cluster,2,1217,0.8438783894823336,2.1298274445357435,2.1298274445357435,0,0.0,0.0,0.6547943047038044,0.0,0,100
C_weaker_ordinal_smoothness,50,38,ordinal_cluster,1,1182,0.94331641285956,1.8764805414551609,1.8764805414551609,0,0.0,0.0,0.645489631708457,0.0,0,100
C_weaker_ordinal_smoothness,50,38,ordinal_cluster,4,1223,0.8520032706459526,1.5658217497955846,1.5658217497955846,0,0.0,0.0,0.6361327111427064,0.0,0,100
C_weaker_ordinal_smoothness,50,38,ordinal_cluster,3,1128,0.9388297872340425,2.120567375886525,2.120567375886525,0,0.0,0.0,0.6929415956824225,0.0,0,100
C_weaker_ordinal_smoothness,50,38,ordinal_cluster,0,250,0.924,1.448,1.448,0,0.0,0.0,0.45257347651034546,0.0,0,50
C_weaker_ordinal_smoothness,50,38,input_dependent_nonordinal,2,1217,0.8874281018898932,1.990961380443714,1.990961380443714,0,0.7428266171687818,0.02100258353925099,-0.00788197848288219,0.02100258353925099,0,100
C_weaker_ordinal_smoothness,50,38,input_dependent_nonordinal,1,1182,0.9086294416243654,1.862098138747885,1.862098138747885,0,0.5218419401861104,0.023299010962065516,0.005572833534080113,0.023299010962065516,0,100
C_weaker_ordinal_smoothness,50,38,input_dependent_nonordinal,4,1223,0.8609975470155355,1.527391659852821,1.527391659852821,0,0.7063016292646951,0.02589728690001192,-0.06679909905780801,0.02589728690001192,0,100
C_weaker_ordinal_smoothness,50,38,input_dependent_nonordinal,3,1128,0.924645390070922,2.051418439716312,2.051418439716312,0,0.5702296878135353,0.02476774523812048,0.044382221625803076,0.02476774523812048,0,100
C_weaker_ordinal_smoothness,50,38,input_dependent_nonordinal,0,250,0.936,1.34,1.34,0,0.37705636661356334,0.010169808829952397,0.05896262190117249,0.010169808829952397,0,50
C_weaker_ordinal_smoothness,50,38,input_dependent_ordinal,2,1217,0.8874281018898932,1.990961380443714,1.990961380443714,0,0.6048853036510433,0.020839621503908952,0.129571583164183,0.020839621503908952,0,100
C_weaker_ordinal_smoothness,50,38,input_dependent_ordinal,1,1182,0.9018612521150592,1.8790186125211505,1.8790186125211505,0,0.5470838188386195,0.01853304224732117,-0.03180655950700323,0.01853304224732117,0,100
C_weaker_ordinal_smoothness,50,38,input_dependent_ordinal,4,1223,0.8626328699918234,1.5290269828291088,1.5290269828291088,0,0.7104784280273334,0.026319624308421836,-0.07057636037784865,0.026319624308421836,0,100
C_weaker_ordinal_smoothness,50,38,input_dependent_ordinal,3,1128,0.925531914893617,2.047872340425532,2.047872340425532,0,0.6459504178322913,0.024454371249990624,-0.029655624980961415,0.024454371249990624,0,100
C_weaker_ordinal_smoothness,50,38,input_dependent_ordinal,0,250,0.94,1.332,1.332,0,0.49206969647311055,0.01649236540073183,-0.045025482117633187,0.01649236540073183,0,50
C_weaker_ordinal_smoothness,50,39,independent_mondrian,1,1241,0.8807413376309428,1.975020145044319,1.975020145044319,0,0.0,0.0,0.5046282125210703,0.0,0,100
C_weaker_ordinal_smoothness,50,39,independent_mondrian,2,1143,0.9335083114610674,2.0699912510936134,2.0699912510936134,0,0.0,0.0,0.8679039388383377,0.0,0,100
C_weaker_ordinal_smoothness,50,39,independent_mondrian,4,1127,0.8881987577639752,1.6415261756876665,1.6415261756876665,0,0.0,0.0,0.7285981573630671,0.0,0,100
C_weaker_ordinal_smoothness,50,39,independent_mondrian,3,1238,0.9200323101777059,2.3634894991922457,2.3634894991922457,0,0.0,0.0,0.6483347783112029,0.0,0,100
C_weaker_ordinal_smoothness,50,39,independent_mondrian,0,251,0.8127490039840638,1.2828685258964143,1.2828685258964143,0,0.0,0.0,0.3789205264256303,0.0,0,50
C_weaker_ordinal_smoothness,50,39,ordinal_cluster,1,1241,0.9460112812248187,1.9669621273166802,1.9669621273166802,0,0.0,0.0,0.6338125854527541,0.0,0,100
C_weaker_ordinal_smoothness,50,39,ordinal_cluster,2,1143,0.8486439195100612,2.161854768153981,2.161854768153981,0,0.0,0.0,0.6688121807784477,0.0,0,100
C_weaker_ordinal_smoothness,50,39,ordinal_cluster,4,1127,0.870452528837622,1.6220053238686778,1.6220053238686778,0,0.0,0.0,0.6810423255515369,0.0,0,100
C_weaker_ordinal_smoothness,50,39,ordinal_cluster,3,1238,0.9499192245557351,2.1938610662358644,2.1938610662358644,0,0.0,0.0,0.7307091090791342,0.0,0,100
C_weaker_ordinal_smoothness,50,39,ordinal_cluster,0,251,0.9482071713147411,1.5099601593625498,1.5099601593625498,0,0.0,0.0,0.4937405704565786,0.0,0,50
C_weaker_ordinal_smoothness,50,39,input_dependent_nonordinal,1,1241,0.8114423851732474,1.9395648670427075,1.9395648670427075,0,0.5086639014398473,0.013642250017080696,-0.08631383191914521,0.013642250017080696,0,100
C_weaker_ordinal_smoothness,50,39,input_dependent_nonordinal,2,1143,0.9273840769903762,2.0034995625546808,2.0034995625546808,0,0.7642694954550603,0.02279492849789311,0.0785533546642656,0.02279492849789311,0,100
C_weaker_ordinal_smoothness,50,39,input_dependent_nonordinal,4,1127,0.8695652173913043,1.5865128660159715,1.5865128660159715,0,0.6902431473756634,0.03491231901205918,-0.013546189450023949,0.03491231901205918,0,100
C_weaker_ordinal_smoothness,50,39,input_dependent_nonordinal,3,1238,0.9337641357027464,2.2035541195476576,2.2035541195476576,0,0.58050072665666,0.03064315200131612,0.06707962533526901,0.03064315200131612,0,100
C_weaker_ordinal_smoothness,50,39,input_dependent_nonordinal,0,251,0.9402390438247012,1.3864541832669324,1.3864541832669324,0,0.4565910618927838,0.027182173420792047,0.028991183013369337,0.027182173420792047,0,50
C_weaker_ordinal_smoothness,50,39,input_dependent_ordinal,1,1241,0.830781627719581,1.9476228847703465,1.9476228847703465,0,0.5615539749692792,0.01695620409372151,-0.11764518084518286,0.01695620409372151,0,100
C_weaker_ordinal_smoothness,50,39,input_dependent_ordinal,2,1143,0.9273840769903762,2.005249343832021,2.005249343832021,0,0.6062356456187665,0.022496073807695072,0.23557397271435299,0.022496073807695072,0,100
C_weaker_ordinal_smoothness,50,39,input_dependent_ordinal,4,1127,0.8740017746228926,1.5918367346938775,1.5918367346938775,0,0.6997401395799998,0.03382110169375455,-0.020321228218951992,0.03382110169375455,0,100
C_weaker_ordinal_smoothness,50,39,input_dependent_ordinal,3,1238,0.9345718901453958,2.2148626817447497,2.2148626817447497,0,0.6511521017279687,0.02928769181384087,-0.003096857540520137,0.02928769181384087,0,100
C_weaker_ordinal_smoothness,50,39,input_dependent_ordinal,0,251,0.9442231075697212,1.406374501992032,1.406374501992032,0,0.5295411365350333,0.012679273662627066,-0.06075789594477432,0.012679273662627066,0,50
C_weaker_ordinal_smoothness,50,40,independent_mondrian,4,1189,0.9335576114381834,1.631623212783852,1.631623212783852,0,0.0,0.0,0.808663338449683,0.0,0,100
C_weaker_ordinal_smoothness,50,40,independent_mondrian,3,1186,0.9468802698145026,2.2588532883642496,2.2588532883642496,0,0.0,0.0,0.6928521440461647,0.0,0,100
C_weaker_ordinal_smoothness,50,40,independent_mondrian,1,1224,0.8725490196078431,1.8398692810457515,1.8398692810457515,0,0.0,0.0,0.45859151520933994,0.0,0,100
C_weaker_ordinal_smoothness,50,40,independent_mondrian,2,1157,0.8496110630942092,2.0190146931719966,2.0190146931719966,0,0.0,0.0,0.6503908520555653,0.0,0,100
C_weaker_ordinal_smoothness,50,40,independent_mondrian,0,244,0.9098360655737705,1.2172131147540983,1.2172131147540983,0,0.0,0.0,0.48153730092646374,0.0,0,50
C_weaker_ordinal_smoothness,50,40,ordinal_cluster,4,1189,0.9125315391084945,1.5836837678721616,1.5836837678721616,0,0.0,0.0,0.74695704660848,0.0,0,100
C_weaker_ordinal_smoothness,50,40,ordinal_cluster,3,1186,0.9468802698145026,2.0860033726812817,2.0860033726812817,0,0.0,0.0,0.6928012810575317,0.0,0,100
C_weaker_ordinal_smoothness,50,40,ordinal_cluster,1,1224,0.9101307189542484,1.7393790849673203,1.7393790849673203,0,0.0,0.0,0.5312074665648283,0.0,0,100
C_weaker_ordinal_smoothness,50,40,ordinal_cluster,2,1157,0.8038029386343993,2.007778738115817,2.007778738115817,0,0.0,0.0,0.5653212670582534,0.0,0,100
C_weaker_ordinal_smoothness,50,40,ordinal_cluster,0,244,0.9016393442622951,1.3360655737704918,1.3360655737704918,0,0.0,0.0,0.45859151520933994,0.0,0,50
C_weaker_ordinal_smoothness,50,40,input_dependent_nonordinal,4,1189,0.936080740117746,1.5466778805719092,1.5466778805719092,0,0.7358860804165098,0.03427884891752945,0.048573467738619036,0.03427884891752945,0,100
C_weaker_ordinal_smoothness,50,40,input_dependent_nonordinal,3,1186,0.9047217537942664,2.118043844856661,2.118043844856661,0,0.5840123619985491,0.02766290596362324,-0.00011606715207312934,0.02766290596362324,0,100
C_weaker_ordinal_smoothness,50,40,input_dependent_nonordinal,1,1224,0.8578431372549019,1.8496732026143792,1.8496732026143792,0,0.5337655907977433,0.023838167143508615,-0.06081660797620647,0.023838167143508615,0,100
C_weaker_ordinal_smoothness,50,40,input_dependent_nonordinal,2,1157,0.8617113223854796,1.9446845289541919,1.9446845289541919,0,0.7419524580613659,0.025270794826834985,-0.0646096692542053,0.025270794826834985,0,100
C_weaker_ordinal_smoothness,50,40,input_dependent_nonordinal,0,244,0.9508196721311475,1.3360655737704918,1.3360655737704918,0,0.44346146315138285,0.03687103608599889,0.04850838817635397,0.03687103608599889,0,50
C_weaker_ordinal_smoothness,50,40,input_dependent_ordinal,4,1189,0.9386038687973086,1.5567703952901597,1.5567703952901597,0,0.7278855726570136,0.031809311162476,0.06477511127551616,0.031809311162476,0,100
C_weaker_ordinal_smoothness,50,40,input_dependent_ordinal,3,1186,0.9123102866779089,2.145868465430017,2.145868465430017,0,0.6638050395966741,0.029771291836754046,-0.0705295854558351,0.029771291836754046,0,100
C_weaker_ordinal_smoothness,50,40,input_dependent_ordinal,1,1224,0.8578431372549019,1.8178104575163399,1.8178104575163399,0,0.5735983826434102,0.025110985569617657,-0.09877133089801421,0.025110985569617657,0,100
C_weaker_ordinal_smoothness,50,40,input_dependent_ordinal,2,1157,0.8625756266205704,1.9420916162489197,1.9420916162489197,0,0.6189332448888651,0.026173093011217827,0.06236557390434977,0.026173093011217827,0,100
C_weaker_ordinal_smoothness,50,40,input_dependent_ordinal,0,244,0.9467213114754098,1.3360655737704918,1.3360655737704918,0,0.5172584271593511,0.023005489628985954,-0.05903023461442969,0.023005489628985954,0,50
C_weaker_ordinal_smoothness,50,41,independent_mondrian,1,1229,0.9430431244914564,1.9462978030919447,1.9462978030919447,0,0.0,0.0,0.6469057867453019,0.0,0,100
C_weaker_ordinal_smoothness,50,41,independent_mondrian,2,1168,0.8972602739726028,2.1309931506849313,2.1309931506849313,0,0.0,0.0,0.7511702706011044,0.0,0,100
C_weaker_ordinal_smoothness,50,41,independent_mondrian,3,1168,0.877568493150685,2.3107876712328768,2.3107876712328768,0,0.0,0.0,0.5741380563935126,0.0,0,100
C_weaker_ordinal_smoothness,50,41,independent_mondrian,0,234,0.8376068376068376,1.3974358974358974,1.3974358974358974,0,0.0,0.0,0.41685083187795613,0.0,0,50
C_weaker_ordinal_smoothness,50,41,independent_mondrian,4,1201,0.9159034138218152,1.5070774354704413,1.5070774354704413,0,0.0,0.0,0.7968152083658678,0.0,0,100
C_weaker_ordinal_smoothness,50,41,ordinal_cluster,1,1229,0.9430431244914564,2.014646053702197,2.014646053702197,0,0.0,0.0,0.6469057867453019,0.0,0,100
C_weaker_ordinal_smoothness,50,41,ordinal_cluster,2,1168,0.8493150684931506,2.1763698630136985,2.1763698630136985,0,0.0,0.0,0.648500954300063,0.0,0,100
C_weaker_ordinal_smoothness,50,41,ordinal_cluster,3,1168,0.9297945205479452,2.168664383561644,2.168664383561644,0,0.0,0.0,0.7196393225011702,0.0,0,100
C_weaker_ordinal_smoothness,50,41,ordinal_cluster,0,234,0.9358974358974359,1.4658119658119657,1.4658119658119657,0,0.0,0.0,0.5543496389948566,0.0,0,50
C_weaker_ordinal_smoothness,50,41,ordinal_cluster,4,1201,0.8742714404662781,1.5836802664446294,1.5836802664446294,0,0.0,0.0,0.7029225481209143,0.0,0,100
C_weaker_ordinal_smoothness,50,41,input_dependent_nonordinal,1,1229,0.9227013832384052,1.887713588283157,1.887713588283157,0,0.5250007229219351,0.01941876673206882,0.034925876342856266,0.01941876673206882,0,100
C_weaker_ordinal_smoothness,50,41,input_dependent_nonordinal,2,1168,0.8929794520547946,1.9700342465753424,1.9700342465753424,0,0.7683789762905233,0.04151705085739445,-0.02808489635467759,0.04151705085739445,0,100
C_weaker_ordinal_smoothness,50,41,input_dependent_nonordinal,3,1168,0.8672945205479452,2.168664383561644,2.168664383561644,0,0.5613272005088001,0.021716259363855493,-0.00785403130653739,0.021716259363855493,0,100
C_weaker_ordinal_smoothness,50,41,input_dependent_nonordinal,0,234,0.8461538461538461,1.2905982905982907,1.2905982905982907,0,0.44406298829804197,0.021892064794172137,-0.050064512390934124,0.021892064794172137,0,50
C_weaker_ordinal_smoothness,50,41,input_dependent_nonordinal,4,1201,0.9175686927560366,1.5070774354704413,1.5070774354704413,0,0.6781418668222523,0.023384683676398687,0.0878023224250174,0.023384683676398687,0,100
C_weaker_ordinal_smoothness,50,41,input_dependent_ordinal,1,1229,0.9113100081366965,1.9194467046379171,1.9194467046379171,0,0.5804825914259789,0.025641819090766974,-0.0375506679605454,0.025641819090766974,0,100
C_weaker_ordinal_smoothness,50,41,input_dependent_ordinal,2,1168,0.9083904109589042,1.9691780821917808,1.9691780821917808,0,0.6020542742115389,0.024908609994210677,0.15491498728230946,0.024908609994210677,0,100
C_weaker_ordinal_smoothness,50,41,input_dependent_ordinal,3,1168,0.8698630136986302,2.214041095890411,2.214041095890411,0,0.6451906619341037,0.024090439767606137,-0.08969341790964835,0.024090439767606137,0,100
C_weaker_ordinal_smoothness,50,41,input_dependent_ordinal,0,234,0.8589743589743589,1.2905982905982907,1.2905982905982907,0,0.5361120683622428,0.025430056083626085,-0.13240230337303474,0.025430056083626085,0,50
C_weaker_ordinal_smoothness,50,41,input_dependent_ordinal,4,1201,0.9200666111573689,1.5029142381348877,1.5029142381348877,0,0.6819623241337641,0.02602362774105786,0.09226610698088666,0.02602362774105786,0,100
C_weaker_ordinal_smoothness,50,42,independent_mondrian,4,1223,0.8887980376124285,1.561733442354865,1.561733442354865,0,0.0,0.0,0.6992791768003982,0.0,0,100
C_weaker_ordinal_smoothness,50,42,independent_mondrian,3,1203,0.9235245220282626,2.2809642560266004,2.2809642560266004,0,0.0,0.0,0.6415294431426274,0.0,0,100
C_weaker_ordinal_smoothness,50,42,independent_mondrian,1,1207,0.9295774647887324,2.1582435791217898,2.1582435791217898,0,0.0,0.0,0.6146737716497012,0.0,0,100
C_weaker_ordinal_smoothness,50,42,independent_mondrian,2,1125,0.888,2.151111111111111,2.151111111111111,0,0.0,0.0,0.7510771185281522,0.0,0,100
C_weaker_ordinal_smoothness,50,42,independent_mondrian,0,242,0.9421487603305785,1.5743801652892562,1.5743801652892562,0,0.0,0.0,0.6027142636072401,0.0,0,50
C_weaker_ordinal_smoothness,50,42,ordinal_cluster,4,1223,0.8732624693376942,1.53556827473426,1.53556827473426,0,0.0,0.0,0.6752948466650396,0.0,0,100
C_weaker_ordinal_smoothness,50,42,ordinal_cluster,3,1203,0.9359933499584372,2.1571072319201994,2.1571072319201994,0,0.0,0.0,0.682626440929112,0.0,0,100
C_weaker_ordinal_smoothness,50,42,ordinal_cluster,1,1207,0.9536039768019884,2.0927920463960232,2.0927920463960232,0,0.0,0.0,0.6753217641660676,0.0,0,100
C_weaker_ordinal_smoothness,50,42,ordinal_cluster,2,1125,0.8328888888888889,2.1831111111111112,2.1831111111111112,0,0.0,0.0,0.6512284549110722,0.0,0,100
C_weaker_ordinal_smoothness,50,42,ordinal_cluster,0,242,0.9421487603305785,1.628099173553719,1.628099173553719,0,0.0,0.0,0.6080985767901298,0.0,0,50
C_weaker_ordinal_smoothness,50,42,input_dependent_nonordinal,4,1223,0.8798037612428454,1.5094031071136549,1.5094031071136549,0,0.6916169824767645,0.025622021735217448,-0.009544404338017176,0.025622021735217448,0,100
C_weaker_ordinal_smoothness,50,42,input_dependent_nonordinal,3,1203,0.9310058187863675,2.195344970906068,2.195344970906068,0,0.592037168985452,0.025828067427260064,0.03686095761841396,0.025828067427260064,0,100
C_weaker_ordinal_smoothness,50,42,input_dependent_nonordinal,1,1207,0.9502899751449876,2.048053024026512,2.048053024026512,0,0.5475986900058267,0.02815328781324073,0.04924703109246775,0.02815328781324073,0,100
C_weaker_ordinal_smoothness,50,42,input_dependent_nonordinal,2,1125,0.8933333333333333,2.111111111111111,2.111111111111111,0,0.7188761201661896,0.019798461267224912,0.0259939983649361,0.019798461267224912,0,100
C_weaker_ordinal_smoothness,50,42,input_dependent_nonordinal,0,242,0.9504132231404959,1.5165289256198347,1.5165289256198347,0,0.4385260343434027,0.024768529112309128,0.09261812093054234,0.024768529112309128,0,50
C_weaker_ordinal_smoothness,50,42,input_dependent_ordinal,4,1223,0.884709730171709,1.5224856909239575,1.5224856909239575,0,0.6926571744220242,0.023601613245029157,-0.0063553504180332565,0.023601613245029157,0,100
C_weaker_ordinal_smoothness,50,42,input_dependent_ordinal,3,1203,0.9310058187863675,2.2044887780548628,2.2044887780548628,0,0.6558427898203479,0.0252292786253667,-0.0280741838142895,0.0252292786253667,0,100
C_weaker_ordinal_smoothness,50,42,input_dependent_ordinal,1,1207,0.9420049710024855,2.0538525269262635,2.0538525269262635,0,0.5717726809877157,0.02509740799790749,0.0114138825510392,0.02509740799790749,0,100
C_weaker_ordinal_smoothness,50,42,input_dependent_ordinal,2,1125,0.8951111111111111,2.105777777777778,2.105777777777778,0,0.6197144479633838,0.02345908148108402,0.14020444407247212,0.02345908148108402,0,100
C_weaker_ordinal_smoothness,50,42,input_dependent_ordinal,0,242,0.9504132231404959,1.5165289256198347,1.5165289256198347,0,0.5394155090814239,0.02698548613617313,-0.0031283035111781543,0.02698548613617313,0,50
C_weaker_ordinal_smoothness,50,43,independent_mondrian,1,1196,0.9063545150501672,1.9489966555183946,1.9489966555183946,0,0.0,0.0,0.5429045195050324,0.0,0,100
C_weaker_ordinal_smoothness,50,43,independent_mondrian,4,1187,0.8946925021061499,1.5754001684919967,1.5754001684919967,0,0.0,0.0,0.6756537363246164,0.0,0,100
C_weaker_ordinal_smoothness,50,43,independent_mondrian,3,1227,0.9168704156479217,2.2485737571312145,2.2485737571312145,0,0.0,0.0,0.6569141584282008,0.0,0,100
C_weaker_ordinal_smoothness,50,43,independent_mondrian,0,262,0.8740458015267175,1.3358778625954197,1.3358778625954197,0,0.0,0.0,0.427230633963313,0.0,0,50
C_weaker_ordinal_smoothness,50,43,independent_mondrian,2,1128,0.899822695035461,2.073581560283688,2.073581560283688,0,0.0,0.0,0.767317833315948,0.0,0,100
C_weaker_ordinal_smoothness,50,43,ordinal_cluster,1,1196,0.9448160535117057,1.9832775919732442,1.9832775919732442,0,0.0,0.0,0.6450796825302725,0.0,0,100
C_weaker_ordinal_smoothness,50,43,ordinal_cluster,4,1187,0.8828980623420387,1.5459140690817186,1.5459140690817186,0,0.0,0.0,0.6569141584282008,0.0,0,100
C_weaker_ordinal_smoothness,50,43,ordinal_cluster,3,1227,0.9274653626731867,2.1377343113284435,2.1377343113284435,0,0.0,0.0,0.6828485005782071,0.0,0,100
C_weaker_ordinal_smoothness,50,43,ordinal_cluster,0,262,0.9274809160305344,1.515267175572519,1.515267175572519,0,0.0,0.0,0.5258878761908675,0.0,0,50
C_weaker_ordinal_smoothness,50,43,ordinal_cluster,2,1128,0.8563829787234043,2.1578014184397163,2.1578014184397163,0,0.0,0.0,0.6630954489624,0.0,0,100
C_weaker_ordinal_smoothness,50,43,input_dependent_nonordinal,1,1196,0.9055183946488294,1.8687290969899666,1.8687290969899666,0,0.5272121472206651,0.027932254663431074,-0.01768666976883504,0.027932254663431074,0,100
C_weaker_ordinal_smoothness,50,43,input_dependent_nonordinal,4,1187,0.9081718618365627,1.552653748946925,1.552653748946925,0,0.7149306319263565,0.028093780428603134,-0.04067470385131633,0.028093780428603134,0,100
C_weaker_ordinal_smoothness,50,43,input_dependent_nonordinal,3,1227,0.9258353708231459,2.128769356153219,2.128769356153219,0,0.5807365610023747,0.02182166984133098,0.06024535757959293,0.02182166984133098,0,100
C_weaker_ordinal_smoothness,50,43,input_dependent_nonordinal,0,262,0.8625954198473282,1.3053435114503817,1.3053435114503817,0,0.41959189643582523,0.01883351195594993,-0.02360257529028245,0.01883351195594993,0,50
C_weaker_ordinal_smoothness,50,43,input_dependent_nonordinal,2,1128,0.9051418439716312,2.017730496453901,2.017730496453901,0,0.7553521894199557,0.022540723631841137,0.004254960480762238,0.022540723631841137,0,100
C_weaker_ordinal_smoothness,50,43,input_dependent_ordinal,1,1196,0.9096989966555183,1.8762541806020068,1.8762541806020068,0,0.5663880394941575,0.023400074216048762,-0.05580492683661431,0.023400074216048762,0,100
C_weaker_ordinal_smoothness,50,43,input_dependent_ordinal,4,1187,0.9073294018534119,1.5509688289806234,1.5509688289806234,0,0.7164273169220771,0.024906434078349134,-0.0474509294876968,0.024906434078349134,0,100
C_weaker_ordinal_smoothness,50,43,input_dependent_ordinal,3,1227,0.9242053789731052,2.13039934800326,2.13039934800326,0,0.6603890978732877,0.024251260366469702,-0.02380320670493019,0.024251260366469702,0,100
C_weaker_ordinal_smoothness,50,43,input_dependent_ordinal,0,262,0.8358778625954199,1.2671755725190839,1.2671755725190839,0,0.5189134021287668,0.023648025727997922,-0.13624971326177038,0.023648025727997922,0,50
C_weaker_ordinal_smoothness,50,43,input_dependent_ordinal,2,1128,0.9060283687943262,2.00709219858156,2.00709219858156,0,0.6150967294248103,0.024400282815816726,0.14841253575776292,0.024400282815816726,0,100
C_weaker_ordinal_smoothness,50,44,independent_mondrian,4,1176,0.9362244897959183,1.5314625850340136,1.5314625850340136,0,0.0,0.0,0.8321320236035241,0.0,0,100
C_weaker_ordinal_smoothness,50,44,independent_mondrian,2,1163,0.8555460017196904,2.00859845227859,2.00859845227859,0,0.0,0.0,0.6699062791737855,0.0,0,100
C_weaker_ordinal_smoothness,50,44,independent_mondrian,1,1168,0.898972602739726,1.9691780821917808,1.9691780821917808,0,0.0,0.0,0.5185862347730713,0.0,0,100
C_weaker_ordinal_smoothness,50,44,independent_mondrian,3,1236,0.8948220064724919,2.2823624595469254,2.2823624595469254,0,0.0,0.0,0.5846985505558692,0.0,0,100
C_weaker_ordinal_smoothness,50,44,independent_mondrian,0,257,0.953307392996109,1.3852140077821011,1.3852140077821011,0,0.0,0.0,0.5583136906085988,0.0,0,50
C_weaker_ordinal_smoothness,50,44,ordinal_cluster,4,1176,0.8809523809523809,1.5450680272108843,1.5450680272108843,0,0.0,0.0,0.6731801376581059,0.0,0,100
C_weaker_ordinal_smoothness,50,44,ordinal_cluster,2,1163,0.8099742046431643,2.067067927773001,2.067067927773001,0,0.0,0.0,0.5894371101103342,0.0,0,100
C_weaker_ordinal_smoothness,50,44,ordinal_cluster,1,1168,0.9332191780821918,1.865582191780822,1.865582191780822,0,0.0,0.0,0.5995663030625299,0.0,0,100
C_weaker_ordinal_smoothness,50,44,ordinal_cluster,3,1236,0.9263754045307443,2.0493527508090614,2.0493527508090614,0,0.0,0.0,0.671368029222601,0.0,0,100
C_weaker_ordinal_smoothness,50,44,ordinal_cluster,0,257,0.9377431906614786,1.4474708171206225,1.4474708171206225,0,0.0,0.0,0.5284464978869657,0.0,0,50
C_weaker_ordinal_smoothness,50,44,input_dependent_nonordinal,4,1176,0.9379251700680272,1.4574829931972788,1.4574829931972788,0,0.6908357277887975,0.016259636867663782,0.08986762283117722,0.016259636867663782,0,100
C_weaker_ordinal_smoothness,50,44,input_dependent_nonordinal,2,1163,0.8151332760103182,1.884780739466896,1.884780739466896,0,0.7448153700789565,0.021683931944004097,-0.13598500977952077,0.021683931944004097,0,100
C_weaker_ordinal_smoothness,50,44,input_dependent_nonordinal,1,1168,0.9049657534246576,1.8022260273972603,1.8022260273972603,0,0.5016059919974887,0.018219769665055004,0.01915233059372351,0.018219769665055004,0,100
C_weaker_ordinal_smoothness,50,44,input_dependent_nonordinal,3,1236,0.8438511326860841,2.0501618122977345,2.0501618122977345,0,0.5620958419437038,0.021966484724697803,-0.04479184085138188,0.021966484724697803,0,100
C_weaker_ordinal_smoothness,50,44,input_dependent_nonordinal,0,257,0.9494163424124513,1.3968871595330739,1.3968871595330739,0,0.43415975962950465,0.028314054728877287,0.0864069897838462,0.028314054728877287,0,50
C_weaker_ordinal_smoothness,50,44,input_dependent_ordinal,4,1176,0.939625850340136,1.4600340136054422,1.4600340136054422,0,0.6909475451455892,0.018360357302932218,0.08924850238715731,0.018360357302932218,0,100
C_weaker_ordinal_smoothness,50,44,input_dependent_ordinal,2,1163,0.8142734307824592,1.8976784178847808,1.8976784178847808,0,0.5912510798414321,0.020079508208554978,0.018131556307662944,0.020079508208554978,0,100
C_weaker_ordinal_smoothness,50,44,input_dependent_ordinal,1,1168,0.916095890410959,1.8347602739726028,1.8347602739726028,0,0.5575868889839637,0.02058772342813288,-0.025428403270767008,0.02058772342813288,0,100
C_weaker_ordinal_smoothness,50,44,input_dependent_ordinal,3,1236,0.8478964401294499,2.05663430420712,2.05663430420712,0,0.6402850405841541,0.01890662341648667,-0.12687444426120903,0.01890662341648667,0,100
C_weaker_ordinal_smoothness,50,44,input_dependent_ordinal,0,257,0.9766536964980544,1.4319066147859922,1.4319066147859922,0,0.49906323257454915,0.022244062670977418,0.05104175001556821,0.022244062670977418,0,50
C_weaker_ordinal_smoothness,50,45,independent_mondrian,3,1157,0.9109766637856526,2.335350043215212,2.335350043215212,0,0.0,0.0,0.6544129096094203,0.0,0,100
C_weaker_ordinal_smoothness,50,45,independent_mondrian,2,1171,0.8906917164816396,2.093082835183604,2.093082835183604,0,0.0,0.0,0.7760350634527211,0.0,0,100
C_weaker_ordinal_smoothness,50,45,independent_mondrian,4,1183,0.9332206255283179,1.6770921386306001,1.6770921386306001,0,0.0,0.0,0.7941699067262354,0.0,0,100
C_weaker_ordinal_smoothness,50,45,independent_mondrian,1,1207,0.8641259320629661,2.1068765534382767,2.1068765534382767,0,0.0,0.0,0.4981839737441017,0.0,0,100
C_weaker_ordinal_smoothness,50,45,independent_mondrian,0,282,0.9432624113475178,1.3333333333333333,1.3333333333333333,0,0.0,0.0,0.5707809906782662,0.0,0,50
C_weaker_ordinal_smoothness,50,45,ordinal_cluster,3,1157,0.9394987035436474,2.1892826274848747,2.1892826274848747,0,0.0,0.0,0.7495993574107411,0.0,0,100
C_weaker_ordinal_smoothness,50,45,ordinal_cluster,2,1171,0.8283518360375747,2.189581554227156,2.189581554227156,0,0.0,0.0,0.6544129096094203,0.0,0,100
C_weaker_ordinal_smoothness,50,45,ordinal_cluster,4,1183,0.9095519864750634,1.6846999154691462,1.6846999154691462,0,0.0,0.0,0.7123137014371806,0.0,0,100
C_weaker_ordinal_smoothness,50,45,ordinal_cluster,1,1207,0.9328914664457332,1.9461474730737365,1.9461474730737365,0,0.0,0.0,0.6238227912404872,0.0,0,100
C_weaker_ordinal_smoothness,50,45,ordinal_cluster,0,282,0.900709219858156,1.4893617021276595,1.4893617021276595,0,0.0,0.0,0.4981839737441017,0.0,0,50
C_weaker_ordinal_smoothness,50,45,input_dependent_nonordinal,3,1157,0.902333621434745,2.2186689714779604,2.2186689714779604,0,0.6080834072913929,0.027931113329802453,0.006832429300605791,0.027931113329802453,0,100
C_weaker_ordinal_smoothness,50,45,input_dependent_nonordinal,2,1171,0.8795900939368061,2.0051238257899233,2.0051238257899233,0,0.7584389654118056,0.027144899039378344,-0.03782977541815702,0.027144899039378338,0,100
C_weaker_ordinal_smoothness,50,45,input_dependent_nonordinal,4,1183,0.9509721048182587,1.602704987320372,1.602704987320372,0,0.7029928112227922,0.021157451032491306,0.10379317969375668,0.021157451032491306,0,100
C_weaker_ordinal_smoothness,50,45,input_dependent_nonordinal,1,1207,0.8765534382767192,1.8061309030654515,1.8061309030654515,0,0.5106017156453282,0.01790846231735951,-0.029548563753912627,0.01790846231735951,0,100
C_weaker_ordinal_smoothness,50,45,input_dependent_nonordinal,0,282,0.900709219858156,1.2943262411347518,1.2943262411347518,0,0.4669056260783579,0.019128448739327744,-0.04167070292773778,0.019128448739327744,0,50
C_weaker_ordinal_smoothness,50,45,input_dependent_ordinal,3,1157,0.905790838375108,2.2454624027657735,2.2454624027657735,0,0.66869135921131,0.025419831710267897,-0.04673025047974444,0.025419831710267897,0,100
C_weaker_ordinal_smoothness,50,45,input_dependent_ordinal,2,1171,0.8838599487617421,2.04867634500427,2.04867634500427,0,0.625046600060639,0.021606426705782455,0.104591290583669,0.021606426705782455,0,100
C_weaker_ordinal_smoothness,50,45,input_dependent_ordinal,4,1183,0.9560439560439561,1.6187658495350803,1.6187658495350803,0,0.7125941353092972,0.02515008149320276,0.10272080930356531,0.02515008149320276,0,100
C_weaker_ordinal_smoothness,50,45,input_dependent_ordinal,1,1207,0.8873239436619719,1.8301574150787074,1.8301574150787074,0,0.5662328563328983,0.021716275771084773,-0.06934743441485047,0.021716275771084773,0,100
C_weaker_ordinal_smoothness,50,45,input_dependent_ordinal,0,282,0.8971631205673759,1.3156028368794326,1.3156028368794326,0,0.508572334664391,0.020122297543744175,-0.08737873149651465,0.020122297543744175,0,50
C_weaker_ordinal_smoothness,50,46,independent_mondrian,4,1154,0.8960138648180243,1.559792027729636,1.559792027729636,0,0.0,0.0,0.7322751178058622,0.0,0,100
C_weaker_ordinal_smoothness,50,46,independent_mondrian,0,264,0.8977272727272727,1.2083333333333333,1.2083333333333333,0,0.0,0.0,0.4786935414096575,0.0,0,50
C_weaker_ordinal_smoothness,50,46,independent_mondrian,1,1182,0.8824027072758037,2.029610829103215,2.029610829103215,0,0.0,0.0,0.4778278334596767,0.0,0,100
C_weaker_ordinal_smoothness,50,46,independent_mondrian,3,1209,0.8726220016542597,2.3101736972704714,2.3101736972704714,0,0.0,0.0,0.568324271978628,0.0,0,100
C_weaker_ordinal_smoothness,50,46,independent_mondrian,2,1191,0.924433249370277,2.001679261125105,2.001679261125105,0,0.0,0.0,0.8165624359578001,0.0,0,100
C_weaker_ordinal_smoothness,50,46,ordinal_cluster,4,1154,0.8370883882149047,1.4991334488734835,1.4991334488734835,0,0.0,0.0,0.6206994703820041,0.0,0,100
C_weaker_ordinal_smoothness,50,46,ordinal_cluster,0,264,0.8977272727272727,1.4166666666666667,1.4166666666666667,0,0.0,0.0,0.4778278334596767,0.0,0,50
C_weaker_ordinal_smoothness,50,46,ordinal_cluster,1,1182,0.9407783417935702,1.8781725888324874,1.8781725888324874,0,0.0,0.0,0.63300725427621,0.0,0,100
C_weaker_ordinal_smoothness,50,46,ordinal_cluster,3,1209,0.9255583126550868,2.0388751033912325,2.0388751033912325,0,0.0,0.0,0.6834446331185432,0.0,0,100
C_weaker_ordinal_smoothness,50,46,ordinal_cluster,2,1191,0.8228379513014273,2.0856423173803527,2.0856423173803527,0,0.0,0.0,0.6325667792955401,0.0,0,100
C_weaker_ordinal_smoothness,50,46,input_dependent_nonordinal,4,1154,0.9107452339688041,1.6637781629116117,1.6637781629116117,0,0.7006708118252006,0.024944238004866427,0.034801954040843186,0.024944238004866427,0,100
C_weaker_ordinal_smoothness,50,46,input_dependent_nonordinal,0,264,0.9583333333333334,1.4772727272727273,1.4772727272727273,0,0.4668115932960579,0.027030470121834203,0.06870565013460694,0.027030470121834203,0,50
C_weaker_ordinal_smoothness,50,46,input_dependent_nonordinal,1,1182,0.9357021996615905,2.22673434856176,2.22673434856176,0,0.5333712916036812,0.0266080181481608,0.020651736650282082,0.0266080181481608,0,100
C_weaker_ordinal_smoothness,50,46,input_dependent_nonordinal,3,1209,0.8982630272952854,2.3870967741935485,2.3870967741935485,0,0.5961345046478842,0.030098468210682565,0.009872873358851897,0.030098468210682565,0,100
C_weaker_ordinal_smoothness,50,46,input_dependent_nonordinal,2,1191,0.9689336691855583,2.130142737195634,2.130142737195634,0,0.7550093175850241,0.026655951244549832,0.19155931884586375,0.026655951244549832,0,100
C_weaker_ordinal_smoothness,50,46,input_dependent_ordinal,4,1154,0.9116117850953206,1.65684575389948,1.65684575389948,0,0.7039772462568273,0.027510703464465547,0.03623037513801841,0.027510703464465547,0,100
C_weaker_ordinal_smoothness,50,46,input_dependent_ordinal,0,264,0.9583333333333334,1.4734848484848484,1.4734848484848484,0,0.5471193195499839,0.027651225099885126,-0.010079405919007911,0.027651225099885126,0,50
C_weaker_ordinal_smoothness,50,46,input_dependent_ordinal,1,1182,0.937394247038917,2.2233502538071064,2.2233502538071064,0,0.574326160915129,0.027150454521789484,-0.01816165091607408,0.027150454521789484,0,100
C_weaker_ordinal_smoothness,50,46,input_dependent_ordinal,3,1209,0.8949545078577337,2.3862696443341607,2.3862696443341607,0,0.6662830100789041,0.026411352622835803,-0.06700949320004612,0.026411352622835803,0,100
C_weaker_ordinal_smoothness,50,46,input_dependent_ordinal,2,1191,0.9689336691855583,2.1351805205709486,2.1351805205709486,0,0.6210898019002361,0.02606481441693317,0.3238832895175636,0.02606481441693317,0,100
C_weaker_ordinal_smoothness,50,47,independent_mondrian,1,1215,0.9168724279835391,2.2123456790123455,2.2123456790123455,0,0.0,0.0,0.5621838690283497,0.0,0,100
C_weaker_ordinal_smoothness,50,47,independent_mondrian,4,1163,0.9475494411006019,1.588993981083405,1.588993981083405,0,0.0,0.0,0.9057190276783419,0.0,0,100
C_weaker_ordinal_smoothness,50,47,independent_mondrian,3,1217,0.8775677896466721,2.4815119145439604,2.4815119145439604,0,0.0,0.0,0.572370331958003,0.0,0,100
C_weaker_ordinal_smoothness,50,47,independent_mondrian,2,1159,0.9387402933563417,2.2139775668679897,2.2139775668679897,0,0.0,0.0,0.8390928507209732,0.0,0,100
C_weaker_ordinal_smoothness,50,47,independent_mondrian,0,246,0.943089430894309,1.4065040650406504,1.4065040650406504,0,0.0,0.0,0.559701455010007,0.0,0,50
C_weaker_ordinal_smoothness,50,47,ordinal_cluster,1,1215,0.9621399176954732,2.111111111111111,2.111111111111111,0,0.0,0.0,0.6953263923440117,0.0,0,100
C_weaker_ordinal_smoothness,50,47,ordinal_cluster,4,1163,0.9140154772141015,1.6818572656921753,1.6818572656921753,0,0.0,0.0,0.7672524441451343,0.0,0,100
C_weaker_ordinal_smoothness,50,47,ordinal_cluster,3,1217,0.9531635168447001,2.3286770747740344,2.3286770747740344,0,0.0,0.0,0.7745390949272173,0.0,0,100
C_weaker_ordinal_smoothness,50,47,ordinal_cluster,2,1159,0.8723037100949094,2.3485763589301123,2.3485763589301123,0,0.0,0.0,0.6827178157063133,0.0,0,100
C_weaker_ordinal_smoothness,50,47,ordinal_cluster,0,246,0.943089430894309,1.5731707317073171,1.5731707317073171,0,0.0,0.0,0.559701455010007,0.0,0,50
C_weaker_ordinal_smoothness,50,47,input_dependent_nonordinal,1,1215,0.9119341563786009,2.1242798353909467,2.1242798353909467,0,0.506271863867426,0.020016588219262544,0.014413542209526509,0.020016588219262544,0,100
C_weaker_ordinal_smoothness,50,47,input_dependent_nonordinal,4,1163,0.9681857265692175,1.594153052450559,1.594153052450559,0,0.7038164949088349,0.03574055263806958,0.21270094271756057,0.03574055263806958,0,100
C_weaker_ordinal_smoothness,50,47,input_dependent_nonordinal,3,1217,0.8627773212818406,2.4009860312243223,2.4009860312243223,0,0.5666638710131656,0.024010192623341003,-0.0251133842349891,0.024010192623341003,0,100
C_weaker_ordinal_smoothness,50,47,input_dependent_nonordinal,2,1159,0.9534081104400345,2.1423641069887833,2.1423641069887833,0,0.7674911987593798,0.02710312276232839,0.0858397803301264,0.02710312276232839,0,100
C_weaker_ordinal_smoothness,50,47,input_dependent_nonordinal,0,246,0.9471544715447154,1.41869918699187,1.41869918699187,0,0.44367055028700164,0.02758251754645856,0.08583507277563043,0.02758251754645856,0,50
C_weaker_ordinal_smoothness,50,47,input_dependent_ordinal,1,1215,0.9127572016460905,2.1037037037037036,2.1037037037037036,0,0.555888612331079,0.02122803759577241,-0.028835931393428382,0.02122803759577241,0,100
C_weaker_ordinal_smoothness,50,47,input_dependent_ordinal,4,1163,0.9707652622527945,1.5967325881341359,1.5967325881341359,0,0.7025201612146259,0.03193424914039161,0.23137652511864926,0.03193424914039161,0,100
C_weaker_ordinal_smoothness,50,47,input_dependent_ordinal,3,1217,0.8578471651602301,2.4116680361544782,2.4116680361544782,0,0.6565122665652491,0.029984849636164036,-0.11581688362285236,0.029984849636164036,0,100
C_weaker_ordinal_smoothness,50,47,input_dependent_ordinal,2,1159,0.9516824849007766,2.1345987920621226,2.1345987920621226,0,0.6068257050836122,0.024525137633141396,0.2396520819475647,0.024525137633141396,0,100
C_weaker_ordinal_smoothness,50,47,input_dependent_ordinal,0,246,0.9308943089430894,1.410569105691057,1.410569105691057,0,0.5202937296695377,0.01750851396502429,-0.009881367476722747,0.01750851396502429,0,50
C_weaker_ordinal_smoothness,50,48,independent_mondrian,0,258,0.9031007751937985,1.496124031007752,1.496124031007752,0,0.0,0.0,0.4985335681299918,0.0,0,50
C_weaker_ordinal_smoothness,50,48,independent_mondrian,3,1159,0.9344262295081968,2.536669542709232,2.536669542709232,0,0.0,0.0,0.6761310095830406,0.0,0,100
C_weaker_ordinal_smoothness,50,48,independent_mondrian,1,1289,0.9100077579519007,2.178432893716059,2.178432893716059,0,0.0,0.0,0.5695784450341557,0.0,0,100
C_weaker_ordinal_smoothness,50,48,independent_mondrian,2,1183,0.9509721048182587,2.234995773457312,2.234995773457312,0,0.0,0.0,0.9280758229857697,0.0,0,100
C_weaker_ordinal_smoothness,50,48,independent_mondrian,4,1111,0.9198919891989199,1.7551755175517552,1.7551755175517552,0,0.0,0.0,0.7710845024065256,0.0,0,100
C_weaker_ordinal_smoothness,50,48,ordinal_cluster,0,258,0.937984496124031,1.7751937984496124,1.7751937984496124,0,0.0,0.0,0.5653459158527961,0.0,0,50
C_weaker_ordinal_smoothness,50,48,ordinal_cluster,3,1159,0.9568593615185504,2.3977566867989646,2.3977566867989646,0,0.0,0.0,0.7982016199162622,0.0,0,100
C_weaker_ordinal_smoothness,50,48,ordinal_cluster,1,1289,0.969743987587277,2.247478665632273,2.247478665632273,0,0.0,0.0,0.767468499647365,0.0,0,100
C_weaker_ordinal_smoothness,50,48,ordinal_cluster,2,1183,0.8943364327979713,2.415891800507185,2.415891800507185,0,0.0,0.0,0.7690579379518554,0.0,0,100
C_weaker_ordinal_smoothness,50,48,ordinal_cluster,4,1111,0.8928892889288929,1.756075607560756,1.756075607560756,0,0.0,0.0,0.6851646809375347,0.0,0,100
C_weaker_ordinal_smoothness,50,48,input_dependent_nonordinal,0,258,0.8875968992248062,1.4186046511627908,1.4186046511627908,0,0.41512726405626116,0.017840334799852132,0.04249176866364557,0.017840334799852132,0,50
C_weaker_ordinal_smoothness,50,48,input_dependent_nonordinal,3,1159,0.9283865401207938,2.35030198446937,2.35030198446937,0,0.599596541638941,0.030822642277926717,0.06534276362962765,0.030822642277926717,0,100
C_weaker_ordinal_smoothness,50,48,input_dependent_nonordinal,1,1289,0.8975950349107835,2.0457719162141195,2.0457719162141195,0,0.5224311480065529,0.023917996445594582,-0.01903359625851936,0.023917996445594582,0,100
C_weaker_ordinal_smoothness,50,48,input_dependent_nonordinal,2,1183,0.9416737109044802,2.091293322062553,2.091293322062553,0,0.7407023994724248,0.023489121455126633,0.1344209932324364,0.023489121455126633,0,100
C_weaker_ordinal_smoothness,50,48,input_dependent_nonordinal,4,1111,0.9036903690369037,1.6372637263726373,1.6372637263726373,0,0.7105791484521489,0.033171962759081325,0.0024063942278008676,0.033171962759081325,0,100
C_weaker_ordinal_smoothness,50,48,input_dependent_ordinal,0,258,0.8837209302325582,1.4147286821705427,1.4147286821705427,0,0.5129488027326673,0.018654037270765055,-0.05860415691973708,0.018654037270765055,0,50
C_weaker_ordinal_smoothness,50,48,input_dependent_ordinal,3,1159,0.9292493528904228,2.3494391716997414,2.3494391716997414,0,0.6723754171520084,0.029615478944060015,-0.005616257980705752,0.029615478944060015,0,100
C_weaker_ordinal_smoothness,50,48,input_dependent_ordinal,1,1289,0.8975950349107835,2.048875096974399,2.048875096974399,0,0.5561726068504672,0.022832659415394144,-0.05547283855811724,0.022832659415394144,0,100
C_weaker_ordinal_smoothness,50,48,input_dependent_ordinal,2,1183,0.9425190194420964,2.0938292476754015,2.0938292476754015,0,0.6097441318527567,0.024774683775051654,0.2706135567609332,0.024774683775051654,0,100
C_weaker_ordinal_smoothness,50,48,input_dependent_ordinal,4,1111,0.9027902790279028,1.6390639063906391,1.6390639063906391,0,0.713366070920248,0.03379706856150367,-0.0001184267127556371,0.03379706856150367,0,100
C_weaker_ordinal_smoothness,50,49,independent_mondrian,3,1149,0.8520452567449956,2.0417754569190603,2.0417754569190603,0,0.0,0.0,0.4894945115467563,0.0,0,100
C_weaker_ordinal_smoothness,50,49,independent_mondrian,2,1176,0.8486394557823129,1.8928571428571428,1.8928571428571428,0,0.0,0.0,0.6669118104728101,0.0,0,100
C_weaker_ordinal_smoothness,50,49,independent_mondrian,1,1201,0.9275603663613655,1.9908409658617818,1.9908409658617818,0,0.0,0.0,0.5579271268318959,0.0,0,100
C_weaker_ordinal_smoothness,50,49,independent_mondrian,4,1221,0.868959868959869,1.371007371007371,1.371007371007371,0,0.0,0.0,0.6588447650451257,0.0,0,100
C_weaker_ordinal_smoothness,50,49,independent_mondrian,0,253,0.9367588932806324,1.4268774703557312,1.4268774703557312,0,0.0,0.0,0.567629113332308,0.0,0,50
C_weaker_ordinal_smoothness,50,49,ordinal_cluster,3,1149,0.9208006962576153,1.9799825935596171,1.9799825935596171,0,0.0,0.0,0.6434748264048961,0.0,0,100
C_weaker_ordinal_smoothness,50,49,ordinal_cluster,2,1176,0.7959183673469388,2.0323129251700682,2.0323129251700682,0,0.0,0.0,0.5958729809869324,0.0,0,100
C_weaker_ordinal_smoothness,50,49,ordinal_cluster,1,1201,0.9533721898417985,1.8992506244796004,1.8992506244796004,0,0.0,0.0,0.633433064182301,0.0,0,100
C_weaker_ordinal_smoothness,50,49,ordinal_cluster,4,1221,0.8525798525798526,1.4823914823914823,1.4823914823914823,0,0.0,0.0,0.6171322476332198,0.0,0,100
C_weaker_ordinal_smoothness,50,49,ordinal_cluster,0,253,0.932806324110672,1.533596837944664,1.533596837944664,0,0.0,0.0,0.5579271268318959,0.0,0,50
C_weaker_ordinal_smoothness,50,49,input_dependent_nonordinal,3,1149,0.9033942558746736,2.117493472584856,2.117493472584856,0,0.5839445754786692,0.03895219425694331,0.019198153677514207,0.03895219425694331,0,100
C_weaker_ordinal_smoothness,50,49,input_dependent_nonordinal,2,1176,0.8945578231292517,1.9906462585034013,1.9906462585034013,0,0.7518899423111435,0.02658830404197287,-0.00511920577581948,0.02658830404197287,0,100
C_weaker_ordinal_smoothness,50,49,input_dependent_nonordinal,1,1201,0.8984179850124896,1.9009159034138219,1.9009159034138219,0,0.5159330743539355,0.021358130789795343,-0.020760951345839107,0.021358130789795343,0,100
C_weaker_ordinal_smoothness,50,49,input_dependent_nonordinal,4,1221,0.8804258804258804,1.561834561834562,1.561834561834562,0,0.7275887196671464,0.02269564679203506,-0.04253314008599812,0.02269564679203506,0,100
C_weaker_ordinal_smoothness,50,49,input_dependent_nonordinal,0,253,0.9446640316205533,1.4189723320158103,1.4189723320158103,0,0.42559286269656427,0.01688756267543542,0.07282062803573003,0.01688756267543542,0,50
C_weaker_ordinal_smoothness,50,49,input_dependent_ordinal,3,1149,0.8938207136640557,2.1322889469103568,2.1322889469103568,0,0.6633303005686644,0.02764562316208091,-0.09167711200059614,0.02764562316208091,0,100
C_weaker_ordinal_smoothness,50,49,input_dependent_ordinal,2,1176,0.8945578231292517,1.994047619047619,1.994047619047619,0,0.6185474099229669,0.026475325591603625,0.1277988378547822,0.026475325591603625,0,100
C_weaker_ordinal_smoothness,50,49,input_dependent_ordinal,1,1201,0.8975853455453788,1.9025811823480432,1.9025811823480432,0,0.5582979012073059,0.022864231697880377,-0.06436014781295574,0.022864231697880377,0,100
C_weaker_ordinal_smoothness,50,49,input_dependent_ordinal,4,1221,0.8918918918918919,1.5413595413595413,1.5413595413595413,0,0.7289848152981514,0.02905374615043327,-0.012141735632997475,0.02905374615043327,0,100
C_weaker_ordinal_smoothness,50,49,input_dependent_ordinal,0,253,0.9446640316205533,1.4189723320158103,1.4189723320158103,0,0.5110244133326933,0.0209950300444412,0.0022572677899120874,0.0209950300444412,0,50
C_weaker_ordinal_smoothness,20,0,independent_mondrian,4,1182,0.949238578680203,1.5456852791878173,1.5456852791878173,0,0.0,0.0,0.8760546503180585,0.0,0,100
C_weaker_ordinal_smoothness,20,0,independent_mondrian,1,1178,0.9185059422750425,2.0288624787775893,2.0288624787775893,0,0.0,0.0,0.5721983166868121,0.0,0,100
C_weaker_ordinal_smoothness,20,0,independent_mondrian,3,1195,0.8878661087866109,2.4259414225941422,2.4259414225941422,0,0.0,0.0,0.5792830791793891,0.0,0,100
C_weaker_ordinal_smoothness,20,0,independent_mondrian,2,1173,0.8687127024722933,2.136402387041773,2.136402387041773,0,0.0,0.0,0.7483467103748376,0.0,0,100
C_weaker_ordinal_smoothness,20,0,independent_mondrian,0,272,0.9411764705882353,1.4779411764705883,1.4779411764705883,0,0.0,0.0,0.5108237756474567,0.0,0,20
C_weaker_ordinal_smoothness,20,0,ordinal_cluster,4,1182,0.9204737732656514,1.637901861252115,1.637901861252115,0,0.0,0.0,0.753864055426317,0.0,0,100
C_weaker_ordinal_smoothness,20,0,ordinal_cluster,1,1178,0.933786078098472,1.9745331069609509,1.9745331069609509,0,0.0,0.0,0.6013137625012227,0.0,0,100
C_weaker_ordinal_smoothness,20,0,ordinal_cluster,3,1195,0.9456066945606695,2.185774058577406,2.185774058577406,0,0.0,0.0,0.7483467103748376,0.0,0,100
C_weaker_ordinal_smoothness,20,0,ordinal_cluster,2,1173,0.7757885763000852,2.1739130434782608,2.1739130434782608,0,0.0,0.0,0.5978981919497905,0.0,0,100
C_weaker_ordinal_smoothness,20,0,ordinal_cluster,0,272,0.9595588235294118,1.4926470588235294,1.4926470588235294,0,0.0,0.0,0.5693948399288151,0.0,0,20
C_weaker_ordinal_smoothness,20,0,input_dependent_nonordinal,4,1182,0.9306260575296108,1.503384094754653,1.503384094754653,0,0.7219076682912416,0.03072548907451419,0.03973182472294834,0.03072548907451419,0,100
C_weaker_ordinal_smoothness,20,0,input_dependent_nonordinal,1,1178,0.9320882852292021,1.9567062818336163,1.9567062818336163,0,0.512215340936167,0.021903874397820253,0.04124650836988403,0.021903874397820253,0,100
C_weaker_ordinal_smoothness,20,0,input_dependent_nonordinal,3,1195,0.901255230125523,2.1958158995815897,2.1958158995815897,0,0.5657688076193657,0.018744550134063023,0.015501373241728178,0.018744550134063023,0,100
C_weaker_ordinal_smoothness,20,0,input_dependent_nonordinal,2,1173,0.8797953964194374,2.053708439897698,2.053708439897698,0,0.7206030445218254,0.02671689891815106,0.02080867893779792,0.02671689891815106,0,100
C_weaker_ordinal_smoothness,20,0,input_dependent_nonordinal,0,272,0.9522058823529411,1.5036764705882353,1.5036764705882353,0,0.4179293916834131,0.012022157095929239,0.10387538190997309,0.012022157095929239,0,20
C_weaker_ordinal_smoothness,20,0,input_dependent_ordinal,4,1182,0.9331641285956007,1.478849407783418,1.478849407783418,0,0.707248293817134,0.027856760540711307,0.059537513499292705,0.027856760540711307,0,100
C_weaker_ordinal_smoothness,20,0,input_dependent_ordinal,1,1178,0.9303904923599321,1.9601018675721562,1.9601018675721562,0,0.5394042790564374,0.020986512239679237,0.012635577425032296,0.020986512239679237,0,100
C_weaker_ordinal_smoothness,20,0,input_dependent_ordinal,3,1195,0.8836820083682009,2.182426778242678,2.182426778242678,0,0.6572470257986659,0.024460879716231388,-0.09539027964379698,0.024460879716231388,0,100
C_weaker_ordinal_smoothness,20,0,input_dependent_ordinal,2,1173,0.8729752770673487,2.0366581415174765,2.0366581415174765,0,0.6023553243827179,0.02160795097002672,0.12762991886651381,0.02160795097002672,0,100
C_weaker_ordinal_smoothness,20,0,input_dependent_ordinal,0,272,0.9595588235294118,1.4816176470588236,1.4816176470588236,0,0.5021453933267935,0.01731977757595167,0.03485875459122689,0.01731977757595167,0,20
C_weaker_ordinal_smoothness,20,1,independent_mondrian,2,1233,0.8978102189781022,2.0778588807785887,2.0778588807785887,0,0.0,0.0,0.7743979287589102,0.0,0,100
C_weaker_ordinal_smoothness,20,1,independent_mondrian,1,1146,0.8115183246073299,1.975567190226876,1.975567190226876,0,0.0,0.0,0.4182466948794215,0.0,0,100
C_weaker_ordinal_smoothness,20,1,independent_mondrian,3,1184,0.9594594594594594,2.3530405405405403,2.3530405405405403,0,0.0,0.0,0.7666346414751131,0.0,0,100
C_weaker_ordinal_smoothness,20,1,independent_mondrian,4,1182,0.9052453468697124,1.715736040609137,1.715736040609137,0,0.0,0.0,0.7358864170130448,0.0,0,100
C_weaker_ordinal_smoothness,20,1,independent_mondrian,0,255,0.9137254901960784,1.192156862745098,1.192156862745098,0,0.0,0.0,0.5009271028138218,0.0,0,20
C_weaker_ordinal_smoothness,20,1,ordinal_cluster,2,1233,0.8499594484995945,2.1435523114355233,2.1435523114355233,0,0.0,0.0,0.6377654380334276,0.0,0,100
C_weaker_ordinal_smoothness,20,1,ordinal_cluster,1,1146,0.918848167539267,1.8132635253054101,1.8132635253054101,0,0.0,0.0,0.5672556944824306,0.0,0,100
C_weaker_ordinal_smoothness,20,1,ordinal_cluster,3,1184,0.9586148648648649,2.2280405405405403,2.2280405405405403,0,0.0,0.0,0.7577767417202651,0.0,0,100
C_weaker_ordinal_smoothness,20,1,ordinal_cluster,4,1182,0.9052453468697124,1.6505922165820643,1.6505922165820643,0,0.0,0.0,0.7358864170130448,0.0,0,100
C_weaker_ordinal_smoothness,20,1,ordinal_cluster,0,255,0.8745098039215686,1.384313725490196,1.384313725490196,0,0.0,0.0,0.4251983707561422,0.0,0,20
C_weaker_ordinal_smoothness,20,1,input_dependent_nonordinal,2,1233,0.9018653690186537,2.086780210867802,2.086780210867802,0,0.7428371535126178,0.02997977338490112,0.03468631518112031,0.02997977338490112,0,100
C_weaker_ordinal_smoothness,20,1,input_dependent_nonordinal,1,1146,0.8856893542757417,2.080279232111693,2.080279232111693,0,0.523701914651208,0.019042949271276022,-0.037835985021581975,0.019042949271276022,0,100
C_weaker_ordinal_smoothness,20,1,input_dependent_nonordinal,3,1184,0.941722972972973,2.2255067567567566,2.2255067567567566,0,0.5762948998935224,0.024311765213590436,0.06645885106879601,0.024311765213590436,0,100
C_weaker_ordinal_smoothness,20,1,input_dependent_nonordinal,4,1182,0.9086294416243654,1.5752961082910322,1.5752961082910322,0,0.7152317118090454,0.03322956765496652,0.022138320285735036,0.03322956765496652,0,100
C_weaker_ordinal_smoothness,20,1,input_dependent_nonordinal,0,255,0.9803921568627451,1.4392156862745098,1.4392156862745098,0,0.4566257134655458,0.01885261384469682,0.13685809874211108,0.01885261384469682,0,20
C_weaker_ordinal_smoothness,20,1,input_dependent_ordinal,2,1233,0.902676399026764,2.089213300892133,2.089213300892133,0,0.6139956585435673,0.025281124350717568,0.16191447897524336,0.025281124350717568,0,100
C_weaker_ordinal_smoothness,20,1,input_dependent_ordinal,1,1146,0.8926701570680629,2.0977312390924956,2.0977312390924956,0,0.5668966409459792,0.021473053200490543,-0.07291324087682827,0.021473053200490543,0,100
C_weaker_ordinal_smoothness,20,1,input_dependent_ordinal,3,1184,0.9434121621621622,2.2347972972972974,2.2347972972972974,0,0.657419347937153,0.028579662759279745,-0.010362940091414918,0.028579662759279745,0,100
C_weaker_ordinal_smoothness,20,1,input_dependent_ordinal,4,1182,0.9103214890016921,1.5769881556683587,1.5769881556683587,0,0.708771680314732,0.031731180999882924,0.031052111696281637,0.031731180999882924,0,100
C_weaker_ordinal_smoothness,20,1,input_dependent_ordinal,0,255,0.9803921568627451,1.4352941176470588,1.4352941176470588,0,0.5230544889741237,0.017601017126003676,0.06704574819873538,0.017601017126003676,0,20
C_weaker_ordinal_smoothness,20,2,independent_mondrian,4,1184,0.9070945945945946,1.59375,1.59375,0,0.0,0.0,0.7511873032708031,0.0,0,100
C_weaker_ordinal_smoothness,20,2,independent_mondrian,2,1134,0.8871252204585538,2.1516754850088184,2.1516754850088184,0,0.0,0.0,0.7238158689286024,0.0,0,100
C_weaker_ordinal_smoothness,20,2,independent_mondrian,3,1248,0.9118589743589743,2.280448717948718,2.280448717948718,0,0.0,0.0,0.6354683488289704,0.0,0,100
C_weaker_ordinal_smoothness,20,2,independent_mondrian,0,270,0.9666666666666667,1.4296296296296296,1.4296296296296296,0,0.0,0.0,0.682247676170244,0.0,0,20
C_weaker_ordinal_smoothness,20,2,independent_mondrian,1,1164,0.9166666666666666,2.2328178694158076,2.2328178694158076,0,0.0,0.0,0.5655278051614578,0.0,0,100
C_weaker_ordinal_smoothness,20,2,ordinal_cluster,4,1184,0.8800675675675675,1.5920608108108107,1.5920608108108107,0,0.0,0.0,0.6973186668043951,0.0,0,100
C_weaker_ordinal_smoothness,20,2,ordinal_cluster,2,1134,0.8271604938271605,2.1569664902998236,2.1569664902998236,0,0.0,0.0,0.6308826381875571,0.0,0,100
C_weaker_ordinal_smoothness,20,2,ordinal_cluster,3,1248,0.9463141025641025,2.155448717948718,2.155448717948718,0,0.0,0.0,0.7034459260419929,0.0,0,100
C_weaker_ordinal_smoothness,20,2,ordinal_cluster,0,270,0.9407407407407408,1.4962962962962962,1.4962962962962962,0,0.0,0.0,0.5655278051614578,0.0,0,20
C_weaker_ordinal_smoothness,20,2,ordinal_cluster,1,1164,0.9415807560137457,1.9974226804123711,1.9974226804123711,0,0.0,0.0,0.6308826381875571,0.0,0,100
C_weaker_ordinal_smoothness,20,2,input_dependent_nonordinal,4,1184,0.8969594594594594,1.5177364864864864,1.5177364864864864,0,0.7185940556743112,0.0248230997470256,-0.007496625624057951,0.0248230997470256,0,100
C_weaker_ordinal_smoothness,20,2,input_dependent_nonordinal,2,1134,0.8985890652557319,1.998236331569665,1.998236331569665,0,0.769020942369931,0.023205053655914774,-0.03939349807882975,0.023205053655914774,0,100
C_weaker_ordinal_smoothness,20,2,input_dependent_nonordinal,3,1248,0.9174679487179487,2.1634615384615383,2.1634615384615383,0,0.562727591452461,0.01540211020890519,0.03530058650053158,0.01540211020890519,0,100
C_weaker_ordinal_smoothness,20,2,input_dependent_nonordinal,0,270,0.9555555555555556,1.325925925925926,1.325925925925926,0,0.46201184915471494,0.015402075952344193,0.11724207966422817,0.015402075952344193,0,20
C_weaker_ordinal_smoothness,20,2,input_dependent_nonordinal,1,1164,0.8823024054982818,1.9948453608247423,1.9948453608247423,0,0.49095774187876884,0.01836722390194993,0.004289825998489705,0.01836722390194993,0,100
C_weaker_ordinal_smoothness,20,2,input_dependent_ordinal,4,1184,0.9037162162162162,1.5185810810810811,1.5185810810810811,0,0.7111437785301599,0.022328673399178087,0.007273552166323638,0.022328673399178087,0,100
C_weaker_ordinal_smoothness,20,2,input_dependent_ordinal,2,1134,0.8985890652557319,1.9973544973544974,1.9973544973544974,0,0.6028124512243416,0.018947020477933653,0.12242346723360609,0.018947020477933653,0,100
C_weaker_ordinal_smoothness,20,2,input_dependent_ordinal,3,1248,0.9190705128205128,2.175480769230769,2.175480769230769,0,0.6590271077971376,0.019838651115488215,-0.059648241177429395,0.019838651115488215,0,100
C_weaker_ordinal_smoothness,20,2,input_dependent_ordinal,0,270,0.9555555555555556,1.325925925925926,1.325925925925926,0,0.5091866135584527,0.016833511726907526,0.06538762157301792,0.016833511726907526,0,20
C_weaker_ordinal_smoothness,20,2,input_dependent_ordinal,1,1164,0.8900343642611683,1.9991408934707904,1.9991408934707904,0,0.5542679254474259,0.017165296003188744,-0.05313580496324777,0.017165296003188744,0,100
C_weaker_ordinal_smoothness,20,3,independent_mondrian,4,1176,0.9464285714285714,1.66156462585034,1.66156462585034,0,0.0,0.0,0.8676468347244951,0.0,0,100
C_weaker_ordinal_smoothness,20,3,independent_mondrian,2,1188,0.9250841750841751,2.121212121212121,2.121212121212121,0,0.0,0.0,0.8522898741395101,0.0,0,100
C_weaker_ordinal_smoothness,20,3,independent_mondrian,1,1192,0.8859060402684564,2.1543624161073827,2.1543624161073827,0,0.0,0.0,0.4984183117345136,0.0,0,100
C_weaker_ordinal_smoothness,20,3,independent_mondrian,3,1167,0.9005998286203942,2.4721508140531276,2.4721508140531276,0,0.0,0.0,0.6119664521581764,0.0,0,100
C_weaker_ordinal_smoothness,20,3,independent_mondrian,0,277,0.9350180505415162,1.4007220216606497,1.4007220216606497,0,0.0,0.0,0.5453714827266801,0.0,0,20
C_weaker_ordinal_smoothness,20,3,ordinal_cluster,4,1176,0.8979591836734694,1.6887755102040816,1.6887755102040816,0,0.0,0.0,0.7183897528501577,0.0,0,100
C_weaker_ordinal_smoothness,20,3,ordinal_cluster,2,1188,0.8476430976430976,2.282828282828283,2.282828282828283,0,0.0,0.0,0.6635393559577873,0.0,0,100
C_weaker_ordinal_smoothness,20,3,ordinal_cluster,1,1192,0.9546979865771812,2,2,0,0.0,0.0,0.662971230962248,0.0,0,100
C_weaker_ordinal_smoothness,20,3,ordinal_cluster,3,1167,0.9537275064267352,2.2125107112253644,2.2125107112253644,0,0.0,0.0,0.7913737218324924,0.0,0,100
C_weaker_ordinal_smoothness,20,3,ordinal_cluster,0,277,0.9169675090252708,1.5740072202166064,1.5740072202166064,0,0.0,0.0,0.4984183117345136,0.0,0,20
C_weaker_ordinal_smoothness,20,3,input_dependent_nonordinal,4,1176,0.9472789115646258,1.5807823129251701,1.5807823129251701,0,0.7197851475983604,0.03797820733668665,0.1283165255026646,0.03797820733668665,0,100
C_weaker_ordinal_smoothness,20,3,input_dependent_nonordinal,2,1188,0.8897306397306397,1.9621212121212122,1.9621212121212122,0,0.7521164640642828,0.02833346931608326,-0.013996925701111218,0.02833346931608326,0,100
C_weaker_ordinal_smoothness,20,3,input_dependent_nonordinal,1,1192,0.8154362416107382,1.776006711409396,1.776006711409396,0,0.5157953440279367,0.02396070274190222,-0.08155589951947961,0.02396070274190222,0,100
C_weaker_ordinal_smoothness,20,3,input_dependent_nonordinal,3,1167,0.921165381319623,2.2673521850899743,2.2673521850899743,0,0.5633513537657333,0.019718207722294986,0.03971086125592471,0.019718207722294986,0,100
C_weaker_ordinal_smoothness,20,3,input_dependent_nonordinal,0,277,0.7978339350180506,1.1913357400722022,1.1913357400722022,0,0.4324251033652225,0.021917190570894425,-0.04378702681658564,0.021917190570894425,0,20
C_weaker_ordinal_smoothness,20,3,input_dependent_ordinal,4,1176,0.95578231292517,1.5901360544217686,1.5901360544217686,0,0.7048009117768238,0.03006142159775845,0.15924769882492384,0.03006142159775845,0,100
C_weaker_ordinal_smoothness,20,3,input_dependent_ordinal,2,1188,0.8981481481481481,1.9806397306397305,1.9806397306397305,0,0.605671980130533,0.024292842741625895,0.14983357261489738,0.024292842741625895,0,100
C_weaker_ordinal_smoothness,20,3,input_dependent_ordinal,1,1192,0.8162751677852349,1.8020134228187918,1.8020134228187918,0,0.5589860987036268,0.02353332981174378,-0.12328046199087295,0.02353332981174378,0,100
C_weaker_ordinal_smoothness,20,3,input_dependent_ordinal,3,1167,0.919451585261354,2.32133676092545,2.32133676092545,0,0.6591163121149767,0.02767409402432109,-0.05311174616562936,0.02767409402432109,0,100
C_weaker_ordinal_smoothness,20,3,input_dependent_ordinal,0,277,0.8014440433212996,1.1949458483754514,1.1949458483754514,0,0.49856995042065017,0.019223268974146522,-0.11272362232998728,0.019223268974146522,0,20
C_weaker_ordinal_smoothness,20,4,independent_mondrian,3,1215,0.9045267489711935,2.299588477366255,2.299588477366255,0,0.0,0.0,0.6059940773968983,0.0,0,100
C_weaker_ordinal_smoothness,20,4,independent_mondrian,4,1222,0.9279869067103109,1.5752864157119477,1.5752864157119477,0,0.0,0.0,0.7399596284427005,0.0,0,100
C_weaker_ordinal_smoothness,20,4,independent_mondrian,2,1149,0.8685813751087903,2.1148825065274153,2.1148825065274153,0,0.0,0.0,0.7363414860241202,0.0,0,100
C_weaker_ordinal_smoothness,20,4,independent_mondrian,1,1168,0.9049657534246576,2.1840753424657535,2.1840753424657535,0,0.0,0.0,0.5712932776811087,0.0,0,100
C_weaker_ordinal_smoothness,20,4,independent_mondrian,0,246,0.9552845528455285,1.4715447154471544,1.4715447154471544,0,0.0,0.0,0.6422022682607502,0.0,0,20
C_weaker_ordinal_smoothness,20,4,ordinal_cluster,3,1215,0.9275720164609054,2.0921810699588477,2.0921810699588477,0,0.0,0.0,0.6785975567938651,0.0,0,100
C_weaker_ordinal_smoothness,20,4,ordinal_cluster,4,1222,0.8854337152209493,1.5630114566284778,1.5630114566284778,0,0.0,0.0,0.655271251932553,0.0,0,100
C_weaker_ordinal_smoothness,20,4,ordinal_cluster,2,1149,0.8181026979982594,2.142732811140122,2.142732811140122,0,0.0,0.0,0.6351386078243463,0.0,0,100
C_weaker_ordinal_smoothness,20,4,ordinal_cluster,1,1168,0.9332191780821918,2.039383561643836,2.039383561643836,0,0.0,0.0,0.6502892667549831,0.0,0,100
C_weaker_ordinal_smoothness,20,4,ordinal_cluster,0,246,0.943089430894309,1.548780487804878,1.548780487804878,0,0.0,0.0,0.5932885070252645,0.0,0,20
C_weaker_ordinal_smoothness,20,4,input_dependent_nonordinal,3,1215,0.8567901234567902,2.040329218106996,2.040329218106996,0,0.5767206883607859,0.023055047292734145,-0.06324405417276213,0.023055047292734145,0,100
C_weaker_ordinal_smoothness,20,4,input_dependent_nonordinal,4,1222,0.8870703764320785,1.4263502454991817,1.4263502454991817,0,0.7087345608997218,0.02418485547318012,-0.04242374456796871,0.02418485547318012,0,100
C_weaker_ordinal_smoothness,20,4,input_dependent_nonordinal,2,1149,0.8694516971279374,1.9973890339425588,1.9973890339425588,0,0.7640951928078069,0.029069719205208556,-0.04400978898036367,0.029069719205208556,0,100
C_weaker_ordinal_smoothness,20,4,input_dependent_nonordinal,1,1168,0.8912671232876712,2.164383561643836,2.164383561643836,0,0.5091182510689626,0.01640020901274923,0.001914461503953302,0.01640020901274923,0,100
C_weaker_ordinal_smoothness,20,4,input_dependent_nonordinal,0,246,0.991869918699187,1.443089430894309,1.443089430894309,0,0.4542938723667375,0.0204189404850496,0.30140225698206957,0.0204189404850496,0,20
C_weaker_ordinal_smoothness,20,4,input_dependent_ordinal,3,1215,0.8526748971193415,2.0205761316872426,2.0205761316872426,0,0.6621769382567465,0.0246761606207975,-0.15018859002273632,0.0246761606207975,0,100
C_weaker_ordinal_smoothness,20,4,input_dependent_ordinal,4,1222,0.8846153846153846,1.4099836333878888,1.4099836333878888,0,0.7037564063772113,0.02634898469017631,-0.03600712351029833,0.02634898469017631,0,100
C_weaker_ordinal_smoothness,20,4,input_dependent_ordinal,2,1149,0.8624891209747607,1.9834638816362054,1.9834638816362054,0,0.6159951143631954,0.022764394484047348,0.08252233021398858,0.022764394484047348,0,100
C_weaker_ordinal_smoothness,20,4,input_dependent_ordinal,1,1168,0.8835616438356164,2.139554794520548,2.139554794520548,0,0.563979559844837,0.019558552882021844,-0.060548835450387584,0.019558552882021844,0,100
C_weaker_ordinal_smoothness,20,4,input_dependent_ordinal,0,246,0.991869918699187,1.4146341463414633,1.4146341463414633,0,0.5260330619964775,0.02019211135913317,0.23029478379302482,0.02019211135913317,0,20
C_weaker_ordinal_smoothness,20,5,independent_mondrian,3,1178,0.8964346349745331,2.5118845500848894,2.5118845500848894,0,0.0,0.0,0.6148201892551807,0.0,0,100
C_weaker_ordinal_smoothness,20,5,independent_mondrian,2,1149,0.9225413402959095,2.2236727589208005,2.2236727589208005,0,0.0,0.0,0.8230581097841804,0.0,0,100
C_weaker_ordinal_smoothness,20,5,independent_mondrian,1,1190,0.9184873949579831,2.364705882352941,2.364705882352941,0,0.0,0.0,0.5796315646218493,0.0,0,100
C_weaker_ordinal_smoothness,20,5,independent_mondrian,0,277,0.9711191335740073,1.5379061371841156,1.5379061371841156,0,0.0,0.0,0.6949674360232291,0.0,0,20
C_weaker_ordinal_smoothness,20,5,independent_mondrian,4,1206,0.9436152570480929,1.6533996683250414,1.6533996683250414,0,0.0,0.0,0.8735742603841049,0.0,0,100
C_weaker_ordinal_smoothness,20,5,ordinal_cluster,3,1178,0.9456706281833617,2.206281833616299,2.206281833616299,0,0.0,0.0,0.726019181695056,0.0,0,100
C_weaker_ordinal_smoothness,20,5,ordinal_cluster,2,1149,0.8407310704960835,2.2071366405570063,2.2071366405570063,0,0.0,0.0,0.6403090187399629,0.0,0,100
C_weaker_ordinal_smoothness,20,5,ordinal_cluster,1,1190,0.934453781512605,2.0512605042016805,2.0512605042016805,0,0.0,0.0,0.6464078738489591,0.0,0,100
C_weaker_ordinal_smoothness,20,5,ordinal_cluster,0,277,0.9422382671480144,1.555956678700361,1.555956678700361,0,0.0,0.0,0.5878901885404749,0.0,0,20
C_weaker_ordinal_smoothness,20,5,ordinal_cluster,4,1206,0.8946932006633499,1.644278606965174,1.644278606965174,0,0.0,0.0,0.6969723133375142,0.0,0,100
C_weaker_ordinal_smoothness,20,5,input_dependent_nonordinal,3,1178,0.9168081494057725,2.2911714770797964,2.2911714770797964,0,0.5979493643310084,0.025670175154927612,0.006982549011791739,0.025670175154927612,0,100
C_weaker_ordinal_smoothness,20,5,input_dependent_nonordinal,2,1149,0.9225413402959095,2.11053089643168,2.11053089643168,0,0.7618836964978529,0.01994032444352223,0.046909432258441686,0.01994032444352223,0,100
C_weaker_ordinal_smoothness,20,5,input_dependent_nonordinal,1,1190,0.9117647058823529,2.2243697478991598,2.2243697478991598,0,0.5188923405977263,0.018586114408010404,0.027746598524044097,0.018586114408010404,0,100
C_weaker_ordinal_smoothness,20,5,input_dependent_nonordinal,0,277,0.9783393501805054,1.483754512635379,1.483754512635379,0,0.42599343197205686,0.03598523235227328,0.20252358546044213,0.03598523235227328,0,20
C_weaker_ordinal_smoothness,20,5,input_dependent_nonordinal,4,1206,0.9212271973466003,1.5845771144278606,1.5845771144278606,0,0.707371796990128,0.018884032934027798,0.034851588267789335,0.018884032934027798,0,100
C_weaker_ordinal_smoothness,20,5,input_dependent_ordinal,3,1178,0.9074702886247877,2.2724957555178267,2.2724957555178267,0,0.6657855094906957,0.020510533029869875,-0.08526847447530445,0.020510533029869875,0,100
C_weaker_ordinal_smoothness,20,5,input_dependent_ordinal,2,1149,0.9216710182767625,2.0948651000870324,2.0948651000870324,0,0.6171305311992228,0.02107961228432821,0.19107242852435857,0.02107961228432821,0,100
C_weaker_ordinal_smoothness,20,5,input_dependent_ordinal,1,1190,0.9235294117647059,2.250420168067227,2.250420168067227,0,0.5689853420192371,0.02127964858301821,-0.007917207626863987,0.02127964858301821,0,100
C_weaker_ordinal_smoothness,20,5,input_dependent_ordinal,0,277,0.9819494584837545,1.5018050541516246,1.5018050541516246,0,0.5065213112166296,0.024194280399071653,0.14889318211578273,0.024194280399071653,0,20
C_weaker_ordinal_smoothness,20,5,input_dependent_ordinal,4,1206,0.9162520729684909,1.5580431177446104,1.5580431177446104,0,0.7163383408566933,0.020771181737246375,0.01775649364464227,0.020771181737246375,0,100
C_weaker_ordinal_smoothness,20,6,independent_mondrian,1,1216,0.897203947368421,1.700657894736842,1.700657894736842,0,0.0,0.0,0.5199364361439401,0.0,0,100
C_weaker_ordinal_smoothness,20,6,independent_mondrian,3,1188,0.8998316498316499,1.9898989898989898,1.9898989898989898,0,0.0,0.0,0.619551448902281,0.0,0,100
C_weaker_ordinal_smoothness,20,6,independent_mondrian,0,233,0.7896995708154506,1.2145922746781115,1.2145922746781115,0,0.0,0.0,0.34966106717324813,0.0,0,20
C_weaker_ordinal_smoothness,20,6,independent_mondrian,2,1152,0.8454861111111112,1.8845486111111112,1.8845486111111112,0,0.0,0.0,0.6429203139380258,0.0,0,100
C_weaker_ordinal_smoothness,20,6,independent_mondrian,4,1211,0.8257638315441783,1.436003303055326,1.436003303055326,0,0.0,0.0,0.606340348646202,0.0,0,100
C_weaker_ordinal_smoothness,20,6,ordinal_cluster,1,1216,0.9226973684210527,1.814967105263158,1.814967105263158,0,0.0,0.0,0.5616927701426492,0.0,0,100
C_weaker_ordinal_smoothness,20,6,ordinal_cluster,3,1188,0.8998316498316499,1.9385521885521886,1.9385521885521886,0,0.0,0.0,0.619370085944843,0.0,0,100
C_weaker_ordinal_smoothness,20,6,ordinal_cluster,0,233,0.9098712446351931,1.4034334763948497,1.4034334763948497,0,0.0,0.0,0.5005793694155002,0.0,0,20
C_weaker_ordinal_smoothness,20,6,ordinal_cluster,2,1152,0.8151041666666666,1.9296875,1.9296875,0,0.0,0.0,0.5980073208085054,0.0,0,100
C_weaker_ordinal_smoothness,20,6,ordinal_cluster,4,1211,0.8257638315441783,1.4269199009083402,1.4269199009083402,0,0.0,0.0,0.606340348646202,0.0,0,100
C_weaker_ordinal_smoothness,20,6,input_dependent_nonordinal,1,1216,0.8536184210526315,1.6726973684210527,1.6726973684210527,0,0.5015903043690898,0.01868820680202415,-0.04709090796128418,0.01868820680202415,0,100
C_weaker_ordinal_smoothness,20,6,input_dependent_nonordinal,3,1188,0.9082491582491582,1.8594276094276094,1.8594276094276094,0,0.582656824755467,0.023127074222502625,0.015714822284035757,0.023127074222502625,0,100
C_weaker_ordinal_smoothness,20,6,input_dependent_nonordinal,0,233,0.8669527896995708,1.2832618025751072,1.2832618025751072,0,0.4822183085950464,0.025096637573152974,-0.05198984783461369,0.025096637573152974,0,20
C_weaker_ordinal_smoothness,20,6,input_dependent_nonordinal,2,1152,0.8081597222222222,1.8472222222222223,1.8472222222222223,0,0.7719314528374257,0.025072061886562524,-0.15644787353167644,0.025072061886562524,0,100
C_weaker_ordinal_smoothness,20,6,input_dependent_nonordinal,4,1211,0.833195706028076,1.398018166804294,1.398018166804294,0,0.7107643933279019,0.03671782701166866,-0.09739100266211781,0.03671782701166866,0,100
C_weaker_ordinal_smoothness,20,6,input_dependent_ordinal,1,1216,0.8651315789473685,1.618421052631579,1.618421052631579,0,0.5583800665639965,0.02166781770601516,-0.09170995297699638,0.02166781770601516,0,100
C_weaker_ordinal_smoothness,20,6,input_dependent_ordinal,3,1188,0.8973063973063973,1.8333333333333333,1.8333333333333333,0,0.6627116302304566,0.02802388758885463,-0.08089296308371152,0.02802388758885463,0,100
C_weaker_ordinal_smoothness,20,6,input_dependent_ordinal,0,233,0.8068669527896996,1.240343347639485,1.240343347639485,0,0.5160597155655042,0.015200127138178003,-0.14642249451783898,0.015200127138178006,0,20
C_weaker_ordinal_smoothness,20,6,input_dependent_ordinal,2,1152,0.8133680555555556,1.8116319444444444,1.8116319444444444,0,0.6196493249595092,0.023389548501526414,-0.0017031378993520585,0.023389548501526414,0,100
C_weaker_ordinal_smoothness,20,6,input_dependent_ordinal,4,1211,0.8232865400495458,1.3724194880264244,1.3724194880264244,0,0.710353796743838,0.03128307182820875,-0.11512388863497286,0.03128307182820875,0,100
C_weaker_ordinal_smoothness,20,7,independent_mondrian,3,1207,0.923777961888981,2.164043082021541,2.164043082021541,0,0.0,0.0,0.6283096903376931,0.0,0,100
C_weaker_ordinal_smoothness,20,7,independent_mondrian,1,1192,0.8850671140939598,2.1191275167785233,2.1191275167785233,0,0.0,0.0,0.5094317569417861,0.0,0,100
C_weaker_ordinal_smoothness,20,7,independent_mondrian,4,1193,0.8709136630343671,1.5389773679798826,1.5389773679798826,0,0.0,0.0,0.6549846822684341,0.0,0,100
C_weaker_ordinal_smoothness,20,7,independent_mondrian,2,1177,0.8802039082412915,2.02463891248938,2.02463891248938,0,0.0,0.0,0.703311413413141,0.0,0,100
C_weaker_ordinal_smoothness,20,7,independent_mondrian,0,231,0.9437229437229437,1.341991341991342,1.341991341991342,0,0.0,0.0,0.6422246378938271,0.0,0,20
C_weaker_ordinal_smoothness,20,7,ordinal_cluster,3,1207,0.9270919635459818,2.063794531897266,2.063794531897266,0,0.0,0.0,0.6487114939471477,0.0,0,100
C_weaker_ordinal_smoothness,20,7,ordinal_cluster,1,1192,0.9412751677852349,1.8884228187919463,1.8884228187919463,0,0.0,0.0,0.6404668366487104,0.0,0,100
C_weaker_ordinal_smoothness,20,7,ordinal_cluster,4,1193,0.8524727577535625,1.5222129086336966,1.5222129086336966,0,0.0,0.0,0.6287858185858971,0.0,0,100
C_weaker_ordinal_smoothness,20,7,ordinal_cluster,2,1177,0.8402718776550552,2.0739167374681395,2.0739167374681395,0,0.0,0.0,0.6287858185858971,0.0,0,100
C_weaker_ordinal_smoothness,20,7,ordinal_cluster,0,231,0.9047619047619048,1.4848484848484849,1.4848484848484849,0,0.0,0.0,0.5094317569417861,0.0,0,20
C_weaker_ordinal_smoothness,20,7,input_dependent_nonordinal,3,1207,0.8947804473902237,1.9502899751449876,1.9502899751449876,0,0.5814668043533919,0.03201728074975955,-0.023072327076042676,0.03201728074975955,0,100
C_weaker_ordinal_smoothness,20,7,input_dependent_nonordinal,1,1192,0.9085570469798657,1.8389261744966443,1.8389261744966443,0,0.5291847813362965,0.0220757124317404,0.00753482289202545,0.0220757124317404,0,100
C_weaker_ordinal_smoothness,20,7,input_dependent_nonordinal,4,1193,0.8407376362112322,1.4266554903604358,1.4266554903604358,0,0.6956904255327592,0.018976446573095124,-0.08845913960835883,0.018976446573095124,0,100
C_weaker_ordinal_smoothness,20,7,input_dependent_nonordinal,2,1177,0.8530161427357689,1.8903993203058624,1.8903993203058624,0,0.7616433139342809,0.02241384354152945,-0.10881724014085536,0.02241384354152945,0,100
C_weaker_ordinal_smoothness,20,7,input_dependent_nonordinal,0,231,0.9177489177489178,1.3376623376623376,1.3376623376623376,0,0.4193440606851317,0.018702974432125156,0.07965297501434926,0.018702974432125145,0,20
C_weaker_ordinal_smoothness,20,7,input_dependent_ordinal,3,1207,0.9047224523612262,1.9743164871582435,1.9743164871582435,0,0.6582364890611392,0.023733181057645783,-0.09690174386423045,0.023733181057645783,0,100
C_weaker_ordinal_smoothness,20,7,input_dependent_ordinal,1,1192,0.9085570469798657,1.8414429530201342,1.8414429530201342,0,0.5739340047322811,0.023307356689219228,-0.032555977507480516,0.023307356689219228,0,100
C_weaker_ordinal_smoothness,20,7,input_dependent_ordinal,4,1193,0.8466051969823973,1.4400670578373846,1.4400670578373846,0,0.700977729113583,0.0230163584519715,-0.08044738221095543,0.0230163584519715,0,100
C_weaker_ordinal_smoothness,20,7,input_dependent_ordinal,2,1177,0.8504672897196262,1.907391673746814,1.907391673746814,0,0.6136655807253447,0.0236503299103026,0.03778664428397316,0.0236503299103026,0,100
C_weaker_ordinal_smoothness,20,7,input_dependent_ordinal,0,231,0.9177489177489178,1.3376623376623376,1.3376623376623376,0,0.5177801586863998,0.023246660618792894,-0.009999788426103884,0.023246660618792894,0,20
C_weaker_ordinal_smoothness,20,8,independent_mondrian,3,1199,0.9666388657214345,2.322768974145121,2.322768974145121,0,0.0,0.0,0.8270219622621937,0.0,0,100
C_weaker_ordinal_smoothness,20,8,independent_mondrian,4,1238,0.932956381260097,1.7827140549273022,1.7827140549273022,0,0.0,0.0,0.8250082077001526,0.0,0,100
C_weaker_ordinal_smoothness,20,8,independent_mondrian,2,1148,0.8571428571428571,2.347560975609756,2.347560975609756,0,0.0,0.0,0.6738387254480338,0.0,0,100
C_weaker_ordinal_smoothness,20,8,independent_mondrian,1,1169,0.9016253207869974,2.3028229255774164,2.3028229255774164,0,0.0,0.0,0.573870539288061,0.0,0,100
C_weaker_ordinal_smoothness,20,8,independent_mondrian,0,246,0.975609756097561,1.467479674796748,1.467479674796748,0,0.0,0.0,0.7166589567102098,0.0,0,20
C_weaker_ordinal_smoothness,20,8,ordinal_cluster,3,1199,0.957464553794829,2.3060884070058383,2.3060884070058383,0,0.0,0.0,0.7473676938221795,0.0,0,100
C_weaker_ordinal_smoothness,20,8,ordinal_cluster,4,1238,0.932956381260097,1.7180936995153473,1.7180936995153473,0,0.0,0.0,0.8250082077001526,0.0,0,100
C_weaker_ordinal_smoothness,20,8,ordinal_cluster,2,1148,0.8466898954703833,2.2517421602787455,2.2517421602787455,0,0.0,0.0,0.6602233918114535,0.0,0,100
C_weaker_ordinal_smoothness,20,8,ordinal_cluster,1,1169,0.9178785286569717,2.0778443113772456,2.0778443113772456,0,0.0,0.0,0.6005743116856226,0.0,0,100
C_weaker_ordinal_smoothness,20,8,ordinal_cluster,0,246,0.9471544715447154,1.5121951219512195,1.5121951219512195,0,0.0,0.0,0.5897440944926584,0.0,0,20
C_weaker_ordinal_smoothness,20,8,input_dependent_nonordinal,3,1199,0.9716430358632193,2.128440366972477,2.128440366972477,0,0.590027951625681,0.024188539785742272,0.1790037081639323,0.024188539785742272,0,100
C_weaker_ordinal_smoothness,20,8,input_dependent_nonordinal,4,1238,0.9224555735056543,1.7059773828756057,1.7059773828756057,0,0.7266837041478108,0.02859651378858695,0.025290601415382197,0.02859651378858695,0,100
C_weaker_ordinal_smoothness,20,8,input_dependent_nonordinal,2,1148,0.8501742160278746,2.1341463414634148,2.1341463414634148,0,0.7238175092701205,0.020754841683366252,-0.07239245975728104,0.020754841683366252,0,100
C_weaker_ordinal_smoothness,20,8,input_dependent_nonordinal,1,1169,0.8588537211291702,1.9948674080410607,1.9948674080410607,0,0.522632324701265,0.02589473465152137,-0.030521149494691813,0.02589473465152137,0,100
C_weaker_ordinal_smoothness,20,8,input_dependent_nonordinal,0,246,0.9796747967479674,1.3658536585365855,1.3658536585365855,0,0.40724791603774363,0.020070977768962692,0.21656794570231364,0.020070977768962692,0,20
C_weaker_ordinal_smoothness,20,8,input_dependent_ordinal,3,1199,0.9708090075062552,2.121768140116764,2.121768140116764,0,0.6650635189499692,0.02507229681813385,0.10042023044029735,0.02507229681813385,0,100
C_weaker_ordinal_smoothness,20,8,input_dependent_ordinal,4,1238,0.9248788368336026,1.7084006462035541,1.7084006462035541,0,0.7201873362629206,0.02608347438470014,0.04043736739422843,0.02608347438470014,0,100
C_weaker_ordinal_smoothness,20,8,input_dependent_ordinal,2,1148,0.8432055749128919,2.1263066202090593,2.1263066202090593,0,0.6070277822984186,0.023657140492816715,0.0389749519465713,0.023657140492816715,0,100
C_weaker_ordinal_smoothness,20,8,input_dependent_ordinal,1,1169,0.8674080410607357,1.9726261762189905,1.9726261762189905,0,0.5507156160546639,0.02266118960558947,-0.05939566666812185,0.02266118960558947,0,100
C_weaker_ordinal_smoothness,20,8,input_dependent_ordinal,0,246,0.9796747967479674,1.3617886178861789,1.3617886178861789,0,0.4829329464336893,0.02321179066696095,0.12380809168379192,0.02321179066696095,0,20
C_weaker_ordinal_smoothness,20,9,independent_mondrian,3,1207,0.9171499585749793,2.24109362054681,2.24109362054681,0,0.0,0.0,0.6407604707537105,0.0,0,100
C_weaker_ordinal_smoothness,20,9,independent_mondrian,4,1204,0.9169435215946844,1.5398671096345515,1.5398671096345515,0,0.0,0.0,0.7169092626046742,0.0,0,100
C_weaker_ordinal_smoothness,20,9,independent_mondrian,2,1155,0.8883116883116883,2.188744588744589,2.188744588744589,0,0.0,0.0,0.7273328033911796,0.0,0,100
C_weaker_ordinal_smoothness,20,9,independent_mondrian,0,252,0.9801587301587301,1.5912698412698412,1.5912698412698412,0,0.0,0.0,0.6500615504055473,0.0,0,20
C_weaker_ordinal_smoothness,20,9,independent_mondrian,1,1182,0.9238578680203046,2.2140439932318103,2.2140439932318103,0,0.0,0.0,0.6097770325867636,0.0,0,100
C_weaker_ordinal_smoothness,20,9,ordinal_cluster,3,1207,0.9337199668599834,2.1209610604805302,2.1209610604805302,0,0.0,0.0,0.6770839651645848,0.0,0,100
C_weaker_ordinal_smoothness,20,9,ordinal_cluster,4,1204,0.9019933554817275,1.532392026578073,1.532392026578073,0,0.0,0.0,0.6648949249659011,0.0,0,100
C_weaker_ordinal_smoothness,20,9,ordinal_cluster,2,1155,0.8458874458874459,2.172294372294372,2.172294372294372,0,0.0,0.0,0.648003214769157,0.0,0,100
C_weaker_ordinal_smoothness,20,9,ordinal_cluster,0,252,0.9801587301587301,1.6468253968253967,1.6468253968253967,0,0.0,0.0,0.6097770325867636,0.0,0,20
C_weaker_ordinal_smoothness,20,9,ordinal_cluster,1,1182,0.9357021996615905,2.0702199661590526,2.0702199661590526,0,0.0,0.0,0.6500615504055473,0.0,0,100
C_weaker_ordinal_smoothness,20,9,input_dependent_nonordinal,3,1207,0.9287489643744822,2.1549295774647885,2.1549295774647885,0,0.6143573530176328,0.03301683140186848,0.025179764851187114,0.03301683140186848,0,100
C_weaker_ordinal_smoothness,20,9,input_dependent_nonordinal,4,1204,0.9194352159468439,1.5573089700996678,1.5573089700996678,0,0.6938208146576496,0.023367076903802235,0.03341989258777733,0.023367076903802235,0,100
C_weaker_ordinal_smoothness,20,9,input_dependent_nonordinal,2,1155,0.8909090909090909,2.036363636363636,2.036363636363636,0,0.7650340548947223,0.025080115589888322,-0.04585693924112588,0.025080115589888322,0,100
C_weaker_ordinal_smoothness,20,9,input_dependent_nonordinal,0,252,0.9603174603174603,1.4206349206349207,1.4206349206349207,0,0.4566300236597136,0.020111840630773228,0.037097933561197616,0.020111840630773228,0,20
C_weaker_ordinal_smoothness,20,9,input_dependent_nonordinal,1,1182,0.9094754653130288,1.972927241962775,1.972927241962775,0,0.536536406801205,0.02431127953826403,0.008215507735885086,0.02431127953826403,0,100
C_weaker_ordinal_smoothness,20,9,input_dependent_ordinal,3,1207,0.9287489643744822,2.1532725766362883,2.1532725766362883,0,0.6674019333381697,0.026849479856658757,-0.025812428377591068,0.026849479856658757,0,100
C_weaker_ordinal_smoothness,20,9,input_dependent_ordinal,4,1204,0.9186046511627907,1.5573089700996678,1.5573089700996678,0,0.7117290520355284,0.02647655313873606,0.019687845563287176,0.02647655313873606,0,100
C_weaker_ordinal_smoothness,20,9,input_dependent_ordinal,2,1155,0.8926406926406927,2.0406926406926407,2.0406926406926407,0,0.6267754058162616,0.025736665404968335,0.09353169110105353,0.025736665404968335,0,100
C_weaker_ordinal_smoothness,20,9,input_dependent_ordinal,0,252,0.9563492063492064,1.4285714285714286,1.4285714285714286,0,0.537224475681648,0.02190536296140953,-0.05309387850840119,0.02190536296140953,0,20
C_weaker_ordinal_smoothness,20,9,input_dependent_ordinal,1,1182,0.9094754653130288,1.9661590524534687,1.9661590524534687,0,0.5956504626694419,0.024236796812468035,-0.05087832178079321,0.024236796812468035,0,100
C_weaker_ordinal_smoothness,20,10,independent_mondrian,1,1197,0.8295739348370927,1.9323308270676691,1.9323308270676691,0,0.0,0.0,0.45005687152061746,0.0,0,100
C_weaker_ordinal_smoothness,20,10,independent_mondrian,3,1197,0.8462823725981621,2.172096908939014,2.172096908939014,0,0.0,0.0,0.5042650710244271,0.0,0,100
C_weaker_ordinal_smoothness,20,10,independent_mondrian,2,1135,0.8801762114537445,1.8273127753303964,1.8273127753303964,0,0.0,0.0,0.7333995950610945,0.0,0,100
C_weaker_ordinal_smoothness,20,10,independent_mondrian,0,274,0.9452554744525548,1.2518248175182483,1.2518248175182483,0,0.0,0.0,0.5221250805711483,0.0,0,20
C_weaker_ordinal_smoothness,20,10,independent_mondrian,4,1197,0.9005847953216374,1.4603174603174602,1.4603174603174602,0,0.0,0.0,0.7269130351375285,0.0,0,100
C_weaker_ordinal_smoothness,20,10,ordinal_cluster,1,1197,0.9039264828738512,1.6934001670843777,1.6934001670843777,0,0.0,0.0,0.5735368853151087,0.0,0,100
C_weaker_ordinal_smoothness,20,10,ordinal_cluster,3,1197,0.9398496240601504,1.994987468671679,1.994987468671679,0,0.0,0.0,0.6824789859187416,0.0,0,100
C_weaker_ordinal_smoothness,20,10,ordinal_cluster,2,1135,0.7770925110132159,1.9955947136563876,1.9955947136563876,0,0.0,0.0,0.5455627719717183,0.0,0,100
C_weaker_ordinal_smoothness,20,10,ordinal_cluster,0,274,0.8905109489051095,1.3284671532846715,1.3284671532846715,0,0.0,0.0,0.45005687152061746,0.0,0,20
C_weaker_ordinal_smoothness,20,10,ordinal_cluster,4,1197,0.8847117794486216,1.5472013366750208,1.5472013366750208,0,0.0,0.0,0.6778226090396372,0.0,0,100
C_weaker_ordinal_smoothness,20,10,input_dependent_nonordinal,1,1197,0.8579782790309106,1.7969924812030076,1.7969924812030076,0,0.521840566501727,0.02246135748729296,-0.048271351913098504,0.02246135748729296,0,100
C_weaker_ordinal_smoothness,20,10,input_dependent_nonordinal,3,1197,0.8872180451127819,1.9632414369256475,1.9632414369256475,0,0.59264134757437,0.02729860704877486,-0.030486891139285266,0.02729860704877486,0,100
C_weaker_ordinal_smoothness,20,10,input_dependent_nonordinal,2,1135,0.8220264317180617,1.770044052863436,1.770044052863436,0,0.7070129221349308,0.023790823136274418,-0.08502775504033622,0.023790823136274418,0,100
C_weaker_ordinal_smoothness,20,10,input_dependent_nonordinal,0,274,0.9635036496350365,1.281021897810219,1.281021897810219,0,0.42671502287606605,0.028478069249110605,0.11069985692531431,0.028478069249110605,0,20
C_weaker_ordinal_smoothness,20,10,input_dependent_nonordinal,4,1197,0.8922305764411027,1.4653299916457811,1.4653299916457811,0,0.7159332120310928,0.01549286175708182,-0.0474398178678741,0.01549286175708182,0,100
C_weaker_ordinal_smoothness,20,10,input_dependent_ordinal,1,1197,0.8596491228070176,1.7811194653299915,1.7811194653299915,0,0.5521486278733679,0.024902064656035495,-0.06970705849179237,0.024902064656035495,0,100
C_weaker_ordinal_smoothness,20,10,input_dependent_ordinal,3,1197,0.8705096073517126,1.948203842940685,1.948203842940685,0,0.6650862340198156,0.021078626150482234,-0.13604488625375177,0.021078626150482234,0,100
C_weaker_ordinal_smoothness,20,10,input_dependent_ordinal,2,1135,0.8185022026431719,1.7462555066079295,1.7462555066079295,0,0.5931454104373779,0.022560412009332925,0.025562316583200462,0.022560412009332925,0,100
C_weaker_ordinal_smoothness,20,10,input_dependent_ordinal,0,274,0.9635036496350365,1.281021897810219,1.281021897810219,0,0.4964917550614565,0.027100718445499446,0.040548794516329034,0.027100718445499446,0,20
C_weaker_ordinal_smoothness,20,10,input_dependent_ordinal,4,1197,0.8964076858813701,1.4411027568922306,1.4411027568922306,0,0.7107572527997335,0.018553591387403846,-0.03389136231526357,0.018553591387403846,0,100
C_weaker_ordinal_smoothness,20,11,independent_mondrian,0,245,0.8693877551020408,1.6040816326530611,1.6040816326530611,0,0.0,0.0,0.4802533018002334,0.0,0,20
C_weaker_ordinal_smoothness,20,11,independent_mondrian,2,1232,0.9204545454545454,2.205357142857143,2.205357142857143,0,0.0,0.0,0.8038981420281799,0.0,0,100
C_weaker_ordinal_smoothness,20,11,independent_mondrian,4,1203,0.9044056525353283,1.6051537822111388,1.6051537822111388,0,0.0,0.0,0.7118831517074642,0.0,0,100
C_weaker_ordinal_smoothness,20,11,independent_mondrian,1,1160,0.9551724137931035,2.1043103448275864,2.1043103448275864,0,0.0,0.0,0.660233340027674,0.0,0,100
C_weaker_ordinal_smoothness,20,11,independent_mondrian,3,1160,0.9241379310344827,2.3491379310344827,2.3491379310344827,0,0.0,0.0,0.6551950892380087,0.0,0,100
C_weaker_ordinal_smoothness,20,11,ordinal_cluster,0,245,0.9183673469387755,1.6653061224489796,1.6653061224489796,0,0.0,0.0,0.6330758580987916,0.0,0,20
C_weaker_ordinal_smoothness,20,11,ordinal_cluster,2,1232,0.8676948051948052,2.2564935064935066,2.2564935064935066,0,0.0,0.0,0.6877553001885165,0.0,0,100
C_weaker_ordinal_smoothness,20,11,ordinal_cluster,4,1203,0.8819617622610141,1.5868661679135494,1.5868661679135494,0,0.0,0.0,0.6715884075496267,0.0,0,100
C_weaker_ordinal_smoothness,20,11,ordinal_cluster,1,1160,0.9612068965517241,2.18448275862069,2.18448275862069,0,0.0,0.0,0.6877553001885165,0.0,0,100
C_weaker_ordinal_smoothness,20,11,ordinal_cluster,3,1160,0.9431034482758621,2.2241379310344827,2.2241379310344827,0,0.0,0.0,0.7054894864829506,0.0,0,100
C_weaker_ordinal_smoothness,20,11,input_dependent_nonordinal,0,245,0.8244897959183674,1.3959183673469389,1.3959183673469389,0,0.5000690650863789,0.02259731806506201,-0.08852133737708912,0.02259731806506201,0,20
C_weaker_ordinal_smoothness,20,11,input_dependent_nonordinal,2,1232,0.9237012987012987,2.0251623376623376,2.0251623376623376,0,0.7492166907403347,0.020599730340832588,0.04003323893840627,0.020599730340832588,0,100
C_weaker_ordinal_smoothness,20,11,input_dependent_nonordinal,4,1203,0.9093931837073982,1.5070656691604323,1.5070656691604323,0,0.7103124738233715,0.021049075234033078,-0.003638503515638436,0.021049075234033078,0,100
C_weaker_ordinal_smoothness,20,11,input_dependent_nonordinal,1,1160,0.9310344827586207,1.986206896551724,1.986206896551724,0,0.5205087491373261,0.0211870201360717,0.060016118362489546,0.0211870201360717,0,100
C_weaker_ordinal_smoothness,20,11,input_dependent_nonordinal,3,1160,0.8896551724137931,2.1887931034482757,2.1887931034482757,0,0.6045034596459039,0.02713674240461123,-0.03273160643113848,0.02713674240461123,0,100
C_weaker_ordinal_smoothness,20,11,input_dependent_ordinal,0,245,0.8285714285714286,1.3918367346938776,1.3918367346938776,0,0.5214187468404079,0.021096472714095645,-0.1117853738966943,0.021096472714095645,0,20
C_weaker_ordinal_smoothness,20,11,input_dependent_ordinal,2,1232,0.9261363636363636,2.034090909090909,2.034090909090909,0,0.6214182079912229,0.022930514895140745,0.17973106902091224,0.022930514895140745,0,100
C_weaker_ordinal_smoothness,20,11,input_dependent_ordinal,4,1203,0.912718204488778,1.5178719866999169,1.5178719866999169,0,0.7123809363681628,0.02309586092851026,-0.0007437041618008067,0.02309586092851026,0,100
C_weaker_ordinal_smoothness,20,11,input_dependent_ordinal,1,1160,0.9301724137931034,1.9965517241379311,1.9965517241379311,0,0.5753484903306763,0.022182483022502395,0.002832341647509451,0.022182483022502395,0,100
C_weaker_ordinal_smoothness,20,11,input_dependent_ordinal,3,1160,0.8939655172413793,2.206896551724138,2.206896551724138,0,0.6632830342233631,0.022356097909399176,-0.09264345320572165,0.022356097909399176,0,100
C_weaker_ordinal_smoothness,20,12,independent_mondrian,3,1208,0.8725165562913907,2.4809602649006623,2.4809602649006623,0,0.0,0.0,0.5265260992061692,0.0,0,100
C_weaker_ordinal_smoothness,20,12,independent_mondrian,2,1213,0.9332234130255564,1.9530090684253916,1.9530090684253916,0,0.0,0.0,0.9107364006750259,0.0,0,100
C_weaker_ordinal_smoothness,20,12,independent_mondrian,1,1175,0.8408510638297872,1.8808510638297873,1.8808510638297873,0,0.0,0.0,0.4687983888117627,0.0,0,100
C_weaker_ordinal_smoothness,20,12,independent_mondrian,4,1169,0.9298545765611634,1.5970915312232679,1.5970915312232679,0,0.0,0.0,0.8191366269920478,0.0,0,100
C_weaker_ordinal_smoothness,20,12,independent_mondrian,0,235,0.7446808510638298,1.0936170212765957,1.0936170212765957,0,0.0,0.0,0.30876956362598107,0.0,0,20
C_weaker_ordinal_smoothness,20,12,ordinal_cluster,3,1208,0.9610927152317881,2.251655629139073,2.251655629139073,0,0.0,0.0,0.7703837984919927,0.0,0,100
C_weaker_ordinal_smoothness,20,12,ordinal_cluster,2,1213,0.8408903544929925,2.272877164056059,2.272877164056059,0,0.0,0.0,0.6621980472937667,0.0,0,100
C_weaker_ordinal_smoothness,20,12,ordinal_cluster,1,1175,0.9480851063829787,1.9497872340425533,1.9497872340425533,0,0.0,0.0,0.7153695477261036,0.0,0,100
C_weaker_ordinal_smoothness,20,12,ordinal_cluster,4,1169,0.8845166809238666,1.6501283147989734,1.6501283147989734,0,0.0,0.0,0.708760119902852,0.0,0,100
C_weaker_ordinal_smoothness,20,12,ordinal_cluster,0,235,0.8978723404255319,1.5617021276595744,1.5617021276595744,0,0.0,0.0,0.46606861186238563,0.0,0,20
C_weaker_ordinal_smoothness,20,12,input_dependent_nonordinal,3,1208,0.8791390728476821,2.3286423841059603,2.3286423841059603,0,0.5855363180423667,0.019038525183304508,-0.04723754631080401,0.019038525183304508,0,100
C_weaker_ordinal_smoothness,20,12,input_dependent_nonordinal,2,1213,0.9010717230008244,1.9925803792250618,1.9925803792250618,0,0.7407755606439099,0.023348136812174004,0.053746307501703394,0.023348136812174004,0,100
C_weaker_ordinal_smoothness,20,12,input_dependent_nonordinal,1,1175,0.8825531914893617,1.851063829787234,1.851063829787234,0,0.5066073166587531,0.018895109681080734,0.000130959320044699,0.018895109681080734,0,100
C_weaker_ordinal_smoothness,20,12,input_dependent_nonordinal,4,1169,0.9392643284858854,1.5440547476475621,1.5440547476475621,0,0.6876574034501692,0.027087138284376103,0.14334037201046368,0.027087138284376103,0,100
C_weaker_ordinal_smoothness,20,12,input_dependent_nonordinal,0,235,0.7021276595744681,1.0680851063829788,1.0680851063829788,0,0.45240495692178956,0.023955044957708997,-0.14339008686093566,0.023955044957708997,0,20
C_weaker_ordinal_smoothness,20,12,input_dependent_ordinal,3,1208,0.8841059602649006,2.3153973509933774,2.3153973509933774,0,0.6494335036159096,0.02206567507612736,-0.0985757179592005,0.02206567507612736,0,100
C_weaker_ordinal_smoothness,20,12,input_dependent_ordinal,2,1213,0.8985985160758451,1.9843363561417973,1.9843363561417973,0,0.6024678657417446,0.020422236905233634,0.18225988538741622,0.020422236905233634,0,100
C_weaker_ordinal_smoothness,20,12,input_dependent_ordinal,1,1175,0.8825531914893617,1.8017021276595744,1.8017021276595744,0,0.5590797282138498,0.018774619113400455,-0.0524626134690076,0.018774619113400455,0,100
C_weaker_ordinal_smoothness,20,12,input_dependent_ordinal,4,1169,0.9341317365269461,1.5431993156544055,1.5431993156544055,0,0.6920760069388794,0.023906671122014573,0.12294328637828855,0.023906671122014573,0,100
C_weaker_ordinal_smoothness,20,12,input_dependent_ordinal,0,235,0.6638297872340425,1.0297872340425531,1.0297872340425531,0,0.5059369997869803,0.01696283385898344,-0.23129204339405604,0.01696283385898344,0,20
C_weaker_ordinal_smoothness,20,13,independent_mondrian,3,1214,0.9250411861614497,2.3336079077429983,2.3336079077429983,0,0.0,0.0,0.6542368051223553,0.0,0,100
C_weaker_ordinal_smoothness,20,13,independent_mondrian,2,1200,0.8933333333333333,2.1233333333333335,2.1233333333333335,0,0.0,0.0,0.7864895476281536,0.0,0,100
C_weaker_ordinal_smoothness,20,13,independent_mondrian,0,235,0.825531914893617,1.374468085106383,1.374468085106383,0,0.0,0.0,0.39999789500609945,0.0,0,20
C_weaker_ordinal_smoothness,20,13,independent_mondrian,1,1187,0.9267059814658803,1.9629317607413648,1.9629317607413648,0,0.0,0.0,0.5933210523787803,0.0,0,100
C_weaker_ordinal_smoothness,20,13,independent_mondrian,4,1164,0.8986254295532646,1.6056701030927836,1.6056701030927836,0,0.0,0.0,0.7478869999101172,0.0,0,100
C_weaker_ordinal_smoothness,20,13,ordinal_cluster,3,1214,0.9481054365733114,2.1523887973640856,2.1523887973640856,0,0.0,0.0,0.7457193796636075,0.0,0,100
C_weaker_ordinal_smoothness,20,13,ordinal_cluster,2,1200,0.825,2.1958333333333333,2.1958333333333333,0,0.0,0.0,0.649516427199851,0.0,0,100
C_weaker_ordinal_smoothness,20,13,ordinal_cluster,0,235,0.9361702127659575,1.5148936170212766,1.5148936170212766,0,0.0,0.0,0.5780011358750954,0.0,0,20
C_weaker_ordinal_smoothness,20,13,ordinal_cluster,1,1187,0.9460825610783488,2.0614995787700083,2.0614995787700083,0,0.0,0.0,0.6409797707390575,0.0,0,100
C_weaker_ordinal_smoothness,20,13,ordinal_cluster,4,1164,0.8694158075601375,1.604810996563574,1.604810996563574,0,0.0,0.0,0.6782104172080049,0.0,0,100
C_weaker_ordinal_smoothness,20,13,input_dependent_nonordinal,3,1214,0.9217462932454695,2.260296540362438,2.260296540362438,0,0.5763541318428049,0.02459468653100334,0.06189767861133111,0.02459468653100334,0,100
C_weaker_ordinal_smoothness,20,13,input_dependent_nonordinal,2,1200,0.91,2.0575,2.0575,0,0.7692861462854204,0.027625552964122453,0.023882319775068606,0.027625552964122453,0,100
C_weaker_ordinal_smoothness,20,13,input_dependent_nonordinal,0,235,0.8127659574468085,1.3021276595744682,1.3021276595744682,0,0.44926556533368533,0.026803194918465566,-0.051332181257013554,0.026803194918465566,0,20
C_weaker_ordinal_smoothness,20,13,input_dependent_nonordinal,1,1187,0.8972198820556023,1.9165964616680708,1.9165964616680708,0,0.5199178510089721,0.02460940889502172,0.0010811672299162467,0.02460940889502172,0,100
C_weaker_ordinal_smoothness,20,13,input_dependent_nonordinal,4,1164,0.9209621993127147,1.6134020618556701,1.6134020618556701,0,0.6879190587042627,0.02142741638896937,0.06121231883312517,0.02142741638896937,0,100
C_weaker_ordinal_smoothness,20,13,input_dependent_ordinal,3,1214,0.9217462932454695,2.2627677100494235,2.2627677100494235,0,0.6527285443486862,0.025358950837234672,-0.015397213107373853,0.025358950837234672,0,100
C_weaker_ordinal_smoothness,20,13,input_dependent_ordinal,2,1200,0.9058333333333334,2.0525,2.0525,0,0.6125661795006941,0.025829619959281524,0.17305576829979719,0.025829619959281524,0,100
C_weaker_ordinal_smoothness,20,13,input_dependent_ordinal,0,235,0.8,1.2765957446808511,1.2765957446808511,0,0.5416245596671354,0.029487747484005903,-0.14131487256435532,0.029487747484005903,0,20
C_weaker_ordinal_smoothness,20,13,input_dependent_ordinal,1,1187,0.8930075821398483,1.9048020219039596,1.9048020219039596,0,0.5674001245941536,0.02711005472477608,-0.046470945383246254,0.02711005472477608,0,100
C_weaker_ordinal_smoothness,20,13,input_dependent_ordinal,4,1164,0.9235395189003437,1.6108247422680413,1.6108247422680413,0,0.6938529354070903,0.022663978441644094,0.06226982306229495,0.022663978441644094,0,100
C_weaker_ordinal_smoothness,20,14,independent_mondrian,1,1172,0.8848122866894198,2.0409556313993176,2.0409556313993176,0,0.0,0.0,0.5266687390905836,0.0,0,100
C_weaker_ordinal_smoothness,20,14,independent_mondrian,4,1190,0.8932773109243698,1.5201680672268907,1.5201680672268907,0,0.0,0.0,0.7407295137780473,0.0,0,100
C_weaker_ordinal_smoothness,20,14,independent_mondrian,2,1235,0.8825910931174089,2.0267206477732795,2.0267206477732795,0,0.0,0.0,0.7362876701722504,0.0,0,100
C_weaker_ordinal_smoothness,20,14,independent_mondrian,3,1139,0.8920105355575065,2.2528533801580335,2.2528533801580335,0,0.0,0.0,0.586207250017657,0.0,0,100
C_weaker_ordinal_smoothness,20,14,independent_mondrian,0,264,0.9583333333333334,1.3371212121212122,1.3371212121212122,0,0.0,0.0,0.5656332919515767,0.0,0,20
C_weaker_ordinal_smoothness,20,14,ordinal_cluster,1,1172,0.9522184300341296,2.0187713310580206,2.0187713310580206,0,0.0,0.0,0.6858552344853908,0.0,0,100
C_weaker_ordinal_smoothness,20,14,ordinal_cluster,4,1190,0.8714285714285714,1.5974789915966388,1.5974789915966388,0,0.0,0.0,0.6721917227887573,0.0,0,100
C_weaker_ordinal_smoothness,20,14,ordinal_cluster,2,1235,0.848582995951417,2.223481781376518,2.223481781376518,0,0.0,0.0,0.6683446197737022,0.0,0,100
C_weaker_ordinal_smoothness,20,14,ordinal_cluster,3,1139,0.9429323968393327,2.1791044776119404,2.1791044776119404,0,0.0,0.0,0.7072416683726552,0.0,0,100
C_weaker_ordinal_smoothness,20,14,ordinal_cluster,0,264,0.928030303030303,1.553030303030303,1.553030303030303,0,0.0,0.0,0.5266687390905836,0.0,0,20
C_weaker_ordinal_smoothness,20,14,input_dependent_nonordinal,1,1172,0.8993174061433447,2.0179180887372015,2.0179180887372015,0,0.5371241922557399,0.030938565790108733,-0.01093642744669615,0.030938565790108733,0,100
C_weaker_ordinal_smoothness,20,14,input_dependent_nonordinal,4,1190,0.892436974789916,1.5638655462184874,1.5638655462184874,0,0.6874696414596748,0.029182636258577404,0.037331021660281016,0.029182636258577404,0,100
C_weaker_ordinal_smoothness,20,14,input_dependent_nonordinal,2,1235,0.9125506072874494,2.0502024291497976,2.0502024291497976,0,0.7556360311169416,0.027275135121983624,0.021269400065909605,0.027275135121983613,0,100
C_weaker_ordinal_smoothness,20,14,input_dependent_nonordinal,3,1139,0.9183494293239683,2.222124670763828,2.222124670763828,0,0.5964131903945125,0.02511913743055338,0.015610375443413815,0.02511913743055338,0,100
C_weaker_ordinal_smoothness,20,14,input_dependent_nonordinal,0,264,0.9431818181818182,1.3484848484848484,1.3484848484848484,0,0.46084969883643456,0.03363480484435796,0.048299965326105754,0.03363480484435796,0,20
C_weaker_ordinal_smoothness,20,14,input_dependent_ordinal,1,1172,0.8976109215017065,2.013651877133106,2.013651877133106,0,0.5859317417403673,0.02913803540805695,-0.06407686534196305,0.02913803540805695,0,100
C_weaker_ordinal_smoothness,20,14,input_dependent_ordinal,4,1190,0.8915966386554622,1.5563025210084034,1.5563025210084034,0,0.7021605882880325,0.0261630832996484,0.021961498347070507,0.0261630832996484,0,100
C_weaker_ordinal_smoothness,20,14,input_dependent_ordinal,2,1235,0.9125506072874494,2.0340080971659917,2.0340080971659917,0,0.6151278886080599,0.027488879227590527,0.1613654757192846,0.027488879227590527,0,100
C_weaker_ordinal_smoothness,20,14,input_dependent_ordinal,3,1139,0.9148375768217735,2.2151009657594383,2.2151009657594383,0,0.6590142855406474,0.027969755752236126,-0.05224842316923717,0.027969755752236126,0,100
C_weaker_ordinal_smoothness,20,14,input_dependent_ordinal,0,264,0.9393939393939394,1.3333333333333333,1.3333333333333333,0,0.5438455032818513,0.03243846560613643,-0.039106036966306934,0.03243846560613643,0,20
C_weaker_ordinal_smoothness,20,15,independent_mondrian,3,1154,0.9211438474870017,2.252166377816291,2.252166377816291,0,0.0,0.0,0.669513712186875,0.0,0,100
C_weaker_ordinal_smoothness,20,15,independent_mondrian,4,1237,0.9183508488278093,1.5772029102667744,1.5772029102667744,0,0.0,0.0,0.7517762026298052,0.0,0,100
C_weaker_ordinal_smoothness,20,15,independent_mondrian,1,1207,0.8823529411764706,1.7978458989229495,1.7978458989229495,0,0.0,0.0,0.5014579848071493,0.0,0,100
C_weaker_ordinal_smoothness,20,15,independent_mondrian,2,1171,0.874466268146883,2.0409906063193852,2.0409906063193852,0,0.0,0.0,0.7004705689263964,0.0,0,100
C_weaker_ordinal_smoothness,20,15,independent_mondrian,0,231,0.8354978354978355,1.2727272727272727,1.2727272727272727,0,0.0,0.0,0.3892149236864092,0.0,0,20
C_weaker_ordinal_smoothness,20,15,ordinal_cluster,3,1154,0.9332755632582322,2.162045060658579,2.162045060658579,0,0.0,0.0,0.7004705689263964,0.0,0,100
C_weaker_ordinal_smoothness,20,15,ordinal_cluster,4,1237,0.8997574777687954,1.5796281325788197,1.5796281325788197,0,0.0,0.0,0.7088324312576791,0.0,0,100
C_weaker_ordinal_smoothness,20,15,ordinal_cluster,1,1207,0.9204639602319801,1.8608119304059652,1.8608119304059652,0,0.0,0.0,0.585541043792704,0.0,0,100
C_weaker_ordinal_smoothness,20,15,ordinal_cluster,2,1171,0.842869342442357,2.116994022203245,2.116994022203245,0,0.0,0.0,0.6474392728900029,0.0,0,100
C_weaker_ordinal_smoothness,20,15,ordinal_cluster,0,231,0.8787878787878788,1.4242424242424243,1.4242424242424243,0,0.0,0.0,0.460984891425311,0.0,0,20
C_weaker_ordinal_smoothness,20,15,input_dependent_nonordinal,3,1154,0.9480069324090121,2.250433275563258,2.250433275563258,0,0.6112792923007647,0.0313164147193862,0.06481255581703654,0.0313164147193862,0,100
C_weaker_ordinal_smoothness,20,15,input_dependent_nonordinal,4,1237,0.9094583670169766,1.5901374292643493,1.5901374292643493,0,0.7188632378573261,0.03121240011463105,0.0006596951873593104,0.03121240011463105,0,100
C_weaker_ordinal_smoothness,20,15,input_dependent_nonordinal,1,1207,0.9088649544324772,1.9154929577464788,1.9154929577464788,0,0.5362742711088084,0.022337626445964858,0.017032828572030867,0.022337626445964858,0,100
C_weaker_ordinal_smoothness,20,15,input_dependent_nonordinal,2,1171,0.9043552519214346,2.0956447480785654,2.0956447480785654,0,0.7736432014030387,0.023208119623098038,-0.010642156200952213,0.023208119623098038,0,100
C_weaker_ordinal_smoothness,20,15,input_dependent_nonordinal,0,231,0.8398268398268398,1.393939393939394,1.393939393939394,0,0.45648516689270335,0.017755703437312476,-0.05284989916717883,0.017755703437312476,0,20
C_weaker_ordinal_smoothness,20,15,input_dependent_ordinal,3,1154,0.9462738301559792,2.251299826689775,2.251299826689775,0,0.6795126371181736,0.02754915134030423,-0.014480805331142821,0.02754915134030423,0,100
C_weaker_ordinal_smoothness,20,15,input_dependent_ordinal,4,1237,0.910266774454325,1.586095392077607,1.586095392077607,0,0.7272377114560982,0.03278844774317186,-0.002998812179708099,0.03278844774317186,0,100
C_weaker_ordinal_smoothness,20,15,input_dependent_ordinal,1,1207,0.9105219552609777,1.916321458160729,1.916321458160729,0,0.5803707142914526,0.020652222283563428,-0.030510648398222984,0.020652222283563428,0,100
C_weaker_ordinal_smoothness,20,15,input_dependent_ordinal,2,1171,0.9086251067463706,2.088812980358668,2.088812980358668,0,0.6276690770996831,0.024397595603768675,0.1393968996061304,0.024397595603768675,0,100
C_weaker_ordinal_smoothness,20,15,input_dependent_ordinal,0,231,0.8398268398268398,1.4025974025974026,1.4025974025974026,0,0.5428293322478769,0.01798526779595309,-0.13794779270592591,0.017985267795953084,0,20
C_weaker_ordinal_smoothness,20,16,independent_mondrian,1,1201,0.8925895087427144,1.835970024979184,1.835970024979184,0,0.0,0.0,0.5209602286837667,0.0,0,100
C_weaker_ordinal_smoothness,20,16,independent_mondrian,2,1182,0.8604060913705583,1.9780033840947546,1.9780033840947546,0,0.0,0.0,0.6879106834493414,0.0,0,100
C_weaker_ordinal_smoothness,20,16,independent_mondrian,4,1194,0.9036850921273032,1.5209380234505863,1.5209380234505863,0,0.0,0.0,0.7316468533150782,0.0,0,100
C_weaker_ordinal_smoothness,20,16,independent_mondrian,3,1193,0.90360435875943,2.203688181056161,2.203688181056161,0,0.0,0.0,0.6090787455187984,0.0,0,100
C_weaker_ordinal_smoothness,20,16,independent_mondrian,0,230,0.8521739130434782,1.2347826086956522,1.2347826086956522,0,0.0,0.0,0.42908240110458346,0.0,0,20
C_weaker_ordinal_smoothness,20,16,ordinal_cluster,1,1201,0.93255620316403,1.8726061615320566,1.8726061615320566,0,0.0,0.0,0.596672281171538,0.0,0,100
C_weaker_ordinal_smoothness,20,16,ordinal_cluster,2,1182,0.8138747884940778,2.0346869712351947,2.0346869712351947,0,0.0,0.0,0.6090787455187984,0.0,0,100
C_weaker_ordinal_smoothness,20,16,ordinal_cluster,4,1194,0.8626465661641541,1.4924623115577889,1.4924623115577889,0,0.0,0.0,0.6441335682634182,0.0,0,100
C_weaker_ordinal_smoothness,20,16,ordinal_cluster,3,1193,0.9212070410729254,2.032690695725063,2.032690695725063,0,0.0,0.0,0.6572603075760599,0.0,0,100
C_weaker_ordinal_smoothness,20,16,ordinal_cluster,0,230,0.9217391304347826,1.4739130434782608,1.4739130434782608,0,0.0,0.0,0.5065121695498084,0.0,0,20
C_weaker_ordinal_smoothness,20,16,input_dependent_nonordinal,1,1201,0.9300582847626978,1.961698584512906,1.961698584512906,0,0.5269098505371582,0.018209824499190737,0.025354664451763487,0.018209824499190737,0,100
C_weaker_ordinal_smoothness,20,16,input_dependent_nonordinal,2,1182,0.9365482233502538,2.029610829103215,2.029610829103215,0,0.7912243738769068,0.02736136663128537,0.014868668899843729,0.02736136663128537,0,100
C_weaker_ordinal_smoothness,20,16,input_dependent_nonordinal,4,1194,0.9020100502512562,1.5711892797319933,1.5711892797319933,0,0.7218260494994777,0.03651133821447104,0.001521163039871154,0.03651133821447104,0,100
C_weaker_ordinal_smoothness,20,16,input_dependent_nonordinal,3,1193,0.911986588432523,2.239731768650461,2.239731768650461,0,0.5860235101823495,0.023184538980731247,0.02905976017984968,0.023184538980731247,0,100
C_weaker_ordinal_smoothness,20,16,input_dependent_nonordinal,0,230,0.8826086956521739,1.373913043478261,1.373913043478261,0,0.4412647444997639,0.01419290865912979,-0.020675846539725484,0.014192908659129793,0,20
C_weaker_ordinal_smoothness,20,16,input_dependent_ordinal,1,1201,0.9300582847626978,1.961698584512906,1.961698584512906,0,0.5784759804596655,0.01936015558228047,-0.02978742279541652,0.01936015558228047,0,100
C_weaker_ordinal_smoothness,20,16,input_dependent_ordinal,2,1182,0.9272419627749577,2.035532994923858,2.035532994923858,0,0.6233804214970814,0.023697405076665855,0.16360875156629423,0.023697405076665855,0,100
C_weaker_ordinal_smoothness,20,16,input_dependent_ordinal,4,1194,0.9011725293132329,1.582077051926298,1.582077051926298,0,0.7238645310903963,0.034015984877643374,-0.00579065937078882,0.034015984877643374,0,100
C_weaker_ordinal_smoothness,20,16,input_dependent_ordinal,3,1193,0.9245599329421627,2.234702430846605,2.234702430846605,0,0.680629728078929,0.029363108313063477,-0.04126921956783702,0.029363108313063477,0,100
C_weaker_ordinal_smoothness,20,16,input_dependent_ordinal,0,230,0.8826086956521739,1.3521739130434782,1.3521739130434782,0,0.5354584105251203,0.014642645731044863,-0.11232904977368297,0.014642645731044863,0,20
C_weaker_ordinal_smoothness,20,17,independent_mondrian,3,1171,0.8684884713919727,2.36464560204953,2.36464560204953,0,0.0,0.0,0.5347160653817178,0.0,0,100
C_weaker_ordinal_smoothness,20,17,independent_mondrian,1,1201,0.8667776852622814,2.2422980849292258,2.2422980849292258,0,0.0,0.0,0.5007974333802915,0.0,0,100
C_weaker_ordinal_smoothness,20,17,independent_mondrian,4,1209,0.891645988420182,1.5607940446650124,1.5607940446650124,0,0.0,0.0,0.7289504459745832,0.0,0,100
C_weaker_ordinal_smoothness,20,17,independent_mondrian,0,267,0.9737827715355806,1.4681647940074907,1.4681647940074907,0,0.0,0.0,0.6327484669273121,0.0,0,20
C_weaker_ordinal_smoothness,20,17,independent_mondrian,2,1152,0.9288194444444444,2.0078125,2.0078125,0,0.0,0.0,0.8736087333772683,0.0,0,100
C_weaker_ordinal_smoothness,20,17,ordinal_cluster,3,1171,0.9496157130657558,2.1989752348420155,2.1989752348420155,0,0.0,0.0,0.7047658146084376,0.0,0,100
C_weaker_ordinal_smoothness,20,17,ordinal_cluster,1,1201,0.9533721898417985,2.009159034138218,2.009159034138218,0,0.0,0.0,0.6874188149305503,0.0,0,100
C_weaker_ordinal_smoothness,20,17,ordinal_cluster,4,1209,0.8569065343258891,1.608767576509512,1.608767576509512,0,0.0,0.0,0.6525598783423918,0.0,0,100
C_weaker_ordinal_smoothness,20,17,ordinal_cluster,0,267,0.9213483146067416,1.6217228464419475,1.6217228464419475,0,0.0,0.0,0.5063266353749848,0.0,0,20
C_weaker_ordinal_smoothness,20,17,ordinal_cluster,2,1152,0.84375,2.2118055555555554,2.2118055555555554,0,0.0,0.0,0.6820270542009078,0.0,0,100
C_weaker_ordinal_smoothness,20,17,input_dependent_nonordinal,3,1171,0.8983774551665243,2.246797608881298,2.246797608881298,0,0.6004240929769512,0.022892579631007354,-0.02628065724548817,0.022892579631007354,0,100
C_weaker_ordinal_smoothness,20,17,input_dependent_nonordinal,1,1201,0.8534554537885096,2.0982514571190674,2.0982514571190674,0,0.51275644565628,0.019893208859218064,-0.04997045808138445,0.019893208859218064,0,100
C_weaker_ordinal_smoothness,20,17,input_dependent_nonordinal,4,1209,0.8817204301075269,1.598842018196857,1.598842018196857,0,0.7206047266828112,0.030977045189977438,-0.02492049734043944,0.030977045189977438,0,100
C_weaker_ordinal_smoothness,20,17,input_dependent_nonordinal,0,267,0.9662921348314607,1.5243445692883895,1.5243445692883895,0,0.4659755612753378,0.02054336780150404,0.11142555764490009,0.02054336780150404,0,20
C_weaker_ordinal_smoothness,20,17,input_dependent_nonordinal,2,1152,0.9453125,1.9991319444444444,1.9991319444444444,0,0.7610167904084738,0.03346587990741355,0.11661263608996764,0.03346587990741355,0,100
C_weaker_ordinal_smoothness,20,17,input_dependent_ordinal,3,1171,0.9043552519214346,2.2749786507258754,2.2749786507258754,0,0.6718208443834192,0.028436933187721645,-0.08445265196363538,0.028436933187721645,0,100
C_weaker_ordinal_smoothness,20,17,input_dependent_ordinal,1,1201,0.8542880932556203,2.130724396336386,2.130724396336386,0,0.5673528004574778,0.023195051221885067,-0.09621409570722922,0.023195051221885067,0,100
C_weaker_ordinal_smoothness,20,17,input_dependent_ordinal,4,1209,0.8817204301075269,1.6079404466501241,1.6079404466501241,0,0.7225366191867221,0.029343636689824436,-0.027830009031729164,0.029343636689824436,0,100
C_weaker_ordinal_smoothness,20,17,input_dependent_ordinal,0,267,0.9662921348314607,1.5168539325842696,1.5168539325842696,0,0.5258650872331834,0.020320226152112902,0.050672786326937835,0.020320226152112902,0,20
C_weaker_ordinal_smoothness,20,17,input_dependent_ordinal,2,1152,0.9505208333333334,2.0112847222222223,2.0112847222222223,0,0.6162425782546296,0.024256376159357575,0.27059182915667157,0.024256376159357575,0,100
C_weaker_ordinal_smoothness,20,18,independent_mondrian,1,1188,0.9545454545454546,2.702861952861953,2.702861952861953,0,0.0,0.0,0.6600205518426961,0.0,0,100
C_weaker_ordinal_smoothness,20,18,independent_mondrian,4,1196,0.8862876254180602,1.6663879598662208,1.6663879598662208,0,0.0,0.0,0.7165992428628882,0.0,0,100
C_weaker_ordinal_smoothness,20,18,independent_mondrian,2,1210,0.9619834710743802,2.399173553719008,2.399173553719008,0,0.0,0.0,0.9596606944033284,0.0,0,100
C_weaker_ordinal_smoothness,20,18,independent_mondrian,3,1144,0.8924825174825175,2.449300699300699,2.449300699300699,0,0.0,0.0,0.6119782891358472,0.0,0,100
C_weaker_ordinal_smoothness,20,18,independent_mondrian,0,262,0.9847328244274809,1.7251908396946565,1.7251908396946565,0,0.0,0.0,0.8786563374890997,0.0,0,20
C_weaker_ordinal_smoothness,20,18,ordinal_cluster,1,1188,0.9873737373737373,2.3661616161616164,2.3661616161616164,0,0.0,0.0,0.8549853912234827,0.0,0,100
C_weaker_ordinal_smoothness,20,18,ordinal_cluster,4,1196,0.8754180602006689,1.6964882943143813,1.6964882943143813,0,0.0,0.0,0.6919546027988753,0.0,0,100
C_weaker_ordinal_smoothness,20,18,ordinal_cluster,2,1210,0.8884297520661157,2.4950413223140497,2.4950413223140497,0,0.0,0.0,0.7602583925585141,0.0,0,100
C_weaker_ordinal_smoothness,20,18,ordinal_cluster,3,1144,0.9554195804195804,2.4134615384615383,2.4134615384615383,0,0.0,0.0,0.7782834485649656,0.0,0,100
C_weaker_ordinal_smoothness,20,18,ordinal_cluster,0,262,0.950381679389313,1.83206106870229,1.83206106870229,0,0.0,0.0,0.6600205518426961,0.0,0,20
C_weaker_ordinal_smoothness,20,18,input_dependent_nonordinal,1,1188,0.9393939393939394,2.42003367003367,2.42003367003367,0,0.5168069562210694,0.019556210093479097,0.05154603381801692,0.019556210093479097,0,100
C_weaker_ordinal_smoothness,20,18,input_dependent_nonordinal,4,1196,0.8812709030100334,1.5978260869565217,1.5978260869565217,0,0.6995777900465979,0.022684299449441617,-0.018890610568069066,0.022684299449441617,0,100
C_weaker_ordinal_smoothness,20,18,input_dependent_nonordinal,2,1210,0.9520661157024793,2.1983471074380163,2.1983471074380163,0,0.7382988348375794,0.019295274064019607,0.153459025544615,0.019295274064019607,0,100
C_weaker_ordinal_smoothness,20,18,input_dependent_nonordinal,3,1144,0.9222027972027972,2.320804195804196,2.320804195804196,0,0.5811733713075726,0.021567498008489804,0.03595659671635926,0.021567498008489804,0,100
C_weaker_ordinal_smoothness,20,18,input_dependent_nonordinal,0,262,0.9770992366412213,1.5076335877862594,1.5076335877862594,0,0.4856370373830415,0.02350321259109765,0.22052567112911714,0.023503212591097642,0,20
C_weaker_ordinal_smoothness,20,18,input_dependent_ordinal,1,1188,0.9377104377104377,2.4452861952861955,2.4452861952861955,0,0.5660331252888444,0.020225746554732353,0.0008885501650895966,0.020225746554732353,0,100
C_weaker_ordinal_smoothness,20,18,input_dependent_ordinal,4,1196,0.8804347826086957,1.5919732441471572,1.5919732441471572,0,0.6942026663176367,0.021831422308894073,-0.012833913852060008,0.021831422308894073,0,100
C_weaker_ordinal_smoothness,20,18,input_dependent_ordinal,2,1210,0.9512396694214876,2.205785123966942,2.205785123966942,0,0.6132517652787521,0.0209852919117541,0.2708992053507573,0.0209852919117541,0,100
C_weaker_ordinal_smoothness,20,18,input_dependent_ordinal,3,1144,0.9222027972027972,2.3094405594405596,2.3094405594405596,0,0.6515913285132588,0.02159875459753486,-0.03433792783652234,0.02159875459753486,0,100
C_weaker_ordinal_smoothness,20,18,input_dependent_ordinal,0,262,0.9770992366412213,1.5,1.5,0,0.5146767008204552,0.017733479351585802,0.21414700020071142,0.017733479351585802,0,20
C_weaker_ordinal_smoothness,20,19,independent_mondrian,2,1146,0.8472949389179756,2.1317626527050613,2.1317626527050613,0,0.0,0.0,0.6695272033145111,0.0,0,100
C_weaker_ordinal_smoothness,20,19,independent_mondrian,3,1156,0.9039792387543253,2.1790657439446366,2.1790657439446366,0,0.0,0.0,0.5976149145403427,0.0,0,100
C_weaker_ordinal_smoothness,20,19,independent_mondrian,1,1180,0.9635593220338983,2.0144067796610168,2.0144067796610168,0,0.0,0.0,0.6924654507902239,0.0,0,100
C_weaker_ordinal_smoothness,20,19,independent_mondrian,4,1247,0.8997594226142742,1.5068163592622295,1.5068163592622295,0,0.0,0.0,0.7012234530348641,0.0,0,100
C_weaker_ordinal_smoothness,20,19,independent_mondrian,0,271,0.9298892988929889,1.5498154981549817,1.5498154981549817,0,0.0,0.0,0.5401290103106673,0.0,0,20
C_weaker_ordinal_smoothness,20,19,ordinal_cluster,2,1146,0.8141361256544503,2.048865619546248,2.048865619546248,0,0.0,0.0,0.6034079291723967,0.0,0,100
C_weaker_ordinal_smoothness,20,19,ordinal_cluster,3,1156,0.9238754325259516,2.0475778546712804,2.0475778546712804,0,0.0,0.0,0.6481712252331483,0.0,0,100
C_weaker_ordinal_smoothness,20,19,ordinal_cluster,1,1180,0.9364406779661016,1.9084745762711866,1.9084745762711866,0,0.0,0.0,0.6217150982650994,0.0,0,100
C_weaker_ordinal_smoothness,20,19,ordinal_cluster,4,1247,0.8684843624699278,1.4987971130713713,1.4987971130713713,0,0.0,0.0,0.6481712252331483,0.0,0,100
C_weaker_ordinal_smoothness,20,19,ordinal_cluster,0,271,0.9298892988929889,1.4428044280442804,1.4428044280442804,0,0.0,0.0,0.5401290103106673,0.0,0,20
C_weaker_ordinal_smoothness,20,19,input_dependent_nonordinal,2,1146,0.8350785340314136,1.882198952879581,1.882198952879581,0,0.7654650133242432,0.03417759471912434,-0.11750347488644441,0.03417759471912434,0,100
C_weaker_ordinal_smoothness,20,19,input_dependent_nonordinal,3,1156,0.8650519031141869,1.9922145328719723,1.9922145328719723,0,0.5830142596596095,0.023993999238652655,-0.07659867464949555,0.023993999238652655,0,100
C_weaker_ordinal_smoothness,20,19,input_dependent_nonordinal,1,1180,0.9279661016949152,1.805084745762712,1.805084745762712,0,0.5386624061682512,0.030050392916895315,0.026095999905178524,0.030050392916895315,0,100
C_weaker_ordinal_smoothness,20,19,input_dependent_nonordinal,4,1247,0.8989574979951884,1.4314354450681637,1.4314354450681637,0,0.7092139222496023,0.02739181734180343,-0.008511348099150107,0.02739181734180343,0,100
C_weaker_ordinal_smoothness,20,19,input_dependent_nonordinal,0,271,0.8782287822878229,1.3025830258302582,1.3025830258302582,0,0.43564369867399305,0.020085960683885042,0.008124390001956638,0.020085960683885042,0,20
C_weaker_ordinal_smoothness,20,19,input_dependent_ordinal,2,1146,0.8333333333333334,1.8900523560209423,1.8900523560209423,0,0.617720252695247,0.028266455836344215,0.021020681691820364,0.028266455836344215,0,100
C_weaker_ordinal_smoothness,20,19,input_dependent_ordinal,3,1156,0.8477508650519031,1.9697231833910034,1.9697231833910034,0,0.66434404666235,0.027219891224261664,-0.16657289602586556,0.027219891224261664,0,100
C_weaker_ordinal_smoothness,20,19,input_dependent_ordinal,1,1180,0.9279661016949152,1.8271186440677967,1.8271186440677967,0,0.5815072768930557,0.030228687533701597,-0.017298258242040898,0.030228687533701597,0,100
C_weaker_ordinal_smoothness,20,19,input_dependent_ordinal,4,1247,0.9021651964715317,1.4234161988773055,1.4234161988773055,0,0.7092436439108942,0.02769421661057018,-0.00771195648920342,0.02769421661057018,0,100
C_weaker_ordinal_smoothness,20,19,input_dependent_ordinal,0,271,0.8856088560885609,1.3025830258302582,1.3025830258302582,0,0.5265675436825015,0.03080528376846214,-0.06207579185354167,0.03080528376846214,0,20
C_weaker_ordinal_smoothness,20,20,independent_mondrian,1,1218,0.9334975369458128,1.9532019704433496,1.9532019704433496,0,0.0,0.0,0.6192641080486534,0.0,0,100
C_weaker_ordinal_smoothness,20,20,independent_mondrian,3,1203,0.85785536159601,2.266832917705736,2.266832917705736,0,0.0,0.0,0.5404987292893975,0.0,0,100
C_weaker_ordinal_smoothness,20,20,independent_mondrian,2,1165,0.896137339055794,2.0669527896995707,2.0669527896995707,0,0.0,0.0,0.7618501285171684,0.0,0,100
C_weaker_ordinal_smoothness,20,20,independent_mondrian,4,1179,0.9253604749787956,1.452078032230704,1.452078032230704,0,0.0,0.0,0.7665556747114058,0.0,0,100
C_weaker_ordinal_smoothness,20,20,independent_mondrian,0,235,0.8723404255319149,1.4425531914893617,1.4425531914893617,0,0.0,0.0,0.4311869960966517,0.0,0,20
C_weaker_ordinal_smoothness,20,20,ordinal_cluster,1,1218,0.9384236453201971,1.9137931034482758,1.9137931034482758,0,0.0,0.0,0.6320110474982957,0.0,0,100
C_weaker_ordinal_smoothness,20,20,ordinal_cluster,3,1203,0.9351620947630923,2.1255195344970907,2.1255195344970907,0,0.0,0.0,0.6941154333655613,0.0,0,100
C_weaker_ordinal_smoothness,20,20,ordinal_cluster,2,1165,0.8223175965665236,2.1124463519313306,2.1124463519313306,0,0.0,0.0,0.6201565426504091,0.0,0,100
C_weaker_ordinal_smoothness,20,20,ordinal_cluster,4,1179,0.897370653095844,1.5572519083969465,1.5572519083969465,0,0.0,0.0,0.6886192231496328,0.0,0,100
C_weaker_ordinal_smoothness,20,20,ordinal_cluster,0,235,0.9574468085106383,1.5021276595744681,1.5021276595744681,0,0.0,0.0,0.5195371589410535,0.0,0,20
C_weaker_ordinal_smoothness,20,20,input_dependent_nonordinal,1,1218,0.916256157635468,1.9178981937602628,1.9178981937602628,0,0.5237251555262434,0.025315159203396272,0.00950206905541956,0.025315159203396272,0,100
C_weaker_ordinal_smoothness,20,20,input_dependent_nonordinal,3,1203,0.8595178719866999,2.1180382377389857,2.1180382377389857,0,0.5727606423585275,0.02095632499532831,-0.045944244184985106,0.02095632499532831,0,100
C_weaker_ordinal_smoothness,20,20,input_dependent_nonordinal,2,1165,0.9227467811158798,1.9759656652360515,1.9759656652360515,0,0.773052055913368,0.025716751219084913,0.023177181760061893,0.025716751219084913,0,100
C_weaker_ordinal_smoothness,20,20,input_dependent_nonordinal,4,1179,0.8956743002544529,1.4435962680237489,1.4435962680237489,0,0.7053582876692824,0.03167045875772628,-0.026314421931961984,0.03167045875772628,0,100
C_weaker_ordinal_smoothness,20,20,input_dependent_nonordinal,0,235,0.8936170212765957,1.3446808510638297,1.3446808510638297,0,0.4653988512972717,0.016962790545061213,-0.05537173931192085,0.016962790545061213,0,20
C_weaker_ordinal_smoothness,20,20,input_dependent_ordinal,1,1218,0.9170771756978654,1.9072249589490968,1.9072249589490968,0,0.5775759801841251,0.023120131672660405,-0.04209656669978057,0.023120131672660405,0,100
C_weaker_ordinal_smoothness,20,20,input_dependent_ordinal,3,1203,0.8653366583541147,2.1246882793017456,2.1246882793017456,0,0.658540143556917,0.025756950488547325,-0.11804801989639702,0.025756950488547325,0,100
C_weaker_ordinal_smoothness,20,20,input_dependent_ordinal,2,1165,0.9218884120171674,1.9896995708154506,1.9896995708154506,0,0.6208095447853051,0.023548464314175586,0.17025873161205496,0.023548464314175586,0,100
C_weaker_ordinal_smoothness,20,20,input_dependent_ordinal,4,1179,0.8948261238337574,1.4478371501272265,1.4478371501272265,0,0.7020599879762822,0.02805178432855383,-0.022127491405330546,0.02805178432855383,0,100
C_weaker_ordinal_smoothness,20,20,input_dependent_ordinal,0,235,0.8638297872340426,1.3148936170212766,1.3148936170212766,0,0.5260070016964518,0.019882219384523087,-0.1257995716607665,0.019882219384523087,0,20
C_weaker_ordinal_smoothness,20,21,independent_mondrian,1,1170,0.9316239316239316,1.9555555555555555,1.9555555555555555,0,0.0,0.0,0.5579184138331472,0.0,0,100
C_weaker_ordinal_smoothness,20,21,independent_mondrian,4,1148,0.931184668989547,1.6864111498257839,1.6864111498257839,0,0.0,0.0,0.7650153416136558,0.0,0,100
C_weaker_ordinal_smoothness,20,21,independent_mondrian,2,1185,0.940084388185654,2.1054852320675104,2.1054852320675104,0,0.0,0.0,0.9056523457263598,0.0,0,100
C_weaker_ordinal_smoothness,20,21,independent_mondrian,3,1233,0.9180859691808597,2.45985401459854,2.45985401459854,0,0.0,0.0,0.6271052830894199,0.0,0,100
C_weaker_ordinal_smoothness,20,21,independent_mondrian,0,264,0.7272727272727273,1.3522727272727273,1.3522727272727273,0,0.0,0.0,0.28651030723785137,0.0,0,20
C_weaker_ordinal_smoothness,20,21,ordinal_cluster,1,1170,0.9794871794871794,2.082051282051282,2.082051282051282,0,0.0,0.0,0.7438300614284042,0.0,0,100
C_weaker_ordinal_smoothness,20,21,ordinal_cluster,4,1148,0.8763066202090593,1.5897212543554007,1.5897212543554007,0,0.0,0.0,0.6693932730337965,0.0,0,100
C_weaker_ordinal_smoothness,20,21,ordinal_cluster,2,1185,0.8708860759493671,2.2852320675105484,2.2852320675105484,0,0.0,0.0,0.6785924145760647,0.0,0,100
C_weaker_ordinal_smoothness,20,21,ordinal_cluster,3,1233,0.9497161394971614,2.213300892133009,2.213300892133009,0,0.0,0.0,0.7296182037185852,0.0,0,100
C_weaker_ordinal_smoothness,20,21,ordinal_cluster,0,264,0.9545454545454546,1.731060606060606,1.731060606060606,0,0.0,0.0,0.5478537555328472,0.0,0,20
C_weaker_ordinal_smoothness,20,21,input_dependent_nonordinal,1,1170,0.9316239316239316,2.0418803418803417,2.0418803418803417,0,0.5310291626716873,0.01876242142829824,0.009324425352733812,0.01876242142829824,0,100
C_weaker_ordinal_smoothness,20,21,input_dependent_nonordinal,4,1148,0.9259581881533101,1.5705574912891986,1.5705574912891986,0,0.7196661656242209,0.027251231683653378,0.05009860835151858,0.027251231683653378,0,100
C_weaker_ordinal_smoothness,20,21,input_dependent_nonordinal,2,1185,0.9316455696202531,2.0438818565400845,2.0438818565400845,0,0.7607447199021532,0.03200884419346541,0.11298309241020132,0.03200884419346541,0,100
C_weaker_ordinal_smoothness,20,21,input_dependent_nonordinal,3,1233,0.8856447688564477,2.3495539334955393,2.3495539334955393,0,0.5934441993193108,0.024717468890921496,-0.0353817604805684,0.024717468890921496,0,100
C_weaker_ordinal_smoothness,20,21,input_dependent_nonordinal,0,264,0.821969696969697,1.3825757575757576,1.3825757575757576,0,0.48303173577426456,0.044481580585752,-0.07589262641006739,0.044481580585752,0,20
C_weaker_ordinal_smoothness,20,21,input_dependent_ordinal,1,1170,0.9145299145299145,1.994871794871795,1.994871794871795,0,0.5845650776198044,0.025800600382685803,-0.056141081320499386,0.025800600382685803,0,100
C_weaker_ordinal_smoothness,20,21,input_dependent_ordinal,4,1148,0.9277003484320557,1.5757839721254356,1.5757839721254356,0,0.7151087504297309,0.026838664225456447,0.05636187521675795,0.026838664225456447,0,100
C_weaker_ordinal_smoothness,20,21,input_dependent_ordinal,2,1185,0.9358649789029536,2.030379746835443,2.030379746835443,0,0.62561635945711,0.026433068814853234,0.2488164085278059,0.026433068814853234,0,100
C_weaker_ordinal_smoothness,20,21,input_dependent_ordinal,3,1233,0.8905109489051095,2.364152473641525,2.364152473641525,0,0.6782572467143222,0.026983675433113037,-0.11355521896690679,0.026983675433113037,0,100
C_weaker_ordinal_smoothness,20,21,input_dependent_ordinal,0,264,0.8143939393939394,1.3484848484848484,1.3484848484848484,0,0.5306559419143669,0.02605616831821268,-0.1660910513738782,0.02605616831821268,0,20
C_weaker_ordinal_smoothness,20,22,independent_mondrian,4,1137,0.9014951627088831,1.526824978012313,1.526824978012313,0,0.0,0.0,0.7271769036611738,0.0,0,100
C_weaker_ordinal_smoothness,20,22,independent_mondrian,2,1170,0.8222222222222222,1.9324786324786325,1.9324786324786325,0,0.0,0.0,0.6355543601348642,0.0,0,100
C_weaker_ordinal_smoothness,20,22,independent_mondrian,1,1223,0.8789860997547015,1.6901062959934587,1.6901062959934587,0,0.0,0.0,0.48479930973775925,0.0,0,100
C_weaker_ordinal_smoothness,20,22,independent_mondrian,3,1231,0.9098294069861901,2.1210398050365558,2.1210398050365558,0,0.0,0.0,0.6402370042755837,0.0,0,100
C_weaker_ordinal_smoothness,20,22,independent_mondrian,0,239,0.8661087866108786,1.2594142259414225,1.2594142259414225,0,0.0,0.0,0.3778532740589461,0.0,0,20
C_weaker_ordinal_smoothness,20,22,ordinal_cluster,4,1137,0.8671943711521548,1.4854881266490765,1.4854881266490765,0,0.0,0.0,0.6586029807492962,0.0,0,100
C_weaker_ordinal_smoothness,20,22,ordinal_cluster,2,1170,0.7752136752136752,1.9264957264957265,1.9264957264957265,0,0.0,0.0,0.5628001640778362,0.0,0,100
C_weaker_ordinal_smoothness,20,22,ordinal_cluster,1,1223,0.8994276369582993,1.6917416189697465,1.6917416189697465,0,0.0,0.0,0.5255942579614289,0.0,0,100
C_weaker_ordinal_smoothness,20,22,ordinal_cluster,3,1231,0.9195775792038993,1.9796913078797724,1.9796913078797724,0,0.0,0.0,0.6585523902823319,0.0,0,100
C_weaker_ordinal_smoothness,20,22,ordinal_cluster,0,239,0.9121338912133892,1.3723849372384938,1.3723849372384938,0,0.0,0.0,0.45465506154901847,0.0,0,20
C_weaker_ordinal_smoothness,20,22,input_dependent_nonordinal,4,1137,0.9226033421284081,1.4951627088830255,1.4951627088830255,0,0.713852722394111,0.02939736824775049,0.04177951834516336,0.02939736824775049,0,100
C_weaker_ordinal_smoothness,20,22,input_dependent_nonordinal,2,1170,0.8367521367521368,1.941025641025641,1.941025641025641,0,0.7487690089891011,0.01701224077470822,-0.09252057880386472,0.01701224077470822,0,100
C_weaker_ordinal_smoothness,20,22,input_dependent_nonordinal,1,1223,0.901880621422731,1.7424366312346689,1.7424366312346689,0,0.5313992531482352,0.02339882849351377,-0.013535920503583543,0.02339882849351377,0,100
C_weaker_ordinal_smoothness,20,22,input_dependent_nonordinal,3,1231,0.8765231519090171,2.0804224207961006,2.0804224207961006,0,0.5747147714361356,0.02445563355281174,-0.005178800731041711,0.02445563355281174,0,100
C_weaker_ordinal_smoothness,20,22,input_dependent_nonordinal,0,239,0.8661087866108786,1.3472803347280335,1.3472803347280335,0,0.4631040968438704,0.021176886554702404,-0.04092756504622572,0.021176886554702404,0,20
C_weaker_ordinal_smoothness,20,22,input_dependent_ordinal,4,1137,0.9234828496042217,1.4986807387862797,1.4986807387862797,0,0.701650900308214,0.026984782575294353,0.04961674610481481,0.026984782575294353,0,100
C_weaker_ordinal_smoothness,20,22,input_dependent_ordinal,2,1170,0.8358974358974359,1.935042735042735,1.935042735042735,0,0.6140028840152081,0.021753380276536328,0.04733894467333094,0.021753380276536328,0,100
C_weaker_ordinal_smoothness,20,22,input_dependent_ordinal,1,1223,0.9051512673753066,1.741618969746525,1.741618969746525,0,0.5692746747736636,0.020145055406992695,-0.05166800253511816,0.020145055406992695,0,100
C_weaker_ordinal_smoothness,20,22,input_dependent_ordinal,3,1231,0.875710804224208,2.069049553208773,2.069049553208773,0,0.6644787715408796,0.024243293222744166,-0.0960787622379825,0.024243293222744166,0,100
C_weaker_ordinal_smoothness,20,22,input_dependent_ordinal,0,239,0.8493723849372385,1.3305439330543933,1.3305439330543933,0,0.5378964363495168,0.01846708650453528,-0.12755439605157184,0.018467086504535286,0,20
C_weaker_ordinal_smoothness,20,23,independent_mondrian,3,1219,0.9343724364232978,2.401968826907301,2.401968826907301,0,0.0,0.0,0.6568173236531589,0.0,0,100
C_weaker_ordinal_smoothness,20,23,independent_mondrian,1,1210,0.9363636363636364,2.046280991735537,2.046280991735537,0,0.0,0.0,0.6140173961584787,0.0,0,100
C_weaker_ordinal_smoothness,20,23,independent_mondrian,4,1196,0.931438127090301,1.6438127090301002,1.6438127090301002,0,0.0,0.0,0.8023028324916631,0.0,0,100
C_weaker_ordinal_smoothness,20,23,independent_mondrian,0,249,0.8835341365461847,1.4216867469879517,1.4216867469879517,0,0.0,0.0,0.4713015907740061,0.0,0,20
C_weaker_ordinal_smoothness,20,23,independent_mondrian,2,1126,0.9156305506216696,2.2033747779751334,2.2033747779751334,0,0.0,0.0,0.7748108798769149,0.0,0,100
C_weaker_ordinal_smoothness,20,23,ordinal_cluster,3,1219,0.9532403609515997,2.224774405250205,2.224774405250205,0,0.0,0.0,0.7215245617162912,0.0,0,100
C_weaker_ordinal_smoothness,20,23,ordinal_cluster,1,1210,0.9446280991735537,2.0388429752066117,2.0388429752066117,0,0.0,0.0,0.6456581717914873,0.0,0,100
C_weaker_ordinal_smoothness,20,23,ordinal_cluster,4,1196,0.9113712374581939,1.6321070234113713,1.6321070234113713,0,0.0,0.0,0.7176733566234381,0.0,0,100
C_weaker_ordinal_smoothness,20,23,ordinal_cluster,0,249,0.9317269076305221,1.4859437751004017,1.4859437751004017,0,0.0,0.0,0.553493801974138,0.0,0,20
C_weaker_ordinal_smoothness,20,23,ordinal_cluster,2,1126,0.8472468916518651,2.2122557726465364,2.2122557726465364,0,0.0,0.0,0.6568173236531589,0.0,0,100
C_weaker_ordinal_smoothness,20,23,input_dependent_nonordinal,3,1219,0.9384741591468416,2.170631665299426,2.170631665299426,0,0.5756199913686155,0.022244369521977163,0.0653659754172603,0.022244369521977163,0,100
C_weaker_ordinal_smoothness,20,23,input_dependent_nonordinal,1,1210,0.9198347107438016,1.987603305785124,1.987603305785124,0,0.51260257629066,0.022168276207252688,0.05386835286679126,0.022168276207252688,0,100
C_weaker_ordinal_smoothness,20,23,input_dependent_nonordinal,4,1196,0.919732441471572,1.601170568561873,1.601170568561873,0,0.7158787679424414,0.027884856322959017,0.0009794360652306544,0.027884856322959017,0,100
C_weaker_ordinal_smoothness,20,23,input_dependent_nonordinal,0,249,0.9357429718875502,1.4257028112449799,1.4257028112449799,0,0.4744606803289733,0.03656728901764708,0.03230338227413471,0.03656728901764708,0,20
C_weaker_ordinal_smoothness,20,23,input_dependent_nonordinal,2,1126,0.9058614564831261,2.0763765541740673,2.0763765541740673,0,0.7368891137473296,0.029417422674016157,-0.0032281391316090202,0.029417422674016168,0,100
C_weaker_ordinal_smoothness,20,23,input_dependent_ordinal,3,1219,0.9286300246103364,2.155865463494668,2.155865463494668,0,0.6551699375837479,0.025393782712058846,-0.0301280644783678,0.025393782712058846,0,100
C_weaker_ordinal_smoothness,20,23,input_dependent_ordinal,1,1210,0.9264462809917355,1.931404958677686,1.931404958677686,0,0.5606730840191784,0.026034478238437117,0.018132178513842856,0.026034478238437117,0,100
C_weaker_ordinal_smoothness,20,23,input_dependent_ordinal,4,1196,0.9188963210702341,1.5735785953177257,1.5735785953177257,0,0.7094907775815176,0.02613557387849526,0.006635172597536654,0.02613557387849526,0,100
C_weaker_ordinal_smoothness,20,23,input_dependent_ordinal,0,249,0.8995983935742972,1.4016064257028114,1.4016064257028114,0,0.5141606957617367,0.025036939875730156,-0.05187159289189325,0.025036939875730156,0,20
C_weaker_ordinal_smoothness,20,23,input_dependent_ordinal,2,1126,0.9031971580817052,2.05595026642984,2.05595026642984,0,0.6021017183377226,0.025293719940724796,0.11965588244384112,0.025293719940724796,0,100
C_weaker_ordinal_smoothness,20,24,independent_mondrian,4,1230,0.8642276422764228,1.502439024390244,1.502439024390244,0,0.0,0.0,0.658385939044663,0.0,0,100
C_weaker_ordinal_smoothness,20,24,independent_mondrian,1,1140,0.9,2.1157894736842104,2.1157894736842104,0,0.0,0.0,0.535187265088521,0.0,0,100
C_weaker_ordinal_smoothness,20,24,independent_mondrian,3,1178,0.8938879456706282,2.1638370118845502,2.1638370118845502,0,0.0,0.0,0.5795326505900678,0.0,0,100
C_weaker_ordinal_smoothness,20,24,independent_mondrian,2,1199,0.8757297748123436,2.0050041701417847,2.0050041701417847,0,0.0,0.0,0.7194996496467825,0.0,0,100
C_weaker_ordinal_smoothness,20,24,independent_mondrian,0,253,0.9565217391304348,1.383399209486166,1.383399209486166,0,0.0,0.0,0.6096270963809597,0.0,0,20
C_weaker_ordinal_smoothness,20,24,ordinal_cluster,4,1230,0.8439024390243902,1.5073170731707317,1.5073170731707317,0,0.0,0.0,0.6195121062797055,0.0,0,100
C_weaker_ordinal_smoothness,20,24,ordinal_cluster,1,1140,0.9482456140350877,1.9394736842105262,1.9394736842105262,0,0.0,0.0,0.6502566150979845,0.0,0,100
C_weaker_ordinal_smoothness,20,24,ordinal_cluster,3,1178,0.9303904923599321,2.033955857385399,2.033955857385399,0,0.0,0.0,0.658385939044663,0.0,0,100
C_weaker_ordinal_smoothness,20,24,ordinal_cluster,2,1199,0.8181818181818182,2.0950792326939114,2.0950792326939114,0,0.0,0.0,0.6195121062797055,0.0,0,100
C_weaker_ordinal_smoothness,20,24,ordinal_cluster,0,253,0.932806324110672,1.5494071146245059,1.5494071146245059,0,0.0,0.0,0.535187265088521,0.0,0,20
C_weaker_ordinal_smoothness,20,24,input_dependent_nonordinal,4,1230,0.8731707317073171,1.4951219512195122,1.4951219512195122,0,0.6872204866618196,0.028915422899089802,-0.007346843473084563,0.028915422899089802,0,100
C_weaker_ordinal_smoothness,20,24,input_dependent_nonordinal,1,1140,0.8868421052631579,1.8201754385964912,1.8201754385964912,0,0.5190563233266717,0.015094603153664734,-0.024832004134648478,0.015094603153664734,0,100
C_weaker_ordinal_smoothness,20,24,input_dependent_nonordinal,3,1178,0.8998302207130731,2.0526315789473686,2.0526315789473686,0,0.5857914379140701,0.01778531000662422,-0.017356802313483466,0.01778531000662422,0,100
C_weaker_ordinal_smoothness,20,24,input_dependent_nonordinal,2,1199,0.8632193494578816,1.9399499582985822,1.9399499582985822,0,0.7674538539253852,0.03465239310139206,-0.03325240468907631,0.03465239310139206,0,100
C_weaker_ordinal_smoothness,20,24,input_dependent_nonordinal,0,253,0.932806324110672,1.2529644268774704,1.2529644268774704,0,0.4152952553886032,0.016742406168814287,0.039262522270872235,0.016742406168814287,0,20
C_weaker_ordinal_smoothness,20,24,input_dependent_ordinal,4,1230,0.8739837398373984,1.4764227642276422,1.4764227642276422,0,0.698644002043673,0.026802417801574666,-0.021189466980266247,0.026802417801574666,0,100
C_weaker_ordinal_smoothness,20,24,input_dependent_ordinal,1,1140,0.8798245614035087,1.8078947368421052,1.8078947368421052,0,0.5686261134058375,0.01859521090867594,-0.07864101000467838,0.01859521090867594,0,100
C_weaker_ordinal_smoothness,20,24,input_dependent_ordinal,3,1178,0.8964346349745331,2.034804753820034,2.034804753820034,0,0.6517519474169228,0.02464909924274395,-0.08612973798553364,0.02464909924274395,0,100
C_weaker_ordinal_smoothness,20,24,input_dependent_ordinal,2,1199,0.8573811509591326,1.92743953294412,1.92743953294412,0,0.6182495897267509,0.022765085501364465,0.09147105323344351,0.022765085501364465,0,100
C_weaker_ordinal_smoothness,20,24,input_dependent_ordinal,0,253,0.932806324110672,1.233201581027668,1.233201581027668,0,0.5144828423822321,0.01594330046236447,-0.056179134423141486,0.01594330046236447,0,20
C_weaker_ordinal_smoothness,20,25,independent_mondrian,1,1203,0.9276807980049875,2.1596009975062342,2.1596009975062342,0,0.0,0.0,0.6329873262183947,0.0,0,100
C_weaker_ordinal_smoothness,20,25,independent_mondrian,3,1194,0.9195979899497487,2.2504187604690116,2.2504187604690116,0,0.0,0.0,0.638169610357277,0.0,0,100
C_weaker_ordinal_smoothness,20,25,independent_mondrian,4,1180,0.8661016949152542,1.5940677966101695,1.5940677966101695,0,0.0,0.0,0.6614530304707134,0.0,0,100
C_weaker_ordinal_smoothness,20,25,independent_mondrian,2,1175,0.8851063829787233,2.1446808510638298,2.1446808510638298,0,0.0,0.0,0.7717735536280629,0.0,0,100
C_weaker_ordinal_smoothness,20,25,independent_mondrian,0,248,0.9596774193548387,1.6008064516129032,1.6008064516129032,0,0.0,0.0,0.5676444010769114,0.0,0,20
C_weaker_ordinal_smoothness,20,25,ordinal_cluster,1,1203,0.941812136325852,2.107231920199501,2.107231920199501,0,0.0,0.0,0.6778891066374648,0.0,0,100
C_weaker_ordinal_smoothness,20,25,ordinal_cluster,3,1194,0.9355108877721943,2.158291457286432,2.158291457286432,0,0.0,0.0,0.6768198017571193,0.0,0,100
C_weaker_ordinal_smoothness,20,25,ordinal_cluster,4,1180,0.8440677966101695,1.5525423728813559,1.5525423728813559,0,0.0,0.0,0.638169610357277,0.0,0,100
C_weaker_ordinal_smoothness,20,25,ordinal_cluster,2,1175,0.8365957446808511,2.188936170212766,2.188936170212766,0,0.0,0.0,0.6768198017571193,0.0,0,100
C_weaker_ordinal_smoothness,20,25,ordinal_cluster,0,248,0.9637096774193549,1.6370967741935485,1.6370967741935485,0,0.0,0.0,0.6021454802238907,0.0,0,20
C_weaker_ordinal_smoothness,20,25,input_dependent_nonordinal,1,1203,0.9343308395677473,2.0723192019950125,2.0723192019950125,0,0.5078284517736869,0.016631239009236132,0.09869054711493214,0.016631239009236132,0,100
C_weaker_ordinal_smoothness,20,25,input_dependent_nonordinal,3,1194,0.9262981574539364,2.292294807370184,2.292294807370184,0,0.5646808706737488,0.01771685571173163,0.07061319897520019,0.01771685571173163,0,100
C_weaker_ordinal_smoothness,20,25,input_dependent_nonordinal,4,1180,0.911864406779661,1.6830508474576271,1.6830508474576271,0,0.7276662370075198,0.03196587938542251,0.011361484611886907,0.03196587938542251,0,100
C_weaker_ordinal_smoothness,20,25,input_dependent_nonordinal,2,1175,0.9123404255319149,2.1429787234042554,2.1429787234042554,0,0.7468000891117442,0.03103354593614744,0.07936764287905557,0.03103354593614744,0,100
C_weaker_ordinal_smoothness,20,25,input_dependent_nonordinal,0,248,0.9516129032258065,1.5524193548387097,1.5524193548387097,0,0.4278849875637308,0.017385091151640934,0.07576260266362089,0.017385091151640934,0,20
C_weaker_ordinal_smoothness,20,25,input_dependent_ordinal,1,1203,0.9359933499584372,2.0432252701579383,2.0432252701579383,0,0.5583523741019191,0.018089811045618007,0.055535865940042284,0.018089811045618007,0,100
C_weaker_ordinal_smoothness,20,25,input_dependent_ordinal,3,1194,0.9204355108877722,2.257956448911223,2.257956448911223,0,0.6577687884429105,0.025615961969297024,-0.028032906676518032,0.025615961969297024,0,100
C_weaker_ordinal_smoothness,20,25,input_dependent_ordinal,4,1180,0.9067796610169492,1.6432203389830509,1.6432203389830509,0,0.7178372387959063,0.028287016176511685,0.006307931965300495,0.028287016176511685,0,100
C_weaker_ordinal_smoothness,20,25,input_dependent_ordinal,2,1175,0.9046808510638298,2.1225531914893616,2.1225531914893616,0,0.605164322873447,0.02334477899809973,0.18540705252947964,0.02334477899809973,0,100
C_weaker_ordinal_smoothness,20,25,input_dependent_ordinal,0,248,0.9516129032258065,1.5483870967741935,1.5483870967741935,0,0.49877949032325,0.01648326712121808,0.0065500692628239765,0.01648326712121808,0,20
C_weaker_ordinal_smoothness,20,26,independent_mondrian,0,264,0.8674242424242424,1.2196969696969697,1.2196969696969697,0,0.0,0.0,0.47013525744219453,0.0,0,20
C_weaker_ordinal_smoothness,20,26,independent_mondrian,2,1184,0.893581081081081,1.8564189189189189,1.8564189189189189,0,0.0,0.0,0.7659124374902219,0.0,0,100
C_weaker_ordinal_smoothness,20,26,independent_mondrian,1,1202,0.8244592346089851,1.8793677204658903,1.8793677204658903,0,0.0,0.0,0.4326201286940643,0.0,0,100
C_weaker_ordinal_smoothness,20,26,independent_mondrian,3,1163,0.8383490971625107,2.2003439380911436,2.2003439380911436,0,0.0,0.0,0.53367640764435,0.0,0,100
C_weaker_ordinal_smoothness,20,26,independent_mondrian,4,1187,0.8930075821398483,1.4700926705981465,1.4700926705981465,0,0.0,0.0,0.7179088847437531,0.0,0,100
C_weaker_ordinal_smoothness,20,26,ordinal_cluster,0,264,0.8446969696969697,1.3371212121212122,1.3371212121212122,0,0.0,0.0,0.4326201286940643,0.0,0,20
C_weaker_ordinal_smoothness,20,26,ordinal_cluster,2,1184,0.7846283783783784,2.012668918918919,2.012668918918919,0,0.0,0.0,0.5807207947713465,0.0,0,100
C_weaker_ordinal_smoothness,20,26,ordinal_cluster,1,1202,0.9317803660565723,1.7321131447587355,1.7321131447587355,0,0.0,0.0,0.6031952486044053,0.0,0,100
C_weaker_ordinal_smoothness,20,26,ordinal_cluster,3,1163,0.9191745485812554,2.0232158211521925,2.0232158211521925,0,0.0,0.0,0.67249680543897,0.0,0,100
C_weaker_ordinal_smoothness,20,26,ordinal_cluster,4,1187,0.8668913226621735,1.5181128896377423,1.5181128896377423,0,0.0,0.0,0.6588983853340789,0.0,0,100
C_weaker_ordinal_smoothness,20,26,input_dependent_nonordinal,0,264,0.7727272727272727,1.1136363636363635,1.1136363636363635,0,0.46958134220100006,0.022832399025437714,-0.09999041302275913,0.022832399025437714,0,20
C_weaker_ordinal_smoothness,20,26,input_dependent_nonordinal,2,1184,0.8513513513513513,1.869087837837838,1.869087837837838,0,0.7832659452500274,0.021694307597419218,-0.10093446689018859,0.021694307597419218,0,100
C_weaker_ordinal_smoothness,20,26,input_dependent_nonordinal,1,1202,0.8452579034941764,1.6772046589018303,1.6772046589018303,0,0.5114022319985003,0.023819837254541613,-0.050686898272000125,0.023819837254541613,0,100
C_weaker_ordinal_smoothness,20,26,input_dependent_nonordinal,3,1163,0.8581255374032674,1.9931212381771282,1.9931212381771282,0,0.5542603965809431,0.019730341549079426,-0.00659552404375191,0.019730341549079426,0,100
C_weaker_ordinal_smoothness,20,26,input_dependent_nonordinal,4,1187,0.8820556023588879,1.3951137320977254,1.3951137320977254,0,0.7058125918704834,0.03959047553023536,-0.029683330400926355,0.03959047553023536,0,100
C_weaker_ordinal_smoothness,20,26,input_dependent_ordinal,0,264,0.8181818181818182,1.1553030303030303,1.1553030303030303,0,0.5144664333844287,0.016654158755671493,-0.11131245157267478,0.016654158755671493,0,20
C_weaker_ordinal_smoothness,20,26,input_dependent_ordinal,2,1184,0.8505067567567568,1.8918918918918919,1.8918918918918919,0,0.625118899527525,0.025049624272302475,0.05293742777338817,0.025049624272302475,0,100
C_weaker_ordinal_smoothness,20,26,input_dependent_ordinal,1,1202,0.8452579034941764,1.7088186356073212,1.7088186356073212,0,0.5666883840738064,0.02139810506487452,-0.11024924171361467,0.02139810506487452,0,100
C_weaker_ordinal_smoothness,20,26,input_dependent_ordinal,3,1163,0.883061049011178,1.999140154772141,1.999140154772141,0,0.6593742007992905,0.026944890074736882,-0.07566349116677135,0.026944890074736882,0,100
C_weaker_ordinal_smoothness,20,26,input_dependent_ordinal,4,1187,0.8786857624262847,1.422072451558551,1.422072451558551,0,0.6921078442735421,0.030906537959136997,-0.029700543542668267,0.030906537959136997,0,100
C_weaker_ordinal_smoothness,20,27,independent_mondrian,4,1190,0.8915966386554622,1.6084033613445379,1.6084033613445379,0,0.0,0.0,0.6636284712141456,0.0,0,100
C_weaker_ordinal_smoothness,20,27,independent_mondrian,2,1182,0.8578680203045685,2.021150592216582,2.021150592216582,0,0.0,0.0,0.6787514729782518,0.0,0,100
C_weaker_ordinal_smoothness,20,27,independent_mondrian,3,1244,0.9381028938906752,2.1406752411575565,2.1406752411575565,0,0.0,0.0,0.7294610498755527,0.0,0,100
C_weaker_ordinal_smoothness,20,27,independent_mondrian,1,1126,0.8872113676731794,1.7770870337477798,1.7770870337477798,0,0.0,0.0,0.511167251305763,0.0,0,100
C_weaker_ordinal_smoothness,20,27,independent_mondrian,0,258,0.8178294573643411,1.2131782945736433,1.2131782945736433,0,0.0,0.0,0.3668269250824294,0.0,0,20
C_weaker_ordinal_smoothness,20,27,ordinal_cluster,4,1190,0.8915966386554622,1.542857142857143,1.542857142857143,0,0.0,0.0,0.6636284712141456,0.0,0,100
C_weaker_ordinal_smoothness,20,27,ordinal_cluster,2,1182,0.8417935702199661,2.1015228426395938,2.1015228426395938,0,0.0,0.0,0.6467852279238073,0.0,0,100
C_weaker_ordinal_smoothness,20,27,ordinal_cluster,3,1244,0.9212218649517685,2.1117363344051445,2.1117363344051445,0,0.0,0.0,0.6690534015802772,0.0,0,100
C_weaker_ordinal_smoothness,20,27,ordinal_cluster,1,1126,0.9413854351687388,1.896980461811723,1.896980461811723,0,0.0,0.0,0.6302430101286917,0.0,0,100
C_weaker_ordinal_smoothness,20,27,ordinal_cluster,0,258,0.937984496124031,1.4883720930232558,1.4883720930232558,0,0.0,0.0,0.486529261725559,0.0,0,20
C_weaker_ordinal_smoothness,20,27,input_dependent_nonordinal,4,1190,0.8605042016806723,1.4638655462184873,1.4638655462184873,0,0.6937757647746554,0.028940522971511673,-0.07323124392255115,0.028940522971511673,0,100
C_weaker_ordinal_smoothness,20,27,input_dependent_nonordinal,2,1182,0.8553299492385786,1.910321489001692,1.910321489001692,0,0.7484547168584047,0.02192415353746109,-0.0734010718689202,0.02192415353746109,0,100
C_weaker_ordinal_smoothness,20,27,input_dependent_nonordinal,3,1244,0.9155948553054662,1.982315112540193,1.982315112540193,0,0.5834062739291854,0.019682577739958105,0.047084781748522264,0.019682577739958105,0,100
C_weaker_ordinal_smoothness,20,27,input_dependent_nonordinal,1,1126,0.8827708703374778,1.7238010657193605,1.7238010657193605,0,0.5211935568342239,0.021945603126458758,-0.025846251524767938,0.021945603126458758,0,100
C_weaker_ordinal_smoothness,20,27,input_dependent_nonordinal,0,258,0.8488372093023255,1.2093023255813953,1.2093023255813953,0,0.43830783632997317,0.014107763208287232,-0.07847168411935601,0.014107763208287232,0,20
C_weaker_ordinal_smoothness,20,27,input_dependent_ordinal,4,1190,0.8554621848739495,1.4563025210084033,1.4563025210084033,0,0.6981510298201945,0.026153060507421545,-0.08739729631426651,0.026153060507421545,0,100
C_weaker_ordinal_smoothness,20,27,input_dependent_ordinal,2,1182,0.8578680203045685,1.9027072758037225,1.9027072758037225,0,0.6161458609171503,0.02384878516034811,0.062163206833554585,0.02384878516034811,0,100
C_weaker_ordinal_smoothness,20,27,input_dependent_ordinal,3,1244,0.9172025723472669,1.9742765273311897,1.9742765273311897,0,0.6551250431719214,0.024180790659641214,-0.025920087018668547,0.024180790659641214,0,100
C_weaker_ordinal_smoothness,20,27,input_dependent_ordinal,1,1126,0.8765541740674956,1.733570159857904,1.733570159857904,0,0.5647674540251924,0.0202946093085305,-0.07696863509370333,0.0202946093085305,0,100
C_weaker_ordinal_smoothness,20,27,input_dependent_ordinal,0,258,0.8565891472868217,1.2170542635658914,1.2170542635658914,0,0.5133222758434905,0.0190803875017235,-0.12651556473591336,0.0190803875017235,0,20
C_weaker_ordinal_smoothness,20,28,independent_mondrian,2,1127,0.904170363797693,2.1073646850044367,2.1073646850044367,0,0.0,0.0,0.7861679172979309,0.0,0,100
C_weaker_ordinal_smoothness,20,28,independent_mondrian,3,1190,0.9218487394957983,2.36218487394958,2.36218487394958,0,0.0,0.0,0.6229864357274488,0.0,0,100
C_weaker_ordinal_smoothness,20,28,independent_mondrian,4,1221,0.9238329238329238,1.610974610974611,1.610974610974611,0,0.0,0.0,0.7705252211928455,0.0,0,100
C_weaker_ordinal_smoothness,20,28,independent_mondrian,1,1196,0.9230769230769231,1.955685618729097,1.955685618729097,0,0.0,0.0,0.5869052120779858,0.0,0,100
C_weaker_ordinal_smoothness,20,28,independent_mondrian,0,266,0.8721804511278195,1.4097744360902256,1.4097744360902256,0,0.0,0.0,0.40670881581124113,0.0,0,20
C_weaker_ordinal_smoothness,20,28,ordinal_cluster,2,1127,0.8376220053238687,2.1854480922803905,2.1854480922803905,0,0.0,0.0,0.6524352261189843,0.0,0,100
C_weaker_ordinal_smoothness,20,28,ordinal_cluster,3,1190,0.9521008403361344,2.161344537815126,2.161344537815126,0,0.0,0.0,0.7193544254977506,0.0,0,100
C_weaker_ordinal_smoothness,20,28,ordinal_cluster,4,1221,0.8886158886158886,1.5937755937755937,1.5937755937755937,0,0.0,0.0,0.684737600581834,0.0,0,100
C_weaker_ordinal_smoothness,20,28,ordinal_cluster,1,1196,0.955685618729097,1.991638795986622,1.991638795986622,0,0.0,0.0,0.6524352261189843,0.0,0,100
C_weaker_ordinal_smoothness,20,28,ordinal_cluster,0,266,0.9473684210526315,1.5977443609022557,1.5977443609022557,0,0.0,0.0,0.5263966077784356,0.0,0,20
C_weaker_ordinal_smoothness,20,28,input_dependent_nonordinal,2,1127,0.8988464951197871,2.1091393078970717,2.1091393078970717,0,0.7475118601491426,0.02205971856337695,-0.0035427566276547973,0.02205971856337695,0,100
C_weaker_ordinal_smoothness,20,28,input_dependent_nonordinal,3,1190,0.9117647058823529,2.23109243697479,2.23109243697479,0,0.564910831592569,0.026214043967700218,0.019934352753616436,0.026214043967700218,0,100
C_weaker_ordinal_smoothness,20,28,input_dependent_nonordinal,4,1221,0.9328419328419328,1.561015561015561,1.561015561015561,0,0.7069590405996379,0.022150126074986346,0.05429732001084375,0.022150126074986346,0,100
C_weaker_ordinal_smoothness,20,28,input_dependent_nonordinal,1,1196,0.9615384615384616,2.0785953177257523,2.0785953177257523,0,0.522340467885902,0.02372224503078214,0.10718960773492531,0.02372224503078214,0,100
C_weaker_ordinal_smoothness,20,28,input_dependent_nonordinal,0,266,0.9736842105263158,1.537593984962406,1.537593984962406,0,0.4746221105042441,0.03071457971974418,0.09493309096903518,0.03071457971974418,0,20
C_weaker_ordinal_smoothness,20,28,input_dependent_ordinal,2,1127,0.8988464951197871,2.0967169476486247,2.0967169476486247,0,0.6110422084276189,0.023995135187641063,0.1374574781077037,0.023995135187641063,0,100
C_weaker_ordinal_smoothness,20,28,input_dependent_ordinal,3,1190,0.9109243697478991,2.2319327731092438,2.2319327731092438,0,0.6540281841891941,0.023589350774117075,-0.07098214517469636,0.023589350774117075,0,100
C_weaker_ordinal_smoothness,20,28,input_dependent_ordinal,4,1221,0.9328419328419328,1.5634725634725635,1.5634725634725635,0,0.6992568268830824,0.023303859775505736,0.061246078690017414,0.023303859775505736,0,100
C_weaker_ordinal_smoothness,20,28,input_dependent_ordinal,1,1196,0.9623745819397993,2.067725752508361,2.067725752508361,0,0.5731910876966613,0.02487919660248221,0.06113265248440081,0.02487919660248221,0,100
C_weaker_ordinal_smoothness,20,28,input_dependent_ordinal,0,266,0.9699248120300752,1.537593984962406,1.537593984962406,0,0.5232215061619834,0.0251472816242537,0.02781087540345978,0.0251472816242537,0,20
C_weaker_ordinal_smoothness,20,29,independent_mondrian,1,1175,0.9251063829787234,1.8995744680851063,1.8995744680851063,0,0.0,0.0,0.5970170372026383,0.0,0,100
C_weaker_ordinal_smoothness,20,29,independent_mondrian,0,246,0.8373983739837398,1.410569105691057,1.410569105691057,0,0.0,0.0,0.42369671720057095,0.0,0,20
C_weaker_ordinal_smoothness,20,29,independent_mondrian,2,1212,0.8902640264026402,2.075907590759076,2.075907590759076,0,0.0,0.0,0.7291579283540839,0.0,0,100
C_weaker_ordinal_smoothness,20,29,independent_mondrian,4,1229,0.9080553295362083,1.532953620829943,1.532953620829943,0,0.0,0.0,0.7566645823491743,0.0,0,100
C_weaker_ordinal_smoothness,20,29,independent_mondrian,3,1138,0.8910369068541301,2.275043936731107,2.275043936731107,0,0.0,0.0,0.6016956864780246,0.0,0,100
C_weaker_ordinal_smoothness,20,29,ordinal_cluster,1,1175,0.9319148936170213,1.9208510638297873,1.9208510638297873,0,0.0,0.0,0.616469254107535,0.0,0,100
C_weaker_ordinal_smoothness,20,29,ordinal_cluster,0,246,0.9024390243902439,1.475609756097561,1.475609756097561,0,0.0,0.0,0.5318968189219095,0.0,0,20
C_weaker_ordinal_smoothness,20,29,ordinal_cluster,2,1212,0.8374587458745875,2.0536303630363038,2.0536303630363038,0,0.0,0.0,0.6228959731249898,0.0,0,100
C_weaker_ordinal_smoothness,20,29,ordinal_cluster,4,1229,0.8592351505288853,1.5012205044751832,1.5012205044751832,0,0.0,0.0,0.6380403289982043,0.0,0,100
C_weaker_ordinal_smoothness,20,29,ordinal_cluster,3,1138,0.9182776801405975,2.0536028119507908,2.0536028119507908,0,0.0,0.0,0.6558553886756194,0.0,0,100
C_weaker_ordinal_smoothness,20,29,input_dependent_nonordinal,1,1175,0.8740425531914894,1.7506382978723405,1.7506382978723405,0,0.5337084550930671,0.027310971599768308,-0.030441283969310645,0.027310971599768297,0,100
C_weaker_ordinal_smoothness,20,29,input_dependent_nonordinal,0,246,0.7073170731707317,1.1747967479674797,1.1747967479674797,0,0.43326681198836586,0.04241004950695072,-0.07743466306088197,0.04241004950695072,0,20
C_weaker_ordinal_smoothness,20,29,input_dependent_nonordinal,2,1212,0.8943894389438944,1.943894389438944,1.943894389438944,0,0.8051377587262568,0.03248064095196139,-0.07528115024914339,0.03248064095196139,0,100
C_weaker_ordinal_smoothness,20,29,input_dependent_nonordinal,4,1229,0.8925956061838893,1.5052888527257933,1.5052888527257933,0,0.7300723681392303,0.01965605027449474,-0.031671018172369614,0.01965605027449474,0,100
C_weaker_ordinal_smoothness,20,29,input_dependent_nonordinal,3,1138,0.8971880492091389,2.0975395430579966,2.0975395430579966,0,0.5953354237127172,0.022421785418872145,-0.012048680719544791,0.022421785418872145,0,100
C_weaker_ordinal_smoothness,20,29,input_dependent_ordinal,1,1175,0.8834042553191489,1.7702127659574467,1.7702127659574467,0,0.5813891693723369,0.030624527732254266,-0.06223953409926694,0.030624527732254266,0,100
C_weaker_ordinal_smoothness,20,29,input_dependent_ordinal,0,246,0.6910569105691057,1.1544715447154472,1.1544715447154472,0,0.5438331408238393,0.04044270154911792,-0.19528994823641566,0.04044270154911792,0,20
C_weaker_ordinal_smoothness,20,29,input_dependent_ordinal,2,1212,0.8993399339933993,1.9628712871287128,1.9628712871287128,0,0.6327256640358447,0.026429771324891976,0.10157494041558812,0.026429771324891976,0,100
C_weaker_ordinal_smoothness,20,29,input_dependent_ordinal,4,1229,0.8917819365337672,1.5117982099267697,1.5117982099267697,0,0.7320989924154279,0.019860049098878247,-0.03485260651461208,0.019860049098878247,0,100
C_weaker_ordinal_smoothness,20,29,input_dependent_ordinal,3,1138,0.8989455184534271,2.116871704745167,2.116871704745167,0,0.6845318187495368,0.024519837178437122,-0.09881709540057904,0.024519837178437122,0,100
C_weaker_ordinal_smoothness,20,30,independent_mondrian,1,1224,0.8954248366013072,2.1380718954248366,2.1380718954248366,0,0.0,0.0,0.5549299123750179,0.0,0,100
C_weaker_ordinal_smoothness,20,30,independent_mondrian,4,1187,0.9115417017691659,1.6133108677337826,1.6133108677337826,0,0.0,0.0,0.7451292286541197,0.0,0,100
C_weaker_ordinal_smoothness,20,30,independent_mondrian,3,1194,0.9388609715242882,2.21356783919598,2.21356783919598,0,0.0,0.0,0.6740383119461835,0.0,0,100
C_weaker_ordinal_smoothness,20,30,independent_mondrian,2,1148,0.8545296167247387,2.1350174216027873,2.1350174216027873,0,0.0,0.0,0.6553745763746561,0.0,0,100
C_weaker_ordinal_smoothness,20,30,independent_mondrian,0,247,0.9635627530364372,1.4008097165991902,1.4008097165991902,0,0.0,0.0,0.6932503227868623,0.0,0,20
C_weaker_ordinal_smoothness,20,30,ordinal_cluster,1,1224,0.9223856209150327,1.9689542483660132,1.9689542483660132,0,0.0,0.0,0.6087848182382444,0.0,0,100
C_weaker_ordinal_smoothness,20,30,ordinal_cluster,4,1187,0.8930075821398483,1.6107834877843303,1.6107834877843303,0,0.0,0.0,0.7167946639571392,0.0,0,100
C_weaker_ordinal_smoothness,20,30,ordinal_cluster,3,1194,0.9447236180904522,2.1725293132328307,2.1725293132328307,0,0.0,0.0,0.6975794793362924,0.0,0,100
C_weaker_ordinal_smoothness,20,30,ordinal_cluster,2,1148,0.8353658536585366,2.1367595818815333,2.1367595818815333,0,0.0,0.0,0.6254631761619857,0.0,0,100
C_weaker_ordinal_smoothness,20,30,ordinal_cluster,0,247,0.9352226720647774,1.4453441295546559,1.4453441295546559,0,0.0,0.0,0.5549299123750179,0.0,0,20
C_weaker_ordinal_smoothness,20,30,input_dependent_nonordinal,1,1224,0.8488562091503268,2.0277777777777777,2.0277777777777777,0,0.5195212600827703,0.027852964387220833,-0.03737363434327845,0.027852964387220833,0,100
C_weaker_ordinal_smoothness,20,30,input_dependent_nonordinal,4,1187,0.8980623420387531,1.570345408593092,1.570345408593092,0,0.7079785665187392,0.028983592120897867,0.007365900988851148,0.028983592120897867,0,100
C_weaker_ordinal_smoothness,20,30,input_dependent_nonordinal,3,1194,0.9338358458961474,2.147403685092127,2.147403685092127,0,0.5756465876356662,0.027298342155509296,0.064307097799843,0.027298342155509296,0,100
C_weaker_ordinal_smoothness,20,30,input_dependent_nonordinal,2,1148,0.8789198606271778,2.009581881533101,2.009581881533101,0,0.7443201297715935,0.01531998994424349,-0.060418981272105876,0.01531998994424349,0,100
C_weaker_ordinal_smoothness,20,30,input_dependent_nonordinal,0,247,0.9757085020242915,1.3279352226720649,1.3279352226720649,0,0.43056091222982096,0.020824684929901013,0.20735108768677962,0.020824684929901013,0,20
C_weaker_ordinal_smoothness,20,30,input_dependent_ordinal,1,1224,0.8521241830065359,2.0392156862745097,2.0392156862745097,0,0.5609679289091564,0.022482674327142918,-0.08647246547595322,0.022482674327142918,0,100
C_weaker_ordinal_smoothness,20,30,input_dependent_ordinal,4,1187,0.9022746419545071,1.5897219882055602,1.5897219882055602,0,0.7057212070312101,0.027718111096168823,0.014380722634315335,0.027718111096168823,0,100
C_weaker_ordinal_smoothness,20,30,input_dependent_ordinal,3,1194,0.9346733668341709,2.16499162479062,2.16499162479062,0,0.657187125305401,0.02527351217245307,-0.013893433526634746,0.02527351217245307,0,100
C_weaker_ordinal_smoothness,20,30,input_dependent_ordinal,2,1148,0.8893728222996515,2.0209059233449476,2.0209059233449476,0,0.6062602648800693,0.024985833476443026,0.10539718409639165,0.024985833476443026,0,100
C_weaker_ordinal_smoothness,20,30,input_dependent_ordinal,0,247,0.979757085020243,1.3279352226720649,1.3279352226720649,0,0.510300598132288,0.023116331413776708,0.12464600948358928,0.023116331413776708,0,20
C_weaker_ordinal_smoothness,20,31,independent_mondrian,1,1177,0.9022939677145284,2.110450297366185,2.110450297366185,0,0.0,0.0,0.5540075003547533,0.0,0,100
C_weaker_ordinal_smoothness,20,31,independent_mondrian,2,1153,0.8933217692974849,2.185602775368604,2.185602775368604,0,0.0,0.0,0.7886479577451088,0.0,0,100
C_weaker_ordinal_smoothness,20,31,independent_mondrian,4,1207,0.9287489643744822,1.6909693454846728,1.6909693454846728,0,0.0,0.0,0.7958286520889607,0.0,0,100
C_weaker_ordinal_smoothness,20,31,independent_mondrian,3,1191,0.9462636439966414,2.4164567590260284,2.4164567590260284,0,0.0,0.0,0.7019012690229902,0.0,0,100
C_weaker_ordinal_smoothness,20,31,independent_mondrian,0,272,0.9007352941176471,1.4044117647058822,1.4044117647058822,0,0.0,0.0,0.51649077899102,0.0,0,20
C_weaker_ordinal_smoothness,20,31,ordinal_cluster,1,1177,0.9422259983007647,2.044180118946474,2.044180118946474,0,0.0,0.0,0.6271637954903032,0.0,0,100
C_weaker_ordinal_smoothness,20,31,ordinal_cluster,2,1153,0.8473547267996531,2.238508239375542,2.238508239375542,0,0.0,0.0,0.6655030110521974,0.0,0,100
C_weaker_ordinal_smoothness,20,31,ordinal_cluster,4,1207,0.9212924606462303,1.6868268434134217,1.6868268434134217,0,0.0,0.0,0.7659481799512169,0.0,0,100
C_weaker_ordinal_smoothness,20,31,ordinal_cluster,3,1191,0.9588581024349286,2.258606213266163,2.258606213266163,0,0.0,0.0,0.7659481799512169,0.0,0,100
C_weaker_ordinal_smoothness,20,31,ordinal_cluster,0,272,0.9044117647058824,1.5147058823529411,1.5147058823529411,0,0.0,0.0,0.5386351119534104,0.0,0,20
C_weaker_ordinal_smoothness,20,31,input_dependent_nonordinal,1,1177,0.907391673746814,1.8887000849617672,1.8887000849617672,0,0.5365259480410874,0.02276674768947469,-0.013508932267642437,0.02276674768947469,0,100
C_weaker_ordinal_smoothness,20,31,input_dependent_nonordinal,2,1153,0.8872506504770165,2.0225498699045965,2.0225498699045965,0,0.781751394457179,0.03133146827046406,-0.040999927262791946,0.03133146827046406,0,100
C_weaker_ordinal_smoothness,20,31,input_dependent_nonordinal,4,1207,0.9105219552609777,1.6089478044739023,1.6089478044739023,0,0.6952000713711876,0.022925432956065066,0.011443014846518884,0.022925432956065066,0,100
C_weaker_ordinal_smoothness,20,31,input_dependent_nonordinal,3,1191,0.943744752308984,2.1947942905121747,2.1947942905121747,0,0.6145847068425204,0.028111684061387098,0.05841312381313257,0.028111684061387098,0,100
C_weaker_ordinal_smoothness,20,31,input_dependent_nonordinal,0,272,0.8051470588235294,1.275735294117647,1.275735294117647,0,0.4567207735542741,0.030328198994252868,-0.05671992248440838,0.030328198994252868,0,20
C_weaker_ordinal_smoothness,20,31,input_dependent_ordinal,1,1177,0.9124893797790994,1.8827527612574342,1.8827527612574342,0,0.593892536673705,0.027043934768847314,-0.05851098265555571,0.027043934768847314,0,100
C_weaker_ordinal_smoothness,20,31,input_dependent_ordinal,2,1153,0.8889852558542931,2.044232437120555,2.044232437120555,0,0.6315699876586361,0.02674838357850527,0.11182699204926994,0.02674838357850527,0,100
C_weaker_ordinal_smoothness,20,31,input_dependent_ordinal,4,1207,0.9096934548467275,1.6139188069594035,1.6139188069594035,0,0.712492919170048,0.025609487754706006,0.0010617568396110721,0.025609487754706006,0,100
C_weaker_ordinal_smoothness,20,31,input_dependent_ordinal,3,1191,0.9529806884970613,2.216624685138539,2.216624685138539,0,0.6733366211742468,0.025110273275445443,0.009573185990807476,0.025110273275445443,0,100
C_weaker_ordinal_smoothness,20,31,input_dependent_ordinal,0,272,0.7904411764705882,1.2794117647058822,1.2794117647058822,0,0.5630162715479187,0.026836782030945954,-0.1798537014047087,0.026836782030945954,0,20
C_weaker_ordinal_smoothness,20,32,independent_mondrian,2,1195,0.9347280334728033,2.205857740585774,2.205857740585774,0,0.0,0.0,0.8591093109023327,0.0,0,100
C_weaker_ordinal_smoothness,20,32,independent_mondrian,1,1223,0.9149632052330335,2.1823385118560914,2.1823385118560914,0,0.0,0.0,0.5830338586711112,0.0,0,100
C_weaker_ordinal_smoothness,20,32,independent_mondrian,4,1185,0.9088607594936708,1.6767932489451476,1.6767932489451476,0,0.0,0.0,0.7448433166516388,0.0,0,100
C_weaker_ordinal_smoothness,20,32,independent_mondrian,3,1157,0.9187554019014693,2.4200518582541055,2.4200518582541055,0,0.0,0.0,0.6461111905676864,0.0,0,100
C_weaker_ordinal_smoothness,20,32,independent_mondrian,0,240,0.9375,1.4666666666666666,1.4666666666666666,0,0.0,0.0,0.5461315807256899,0.0,0,20
C_weaker_ordinal_smoothness,20,32,ordinal_cluster,2,1195,0.8426778242677824,2.2652719665271968,2.2652719665271968,0,0.0,0.0,0.6734694402887577,0.0,0,100
C_weaker_ordinal_smoothness,20,32,ordinal_cluster,1,1223,0.9419460343417825,2.062959934587081,2.062959934587081,0,0.0,0.0,0.6734694402887577,0.0,0,100
C_weaker_ordinal_smoothness,20,32,ordinal_cluster,4,1185,0.8810126582278481,1.649789029535865,1.649789029535865,0,0.0,0.0,0.6781598673152456,0.0,0,100
C_weaker_ordinal_smoothness,20,32,ordinal_cluster,3,1157,0.9498703543647364,2.1927398444252377,2.1927398444252377,0,0.0,0.0,0.7524239811941965,0.0,0,100
C_weaker_ordinal_smoothness,20,32,ordinal_cluster,0,240,0.9375,1.5916666666666666,1.5916666666666666,0,0.0,0.0,0.5540502224116628,0.0,0,20
C_weaker_ordinal_smoothness,20,32,input_dependent_nonordinal,2,1195,0.9146443514644351,2.0677824267782428,2.0677824267782428,0,0.7899215136858618,0.029473971082552543,-0.0040322952433778925,0.029473971082552543,0,100
C_weaker_ordinal_smoothness,20,32,input_dependent_nonordinal,1,1223,0.8977923139820114,1.9411283728536386,1.9411283728536386,0,0.5303303804396762,0.028308001140953776,0.014277072640550559,0.028308001140953776,0,100
C_weaker_ordinal_smoothness,20,32,input_dependent_nonordinal,4,1185,0.9147679324894514,1.5679324894514768,1.5679324894514768,0,0.7220584784432469,0.026058039825423387,0.02797507839645319,0.026058039825423387,0,100
C_weaker_ordinal_smoothness,20,32,input_dependent_nonordinal,3,1157,0.902333621434745,2.235955056179775,2.235955056179775,0,0.5827145566283884,0.02405038462719451,-0.0020259887564304524,0.02405038462719451,0,100
C_weaker_ordinal_smoothness,20,32,input_dependent_nonordinal,0,240,0.9,1.3333333333333333,1.3333333333333333,0,0.4012613904264243,0.024442138484104647,0.03504229491030775,0.024442138484104647,0,20
C_weaker_ordinal_smoothness,20,32,input_dependent_ordinal,2,1195,0.9154811715481171,2.0702928870292885,2.0702928870292885,0,0.6304325156132878,0.026670006455267934,0.15718819465278766,0.026670006455267934,0,100
C_weaker_ordinal_smoothness,20,32,input_dependent_ordinal,1,1223,0.8977923139820114,1.9435813573180702,1.9435813573180702,0,0.5739530084666938,0.027236705562617678,-0.03058440223612008,0.027236705562617678,0,100
C_weaker_ordinal_smoothness,20,32,input_dependent_ordinal,4,1185,0.9147679324894514,1.5662447257383967,1.5662447257383967,0,0.7243866778677835,0.025535782849962215,0.023079167602119643,0.025535782849962215,0,100
C_weaker_ordinal_smoothness,20,32,input_dependent_ordinal,3,1157,0.8962834917891098,2.236819360414866,2.236819360414866,0,0.6736440766893237,0.026521360398184625,-0.09338208430314854,0.026521360398184625,0,100
C_weaker_ordinal_smoothness,20,32,input_dependent_ordinal,0,240,0.8958333333333334,1.325,1.325,0,0.5080980690350543,0.030373372048553143,-0.0761294838733729,0.030373372048553143,0,20
C_weaker_ordinal_smoothness,20,33,independent_mondrian,1,1247,0.9230152365677626,1.7923015236567763,1.7923015236567763,0,0.0,0.0,0.5713599576724359,0.0,0,100
C_weaker_ordinal_smoothness,20,33,independent_mondrian,3,1186,0.893760539629005,2.0101180438448565,2.0101180438448565,0,0.0,0.0,0.574248759598118,0.0,0,100
C_weaker_ordinal_smoothness,20,33,independent_mondrian,4,1144,0.8531468531468531,1.4248251748251748,1.4248251748251748,0,0.0,0.0,0.6389342354845315,0.0,0,100
C_weaker_ordinal_smoothness,20,33,independent_mondrian,2,1177,0.8309260832625318,1.9218351741716229,1.9218351741716229,0,0.0,0.0,0.6123623800377959,0.0,0,100
C_weaker_ordinal_smoothness,20,33,independent_mondrian,0,246,0.8983739837398373,1.386178861788618,1.386178861788618,0,0.0,0.0,0.47380972787900083,0.0,0,20
C_weaker_ordinal_smoothness,20,33,ordinal_cluster,1,1247,0.9374498797113071,1.8532477947072976,1.8532477947072976,0,0.0,0.0,0.5995543313017389,0.0,0,100
C_weaker_ordinal_smoothness,20,33,ordinal_cluster,3,1186,0.9148397976391232,2.011804384485666,2.011804384485666,0,0.0,0.0,0.614264922390713,0.0,0,100
C_weaker_ordinal_smoothness,20,33,ordinal_cluster,4,1144,0.8452797202797203,1.4536713286713288,1.4536713286713288,0,0.0,0.0,0.6253387711166735,0.0,0,100
C_weaker_ordinal_smoothness,20,33,ordinal_cluster,2,1177,0.822429906542056,1.9932030586236194,1.9932030586236194,0,0.0,0.0,0.5995543313017389,0.0,0,100
C_weaker_ordinal_smoothness,20,33,ordinal_cluster,0,246,0.9349593495934959,1.4552845528455285,1.4552845528455285,0,0.0,0.0,0.5213642606556861,0.0,0,20
C_weaker_ordinal_smoothness,20,33,input_dependent_nonordinal,1,1247,0.9013632718524459,1.7826784282277466,1.7826784282277466,0,0.5137350391194446,0.02088529897591614,0.0020346814288116355,0.02088529897591614,0,100
C_weaker_ordinal_smoothness,20,33,input_dependent_nonordinal,3,1186,0.887858347386172,2.111298482293423,2.111298482293423,0,0.5879917291045412,0.03085319470207896,-0.01846590618191113,0.03085319470207896,0,100
C_weaker_ordinal_smoothness,20,33,input_dependent_nonordinal,4,1144,0.8907342657342657,1.5026223776223777,1.5026223776223777,0,0.7099307575865301,0.01397328302146514,-0.008060873986503458,0.01397328302146514,0,100
C_weaker_ordinal_smoothness,20,33,input_dependent_nonordinal,2,1177,0.8785046728971962,1.925233644859813,1.925233644859813,0,0.7774508525563838,0.03240368482016416,-0.056681739981315205,0.03240368482016416,0,100
C_weaker_ordinal_smoothness,20,33,input_dependent_nonordinal,0,246,0.9024390243902439,1.3658536585365855,1.3658536585365855,0,0.45243873364386816,0.018809537340780173,-0.043530270111767466,0.018809537340780173,0,20
C_weaker_ordinal_smoothness,20,33,input_dependent_ordinal,1,1247,0.90056134723336,1.8083400160384924,1.8083400160384924,0,0.5695001445929719,0.025439436165887647,-0.048888505602245225,0.025439436165887647,0,100
C_weaker_ordinal_smoothness,20,33,input_dependent_ordinal,3,1186,0.8979763912310287,2.132377740303541,2.132377740303541,0,0.6637342832485972,0.02367451694969263,-0.09056576865531002,0.02367451694969263,0,100
C_weaker_ordinal_smoothness,20,33,input_dependent_ordinal,4,1144,0.9064685314685315,1.5174825174825175,1.5174825174825175,0,0.7135784258642817,0.022562898562575644,0.01665087613757099,0.022562898562575644,0,100
C_weaker_ordinal_smoothness,20,33,input_dependent_ordinal,2,1177,0.8751062022090059,1.961767204757859,1.961767204757859,0,0.6179230492829563,0.02458125047118036,0.08968403614404796,0.02458125047118036,0,100
C_weaker_ordinal_smoothness,20,33,input_dependent_ordinal,0,246,0.9186991869918699,1.3739837398373984,1.3739837398373984,0,0.5111481650089564,0.026984338445175938,-0.0683266226360923,0.026984338445175938,0,20
C_weaker_ordinal_smoothness,20,34,independent_mondrian,2,1157,0.8193604148660328,1.9265341400172862,1.9265341400172862,0,0.0,0.0,0.6055458870289456,0.0,0,100
C_weaker_ordinal_smoothness,20,34,independent_mondrian,1,1182,0.9094754653130288,1.616751269035533,1.616751269035533,0,0.0,0.0,0.5458445785442039,0.0,0,100
C_weaker_ordinal_smoothness,20,34,independent_mondrian,3,1214,0.8962108731466227,2.1210873146622733,2.1210873146622733,0,0.0,0.0,0.5866908705235243,0.0,0,100
C_weaker_ordinal_smoothness,20,34,independent_mondrian,4,1213,0.9274525968672712,1.491343775762572,1.491343775762572,0,0.0,0.0,0.752851661443032,0.0,0,100
C_weaker_ordinal_smoothness,20,34,independent_mondrian,0,234,0.7521367521367521,1.170940170940171,1.170940170940171,0,0.0,0.0,0.3404152620554726,0.0,0,20
C_weaker_ordinal_smoothness,20,34,ordinal_cluster,2,1157,0.8072601555747623,1.9455488331892827,1.9455488331892827,0,0.0,0.0,0.5865519793990018,0.0,0,100
C_weaker_ordinal_smoothness,20,34,ordinal_cluster,1,1182,0.9153976311336718,1.799492385786802,1.799492385786802,0,0.0,0.0,0.5577284553128098,0.0,0,100
C_weaker_ordinal_smoothness,20,34,ordinal_cluster,3,1214,0.9069192751235585,2.0057660626029654,2.0057660626029654,0,0.0,0.0,0.6321019981586306,0.0,0,100
C_weaker_ordinal_smoothness,20,34,ordinal_cluster,4,1213,0.8837592745259687,1.4863973619126134,1.4863973619126134,0,0.0,0.0,0.6620009877109803,0.0,0,100
C_weaker_ordinal_smoothness,20,34,ordinal_cluster,0,234,0.9316239316239316,1.3675213675213675,1.3675213675213675,0,0.0,0.0,0.5028398333890032,0.0,0,20
C_weaker_ordinal_smoothness,20,34,input_dependent_nonordinal,2,1157,0.8288677614520311,1.9360414866032845,1.9360414866032845,0,0.721599914109956,0.019646871432723513,-0.09627016903300911,0.019646871432723513,0,100
C_weaker_ordinal_smoothness,20,34,input_dependent_nonordinal,1,1182,0.9060913705583756,1.6362098138747885,1.6362098138747885,0,0.5136484015159404,0.02236253523166554,0.007988570876233947,0.02236253523166554,0,100
C_weaker_ordinal_smoothness,20,34,input_dependent_nonordinal,3,1214,0.9266886326194399,2.084843492586491,2.084843492586491,0,0.5712057260630724,0.020857273440772723,0.0475564425685312,0.020857273440772723,0,100
C_weaker_ordinal_smoothness,20,34,input_dependent_nonordinal,4,1213,0.9307502061005771,1.5226710634789777,1.5226710634789777,0,0.680281423491874,0.021567524643640614,0.04487307052691769,0.021567524643640614,0,100
C_weaker_ordinal_smoothness,20,34,input_dependent_nonordinal,0,234,0.7991452991452992,1.2564102564102564,1.2564102564102564,0,0.44755419255073514,0.007801191732183177,-0.08090574985974452,0.007801191732183177,0,20
C_weaker_ordinal_smoothness,20,34,input_dependent_ordinal,2,1157,0.8280034572169404,1.9273984442523768,1.9273984442523768,0,0.6005837758316527,0.01983888982515741,0.024071300927591244,0.01983888982515741,0,100
C_weaker_ordinal_smoothness,20,34,input_dependent_ordinal,1,1182,0.9027072758037225,1.6539763113367174,1.6539763113367174,0,0.5485342424559322,0.019533794611286293,-0.037231929962894095,0.019533794611286293,0,100
C_weaker_ordinal_smoothness,20,34,input_dependent_ordinal,3,1214,0.9275123558484349,2.080724876441516,2.080724876441516,0,0.6434595901177161,0.021569818882836374,-0.022833620712880975,0.021569818882836374,0,100
C_weaker_ordinal_smoothness,20,34,input_dependent_ordinal,4,1213,0.9291014014839242,1.5226710634789777,1.5226710634789777,0,0.678983165245604,0.02221078051674046,0.04524158353581764,0.02221078051674046,0,100
C_weaker_ordinal_smoothness,20,34,input_dependent_ordinal,0,234,0.8333333333333334,1.2606837606837606,1.2606837606837606,0,0.5288255735002696,0.01550937536704152,-0.1418939441220577,0.01550937536704152,0,20
C_weaker_ordinal_smoothness,20,35,independent_mondrian,3,1206,0.900497512437811,2.3117744610281923,2.3117744610281923,0,0.0,0.0,0.5977002569879567,0.0,0,100
C_weaker_ordinal_smoothness,20,35,independent_mondrian,4,1188,0.92003367003367,1.5892255892255893,1.5892255892255893,0,0.0,0.0,0.7725264406946817,0.0,0,100
C_weaker_ordinal_smoothness,20,35,independent_mondrian,1,1177,0.8878504672897196,2.02803738317757,2.02803738317757,0,0.0,0.0,0.5084245035511483,0.0,0,100
C_weaker_ordinal_smoothness,20,35,independent_mondrian,2,1162,0.9010327022375215,2.0283993115318415,2.0283993115318415,0,0.0,0.0,0.751074056636499,0.0,0,100
C_weaker_ordinal_smoothness,20,35,independent_mondrian,0,267,0.9438202247191011,1.3632958801498127,1.3632958801498127,0,0.0,0.0,0.5246938266931678,0.0,0,20
C_weaker_ordinal_smoothness,20,35,ordinal_cluster,3,1206,0.9344941956882256,2.125207296849088,2.125207296849088,0,0.0,0.0,0.7038376709596026,0.0,0,100
C_weaker_ordinal_smoothness,20,35,ordinal_cluster,4,1188,0.8636363636363636,1.5909090909090908,1.5909090909090908,0,0.0,0.0,0.661573839127268,0.0,0,100
C_weaker_ordinal_smoothness,20,35,ordinal_cluster,1,1177,0.9490229396771452,1.961767204757859,1.961767204757859,0,0.0,0.0,0.6665786960100795,0.0,0,100
C_weaker_ordinal_smoothness,20,35,ordinal_cluster,2,1162,0.8399311531841652,2.157487091222031,2.157487091222031,0,0.0,0.0,0.6441377371016441,0.0,0,100
C_weaker_ordinal_smoothness,20,35,ordinal_cluster,0,267,0.9400749063670412,1.6029962546816479,1.6029962546816479,0,0.0,0.0,0.5141902483546075,0.0,0,20
C_weaker_ordinal_smoothness,20,35,input_dependent_nonordinal,3,1206,0.9145936981757877,2.2023217247097846,2.2023217247097846,0,0.5528046243072465,0.021822354207753386,0.05045479579686912,0.021822354207753386,0,100
C_weaker_ordinal_smoothness,20,35,input_dependent_nonordinal,4,1188,0.9040404040404041,1.5563973063973064,1.5563973063973064,0,0.7108196357078655,0.03201580418701339,0.03995976733068385,0.03201580418701339,0,100
C_weaker_ordinal_smoothness,20,35,input_dependent_nonordinal,1,1177,0.892948173322005,1.97196261682243,1.97196261682243,0,0.5029870062036065,0.019120727617940324,0.0031921080267899304,0.019120727617940324,0,100
C_weaker_ordinal_smoothness,20,35,input_dependent_nonordinal,2,1162,0.9044750430292599,2.0154905335628226,2.0154905335628226,0,0.7432557729859309,0.015824624993369868,-0.012225317334502273,0.015824624993369868,0,100
C_weaker_ordinal_smoothness,20,35,input_dependent_nonordinal,0,267,0.9625468164794008,1.3782771535580525,1.3782771535580525,0,0.4472402329054571,0.008683839163557739,0.08874072293575136,0.008683839163557739,0,20
C_weaker_ordinal_smoothness,20,35,input_dependent_ordinal,3,1206,0.9195688225538972,2.2155887230514097,2.2155887230514097,0,0.649956603889063,0.02478605040618725,-0.038911039107067724,0.02478605040618725,0,100
C_weaker_ordinal_smoothness,20,35,input_dependent_ordinal,4,1188,0.8998316498316499,1.5648148148148149,1.5648148148148149,0,0.6979759331135089,0.029542964558091498,0.047926102634917034,0.029542964558091498,0,100
C_weaker_ordinal_smoothness,20,35,input_dependent_ordinal,1,1177,0.8988954970263382,2.0050977060322857,2.0050977060322857,0,0.5488087081655568,0.0159000236564482,-0.04127351801181467,0.0159000236564482,0,100
C_weaker_ordinal_smoothness,20,35,input_dependent_ordinal,2,1162,0.9139414802065404,2.0378657487091223,2.0378657487091223,0,0.5986746728016474,0.02006161860239527,0.14744471808832893,0.02006161860239527,0,100
C_weaker_ordinal_smoothness,20,35,input_dependent_ordinal,0,267,0.9662921348314607,1.408239700374532,1.408239700374532,0,0.4970681122648481,0.012005281705676905,0.049357829125356745,0.012005281705676905,0,20
C_weaker_ordinal_smoothness,20,36,independent_mondrian,3,1192,0.8657718120805369,2.1182885906040267,2.1182885906040267,0,0.0,0.0,0.578110455955326,0.0,0,100
C_weaker_ordinal_smoothness,20,36,independent_mondrian,2,1173,0.907075873827792,1.9727195225916454,1.9727195225916454,0,0.0,0.0,0.7692103130955464,0.0,0,100
C_weaker_ordinal_smoothness,20,36,independent_mondrian,1,1246,0.9085072231139647,1.8868378812199036,1.8868378812199036,0,0.0,0.0,0.5626545134196566,0.0,0,100
C_weaker_ordinal_smoothness,20,36,independent_mondrian,4,1136,0.8186619718309859,1.4383802816901408,1.4383802816901408,0,0.0,0.0,0.6026032919400943,0.0,0,100
C_weaker_ordinal_smoothness,20,36,independent_mondrian,0,253,0.857707509881423,1.3873517786561265,1.3873517786561265,0,0.0,0.0,0.3846971564242486,0.0,0,20
C_weaker_ordinal_smoothness,20,36,ordinal_cluster,3,1192,0.9085570469798657,1.99496644295302,1.99496644295302,0,0.0,0.0,0.6586768051746681,0.0,0,100
C_weaker_ordinal_smoothness,20,36,ordinal_cluster,2,1173,0.8175618073316283,2.0980392156862746,2.0980392156862746,0,0.0,0.0,0.614934326100965,0.0,0,100
C_weaker_ordinal_smoothness,20,36,ordinal_cluster,1,1246,0.9462279293739968,1.9317817014446228,1.9317817014446228,0,0.0,0.0,0.6615893817068865,0.0,0,100
C_weaker_ordinal_smoothness,20,36,ordinal_cluster,4,1136,0.8089788732394366,1.448943661971831,1.448943661971831,0,0.0,0.0,0.5905277342681382,0.0,0,100
C_weaker_ordinal_smoothness,20,36,ordinal_cluster,0,253,0.9407114624505929,1.6047430830039526,1.6047430830039526,0,0.0,0.0,0.5342001356395618,0.0,0,20
C_weaker_ordinal_smoothness,20,36,input_dependent_nonordinal,3,1192,0.8682885906040269,2.026006711409396,2.026006711409396,0,0.5896856950678045,0.01965569103740846,-0.03430625736080323,0.01965569103740846,0,100
C_weaker_ordinal_smoothness,20,36,input_dependent_nonordinal,2,1173,0.8891730605285593,1.8934356351236146,1.8934356351236146,0,0.7711004582250002,0.023513940692683956,-0.03685443297399693,0.023513940692683956,0,100
C_weaker_ordinal_smoothness,20,36,input_dependent_nonordinal,1,1246,0.8820224719101124,1.761637239165329,1.761637239165329,0,0.5164973616707269,0.02595551902688848,-0.01870565495355697,0.02595551902688848,0,100
C_weaker_ordinal_smoothness,20,36,input_dependent_nonordinal,4,1136,0.8591549295774648,1.4445422535211268,1.4445422535211268,0,0.7289695260769137,0.027822593058478257,-0.07222600573433224,0.027822593058478257,0,100
C_weaker_ordinal_smoothness,20,36,input_dependent_nonordinal,0,253,0.8260869565217391,1.2687747035573123,1.2687747035573123,0,0.4409109712772812,0.02212911431973997,-0.0790059324535673,0.02212911431973997,0,20
C_weaker_ordinal_smoothness,20,36,input_dependent_ordinal,3,1192,0.8741610738255033,2.0293624161073827,2.0293624161073827,0,0.6658088388571618,0.024064729864357044,-0.09893106056423062,0.024064729864357044,0,100
C_weaker_ordinal_smoothness,20,36,input_dependent_ordinal,2,1173,0.8925831202046036,1.895140664961637,1.895140664961637,0,0.6215969380647387,0.025345207357923706,0.11961315305363929,0.025345207357923706,0,100
C_weaker_ordinal_smoothness,20,36,input_dependent_ordinal,1,1246,0.8796147672552167,1.7736757624398074,1.7736757624398074,0,0.5648257026046766,0.02385328254458288,-0.07526709807374954,0.02385328254458288,0,100
C_weaker_ordinal_smoothness,20,36,input_dependent_ordinal,4,1136,0.8556338028169014,1.4568661971830985,1.4568661971830985,0,0.7309221190119827,0.0239987410794589,-0.08322389422304122,0.0239987410794589,0,100
C_weaker_ordinal_smoothness,20,36,input_dependent_ordinal,0,253,0.8023715415019763,1.2490118577075098,1.2490118577075098,0,0.5163812273627569,0.024598885939744672,-0.16290311371718658,0.024598885939744672,0,20
C_weaker_ordinal_smoothness,20,37,independent_mondrian,4,1189,0.9234650967199327,1.6366694701429774,1.6366694701429774,0,0.0,0.0,0.7537308674470043,0.0,0,100
C_weaker_ordinal_smoothness,20,37,independent_mondrian,1,1182,0.9052453468697124,2.1869712351945854,2.1869712351945854,0,0.0,0.0,0.5328183684052291,0.0,0,100
C_weaker_ordinal_smoothness,20,37,independent_mondrian,3,1219,0.9048400328137818,2.364232977850697,2.364232977850697,0,0.0,0.0,0.6490359987811561,0.0,0,100
C_weaker_ordinal_smoothness,20,37,independent_mondrian,2,1150,0.9191304347826087,2.151304347826087,2.151304347826087,0,0.0,0.0,0.8328127379748057,0.0,0,100
C_weaker_ordinal_smoothness,20,37,independent_mondrian,0,260,0.9230769230769231,1.4038461538461537,1.4038461538461537,0,0.0,0.0,0.5509777955320083,0.0,0,20
C_weaker_ordinal_smoothness,20,37,ordinal_cluster,4,1189,0.8940285954583683,1.6568544995794785,1.6568544995794785,0,0.0,0.0,0.6686330664662223,0.0,0,100
C_weaker_ordinal_smoothness,20,37,ordinal_cluster,1,1182,0.9686971235194586,2.1142131979695433,2.1142131979695433,0,0.0,0.0,0.7298159315160542,0.0,0,100
C_weaker_ordinal_smoothness,20,37,ordinal_cluster,3,1219,0.9401148482362592,2.250205086136177,2.250205086136177,0,0.0,0.0,0.7494520542135173,0.0,0,100
C_weaker_ordinal_smoothness,20,37,ordinal_cluster,2,1150,0.8686956521739131,2.2991304347826085,2.2991304347826085,0,0.0,0.0,0.7165388774305779,0.0,0,100
C_weaker_ordinal_smoothness,20,37,ordinal_cluster,0,260,0.9230769230769231,1.6884615384615385,1.6884615384615385,0,0.0,0.0,0.5328183684052291,0.0,0,20
C_weaker_ordinal_smoothness,20,37,input_dependent_nonordinal,4,1189,0.9125315391084945,1.6593776282590411,1.6593776282590411,0,0.6957094977044345,0.02354307752028758,0.011600227593029588,0.02354307752028758,0,100
C_weaker_ordinal_smoothness,20,37,input_dependent_nonordinal,1,1182,0.8942470389170897,2.0524534686971236,2.0524534686971236,0,0.5137208899294501,0.022918374491939272,-0.01174457878952756,0.022918374491939272,0,100
C_weaker_ordinal_smoothness,20,37,input_dependent_nonordinal,3,1219,0.9319114027891715,2.3568498769483184,2.3568498769483184,0,0.5857722636156492,0.02201967864332974,0.059745718899967715,0.02201967864332974,0,100
C_weaker_ordinal_smoothness,20,37,input_dependent_nonordinal,2,1150,0.9478260869565217,2.094782608695652,2.094782608695652,0,0.7695764467142147,0.036302138904317875,0.15220063844229814,0.036302138904317875,0,100
C_weaker_ordinal_smoothness,20,37,input_dependent_nonordinal,0,260,0.8692307692307693,1.4307692307692308,1.4307692307692308,0,0.41918200979942927,0.02483460402715004,0.017886725163509365,0.02483460402715004,0,20
C_weaker_ordinal_smoothness,20,37,input_dependent_ordinal,4,1189,0.9100084104289319,1.6349873843566023,1.6349873843566023,0,0.7021977128209665,0.02408405171580539,0.002161551701383213,0.02408405171580539,0,100
C_weaker_ordinal_smoothness,20,37,input_dependent_ordinal,1,1182,0.9018612521150592,2.0710659898477157,2.0710659898477157,0,0.5618579689178592,0.02649334402707064,-0.04945181843312296,0.02649334402707064,0,100
C_weaker_ordinal_smoothness,20,37,input_dependent_ordinal,3,1219,0.92616899097621,2.3519278096800655,2.3519278096800655,0,0.6646042363768515,0.024802001918475747,-0.031033823406879435,0.024802001918475747,0,100
C_weaker_ordinal_smoothness,20,37,input_dependent_ordinal,2,1150,0.948695652173913,2.0878260869565217,2.0878260869565217,0,0.6162271366398078,0.026691488179807817,0.2982387329443107,0.026691488179807817,0,100
C_weaker_ordinal_smoothness,20,37,input_dependent_ordinal,0,260,0.8692307692307693,1.4230769230769231,1.4230769230769231,0,0.5241443453075861,0.025711262935578565,-0.0843162240210319,0.025711262935578565,0,20
C_weaker_ordinal_smoothness,20,38,independent_mondrian,1,1209,0.8775847808105872,1.8535980148883375,1.8535980148883375,0,0.0,0.0,0.5047511112635724,0.0,0,100
C_weaker_ordinal_smoothness,20,38,independent_mondrian,4,1178,0.9235993208828522,1.435483870967742,1.435483870967742,0,0.0,0.0,0.821056767117937,0.0,0,100
C_weaker_ordinal_smoothness,20,38,independent_mondrian,3,1197,0.8295739348370927,2.2514619883040936,2.2514619883040936,0,0.0,0.0,0.4792374103017085,0.0,0,100
C_weaker_ordinal_smoothness,20,38,independent_mondrian,0,248,0.8588709677419355,1.2298387096774193,1.2298387096774193,0,0.0,0.0,0.4120385517903059,0.0,0,20
C_weaker_ordinal_smoothness,20,38,independent_mondrian,2,1168,0.8861301369863014,1.9400684931506849,1.9400684931506849,0,0.0,0.0,0.7343517835880331,0.0,0,100
C_weaker_ordinal_smoothness,20,38,ordinal_cluster,1,1209,0.9363110008271298,1.9205955334987592,1.9205955334987592,0,0.0,0.0,0.6577179399452638,0.0,0,100
C_weaker_ordinal_smoothness,20,38,ordinal_cluster,4,1178,0.8735144312393888,1.5899830220713074,1.5899830220713074,0,0.0,0.0,0.691379748737226,0.0,0,100
C_weaker_ordinal_smoothness,20,38,ordinal_cluster,3,1197,0.9448621553884712,2.1695906432748537,2.1695906432748537,0,0.0,0.0,0.7131457355525975,0.0,0,100
C_weaker_ordinal_smoothness,20,38,ordinal_cluster,0,248,0.8951612903225806,1.4838709677419355,1.4838709677419355,0,0.0,0.0,0.49636412875156033,0.0,0,20
C_weaker_ordinal_smoothness,20,38,ordinal_cluster,2,1168,0.8381849315068494,2.180650684931507,2.180650684931507,0,0.0,0.0,0.6420697658978357,0.0,0,100
C_weaker_ordinal_smoothness,20,38,input_dependent_nonordinal,1,1209,0.8866832092638545,1.8387096774193548,1.8387096774193548,0,0.5175542776148794,0.021517198146693853,-0.018070314925195508,0.021517198146693853,0,100
C_weaker_ordinal_smoothness,20,38,input_dependent_nonordinal,4,1178,0.8896434634974533,1.4235993208828523,1.4235993208828523,0,0.7182606379421751,0.03715144330790169,5.184415225922834e-05,0.03715144330790169,0,100
C_weaker_ordinal_smoothness,20,38,input_dependent_nonordinal,3,1197,0.8412698412698413,2.0793650793650795,2.0793650793650795,0,0.5688458310685747,0.021984360538868205,-0.06526905380871362,0.021984360538868205,0,100
C_weaker_ordinal_smoothness,20,38,input_dependent_nonordinal,0,248,0.8588709677419355,1.2056451612903225,1.2056451612903225,0,0.40985737554910756,0.02276346535982301,-0.005918297350059554,0.02276346535982301,0,20
C_weaker_ordinal_smoothness,20,38,input_dependent_nonordinal,2,1168,0.8946917808219178,1.8904109589041096,1.8904109589041096,0,0.7486919014566151,0.01976961269572841,-0.012739074269841444,0.01976961269572841,0,100
C_weaker_ordinal_smoothness,20,38,input_dependent_ordinal,1,1209,0.890818858560794,1.8535980148883375,1.8535980148883375,0,0.5602643171401563,0.019476773956963987,-0.05757424092109775,0.019476773956963987,0,100
C_weaker_ordinal_smoothness,20,38,input_dependent_ordinal,4,1178,0.8904923599320883,1.4380305602716468,1.4380305602716468,0,0.7074067029661627,0.030902232485042966,0.014164691640418003,0.030902232485042966,0,100
C_weaker_ordinal_smoothness,20,38,input_dependent_ordinal,3,1197,0.8504594820384294,2.100250626566416,2.100250626566416,0,0.6603704192198258,0.02679625428292143,-0.14821363108365998,0.02679625428292143,0,100
C_weaker_ordinal_smoothness,20,38,input_dependent_ordinal,0,248,0.8790322580645161,1.2540322580645162,1.2540322580645162,0,0.49948532774937826,0.014979220201451706,-0.07699884312783734,0.014979220201451706,0,20
C_weaker_ordinal_smoothness,20,38,input_dependent_ordinal,2,1168,0.898972602739726,1.8921232876712328,1.8921232876712328,0,0.6037693783172796,0.023384682388803864,0.1409556752918681,0.023384682388803864,0,100
C_weaker_ordinal_smoothness,20,39,independent_mondrian,3,1207,0.9486329743164872,2.444076222038111,2.444076222038111,0,0.0,0.0,0.7115621953716817,0.0,0,100
C_weaker_ordinal_smoothness,20,39,independent_mondrian,1,1157,0.9273984442523768,2.5246326707000866,2.5246326707000866,0,0.0,0.0,0.5678748264437996,0.0,0,100
C_weaker_ordinal_smoothness,20,39,independent_mondrian,2,1172,0.9146757679180887,2.3071672354948807,2.3071672354948807,0,0.0,0.0,0.8155393772055598,0.0,0,100
C_weaker_ordinal_smoothness,20,39,independent_mondrian,4,1240,0.9040322580645161,1.6951612903225806,1.6951612903225806,0,0.0,0.0,0.7750501629028742,0.0,0,100
C_weaker_ordinal_smoothness,20,39,independent_mondrian,0,224,0.9866071428571429,1.4776785714285714,1.4776785714285714,0,0.0,0.0,0.7733471595417439,0.0,0,20
C_weaker_ordinal_smoothness,20,39,ordinal_cluster,3,1207,0.9602319801159901,2.36039768019884,2.36039768019884,0,0.0,0.0,0.7639764724083857,0.0,0,100
C_weaker_ordinal_smoothness,20,39,ordinal_cluster,1,1157,0.9671564390665515,2.165946413137424,2.165946413137424,0,0.0,0.0,0.732768357612333,0.0,0,100
C_weaker_ordinal_smoothness,20,39,ordinal_cluster,2,1172,0.8694539249146758,2.3540955631399316,2.3540955631399316,0,0.0,0.0,0.7154380002950387,0.0,0,100
C_weaker_ordinal_smoothness,20,39,ordinal_cluster,4,1240,0.8903225806451613,1.6862903225806452,1.6862903225806452,0,0.0,0.0,0.7376576611630863,0.0,0,100
C_weaker_ordinal_smoothness,20,39,ordinal_cluster,0,224,0.9241071428571429,1.6428571428571428,1.6428571428571428,0,0.0,0.0,0.5678748264437996,0.0,0,20
C_weaker_ordinal_smoothness,20,39,input_dependent_nonordinal,3,1207,0.9461474730737366,2.387738193869097,2.387738193869097,0,0.5803961802864462,0.03195363648729087,0.08482051610156494,0.03195363648729087,0,100
C_weaker_ordinal_smoothness,20,39,input_dependent_nonordinal,1,1157,0.9438202247191011,2.202247191011236,2.202247191011236,0,0.5036333720359435,0.01834749963514906,0.07273594054554611,0.01834749963514906,0,100
C_weaker_ordinal_smoothness,20,39,input_dependent_nonordinal,2,1172,0.908703071672355,2.22098976109215,2.22098976109215,0,0.7922449328837496,0.02465126170338672,0.006123158585742194,0.02465126170338672,0,100
C_weaker_ordinal_smoothness,20,39,input_dependent_nonordinal,4,1240,0.9403225806451613,1.6629032258064516,1.6629032258064516,0,0.7298314753759347,0.02977818222414848,0.10712682836032339,0.02977818222414848,0,100
C_weaker_ordinal_smoothness,20,39,input_dependent_nonordinal,0,224,0.9776785714285714,1.5,1.5,0,0.4754041931605135,0.012792031305519746,0.14677188425456356,0.012792031305519746,0,20
C_weaker_ordinal_smoothness,20,39,input_dependent_ordinal,3,1207,0.9444904722452361,2.3943661971830985,2.3943661971830985,0,0.6747573669608593,0.027550508648616547,-0.014100238677590249,0.027550508648616547,0,100
C_weaker_ordinal_smoothness,20,39,input_dependent_ordinal,1,1157,0.9438202247191011,2.191011235955056,2.191011235955056,0,0.5656968272756806,0.01963987012590654,0.01722928683429964,0.01963987012590654,0,100
C_weaker_ordinal_smoothness,20,39,input_dependent_ordinal,2,1172,0.909556313993174,2.224402730375427,2.224402730375427,0,0.621946197245495,0.02333094094332444,0.1778329417732304,0.02333094094332444,0,100
C_weaker_ordinal_smoothness,20,39,input_dependent_ordinal,4,1240,0.9411290322580645,1.6612903225806452,1.6612903225806452,0,0.7298811868791393,0.03213305055488086,0.11050540935109032,0.03213305055488086,0,100
C_weaker_ordinal_smoothness,20,39,input_dependent_ordinal,0,224,0.96875,1.5,1.5,0,0.5407026230252278,0.014037541219599953,0.07407295695451821,0.014037541219599953,0,20
C_weaker_ordinal_smoothness,20,40,independent_mondrian,4,1204,0.920265780730897,1.6303986710963456,1.6303986710963456,0,0.0,0.0,0.7561811041540465,0.0,0,100
C_weaker_ordinal_smoothness,20,40,independent_mondrian,1,1187,0.9106992417860151,1.843302443133951,1.843302443133951,0,0.0,0.0,0.5700866176690609,0.0,0,100
C_weaker_ordinal_smoothness,20,40,independent_mondrian,3,1222,0.9288052373158756,2.2741407528641573,2.2741407528641573,0,0.0,0.0,0.7010438156434494,0.0,0,100
C_weaker_ordinal_smoothness,20,40,independent_mondrian,2,1161,0.8776916451335056,2.1059431524547803,2.1059431524547803,0,0.0,0.0,0.7130079878633893,0.0,0,100
C_weaker_ordinal_smoothness,20,40,independent_mondrian,0,226,0.8672566371681416,1.4026548672566372,1.4026548672566372,0,0.0,0.0,0.3848554462324188,0.0,0,20
C_weaker_ordinal_smoothness,20,40,ordinal_cluster,4,1204,0.9111295681063123,1.6104651162790697,1.6104651162790697,0,0.0,0.0,0.7305013822924304,0.0,0,100
C_weaker_ordinal_smoothness,20,40,ordinal_cluster,1,1187,0.9317607413647851,2.0185341196293174,2.0185341196293174,0,0.0,0.0,0.6181820612647079,0.0,0,100
C_weaker_ordinal_smoothness,20,40,ordinal_cluster,3,1222,0.9312602291325696,2.18657937806874,2.18657937806874,0,0.0,0.0,0.7130079878633893,0.0,0,100
C_weaker_ordinal_smoothness,20,40,ordinal_cluster,2,1161,0.8415159345391904,2.1748492678725238,2.1748492678725238,0,0.0,0.0,0.649563647302583,0.0,0,100
C_weaker_ordinal_smoothness,20,40,ordinal_cluster,0,226,0.9469026548672567,1.5309734513274336,1.5309734513274336,0,0.0,0.0,0.5670094033753994,0.0,0,20
C_weaker_ordinal_smoothness,20,40,input_dependent_nonordinal,4,1204,0.9127906976744186,1.4916943521594683,1.4916943521594683,0,0.7265645464355662,0.034646048402909316,0.02556902649348436,0.034646048402909316,0,100
C_weaker_ordinal_smoothness,20,40,input_dependent_nonordinal,1,1187,0.9064869418702611,1.7531592249368155,1.7531592249368155,0,0.522797436228824,0.01872447794338577,0.025421202910808016,0.01872447794338577,0,100
C_weaker_ordinal_smoothness,20,40,input_dependent_nonordinal,3,1222,0.8772504091653028,2.0981996726677576,2.0981996726677576,0,0.5789497440536382,0.028731644337732936,-0.009963120673386006,0.028731644337732936,0,100
C_weaker_ordinal_smoothness,20,40,input_dependent_nonordinal,2,1161,0.8673557278208441,1.9819121447028423,1.9819121447028423,0,0.7861598366880774,0.04040645091542007,-0.08796017371990145,0.04040645091542008,0,100
C_weaker_ordinal_smoothness,20,40,input_dependent_nonordinal,0,226,0.8805309734513275,1.3495575221238938,1.3495575221238938,0,0.42423409169228016,0.010758224366969561,-0.03097468586829677,0.010758224366969561,0,20
C_weaker_ordinal_smoothness,20,40,input_dependent_ordinal,4,1204,0.9127906976744186,1.4850498338870433,1.4850498338870433,0,0.722655174347918,0.037492729633049546,0.03416446391182626,0.037492729633049546,0,100
C_weaker_ordinal_smoothness,20,40,input_dependent_ordinal,1,1187,0.9073294018534119,1.7868576242628476,1.7868576242628476,0,0.5718374578087575,0.02135581228159179,-0.02041437285247283,0.02135581228159179,0,100
C_weaker_ordinal_smoothness,20,40,input_dependent_ordinal,3,1222,0.8666121112929623,2.106382978723404,2.106382978723404,0,0.6763480432423569,0.03162458891135652,-0.1130009803306633,0.03162458891135652,0,100
C_weaker_ordinal_smoothness,20,40,input_dependent_ordinal,2,1161,0.8845822566752799,2.0068906115417744,2.0068906115417744,0,0.6320740731396889,0.027856367706360446,0.0773474614219185,0.027856367706360446,0,100
C_weaker_ordinal_smoothness,20,40,input_dependent_ordinal,0,226,0.8628318584070797,1.336283185840708,1.336283185840708,0,0.519914178917732,0.018291827707098786,-0.12643715108831274,0.018291827707098786,0,20
C_weaker_ordinal_smoothness,20,41,independent_mondrian,2,1212,0.8960396039603961,2.0594059405940595,2.0594059405940595,0,0.0,0.0,0.7682064698429026,0.0,0,100
C_weaker_ordinal_smoothness,20,41,independent_mondrian,1,1152,0.9322916666666666,2.0277777777777777,2.0277777777777777,0,0.0,0.0,0.5796198876080202,0.0,0,100
C_weaker_ordinal_smoothness,20,41,independent_mondrian,0,274,0.8905109489051095,1.4781021897810218,1.4781021897810218,0,0.0,0.0,0.4753934955787893,0.0,0,20
C_weaker_ordinal_smoothness,20,41,independent_mondrian,4,1206,0.802653399668325,1.5281923714759535,1.5281923714759535,0,0.0,0.0,0.58796226201853,0.0,0,100
C_weaker_ordinal_smoothness,20,41,independent_mondrian,3,1156,0.9186851211072664,2.1513840830449826,2.1513840830449826,0,0.0,0.0,0.6690089778688374,0.0,0,100
C_weaker_ordinal_smoothness,20,41,ordinal_cluster,2,1212,0.8531353135313532,2.113861386138614,2.113861386138614,0,0.0,0.0,0.6561293669837699,0.0,0,100
C_weaker_ordinal_smoothness,20,41,ordinal_cluster,1,1152,0.953125,2.0199652777777777,2.0199652777777777,0,0.0,0.0,0.6499957069151084,0.0,0,100
C_weaker_ordinal_smoothness,20,41,ordinal_cluster,0,274,0.9343065693430657,1.5693430656934306,1.5693430656934306,0,0.0,0.0,0.5638147681950421,0.0,0,20
C_weaker_ordinal_smoothness,20,41,ordinal_cluster,4,1206,0.8059701492537313,1.4809286898839138,1.4809286898839138,0,0.0,0.0,0.5919935923696089,0.0,0,100
C_weaker_ordinal_smoothness,20,41,ordinal_cluster,3,1156,0.9152249134948097,2.041522491349481,2.041522491349481,0,0.0,0.0,0.6589742383150529,0.0,0,100
C_weaker_ordinal_smoothness,20,41,input_dependent_nonordinal,2,1212,0.8853135313531353,1.9966996699669968,1.9966996699669968,0,0.7491227970952441,0.02314890203000704,-0.017322810985710757,0.02314890203000704,0,100
C_weaker_ordinal_smoothness,20,41,input_dependent_nonordinal,1,1152,0.9192708333333334,1.8220486111111112,1.8220486111111112,0,0.5007347259090716,0.025156212837139452,0.048888493670412037,0.025156212837139452,0,100
C_weaker_ordinal_smoothness,20,41,input_dependent_nonordinal,0,274,0.916058394160584,1.4781021897810218,1.4781021897810218,0,0.4487304968841489,0.01733422467966097,0.0009553945014021403,0.01733422467966097,0,20
C_weaker_ordinal_smoothness,20,41,input_dependent_nonordinal,4,1206,0.8548922056384743,1.4950248756218905,1.4950248756218905,0,0.6997207141323809,0.02923363049628465,-0.037778387195180896,0.02923363049628465,0,100
C_weaker_ordinal_smoothness,20,41,input_dependent_nonordinal,3,1156,0.9117647058823529,2.0994809688581313,2.0994809688581313,0,0.5896687738279022,0.020600597633774777,0.013400838593894182,0.020600597633774777,0,100
C_weaker_ordinal_smoothness,20,41,input_dependent_ordinal,2,1212,0.8836633663366337,1.9917491749174918,1.9917491749174918,0,0.6103700971409735,0.02487338470504665,0.1176772516759037,0.02487338470504665,0,100
C_weaker_ordinal_smoothness,20,41,input_dependent_ordinal,1,1152,0.9149305555555556,1.8324652777777777,1.8324652777777777,0,0.5511828548004657,0.023266186017294774,-0.006692362961527143,0.023266186017294774,0,100
C_weaker_ordinal_smoothness,20,41,input_dependent_ordinal,0,274,0.9306569343065694,1.4817518248175183,1.4817518248175183,0,0.5411402528387348,0.020310372732387165,-0.07510975219023991,0.020310372732387165,0,20
C_weaker_ordinal_smoothness,20,41,input_dependent_ordinal,4,1206,0.8524046434494196,1.4950248756218905,1.4950248756218905,0,0.7064214424922312,0.02716914515987669,-0.05225979161949723,0.02716914515987669,0,100
C_weaker_ordinal_smoothness,20,41,input_dependent_ordinal,3,1156,0.9117647058823529,2.087370242214533,2.087370242214533,0,0.6624037959688598,0.024689482983939907,-0.05280782232986503,0.024689482983939907,0,100
C_weaker_ordinal_smoothness,20,42,independent_mondrian,1,1170,0.9333333333333333,2.200854700854701,2.200854700854701,0,0.0,0.0,0.5895104581654711,0.0,0,100
C_weaker_ordinal_smoothness,20,42,independent_mondrian,0,234,0.9358974358974359,1.5726495726495726,1.5726495726495726,0,0.0,0.0,0.5435555957541112,0.0,0,20
C_weaker_ordinal_smoothness,20,42,independent_mondrian,2,1202,0.9151414309484193,2.2562396006655576,2.2562396006655576,0,0.0,0.0,0.8044914680526313,0.0,0,100
C_weaker_ordinal_smoothness,20,42,independent_mondrian,3,1194,0.9522613065326633,2.4522613065326633,2.4522613065326633,0,0.0,0.0,0.7103268457386521,0.0,0,100
C_weaker_ordinal_smoothness,20,42,independent_mondrian,4,1200,0.9366666666666666,1.725,1.725,0,0.0,0.0,0.7953809338756822,0.0,0,100
C_weaker_ordinal_smoothness,20,42,ordinal_cluster,1,1170,0.9641025641025641,2.1094017094017095,2.1094017094017095,0,0.0,0.0,0.6915914192140025,0.0,0,100
C_weaker_ordinal_smoothness,20,42,ordinal_cluster,0,234,0.9358974358974359,1.688034188034188,1.688034188034188,0,0.0,0.0,0.5435555957541112,0.0,0,20
C_weaker_ordinal_smoothness,20,42,ordinal_cluster,2,1202,0.8777038269550749,2.3194675540765393,2.3194675540765393,0,0.0,0.0,0.6967937890370388,0.0,0,100
C_weaker_ordinal_smoothness,20,42,ordinal_cluster,3,1194,0.9681742043551089,2.297319932998325,2.297319932998325,0,0.0,0.0,0.7656119661361015,0.0,0,100
C_weaker_ordinal_smoothness,20,42,ordinal_cluster,4,1200,0.9166666666666666,1.7058333333333333,1.7058333333333333,0,0.0,0.0,0.7350501026709896,0.0,0,100
C_weaker_ordinal_smoothness,20,42,input_dependent_nonordinal,1,1170,0.911965811965812,1.9982905982905983,1.9982905982905983,0,0.525539130296208,0.02590382717676717,0.009744369336379455,0.02590382717676717,0,100
C_weaker_ordinal_smoothness,20,42,input_dependent_nonordinal,0,234,0.9444444444444444,1.5256410256410255,1.5256410256410255,0,0.3849771604942008,0.019284398829110375,0.11379280808345785,0.019284398829110375,0,20
C_weaker_ordinal_smoothness,20,42,input_dependent_nonordinal,2,1202,0.9051580698835274,2.1073211314475873,2.1073211314475873,0,0.7606855584982182,0.023958410029926564,0.008363356251319454,0.023958410029926564,0,100
C_weaker_ordinal_smoothness,20,42,input_dependent_nonordinal,3,1194,0.9472361809045227,2.303182579564489,2.303182579564489,0,0.5617442044604347,0.01802194428780192,0.10304788324814912,0.01802194428780192,0,100
C_weaker_ordinal_smoothness,20,42,input_dependent_nonordinal,4,1200,0.945,1.6741666666666666,1.6741666666666666,0,0.7007106927681224,0.023089906545175554,0.08370056655404645,0.023089906545175554,0,100
C_weaker_ordinal_smoothness,20,42,input_dependent_ordinal,1,1170,0.9136752136752136,2.0324786324786324,2.0324786324786324,0,0.5590976864270724,0.023536832692222665,-0.02759240895314835,0.023536832692222665,0,100
C_weaker_ordinal_smoothness,20,42,input_dependent_ordinal,0,234,0.9529914529914529,1.5341880341880343,1.5341880341880343,0,0.5178841722880112,0.02358371037760776,-0.0030917479872262232,0.02358371037760776,0,20
C_weaker_ordinal_smoothness,20,42,input_dependent_ordinal,2,1202,0.908485856905158,2.122296173044925,2.122296173044925,0,0.6050653135735559,0.022583490477222384,0.17108476719053844,0.02258349047722239,0,100
C_weaker_ordinal_smoothness,20,42,input_dependent_ordinal,3,1194,0.9505862646566164,2.3165829145728645,2.3165829145728645,0,0.6571288057998327,0.022807566602020893,0.017586288147550477,0.022807566602020893,0,100
C_weaker_ordinal_smoothness,20,42,input_dependent_ordinal,4,1200,0.9441666666666667,1.6775,1.6775,0,0.6971249326018651,0.02126858191937655,0.08529954657939909,0.02126858191937655,0,100
C_weaker_ordinal_smoothness,20,43,independent_mondrian,1,1199,0.914095079232694,2.311092577147623,2.311092577147623,0,0.0,0.0,0.5702704493423403,0.0,0,100
C_weaker_ordinal_smoothness,20,43,independent_mondrian,3,1206,0.927860696517413,2.417910447761194,2.417910447761194,0,0.0,0.0,0.6790830971516522,0.0,0,100
C_weaker_ordinal_smoothness,20,43,independent_mondrian,2,1185,0.9012658227848102,2.2337552742616036,2.2337552742616036,0,0.0,0.0,0.7827193248930029,0.0,0,100
C_weaker_ordinal_smoothness,20,43,independent_mondrian,0,255,0.984313725490196,1.4588235294117646,1.4588235294117646,0,0.0,0.0,0.6809072270413246,0.0,0,20
C_weaker_ordinal_smoothness,20,43,independent_mondrian,4,1155,0.929004329004329,1.6614718614718615,1.6614718614718615,0,0.0,0.0,0.7953749278755713,0.0,0,100
C_weaker_ordinal_smoothness,20,43,ordinal_cluster,1,1199,0.9566305254378649,2.1684737281067554,2.1684737281067554,0,0.0,0.0,0.6809072270413246,0.0,0,100
C_weaker_ordinal_smoothness,20,43,ordinal_cluster,3,1206,0.945273631840796,2.2877280265339968,2.2877280265339968,0,0.0,0.0,0.7489405259155956,0.0,0,100
C_weaker_ordinal_smoothness,20,43,ordinal_cluster,2,1185,0.8573839662447258,2.2987341772151897,2.2987341772151897,0,0.0,0.0,0.6790830971516522,0.0,0,100
C_weaker_ordinal_smoothness,20,43,ordinal_cluster,0,255,0.9803921568627451,1.6392156862745098,1.6392156862745098,0,0.0,0.0,0.597504206374612,0.0,0,20
C_weaker_ordinal_smoothness,20,43,ordinal_cluster,4,1155,0.9125541125541126,1.6675324675324674,1.6675324675324674,0,0.0,0.0,0.7458759766107591,0.0,0,100
C_weaker_ordinal_smoothness,20,43,input_dependent_nonordinal,1,1199,0.9382819015846539,2.321934945788157,2.321934945788157,0,0.5390821428585939,0.02030280889182929,0.04266219980119479,0.02030280889182929,0,100
C_weaker_ordinal_smoothness,20,43,input_dependent_nonordinal,3,1206,0.9021558872305141,2.2669983416252073,2.2669983416252073,0,0.5786499940037851,0.027033632964387124,0.027332585973490087,0.027033632964387124,0,100
C_weaker_ordinal_smoothness,20,43,input_dependent_nonordinal,2,1185,0.9037974683544304,2.169620253164557,2.169620253164557,0,0.7469246539361677,0.025092740942489387,0.021993163199261034,0.025092740942489387,0,100
C_weaker_ordinal_smoothness,20,43,input_dependent_nonordinal,0,255,0.996078431372549,1.5019607843137255,1.5019607843137255,0,0.44120764514388666,0.023860745803883213,0.3057179437525472,0.023860745803883213,0,20
C_weaker_ordinal_smoothness,20,43,input_dependent_nonordinal,4,1155,0.9177489177489178,1.5471861471861472,1.5471861471861472,0,0.7217367681955392,0.0281281257189699,0.03029067583560785,0.0281281257189699,0,100
C_weaker_ordinal_smoothness,20,43,input_dependent_ordinal,1,1199,0.9416180150125104,2.3277731442869056,2.3277731442869056,0,0.575934777220634,0.021688159570782625,0.01233727301954679,0.021688159570782625,0,100
C_weaker_ordinal_smoothness,20,43,input_dependent_ordinal,3,1206,0.9013266998341625,2.272802653399668,2.272802653399668,0,0.6729918235564462,0.026807269361474036,-0.0679816865520696,0.026807269361474036,0,100
C_weaker_ordinal_smoothness,20,43,input_dependent_ordinal,2,1185,0.9080168776371308,2.172995780590717,2.172995780590717,0,0.6196376777035948,0.02351396277618895,0.15273365629649327,0.02351396277618895,0,100
C_weaker_ordinal_smoothness,20,43,input_dependent_ordinal,0,255,0.996078431372549,1.5176470588235293,1.5176470588235293,0,0.5154959757132076,0.021252916498350437,0.2277175574721838,0.021252916498350437,0,20
C_weaker_ordinal_smoothness,20,43,input_dependent_ordinal,4,1155,0.9177489177489178,1.548917748917749,1.548917748917749,0,0.7087327447935329,0.02886050054634875,0.04273400411388095,0.02886050054634875,0,100
C_weaker_ordinal_smoothness,20,44,independent_mondrian,1,1174,0.889267461669506,2.3509369676320273,2.3509369676320273,0,0.0,0.0,0.5365860124557398,0.0,0,100
C_weaker_ordinal_smoothness,20,44,independent_mondrian,3,1178,0.8395585738539898,2.0517826825127337,2.0517826825127337,0,0.0,0.0,0.4802743187456679,0.0,0,100
C_weaker_ordinal_smoothness,20,44,independent_mondrian,4,1231,0.7993501218521527,1.3899268887083671,1.3899268887083671,0,0.0,0.0,0.5585123345150654,0.0,0,100
C_weaker_ordinal_smoothness,20,44,independent_mondrian,0,267,0.9925093632958801,1.5318352059925093,1.5318352059925093,0,0.0,0.0,0.7129848738971298,0.0,0,20
C_weaker_ordinal_smoothness,20,44,independent_mondrian,2,1150,0.9173913043478261,1.971304347826087,1.971304347826087,0,0.0,0.0,0.8177885043581122,0.0,0,100
C_weaker_ordinal_smoothness,20,44,ordinal_cluster,1,1174,0.9505962521294719,1.9923339011925043,1.9923339011925043,0,0.0,0.0,0.6782773903709814,0.0,0,100
C_weaker_ordinal_smoothness,20,44,ordinal_cluster,3,1178,0.931239388794567,1.9762308998302207,1.9762308998302207,0,0.0,0.0,0.6522895094071443,0.0,0,100
C_weaker_ordinal_smoothness,20,44,ordinal_cluster,4,1231,0.784727863525589,1.4646628757108042,1.4646628757108042,0,0.0,0.0,0.534776864889278,0.0,0,100
C_weaker_ordinal_smoothness,20,44,ordinal_cluster,0,267,0.9662921348314607,1.6629213483146068,1.6629213483146068,0,0.0,0.0,0.5454930132942654,0.0,0,20
C_weaker_ordinal_smoothness,20,44,ordinal_cluster,2,1150,0.8295652173913044,2.086086956521739,2.086086956521739,0,0.0,0.0,0.6522895094071443,0.0,0,100
C_weaker_ordinal_smoothness,20,44,input_dependent_nonordinal,1,1174,0.8901192504258943,2.1831345826235093,2.1831345826235093,0,0.5160321469740478,0.023976288872440247,-0.016200106716901974,0.023976288872440247,0,100
C_weaker_ordinal_smoothness,20,44,input_dependent_nonordinal,3,1178,0.8837011884550084,1.9694397283531409,1.9694397283531409,0,0.5633145847242519,0.028634367074859318,-0.012205669481066161,0.028634367074859318,0,100
C_weaker_ordinal_smoothness,20,44,input_dependent_nonordinal,4,1231,0.8001624695369618,1.430544272948822,1.430544272948822,0,0.7205199041335107,0.02507323560582005,-0.15073545523103649,0.02507323560582005,0,100
C_weaker_ordinal_smoothness,20,44,input_dependent_nonordinal,0,267,0.9962546816479401,1.5018726591760299,1.5018726591760299,0,0.5080926689214436,0.032463935434423094,0.23654496254974014,0.032463935434423094,0,20
C_weaker_ordinal_smoothness,20,44,input_dependent_nonordinal,2,1150,0.9052173913043479,2.0156521739130433,2.0156521739130433,0,0.7553579019687139,0.020421830589947985,0.018003469120228988,0.020421830589947985,0,100
C_weaker_ordinal_smoothness,20,44,input_dependent_ordinal,1,1174,0.8909710391822828,2.1260647359454854,2.1260647359454854,0,0.5694872404107414,0.024281534001324344,-0.06916335983283733,0.024281534001324337,0,100
C_weaker_ordinal_smoothness,20,44,input_dependent_ordinal,3,1178,0.8820033955857386,1.966893039049236,1.966893039049236,0,0.6564557748165336,0.02475334249826223,-0.1184417815790142,0.02475334249826223,0,100
C_weaker_ordinal_smoothness,20,44,input_dependent_ordinal,4,1231,0.8025995125913891,1.4272948822095857,1.4272948822095857,0,0.7100091780717483,0.02482792450324032,-0.139114113492655,0.02482792450324032,0,100
C_weaker_ordinal_smoothness,20,44,input_dependent_ordinal,0,267,0.9925093632958801,1.5056179775280898,1.5056179775280898,0,0.5474947604984564,0.022500623104439493,0.14314325401817962,0.022500623104439493,0,20
C_weaker_ordinal_smoothness,20,44,input_dependent_ordinal,2,1150,0.9017391304347826,1.9704347826086956,1.9704347826086956,0,0.619592106101442,0.02478296583344893,0.15543911655171427,0.02478296583344893,0,100
C_weaker_ordinal_smoothness,20,45,independent_mondrian,1,1172,0.924061433447099,2.035836177474403,2.035836177474403,0,0.0,0.0,0.6411770893270323,0.0,0,100
C_weaker_ordinal_smoothness,20,45,independent_mondrian,3,1196,0.8528428093645485,2.137959866220736,2.137959866220736,0,0.0,0.0,0.51068678975657,0.0,0,100
C_weaker_ordinal_smoothness,20,45,independent_mondrian,2,1199,0.8548790658882403,2.0350291909924936,2.0350291909924936,0,0.0,0.0,0.6838065678462947,0.0,0,100
C_weaker_ordinal_smoothness,20,45,independent_mondrian,4,1191,0.8992443324937027,1.470193115029387,1.470193115029387,0,0.0,0.0,0.7011105937245741,0.0,0,100
C_weaker_ordinal_smoothness,20,45,independent_mondrian,0,242,0.9628099173553719,1.6446280991735538,1.6446280991735538,0,0.0,0.0,0.5781393795098839,0.0,0,20
C_weaker_ordinal_smoothness,20,45,ordinal_cluster,1,1172,0.9121160409556314,1.9462457337883958,1.9462457337883958,0,0.0,0.0,0.607703703711379,0.0,0,100
C_weaker_ordinal_smoothness,20,45,ordinal_cluster,3,1196,0.9046822742474916,1.931438127090301,1.931438127090301,0,0.0,0.0,0.5977646168097718,0.0,0,100
C_weaker_ordinal_smoothness,20,45,ordinal_cluster,2,1199,0.7973311092577148,1.9799833194328607,1.9799833194328607,0,0.0,0.0,0.5900934885975909,0.0,0,100
C_weaker_ordinal_smoothness,20,45,ordinal_cluster,4,1191,0.8387909319899244,1.4433249370277077,1.4433249370277077,0,0.0,0.0,0.5892755387301954,0.0,0,100
C_weaker_ordinal_smoothness,20,45,ordinal_cluster,0,242,0.9669421487603306,1.5743801652892562,1.5743801652892562,0,0.0,0.0,0.6017578270782021,0.0,0,20
C_weaker_ordinal_smoothness,20,45,input_dependent_nonordinal,1,1172,0.9078498293515358,1.9334470989761092,1.9334470989761092,0,0.5015439631764608,0.021302133560415312,0.04307673800228584,0.021302133560415312,0,100
C_weaker_ordinal_smoothness,20,45,input_dependent_nonordinal,3,1196,0.8712374581939799,2.149665551839465,2.149665551839465,0,0.5793509708425312,0.036058885255866854,-0.026409687960943284,0.036058885255866854,0,100
C_weaker_ordinal_smoothness,20,45,input_dependent_nonordinal,2,1199,0.9099249374478732,2.0133444537114262,2.0133444537114262,0,0.7935692306731014,0.02949306242788457,-0.01393796338027864,0.02949306242788457,0,100
C_weaker_ordinal_smoothness,20,45,input_dependent_nonordinal,4,1191,0.9177162048698573,1.5675902602854743,1.5675902602854743,0,0.7015671063657724,0.023384246295417212,0.010298092624819066,0.023384246295417212,0,100
C_weaker_ordinal_smoothness,20,45,input_dependent_nonordinal,0,242,0.871900826446281,1.3677685950413223,1.3677685950413223,0,0.4676603707397572,0.033346659755558616,-0.039601002809380004,0.033346659755558616,0,20
C_weaker_ordinal_smoothness,20,45,input_dependent_ordinal,1,1172,0.908703071672355,1.9052901023890785,1.9052901023890785,0,0.5730615557093672,0.0266274902332818,-0.024915516453205,0.0266274902332818,0,100
C_weaker_ordinal_smoothness,20,45,input_dependent_ordinal,3,1196,0.8620401337792643,2.12876254180602,2.12876254180602,0,0.658345444607769,0.02922307355905062,-0.12310861817085672,0.02922307355905062,0,100
C_weaker_ordinal_smoothness,20,45,input_dependent_ordinal,2,1199,0.9040867389491243,1.9916597164303587,1.9916597164303587,0,0.6204195501082206,0.025923394406114984,0.1436861626698448,0.025923394406114984,0,100
C_weaker_ordinal_smoothness,20,45,input_dependent_ordinal,4,1191,0.9135180520570949,1.547439126784215,1.547439126784215,0,0.706310573001192,0.02759066306130111,0.00012697365223290902,0.02759066306130111,0,100
C_weaker_ordinal_smoothness,20,45,input_dependent_ordinal,0,242,0.8842975206611571,1.3884297520661157,1.3884297520661157,0,0.523114814690859,0.024981438806798918,-0.0982186079669643,0.024981438806798918,0,20
C_weaker_ordinal_smoothness,20,46,independent_mondrian,2,1197,0.9398496240601504,2.142857142857143,2.142857142857143,0,0.0,0.0,0.8794173164496429,0.0,0,100
C_weaker_ordinal_smoothness,20,46,independent_mondrian,1,1180,0.9415254237288135,2.3466101694915253,2.3466101694915253,0,0.0,0.0,0.6602779621055022,0.0,0,100
C_weaker_ordinal_smoothness,20,46,independent_mondrian,0,226,0.9778761061946902,1.7566371681415929,1.7566371681415929,0,0.0,0.0,0.6320862817345002,0.0,0,20
C_weaker_ordinal_smoothness,20,46,independent_mondrian,3,1210,0.8619834710743801,2.2231404958677685,2.2231404958677685,0,0.0,0.0,0.5553543547176617,0.0,0,100
C_weaker_ordinal_smoothness,20,46,independent_mondrian,4,1187,0.8508845829823083,1.5181128896377423,1.5181128896377423,0,0.0,0.0,0.6158995817541658,0.0,0,100
C_weaker_ordinal_smoothness,20,46,ordinal_cluster,2,1197,0.8755221386800334,2.244778613199666,2.244778613199666,0,0.0,0.0,0.7111466483059927,0.0,0,100
C_weaker_ordinal_smoothness,20,46,ordinal_cluster,1,1180,0.9576271186440678,2.2186440677966104,2.2186440677966104,0,0.0,0.0,0.7412709079448305,0.0,0,100
C_weaker_ordinal_smoothness,20,46,ordinal_cluster,0,226,0.9778761061946902,1.7743362831858407,1.7743362831858407,0,0.0,0.0,0.6364662734118813,0.0,0,20
C_weaker_ordinal_smoothness,20,46,ordinal_cluster,3,1210,0.9223140495867769,2.149586776859504,2.149586776859504,0,0.0,0.0,0.6780352764202148,0.0,0,100
C_weaker_ordinal_smoothness,20,46,ordinal_cluster,4,1187,0.8365627632687447,1.5661331086773378,1.5661331086773378,0,0.0,0.0,0.5930748394454778,0.0,0,100
C_weaker_ordinal_smoothness,20,46,input_dependent_nonordinal,2,1197,0.9314954051796157,2.0384294068504594,2.0384294068504594,0,0.7760104233454644,0.024647812573775,0.06218998202378723,0.024647812573775,0,100
C_weaker_ordinal_smoothness,20,46,input_dependent_nonordinal,1,1180,0.9161016949152543,1.9983050847457626,1.9983050847457626,0,0.5292743892307582,0.028262666560570963,0.03583547659318764,0.028262666560570963,0,100
C_weaker_ordinal_smoothness,20,46,input_dependent_nonordinal,0,226,0.915929203539823,1.5044247787610618,1.5044247787610618,0,0.4568087841500584,0.018518402966532736,0.009300407943759414,0.018518402966532736,0,20
C_weaker_ordinal_smoothness,20,46,input_dependent_nonordinal,3,1210,0.8925619834710744,2.1322314049586777,2.1322314049586777,0,0.6048561892904666,0.024449516813298672,-0.01961125639756267,0.024449516813298672,0,100
C_weaker_ordinal_smoothness,20,46,input_dependent_nonordinal,4,1187,0.8407750631844987,1.5324347093513058,1.5324347093513058,0,0.7120780674669781,0.02176193132668879,-0.09805574662624245,0.02176193132668879,0,100
C_weaker_ordinal_smoothness,20,46,input_dependent_ordinal,2,1197,0.9348370927318296,2.044277360066834,2.044277360066834,0,0.6272651268893057,0.023386832972447535,0.21520929233258768,0.023386832972447535,0,100
C_weaker_ordinal_smoothness,20,46,input_dependent_ordinal,1,1180,0.923728813559322,2,2,0,0.5816580536345831,0.025121009672468553,-0.008901109022018683,0.025121009672468553,0,100
C_weaker_ordinal_smoothness,20,46,input_dependent_ordinal,0,226,0.9026548672566371,1.5,1.5,0,0.5328736980148983,0.025070973237784355,-0.09390951687525806,0.025070973237784355,0,20
C_weaker_ordinal_smoothness,20,46,input_dependent_ordinal,3,1210,0.8909090909090909,2.133884297520661,2.133884297520661,0,0.6737488922419778,0.022555559198065702,-0.09153807416321835,0.022555559198065702,0,100
C_weaker_ordinal_smoothness,20,46,input_dependent_ordinal,4,1187,0.8365627632687447,1.527379949452401,1.527379949452401,0,0.7213208252304969,0.023372107425943797,-0.10932587075109634,0.023372107425943797,0,100
C_weaker_ordinal_smoothness,20,47,independent_mondrian,0,257,0.9610894941634242,1.3346303501945525,1.3346303501945525,0,0.0,0.0,0.6686206361752077,0.0,0,20
C_weaker_ordinal_smoothness,20,47,independent_mondrian,3,1207,0.9536039768019884,2.371168185584093,2.371168185584093,0,0.0,0.0,0.7301537973824955,0.0,0,100
C_weaker_ordinal_smoothness,20,47,independent_mondrian,2,1143,0.889763779527559,2.21172353455818,2.21172353455818,0,0.0,0.0,0.7398338566810502,0.0,0,100
C_weaker_ordinal_smoothness,20,47,independent_mondrian,4,1165,0.911587982832618,1.7090128755364806,1.7090128755364806,0,0.0,0.0,0.7900954743560117,0.0,0,100
C_weaker_ordinal_smoothness,20,47,independent_mondrian,1,1228,0.8868078175895765,2.232899022801303,2.232899022801303,0,0.0,0.0,0.5067069658542722,0.0,0,100
C_weaker_ordinal_smoothness,20,47,ordinal_cluster,0,257,0.9260700389105059,1.4552529182879377,1.4552529182879377,0,0.0,0.0,0.5175246749489879,0.0,0,20
C_weaker_ordinal_smoothness,20,47,ordinal_cluster,3,1207,0.956089478044739,2.2212096106048054,2.2212096106048054,0,0.0,0.0,0.7485708378462209,0.0,0,100
C_weaker_ordinal_smoothness,20,47,ordinal_cluster,2,1143,0.8328958880139983,2.2003499562554683,2.2003499562554683,0,0.0,0.0,0.6157981427281624,0.0,0,100
C_weaker_ordinal_smoothness,20,47,ordinal_cluster,4,1165,0.903862660944206,1.6472103004291845,1.6472103004291845,0,0.0,0.0,0.7736084892262045,0.0,0,100
C_weaker_ordinal_smoothness,20,47,ordinal_cluster,1,1228,0.9332247557003257,1.9291530944625408,1.9291530944625408,0,0.0,0.0,0.5980070658387863,0.0,0,100
C_weaker_ordinal_smoothness,20,47,input_dependent_nonordinal,0,257,0.8910505836575876,1.3540856031128405,1.3540856031128405,0,0.437374443399747,0.020066580968953952,-0.011304961183923101,0.020066580968953952,0,20
C_weaker_ordinal_smoothness,20,47,input_dependent_nonordinal,3,1207,0.9693454846727423,2.2096106048053024,2.2096106048053024,0,0.5922510295849072,0.027107654626969284,0.15831841968758065,0.027107654626969284,0,100
C_weaker_ordinal_smoothness,20,47,input_dependent_nonordinal,2,1143,0.847769028871391,2.120734908136483,2.120734908136483,0,0.748338245541122,0.01926649349740472,-0.09994762639884691,0.01926649349740472,0,100
C_weaker_ordinal_smoothness,20,47,input_dependent_nonordinal,4,1165,0.9356223175965666,1.6806866952789699,1.6806866952789699,0,0.7131630948127968,0.03398453061551293,0.0967141925975627,0.03398453061551293,0,100
C_weaker_ordinal_smoothness,20,47,input_dependent_nonordinal,1,1228,0.9169381107491856,1.8265472312703583,1.8265472312703583,0,0.5071913618967626,0.023636225425891673,0.03328567964167939,0.023636225425891673,0,100
C_weaker_ordinal_smoothness,20,47,input_dependent_ordinal,0,257,0.9066147859922179,1.3540856031128405,1.3540856031128405,0,0.5198496802803936,0.016415322112566726,-0.07060617830353322,0.016415322112566726,0,20
C_weaker_ordinal_smoothness,20,47,input_dependent_ordinal,3,1207,0.9693454846727423,2.1772990886495442,2.1772990886495442,0,0.6692257768095898,0.027729136015460128,0.07861816403639277,0.027729136015460128,0,100
C_weaker_ordinal_smoothness,20,47,input_dependent_ordinal,2,1143,0.8355205599300087,2.0927384076990374,2.0927384076990374,0,0.6046100181603601,0.023139369681662095,0.02922136386566987,0.023139369681662095,0,100
C_weaker_ordinal_smoothness,20,47,input_dependent_ordinal,4,1165,0.9330472103004291,1.6712446351931332,1.6712446351931332,0,0.7170744102675027,0.03082507895263199,0.08017743750962675,0.03082507895263199,0,100
C_weaker_ordinal_smoothness,20,47,input_dependent_ordinal,1,1228,0.9112377850162866,1.8135179153094463,1.8135179153094463,0,0.5545097126642282,0.02073310571187495,-0.02409281238377947,0.02073310571187495,0,100
C_weaker_ordinal_smoothness,20,48,independent_mondrian,1,1204,0.9102990033222591,1.8646179401993355,1.8646179401993355,0,0.0,0.0,0.5895225551812427,0.0,0,100
C_weaker_ordinal_smoothness,20,48,independent_mondrian,4,1182,0.9137055837563451,1.4915397631133671,1.4915397631133671,0,0.0,0.0,0.7496154172904379,0.0,0,100
C_weaker_ordinal_smoothness,20,48,independent_mondrian,2,1166,0.8130360205831904,2.0154373927958833,2.0154373927958833,0,0.0,0.0,0.6133521502949439,0.0,0,100
C_weaker_ordinal_smoothness,20,48,independent_mondrian,3,1180,0.902542372881356,2.152542372881356,2.152542372881356,0,0.0,0.0,0.592080304544663,0.0,0,100
C_weaker_ordinal_smoothness,20,48,independent_mondrian,0,268,0.9216417910447762,1.414179104477612,1.414179104477612,0,0.0,0.0,0.519768762528616,0.0,0,20
C_weaker_ordinal_smoothness,20,48,ordinal_cluster,1,1204,0.9127906976744186,1.9377076411960132,1.9377076411960132,0,0.0,0.0,0.6025279273687622,0.0,0,100
C_weaker_ordinal_smoothness,20,48,ordinal_cluster,4,1182,0.8663282571912013,1.494077834179357,1.494077834179357,0,0.0,0.0,0.6551621150379484,0.0,0,100
C_weaker_ordinal_smoothness,20,48,ordinal_cluster,2,1166,0.807032590051458,2.04631217838765,2.04631217838765,0,0.0,0.0,0.6025279273687622,0.0,0,100
C_weaker_ordinal_smoothness,20,48,ordinal_cluster,3,1180,0.923728813559322,2.05,2.05,0,0.0,0.0,0.648853849915336,0.0,0,100
C_weaker_ordinal_smoothness,20,48,ordinal_cluster,0,268,0.9440298507462687,1.4514925373134329,1.4514925373134329,0,0.0,0.0,0.5880308618469391,0.0,0,20
C_weaker_ordinal_smoothness,20,48,input_dependent_nonordinal,1,1204,0.9269102990033222,1.7566445182724253,1.7566445182724253,0,0.5016208330777248,0.015983870245699944,0.06864404893518483,0.015983870245699944,0,100
C_weaker_ordinal_smoothness,20,48,input_dependent_nonordinal,4,1182,0.934010152284264,1.4128595600676819,1.4128595600676819,0,0.6987398654349231,0.0182356700319848,0.07292499734429692,0.0182356700319848,0,100
C_weaker_ordinal_smoothness,20,48,input_dependent_nonordinal,2,1166,0.8344768439108061,1.9228130360205833,1.9228130360205833,0,0.7293994086945861,0.021178750567731774,-0.08734273572440604,0.021178750567731774,0,100
C_weaker_ordinal_smoothness,20,48,input_dependent_nonordinal,3,1180,0.8533898305084746,2.085593220338983,2.085593220338983,0,0.5725008026196129,0.02271300267168231,-0.05748879422041736,0.02271300267168231,0,100
C_weaker_ordinal_smoothness,20,48,input_dependent_nonordinal,0,268,0.8880597014925373,1.3619402985074627,1.3619402985074627,0,0.4734479546353991,0.025243018574457304,-0.05168113842733693,0.025243018574457304,0,20
C_weaker_ordinal_smoothness,20,48,input_dependent_ordinal,1,1204,0.9244186046511628,1.7383720930232558,1.7383720930232558,0,0.5545700071572685,0.018379500024635287,0.006547140026350373,0.018379500024635287,0,100
C_weaker_ordinal_smoothness,20,48,input_dependent_ordinal,4,1182,0.9365482233502538,1.4145516074450084,1.4145516074450084,0,0.6932577927677476,0.020480922800901614,0.08848878964066409,0.020480922800901614,0,100
C_weaker_ordinal_smoothness,20,48,input_dependent_ordinal,2,1166,0.8319039451114922,1.9082332761578045,1.9082332761578045,0,0.5968100125993056,0.019357458225551558,0.037797071692173834,0.019357458225551558,0,100
C_weaker_ordinal_smoothness,20,48,input_dependent_ordinal,3,1180,0.8457627118644068,2.0822033898305086,2.0822033898305086,0,0.6485182282462649,0.01917457655898598,-0.137056780958979,0.01917457655898598,0,100
C_weaker_ordinal_smoothness,20,48,input_dependent_ordinal,0,268,0.8955223880597015,1.3507462686567164,1.3507462686567164,0,0.5074899674833461,0.019561549863265523,-0.0874633726148012,0.019561549863265523,0,20
C_weaker_ordinal_smoothness,20,49,independent_mondrian,2,1154,0.9185441941074524,2.2157712305026,2.2157712305026,0,0.0,0.0,0.8474386688035319,0.0,0,100
C_weaker_ordinal_smoothness,20,49,independent_mondrian,3,1270,0.9110236220472441,2.4755905511811025,2.4755905511811025,0,0.0,0.0,0.5979529556595276,0.0,0,100
C_weaker_ordinal_smoothness,20,49,independent_mondrian,1,1168,0.946917808219178,2.0881849315068495,2.0881849315068495,0,0.0,0.0,0.6487743232792609,0.0,0,100
C_weaker_ordinal_smoothness,20,49,independent_mondrian,0,251,0.852589641434263,1.5099601593625498,1.5099601593625498,0,0.0,0.0,0.4512555059151202,0.0,0,20
C_weaker_ordinal_smoothness,20,49,independent_mondrian,4,1157,0.9291270527225584,1.6248919619706137,1.6248919619706137,0,0.0,0.0,0.7981548294077297,0.0,0,100
C_weaker_ordinal_smoothness,20,49,ordinal_cluster,2,1154,0.8570190641247833,2.435008665511265,2.435008665511265,0,0.0,0.0,0.7060853622560632,0.0,0,100
C_weaker_ordinal_smoothness,20,49,ordinal_cluster,3,1270,0.9645669291338582,2.3716535433070867,2.3716535433070867,0,0.0,0.0,0.7790518095810167,0.0,0,100
C_weaker_ordinal_smoothness,20,49,ordinal_cluster,1,1168,0.9657534246575342,2.210616438356164,2.210616438356164,0,0.0,0.0,0.7426286214342898,0.0,0,100
C_weaker_ordinal_smoothness,20,49,ordinal_cluster,0,251,0.9442231075697212,1.6733067729083666,1.6733067729083666,0,0.0,0.0,0.6127099569014085,0.0,0,20
C_weaker_ordinal_smoothness,20,49,ordinal_cluster,4,1157,0.9118409680207433,1.7026793431287814,1.7026793431287814,0,0.0,0.0,0.7604633307286214,0.0,0,100
C_weaker_ordinal_smoothness,20,49,input_dependent_nonordinal,2,1154,0.9116117850953206,2.0381282495667246,2.0381282495667246,0,0.7387580497659544,0.0301658645565538,0.0702899687433769,0.0301658645565538,0,100
C_weaker_ordinal_smoothness,20,49,input_dependent_nonordinal,3,1270,0.905511811023622,2.221259842519685,2.221259842519685,0,0.5858790152535438,0.023494079531062934,-0.006495867606016892,0.023494079531062934,0,100
C_weaker_ordinal_smoothness,20,49,input_dependent_nonordinal,1,1168,0.9289383561643836,1.9058219178082192,1.9058219178082192,0,0.5260697622743414,0.020658163841858795,0.0355557562022808,0.020658163841858795,0,100
C_weaker_ordinal_smoothness,20,49,input_dependent_nonordinal,0,251,0.8167330677290837,1.3386454183266931,1.3386454183266931,0,0.3901310431788486,0.005773556420493251,-0.004268174071502762,0.005773556420493251,0,20
C_weaker_ordinal_smoothness,20,49,input_dependent_nonordinal,4,1157,0.9006050129645635,1.5496974935177181,1.5496974935177181,0,0.7099239861095705,0.0380620946678368,0.005363168080772529,0.0380620946678368,0,100
C_weaker_ordinal_smoothness,20,49,input_dependent_ordinal,2,1154,0.9116117850953206,2.0623916811091854,2.0623916811091854,0,0.6118598834467357,0.024238931893630734,0.18160529713116624,0.024238931893630734,0,100
C_weaker_ordinal_smoothness,20,49,input_dependent_ordinal,3,1270,0.905511811023622,2.2181102362204723,2.2181102362204723,0,0.65836498158309,0.029759038417434158,-0.06767740380230602,0.029759038417434158,0,100
C_weaker_ordinal_smoothness,20,49,input_dependent_ordinal,1,1168,0.928082191780822,1.94263698630137,1.94263698630137,0,0.5541907692740744,0.01992838685519798,0.008345174700541524,0.01992838685519798,0,100
C_weaker_ordinal_smoothness,20,49,input_dependent_ordinal,0,251,0.8924302788844621,1.402390438247012,1.402390438247012,0,0.514479611864681,0.014517564223132516,-0.08271653578757604,0.014517564223132516,0,20
C_weaker_ordinal_smoothness,20,49,input_dependent_ordinal,4,1157,0.9006050129645635,1.5419187554019014,1.5419187554019014,0,0.7154057364823803,0.037529405997004966,-0.0006666674257241878,0.037529405997004966,0,100
C_weaker_ordinal_smoothness,10,0,independent_mondrian,3,1209,0.8775847808105872,2.273779983457403,2.273779983457403,0,0.0,0.0,0.5660283197298855,0.0,0,100
C_weaker_ordinal_smoothness,10,0,independent_mondrian,2,1167,0.8997429305912596,2.0865467009425878,2.0865467009425878,0,0.0,0.0,0.7584282342674226,0.0,0,100
C_weaker_ordinal_smoothness,10,0,independent_mondrian,4,1222,0.8919803600654664,1.4983633387888706,1.4983633387888706,0,0.0,0.0,0.73520486725753,0.0,0,100
C_weaker_ordinal_smoothness,10,0,independent_mondrian,1,1158,0.917098445595855,2.265112262521589,2.265112262521589,0,0.0,0.0,0.5723588818776703,0.0,0,100
C_weaker_ordinal_smoothness,10,0,independent_mondrian,0,244,0.9795081967213115,1.5,1.5,0,0.0,0.0,0.6593740235936637,0.0,0,10
C_weaker_ordinal_smoothness,10,0,ordinal_cluster,3,1209,0.9396195202646815,2.128205128205128,2.128205128205128,0,0.0,0.0,0.6936513050939455,0.0,0,100
C_weaker_ordinal_smoothness,10,0,ordinal_cluster,2,1167,0.8320479862896315,2.145672664952871,2.145672664952871,0,0.0,0.0,0.6248099330441702,0.0,0,100
C_weaker_ordinal_smoothness,10,0,ordinal_cluster,4,1222,0.8666121112929623,1.5450081833060556,1.5450081833060556,0,0.0,0.0,0.6811954672414968,0.0,0,100
C_weaker_ordinal_smoothness,10,0,ordinal_cluster,1,1158,0.9404145077720207,1.9991364421416236,1.9991364421416236,0,0.0,0.0,0.630562076223604,0.0,0,100
C_weaker_ordinal_smoothness,10,0,ordinal_cluster,0,244,0.9754098360655737,1.5491803278688525,1.5491803278688525,0,0.0,0.0,0.5723588818776703,0.0,0,10
C_weaker_ordinal_smoothness,10,0,input_dependent_nonordinal,3,1209,0.8858560794044665,2.1538461538461537,2.1538461538461537,0,0.5841491658798679,0.02643540452957031,-0.019062158566511278,0.02643540452957031,0,100
C_weaker_ordinal_smoothness,10,0,input_dependent_nonordinal,2,1167,0.8997429305912596,2.0171379605826907,2.0171379605826907,0,0.7823080760712262,0.0346102378653466,-0.030248557932032738,0.0346102378653466,0,100
C_weaker_ordinal_smoothness,10,0,input_dependent_nonordinal,4,1222,0.881342062193126,1.4819967266775778,1.4819967266775778,0,0.707175892657367,0.03375512888744201,0.009883081514704517,0.03375512888744201,0,100
C_weaker_ordinal_smoothness,10,0,input_dependent_nonordinal,1,1158,0.9300518134715026,1.9550949913644213,1.9550949913644213,0,0.5043247024691004,0.022309755373393348,0.04889903972065368,0.022309755373393348,0,100
C_weaker_ordinal_smoothness,10,0,input_dependent_nonordinal,0,244,0.9549180327868853,1.459016393442623,1.459016393442623,0,0.4402448196082627,0.022211736793574483,0.08237302941133506,0.022211736793574483,0,10
C_weaker_ordinal_smoothness,10,0,input_dependent_ordinal,3,1209,0.890818858560794,2.152191894127378,2.152191894127378,0,0.6617024870367696,0.03075882636879777,-0.08840725485135609,0.03075882636879777,0,100
C_weaker_ordinal_smoothness,10,0,input_dependent_ordinal,2,1167,0.8980291345329906,2.005141388174807,2.005141388174807,0,0.6144587296189985,0.027761381678030734,0.12755848403586867,0.027761381678030734,0,100
C_weaker_ordinal_smoothness,10,0,input_dependent_ordinal,4,1222,0.8821603927986906,1.481178396072013,1.481178396072013,0,0.7164240602850853,0.03332503666641616,0.000405703323758555,0.03332503666641616,0,100
C_weaker_ordinal_smoothness,10,0,input_dependent_ordinal,1,1158,0.918825561312608,1.9421416234887738,1.9421416234887738,0,0.5631938463740772,0.026485013491662563,-0.02645624689744508,0.026485013491662563,0,100
C_weaker_ordinal_smoothness,10,0,input_dependent_ordinal,0,244,0.9508196721311475,1.430327868852459,1.430327868852459,0,0.5282721919025417,0.023063385624082264,-0.008251454625082033,0.023063385624082264,0,10
C_weaker_ordinal_smoothness,10,1,independent_mondrian,1,1161,0.8776916451335056,2.269595176571921,2.269595176571921,0,0.0,0.0,0.48932078821362657,0.0,0,100
C_weaker_ordinal_smoothness,10,1,independent_mondrian,3,1171,0.9487617421007686,2.3654995730145174,2.3654995730145174,0,0.0,0.0,0.6927008049293254,0.0,0,100
C_weaker_ordinal_smoothness,10,1,independent_mondrian,2,1179,0.8880407124681934,2.1789652247667517,2.1789652247667517,0,0.0,0.0,0.7448757037624877,0.0,0,100
C_weaker_ordinal_smoothness,10,1,independent_mondrian,4,1235,0.9165991902834008,1.6445344129554655,1.6445344129554655,0,0.0,0.0,0.8101876918892102,0.0,0,100
C_weaker_ordinal_smoothness,10,1,independent_mondrian,0,254,0.9763779527559056,1.3858267716535433,1.3858267716535433,0,0.0,0.0,0.6990619484562794,0.0,0,10
C_weaker_ordinal_smoothness,10,1,ordinal_cluster,1,1161,0.9483204134366925,1.9526270456503014,1.9526270456503014,0,0.0,0.0,0.6368203249097462,0.0,0,100
C_weaker_ordinal_smoothness,10,1,ordinal_cluster,3,1171,0.9530315969257045,2.1844577284372333,2.1844577284372333,0,0.0,0.0,0.7267944986339445,0.0,0,100
C_weaker_ordinal_smoothness,10,1,ordinal_cluster,2,1179,0.8286683630195081,2.181509754028838,2.181509754028838,0,0.0,0.0,0.6457825261304249,0.0,0,100
C_weaker_ordinal_smoothness,10,1,ordinal_cluster,4,1235,0.8753036437246964,1.594331983805668,1.594331983805668,0,0.0,0.0,0.7073542846499303,0.0,0,100
C_weaker_ordinal_smoothness,10,1,ordinal_cluster,0,254,0.905511811023622,1.5,1.5,0,0.0,0.0,0.4904472289391938,0.0,0,10
C_weaker_ordinal_smoothness,10,1,input_dependent_nonordinal,1,1161,0.8975021533161068,2.1912144702842378,2.1912144702842378,0,0.5076519768503392,0.016273389162822522,-0.013301568834810484,0.016273389162822522,0,100
C_weaker_ordinal_smoothness,10,1,input_dependent_nonordinal,3,1171,0.9564474807856533,2.1759180187873612,2.1759180187873612,0,0.5836526781406719,0.023607186084905373,0.059268776799045075,0.023607186084905373,0,100
C_weaker_ordinal_smoothness,10,1,input_dependent_nonordinal,2,1179,0.909245122985581,2.1246819338422394,2.1246819338422394,0,0.8041406428519987,0.03949296818848518,-0.02102108792758095,0.03949296818848518,0,100
C_weaker_ordinal_smoothness,10,1,input_dependent_nonordinal,4,1235,0.8874493927125506,1.6,1.6,0,0.7056126985483215,0.021081320361666524,0.0007022447099400697,0.021081320361666524,0,100
C_weaker_ordinal_smoothness,10,1,input_dependent_nonordinal,0,254,0.984251968503937,1.421259842519685,1.421259842519685,0,0.44381776693978797,0.01412044875637501,0.24941306809781816,0.01412044875637501,0,10
C_weaker_ordinal_smoothness,10,1,input_dependent_ordinal,1,1161,0.905254091300603,2.1515934539190353,2.1515934539190353,0,0.5804624883220003,0.023490182014608806,-0.070848941320586,0.023490182014608806,0,100
C_weaker_ordinal_smoothness,10,1,input_dependent_ordinal,3,1171,0.9530315969257045,2.1374893253629375,2.1374893253629375,0,0.6596239562204371,0.026071142237220058,-0.015419649724126905,0.026071142237220058,0,100
C_weaker_ordinal_smoothness,10,1,input_dependent_ordinal,2,1179,0.8854961832061069,2.1204410517387617,2.1204410517387617,0,0.6327113511438871,0.024323484640232026,0.0983376982287138,0.024323484640232016,0,100
C_weaker_ordinal_smoothness,10,1,input_dependent_ordinal,4,1235,0.8874493927125506,1.5651821862348179,1.5651821862348179,0,0.7201982511798877,0.025600661973967574,-0.0139286620285759,0.025600661973967574,0,100
C_weaker_ordinal_smoothness,10,1,input_dependent_ordinal,0,254,0.984251968503937,1.3976377952755905,1.3976377952755905,0,0.5333354903392065,0.022018479530005068,0.15844495730729347,0.022018479530005068,0,10
C_weaker_ordinal_smoothness,10,2,independent_mondrian,3,1275,0.8619607843137255,2.296470588235294,2.296470588235294,0,0.0,0.0,0.5452157867176218,0.0,0,100
C_weaker_ordinal_smoothness,10,2,independent_mondrian,1,1141,0.922874671340929,2.2690622261174407,2.2690622261174407,0,0.0,0.0,0.5630366729031183,0.0,0,100
C_weaker_ordinal_smoothness,10,2,independent_mondrian,0,251,0.9641434262948207,1.4262948207171315,1.4262948207171315,0,0.0,0.0,0.6662847037883473,0.0,0,10
C_weaker_ordinal_smoothness,10,2,independent_mondrian,2,1134,0.908289241622575,2.0970017636684304,2.0970017636684304,0,0.0,0.0,0.783580792625948,0.0,0,100
C_weaker_ordinal_smoothness,10,2,independent_mondrian,4,1199,0.9049207673060884,1.5029190992493744,1.5029190992493744,0,0.0,0.0,0.7633603102609531,0.0,0,100
C_weaker_ordinal_smoothness,10,2,ordinal_cluster,3,1275,0.9372549019607843,2.1380392156862746,2.1380392156862746,0,0.0,0.0,0.7134116320297563,0.0,0,100
C_weaker_ordinal_smoothness,10,2,ordinal_cluster,1,1141,0.9561787905346187,2.014022787028922,2.014022787028922,0,0.0,0.0,0.6883737444774097,0.0,0,100
C_weaker_ordinal_smoothness,10,2,ordinal_cluster,0,251,0.952191235059761,1.5816733067729083,1.5816733067729083,0,0.0,0.0,0.5630366729031183,0.0,0,10
C_weaker_ordinal_smoothness,10,2,ordinal_cluster,2,1134,0.8386243386243386,2.207231040564374,2.207231040564374,0,0.0,0.0,0.6421456484972059,0.0,0,100
C_weaker_ordinal_smoothness,10,2,ordinal_cluster,4,1199,0.8523769808173478,1.5471226021684736,1.5471226021684736,0,0.0,0.0,0.6568102346268262,0.0,0,100
C_weaker_ordinal_smoothness,10,2,input_dependent_nonordinal,3,1275,0.8368627450980393,2.1788235294117646,2.1788235294117646,0,0.5875475074320528,0.025475624419927928,-0.08559613655218978,0.025475624419927928,0,100
C_weaker_ordinal_smoothness,10,2,input_dependent_nonordinal,1,1141,0.8930762489044698,1.9447852760736197,1.9447852760736197,0,0.5214442975352703,0.026406705580318338,-0.012983340843291336,0.026406705580318338,0,100
C_weaker_ordinal_smoothness,10,2,input_dependent_nonordinal,0,251,0.9442231075697212,1.3904382470119523,1.3904382470119523,0,0.45949138489650077,0.03536107075262696,0.0575088894481427,0.03536107075262696,0,10
C_weaker_ordinal_smoothness,10,2,input_dependent_nonordinal,2,1134,0.9126984126984127,1.9576719576719577,1.9576719576719577,0,0.7293960652179549,0.02040169559747248,0.042723997576788575,0.02040169559747248,0,100
C_weaker_ordinal_smoothness,10,2,input_dependent_nonordinal,4,1199,0.9165971643035863,1.4587155963302751,1.4587155963302751,0,0.6999103631915427,0.017881250100693226,0.06310452067925632,0.017881250100693226,0,100
C_weaker_ordinal_smoothness,10,2,input_dependent_ordinal,3,1275,0.8172549019607843,2.1333333333333333,2.1333333333333333,0,0.6558963787117222,0.021129117865732495,-0.17595361834002848,0.021129117865732495,0,100
C_weaker_ordinal_smoothness,10,2,input_dependent_ordinal,1,1141,0.8930762489044698,1.9167397020157757,1.9167397020157757,0,0.5611884368362662,0.026403324175238607,-0.05271418589807242,0.026403324175238607,0,100
C_weaker_ordinal_smoothness,10,2,input_dependent_ordinal,0,251,0.9442231075697212,1.3864541832669324,1.3864541832669324,0,0.5370004304190844,0.03613841374259979,-0.02163209709639302,0.03613841374259979,0,10
C_weaker_ordinal_smoothness,10,2,input_dependent_ordinal,2,1134,0.9012345679012346,1.9268077601410936,1.9268077601410936,0,0.6067953215592286,0.023214270645009354,0.14902655721869995,0.023214270645009354,0,100
C_weaker_ordinal_smoothness,10,2,input_dependent_ordinal,4,1199,0.9174311926605505,1.4295246038365303,1.4295246038365303,0,0.7016732561623699,0.01932901414286929,0.05792565442969255,0.01932901414286929,0,100
C_weaker_ordinal_smoothness,10,3,independent_mondrian,1,1206,0.8797678275290216,2.001658374792703,2.001658374792703,0,0.0,0.0,0.5210086159891428,0.0,0,100
C_weaker_ordinal_smoothness,10,3,independent_mondrian,2,1188,0.872895622895623,2.1245791245791246,2.1245791245791246,0,0.0,0.0,0.7513833752131871,0.0,0,100
C_weaker_ordinal_smoothness,10,3,independent_mondrian,4,1161,0.9310938845822567,1.6124031007751938,1.6124031007751938,0,0.0,0.0,0.8287765830231294,0.0,0,100
C_weaker_ordinal_smoothness,10,3,independent_mondrian,3,1184,0.9282094594594594,2.389358108108108,2.389358108108108,0,0.0,0.0,0.6655523195324393,0.0,0,100
C_weaker_ordinal_smoothness,10,3,independent_mondrian,0,261,0.9233716475095786,1.3295019157088122,1.3295019157088122,0,0.0,0.0,0.5086481055269545,0.0,0,10
C_weaker_ordinal_smoothness,10,3,ordinal_cluster,1,1206,0.9145936981757877,1.8747927031509122,1.8747927031509122,0,0.0,0.0,0.5942960772593118,0.0,0,100
C_weaker_ordinal_smoothness,10,3,ordinal_cluster,2,1188,0.7870370370370371,2.106060606060606,2.106060606060606,0,0.0,0.0,0.6093887979059102,0.0,0,100
C_weaker_ordinal_smoothness,10,3,ordinal_cluster,4,1161,0.8914728682170543,1.5839793281653747,1.5839793281653747,0,0.0,0.0,0.712731865557959,0.0,0,100
C_weaker_ordinal_smoothness,10,3,ordinal_cluster,3,1184,0.9408783783783784,2.1199324324324325,2.1199324324324325,0,0.0,0.0,0.712731865557959,0.0,0,100
C_weaker_ordinal_smoothness,10,3,ordinal_cluster,0,261,0.9272030651340997,1.4291187739463602,1.4291187739463602,0,0.0,0.0,0.5204633038383193,0.0,0,10
C_weaker_ordinal_smoothness,10,3,input_dependent_nonordinal,1,1206,0.8864013266998342,1.8822553897180763,1.8822553897180763,0,0.5416136587223039,0.025921278071632928,-0.02804246241115735,0.025921278071632928,0,100
C_weaker_ordinal_smoothness,10,3,input_dependent_nonordinal,2,1188,0.8956228956228957,1.9217171717171717,1.9217171717171717,0,0.7738317596060098,0.024814001837266227,-0.014000627509157204,0.024814001837266227,0,100
C_weaker_ordinal_smoothness,10,3,input_dependent_nonordinal,4,1161,0.9164513350559862,1.4763135228251507,1.4763135228251507,0,0.7237850790894425,0.020175561166640245,0.031223689643278596,0.020175561166640245,0,100
C_weaker_ordinal_smoothness,10,3,input_dependent_nonordinal,3,1184,0.8403716216216216,2.1722972972972974,2.1722972972972974,0,0.57315941808806,0.02153084268132854,-0.05773678752850386,0.02153084268132854,0,100
C_weaker_ordinal_smoothness,10,3,input_dependent_nonordinal,0,261,0.8812260536398467,1.3103448275862069,1.3103448275862069,0,0.43299607118902567,0.016849972790054707,0.0009854605458252674,0.016849972790054707,0,10
C_weaker_ordinal_smoothness,10,3,input_dependent_ordinal,1,1206,0.8839137645107794,1.884742951907131,1.884742951907131,0,0.5860505645855763,0.02502185971195338,-0.07729897342270611,0.02502185971195338,0,100
C_weaker_ordinal_smoothness,10,3,input_dependent_ordinal,2,1188,0.8973063973063973,1.9217171717171717,1.9217171717171717,0,0.6211699201703442,0.02382664458170025,0.1423988085479192,0.02382664458170025,0,100
C_weaker_ordinal_smoothness,10,3,input_dependent_ordinal,4,1161,0.917312661498708,1.4771748492678725,1.4771748492678725,0,0.7174095031740592,0.020631033852402784,0.03918130701937661,0.020631033852402784,0,100
C_weaker_ordinal_smoothness,10,3,input_dependent_ordinal,3,1184,0.8369932432432432,2.1722972972972974,2.1722972972972974,0,0.6651619493840475,0.022606364364402876,-0.15024714487904156,0.022606364364402876,0,100
C_weaker_ordinal_smoothness,10,3,input_dependent_ordinal,0,261,0.8505747126436781,1.2796934865900382,1.2796934865900382,0,0.5204139123197018,0.02737946930703355,-0.1069443678000277,0.02737946930703355,0,10
C_weaker_ordinal_smoothness,10,4,independent_mondrian,2,1166,0.9236706689536878,2.1569468267581473,2.1569468267581473,0,0.0,0.0,0.8404213892998547,0.0,0,100
C_weaker_ordinal_smoothness,10,4,independent_mondrian,3,1225,0.9126530612244897,2.3991836734693877,2.3991836734693877,0,0.0,0.0,0.6458745708671905,0.0,0,100
C_weaker_ordinal_smoothness,10,4,independent_mondrian,1,1139,0.9174714661984197,2.301141352063213,2.301141352063213,0,0.0,0.0,0.5604963661052716,0.0,0,100
C_weaker_ordinal_smoothness,10,4,independent_mondrian,0,237,0.9578059071729957,1.5527426160337552,1.5527426160337552,0,0.0,0.0,0.6316118102515106,0.0,0,10
C_weaker_ordinal_smoothness,10,4,independent_mondrian,4,1233,0.8905109489051095,1.6366585563665856,1.6366585563665856,0,0.0,0.0,0.7383495294766992,0.0,0,100
C_weaker_ordinal_smoothness,10,4,ordinal_cluster,2,1166,0.8919382504288165,2.4013722126929675,2.4013722126929675,0,0.0,0.0,0.7354907268517216,0.0,0,100
C_weaker_ordinal_smoothness,10,4,ordinal_cluster,3,1225,0.9518367346938775,2.3551020408163263,2.3551020408163263,0,0.0,0.0,0.7741839866098191,0.0,0,100
C_weaker_ordinal_smoothness,10,4,ordinal_cluster,1,1139,0.9692712906057945,2.184372256365233,2.184372256365233,0,0.0,0.0,0.7551449966531553,0.0,0,100
C_weaker_ordinal_smoothness,10,4,ordinal_cluster,0,237,0.9240506329113924,1.759493670886076,1.759493670886076,0,0.0,0.0,0.5604963661052716,0.0,0,10
C_weaker_ordinal_smoothness,10,4,ordinal_cluster,4,1233,0.8832116788321168,1.6909975669099757,1.6909975669099757,0,0.0,0.0,0.716275383792165,0.0,0,100
C_weaker_ordinal_smoothness,10,4,input_dependent_nonordinal,2,1166,0.9168096054888508,2.067753001715266,2.067753001715266,0,0.7759578066091749,0.02692837612228535,0.04812741461464842,0.02692837612228535,0,100
C_weaker_ordinal_smoothness,10,4,input_dependent_nonordinal,3,1225,0.8971428571428571,2.3853061224489798,2.3853061224489798,0,0.5915151834235897,0.03467359142533046,0.0020627631983968775,0.03467359142533046,0,100
C_weaker_ordinal_smoothness,10,4,input_dependent_nonordinal,1,1139,0.9209833187006146,2.1536435469710273,2.1536435469710273,0,0.5102712875936085,0.01879791110789484,0.015470737687448222,0.01879791110789484,0,100
C_weaker_ordinal_smoothness,10,4,input_dependent_nonordinal,0,237,0.9662447257383966,1.5358649789029535,1.5358649789029535,0,0.44023754610907884,0.009533700729013692,0.14100374828388873,0.009533700729013692,0,10
C_weaker_ordinal_smoothness,10,4,input_dependent_nonordinal,4,1233,0.9334955393349554,1.6098945660989457,1.6098945660989457,0,0.6925048416830122,0.012661303948002254,0.12534932777260777,0.012661303948002252,0,100
C_weaker_ordinal_smoothness,10,4,input_dependent_ordinal,2,1166,0.9108061749571184,2.0608919382504287,2.0608919382504287,0,0.6122671041756514,0.02121688048457365,0.18868450842217604,0.02121688048457365,0,100
C_weaker_ordinal_smoothness,10,4,input_dependent_ordinal,3,1225,0.8816326530612245,2.3583673469387754,2.3583673469387754,0,0.664248622529596,0.022353766532479124,-0.09663628894537218,0.022353766532479124,0,100
C_weaker_ordinal_smoothness,10,4,input_dependent_ordinal,1,1139,0.9201053555750659,2.093064091308165,2.093064091308165,0,0.5751969217106788,0.02224265554136105,-0.05061943842658656,0.02224265554136105,0,100
C_weaker_ordinal_smoothness,10,4,input_dependent_ordinal,0,237,0.9578059071729957,1.5021097046413503,1.5021097046413503,0,0.5279763029607978,0.021086731773405563,0.028723699442666284,0.021086731773405563,0,10
C_weaker_ordinal_smoothness,10,4,input_dependent_ordinal,4,1233,0.935117599351176,1.570154095701541,1.570154095701541,0,0.7097505261609169,0.02136340475708447,0.12440792195917194,0.02136340475708447,0,100
C_weaker_ordinal_smoothness,10,5,independent_mondrian,4,1176,0.8928571428571429,1.6862244897959184,1.6862244897959184,0,0.0,0.0,0.7313931401107904,0.0,0,100
C_weaker_ordinal_smoothness,10,5,independent_mondrian,1,1176,0.9336734693877551,2.113095238095238,2.113095238095238,0,0.0,0.0,0.6450470818408388,0.0,0,100
C_weaker_ordinal_smoothness,10,5,independent_mondrian,2,1196,0.9105351170568562,2.2165551839464883,2.2165551839464883,0,0.0,0.0,0.8468198509951285,0.0,0,100
C_weaker_ordinal_smoothness,10,5,independent_mondrian,3,1190,0.9352941176470588,2.4092436974789915,2.4092436974789915,0,0.0,0.0,0.6763816744282282,0.0,0,100
C_weaker_ordinal_smoothness,10,5,independent_mondrian,0,262,0.8625954198473282,1.5725190839694656,1.5725190839694656,0,0.0,0.0,0.45033495565537457,0.0,0,10
C_weaker_ordinal_smoothness,10,5,ordinal_cluster,4,1176,0.8801020408163265,1.6845238095238095,1.6845238095238095,0,0.0,0.0,0.7078134659216495,0.0,0,100
C_weaker_ordinal_smoothness,10,5,ordinal_cluster,1,1176,0.9591836734693877,2.255952380952381,2.255952380952381,0,0.0,0.0,0.7314417113218596,0.0,0,100
C_weaker_ordinal_smoothness,10,5,ordinal_cluster,2,1196,0.8662207357859532,2.362040133779264,2.362040133779264,0,0.0,0.0,0.730355693560526,0.0,0,100
C_weaker_ordinal_smoothness,10,5,ordinal_cluster,3,1190,0.9487394957983193,2.32436974789916,2.32436974789916,0,0.0,0.0,0.7403315331246182,0.0,0,100
C_weaker_ordinal_smoothness,10,5,ordinal_cluster,0,262,0.9580152671755725,1.7595419847328244,1.7595419847328244,0,0.0,0.0,0.6276185886080192,0.0,0,10
C_weaker_ordinal_smoothness,10,5,input_dependent_nonordinal,4,1176,0.91921768707483,1.5901360544217686,1.5901360544217686,0,0.6717545241877831,0.02153517511364595,0.07073733374291624,0.02153517511364595,0,100
C_weaker_ordinal_smoothness,10,5,input_dependent_nonordinal,1,1176,0.9285714285714286,1.9574829931972788,1.9574829931972788,0,0.5208755200259881,0.027371174776592743,0.06543811520558374,0.027371174776592743,0,100
C_weaker_ordinal_smoothness,10,5,input_dependent_nonordinal,2,1196,0.8896321070234113,2.0652173913043477,2.0652173913043477,0,0.7696011347301632,0.018041699608421304,-0.0037654237321395057,0.018041699608421304,0,100
C_weaker_ordinal_smoothness,10,5,input_dependent_nonordinal,3,1190,0.9243697478991597,2.26890756302521,2.26890756302521,0,0.5875527799972627,0.022535341099366942,0.027027093672176705,0.022535341099366942,0,100
C_weaker_ordinal_smoothness,10,5,input_dependent_nonordinal,0,262,0.9045801526717557,1.5,1.5,0,0.4747892342322185,0.010348281628973487,-0.030704535904465535,0.010348281628973487,0,10
C_weaker_ordinal_smoothness,10,5,input_dependent_ordinal,4,1176,0.9200680272108843,1.598639455782313,1.598639455782313,0,0.6858502230010332,0.021403688613218116,0.05658544989376324,0.021403688613218116,0,100
C_weaker_ordinal_smoothness,10,5,input_dependent_ordinal,1,1176,0.9319727891156463,1.9914965986394557,1.9914965986394557,0,0.5730565323299458,0.020658731335609023,0.01564584343331271,0.020658731335609023,0,100
C_weaker_ordinal_smoothness,10,5,input_dependent_ordinal,2,1196,0.8946488294314381,2.089464882943144,2.089464882943144,0,0.6151870233070084,0.02155081284472049,0.16050465247847157,0.02155081284472049,0,100
C_weaker_ordinal_smoothness,10,5,input_dependent_ordinal,3,1190,0.9243697478991597,2.2714285714285714,2.2714285714285714,0,0.651220979872182,0.02131067960420658,-0.03660941538968271,0.02131067960420658,0,100
C_weaker_ordinal_smoothness,10,5,input_dependent_ordinal,0,262,0.9122137404580153,1.5076335877862594,1.5076335877862594,0,0.551123777794672,0.019566909046631886,-0.06714121755817104,0.019566909046631886,0,10
C_weaker_ordinal_smoothness,10,6,independent_mondrian,2,1174,0.9105621805792163,2.2972742759795572,2.2972742759795572,0,0.0,0.0,0.79888212041425,0.0,0,100
C_weaker_ordinal_smoothness,10,6,independent_mondrian,3,1182,0.9043993231810491,2.3155668358714045,2.3155668358714045,0,0.0,0.0,0.6161919736180703,0.0,0,100
C_weaker_ordinal_smoothness,10,6,independent_mondrian,1,1178,0.9320882852292021,2.5789473684210527,2.5789473684210527,0,0.0,0.0,0.5956316622969806,0.0,0,100
C_weaker_ordinal_smoothness,10,6,independent_mondrian,4,1212,0.8820132013201321,1.5602310231023102,1.5602310231023102,0,0.0,0.0,0.7097111558062554,0.0,0,100
C_weaker_ordinal_smoothness,10,6,independent_mondrian,0,254,0.9960629921259843,1.5826771653543308,1.5826771653543308,0,0.0,0.0,0.8916393334186015,0.0,0,10
C_weaker_ordinal_smoothness,10,6,ordinal_cluster,2,1174,0.8347529812606473,2.2555366269165247,2.2555366269165247,0,0.0,0.0,0.6606211619200539,0.0,0,100
C_weaker_ordinal_smoothness,10,6,ordinal_cluster,3,1182,0.939932318104907,2.207275803722504,2.207275803722504,0,0.0,0.0,0.7097111558062554,0.0,0,100
C_weaker_ordinal_smoothness,10,6,ordinal_cluster,1,1178,0.9592529711375212,2.109507640067912,2.109507640067912,0,0.0,0.0,0.697827575640396,0.0,0,100
C_weaker_ordinal_smoothness,10,6,ordinal_cluster,4,1212,0.8787128712871287,1.5891089108910892,1.5891089108910892,0,0.0,0.0,0.6973182324291621,0.0,0,100
C_weaker_ordinal_smoothness,10,6,ordinal_cluster,0,254,0.9645669291338582,1.6653543307086613,1.6653543307086613,0,0.0,0.0,0.5956316622969806,0.0,0,10
C_weaker_ordinal_smoothness,10,6,input_dependent_nonordinal,2,1174,0.9122657580919932,2.1541737649063033,2.1541737649063033,0,0.7664489473370475,0.03932302070101206,0.04116629971115826,0.03932302070101206,0,100
C_weaker_ordinal_smoothness,10,6,input_dependent_nonordinal,3,1182,0.9179357021996616,2.186125211505922,2.186125211505922,0,0.5987960996347409,0.03430761362754838,0.008224443778723167,0.03430761362754838,0,100
C_weaker_ordinal_smoothness,10,6,input_dependent_nonordinal,1,1178,0.9091680814940577,2.3616298811544993,2.3616298811544993,0,0.5009732514668306,0.019636332275890726,0.02038555181961549,0.019636332275890726,0,100
C_weaker_ordinal_smoothness,10,6,input_dependent_nonordinal,4,1212,0.8960396039603961,1.5528052805280528,1.5528052805280528,0,0.7404722851691161,0.03230859935082446,-0.03317330284173575,0.03230859935082446,0,100
C_weaker_ordinal_smoothness,10,6,input_dependent_nonordinal,0,254,0.9960629921259843,1.5393700787401574,1.5393700787401574,0,0.4391507347538633,0.008953091708966342,0.33585874833633167,0.00895309170896634,0,10
C_weaker_ordinal_smoothness,10,6,input_dependent_ordinal,2,1174,0.909710391822828,2.148211243611584,2.148211243611584,0,0.6179806155492911,0.028340196816365126,0.18238903317489774,0.028340196816365126,0,100
C_weaker_ordinal_smoothness,10,6,input_dependent_ordinal,3,1182,0.916243654822335,2.1954314720812182,2.1954314720812182,0,0.6789937805131033,0.032998070924608214,-0.0758678694331108,0.032998070924608214,0,100
C_weaker_ordinal_smoothness,10,6,input_dependent_ordinal,1,1178,0.9159592529711376,2.2903225806451615,2.2903225806451615,0,0.5498923704190488,0.02265599250908696,-0.015164184380883128,0.02265599250908696,0,100
C_weaker_ordinal_smoothness,10,6,input_dependent_ordinal,4,1212,0.8935643564356436,1.5420792079207921,1.5420792079207921,0,0.7391834526229372,0.03792120391066429,-0.028054257180313513,0.03792120391066429,0,100
C_weaker_ordinal_smoothness,10,6,input_dependent_ordinal,0,254,0.9960629921259843,1.531496062992126,1.531496062992126,0,0.5081009001857753,0.017596600802410427,0.2200309655014001,0.017596600802410427,0,10
C_weaker_ordinal_smoothness,10,7,independent_mondrian,2,1157,0.9040622299049266,2.168539325842697,2.168539325842697,0,0.0,0.0,0.8456688780457114,0.0,0,100
C_weaker_ordinal_smoothness,10,7,independent_mondrian,0,228,0.6973684210526315,1.3464912280701755,1.3464912280701755,0,0.0,0.0,0.25156123955670284,0.0,0,10
C_weaker_ordinal_smoothness,10,7,independent_mondrian,4,1229,0.9275834011391375,1.6021155410903174,1.6021155410903174,0,0.0,0.0,0.7846368905029856,0.0,0,100
C_weaker_ordinal_smoothness,10,7,independent_mondrian,3,1204,0.8911960132890365,2.446843853820598,2.446843853820598,0,0.0,0.0,0.6027854159428898,0.0,0,100
C_weaker_ordinal_smoothness,10,7,independent_mondrian,1,1182,0.9543147208121827,1.8993231810490694,1.8993231810490694,0,0.0,0.0,0.6601734104052658,0.0,0,100
C_weaker_ordinal_smoothness,10,7,ordinal_cluster,2,1157,0.8280034572169404,2.2480553154710456,2.2480553154710456,0,0.0,0.0,0.6610668241093474,0.0,0,100
C_weaker_ordinal_smoothness,10,7,ordinal_cluster,0,228,0.9736842105263158,1.644736842105263,1.644736842105263,0,0.0,0.0,0.6538637815407377,0.0,0,10
C_weaker_ordinal_smoothness,10,7,ordinal_cluster,4,1229,0.8567941415785191,1.549227013832384,1.549227013832384,0,0.0,0.0,0.6270605193381946,0.0,0,100
C_weaker_ordinal_smoothness,10,7,ordinal_cluster,3,1204,0.9393687707641196,2.132890365448505,2.132890365448505,0,0.0,0.0,0.7072244260635528,0.0,0,100
C_weaker_ordinal_smoothness,10,7,ordinal_cluster,1,1182,0.9644670050761421,2.173434856175973,2.173434856175973,0,0.0,0.0,0.709290094595538,0.0,0,100
C_weaker_ordinal_smoothness,10,7,input_dependent_nonordinal,2,1157,0.9127052722558341,1.9887640449438202,1.9887640449438202,0,0.793271979370629,0.032581358990998094,0.033369565130240364,0.032581358990998094,0,100
C_weaker_ordinal_smoothness,10,7,input_dependent_nonordinal,0,228,0.8070175438596491,1.3289473684210527,1.3289473684210527,0,0.4595207384733291,0.015781144024904003,-0.11362980078062701,0.015781144024904003,0,10
C_weaker_ordinal_smoothness,10,7,input_dependent_nonordinal,4,1229,0.8885272579332791,1.5052888527257933,1.5052888527257933,0,0.7149360569708649,0.02309660943072784,-0.04690160623138395,0.02309660943072784,0,100
C_weaker_ordinal_smoothness,10,7,input_dependent_nonordinal,3,1204,0.8737541528239202,2.1511627906976742,2.1511627906976742,0,0.5834177874466135,0.028340663241533046,-0.03411502467850447,0.028340663241533046,0,100
C_weaker_ordinal_smoothness,10,7,input_dependent_nonordinal,1,1182,0.9331641285956007,1.8849407783417935,1.8849407783417935,0,0.5207647701835371,0.02503901145657393,0.031240180226367542,0.02503901145657393,0,100
C_weaker_ordinal_smoothness,10,7,input_dependent_ordinal,2,1157,0.9187554019014693,1.993085566119274,1.993085566119274,0,0.632928170552385,0.027243156143218476,0.20838905665559326,0.027243156143218476,0,100
C_weaker_ordinal_smoothness,10,7,input_dependent_ordinal,0,228,0.8245614035087719,1.3508771929824561,1.3508771929824561,0,0.5534355285020104,0.02928242031683973,-0.16717674295321894,0.02928242031683973,0,10
C_weaker_ordinal_smoothness,10,7,input_dependent_ordinal,4,1229,0.8763222131814483,1.4938974776240845,1.4938974776240845,0,0.7184388056359259,0.026888945414327528,-0.06730770954132248,0.026888945414327528,0,100
C_weaker_ordinal_smoothness,10,7,input_dependent_ordinal,3,1204,0.8737541528239202,2.145348837209302,2.145348837209302,0,0.6684002880966325,0.028195841472748395,-0.11969660310346852,0.028195841472748395,0,100
C_weaker_ordinal_smoothness,10,7,input_dependent_ordinal,1,1182,0.9263959390862944,1.9576988155668358,1.9576988155668358,0,0.5773292626937413,0.028737481070382844,-0.03258801650855936,0.028737481070382844,0,100
C_weaker_ordinal_smoothness,10,8,independent_mondrian,2,1179,0.9329940627650551,2.10941475826972,2.10941475826972,0,0.0,0.0,0.8428148100035691,0.0,0,100
C_weaker_ordinal_smoothness,10,8,independent_mondrian,4,1180,0.940677966101695,1.6084745762711865,1.6084745762711865,0,0.0,0.0,0.8036056597855911,0.0,0,100
C_weaker_ordinal_smoothness,10,8,independent_mondrian,1,1203,0.8778054862842892,2.1030756442227765,2.1030756442227765,0,0.0,0.0,0.5022120828730577,0.0,0,100
C_weaker_ordinal_smoothness,10,8,independent_mondrian,3,1197,0.8905597326649958,2.399331662489557,2.399331662489557,0,0.0,0.0,0.6089880726789524,0.0,0,100
C_weaker_ordinal_smoothness,10,8,independent_mondrian,0,241,0.9045643153526971,1.4273858921161826,1.4273858921161826,0,0.0,0.0,0.5313875345397595,0.0,0,10
C_weaker_ordinal_smoothness,10,8,ordinal_cluster,2,1179,0.8507209499575912,2.207803223070399,2.207803223070399,0,0.0,0.0,0.6550349406722048,0.0,0,100
C_weaker_ordinal_smoothness,10,8,ordinal_cluster,4,1180,0.8813559322033898,1.5940677966101695,1.5940677966101695,0,0.0,0.0,0.6550349406722048,0.0,0,100
C_weaker_ordinal_smoothness,10,8,ordinal_cluster,1,1203,0.9476309226932669,1.9750623441396509,1.9750623441396509,0,0.0,0.0,0.674173386943715,0.0,0,100
C_weaker_ordinal_smoothness,10,8,ordinal_cluster,3,1197,0.9415204678362573,2.1495405179615705,2.1495405179615705,0,0.0,0.0,0.7389834918529415,0.0,0,100
C_weaker_ordinal_smoothness,10,8,ordinal_cluster,0,241,0.9004149377593361,1.6307053941908713,1.6307053941908713,0,0.0,0.0,0.5022120828730577,0.0,0,10
C_weaker_ordinal_smoothness,10,8,input_dependent_nonordinal,2,1179,0.9406276505513147,2.052586938083121,2.052586938083121,0,0.7586008050140451,0.032104392207075685,0.08737475287950092,0.032104392207075685,0,100
C_weaker_ordinal_smoothness,10,8,input_dependent_nonordinal,4,1180,0.8974576271186441,1.561864406779661,1.561864406779661,0,0.6973798284000078,0.03201443013331466,-0.01635842859264597,0.03201443013331466,0,100
C_weaker_ordinal_smoothness,10,8,input_dependent_nonordinal,1,1203,0.8786367414796342,2.0357439733998337,2.0357439733998337,0,0.5099267972685839,0.026935489193885297,-0.008791169086090789,0.026935489193885297,0,100
C_weaker_ordinal_smoothness,10,8,input_dependent_nonordinal,3,1197,0.9164578111946533,2.2322472848788637,2.2322472848788637,0,0.598586544265267,0.014335483140432074,0.01363194399580303,0.014335483140432074,0,100
C_weaker_ordinal_smoothness,10,8,input_dependent_nonordinal,0,241,0.9128630705394191,1.4813278008298756,1.4813278008298756,0,0.41694388239185626,0.01874434387581393,0.12073861236186928,0.01874434387581393,0,10
C_weaker_ordinal_smoothness,10,8,input_dependent_ordinal,2,1179,0.9346904156064462,2.0424088210347753,2.0424088210347753,0,0.6154668236105031,0.02592381369866568,0.21991640072252455,0.02592381369866568,0,100
C_weaker_ordinal_smoothness,10,8,input_dependent_ordinal,4,1180,0.902542372881356,1.5457627118644068,1.5457627118644068,0,0.7118539302839858,0.02552856522886832,-0.030110547628769524,0.02552856522886832,0,100
C_weaker_ordinal_smoothness,10,8,input_dependent_ordinal,1,1203,0.8877805486284289,2.054031587697423,2.054031587697423,0,0.5616337986646095,0.025124358779681034,-0.05375515621121674,0.025124358779681034,0,100
C_weaker_ordinal_smoothness,10,8,input_dependent_ordinal,3,1197,0.9039264828738512,2.2230576441102756,2.2230576441102756,0,0.6660308177341377,0.025866007154489903,-0.06175547169765605,0.025866007154489903,0,100
C_weaker_ordinal_smoothness,10,8,input_dependent_ordinal,0,241,0.91701244813278,1.4564315352697095,1.4564315352697095,0,0.5179051029619356,0.02193135815299745,0.02029154599134486,0.02193135815299745,0,10
C_weaker_ordinal_smoothness,10,9,independent_mondrian,4,1215,0.9078189300411522,1.5753086419753086,1.5753086419753086,0,0.0,0.0,0.7625965700194345,0.0,0,100
C_weaker_ordinal_smoothness,10,9,independent_mondrian,3,1189,0.8973927670311186,2.3650126156433977,2.3650126156433977,0,0.0,0.0,0.5837254863280803,0.0,0,100
C_weaker_ordinal_smoothness,10,9,independent_mondrian,2,1181,0.903471634208298,2.143099068585944,2.143099068585944,0,0.0,0.0,0.8074902031319309,0.0,0,100
C_weaker_ordinal_smoothness,10,9,independent_mondrian,0,234,0.9230769230769231,1.4957264957264957,1.4957264957264957,0,0.0,0.0,0.5051365135374027,0.0,0,10
C_weaker_ordinal_smoothness,10,9,independent_mondrian,1,1181,0.9339542760372566,2.0914479254868756,2.0914479254868756,0,0.0,0.0,0.6179708645741748,0.0,0,100
C_weaker_ordinal_smoothness,10,9,ordinal_cluster,4,1215,0.8855967078189301,1.5975308641975308,1.5975308641975308,0,0.0,0.0,0.7083543321216087,0.0,0,100
C_weaker_ordinal_smoothness,10,9,ordinal_cluster,3,1189,0.9428090832632464,2.176619007569386,2.176619007569386,0,0.0,0.0,0.7157725713592762,0.0,0,100
C_weaker_ordinal_smoothness,10,9,ordinal_cluster,2,1181,0.8094834885690093,2.199830651989839,2.199830651989839,0,0.0,0.0,0.6226024615562554,0.0,0,100
C_weaker_ordinal_smoothness,10,9,ordinal_cluster,0,234,0.9572649572649573,1.5555555555555556,1.5555555555555556,0,0.0,0.0,0.5777206950447614,0.0,0,10
C_weaker_ordinal_smoothness,10,9,ordinal_cluster,1,1181,0.9441151566469094,2.0059271803556307,2.0059271803556307,0,0.0,0.0,0.6559198068817278,0.0,0,100
C_weaker_ordinal_smoothness,10,9,input_dependent_nonordinal,4,1215,0.9176954732510288,1.5810699588477366,1.5810699588477366,0,0.7150613755435401,0.03140898152901044,0.07234050216692,0.03140898152901044,0,100
C_weaker_ordinal_smoothness,10,9,input_dependent_nonordinal,3,1189,0.8931875525651808,2.210260723296888,2.210260723296888,0,0.5511650351690358,0.011529211113852564,0.008837644061657213,0.011529211113852564,0,100
C_weaker_ordinal_smoothness,10,9,input_dependent_nonordinal,2,1181,0.9009314140558848,2.0541913632514817,2.0541913632514817,0,0.7939272100962262,0.032860495172137634,-0.016242815360362983,0.032860495172137634,0,100
C_weaker_ordinal_smoothness,10,9,input_dependent_nonordinal,0,234,0.8333333333333334,1.294871794871795,1.294871794871795,0,0.45394570851474253,0.02952363635358146,-0.06612979043531932,0.02952363635358146,0,10
C_weaker_ordinal_smoothness,10,9,input_dependent_nonordinal,1,1181,0.9119390347163421,1.8983911939034717,1.8983911939034717,0,0.5283135031639339,0.024099700615089883,0.013952552768439097,0.024099700615089883,0,100
C_weaker_ordinal_smoothness,10,9,input_dependent_ordinal,4,1215,0.9242798353909465,1.5637860082304527,1.5637860082304527,0,0.7074428167295378,0.0237282536761184,0.07671384380363544,0.0237282536761184,0,100
C_weaker_ordinal_smoothness,10,9,input_dependent_ordinal,3,1189,0.8822539949537427,2.2077375946173254,2.2077375946173254,0,0.6570643414054697,0.02427362014642911,-0.1077606535205008,0.02427362014642911,0,100
C_weaker_ordinal_smoothness,10,9,input_dependent_ordinal,2,1181,0.8873835732430144,2.015241320914479,2.015241320914479,0,0.6291433172871497,0.024745864836156147,0.12022782124316356,0.024745864836156147,0,100
C_weaker_ordinal_smoothness,10,9,input_dependent_ordinal,0,234,0.8333333333333334,1.2606837606837606,1.2606837606837606,0,0.5328530183686118,0.024914241880600332,-0.15419338907326108,0.024914241880600332,0,10
C_weaker_ordinal_smoothness,10,9,input_dependent_ordinal,1,1181,0.9060118543607113,1.8628281117696868,1.8628281117696868,0,0.5876426440554814,0.026101680503221997,-0.048458292020688964,0.026101680503221997,0,100
C_weaker_ordinal_smoothness,10,10,independent_mondrian,2,1160,0.9431034482758621,2.510344827586207,2.511206896551724,0,0.0,0.0,0.9507027717562453,0.0,0,100
C_weaker_ordinal_smoothness,10,10,independent_mondrian,4,1167,0.8903170522707797,1.557840616966581,1.557840616966581,0,0.0,0.0,0.7132214373665295,0.0,0,100
C_weaker_ordinal_smoothness,10,10,independent_mondrian,1,1203,0.9235245220282626,2.7930174563591024,2.794679966749792,0,0.0,0.0,0.5964130685862163,0.0,0,100
C_weaker_ordinal_smoothness,10,10,independent_mondrian,0,267,1,1.7303370786516854,1.7303370786516854,0,0.0,0.0,1.1988046471479237,0.0,0,10
C_weaker_ordinal_smoothness,10,10,independent_mondrian,3,1203,0.8528678304239401,2.4164588528678306,2.4164588528678306,0,0.0,0.0,0.5206143966765621,0.0,0,100
C_weaker_ordinal_smoothness,10,10,ordinal_cluster,2,1160,0.8310344827586207,2.299137931034483,2.299137931034483,0,0.0,0.0,0.6506302693462702,0.0,0,100
C_weaker_ordinal_smoothness,10,10,ordinal_cluster,4,1167,0.8663239074550129,1.594687232219366,1.594687232219366,0,0.0,0.0,0.6521879759235303,0.0,0,100
C_weaker_ordinal_smoothness,10,10,ordinal_cluster,1,1203,0.970074812967581,2.1180382377389857,2.1180382377389857,0,0.0,0.0,0.7706484669340531,0.0,0,100
C_weaker_ordinal_smoothness,10,10,ordinal_cluster,0,267,0.9550561797752809,1.8052434456928839,1.8052434456928839,0,0.0,0.0,0.5964130685862163,0.0,0,10
C_weaker_ordinal_smoothness,10,10,ordinal_cluster,3,1203,0.9609310058187863,2.177888611803824,2.177888611803824,0,0.0,0.0,0.743612775442755,0.0,0,100
C_weaker_ordinal_smoothness,10,10,input_dependent_nonordinal,2,1160,0.9362068965517242,2.282758620689655,2.3051724137931036,0,0.7564479593926,0.020089060061847987,0.14600371454093175,0.020089060061847987,0,100
C_weaker_ordinal_smoothness,10,10,input_dependent_nonordinal,4,1167,0.9168808911739503,1.55955441302485,1.5612682090831191,0,0.7286868045314047,0.0355222078145521,0.048729160360772905,0.0355222078145521,0,100
C_weaker_ordinal_smoothness,10,10,input_dependent_nonordinal,1,1203,0.8428927680798005,2.6683291770573567,2.684123025768911,0,0.5232140601851605,0.021367562223290906,-0.06924017773969982,0.021367562223290906,0,100
C_weaker_ordinal_smoothness,10,10,input_dependent_nonordinal,0,267,1,1.4943820224719102,1.4943820224719102,0,0.46428329448447536,0.02907352688056482,0.6125866232771067,0.02907352688056482,0,10
C_weaker_ordinal_smoothness,10,10,input_dependent_nonordinal,3,1203,0.8586866167913549,2.3798836242726518,2.3940149625935163,0,0.6113602575221945,0.031022070575127084,-0.06777250445824151,0.031022070575127084,0,100
C_weaker_ordinal_smoothness,10,10,input_dependent_ordinal,2,1160,0.9387931034482758,2.293103448275862,2.3353448275862068,0,0.6220121236758495,0.025636839005737027,0.28860204249511945,0.025636839005737027,0,100
C_weaker_ordinal_smoothness,10,10,input_dependent_ordinal,4,1167,0.9160239931448158,1.5621251071122537,1.5638389031705227,0,0.7270091220393577,0.0345111115658585,0.04873618871647156,0.0345111115658585,0,100
C_weaker_ordinal_smoothness,10,10,input_dependent_ordinal,1,1203,0.8312551953449709,2.6708229426433916,2.7065669160432253,0,0.5742343169971628,0.023186640785543975,-0.12658560645765582,0.023186640785543975,0,100
C_weaker_ordinal_smoothness,10,10,input_dependent_ordinal,0,267,1,1.5018726591760299,1.5018726591760299,0,0.5069221673525789,0.019378288733355675,0.5923336244628178,0.019378288733355675,0,10
C_weaker_ordinal_smoothness,10,10,input_dependent_ordinal,3,1203,0.8586866167913549,2.377389858686617,2.3906899418121363,0,0.6844617332049341,0.030676749645011974,-0.14192609123695943,0.030676749645011974,0,100
C_weaker_ordinal_smoothness,10,11,independent_mondrian,2,1185,0.9054852320675105,2.0945147679324894,2.0945147679324894,0,0.0,0.0,0.7979410530231218,0.0,0,100
C_weaker_ordinal_smoothness,10,11,independent_mondrian,1,1207,0.9014084507042254,1.9304059652029826,1.9304059652029826,0,0.0,0.0,0.5273427984959415,0.0,0,100
C_weaker_ordinal_smoothness,10,11,independent_mondrian,4,1123,0.8797862867319679,1.6714158504007124,1.6714158504007124,0,0.0,0.0,0.6540459965776222,0.0,0,100
C_weaker_ordinal_smoothness,10,11,independent_mondrian,0,290,0.8586206896551725,1.2689655172413794,1.2689655172413794,0,0.0,0.0,0.36688756349456114,0.0,0,10
C_weaker_ordinal_smoothness,10,11,independent_mondrian,3,1195,0.9380753138075314,2.2560669456066944,2.2560669456066944,0,0.0,0.0,0.7168605553484699,0.0,0,100
C_weaker_ordinal_smoothness,10,11,ordinal_cluster,2,1185,0.8168776371308016,2.1569620253164556,2.1569620253164556,0,0.0,0.0,0.6369933922383036,0.0,0,100
C_weaker_ordinal_smoothness,10,11,ordinal_cluster,1,1207,0.9362054681027341,1.95940347970174,1.95940347970174,0,0.0,0.0,0.6130774179765031,0.0,0,100
C_weaker_ordinal_smoothness,10,11,ordinal_cluster,4,1123,0.9038290293855743,1.622439893143366,1.622439893143366,0,0.0,0.0,0.707017920943903,0.0,0,100
C_weaker_ordinal_smoothness,10,11,ordinal_cluster,0,290,0.9448275862068966,1.4827586206896552,1.4827586206896552,0,0.0,0.0,0.5222571533971457,0.0,0,10
C_weaker_ordinal_smoothness,10,11,ordinal_cluster,3,1195,0.9389121338912134,2.1757322175732217,2.1757322175732217,0,0.0,0.0,0.7202316370152637,0.0,0,100
C_weaker_ordinal_smoothness,10,11,input_dependent_nonordinal,2,1185,0.8666666666666667,1.9738396624472574,1.9738396624472574,0,0.7425878180849904,0.020704388130696725,-0.02387295592986638,0.020704388130696725,0,100
C_weaker_ordinal_smoothness,10,11,input_dependent_nonordinal,1,1207,0.8864954432477217,1.8177299088649543,1.8177299088649543,0,0.5084953091835204,0.02167030861426206,-0.011363053774862353,0.02167030861426206,0,100
C_weaker_ordinal_smoothness,10,11,input_dependent_nonordinal,4,1123,0.8423864648263579,1.4951024042742653,1.4951024042742653,0,0.7212020969261039,0.024588050048517426,-0.12389715754802488,0.024588050048517426,0,100
C_weaker_ordinal_smoothness,10,11,input_dependent_nonordinal,0,290,0.9172413793103448,1.282758620689655,1.282758620689655,0,0.408623070957038,0.017823124158977986,-0.008306114846752422,0.017823124158977986,0,10
C_weaker_ordinal_smoothness,10,11,input_dependent_nonordinal,3,1195,0.9263598326359833,2.002510460251046,2.002510460251046,0,0.5767840360367309,0.029930770083248646,0.058559671429352256,0.029930770083248646,0,100
C_weaker_ordinal_smoothness,10,11,input_dependent_ordinal,2,1185,0.859915611814346,1.959493670886076,1.959493670886076,0,0.6110843825889729,0.02328048162712317,0.09955073302199535,0.02328048162712317,0,100
C_weaker_ordinal_smoothness,10,11,input_dependent_ordinal,1,1207,0.8856669428334715,1.792046396023198,1.792046396023198,0,0.5495402199588376,0.02124728701352494,-0.053610051788186786,0.02124728701352494,0,100
C_weaker_ordinal_smoothness,10,11,input_dependent_ordinal,4,1123,0.8414959928762245,1.4844167408726625,1.4844167408726625,0,0.7178474614332125,0.026487166561687314,-0.12269303457982084,0.026487166561687314,0,100
C_weaker_ordinal_smoothness,10,11,input_dependent_ordinal,0,290,0.9172413793103448,1.2793103448275862,1.2793103448275862,0,0.4893421439293509,0.01769979232632916,-0.08914105037471043,0.01769979232632916,0,10
C_weaker_ordinal_smoothness,10,11,input_dependent_ordinal,3,1195,0.9205020920502092,1.9849372384937238,1.9849372384937238,0,0.6565731168419314,0.02470144496020251,-0.029745953413031823,0.0247014449602025,0,100
C_weaker_ordinal_smoothness,10,12,independent_mondrian,2,1171,0.8360375747224594,2.084543125533732,2.084543125533732,0,0.0,0.0,0.6221778283229253,0.0,0,100
C_weaker_ordinal_smoothness,10,12,independent_mondrian,1,1197,0.9214703425229741,2.1069340016708438,2.1069340016708438,0,0.0,0.0,0.5842719615856256,0.0,0,100
C_weaker_ordinal_smoothness,10,12,independent_mondrian,4,1145,0.9021834061135371,1.4986899563318776,1.4986899563318776,0,0.0,0.0,0.7149577969249556,0.0,0,100
C_weaker_ordinal_smoothness,10,12,independent_mondrian,3,1226,0.9061990212071778,2.1101141924959217,2.1101141924959217,0,0.0,0.0,0.6056209783335159,0.0,0,100
C_weaker_ordinal_smoothness,10,12,independent_mondrian,0,261,0.9808429118773946,1.4597701149425288,1.4597701149425288,0,0.0,0.0,0.6811118247327668,0.0,0,10
C_weaker_ordinal_smoothness,10,12,ordinal_cluster,2,1171,0.8283518360375747,2.0247651579846284,2.0247651579846284,0,0.0,0.0,0.5997443987832459,0.0,0,100
C_weaker_ordinal_smoothness,10,12,ordinal_cluster,1,1197,0.924812030075188,1.9398496240601504,1.9398496240601504,0,0.0,0.0,0.5997443987832459,0.0,0,100
C_weaker_ordinal_smoothness,10,12,ordinal_cluster,4,1145,0.8506550218340612,1.45764192139738,1.45764192139738,0,0.0,0.0,0.6269174483788296,0.0,0,100
C_weaker_ordinal_smoothness,10,12,ordinal_cluster,3,1226,0.9151712887438825,1.9918433931484503,1.9918433931484503,0,0.0,0.0,0.6223557234435202,0.0,0,100
C_weaker_ordinal_smoothness,10,12,ordinal_cluster,0,261,0.9616858237547893,1.4636015325670497,1.4636015325670497,0,0.0,0.0,0.5842719615856256,0.0,0,10
C_weaker_ordinal_smoothness,10,12,input_dependent_nonordinal,2,1171,0.8855678906917165,1.9342442356959864,1.9342442356959864,0,0.7594941706503928,0.020116794217291425,-0.061044878680598935,0.020116794217291425,0,100
C_weaker_ordinal_smoothness,10,12,input_dependent_nonordinal,1,1197,0.8554720133667502,1.8195488721804511,1.8195488721804511,0,0.5177831593386869,0.028843282694420998,-0.03431705425370024,0.028843282694420998,0,100
C_weaker_ordinal_smoothness,10,12,input_dependent_nonordinal,4,1145,0.9048034934497816,1.514410480349345,1.514410480349345,0,0.6729932328141968,0.023335185054264053,0.05439285275403527,0.023335185054264053,0,100
C_weaker_ordinal_smoothness,10,12,input_dependent_nonordinal,3,1226,0.9127243066884176,2.133768352365416,2.133768352365416,0,0.6045706835959509,0.029476278183989815,-0.005561042214456857,0.029476278183989815,0,100
C_weaker_ordinal_smoothness,10,12,input_dependent_nonordinal,0,261,0.8850574712643678,1.264367816091954,1.264367816091954,0,0.42822729516792,0.023544561040146173,-0.0076739177373637,0.023544561040146173,0,10
C_weaker_ordinal_smoothness,10,12,input_dependent_ordinal,2,1171,0.8838599487617421,1.9171648163962425,1.9171648163962425,0,0.6056383775923002,0.02511028522475336,0.09785710154741434,0.02511028522475336,0,100
C_weaker_ordinal_smoothness,10,12,input_dependent_ordinal,1,1197,0.8487886382623224,1.7969924812030076,1.7969924812030076,0,0.569654494650829,0.026186652856961746,-0.09358602619720147,0.026186652856961746,0,100
C_weaker_ordinal_smoothness,10,12,input_dependent_ordinal,4,1145,0.9056768558951965,1.5048034934497816,1.5048034934497816,0,0.6923914825518686,0.025546736223201336,0.03633109936999246,0.025546736223201336,0,100
C_weaker_ordinal_smoothness,10,12,input_dependent_ordinal,3,1226,0.9045676998368679,2.1125611745513866,2.1125611745513866,0,0.6593309297894946,0.024072761669558462,-0.07779385964756613,0.024072761669558462,0,100
C_weaker_ordinal_smoothness,10,12,input_dependent_ordinal,0,261,0.8735632183908046,1.2567049808429118,1.2567049808429118,0,0.5205754029196633,0.0269418163243329,-0.10805444466032499,0.0269418163243329,0,10
C_weaker_ordinal_smoothness,10,13,independent_mondrian,0,238,0.9537815126050421,1.4621848739495797,1.4621848739495797,0,0.0,0.0,0.6144237732900273,0.0,0,10
C_weaker_ordinal_smoothness,10,13,independent_mondrian,1,1170,0.8854700854700854,2.2666666666666666,2.2666666666666666,0,0.0,0.0,0.49427395559709947,0.0,0,100
C_weaker_ordinal_smoothness,10,13,independent_mondrian,2,1223,0.9509403107113655,2.0302534750613246,2.0302534750613246,0,0.0,0.0,0.9226390675007206,0.0,0,100
C_weaker_ordinal_smoothness,10,13,independent_mondrian,3,1184,0.8488175675675675,2.454391891891892,2.454391891891892,0,0.0,0.0,0.5094487256321222,0.0,0,100
C_weaker_ordinal_smoothness,10,13,independent_mondrian,4,1185,0.9215189873417722,1.5789029535864978,1.5789029535864978,0,0.0,0.0,0.7977811806442086,0.0,0,100
C_weaker_ordinal_smoothness,10,13,ordinal_cluster,0,238,0.8991596638655462,1.5336134453781514,1.5336134453781514,0,0.0,0.0,0.49427395559709947,0.0,0,10
C_weaker_ordinal_smoothness,10,13,ordinal_cluster,1,1170,0.9555555555555556,1.9188034188034189,1.9188034188034189,0,0.0,0.0,0.6646737603549244,0.0,0,100
C_weaker_ordinal_smoothness,10,13,ordinal_cluster,2,1223,0.8274734260016353,2.240392477514309,2.240392477514309,0,0.0,0.0,0.6200829061612269,0.0,0,100
C_weaker_ordinal_smoothness,10,13,ordinal_cluster,3,1184,0.9628378378378378,2.1697635135135136,2.1697635135135136,0,0.0,0.0,0.7720269701455523,0.0,0,100
C_weaker_ordinal_smoothness,10,13,ordinal_cluster,4,1185,0.8843881856540085,1.641350210970464,1.641350210970464,0,0.0,0.0,0.7103189380427809,0.0,0,100
C_weaker_ordinal_smoothness,10,13,input_dependent_nonordinal,0,238,0.7857142857142857,1.3109243697478992,1.3109243697478992,0,0.39437989961837433,0.01688004661235868,-0.010921579941350346,0.01688004661235868,0,10
C_weaker_ordinal_smoothness,10,13,input_dependent_nonordinal,1,1170,0.9102564102564102,2.0076923076923077,2.0076923076923077,0,0.5176065951858723,0.019002481779411266,0.01099951052816095,0.019002481779411266,0,100
C_weaker_ordinal_smoothness,10,13,input_dependent_nonordinal,2,1223,0.9525756336876533,2.0515126737530665,2.0515126737530665,0,0.7863636219463689,0.025552544170695385,0.13220758444790714,0.025552544170695385,0,100
C_weaker_ordinal_smoothness,10,13,input_dependent_nonordinal,3,1184,0.8690878378378378,2.325168918918919,2.325168918918919,0,0.607639599288397,0.02952109753402083,-0.07478394666473509,0.02952109753402083,0,100
C_weaker_ordinal_smoothness,10,13,input_dependent_nonordinal,4,1185,0.9113924050632911,1.5670886075949366,1.5670886075949366,0,0.7135033807899102,0.022011176021307043,0.04063102503886096,0.022011176021307043,0,100
C_weaker_ordinal_smoothness,10,13,input_dependent_ordinal,0,238,0.7773109243697479,1.2857142857142858,1.2857142857142858,0,0.5029260900976377,0.018639113888174155,-0.13008262569255027,0.018639113888174155,0,10
C_weaker_ordinal_smoothness,10,13,input_dependent_ordinal,1,1170,0.9136752136752136,1.9897435897435898,1.9897435897435898,0,0.5643812740853147,0.020603572712732103,-0.030619340798081318,0.020603572712732103,0,100
C_weaker_ordinal_smoothness,10,13,input_dependent_ordinal,2,1223,0.9509403107113655,2.050695012264922,2.050695012264922,0,0.6320131183779987,0.02276254666707088,0.2717095165618618,0.022762546667070886,0,100
C_weaker_ordinal_smoothness,10,13,input_dependent_ordinal,3,1184,0.862331081081081,2.3065878378378377,2.3065878378378377,0,0.6716603037140226,0.025145592772827054,-0.1509640495070811,0.025145592772827054,0,100
C_weaker_ordinal_smoothness,10,13,input_dependent_ordinal,4,1185,0.9080168776371308,1.5468354430379747,1.5468354430379747,0,0.7328372619109204,0.02612600297957105,0.01969631473777278,0.02612600297957105,0,100
C_weaker_ordinal_smoothness,10,14,independent_mondrian,4,1267,0.9163378058405682,1.4775059194948699,1.4775059194948699,0,0.0,0.0,0.7672077171078413,0.0,0,100
C_weaker_ordinal_smoothness,10,14,independent_mondrian,2,1167,0.8928877463581834,2.172236503856041,2.172236503856041,0,0.0,0.0,0.7247165118082344,0.0,0,100
C_weaker_ordinal_smoothness,10,14,independent_mondrian,1,1203,0.9584372402327515,2.29093931837074,2.29093931837074,0,0.0,0.0,0.6376825000893024,0.0,0,100
C_weaker_ordinal_smoothness,10,14,independent_mondrian,3,1117,0.8871978513876455,2.3017009847806627,2.3017009847806627,0,0.0,0.0,0.5609047804434089,0.0,0,100
C_weaker_ordinal_smoothness,10,14,independent_mondrian,0,246,0.9715447154471545,1.5691056910569106,1.5691056910569106,0,0.0,0.0,0.6991111201081814,0.0,0,10
C_weaker_ordinal_smoothness,10,14,ordinal_cluster,4,1267,0.8713496448303079,1.5493291239147593,1.5493291239147593,0,0.0,0.0,0.6587934098336489,0.0,0,100
C_weaker_ordinal_smoothness,10,14,ordinal_cluster,2,1167,0.8526135389888603,2.2373607540702656,2.2373607540702656,0,0.0,0.0,0.6591534096565677,0.0,0,100
C_weaker_ordinal_smoothness,10,14,ordinal_cluster,1,1203,0.9650872817955112,2.1537822111388194,2.1537822111388194,0,0.0,0.0,0.6991111201081814,0.0,0,100
C_weaker_ordinal_smoothness,10,14,ordinal_cluster,3,1117,0.945389435989257,2.161145926589078,2.161145926589078,0,0.0,0.0,0.7129290154068699,0.0,0,100
C_weaker_ordinal_smoothness,10,14,ordinal_cluster,0,246,0.9552845528455285,1.6260162601626016,1.6260162601626016,0,0.0,0.0,0.6376825000893024,0.0,0,10
C_weaker_ordinal_smoothness,10,14,input_dependent_nonordinal,4,1267,0.8784530386740331,1.3954222573007102,1.3954222573007102,0,0.7099507121133327,0.02307558985216478,-0.04838739873525644,0.02307558985216478,0,100
C_weaker_ordinal_smoothness,10,14,input_dependent_nonordinal,2,1167,0.8946015424164524,2.006855184233076,2.006855184233076,0,0.7721154273613549,0.018758277121699952,-0.036087616165559555,0.018758277121699952,0,100
C_weaker_ordinal_smoothness,10,14,input_dependent_nonordinal,1,1203,0.943474646716542,2.0407315045719034,2.0407315045719034,0,0.5175514367621363,0.025567801751327307,0.0689677143154197,0.025567801751327307,0,100
C_weaker_ordinal_smoothness,10,14,input_dependent_nonordinal,3,1117,0.8334825425246195,2.0608773500447626,2.0608773500447626,0,0.5940871424485006,0.02398246281024008,-0.10771701239796322,0.02398246281024008,0,100
C_weaker_ordinal_smoothness,10,14,input_dependent_nonordinal,0,246,0.9552845528455285,1.4715447154471544,1.4715447154471544,0,0.4563319349913065,0.024108594032042102,0.13789642872250663,0.024108594032042102,0,10
C_weaker_ordinal_smoothness,10,14,input_dependent_ordinal,4,1267,0.8792423046566693,1.3898973954222573,1.3898973954222573,0,0.7126513916664161,0.022507801244752882,-0.04939163668951596,0.022507801244752882,0,100
C_weaker_ordinal_smoothness,10,14,input_dependent_ordinal,2,1167,0.8851756640959726,1.9888603256212511,1.9888603256212511,0,0.6218583991396538,0.022547653651414916,0.10019112980752654,0.022547653651414916,0,100
C_weaker_ordinal_smoothness,10,14,input_dependent_ordinal,1,1203,0.943474646716542,2.0133000831255194,2.0133000831255194,0,0.5692492887389995,0.023282072558539032,0.009943938592517743,0.023282072558539032,0,100
C_weaker_ordinal_smoothness,10,14,input_dependent_ordinal,3,1117,0.8325872873769025,2.044762757385855,2.044762757385855,0,0.6686544005809333,0.02342272957264807,-0.18436504931942033,0.02342272957264807,0,100
C_weaker_ordinal_smoothness,10,14,input_dependent_ordinal,0,246,0.9552845528455285,1.4593495934959348,1.4593495934959348,0,0.5366215987170617,0.024326694476862473,0.05713341774580338,0.024326694476862473,0,10
C_weaker_ordinal_smoothness,10,15,independent_mondrian,1,1181,0.8966977138018628,1.7959356477561388,1.7959356477561388,0,0.0,0.0,0.5162399635111627,0.0,0,100
C_weaker_ordinal_smoothness,10,15,independent_mondrian,2,1194,0.8768844221105527,2.056951423785595,2.056951423785595,0,0.0,0.0,0.7226313835428266,0.0,0,100
C_weaker_ordinal_smoothness,10,15,independent_mondrian,4,1181,0.8890770533446232,1.6308213378492802,1.6308213378492802,0,0.0,0.0,0.6949158908347789,0.0,0,100
C_weaker_ordinal_smoothness,10,15,independent_mondrian,0,262,0.7137404580152672,1.1259541984732824,1.1259541984732824,0,0.0,0.0,0.29136545263112407,0.0,0,10
C_weaker_ordinal_smoothness,10,15,independent_mondrian,3,1182,0.9526226734348562,2.244500846023689,2.244500846023689,0,0.0,0.0,0.7290567786301454,0.0,0,100
C_weaker_ordinal_smoothness,10,15,ordinal_cluster,1,1181,0.9508890770533446,1.9754445385266723,1.9754445385266723,0,0.0,0.0,0.648325729677928,0.0,0,100
C_weaker_ordinal_smoothness,10,15,ordinal_cluster,2,1194,0.8542713567839196,2.2035175879396984,2.2035175879396984,0,0.0,0.0,0.6845190749446639,0.0,0,100
C_weaker_ordinal_smoothness,10,15,ordinal_cluster,4,1181,0.9017781541066893,1.619813717188823,1.619813717188823,0,0.0,0.0,0.719446974984789,0.0,0,100
C_weaker_ordinal_smoothness,10,15,ordinal_cluster,0,262,0.9198473282442748,1.534351145038168,1.534351145038168,0,0.0,0.0,0.4909835851326149,0.0,0,10
C_weaker_ordinal_smoothness,10,15,ordinal_cluster,3,1182,0.9509306260575296,2.261421319796954,2.261421319796954,0,0.0,0.0,0.719446974984789,0.0,0,100
C_weaker_ordinal_smoothness,10,15,input_dependent_nonordinal,1,1181,0.8806096528365792,1.878069432684166,1.878069432684166,0,0.529962464142422,0.025901642399814215,-0.02436707421716744,0.025901642399814215,0,100
C_weaker_ordinal_smoothness,10,15,input_dependent_nonordinal,2,1194,0.8400335008375209,2.0175879396984926,2.0175879396984926,0,0.7538173979871371,0.021048976503572615,-0.09525854406494516,0.021048976503572615,0,100
C_weaker_ordinal_smoothness,10,15,input_dependent_nonordinal,4,1181,0.9060118543607113,1.5495342929720575,1.5495342929720575,0,0.7266297288279989,0.015195837080036518,-0.030851836388038456,0.015195837080036518,0,100
C_weaker_ordinal_smoothness,10,15,input_dependent_nonordinal,0,262,0.9427480916030534,1.3473282442748091,1.3473282442748091,0,0.4618014439232191,0.029458835557294127,0.06825997519628926,0.029458835557294116,0,10
C_weaker_ordinal_smoothness,10,15,input_dependent_nonordinal,3,1182,0.9467005076142132,2.0862944162436547,2.0862944162436547,0,0.5809001554245508,0.028036632145142674,0.0855102847346102,0.028036632145142674,0,100
C_weaker_ordinal_smoothness,10,15,input_dependent_ordinal,1,1181,0.8797629127857748,1.8873835732430144,1.8873835732430144,0,0.5711305539707038,0.02608419542006681,-0.06572990247980337,0.02608419542006681,0,100
C_weaker_ordinal_smoothness,10,15,input_dependent_ordinal,2,1194,0.8375209380234506,2.0326633165829144,2.0326633165829144,0,0.6276556773096336,0.024863858766523722,0.03425213025543694,0.024863858766523722,0,100
C_weaker_ordinal_smoothness,10,15,input_dependent_ordinal,4,1181,0.90770533446232,1.571549534292972,1.571549534292972,0,0.716257705175301,0.018477967279999806,-0.01231461946845247,0.018477967279999806,0,100
C_weaker_ordinal_smoothness,10,15,input_dependent_ordinal,0,262,0.9427480916030534,1.3511450381679388,1.3511450381679388,0,0.5165724798799162,0.0318124217545543,0.024260786890129782,0.0318124217545543,0,10
C_weaker_ordinal_smoothness,10,15,input_dependent_ordinal,3,1182,0.949238578680203,2.0964467005076144,2.0964467005076144,0,0.6676211762602219,0.021351809557147314,0.011453513378758884,0.021351809557147314,0,100
C_weaker_ordinal_smoothness,10,16,independent_mondrian,2,1203,0.8935993349958438,2.0448877805486285,2.0448877805486285,0,0.0,0.0,0.7612369643250964,0.0,0,100
C_weaker_ordinal_smoothness,10,16,independent_mondrian,1,1188,0.9099326599326599,1.97979797979798,1.97979797979798,0,0.0,0.0,0.5382802008644961,0.0,0,100
C_weaker_ordinal_smoothness,10,16,independent_mondrian,4,1164,0.8891752577319587,1.5902061855670102,1.5902061855670102,0,0.0,0.0,0.7106751231260062,0.0,0,100
C_weaker_ordinal_smoothness,10,16,independent_mondrian,3,1189,0.9175777964676198,2.2741799831791423,2.2741799831791423,0,0.0,0.0,0.6285521677506792,0.0,0,100
C_weaker_ordinal_smoothness,10,16,independent_mondrian,0,256,0.90625,1.34375,1.34375,0,0.0,0.0,0.46772685244123957,0.0,0,10
C_weaker_ordinal_smoothness,10,16,ordinal_cluster,2,1203,0.8071487946799667,2.0498753117206983,2.0498753117206983,0,0.0,0.0,0.6163235605290647,0.0,0,100
C_weaker_ordinal_smoothness,10,16,ordinal_cluster,1,1188,0.9343434343434344,1.8737373737373737,1.8737373737373737,0,0.0,0.0,0.5916613224481282,0.0,0,100
C_weaker_ordinal_smoothness,10,16,ordinal_cluster,4,1164,0.8719931271477663,1.5558419243986255,1.5558419243986255,0,0.0,0.0,0.6711656701068333,0.0,0,100
C_weaker_ordinal_smoothness,10,16,ordinal_cluster,3,1189,0.9377628259041211,2.0899915895710683,2.0899915895710683,0,0.0,0.0,0.6833569035139588,0.0,0,100
C_weaker_ordinal_smoothness,10,16,ordinal_cluster,0,256,0.9375,1.44140625,1.44140625,0,0.0,0.0,0.5095577427298984,0.0,0,10
C_weaker_ordinal_smoothness,10,16,input_dependent_nonordinal,2,1203,0.8911055694098088,2.031587697423109,2.031587697423109,0,0.7590839871784785,0.01824737312160932,-0.01998130390807118,0.01824737312160932,0,100
C_weaker_ordinal_smoothness,10,16,input_dependent_nonordinal,1,1188,0.9351851851851852,1.9191919191919191,1.9191919191919191,0,0.5347937108887777,0.027591636923576232,0.027337101812877018,0.027591636923576232,0,100
C_weaker_ordinal_smoothness,10,16,input_dependent_nonordinal,4,1164,0.915807560137457,1.5403780068728523,1.5403780068728523,0,0.6942365699411509,0.023308320415190053,0.04551984645128221,0.023308320415190053,0,100
C_weaker_ordinal_smoothness,10,16,input_dependent_nonordinal,3,1189,0.9108494533221194,2.2270815811606393,2.2270815811606393,0,0.5666517140700367,0.026482126887027058,0.014560580211744778,0.026482126887027058,0,100
C_weaker_ordinal_smoothness,10,16,input_dependent_nonordinal,0,256,0.8828125,1.34375,1.34375,0,0.43897095680174386,0.02090683984483987,-0.03129953612296732,0.02090683984483987,0,10
C_weaker_ordinal_smoothness,10,16,input_dependent_ordinal,2,1203,0.9060681629260183,2.036575228595179,2.036575228595179,0,0.6178958089514429,0.02383862704922138,0.14608390108275404,0.02383862704922138,0,100
C_weaker_ordinal_smoothness,10,16,input_dependent_ordinal,1,1188,0.9351851851851852,1.9225589225589226,1.9225589225589226,0,0.571165532043582,0.024013146263238194,-0.02037165504419136,0.024013146263238194,0,100
C_weaker_ordinal_smoothness,10,16,input_dependent_ordinal,4,1164,0.915807560137457,1.5601374570446735,1.5601374570446735,0,0.6887447082750872,0.023552294582900295,0.052206522602122774,0.023552294582900295,0,100
C_weaker_ordinal_smoothness,10,16,input_dependent_ordinal,3,1189,0.9150546677880572,2.2380151387720773,2.2380151387720773,0,0.6531181544968883,0.0244437467656435,-0.07119032034015493,0.0244437467656435,0,100
C_weaker_ordinal_smoothness,10,16,input_dependent_ordinal,0,256,0.8671875,1.3203125,1.3203125,0,0.5213925200224224,0.025014590453241527,-0.11935650464391712,0.025014590453241527,0,10
C_weaker_ordinal_smoothness,10,17,independent_mondrian,3,1230,0.8943089430894309,2.510569105691057,2.510569105691057,0,0.0,0.0,0.5736227590353369,0.0,0,100
C_weaker_ordinal_smoothness,10,17,independent_mondrian,4,1206,0.9344941956882256,1.628524046434494,1.628524046434494,0,0.0,0.0,0.8528142614413439,0.0,0,100
C_weaker_ordinal_smoothness,10,17,independent_mondrian,2,1178,0.9219015280135824,2.203735144312394,2.203735144312394,0,0.0,0.0,0.8677683508033885,0.0,0,100
C_weaker_ordinal_smoothness,10,17,independent_mondrian,1,1165,0.959656652360515,2.0523605150214594,2.0523605150214594,0,0.0,0.0,0.655275854504428,0.0,0,100
C_weaker_ordinal_smoothness,10,17,independent_mondrian,0,221,0.8552036199095022,1.6018099547511313,1.6018099547511313,0,0.0,0.0,0.4077370978509136,0.0,0,10
C_weaker_ordinal_smoothness,10,17,ordinal_cluster,3,1230,0.9414634146341463,2.1821138211382114,2.1821138211382114,0,0.0,0.0,0.7138807801838393,0.0,0,100
C_weaker_ordinal_smoothness,10,17,ordinal_cluster,4,1206,0.8598673300165838,1.6061359867330016,1.6061359867330016,0,0.0,0.0,0.6624664849654939,0.0,0,100
C_weaker_ordinal_smoothness,10,17,ordinal_cluster,2,1178,0.8582342954159593,2.2767402376910018,2.2767402376910018,0,0.0,0.0,0.6779639435873641,0.0,0,100
C_weaker_ordinal_smoothness,10,17,ordinal_cluster,1,1165,0.9690987124463519,2.1708154506437767,2.1708154506437767,0,0.0,0.0,0.7009700215675287,0.0,0,100
C_weaker_ordinal_smoothness,10,17,ordinal_cluster,0,221,0.9592760180995475,1.6832579185520362,1.6832579185520362,0,0.0,0.0,0.6247006808305826,0.0,0,10
C_weaker_ordinal_smoothness,10,17,input_dependent_nonordinal,3,1230,0.8577235772357723,2.2845528455284554,2.2845528455284554,0,0.5585519287680233,0.023575456614707863,-0.04361642529860199,0.023575456614707863,0,100
C_weaker_ordinal_smoothness,10,17,input_dependent_nonordinal,4,1206,0.9361525704809287,1.5538971807628523,1.5538971807628523,0,0.7295643120843512,0.02760516474439816,0.09612225650186335,0.02760516474439816,0,100
C_weaker_ordinal_smoothness,10,17,input_dependent_nonordinal,2,1178,0.9125636672325976,1.9787775891341257,1.9787775891341257,0,0.746478827237604,0.027387724501514495,0.07487856782267144,0.027387724501514495,0,100
C_weaker_ordinal_smoothness,10,17,input_dependent_nonordinal,1,1165,0.9459227467811159,1.8995708154506439,1.8995708154506439,0,0.5100731913920622,0.019256327303323207,0.05168984377938879,0.019256327303323207,0,100
C_weaker_ordinal_smoothness,10,17,input_dependent_nonordinal,0,221,0.6470588235294118,1.167420814479638,1.167420814479638,0,0.41493976731330967,0.015385251569379829,-0.12288621716101333,0.015385251569379829,0,10
C_weaker_ordinal_smoothness,10,17,input_dependent_ordinal,3,1230,0.8520325203252033,2.2869918699186993,2.2869918699186993,0,0.6567833348214159,0.02634468537822106,-0.14708193194745234,0.02634468537822106,0,100
C_weaker_ordinal_smoothness,10,17,input_dependent_ordinal,4,1206,0.9353233830845771,1.548922056384743,1.548922056384743,0,0.7178416454681253,0.02931331060330327,0.10528615377809492,0.02931331060330327,0,100
C_weaker_ordinal_smoothness,10,17,input_dependent_ordinal,2,1178,0.9151103565365025,1.9745331069609509,1.9745331069609509,0,0.6037695421675491,0.02320761873114131,0.2231304651731777,0.02320761873114131,0,100
C_weaker_ordinal_smoothness,10,17,input_dependent_ordinal,1,1165,0.9424892703862661,1.921030042918455,1.921030042918455,0,0.5548748650022339,0.022270859434303833,0.004335908250739595,0.022270859434303833,0,100
C_weaker_ordinal_smoothness,10,17,input_dependent_ordinal,0,221,0.6515837104072398,1.1719457013574661,1.1719457013574661,0,0.4906568117538038,0.017313318815914643,-0.19384138449863508,0.017313318815914643,0,10
C_weaker_ordinal_smoothness,10,18,independent_mondrian,2,1205,0.8680497925311204,2.0448132780082986,2.0448132780082986,0,0.0,0.0,0.6923167454471572,0.0,0,100
C_weaker_ordinal_smoothness,10,18,independent_mondrian,1,1152,0.9262152777777778,1.8923611111111112,1.8923611111111112,0,0.0,0.0,0.575668265423628,0.0,0,100
C_weaker_ordinal_smoothness,10,18,independent_mondrian,0,263,0.9011406844106464,1.4258555133079849,1.4258555133079849,0,0.0,0.0,0.4447774528811598,0.0,0,10
C_weaker_ordinal_smoothness,10,18,independent_mondrian,4,1190,0.8831932773109243,1.56890756302521,1.56890756302521,0,0.0,0.0,0.7011400244461875,0.0,0,100
C_weaker_ordinal_smoothness,10,18,independent_mondrian,3,1190,0.9084033613445378,2.1823529411764704,2.1823529411764704,0,0.0,0.0,0.6309967278469417,0.0,0,100
C_weaker_ordinal_smoothness,10,18,ordinal_cluster,2,1205,0.8323651452282158,2.1219917012448133,2.1219917012448133,0,0.0,0.0,0.6399496798804679,0.0,0,100
C_weaker_ordinal_smoothness,10,18,ordinal_cluster,1,1152,0.9453125,1.9852430555555556,1.9852430555555556,0,0.0,0.0,0.6399496798804679,0.0,0,100
C_weaker_ordinal_smoothness,10,18,ordinal_cluster,0,263,0.9467680608365019,1.543726235741445,1.543726235741445,0,0.0,0.0,0.5520528234677768,0.0,0,10
C_weaker_ordinal_smoothness,10,18,ordinal_cluster,4,1190,0.8739495798319328,1.5773109243697478,1.5773109243697478,0,0.0,0.0,0.676203023809966,0.0,0,100
C_weaker_ordinal_smoothness,10,18,ordinal_cluster,3,1190,0.9302521008403362,2.1218487394957983,2.1218487394957983,0,0.0,0.0,0.676203023809966,0.0,0,100
C_weaker_ordinal_smoothness,10,18,input_dependent_nonordinal,2,1205,0.8796680497925311,2.008298755186722,2.008298755186722,0,0.7568897529953634,0.020723843209052975,-0.02594096131669965,0.020723843209052975,0,100
C_weaker_ordinal_smoothness,10,18,input_dependent_nonordinal,1,1152,0.9348958333333334,1.8159722222222223,1.8159722222222223,0,0.5217885220249335,0.02062730248077923,0.055898783162907084,0.02062730248077923,0,100
C_weaker_ordinal_smoothness,10,18,input_dependent_nonordinal,0,263,0.7680608365019012,1.2775665399239544,1.2775665399239544,0,0.44490325554286403,0.02641671294486218,-0.11527634242356877,0.02641671294486218,0,10
C_weaker_ordinal_smoothness,10,18,input_dependent_nonordinal,4,1190,0.915126050420168,1.5067226890756302,1.5067226890756302,0,0.705267496666876,0.020589201277866957,0.027129863738751814,0.020589201277866957,0,100
C_weaker_ordinal_smoothness,10,18,input_dependent_nonordinal,3,1190,0.8781512605042017,2.145378151260504,2.145378151260504,0,0.5929843663147822,0.029219268643242903,-0.04224513743332792,0.029219268643242903,0,100
C_weaker_ordinal_smoothness,10,18,input_dependent_ordinal,2,1205,0.8838174273858921,2.0016597510373444,2.0016597510373444,0,0.6250902008530652,0.022445225634808594,0.11369526288730258,0.022445225634808594,0,100
C_weaker_ordinal_smoothness,10,18,input_dependent_ordinal,1,1152,0.9357638888888888,1.8211805555555556,1.8211805555555556,0,0.5711451194820121,0.021638798203721915,0.007332982774868935,0.021638798203721915,0,100
C_weaker_ordinal_smoothness,10,18,input_dependent_ordinal,0,263,0.8060836501901141,1.3155893536121672,1.3155893536121672,0,0.5128076857132625,0.02142920521347487,-0.17174237900475364,0.02142920521347487,0,10
C_weaker_ordinal_smoothness,10,18,input_dependent_ordinal,4,1190,0.9109243697478991,1.5100840336134453,1.5100840336134453,0,0.7065533966512759,0.023140736183631567,0.017601615354094213,0.023140736183631567,0,100
C_weaker_ordinal_smoothness,10,18,input_dependent_ordinal,3,1190,0.8815126050420168,2.152941176470588,2.152941176470588,0,0.6657259824337276,0.02298177681757853,-0.11484283475209589,0.02298177681757853,0,100
C_weaker_ordinal_smoothness,10,19,independent_mondrian,3,1165,0.8798283261802575,2.440343347639485,2.440343347639485,0,0.0,0.0,0.5516248335893057,0.0,0,100
C_weaker_ordinal_smoothness,10,19,independent_mondrian,1,1162,0.9122203098106713,2.13855421686747,2.13855421686747,0,0.0,0.0,0.5981210983837135,0.0,0,100
C_weaker_ordinal_smoothness,10,19,independent_mondrian,4,1210,0.9462809917355371,1.5512396694214876,1.5512396694214876,0,0.0,0.0,0.8755053315583262,0.0,0,100
C_weaker_ordinal_smoothness,10,19,independent_mondrian,2,1210,0.9140495867768595,2.1644628099173553,2.1644628099173553,0,0.0,0.0,0.7881626616922957,0.0,0,100
C_weaker_ordinal_smoothness,10,19,independent_mondrian,0,253,0.932806324110672,1.4782608695652173,1.4782608695652173,0,0.0,0.0,0.5635883728715401,0.0,0,10
C_weaker_ordinal_smoothness,10,19,ordinal_cluster,3,1165,0.9416309012875537,2.0901287553648067,2.0901287553648067,0,0.0,0.0,0.7244663418411663,0.0,0,100
C_weaker_ordinal_smoothness,10,19,ordinal_cluster,1,1162,0.9586919104991394,2.0456110154905334,2.0456110154905334,0,0.0,0.0,0.7244663418411663,0.0,0,100
C_weaker_ordinal_smoothness,10,19,ordinal_cluster,4,1210,0.8380165289256198,1.5603305785123966,1.5603305785123966,0,0.0,0.0,0.6083932685949046,0.0,0,100
C_weaker_ordinal_smoothness,10,19,ordinal_cluster,2,1210,0.8603305785123967,2.2198347107438017,2.2198347107438017,0,0.0,0.0,0.6491299008655964,0.0,0,100
C_weaker_ordinal_smoothness,10,19,ordinal_cluster,0,253,0.932806324110672,1.6442687747035574,1.6442687747035574,0,0.0,0.0,0.5635883728715401,0.0,0,10
C_weaker_ordinal_smoothness,10,19,input_dependent_nonordinal,3,1165,0.886695278969957,2.217167381974249,2.217167381974249,0,0.5763467298163125,0.021632972656841352,-0.011711148205338029,0.021632972656841352,0,100
C_weaker_ordinal_smoothness,10,19,input_dependent_nonordinal,1,1162,0.8485370051635112,1.950946643717728,1.950946643717728,0,0.5095709570879193,0.01834752035644778,-0.05499194533998708,0.01834752035644778,0,100
C_weaker_ordinal_smoothness,10,19,input_dependent_nonordinal,4,1210,0.9363636363636364,1.5413223140495869,1.5413223140495869,0,0.7290278634160002,0.019454081177898274,0.05776468068778806,0.019454081177898274,0,100
C_weaker_ordinal_smoothness,10,19,input_dependent_nonordinal,2,1210,0.9115702479338843,1.9983471074380166,1.9983471074380166,0,0.7749182524004414,0.02308141882174015,-0.013739316041853189,0.02308141882174015,0,100
C_weaker_ordinal_smoothness,10,19,input_dependent_nonordinal,0,253,0.9644268774703557,1.3675889328063242,1.3675889328063242,0,0.4311138232132404,0.011254928184811821,0.12400215331478587,0.011254928184811821,0,10
C_weaker_ordinal_smoothness,10,19,input_dependent_ordinal,3,1165,0.8875536480686695,2.2034334763948498,2.2034334763948498,0,0.666494273354426,0.02098977350760285,-0.10205357129806236,0.02098977350760285,0,100
C_weaker_ordinal_smoothness,10,19,input_dependent_ordinal,1,1162,0.846815834767642,1.9285714285714286,1.9285714285714286,0,0.5631112630859142,0.018924721020515595,-0.11077263633382217,0.018924721020515595,0,100
C_weaker_ordinal_smoothness,10,19,input_dependent_ordinal,4,1210,0.9322314049586777,1.524793388429752,1.524793388429752,0,0.7292748537676674,0.021241976145021102,0.05353077921476079,0.021241976145021102,0,100
C_weaker_ordinal_smoothness,10,19,input_dependent_ordinal,2,1210,0.9090909090909091,1.9975206611570249,1.9975206611570249,0,0.6207189130643884,0.019114476466189998,0.12602270838391588,0.019114476466189998,0,100
C_weaker_ordinal_smoothness,10,19,input_dependent_ordinal,0,253,0.9683794466403162,1.3517786561264822,1.3517786561264822,0,0.5227668190071426,0.017936830213666797,0.03012588992989973,0.017936830213666797,0,10
C_weaker_ordinal_smoothness,10,20,independent_mondrian,4,1213,0.8276999175597691,1.5935696619950537,1.5935696619950537,0,0.0,0.0,0.5735821293232324,0.0,0,100
C_weaker_ordinal_smoothness,10,20,independent_mondrian,2,1187,0.9090143218197135,1.9460825610783488,1.9460825610783488,0,0.0,0.0,0.7813990250897163,0.0,0,100
C_weaker_ordinal_smoothness,10,20,independent_mondrian,1,1157,0.801210025929127,2.0847018150388936,2.0847018150388936,0,0.0,0.0,0.40196226987901523,0.0,0,100
C_weaker_ordinal_smoothness,10,20,independent_mondrian,3,1203,0.9310058187863675,2.115544472152951,2.115544472152951,0,0.0,0.0,0.6722221841579332,0.0,0,100
C_weaker_ordinal_smoothness,10,20,independent_mondrian,0,240,0.9541666666666667,1.25,1.25,0,0.0,0.0,0.5872922048488377,0.0,0,10
C_weaker_ordinal_smoothness,10,20,ordinal_cluster,4,1213,0.8590272052761748,1.574608408903545,1.574608408903545,0,0.0,0.0,0.6301410445868691,0.0,0,100
C_weaker_ordinal_smoothness,10,20,ordinal_cluster,2,1187,0.8660488626790227,2.10530749789385,2.10530749789385,0,0.0,0.0,0.6716489161167806,0.0,0,100
C_weaker_ordinal_smoothness,10,20,ordinal_cluster,1,1157,0.9377700950734659,1.8824546240276578,1.8824546240276578,0,0.0,0.0,0.6487658024975105,0.0,0,100
C_weaker_ordinal_smoothness,10,20,ordinal_cluster,3,1203,0.9310058187863675,2.1213632585203657,2.1213632585203657,0,0.0,0.0,0.6722221841579332,0.0,0,100
C_weaker_ordinal_smoothness,10,20,ordinal_cluster,0,240,0.9,1.575,1.575,0,0.0,0.0,0.4402703293653893,0.0,0,10
C_weaker_ordinal_smoothness,10,20,input_dependent_nonordinal,4,1213,0.8375927452596867,1.5474031327287716,1.5474031327287716,0,0.6892142537403626,0.023932892055119934,-0.08722931116780319,0.023932892055119934,0,100
C_weaker_ordinal_smoothness,10,20,input_dependent_nonordinal,2,1187,0.9115417017691659,1.9780960404380792,1.9780960404380792,0,0.7588750673019355,0.0198313995734803,0.0314917626236394,0.0198313995734803,0,100
C_weaker_ordinal_smoothness,10,20,input_dependent_nonordinal,1,1157,0.8634399308556612,2.0466724286949005,2.0466724286949005,0,0.505030927379118,0.0162257724766678,-0.0412718644595606,0.0162257724766678,0,100
C_weaker_ordinal_smoothness,10,20,input_dependent_nonordinal,3,1203,0.942643391521197,2.118869492934331,2.118869492934331,0,0.627346444757195,0.027951911888675636,0.021239514600918552,0.027951911888675636,0,100
C_weaker_ordinal_smoothness,10,20,input_dependent_nonordinal,0,240,0.9541666666666667,1.3666666666666667,1.3666666666666667,0,0.3851186995546714,0.006524322972461488,0.1562690407684862,0.006524322972461488,0,10
C_weaker_ordinal_smoothness,10,20,input_dependent_ordinal,4,1213,0.8351195383347073,1.5507007419620775,1.5507007419620775,0,0.7152913550614879,0.026974235754976636,-0.10972238680097979,0.026974235754976636,0,100
C_weaker_ordinal_smoothness,10,20,input_dependent_ordinal,2,1187,0.9115417017691659,1.983993260320135,1.983993260320135,0,0.61683754844879,0.02002500555691362,0.17443289819790364,0.02002500555691362,0,100
C_weaker_ordinal_smoothness,10,20,input_dependent_ordinal,1,1157,0.8643042350907519,2.0164217804667244,2.0164217804667244,0,0.5607247409165544,0.0172017323942709,-0.0930888501927829,0.0172017323942709,0,100
C_weaker_ordinal_smoothness,10,20,input_dependent_ordinal,3,1203,0.9476309226932669,2.1305070656691605,2.1305070656691605,0,0.6693515386734503,0.024230541907686944,-0.016413688908675894,0.024230541907686944,0,100
C_weaker_ordinal_smoothness,10,20,input_dependent_ordinal,0,240,0.95,1.3708333333333333,1.3708333333333333,0,0.5026199877140001,0.014131836565339971,0.017112705279299645,0.014131836565339971,0,10
C_weaker_ordinal_smoothness,10,21,independent_mondrian,1,1209,0.902398676592225,2.033085194375517,2.033085194375517,0,0.0,0.0,0.5218635405259345,0.0,0,100
C_weaker_ordinal_smoothness,10,21,independent_mondrian,4,1164,0.9140893470790378,1.6125429553264605,1.6125429553264605,0,0.0,0.0,0.7646563764658625,0.0,0,100
C_weaker_ordinal_smoothness,10,21,independent_mondrian,3,1179,0.9380831212892281,2.3163698049194235,2.3163698049194235,0,0.0,0.0,0.6731608270386668,0.0,0,100
C_weaker_ordinal_smoothness,10,21,independent_mondrian,2,1195,0.8794979079497908,2.095397489539749,2.095397489539749,0,0.0,0.0,0.7330564068699206,0.0,0,100
C_weaker_ordinal_smoothness,10,21,independent_mondrian,0,253,0.9209486166007905,1.4189723320158103,1.4189723320158103,0,0.0,0.0,0.5296002882076548,0.0,0,10
C_weaker_ordinal_smoothness,10,21,ordinal_cluster,1,1209,0.9478908188585607,1.9925558312655087,1.9925558312655087,0,0.0,0.0,0.6372064394864425,0.0,0,100
C_weaker_ordinal_smoothness,10,21,ordinal_cluster,4,1164,0.897766323024055,1.6151202749140894,1.6151202749140894,0,0.0,0.0,0.7149113954819041,0.0,0,100
C_weaker_ordinal_smoothness,10,21,ordinal_cluster,3,1179,0.9541984732824428,2.2171331636980494,2.2171331636980494,0,0.0,0.0,0.7149113954819041,0.0,0,100
C_weaker_ordinal_smoothness,10,21,ordinal_cluster,2,1195,0.8485355648535565,2.1790794979079497,2.1790794979079497,0,0.0,0.0,0.6688335799011719,0.0,0,100
C_weaker_ordinal_smoothness,10,21,ordinal_cluster,0,253,0.9209486166007905,1.5454545454545454,1.5454545454545454,0,0.0,0.0,0.5218635405259345,0.0,0,10
C_weaker_ordinal_smoothness,10,21,input_dependent_nonordinal,1,1209,0.8784119106699751,1.9536807278742763,1.9536807278742763,0,0.5235457348703362,0.021750627846309795,-0.0345412477569757,0.021750627846309795,0,100
C_weaker_ordinal_smoothness,10,21,input_dependent_nonordinal,4,1164,0.9304123711340206,1.5850515463917525,1.5850515463917525,0,0.7057479132943041,0.028638333559081134,0.07228763815072725,0.028638333559081134,0,100
C_weaker_ordinal_smoothness,10,21,input_dependent_nonordinal,3,1179,0.9363867684478372,2.255301102629347,2.255301102629347,0,0.5804243050786989,0.019003108296121216,0.051023311277979655,0.019003108296121216,0,100
C_weaker_ordinal_smoothness,10,21,input_dependent_nonordinal,2,1195,0.896234309623431,2.0343096234309623,2.0343096234309623,0,0.735291219665555,0.018951129585943294,0.012624136524282292,0.018951129585943294,0,100
C_weaker_ordinal_smoothness,10,21,input_dependent_nonordinal,0,253,0.9683794466403162,1.4110671936758894,1.4110671936758894,0,0.411459034452021,0.018354002733967013,0.10172229740694266,0.018354002733967013,0,10
C_weaker_ordinal_smoothness,10,21,input_dependent_ordinal,1,1209,0.8817204301075269,1.9578163771712158,1.9578163771712158,0,0.5599900641020141,0.019702009700692087,-0.07296555404551597,0.019702009700692087,0,100
C_weaker_ordinal_smoothness,10,21,input_dependent_ordinal,4,1164,0.9243986254295533,1.5902061855670102,1.5902061855670102,0,0.7053842261323542,0.02556113857675512,0.05828309736074383,0.02556113857675512,0,100
C_weaker_ordinal_smoothness,10,21,input_dependent_ordinal,3,1179,0.9355385920271416,2.2451229855810007,2.2451229855810007,0,0.6526583269486952,0.02175417196031825,-0.01491113688647705,0.02175417196031825,0,100
C_weaker_ordinal_smoothness,10,21,input_dependent_ordinal,2,1195,0.897907949790795,2.0334728033472804,2.0334728033472804,0,0.6019594783119606,0.020452271270589684,0.15040355593362464,0.020452271270589684,0,100
C_weaker_ordinal_smoothness,10,21,input_dependent_ordinal,0,253,0.9644268774703557,1.4110671936758894,1.4110671936758894,0,0.5088921751861881,0.01642525536114277,0.005175797029492557,0.01642525536114277,0,10
C_weaker_ordinal_smoothness,10,22,independent_mondrian,2,1178,0.9168081494057725,1.9906621392190154,1.9906621392190154,0,0.0,0.0,0.8458601525032059,0.0,0,100
C_weaker_ordinal_smoothness,10,22,independent_mondrian,1,1176,0.8903061224489796,1.8562925170068028,1.8562925170068028,0,0.0,0.0,0.5091430664317945,0.0,0,100
C_weaker_ordinal_smoothness,10,22,independent_mondrian,0,283,0.7067137809187279,1.1625441696113075,1.1625441696113075,0,0.0,0.0,0.2614189503165247,0.0,0,10
C_weaker_ordinal_smoothness,10,22,independent_mondrian,3,1209,0.9156327543424317,2.3664185277088503,2.3664185277088503,0,0.0,0.0,0.6131066397275493,0.0,0,100
C_weaker_ordinal_smoothness,10,22,independent_mondrian,4,1154,0.8821490467937608,1.5849220103986135,1.5849220103986135,0,0.0,0.0,0.713803272329057,0.0,0,100
C_weaker_ordinal_smoothness,10,22,ordinal_cluster,2,1178,0.8463497453310697,2.2283531409168083,2.2283531409168083,0,0.0,0.0,0.6828679948785211,0.0,0,100
C_weaker_ordinal_smoothness,10,22,ordinal_cluster,1,1176,0.9634353741496599,2.005952380952381,2.005952380952381,0,0.0,0.0,0.7073375022746249,0.0,0,100
C_weaker_ordinal_smoothness,10,22,ordinal_cluster,0,283,0.911660777385159,1.5865724381625441,1.5865724381625441,0,0.0,0.0,0.49406155866894974,0.0,0,10
C_weaker_ordinal_smoothness,10,22,ordinal_cluster,3,1209,0.9536807278742763,2.1488833746898264,2.1488833746898264,0,0.0,0.0,0.7367638557108214,0.0,0,100
C_weaker_ordinal_smoothness,10,22,ordinal_cluster,4,1154,0.8362218370883883,1.617850953206239,1.617850953206239,0,0.0,0.0,0.6188871697901711,0.0,0,100
C_weaker_ordinal_smoothness,10,22,input_dependent_nonordinal,2,1178,0.9134125636672326,1.9906621392190154,1.9906621392190154,0,0.7707858175730409,0.025394152523566887,0.051217935572616335,0.025394152523566887,0,100
C_weaker_ordinal_smoothness,10,22,input_dependent_nonordinal,1,1176,0.8732993197278912,1.8545918367346939,1.8545918367346939,0,0.5158537988142256,0.026869387245454693,-0.03878662487871626,0.026869387245454693,0,100
C_weaker_ordinal_smoothness,10,22,input_dependent_nonordinal,0,283,0.7703180212014135,1.254416961130742,1.254416961130742,0,0.398184485014607,0.007679343559783736,-0.08139337025652063,0.007679343559783736,0,10
C_weaker_ordinal_smoothness,10,22,input_dependent_nonordinal,3,1209,0.9379652605459057,2.2564102564102564,2.2564102564102564,0,0.5623040353958435,0.022225789298534783,0.08243902714603257,0.022225789298534783,0,100
C_weaker_ordinal_smoothness,10,22,input_dependent_nonordinal,4,1154,0.8942807625649913,1.6317157712305026,1.6317157712305026,0,0.7226800732911244,0.031525169521087804,0.0038922843425699405,0.031525169521087804,0,100
C_weaker_ordinal_smoothness,10,22,input_dependent_ordinal,2,1178,0.9134125636672326,1.999151103565365,1.999151103565365,0,0.6144247257310882,0.024743411685425574,0.20885264127552228,0.024743411685425574,0,100
C_weaker_ordinal_smoothness,10,22,input_dependent_ordinal,1,1176,0.8732993197278912,1.9166666666666667,1.9166666666666667,0,0.5564367055199209,0.02095423991689649,-0.08412959329052672,0.02095423991689649,0,100
C_weaker_ordinal_smoothness,10,22,input_dependent_ordinal,0,283,0.8197879858657244,1.2932862190812722,1.2932862190812722,0,0.5196615823340649,0.018289291426110667,-0.1324580320013435,0.018289291426110667,0,10
C_weaker_ordinal_smoothness,10,22,input_dependent_ordinal,3,1209,0.9354838709677419,2.2547559966914807,2.2547559966914807,0,0.6629689747765223,0.02681042219275688,-0.020496913548394557,0.02681042219275688,0,100
C_weaker_ordinal_smoothness,10,22,input_dependent_ordinal,4,1154,0.891681109185442,1.6213171577123051,1.6213171577123051,0,0.7214416117136591,0.029256644752456,-0.0013371771202613791,0.029256644752456,0,100
C_weaker_ordinal_smoothness,10,23,independent_mondrian,1,1151,0.8844483058210252,1.8062554300608167,1.8062554300608167,0,0.0,0.0,0.5024350633060859,0.0,0,100
C_weaker_ordinal_smoothness,10,23,independent_mondrian,3,1160,0.8724137931034482,2.25,2.25,0,0.0,0.0,0.5680552907038939,0.0,0,100
C_weaker_ordinal_smoothness,10,23,independent_mondrian,4,1225,0.9110204081632653,1.4685714285714286,1.4685714285714286,0,0.0,0.0,0.7898618540400794,0.0,0,100
C_weaker_ordinal_smoothness,10,23,independent_mondrian,2,1211,0.8736581337737407,1.9636663914120562,1.9636663914120562,0,0.0,0.0,0.7087961651058833,0.0,0,100
C_weaker_ordinal_smoothness,10,23,independent_mondrian,0,253,0.849802371541502,1.284584980237154,1.284584980237154,0,0.0,0.0,0.390797175705064,0.0,0,10
C_weaker_ordinal_smoothness,10,23,ordinal_cluster,1,1151,0.9087749782797567,1.7271937445699392,1.7271937445699392,0,0.0,0.0,0.5435089916412725,0.0,0,100
C_weaker_ordinal_smoothness,10,23,ordinal_cluster,3,1160,0.9327586206896552,2.036206896551724,2.036206896551724,0,0.0,0.0,0.6951580146264662,0.0,0,100
C_weaker_ordinal_smoothness,10,23,ordinal_cluster,4,1225,0.88,1.5485714285714285,1.5485714285714285,0,0.0,0.0,0.6951580146264662,0.0,0,100
C_weaker_ordinal_smoothness,10,23,ordinal_cluster,2,1211,0.7745664739884393,1.9933938893476466,1.9933938893476466,0,0.0,0.0,0.5563760785183742,0.0,0,100
C_weaker_ordinal_smoothness,10,23,ordinal_cluster,0,253,0.8932806324110671,1.359683794466403,1.359683794466403,0,0.0,0.0,0.49025329419728986,0.0,0,10
C_weaker_ordinal_smoothness,10,23,input_dependent_nonordinal,1,1151,0.9209383145091226,1.8653344917463075,1.8653344917463075,0,0.5205286421058892,0.02077625606877889,-0.003018897678813026,0.02077625606877889,0,100
C_weaker_ordinal_smoothness,10,23,input_dependent_nonordinal,3,1160,0.8939655172413793,2.049137931034483,2.049137931034483,0,0.5600164848908187,0.02218981147270758,0.02419721859643087,0.02218981147270758,0,100
C_weaker_ordinal_smoothness,10,23,input_dependent_nonordinal,4,1225,0.8726530612244898,1.4318367346938776,1.4318367346938776,0,0.7085343442139844,0.02628889131066126,-0.03072591474751718,0.02628889131066126,0,100
C_weaker_ordinal_smoothness,10,23,input_dependent_nonordinal,2,1211,0.8662262592898431,1.9479768786127167,1.9479768786127167,0,0.7186768107152974,0.021949599922650533,-0.032704683817843416,0.021949599922650533,0,100
C_weaker_ordinal_smoothness,10,23,input_dependent_nonordinal,0,253,0.9209486166007905,1.3754940711462451,1.3754940711462451,0,0.420538227895382,0.01585310964256439,0.08293694101275395,0.01585310964256439,0,10
C_weaker_ordinal_smoothness,10,23,input_dependent_ordinal,1,1151,0.9209383145091226,1.8748913987836664,1.8748913987836664,0,0.5490645806010591,0.020187612219163157,-0.030409276828277654,0.020187612219163157,0,100
C_weaker_ordinal_smoothness,10,23,input_dependent_ordinal,3,1160,0.8879310344827587,2.0405172413793102,2.0405172413793102,0,0.6565595460391302,0.024176034995878008,-0.07602951026703952,0.024176034995878008,0,100
C_weaker_ordinal_smoothness,10,23,input_dependent_ordinal,4,1225,0.8661224489795918,1.4228571428571428,1.4228571428571428,0,0.692610621801239,0.0244554001033083,-0.021101217213188583,0.0244554001033083,0,100
C_weaker_ordinal_smoothness,10,23,input_dependent_ordinal,2,1211,0.8662262592898431,1.9479768786127167,1.9479768786127167,0,0.5973921428414327,0.022342887390240013,0.08708852468540473,0.022342887390240013,0,100
C_weaker_ordinal_smoothness,10,23,input_dependent_ordinal,0,253,0.9288537549407114,1.3873517786561265,1.3873517786561265,0,0.49671374933828416,0.019393202375898345,0.018708846875212404,0.019393202375898345,0,10
C_weaker_ordinal_smoothness,10,24,independent_mondrian,4,1190,0.9495798319327731,1.56890756302521,1.56890756302521,0,0.0,0.0,0.8753566015245158,0.0,0,100
C_weaker_ordinal_smoothness,10,24,independent_mondrian,1,1130,0.9309734513274336,2.2610619469026547,2.2610619469026547,0,0.0,0.0,0.589180159975689,0.0,0,100
C_weaker_ordinal_smoothness,10,24,independent_mondrian,0,263,0.9657794676806084,1.505703422053232,1.505703422053232,0,0.0,0.0,0.6387107520742069,0.0,0,10
C_weaker_ordinal_smoothness,10,24,independent_mondrian,2,1235,0.9214574898785425,2.2331983805668014,2.2331983805668014,0,0.0,0.0,0.8453283380665007,0.0,0,100
C_weaker_ordinal_smoothness,10,24,independent_mondrian,3,1182,0.8654822335025381,2.467851099830795,2.467851099830795,0,0.0,0.0,0.5589130669296899,0.0,0,100
C_weaker_ordinal_smoothness,10,24,ordinal_cluster,4,1190,0.8966386554621849,1.6453781512605041,1.6453781512605041,0,0.0,0.0,0.7138586669792707,0.0,0,100
C_weaker_ordinal_smoothness,10,24,ordinal_cluster,1,1130,0.9761061946902655,2.120353982300885,2.120353982300885,0,0.0,0.0,0.7364344898850151,0.0,0,100
C_weaker_ordinal_smoothness,10,24,ordinal_cluster,0,263,0.9543726235741445,1.741444866920152,1.741444866920152,0,0.0,0.0,0.589180159975689,0.0,0,10
C_weaker_ordinal_smoothness,10,24,ordinal_cluster,2,1235,0.848582995951417,2.3425101214574897,2.3425101214574897,0,0.0,0.0,0.6700807228166115,0.0,0,100
C_weaker_ordinal_smoothness,10,24,ordinal_cluster,3,1182,0.949238578680203,2.27834179357022,2.27834179357022,0,0.0,0.0,0.7625565363439348,0.0,0,100
C_weaker_ordinal_smoothness,10,24,input_dependent_nonordinal,4,1190,0.938655462184874,1.542857142857143,1.542857142857143,0,0.70996352636354,0.03941161444115251,0.08899889453959176,0.03941161444115251,0,100
C_weaker_ordinal_smoothness,10,24,input_dependent_nonordinal,1,1130,0.947787610619469,2.117699115044248,2.117699115044248,0,0.5173123487395883,0.024896675384958794,0.06832348073117128,0.024896675384958794,0,100
C_weaker_ordinal_smoothness,10,24,input_dependent_nonordinal,0,263,0.9657794676806084,1.4828897338403042,1.4828897338403042,0,0.4471829928189722,0.025587581667237447,0.1633045404313243,0.025587581667237447,0,10
C_weaker_ordinal_smoothness,10,24,input_dependent_nonordinal,2,1235,0.9125506072874494,2.1473684210526316,2.1473684210526316,0,0.7878231582924494,0.02832081020808951,-0.006322932381708779,0.02832081020808951,0,100
C_weaker_ordinal_smoothness,10,24,input_dependent_nonordinal,3,1182,0.8781725888324873,2.252115059221658,2.252115059221658,0,0.5443834208372252,0.015481673974961795,0.017856919406081806,0.015481673974961795,0,100
C_weaker_ordinal_smoothness,10,24,input_dependent_ordinal,4,1190,0.934453781512605,1.5512605042016807,1.5512605042016807,0,0.7038480086035251,0.030093278486325207,0.08237247907451806,0.030093278486325207,0,100
C_weaker_ordinal_smoothness,10,24,input_dependent_ordinal,1,1130,0.9495575221238938,2.127433628318584,2.127433628318584,0,0.5738848300550837,0.02338333506795051,0.00929591929232454,0.02338333506795051,0,100
C_weaker_ordinal_smoothness,10,24,input_dependent_ordinal,0,263,0.9695817490494296,1.4866920152091254,1.4866920152091254,0,0.5274628311169225,0.020934722977620553,0.08571940720495674,0.020934722977620553,0,10
C_weaker_ordinal_smoothness,10,24,input_dependent_ordinal,2,1235,0.9060728744939271,2.139271255060729,2.139271255060729,0,0.6129909743236917,0.026029249319623284,0.159705766071224,0.026029249319623284,0,100
C_weaker_ordinal_smoothness,10,24,input_dependent_ordinal,3,1182,0.8849407783417935,2.247884940778342,2.247884940778342,0,0.6546350933521489,0.028531242287314962,-0.07442150866171326,0.028531242287314962,0,100
C_weaker_ordinal_smoothness,10,25,independent_mondrian,1,1172,0.8626279863481229,2.1262798634812285,2.1262798634812285,0,0.0,0.0,0.473244548704264,0.0,0,100
C_weaker_ordinal_smoothness,10,25,independent_mondrian,2,1204,0.9534883720930233,2.0598006644518274,2.0598006644518274,0,0.0,0.0,0.9041171179281358,0.0,0,100
C_weaker_ordinal_smoothness,10,25,independent_mondrian,4,1146,0.918848167539267,1.6867364746945899,1.6867364746945899,0,0.0,0.0,0.7599159229821097,0.0,0,100
C_weaker_ordinal_smoothness,10,25,independent_mondrian,3,1210,0.903305785123967,2.4082644628099175,2.4082644628099175,0,0.0,0.0,0.5900486898453128,0.0,0,100
C_weaker_ordinal_smoothness,10,25,independent_mondrian,0,268,0.8992537313432836,1.4104477611940298,1.4104477611940298,0,0.0,0.0,0.5173659591032242,0.0,0,10
C_weaker_ordinal_smoothness,10,25,ordinal_cluster,1,1172,0.9530716723549488,1.9402730375426622,1.9402730375426622,0,0.0,0.0,0.7042322479583573,0.0,0,100
C_weaker_ordinal_smoothness,10,25,ordinal_cluster,2,1204,0.8463455149501661,2.277408637873754,2.277408637873754,0,0.0,0.0,0.650049534830611,0.0,0,100
C_weaker_ordinal_smoothness,10,25,ordinal_cluster,4,1146,0.8883071553228621,1.6858638743455496,1.6858638743455496,0,0.0,0.0,0.6777885327447165,0.0,0,100
C_weaker_ordinal_smoothness,10,25,ordinal_cluster,3,1210,0.9669421487603306,2.1801652892561982,2.1801652892561982,0,0.0,0.0,0.7649348507272443,0.0,0,100
C_weaker_ordinal_smoothness,10,25,ordinal_cluster,0,268,0.8880597014925373,1.6119402985074627,1.6119402985074627,0,0.0,0.0,0.473244548704264,0.0,0,10
C_weaker_ordinal_smoothness,10,25,input_dependent_nonordinal,1,1172,0.9180887372013652,2.0145051194539247,2.0145051194539247,0,0.4921781448363724,0.01909595758613958,0.04255725932290538,0.01909595758613958,0,100
C_weaker_ordinal_smoothness,10,25,input_dependent_nonordinal,2,1204,0.946843853820598,2.009136212624585,2.009136212624585,0,0.7643125905858328,0.013623406452376266,0.08784100548270835,0.013623406452376266,0,100
C_weaker_ordinal_smoothness,10,25,input_dependent_nonordinal,4,1146,0.8673647469458988,1.5776614310645725,1.5776614310645725,0,0.7237652925900211,0.03515822434679648,-0.072594551986223,0.03515822434679648,0,100
C_weaker_ordinal_smoothness,10,25,input_dependent_nonordinal,3,1210,0.9016528925619834,2.196694214876033,2.196694214876033,0,0.604312147034896,0.02741809006606098,-0.03049791389308326,0.02741809006606098,0,100
C_weaker_ordinal_smoothness,10,25,input_dependent_nonordinal,0,268,0.835820895522388,1.4029850746268657,1.4029850746268657,0,0.47391546264223483,0.02984680340679552,-0.06289588842969918,0.02984680340679552,0,10
C_weaker_ordinal_smoothness,10,25,input_dependent_ordinal,1,1172,0.9189419795221843,2.0034129692832763,2.0034129692832763,0,0.5577789459383926,0.019335661308081682,-0.02213461383125198,0.019335661308081682,0,100
C_weaker_ordinal_smoothness,10,25,input_dependent_ordinal,2,1204,0.9377076411960132,2.0016611295681064,2.0016611295681064,0,0.6121123160293328,0.022772674762262746,0.21882826602987543,0.022772674762262746,0,100
C_weaker_ordinal_smoothness,10,25,input_dependent_ordinal,4,1146,0.8804537521815009,1.5776614310645725,1.5776614310645725,0,0.7318888962498644,0.031588618172412535,-0.06610639471244661,0.031588618172412535,0,100
C_weaker_ordinal_smoothness,10,25,input_dependent_ordinal,3,1210,0.9,2.1735537190082646,2.1735537190082646,0,0.6695601388014824,0.02489798174451019,-0.10087670333129745,0.02489798174451019,0,100
C_weaker_ordinal_smoothness,10,25,input_dependent_ordinal,0,268,0.8955223880597015,1.458955223880597,1.458955223880597,0,0.5089900733728895,0.01420429690477868,-0.06498823036959911,0.01420429690477868,0,10
C_weaker_ordinal_smoothness,10,26,independent_mondrian,1,1199,0.8765638031693077,2.3319432860717266,2.3319432860717266,0,0.0,0.0,0.48304050605238164,0.0,0,100
C_weaker_ordinal_smoothness,10,26,independent_mondrian,4,1217,0.9129005751848809,1.6203779786359902,1.6203779786359902,0,0.0,0.0,0.7590036115725448,0.0,0,100
C_weaker_ordinal_smoothness,10,26,independent_mondrian,3,1168,0.9246575342465754,2.345890410958904,2.345890410958904,0,0.0,0.0,0.6534483839506263,0.0,0,100
C_weaker_ordinal_smoothness,10,26,independent_mondrian,2,1179,0.9151823579304496,2.1424936386768447,2.1424936386768447,0,0.0,0.0,0.7887115345686128,0.0,0,100
C_weaker_ordinal_smoothness,10,26,independent_mondrian,0,237,0.9704641350210971,1.3291139240506329,1.3291139240506329,0,0.0,0.0,0.7163710126320478,0.0,0,10
C_weaker_ordinal_smoothness,10,26,ordinal_cluster,1,1199,0.9374478732276897,1.8798999165971644,1.8798999165971644,0,0.0,0.0,0.6328788709003794,0.0,0,100
C_weaker_ordinal_smoothness,10,26,ordinal_cluster,4,1217,0.9013968775677896,1.6211996713229253,1.6211996713229253,0,0.0,0.0,0.7202258500448481,0.0,0,100
C_weaker_ordinal_smoothness,10,26,ordinal_cluster,3,1168,0.9571917808219178,2.1909246575342465,2.1909246575342465,0,0.0,0.0,0.7552630921431336,0.0,0,100
C_weaker_ordinal_smoothness,10,26,ordinal_cluster,2,1179,0.8558100084817643,2.1959287531806617,2.1959287531806617,0,0.0,0.0,0.6328788709003794,0.0,0,100
C_weaker_ordinal_smoothness,10,26,ordinal_cluster,0,237,0.9113924050632911,1.4514767932489452,1.4514767932489452,0,0.0,0.0,0.48304050605238164,0.0,0,10
C_weaker_ordinal_smoothness,10,26,input_dependent_nonordinal,1,1199,0.8807339449541285,1.8690575479566305,1.8690575479566305,0,0.5061883981701882,0.023796155579807955,-0.016044646761759374,0.023796155579807955,0,100
C_weaker_ordinal_smoothness,10,26,input_dependent_nonordinal,4,1217,0.8816762530813476,1.4856203779786359,1.4856203779786359,0,0.6882695879983491,0.029189422892751764,0.010069250733407809,0.029189422892751764,0,100
C_weaker_ordinal_smoothness,10,26,input_dependent_nonordinal,3,1168,0.9323630136986302,2.106164383561644,2.106164383561644,0,0.6087713810785862,0.03129734920469119,0.023487538372005567,0.03129734920469119,0,100
C_weaker_ordinal_smoothness,10,26,input_dependent_nonordinal,2,1179,0.8880407124681934,1.9787955894826124,1.9787955894826124,0,0.7435955399586395,0.014389227788584624,-0.056399752923486535,0.014389227788584624,0,100
C_weaker_ordinal_smoothness,10,26,input_dependent_nonordinal,0,237,0.9409282700421941,1.2995780590717299,1.2995780590717299,0,0.43159297692761545,0.02475618552675402,0.09449309903156633,0.02475618552675402,0,10
C_weaker_ordinal_smoothness,10,26,input_dependent_ordinal,1,1199,0.8807339449541285,1.896580483736447,1.896580483736447,0,0.557345689587219,0.01993440053144155,-0.07293989813796897,0.01993440053144155,0,100
C_weaker_ordinal_smoothness,10,26,input_dependent_ordinal,4,1217,0.8816762530813476,1.4905505341002465,1.4905505341002465,0,0.7019686225446616,0.029116643617393523,-0.003907007044711086,0.029116643617393523,0,100
C_weaker_ordinal_smoothness,10,26,input_dependent_ordinal,3,1168,0.934931506849315,2.0907534246575343,2.0907534246575343,0,0.663344773826029,0.025886625465835394,-0.032355928175908266,0.025886625465835394,0,100
C_weaker_ordinal_smoothness,10,26,input_dependent_ordinal,2,1179,0.8795589482612384,1.974554707379135,1.974554707379135,0,0.6065120946463323,0.022075916590759866,0.07200929716600313,0.022075916590759866,0,100
C_weaker_ordinal_smoothness,10,26,input_dependent_ordinal,0,237,0.9535864978902954,1.2911392405063291,1.2911392405063291,0,0.5184298557037179,0.015604926247621607,0.046865877596652505,0.015604926247621607,0,10
C_weaker_ordinal_smoothness,10,27,independent_mondrian,2,1221,0.8468468468468469,2.0245700245700244,2.0245700245700244,0,0.0,0.0,0.6820810064873597,0.0,0,100
C_weaker_ordinal_smoothness,10,27,independent_mondrian,3,1216,0.9185855263157895,2.2376644736842106,2.2376644736842106,0,0.0,0.0,0.614722515018573,0.0,0,100
C_weaker_ordinal_smoothness,10,27,independent_mondrian,4,1155,0.9064935064935065,1.5532467532467533,1.5532467532467533,0,0.0,0.0,0.7858024959778261,0.0,0,100
C_weaker_ordinal_smoothness,10,27,independent_mondrian,1,1170,0.9008547008547009,1.9700854700854702,1.9700854700854702,0,0.0,0.0,0.5291246088221594,0.0,0,100
C_weaker_ordinal_smoothness,10,27,independent_mondrian,0,238,0.9369747899159664,1.3865546218487395,1.3865546218487395,0,0.0,0.0,0.5444918551065251,0.0,0,10
C_weaker_ordinal_smoothness,10,27,ordinal_cluster,2,1221,0.7870597870597871,2.013104013104013,2.013104013104013,0,0.0,0.0,0.5758121548079803,0.0,0,100
C_weaker_ordinal_smoothness,10,27,ordinal_cluster,3,1216,0.9424342105263158,2.0411184210526314,2.0411184210526314,0,0.0,0.0,0.6784044893049717,0.0,0,100
C_weaker_ordinal_smoothness,10,27,ordinal_cluster,4,1155,0.8666666666666667,1.5532467532467533,1.5532467532467533,0,0.0,0.0,0.6741653591855823,0.0,0,100
C_weaker_ordinal_smoothness,10,27,ordinal_cluster,1,1170,0.9188034188034188,1.858974358974359,1.858974358974359,0,0.0,0.0,0.5722674785327703,0.0,0,100
C_weaker_ordinal_smoothness,10,27,ordinal_cluster,0,238,0.9327731092436975,1.4243697478991597,1.4243697478991597,0,0.0,0.0,0.5295737928203326,0.0,0,10
C_weaker_ordinal_smoothness,10,27,input_dependent_nonordinal,2,1221,0.8361998361998362,1.8427518427518428,1.8427518427518428,0,0.7385973457938545,0.023413346436880367,-0.09343636376455894,0.023413346436880367,0,100
C_weaker_ordinal_smoothness,10,27,input_dependent_nonordinal,3,1216,0.8651315789473685,1.9136513157894737,1.9136513157894737,0,0.595536692582427,0.04297224210767404,-0.04356684870024738,0.04297224210767404,0,100
C_weaker_ordinal_smoothness,10,27,input_dependent_nonordinal,4,1155,0.8597402597402597,1.3956709956709956,1.3956709956709956,0,0.7164087324712634,0.02579537050598441,-0.0666280195018758,0.02579537050598441,0,100
C_weaker_ordinal_smoothness,10,27,input_dependent_nonordinal,1,1170,0.8854700854700854,1.8282051282051281,1.8282051282051281,0,0.5206221641141263,0.01753861066994355,-0.016212116045522806,0.01753861066994355,0,100
C_weaker_ordinal_smoothness,10,27,input_dependent_nonordinal,0,238,0.9201680672268907,1.3319327731092436,1.3319327731092436,0,0.47460337587335005,0.024142859520027937,0.00800426455121539,0.024142859520027937,0,10
C_weaker_ordinal_smoothness,10,27,input_dependent_ordinal,2,1221,0.8411138411138411,1.8722358722358723,1.8722358722358723,0,0.6131088178186491,0.025269414107318453,0.04071298808148688,0.025269414107318453,0,100
C_weaker_ordinal_smoothness,10,27,input_dependent_ordinal,3,1216,0.8947368421052632,1.9292763157894737,1.9292763157894737,0,0.6643758950761596,0.029560387321484246,-0.09847996448927582,0.029560387321484246,0,100
C_weaker_ordinal_smoothness,10,27,input_dependent_ordinal,4,1155,0.8372294372294372,1.3982683982683983,1.3982683982683983,0,0.719255568018204,0.03278600106733645,-0.08946432821626216,0.03278600106733645,0,100
C_weaker_ordinal_smoothness,10,27,input_dependent_ordinal,1,1170,0.8991452991452992,1.8461538461538463,1.8461538461538463,0,0.5713850003378595,0.02130357046147791,-0.04469174686665084,0.02130357046147791,0,100
C_weaker_ordinal_smoothness,10,27,input_dependent_ordinal,0,238,0.9285714285714286,1.3781512605042017,1.3781512605042017,0,0.52919975630574,0.01938281711950651,-0.04015693455018243,0.01938281711950651,0,10
C_weaker_ordinal_smoothness,10,28,independent_mondrian,2,1194,0.9170854271356784,2.0309882747068677,2.0309882747068677,0,0.0,0.0,0.814726546808674,0.0,0,100
C_weaker_ordinal_smoothness,10,28,independent_mondrian,1,1183,0.904480135249366,2.151310228233305,2.151310228233305,0,0.0,0.0,0.5513718107881896,0.0,0,100
C_weaker_ordinal_smoothness,10,28,independent_mondrian,3,1167,0.9014567266495287,2.197943444730077,2.197943444730077,0,0.0,0.0,0.5892079306975176,0.0,0,100
C_weaker_ordinal_smoothness,10,28,independent_mondrian,0,253,0.9407114624505929,1.4110671936758894,1.4110671936758894,0,0.0,0.0,0.5625171655263702,0.0,0,10
C_weaker_ordinal_smoothness,10,28,independent_mondrian,4,1203,0.8337489609310058,1.4962593516209477,1.4962593516209477,0,0.0,0.0,0.6111065147607979,0.0,0,100
C_weaker_ordinal_smoothness,10,28,ordinal_cluster,2,1194,0.8324958123953099,2.0661641541038525,2.0661641541038525,0,0.0,0.0,0.6239777544812621,0.0,0,100
C_weaker_ordinal_smoothness,10,28,ordinal_cluster,1,1183,0.9382924767540152,1.959425190194421,1.959425190194421,0,0.0,0.0,0.6298468027467359,0.0,0,100
C_weaker_ordinal_smoothness,10,28,ordinal_cluster,3,1167,0.9331619537275064,2.0008568980291344,2.0008568980291344,0,0.0,0.0,0.6744220300914523,0.0,0,100
C_weaker_ordinal_smoothness,10,28,ordinal_cluster,0,253,0.9407114624505929,1.5059288537549407,1.5059288537549407,0,0.0,0.0,0.5513718107881896,0.0,0,10
C_weaker_ordinal_smoothness,10,28,ordinal_cluster,4,1203,0.8212801330008312,1.4871155444721529,1.4871155444721529,0,0.0,0.0,0.5892079306975176,0.0,0,100
C_weaker_ordinal_smoothness,10,28,input_dependent_nonordinal,2,1194,0.8961474036850922,1.9530988274706869,1.9530988274706869,0,0.7720596452805455,0.024496676713925133,-0.021576766788220958,0.024496676713925133,0,100
C_weaker_ordinal_smoothness,10,28,input_dependent_nonordinal,1,1183,0.9230769230769231,1.967032967032967,1.967032967032967,0,0.5018347386861802,0.017696858667473288,0.058832981419749686,0.017696858667473288,0,100
C_weaker_ordinal_smoothness,10,28,input_dependent_nonordinal,3,1167,0.8740359897172236,2.019708654670094,2.019708654670094,0,0.5684374918803009,0.017565960560444755,-0.030910262365022922,0.017565960560444755,0,100
C_weaker_ordinal_smoothness,10,28,input_dependent_nonordinal,0,253,0.9130434782608695,1.4031620553359683,1.4031620553359683,0,0.3822392313572054,0.007813491606014722,0.11708453466787283,0.007813491606014722,0,10
C_weaker_ordinal_smoothness,10,28,input_dependent_nonordinal,4,1203,0.8420615128844555,1.4455527847049043,1.4455527847049043,0,0.7074784146347408,0.028686538950950604,-0.08714629187367695,0.028686538950950604,0,100
C_weaker_ordinal_smoothness,10,28,input_dependent_ordinal,2,1194,0.8919597989949749,1.9547738693467336,1.9547738693467336,0,0.6073468345610672,0.019613466121500566,0.12022387268264567,0.019613466121500566,0,100
C_weaker_ordinal_smoothness,10,28,input_dependent_ordinal,1,1183,0.9239222316145393,1.9256128486897717,1.9256128486897717,0,0.5525043348605405,0.016683317011994943,0.012998105465560572,0.016683317011994943,0,100
C_weaker_ordinal_smoothness,10,28,input_dependent_ordinal,3,1167,0.8757497857754927,2.005998286203942,2.005998286203942,0,0.6530560421342113,0.02330371400261849,-0.11119015249827269,0.02330371400261849,0,100
C_weaker_ordinal_smoothness,10,28,input_dependent_ordinal,0,253,0.9090909090909091,1.391304347826087,1.391304347826087,0,0.5037352326315283,0.01391261157111381,-0.025542508725375668,0.01391261157111381,0,10
C_weaker_ordinal_smoothness,10,28,input_dependent_ordinal,4,1203,0.8453865336658354,1.4347464671654198,1.4347464671654198,0,0.7131929144097533,0.02625368303621408,-0.08860505401113705,0.02625368303621408,0,100
C_weaker_ordinal_smoothness,10,29,independent_mondrian,4,1199,0.9474562135112594,1.7406171809841535,1.7406171809841535,0,0.0,0.0,0.8163441954041599,0.0,0,100
C_weaker_ordinal_smoothness,10,29,independent_mondrian,2,1111,0.9486948694869487,2.1143114311431144,2.1143114311431144,0,0.0,0.0,0.9062130803419368,0.0,0,100
C_weaker_ordinal_smoothness,10,29,independent_mondrian,3,1184,0.9146959459459459,2.4932432432432434,2.4932432432432434,0,0.0,0.0,0.6653353539351925,0.0,0,100
C_weaker_ordinal_smoothness,10,29,independent_mondrian,1,1225,0.8742857142857143,2.0514285714285716,2.0514285714285716,0,0.0,0.0,0.49370371996167695,0.0,0,100
C_weaker_ordinal_smoothness,10,29,independent_mondrian,0,281,0.9074733096085409,1.298932384341637,1.298932384341637,0,0.0,0.0,0.42792838290165,0.0,0,10
C_weaker_ordinal_smoothness,10,29,ordinal_cluster,4,1199,0.9157631359466222,1.7664720600500416,1.7664720600500416,0,0.0,0.0,0.7067477433972212,0.0,0,100
C_weaker_ordinal_smoothness,10,29,ordinal_cluster,2,1111,0.8874887488748875,2.3915391539153914,2.3915391539153914,0,0.0,0.0,0.7203276341669382,0.0,0,100
C_weaker_ordinal_smoothness,10,29,ordinal_cluster,3,1184,0.9670608108108109,2.320945945945946,2.320945945945946,0,0.0,0.0,0.8180936687990226,0.0,0,100
C_weaker_ordinal_smoothness,10,29,ordinal_cluster,1,1225,0.9648979591836735,2.0661224489795917,2.0661224489795917,0,0.0,0.0,0.7242343879342351,0.0,0,100
C_weaker_ordinal_smoothness,10,29,ordinal_cluster,0,281,0.9288256227758007,1.6654804270462633,1.6654804270462633,0,0.0,0.0,0.4696694236928467,0.0,0,10
C_weaker_ordinal_smoothness,10,29,input_dependent_nonordinal,4,1199,0.9174311926605505,1.6997497914929107,1.6997497914929107,0,0.7008922607087653,0.019681114202896064,0.009637234417169571,0.019681114202896064,0,100
C_weaker_ordinal_smoothness,10,29,input_dependent_nonordinal,2,1111,0.9522952295229523,2.0333033303330335,2.0333033303330335,0,0.752216409911863,0.01707429281149435,0.15193396596097286,0.01707429281149435,0,100
C_weaker_ordinal_smoothness,10,29,input_dependent_nonordinal,3,1184,0.9383445945945946,2.3505067567567566,2.3505067567567566,0,0.551960232082866,0.02328654390308811,0.11149775093414388,0.02328654390308811,0,100
C_weaker_ordinal_smoothness,10,29,input_dependent_nonordinal,1,1225,0.8963265306122449,2.092244897959184,2.092244897959184,0,0.5158225991211489,0.019598771256464337,0.004652723732658737,0.019598771256464337,0,100
C_weaker_ordinal_smoothness,10,29,input_dependent_nonordinal,0,281,0.8790035587188612,1.309608540925267,1.309608540925267,0,0.4219256961938918,0.023324401262116923,0.0014042090092729886,0.023324401262116913,0,10
C_weaker_ordinal_smoothness,10,29,input_dependent_ordinal,4,1199,0.920767306088407,1.682235195996664,1.682235195996664,0,0.698547027774968,0.020437768188894583,0.015510935104479762,0.020437768188894583,0,100
C_weaker_ordinal_smoothness,10,29,input_dependent_ordinal,2,1111,0.9495949594959496,2.018901890189019,2.018901890189019,0,0.5970776821254103,0.020106492925660177,0.29060711018295704,0.020106492925660177,0,100
C_weaker_ordinal_smoothness,10,29,input_dependent_ordinal,3,1184,0.9358108108108109,2.33277027027027,2.33277027027027,0,0.6446272957928012,0.02087999216968561,0.006234910746134581,0.02087999216968561,0,100
C_weaker_ordinal_smoothness,10,29,input_dependent_ordinal,1,1225,0.8979591836734694,2.0546938775510206,2.0546938775510206,0,0.5651712299885107,0.020198222805440532,-0.042053615786707965,0.020198222805440532,0,100
C_weaker_ordinal_smoothness,10,29,input_dependent_ordinal,0,281,0.8683274021352313,1.3060498220640568,1.3060498220640568,0,0.5137978059796398,0.018710581078903315,-0.11577950475793436,0.018710581078903315,0,10
C_weaker_ordinal_smoothness,10,30,independent_mondrian,2,1186,0.9064080944350759,2.090219224283305,2.090219224283305,0,0.0,0.0,0.8085958085923778,0.0,0,100
C_weaker_ordinal_smoothness,10,30,independent_mondrian,3,1241,0.9234488315874295,2.4713940370668817,2.4713940370668817,0,0.0,0.0,0.6292545155891565,0.0,0,100
C_weaker_ordinal_smoothness,10,30,independent_mondrian,0,277,0.8880866425992779,1.2851985559566788,1.2851985559566788,0,0.0,0.0,0.4596159946866271,0.0,0,10
C_weaker_ordinal_smoothness,10,30,independent_mondrian,1,1132,0.8789752650176679,1.9991166077738516,1.9991166077738516,0,0.0,0.0,0.49776767143819967,0.0,0,100
C_weaker_ordinal_smoothness,10,30,independent_mondrian,4,1164,0.9338487972508591,1.6761168384879725,1.6761168384879725,0,0.0,0.0,0.8309757158363943,0.0,0,100
C_weaker_ordinal_smoothness,10,30,ordinal_cluster,2,1186,0.821247892074199,2.1467116357504215,2.1467116357504215,0,0.0,0.0,0.6249023672749298,0.0,0,100
C_weaker_ordinal_smoothness,10,30,ordinal_cluster,3,1241,0.9524576954069299,2.1788879935535856,2.1788879935535856,0,0.0,0.0,0.7362593229724643,0.0,0,100
C_weaker_ordinal_smoothness,10,30,ordinal_cluster,0,277,0.9025270758122743,1.4981949458483754,1.4981949458483754,0,0.0,0.0,0.4830943659068514,0.0,0,10
C_weaker_ordinal_smoothness,10,30,ordinal_cluster,1,1132,0.9469964664310954,1.8825088339222615,1.8825088339222615,0,0.0,0.0,0.6231498075201646,0.0,0,100
C_weaker_ordinal_smoothness,10,30,ordinal_cluster,4,1164,0.8986254295532646,1.6546391752577319,1.6546391752577319,0,0.0,0.0,0.7106482452490017,0.0,0,100
C_weaker_ordinal_smoothness,10,30,input_dependent_nonordinal,2,1186,0.9156829679595279,2.058178752107926,2.058178752107926,0,0.7376384853580509,0.020093246756111453,0.10098304448428175,0.020093246756111453,0,100
C_weaker_ordinal_smoothness,10,30,input_dependent_nonordinal,3,1241,0.943593875906527,2.4165995165189362,2.4165995165189362,0,0.5799094720792544,0.024542447205458996,0.04948326738959885,0.024542447205458996,0,100
C_weaker_ordinal_smoothness,10,30,input_dependent_nonordinal,0,277,0.9097472924187726,1.3826714801444044,1.3826714801444044,0,0.410948570830993,0.015128315620458849,0.05469579810177677,0.015128315620458853,0,10
C_weaker_ordinal_smoothness,10,30,input_dependent_nonordinal,1,1132,0.8860424028268551,2.0203180212014136,2.0203180212014136,0,0.4834999385604766,0.01711567365593192,-0.0034485395632868343,0.01711567365593192,0,100
C_weaker_ordinal_smoothness,10,30,input_dependent_nonordinal,4,1164,0.9338487972508591,1.6546391752577319,1.6546391752577319,0,0.7191130512125071,0.033324688351571076,0.08360503344810843,0.033324688351571076,0,100
C_weaker_ordinal_smoothness,10,30,input_dependent_ordinal,2,1186,0.9148397976391232,2.058178752107926,2.058178752107926,0,0.5934652043825448,0.020959696305010028,0.24169022684297048,0.020959696305010028,0,100
C_weaker_ordinal_smoothness,10,30,input_dependent_ordinal,3,1241,0.9411764705882353,2.4125705076551167,2.4125705076551167,0,0.6627644940670966,0.025981827528308896,-0.03572056768631271,0.025981827528308896,0,100
C_weaker_ordinal_smoothness,10,30,input_dependent_ordinal,0,277,0.9097472924187726,1.3826714801444044,1.3826714801444044,0,0.4730302895939549,0.013087962308890528,-0.008816257099061031,0.013087962308890528,0,10
C_weaker_ordinal_smoothness,10,30,input_dependent_ordinal,1,1132,0.8869257950530035,2.015017667844523,2.015017667844523,0,0.532696355337185,0.016860976735774334,-0.05225319220257807,0.016860976735774334,0,100
C_weaker_ordinal_smoothness,10,30,input_dependent_ordinal,4,1164,0.9381443298969072,1.6546391752577319,1.6546391752577319,0,0.7144087459208035,0.030989149160943807,0.09744953930526734,0.030989149160943807,0,100
C_weaker_ordinal_smoothness,10,31,independent_mondrian,3,1190,0.8840336134453781,2.3823529411764706,2.3823529411764706,0,0.0,0.0,0.5768508263721012,0.0,0,100
C_weaker_ordinal_smoothness,10,31,independent_mondrian,1,1161,0.8828596037898363,2.6640826873385013,2.6640826873385013,0,0.0,0.0,0.5000260687338796,0.0,0,100
C_weaker_ordinal_smoothness,10,31,independent_mondrian,4,1207,0.8964374482187241,1.6296603148301574,1.6296603148301574,0,0.0,0.0,0.7064686066803881,0.0,0,100
C_weaker_ordinal_smoothness,10,31,independent_mondrian,2,1202,0.9417637271214643,2.262063227953411,2.262063227953411,0,0.0,0.0,0.8895457851264935,0.0,0,100
C_weaker_ordinal_smoothness,10,31,independent_mondrian,0,240,1,1.4625,1.4625,0,0.0,0.0,1.0090121727685406,0.0,0,10
C_weaker_ordinal_smoothness,10,31,ordinal_cluster,3,1190,0.9411764705882353,2.142857142857143,2.142857142857143,0,0.0,0.0,0.7337028134164065,0.0,0,100
C_weaker_ordinal_smoothness,10,31,ordinal_cluster,1,1161,0.9767441860465116,1.9681309216192937,1.9681309216192937,0,0.0,0.0,0.7787624103250526,0.0,0,100
C_weaker_ordinal_smoothness,10,31,ordinal_cluster,4,1207,0.8541839270919636,1.6172328086164043,1.6172328086164043,0,0.0,0.0,0.6274364783766048,0.0,0,100
C_weaker_ordinal_smoothness,10,31,ordinal_cluster,2,1202,0.8527454242928453,2.3044925124792015,2.3044925124792015,0,0.0,0.0,0.6519993143132571,0.0,0,100
C_weaker_ordinal_smoothness,10,31,ordinal_cluster,0,240,0.9375,1.7708333333333333,1.7708333333333333,0,0.0,0.0,0.5000260687338796,0.0,0,10
C_weaker_ordinal_smoothness,10,31,input_dependent_nonordinal,3,1190,0.907563025210084,2.2831932773109243,2.2831932773109243,0,0.6080715597407839,0.034286084164374044,-0.022695058343555452,0.034286084164374044,0,100
C_weaker_ordinal_smoothness,10,31,input_dependent_nonordinal,1,1161,0.9293712316968131,2.515934539190353,2.515934539190353,0,0.5339301485302029,0.025469197775057306,0.04477298115008482,0.025469197775057306,0,100
C_weaker_ordinal_smoothness,10,31,input_dependent_nonordinal,4,1207,0.9138359569179785,1.6172328086164043,1.6172328086164043,0,0.7071338653500026,0.030506039740891604,0.009011793696143744,0.030506039740891604,0,100
C_weaker_ordinal_smoothness,10,31,input_dependent_nonordinal,2,1202,0.937603993344426,2.23044925124792,2.23044925124792,0,0.7374144117579793,0.015820494060592376,0.1143265780771574,0.015820494060592376,0,100
C_weaker_ordinal_smoothness,10,31,input_dependent_nonordinal,0,240,1,1.5416666666666667,1.5416666666666667,0,0.43938832704082775,0.016182534201612395,0.38740100796053056,0.016182534201612395,0,10
C_weaker_ordinal_smoothness,10,31,input_dependent_ordinal,3,1190,0.8991596638655462,2.1915966386554624,2.1915966386554624,0,0.6616040007531145,0.02865141662905842,-0.09562129520906104,0.02865141662905842,0,100
C_weaker_ordinal_smoothness,10,31,input_dependent_ordinal,1,1161,0.9233419465977606,2.438415159345392,2.438415159345392,0,0.5687846579376872,0.020131497181761306,-0.011015659254243415,0.020131497181761306,0,100
C_weaker_ordinal_smoothness,10,31,input_dependent_ordinal,4,1207,0.9138359569179785,1.5774647887323943,1.5774647887323943,0,0.7153687479299586,0.03040321758391916,0.0002809873596482104,0.03040321758391916,0,100
C_weaker_ordinal_smoothness,10,31,input_dependent_ordinal,2,1202,0.9209650582362728,2.1763727121464225,2.1763727121464225,0,0.624832903181687,0.024916559942835127,0.18810091573009302,0.024916559942835127,0,100
C_weaker_ordinal_smoothness,10,31,input_dependent_ordinal,0,240,1,1.5208333333333333,1.5208333333333333,0,0.5109947748622551,0.017305786207405825,0.30957648220055956,0.017305786207405825,0,10
C_weaker_ordinal_smoothness,10,32,independent_mondrian,4,1162,0.8820998278829604,1.5507745266781412,1.5507745266781412,0,0.0,0.0,0.692604440294476,0.0,0,100
C_weaker_ordinal_smoothness,10,32,independent_mondrian,1,1229,0.9658258746948739,2.7200976403580146,2.7200976403580146,0,0.0,0.0,0.7168002920907777,0.0,0,100
C_weaker_ordinal_smoothness,10,32,independent_mondrian,3,1169,0.9033361847733106,2.408896492728828,2.408896492728828,0,0.0,0.0,0.6216416711224219,0.0,0,100
C_weaker_ordinal_smoothness,10,32,independent_mondrian,2,1208,0.9172185430463576,2.519867549668874,2.519867549668874,0,0.0,0.0,0.8412670698739338,0.0,0,100
C_weaker_ordinal_smoothness,10,32,independent_mondrian,0,232,1,1.7413793103448276,1.7413793103448276,0,0.0,0.0,1.0402334084048628,0.0,0,10
C_weaker_ordinal_smoothness,10,32,ordinal_cluster,4,1162,0.8657487091222031,1.56368330464716,1.56368330464716,0,0.0,0.0,0.6477778946683671,0.0,0,100
C_weaker_ordinal_smoothness,10,32,ordinal_cluster,1,1229,0.9739625711960944,2.3515052888527257,2.3515052888527257,0,0.0,0.0,0.7557567190960481,0.0,0,100
C_weaker_ordinal_smoothness,10,32,ordinal_cluster,3,1169,0.9272882805816938,2.2472198460222415,2.2472198460222415,0,0.0,0.0,0.692604440294476,0.0,0,100
C_weaker_ordinal_smoothness,10,32,ordinal_cluster,2,1208,0.8766556291390728,2.3526490066225167,2.3526490066225167,0,0.0,0.0,0.7168002920907777,0.0,0,100
C_weaker_ordinal_smoothness,10,32,ordinal_cluster,0,232,0.9870689655172413,1.7456896551724137,1.7456896551724137,0,0.0,0.0,0.7168002920907777,0.0,0,10
C_weaker_ordinal_smoothness,10,32,input_dependent_nonordinal,4,1162,0.9079173838209983,1.5215146299483648,1.5215146299483648,0,0.7088189489537629,0.0340276872139654,-0.008779910263824742,0.0340276872139654,0,100
C_weaker_ordinal_smoothness,10,32,input_dependent_nonordinal,1,1229,0.9658258746948739,2.447518307567128,2.447518307567128,0,0.5314508620120951,0.026400820163368387,0.10075843051310907,0.026400820163368387,0,100
C_weaker_ordinal_smoothness,10,32,input_dependent_nonordinal,3,1169,0.8964927288280582,2.193327630453379,2.193327630453379,0,0.553332006813266,0.029245870432031997,0.03158323883232811,0.029245870432031997,0,100
C_weaker_ordinal_smoothness,10,32,input_dependent_nonordinal,2,1208,0.9064569536423841,2.2649006622516556,2.2649006622516556,0,0.7452877397009049,0.016783047683710608,0.019534568162481003,0.016783047683710608,0,100
C_weaker_ordinal_smoothness,10,32,input_dependent_nonordinal,0,232,1,1.5948275862068966,1.5948275862068966,0,0.4498210523962833,0.013585974327659046,0.39393524311081873,0.013585974327659046,0,10
C_weaker_ordinal_smoothness,10,32,input_dependent_ordinal,4,1162,0.9122203098106713,1.5137693631669535,1.5137693631669535,0,0.6962991041666314,0.03246633805594534,0.010168342541578723,0.03246633805594534,0,100
C_weaker_ordinal_smoothness,10,32,input_dependent_ordinal,1,1229,0.9633848657445078,2.389747762408462,2.389747762408462,0,0.563997273329244,0.020539445136376042,0.07819082644228592,0.020539445136376042,0,100
C_weaker_ordinal_smoothness,10,32,input_dependent_ordinal,3,1169,0.8905047048759623,2.1702309666381523,2.1702309666381523,0,0.6422366967810469,0.026663239022386046,-0.06494882961430087,0.026663239022386046,0,100
C_weaker_ordinal_smoothness,10,32,input_dependent_ordinal,2,1208,0.8948675496688742,2.2491721854304636,2.2491721854304636,0,0.6145754250408566,0.02393051677916614,0.1396579637751486,0.02393051677916614,0,100
C_weaker_ordinal_smoothness,10,32,input_dependent_ordinal,0,232,1,1.6077586206896552,1.6077586206896552,0,0.5161268015748837,0.015559537995606955,0.31384260696223587,0.015559537995606955,0,10
C_weaker_ordinal_smoothness,10,33,independent_mondrian,2,1121,0.9455842997323818,2.2007136485281,2.2007136485281,0,0.0,0.0,0.8812335099569941,0.0,0,100
C_weaker_ordinal_smoothness,10,33,independent_mondrian,4,1209,0.8990901571546733,1.564929693961952,1.564929693961952,0,0.0,0.0,0.7185079094982102,0.0,0,100
C_weaker_ordinal_smoothness,10,33,independent_mondrian,1,1190,0.9210084033613445,2.451260504201681,2.451260504201681,0,0.0,0.0,0.5926116318081234,0.0,0,100
C_weaker_ordinal_smoothness,10,33,independent_mondrian,0,245,0.9877551020408163,1.5673469387755101,1.5673469387755101,0,0.0,0.0,0.7571530003860001,0.0,0,10
C_weaker_ordinal_smoothness,10,33,independent_mondrian,3,1235,0.8882591093117409,2.379757085020243,2.379757085020243,0,0.0,0.0,0.5651861095737128,0.0,0,100
C_weaker_ordinal_smoothness,10,33,ordinal_cluster,2,1121,0.856378233719893,2.2604817127564676,2.2604817127564676,0,0.0,0.0,0.6566713473412893,0.0,0,100
C_weaker_ordinal_smoothness,10,33,ordinal_cluster,4,1209,0.8842018196856907,1.5723738626964434,1.5723738626964434,0,0.0,0.0,0.6827292044409827,0.0,0,100
C_weaker_ordinal_smoothness,10,33,ordinal_cluster,1,1190,0.9596638655462185,2.0899159663865547,2.0899159663865547,0,0.0,0.0,0.7153434025333227,0.0,0,100
C_weaker_ordinal_smoothness,10,33,ordinal_cluster,0,245,0.9551020408163265,1.6653061224489796,1.6653061224489796,0,0.0,0.0,0.5926116318081234,0.0,0,10
C_weaker_ordinal_smoothness,10,33,ordinal_cluster,3,1235,0.9384615384615385,2.188663967611336,2.188663967611336,0,0.0,0.0,0.7153434025333227,0.0,0,100
C_weaker_ordinal_smoothness,10,33,input_dependent_nonordinal,2,1121,0.9545049063336307,2.0856378233719894,2.0856378233719894,0,0.7707636771037755,0.027961549309087806,0.11657526772519389,0.027961549309087806,0,100
C_weaker_ordinal_smoothness,10,33,input_dependent_nonordinal,4,1209,0.9379652605459057,1.58560794044665,1.58560794044665,0,0.6878786116866955,0.025650873375682132,0.07889175573194684,0.025650873375682132,0,100
C_weaker_ordinal_smoothness,10,33,input_dependent_nonordinal,1,1190,0.9193277310924369,2.2067226890756304,2.2067226890756304,0,0.5308611556123648,0.0237426771696747,0.010968668312749563,0.0237426771696747,0,100
C_weaker_ordinal_smoothness,10,33,input_dependent_nonordinal,0,245,0.9591836734693877,1.4448979591836735,1.4448979591836735,0,0.4516744707698435,0.023442994985722974,0.09815740218686564,0.023442994985722974,0,10
C_weaker_ordinal_smoothness,10,33,input_dependent_nonordinal,3,1235,0.8704453441295547,2.3522267206477734,2.3522267206477734,0,0.5757345933838719,0.028768271102998587,-0.018630847743567047,0.028768271102998587,0,100
C_weaker_ordinal_smoothness,10,33,input_dependent_ordinal,2,1121,0.9571810883140054,2.0927743086529884,2.0927743086529884,0,0.6148848959294667,0.02568011768225334,0.28208266709376295,0.02568011768225334,0,100
C_weaker_ordinal_smoothness,10,33,input_dependent_ordinal,4,1209,0.9379652605459057,1.6004962779156326,1.6004962779156326,0,0.6925795138781574,0.027511749344529848,0.07542543184974737,0.027511749344529848,0,100
C_weaker_ordinal_smoothness,10,33,input_dependent_ordinal,1,1190,0.9100840336134454,2.2134453781512606,2.2134453781512606,0,0.5853350595067065,0.02514638277651207,-0.0498534526277189,0.02514638277651207,0,100
C_weaker_ordinal_smoothness,10,33,input_dependent_ordinal,0,245,0.9591836734693877,1.4408163265306122,1.4408163265306122,0,0.5373072085234097,0.024187378750226647,0.009258859994912716,0.024187378750226647,0,10
C_weaker_ordinal_smoothness,10,33,input_dependent_ordinal,3,1235,0.8801619433198381,2.374089068825911,2.374089068825911,0,0.6559254356659819,0.026044661491509555,-0.08621665506784637,0.026044661491509555,0,100
C_weaker_ordinal_smoothness,10,34,independent_mondrian,4,1180,0.8406779661016949,1.6322033898305084,1.6322033898305084,0,0.0,0.0,0.6275573119449328,0.0,0,100
C_weaker_ordinal_smoothness,10,34,independent_mondrian,3,1207,0.9188069594034797,2.2941176470588234,2.2941176470588234,0,0.0,0.0,0.6491108656160528,0.0,0,100
C_weaker_ordinal_smoothness,10,34,independent_mondrian,2,1196,0.9364548494983278,1.9983277591973243,1.9983277591973243,0,0.0,0.0,0.8908707882767519,0.0,0,100
C_weaker_ordinal_smoothness,10,34,independent_mondrian,0,248,0.9435483870967742,1.4193548387096775,1.4193548387096775,0,0.0,0.0,0.4394362103207328,0.0,0,10
C_weaker_ordinal_smoothness,10,34,independent_mondrian,1,1169,0.8682634730538922,2.0333618477331052,2.0333618477331052,0,0.0,0.0,0.49235759777642923,0.0,0,100
C_weaker_ordinal_smoothness,10,34,ordinal_cluster,4,1180,0.8440677966101695,1.6042372881355933,1.6042372881355933,0,0.0,0.0,0.6360577850280079,0.0,0,100
C_weaker_ordinal_smoothness,10,34,ordinal_cluster,3,1207,0.9420049710024855,2.1822700911350457,2.1822700911350457,0,0.0,0.0,0.7290684020834182,0.0,0,100
C_weaker_ordinal_smoothness,10,34,ordinal_cluster,2,1196,0.8837792642140468,2.218227424749164,2.218227424749164,0,0.0,0.0,0.7063681039169577,0.0,0,100
C_weaker_ordinal_smoothness,10,34,ordinal_cluster,0,248,0.9435483870967742,1.6733870967741935,1.6733870967741935,0,0.0,0.0,0.44229978015943827,0.0,0,10
C_weaker_ordinal_smoothness,10,34,ordinal_cluster,1,1169,0.9580838323353293,1.971770744225834,1.971770744225834,0,0.0,0.0,0.7063681039169577,0.0,0,100
C_weaker_ordinal_smoothness,10,34,input_dependent_nonordinal,4,1180,0.8398305084745763,1.602542372881356,1.602542372881356,0,0.668272326930856,0.03296833281699226,-0.019813058745079437,0.03296833281699226,0,100
C_weaker_ordinal_smoothness,10,34,input_dependent_nonordinal,3,1207,0.9212924606462303,2.2419221209610605,2.2419221209610605,0,0.5791268106489318,0.026383151119184167,0.05026993093639853,0.026383151119184167,0,100
C_weaker_ordinal_smoothness,10,34,input_dependent_nonordinal,2,1196,0.955685618729097,2.0025083612040135,2.0025083612040135,0,0.7785785430260037,0.03055384809408943,0.13495340489208263,0.03055384809408943,0,100
C_weaker_ordinal_smoothness,10,34,input_dependent_nonordinal,0,248,0.9798387096774194,1.5161290322580645,1.5161290322580645,0,0.38870348734476584,0.015621812932674266,0.10754794484600028,0.015621812932674266,0,10
C_weaker_ordinal_smoothness,10,34,input_dependent_nonordinal,1,1169,0.8716852010265184,2.097519247219846,2.097519247219846,0,0.5084240901949357,0.01693821464891587,-0.03723292880085066,0.01693821464891587,0,100
C_weaker_ordinal_smoothness,10,34,input_dependent_ordinal,4,1180,0.8398305084745763,1.5991525423728814,1.5991525423728814,0,0.6883238354127124,0.035087364010763594,-0.03975758126056339,0.035087364010763594,0,100
C_weaker_ordinal_smoothness,10,34,input_dependent_ordinal,3,1207,0.9163214581607291,2.2551781275890637,2.2551781275890637,0,0.6439115742363682,0.02920503115944329,-0.020785930157961707,0.02920503115944329,0,100
C_weaker_ordinal_smoothness,10,34,input_dependent_ordinal,2,1196,0.9581939799331104,2.0050167224080266,2.0050167224080266,0,0.601632577622178,0.023230002404266162,0.3257866903062978,0.023230002404266162,0,100
C_weaker_ordinal_smoothness,10,34,input_dependent_ordinal,0,248,0.9798387096774194,1.5201612903225807,1.5201612903225807,0,0.505713106507428,0.016347321627708297,-0.008157339344782799,0.016347321627708297,0,10
C_weaker_ordinal_smoothness,10,34,input_dependent_ordinal,1,1169,0.8802395209580839,2.129170230966638,2.129170230966638,0,0.5631071613657074,0.01957070486734441,-0.0798852794547415,0.01957070486734441,0,100
C_weaker_ordinal_smoothness,10,35,independent_mondrian,1,1194,0.8877721943048577,2.1256281407035176,2.1256281407035176,0,0.0,0.0,0.546498209880454,0.0,0,100
C_weaker_ordinal_smoothness,10,35,independent_mondrian,3,1196,0.939799331103679,2.3528428093645486,2.3528428093645486,0,0.0,0.0,0.7021167332230401,0.0,0,100
C_weaker_ordinal_smoothness,10,35,independent_mondrian,4,1161,0.9035314384151594,1.6451335055986218,1.6451335055986218,0,0.0,0.0,0.7267188790128454,0.0,0,100
C_weaker_ordinal_smoothness,10,35,independent_mondrian,2,1199,0.9232693911592994,2.1751459549624688,2.1751459549624688,0,0.0,0.0,0.7932904031038589,0.0,0,100
C_weaker_ordinal_smoothness,10,35,independent_mondrian,0,250,0.948,1.384,1.384,0,0.0,0.0,0.5520400204453066,0.0,0,10
C_weaker_ordinal_smoothness,10,35,ordinal_cluster,1,1194,0.9338358458961474,2.0343383584589616,2.0343383584589616,0,0.0,0.0,0.6491424198531394,0.0,0,100
C_weaker_ordinal_smoothness,10,35,ordinal_cluster,3,1196,0.9498327759197325,2.230769230769231,2.230769230769231,0,0.0,0.0,0.740401944333901,0.0,0,100
C_weaker_ordinal_smoothness,10,35,ordinal_cluster,4,1161,0.8931955211024979,1.6098191214470283,1.6098191214470283,0,0.0,0.0,0.7066242905764313,0.0,0,100
C_weaker_ordinal_smoothness,10,35,ordinal_cluster,2,1199,0.8573811509591326,2.238532110091743,2.238532110091743,0,0.0,0.0,0.6615111662926145,0.0,0,100
C_weaker_ordinal_smoothness,10,35,ordinal_cluster,0,250,0.944,1.552,1.552,0,0.0,0.0,0.5478894959383278,0.0,0,10
C_weaker_ordinal_smoothness,10,35,input_dependent_nonordinal,1,1194,0.8676716917922948,1.8726968174204355,1.8726968174204355,0,0.5615091569523928,0.028477538187825835,-0.058529724681480655,0.028477538187825835,0,100
C_weaker_ordinal_smoothness,10,35,input_dependent_nonordinal,3,1196,0.9414715719063546,2.173076923076923,2.173076923076923,0,0.5622495989793816,0.012810996827559352,0.10665831813109605,0.012810996827559352,0,100
C_weaker_ordinal_smoothness,10,35,input_dependent_nonordinal,4,1161,0.9121447028423773,1.5857019810508182,1.5857019810508182,0,0.6999768939246702,0.024267279170747297,0.02335833161040346,0.024267279170747297,0,100
C_weaker_ordinal_smoothness,10,35,input_dependent_nonordinal,2,1199,0.8865721434528774,2.0375312760633864,2.0375312760633864,0,0.7370708726935068,0.014837134807523612,-0.02079908598946789,0.014837134807523612,0,100
C_weaker_ordinal_smoothness,10,35,input_dependent_nonordinal,0,250,0.84,1.184,1.184,0,0.4724101453856699,0.03697870806836205,-0.039411832546358716,0.03697870806836205,0,10
C_weaker_ordinal_smoothness,10,35,input_dependent_ordinal,1,1194,0.8869346733668342,1.9221105527638191,1.9221105527638191,0,0.5900847973483896,0.023785278357489465,-0.06658210279377375,0.023785278357489465,0,100
C_weaker_ordinal_smoothness,10,35,input_dependent_ordinal,3,1196,0.9414715719063546,2.1872909698996654,2.1872909698996654,0,0.6487384166659365,0.019726797647918543,0.022893038181801106,0.019726797647918543,0,100
C_weaker_ordinal_smoothness,10,35,input_dependent_ordinal,4,1161,0.9095607235142119,1.590869939707149,1.590869939707149,0,0.687659621074784,0.01701091289602042,0.02547649020834819,0.01701091289602042,0,100
C_weaker_ordinal_smoothness,10,35,input_dependent_ordinal,2,1199,0.8924103419516264,2.0391993327773146,2.0391993327773146,0,0.616141229673167,0.02144161716957722,0.1157504740383467,0.02144161716957722,0,100
C_weaker_ordinal_smoothness,10,35,input_dependent_ordinal,0,250,0.892,1.288,1.288,0,0.5489929006619101,0.025649687411620704,-0.09609639686715887,0.025649687411620704,0,10
C_weaker_ordinal_smoothness,10,36,independent_mondrian,3,1216,0.90625,2.2195723684210527,2.2195723684210527,0,0.0,0.0,0.636170601692338,0.0,0,100
C_weaker_ordinal_smoothness,10,36,independent_mondrian,4,1186,0.9047217537942664,1.5674536256323777,1.5674536256323777,0,0.0,0.0,0.7440522579974854,0.0,0,100
C_weaker_ordinal_smoothness,10,36,independent_mondrian,2,1215,0.8633744855967078,2.051028806584362,2.051028806584362,0,0.0,0.0,0.6819300326699975,0.0,0,100
C_weaker_ordinal_smoothness,10,36,independent_mondrian,1,1154,0.8908145580589255,1.9670710571923744,1.9670710571923744,0,0.0,0.0,0.5406780120094463,0.0,0,100
C_weaker_ordinal_smoothness,10,36,independent_mondrian,0,229,0.925764192139738,1.3537117903930131,1.3537117903930131,0,0.0,0.0,0.5397564052544338,0.0,0,10
C_weaker_ordinal_smoothness,10,36,ordinal_cluster,3,1216,0.9259868421052632,2.1554276315789473,2.1554276315789473,0,0.0,0.0,0.6953665635846307,0.0,0,100
C_weaker_ordinal_smoothness,10,36,ordinal_cluster,4,1186,0.8844856661045531,1.5834738617200674,1.5834738617200674,0,0.0,0.0,0.6999925272935559,0.0,0,100
C_weaker_ordinal_smoothness,10,36,ordinal_cluster,2,1215,0.8304526748971194,2.1333333333333333,2.1333333333333333,0,0.0,0.0,0.6320838479548142,0.0,0,100
C_weaker_ordinal_smoothness,10,36,ordinal_cluster,1,1154,0.9358752166377816,1.9731369150779896,1.9731369150779896,0,0.0,0.0,0.6216545978681981,0.0,0,100
C_weaker_ordinal_smoothness,10,36,ordinal_cluster,0,229,0.925764192139738,1.4585152838427948,1.4585152838427948,0,0.0,0.0,0.5397564052544338,0.0,0,10
C_weaker_ordinal_smoothness,10,36,input_dependent_nonordinal,3,1216,0.890625,2.1661184210526314,2.1661184210526314,0,0.5736220601844256,0.017415577161948085,-0.013871672750548236,0.017415577161948085,0,100
C_weaker_ordinal_smoothness,10,36,input_dependent_nonordinal,4,1186,0.9173693086003373,1.5168634064080944,1.5168634064080944,0,0.7539833180198169,0.04240125340303066,-0.006828932554491796,0.04240125340303066,0,100
C_weaker_ordinal_smoothness,10,36,input_dependent_nonordinal,2,1215,0.8888888888888888,1.9876543209876543,1.9876543209876543,0,0.7937923115716429,0.029768186761731544,-0.0526428996056274,0.029768186761731544,0,100
C_weaker_ordinal_smoothness,10,36,input_dependent_nonordinal,1,1154,0.8994800693240901,1.917677642980936,1.917677642980936,0,0.5010496256672745,0.013949339113801414,0.023834816404186165,0.013949339113801414,0,100
C_weaker_ordinal_smoothness,10,36,input_dependent_nonordinal,0,229,0.9301310043668122,1.3711790393013101,1.3711790393013101,0,0.4537246300376585,0.019513498125928654,0.0578663722047571,0.019513498125928654,0,10
C_weaker_ordinal_smoothness,10,36,input_dependent_ordinal,3,1216,0.8865131578947368,2.1233552631578947,2.1233552631578947,0,0.6862390718084699,0.028690292652852355,-0.12141918981362632,0.028690292652852355,0,100
C_weaker_ordinal_smoothness,10,36,input_dependent_ordinal,4,1186,0.918212478920742,1.494097807757167,1.494097807757167,0,0.7416739691118138,0.03621021701771107,0.004266163969009362,0.03621021701771107,0,100
C_weaker_ordinal_smoothness,10,36,input_dependent_ordinal,2,1215,0.8633744855967078,1.9637860082304526,1.9637860082304526,0,0.626817600535812,0.02237108351649235,0.07836269644207616,0.02237108351649235,0,100
C_weaker_ordinal_smoothness,10,36,input_dependent_ordinal,1,1154,0.8994800693240901,1.8942807625649913,1.8942807625649913,0,0.5621282114832057,0.016909651154728093,-0.03182251834718963,0.016909651154728093,0,100
C_weaker_ordinal_smoothness,10,36,input_dependent_ordinal,0,229,0.9344978165938864,1.3580786026200873,1.3580786026200873,0,0.5048739564563491,0.013710051628524109,0.011273972988513958,0.013710051628524109,0,10
C_weaker_ordinal_smoothness,10,37,independent_mondrian,3,1187,0.8820556023588879,2.3032855939342882,2.3032855939342882,0,0.0,0.0,0.5792212340213835,0.0,0,100
C_weaker_ordinal_smoothness,10,37,independent_mondrian,4,1178,0.9533106960950763,1.5186757215619695,1.5186757215619695,0,0.0,0.0,0.855262127609276,0.0,0,100
C_weaker_ordinal_smoothness,10,37,independent_mondrian,2,1171,0.8590947907771136,1.9786507258753203,1.9786507258753203,0,0.0,0.0,0.6962845993631086,0.0,0,100
C_weaker_ordinal_smoothness,10,37,independent_mondrian,1,1204,0.8388704318936877,1.7574750830564785,1.7574750830564785,0,0.0,0.0,0.46899066607531426,0.0,0,100
C_weaker_ordinal_smoothness,10,37,independent_mondrian,0,260,0.8423076923076923,1.1923076923076923,1.1923076923076923,0,0.0,0.0,0.3872585344203946,0.0,0,10
C_weaker_ordinal_smoothness,10,37,ordinal_cluster,3,1187,0.9216512215669755,2.110362257792755,2.110362257792755,0,0.0,0.0,0.6821623501784342,0.0,0,100
C_weaker_ordinal_smoothness,10,37,ordinal_cluster,4,1178,0.8811544991511036,1.5076400679117148,1.5076400679117148,0,0.0,0.0,0.6808004473527357,0.0,0,100
C_weaker_ordinal_smoothness,10,37,ordinal_cluster,2,1171,0.8249359521776259,2.090520922288642,2.090520922288642,0,0.0,0.0,0.6275518109215683,0.0,0,100
C_weaker_ordinal_smoothness,10,37,ordinal_cluster,1,1204,0.9277408637873754,1.8355481727574752,1.8355481727574752,0,0.0,0.0,0.6287813853061716,0.0,0,100
C_weaker_ordinal_smoothness,10,37,ordinal_cluster,0,260,0.8884615384615384,1.4653846153846153,1.4653846153846153,0,0.0,0.0,0.4510257308267974,0.0,0,10
C_weaker_ordinal_smoothness,10,37,input_dependent_nonordinal,3,1187,0.8567818028643639,2.028643639427127,2.028643639427127,0,0.5851196666685132,0.0322083695394012,-0.04817612563972329,0.0322083695394012,0,100
C_weaker_ordinal_smoothness,10,37,input_dependent_nonordinal,4,1178,0.9185059422750425,1.4499151103565364,1.4499151103565364,0,0.6907009791137166,0.028202111541765815,0.035037290366128904,0.028202111541765815,0,100
C_weaker_ordinal_smoothness,10,37,input_dependent_nonordinal,2,1171,0.8539709649871904,1.8403074295473953,1.8403074295473953,0,0.7303385963824288,0.015496401471470748,-0.04687712123752441,0.015496401471470748,0,100
C_weaker_ordinal_smoothness,10,37,input_dependent_nonordinal,1,1204,0.8081395348837209,1.6461794019933556,1.6461794019933556,0,0.5069525123420439,0.015826895822327824,-0.07380594410990615,0.015826895822327824,0,100
C_weaker_ordinal_smoothness,10,37,input_dependent_nonordinal,0,260,0.6653846153846154,0.9846153846153847,0.9846153846153847,0,0.4947641175871558,0.025073105540604355,-0.1880589401927003,0.025073105540604355,0,10
C_weaker_ordinal_smoothness,10,37,input_dependent_ordinal,3,1187,0.8660488626790227,2.0109519797809603,2.0109519797809603,0,0.647011977333367,0.024322658535072268,-0.10659182616512125,0.024322658535072268,0,100
C_weaker_ordinal_smoothness,10,37,input_dependent_ordinal,4,1178,0.9176570458404074,1.4473684210526316,1.4473684210526316,0,0.6924036307628593,0.029490151221154493,0.030276402204172936,0.029490151221154493,0,100
C_weaker_ordinal_smoothness,10,37,input_dependent_ordinal,2,1171,0.8420153714773698,1.8292058070025619,1.8292058070025619,0,0.6020413960680401,0.02018373933299022,0.06801962122634364,0.02018373933299022,0,100
C_weaker_ordinal_smoothness,10,37,input_dependent_ordinal,1,1204,0.8064784053156147,1.6229235880398671,1.6229235880398671,0,0.5585700050993652,0.01671343776394312,-0.12691410900412797,0.01671343776394312,0,100
C_weaker_ordinal_smoothness,10,37,input_dependent_ordinal,0,260,0.7461538461538462,1.0692307692307692,1.0692307692307692,0,0.5195108701985255,0.013334000381038198,-0.19099583479113857,0.013334000381038198,0,10
C_weaker_ordinal_smoothness,10,38,independent_mondrian,3,1161,0.8630490956072352,2.130921619293712,2.130921619293712,0,0.0,0.0,0.5553320073413793,0.0,0,100
C_weaker_ordinal_smoothness,10,38,independent_mondrian,1,1224,0.8733660130718954,2.331699346405229,2.331699346405229,0,0.0,0.0,0.4875481659183347,0.0,0,100
C_weaker_ordinal_smoothness,10,38,independent_mondrian,4,1188,0.882996632996633,1.4772727272727273,1.4772727272727273,0,0.0,0.0,0.6999451846195354,0.0,0,100
C_weaker_ordinal_smoothness,10,38,independent_mondrian,2,1162,0.8519793459552496,2.0688468158347675,2.0688468158347675,0,0.0,0.0,0.6906599381736767,0.0,0,100
C_weaker_ordinal_smoothness,10,38,independent_mondrian,0,265,0.9924528301886792,1.369811320754717,1.369811320754717,0,0.0,0.0,0.8810549582981952,0.0,0,10
C_weaker_ordinal_smoothness,10,38,ordinal_cluster,3,1161,0.9078380706287683,1.975021533161068,1.975021533161068,0,0.0,0.0,0.6412851632524326,0.0,0,100
C_weaker_ordinal_smoothness,10,38,ordinal_cluster,1,1224,0.9321895424836601,1.8047385620915033,1.8047385620915033,0,0.0,0.0,0.6350202018593539,0.0,0,100
C_weaker_ordinal_smoothness,10,38,ordinal_cluster,4,1188,0.8400673400673401,1.4831649831649831,1.4831649831649831,0,0.0,0.0,0.63108938387568,0.0,0,100
C_weaker_ordinal_smoothness,10,38,ordinal_cluster,2,1162,0.7874354561101549,2.021514629948365,2.021514629948365,0,0.0,0.0,0.5808045701685729,0.0,0,100
C_weaker_ordinal_smoothness,10,38,ordinal_cluster,0,265,0.9245283018867925,1.5018867924528303,1.5018867924528303,0,0.0,0.0,0.4968414152080081,0.0,0,10
C_weaker_ordinal_smoothness,10,38,input_dependent_nonordinal,3,1161,0.830318690783807,1.9905254091300604,1.9905254091300604,0,0.5766182300638586,0.02241922373492913,-0.0619854698255381,0.02241922373492913,0,100
C_weaker_ordinal_smoothness,10,38,input_dependent_nonordinal,1,1224,0.8374183006535948,1.9795751633986929,1.9795751633986929,0,0.513246998393112,0.02033417201489361,-0.055778149241449415,0.02033417201489361,0,100
C_weaker_ordinal_smoothness,10,38,input_dependent_nonordinal,4,1188,0.8821548821548821,1.4612794612794613,1.4612794612794613,0,0.705692297945497,0.02617276571848337,-0.0087064340986851,0.02617276571848337,0,100
C_weaker_ordinal_smoothness,10,38,input_dependent_nonordinal,2,1162,0.8674698795180723,1.9173838209982788,1.9173838209982788,0,0.7553623547708089,0.0271015878054771,-0.04013967033864152,0.0271015878054771,0,100
C_weaker_ordinal_smoothness,10,38,input_dependent_nonordinal,0,265,0.9924528301886792,1.381132075471698,1.381132075471698,0,0.4817084628529808,0.028011454129103826,0.18574630749424514,0.028011454129103826,0,10
C_weaker_ordinal_smoothness,10,38,input_dependent_ordinal,3,1161,0.8311800172265289,1.995693367786391,1.995693367786391,0,0.6552416853063581,0.02526900804217459,-0.1373864918767997,0.02526900804217459,0,100
C_weaker_ordinal_smoothness,10,38,input_dependent_ordinal,1,1224,0.8284313725490197,2.0122549019607843,2.0122549019607843,0,0.5681618829839207,0.022139590188198936,-0.11505830667572625,0.022139590188198936,0,100
C_weaker_ordinal_smoothness,10,38,input_dependent_ordinal,4,1188,0.8821548821548821,1.4612794612794613,1.4612794612794613,0,0.7019956134156159,0.025370163840949093,-0.007435762348879105,0.025370163840949093,0,100
C_weaker_ordinal_smoothness,10,38,input_dependent_ordinal,2,1162,0.8726333907056799,1.9294320137693632,1.9294320137693632,0,0.6174420475102274,0.024774005068730568,0.09984091529898165,0.024774005068730568,0,100
C_weaker_ordinal_smoothness,10,38,input_dependent_ordinal,0,265,0.9924528301886792,1.3773584905660377,1.3773584905660377,0,0.52071365040716,0.021954827620760356,0.17123813357315165,0.021954827620760356,0,10
C_weaker_ordinal_smoothness,10,39,independent_mondrian,2,1205,0.8672199170124482,2.141078838174274,2.141078838174274,0,0.0,0.0,0.7027673971932873,0.0,0,100
C_weaker_ordinal_smoothness,10,39,independent_mondrian,3,1174,0.8867120954003407,2.36541737649063,2.36541737649063,0,0.0,0.0,0.5821265890031482,0.0,0,100
C_weaker_ordinal_smoothness,10,39,independent_mondrian,4,1228,0.9568403908794788,1.5374592833876222,1.5374592833876222,0,0.0,0.0,0.8566977200124036,0.0,0,100
C_weaker_ordinal_smoothness,10,39,independent_mondrian,1,1161,0.9388458225667528,1.8518518518518519,1.8518518518518519,0,0.0,0.0,0.6400142809614263,0.0,0,100
C_weaker_ordinal_smoothness,10,39,independent_mondrian,0,232,0.8577586206896551,1.478448275862069,1.478448275862069,0,0.0,0.0,0.38340200528120677,0.0,0,10
C_weaker_ordinal_smoothness,10,39,ordinal_cluster,2,1205,0.8431535269709544,2.2215767634854773,2.2215767634854773,0,0.0,0.0,0.6466647854138942,0.0,0,100
C_weaker_ordinal_smoothness,10,39,ordinal_cluster,3,1174,0.9395229982964225,2.2137989778534926,2.2137989778534926,0,0.0,0.0,0.7027673971932873,0.0,0,100
C_weaker_ordinal_smoothness,10,39,ordinal_cluster,4,1228,0.9144951140065146,1.6091205211726385,1.6091205211726385,0,0.0,0.0,0.7147568289796854,0.0,0,100
C_weaker_ordinal_smoothness,10,39,ordinal_cluster,1,1161,0.9414298018949182,2.0844099913867358,2.0844099913867358,0,0.0,0.0,0.6575250596005097,0.0,0,100
C_weaker_ordinal_smoothness,10,39,ordinal_cluster,0,232,0.9655172413793104,1.603448275862069,1.603448275862069,0,0.0,0.0,0.6034171619146999,0.0,0,10
C_weaker_ordinal_smoothness,10,39,input_dependent_nonordinal,2,1205,0.8970954356846473,2.1112033195020747,2.1112033195020747,0,0.7637037572866818,0.02071220018895343,-0.008909201343181405,0.02071220018895343,0,100
C_weaker_ordinal_smoothness,10,39,input_dependent_nonordinal,3,1174,0.8816013628620102,2.270017035775128,2.270017035775128,0,0.5847995719012195,0.029105052782054896,-0.024764215574237802,0.029105052782054896,0,100
C_weaker_ordinal_smoothness,10,39,input_dependent_nonordinal,4,1228,0.9519543973941368,1.539902280130293,1.539902280130293,0,0.6820817625432637,0.025090887451896696,0.13128551556745394,0.025090887451896696,0,100
C_weaker_ordinal_smoothness,10,39,input_dependent_nonordinal,1,1161,0.9552110249784669,1.8914728682170543,1.8914728682170543,0,0.5057429918510369,0.016379722656444103,0.11722889529356795,0.016379722656444103,0,100
C_weaker_ordinal_smoothness,10,39,input_dependent_nonordinal,0,232,0.8189655172413793,1.3922413793103448,1.3922413793103448,0,0.4391324673820925,0.02145065044384627,-0.09844412959365362,0.02145065044384627,0,10
C_weaker_ordinal_smoothness,10,39,input_dependent_ordinal,2,1205,0.8970954356846473,2.1062240663900416,2.1062240663900416,0,0.6115509911979793,0.022262757551247674,0.1489767236240363,0.022262757551247674,0,100
C_weaker_ordinal_smoothness,10,39,input_dependent_ordinal,3,1174,0.8858603066439523,2.27427597955707,2.27427597955707,0,0.6462093283223811,0.02534717881950915,-0.08332236417414918,0.02534717881950915,0,100
C_weaker_ordinal_smoothness,10,39,input_dependent_ordinal,4,1228,0.9519543973941368,1.5456026058631922,1.5456026058631922,0,0.6974711931551454,0.027052456171917264,0.11967816645484697,0.027052456171917264,0,100
C_weaker_ordinal_smoothness,10,39,input_dependent_ordinal,1,1161,0.9534883720930233,1.8931955211024978,1.8931955211024978,0,0.5678984223376877,0.017870651687672847,0.046584476452760426,0.017870651687672847,0,100
C_weaker_ordinal_smoothness,10,39,input_dependent_ordinal,0,232,0.8362068965517241,1.4094827586206897,1.4094827586206897,0,0.5152297056362903,0.01808644675335417,-0.17104911526340977,0.01808644675335417,0,10
C_weaker_ordinal_smoothness,10,40,independent_mondrian,1,1213,0.9258037922506183,1.9843363561417973,1.9843363561417973,0,0.0,0.0,0.5669318310989033,0.0,0,100
C_weaker_ordinal_smoothness,10,40,independent_mondrian,4,1113,0.8930817610062893,1.7223719676549865,1.7223719676549865,0,0.0,0.0,0.730254398410334,0.0,0,100
C_weaker_ordinal_smoothness,10,40,independent_mondrian,3,1218,0.9326765188834154,2.310344827586207,2.310344827586207,0,0.0,0.0,0.7269718480440845,0.0,0,100
C_weaker_ordinal_smoothness,10,40,independent_mondrian,2,1204,0.915282392026578,2.166943521594684,2.166943521594684,0,0.0,0.0,0.7626860991718138,0.0,0,100
C_weaker_ordinal_smoothness,10,40,independent_mondrian,0,252,0.876984126984127,1.4126984126984128,1.4126984126984128,0,0.0,0.0,0.4392895178280265,0.0,0,10
C_weaker_ordinal_smoothness,10,40,ordinal_cluster,1,1213,0.9497114591920858,2.0725474031327287,2.0725474031327287,0,0.0,0.0,0.6232180203824187,0.0,0,100
C_weaker_ordinal_smoothness,10,40,ordinal_cluster,4,1113,0.8921832884097035,1.6873315363881403,1.6873315363881403,0,0.0,0.0,0.7269718480440845,0.0,0,100
C_weaker_ordinal_smoothness,10,40,ordinal_cluster,3,1218,0.9326765188834154,2.2438423645320196,2.2438423645320196,0,0.0,0.0,0.7269718480440845,0.0,0,100
C_weaker_ordinal_smoothness,10,40,ordinal_cluster,2,1204,0.8887043189368771,2.2142857142857144,2.2142857142857144,0,0.0,0.0,0.6987679146647052,0.0,0,100
C_weaker_ordinal_smoothness,10,40,ordinal_cluster,0,252,0.9325396825396826,1.5714285714285714,1.5714285714285714,0,0.0,0.0,0.5456109524388395,0.0,0,10
C_weaker_ordinal_smoothness,10,40,input_dependent_nonordinal,1,1213,0.9332234130255564,1.9744435284418795,1.9744435284418795,0,0.528854084258732,0.022022625251075758,0.03769988258736018,0.022022625251075758,0,100
C_weaker_ordinal_smoothness,10,40,input_dependent_nonordinal,4,1113,0.917340521114106,1.6666666666666667,1.6666666666666667,0,0.71060633067875,0.022282116159498006,0.021456676690724985,0.022282116159498006,0,100
C_weaker_ordinal_smoothness,10,40,input_dependent_nonordinal,3,1218,0.9343185550082101,2.2372742200328406,2.2372742200328406,0,0.585260248816761,0.022781580703656778,0.08647109484345217,0.022781580703656778,0,100
C_weaker_ordinal_smoothness,10,40,input_dependent_nonordinal,2,1204,0.9111295681063123,2.129568106312292,2.129568106312292,0,0.7314905092639251,0.015313330110401462,0.02924470359243514,0.015313330110401462,0,100
C_weaker_ordinal_smoothness,10,40,input_dependent_nonordinal,0,252,0.9206349206349206,1.4325396825396826,1.4325396825396826,0,0.44157951156182756,0.01864444012479192,0.019191804115145372,0.01864444012479192,0,10
C_weaker_ordinal_smoothness,10,40,input_dependent_ordinal,1,1213,0.9307502061005771,1.9760923330585325,1.9760923330585325,0,0.5601227679780186,0.019466254223279925,-0.0030870216372951287,0.019466254223279925,0,100
C_weaker_ordinal_smoothness,10,40,input_dependent_ordinal,4,1113,0.9137466307277629,1.679245283018868,1.679245283018868,0,0.7039512615945026,0.021329201600894274,0.02298472608955443,0.021329201600894274,0,100
C_weaker_ordinal_smoothness,10,40,input_dependent_ordinal,3,1218,0.9351395730706076,2.2504105090311985,2.2504105090311985,0,0.6593322550494507,0.02066925635650601,0.013443251992760086,0.02066925635650601,0,100
C_weaker_ordinal_smoothness,10,40,input_dependent_ordinal,2,1204,0.9186046511627907,2.133720930232558,2.133720930232558,0,0.6132602630263578,0.020529306205765502,0.1665588478315328,0.020529306205765502,0,100
C_weaker_ordinal_smoothness,10,40,input_dependent_ordinal,0,252,0.9206349206349206,1.4285714285714286,1.4285714285714286,0,0.5162079014455495,0.01857169698293183,-0.055658166044763535,0.01857169698293183,0,10
C_weaker_ordinal_smoothness,10,41,independent_mondrian,1,1217,0.9071487263763353,2.2136400986031224,2.2136400986031224,0,0.0,0.0,0.5684181262787574,0.0,0,100
C_weaker_ordinal_smoothness,10,41,independent_mondrian,4,1213,0.8301731244847486,1.52679307502061,1.52679307502061,0,0.0,0.0,0.6122301111824155,0.0,0,100
C_weaker_ordinal_smoothness,10,41,independent_mondrian,3,1159,0.90595340811044,2.169111302847282,2.169111302847282,0,0.0,0.0,0.6283731084796568,0.0,0,100
C_weaker_ordinal_smoothness,10,41,independent_mondrian,2,1150,0.9095652173913044,2.0782608695652174,2.0782608695652174,0,0.0,0.0,0.7836245713560355,0.0,0,100
C_weaker_ordinal_smoothness,10,41,independent_mondrian,0,261,0.9770114942528736,1.4559386973180077,1.4559386973180077,0,0.0,0.0,0.624047564578681,0.0,0,10
C_weaker_ordinal_smoothness,10,41,ordinal_cluster,1,1217,0.9605587510271159,2.1470829909613802,2.1470829909613802,0,0.0,0.0,0.7316704592177266,0.0,0,100
C_weaker_ordinal_smoothness,10,41,ordinal_cluster,4,1213,0.8301731244847486,1.5828524319868096,1.5828524319868096,0,0.0,0.0,0.6122301111824155,0.0,0,100
C_weaker_ordinal_smoothness,10,41,ordinal_cluster,3,1159,0.9387402933563417,2.188955996548749,2.188955996548749,0,0.0,0.0,0.7290440134679438,0.0,0,100
C_weaker_ordinal_smoothness,10,41,ordinal_cluster,2,1150,0.8791304347826087,2.271304347826087,2.271304347826087,0,0.0,0.0,0.720287854406735,0.0,0,100
C_weaker_ordinal_smoothness,10,41,ordinal_cluster,0,261,0.9578544061302682,1.7471264367816093,1.7471264367816093,0,0.0,0.0,0.5684181262787574,0.0,0,10
C_weaker_ordinal_smoothness,10,41,input_dependent_nonordinal,1,1217,0.903861955628595,1.990139687756779,1.990139687756779,0,0.5136994252373249,0.020686586484533715,0.02639696857576901,0.020686586484533715,0,100
C_weaker_ordinal_smoothness,10,41,input_dependent_nonordinal,4,1213,0.8582028029678483,1.5309150865622423,1.5309150865622423,0,0.7733710258875721,0.04241307162148534,-0.11517678788588082,0.04241307162148534,0,100
C_weaker_ordinal_smoothness,10,41,input_dependent_nonordinal,3,1159,0.8895599654874892,2.1337359792924935,2.1337359792924935,0,0.5761912934432896,0.018739755960368486,-0.0014837705459455064,0.018739755960368486,0,100
C_weaker_ordinal_smoothness,10,41,input_dependent_nonordinal,2,1150,0.928695652173913,2.013913043478261,2.013913043478261,0,0.7423903333111087,0.016863903565324693,0.06339930761982693,0.016863903565324693,0,100
C_weaker_ordinal_smoothness,10,41,input_dependent_nonordinal,0,261,0.9195402298850575,1.3218390804597702,1.3218390804597702,0,0.4627224259822809,0.02909442426724496,-0.032189751490324325,0.02909442426724496,0,10
C_weaker_ordinal_smoothness,10,41,input_dependent_ordinal,1,1217,0.9104354971240756,2.0361544782251437,2.0361544782251437,0,0.5599172935103722,0.019178057838766156,-0.013718708407654434,0.019178057838766156,0,100
C_weaker_ordinal_smoothness,10,41,input_dependent_ordinal,4,1213,0.8532563891178895,1.5243198680956307,1.5243198680956307,0,0.7470315403564813,0.032980760408188724,-0.10609032365502624,0.032980760408188724,0,100
C_weaker_ordinal_smoothness,10,41,input_dependent_ordinal,3,1159,0.8774805867126834,2.101811906816221,2.101811906816221,0,0.6779255742643424,0.0274340555087196,-0.10932099677325025,0.0274340555087196,0,100
C_weaker_ordinal_smoothness,10,41,input_dependent_ordinal,2,1150,0.9347826086956522,2.0156521739130433,2.0156521739130433,0,0.6177511705772879,0.023746224571580044,0.19402017225970297,0.023746224571580044,0,100
C_weaker_ordinal_smoothness,10,41,input_dependent_ordinal,0,261,0.9578544061302682,1.3793103448275863,1.3793103448275863,0,0.4804989524109458,0.016426252788887482,-0.0018561916659547428,0.016426252788887482,0,10
C_weaker_ordinal_smoothness,10,42,independent_mondrian,1,1140,0.8789473684210526,2.3105263157894735,2.3105263157894735,0,0.0,0.0,0.48745081706990034,0.0,0,100
C_weaker_ordinal_smoothness,10,42,independent_mondrian,4,1208,0.8956953642384106,1.6208609271523178,1.6208609271523178,0,0.0,0.0,0.7069402085497468,0.0,0,100
C_weaker_ordinal_smoothness,10,42,independent_mondrian,3,1201,0.9233971690258118,2.338051623646961,2.338051623646961,0,0.0,0.0,0.6200312657711449,0.0,0,100
C_weaker_ordinal_smoothness,10,42,independent_mondrian,2,1207,0.9328914664457332,2.091963545981773,2.091963545981773,0,0.0,0.0,0.8182338882679759,0.0,0,100
C_weaker_ordinal_smoothness,10,42,independent_mondrian,0,244,0.9918032786885246,1.3770491803278688,1.3770491803278688,0,0.0,0.0,0.6833961890445556,0.0,0,10
C_weaker_ordinal_smoothness,10,42,ordinal_cluster,1,1140,0.9447368421052632,1.9359649122807017,1.9359649122807017,0,0.0,0.0,0.6350167787373852,0.0,0,100
C_weaker_ordinal_smoothness,10,42,ordinal_cluster,4,1208,0.8799668874172185,1.5471854304635762,1.5471854304635762,0,0.0,0.0,0.6643753651643258,0.0,0,100
C_weaker_ordinal_smoothness,10,42,ordinal_cluster,3,1201,0.9450457951706911,2.0974188176519566,2.0974188176519566,0,0.0,0.0,0.6813236052252805,0.0,0,100
C_weaker_ordinal_smoothness,10,42,ordinal_cluster,2,1207,0.8268434134217068,2.1043910521955262,2.1043910521955262,0,0.0,0.0,0.6211029200253831,0.0,0,100
C_weaker_ordinal_smoothness,10,42,ordinal_cluster,0,244,0.9672131147540983,1.5778688524590163,1.5778688524590163,0,0.0,0.0,0.5222399467795149,0.0,0,10
C_weaker_ordinal_smoothness,10,42,input_dependent_nonordinal,1,1140,0.9070175438596492,2.031578947368421,2.031578947368421,0,0.5288013790202026,0.0217843787691654,-0.013288935954556269,0.0217843787691654,0,100
C_weaker_ordinal_smoothness,10,42,input_dependent_nonordinal,4,1208,0.9172185430463576,1.5620860927152318,1.5620860927152318,0,0.7071452393501744,0.017128341246820115,0.022025162311216318,0.017128341246820115,0,100
C_weaker_ordinal_smoothness,10,42,input_dependent_nonordinal,3,1201,0.890924229808493,2.2656119900083262,2.2656119900083262,0,0.570634880869883,0.018809877928623406,-0.02162213401314894,0.018809877928623406,0,100
C_weaker_ordinal_smoothness,10,42,input_dependent_nonordinal,2,1207,0.9312344656172328,2.0049710024855014,2.0049710024855014,0,0.7553641126630815,0.013963798820317865,0.058517224909398036,0.013963798820317865,0,100
C_weaker_ordinal_smoothness,10,42,input_dependent_nonordinal,0,244,0.9754098360655737,1.4180327868852458,1.4180327868852458,0,0.46919994190615794,0.013072210608468521,0.037012900276224836,0.013072210608468521,0,10
C_weaker_ordinal_smoothness,10,42,input_dependent_ordinal,1,1140,0.9078947368421053,1.9982456140350877,1.9982456140350877,0,0.575987001673608,0.018851198713142017,-0.06556168865600737,0.018851198713142017,0,100
C_weaker_ordinal_smoothness,10,42,input_dependent_ordinal,4,1208,0.9155629139072847,1.554635761589404,1.554635761589404,0,0.7033829493851148,0.01794933012129695,0.026313981186837587,0.01794933012129695,0,100
C_weaker_ordinal_smoothness,10,42,input_dependent_ordinal,3,1201,0.8942547876769359,2.241465445462115,2.241465445462115,0,0.656685772034617,0.0171109439818744,-0.10398116980625283,0.0171109439818744,0,100
C_weaker_ordinal_smoothness,10,42,input_dependent_ordinal,2,1207,0.9229494614747308,2,2,0,0.6178346849249888,0.017446513450542742,0.17533923294527076,0.017446513450542742,0,100
C_weaker_ordinal_smoothness,10,42,input_dependent_ordinal,0,244,0.9754098360655737,1.401639344262295,1.401639344262295,0,0.5336100573735192,0.015295412406394574,-0.023530242242667365,0.015295412406394574,0,10
C_weaker_ordinal_smoothness,10,43,independent_mondrian,1,1159,0.917169974115617,1.8740293356341673,1.8740293356341673,0,0.0,0.0,0.552707768549846,0.0,0,100
C_weaker_ordinal_smoothness,10,43,independent_mondrian,4,1227,0.8859005704971475,1.4400977995110025,1.4400977995110025,0,0.0,0.0,0.7140591051149995,0.0,0,100
C_weaker_ordinal_smoothness,10,43,independent_mondrian,2,1225,0.8759183673469387,1.9314285714285715,1.9314285714285715,0,0.0,0.0,0.7072303424584341,0.0,0,100
C_weaker_ordinal_smoothness,10,43,independent_mondrian,3,1150,0.837391304347826,2.143478260869565,2.143478260869565,0,0.0,0.0,0.5262008871495623,0.0,0,100
C_weaker_ordinal_smoothness,10,43,independent_mondrian,0,239,0.895397489539749,1.3598326359832635,1.3598326359832635,0,0.0,0.0,0.4380497178462916,0.0,0,10
C_weaker_ordinal_smoothness,10,43,ordinal_cluster,1,1159,0.9413287316652287,1.911993097497843,1.911993097497843,0,0.0,0.0,0.6299489536085983,0.0,0,100
C_weaker_ordinal_smoothness,10,43,ordinal_cluster,4,1227,0.8573757131214343,1.5305623471882641,1.5305623471882641,0,0.0,0.0,0.6415505058989002,0.0,0,100
C_weaker_ordinal_smoothness,10,43,ordinal_cluster,2,1225,0.8269387755102041,2.085714285714286,2.085714285714286,0,0.0,0.0,0.6209378635481214,0.0,0,100
C_weaker_ordinal_smoothness,10,43,ordinal_cluster,3,1150,0.922608695652174,2.066086956521739,2.066086956521739,0,0.0,0.0,0.6677119276338929,0.0,0,100
C_weaker_ordinal_smoothness,10,43,ordinal_cluster,0,239,0.9330543933054394,1.493723849372385,1.493723849372385,0,0.0,0.0,0.5278382696850388,0.0,0,10
C_weaker_ordinal_smoothness,10,43,input_dependent_nonordinal,1,1159,0.8912855910267472,1.7644521138912856,1.7644521138912856,0,0.5150185778080738,0.02724664811790149,-0.011552238311333896,0.02724664811790149,0,100
C_weaker_ordinal_smoothness,10,43,input_dependent_nonordinal,4,1227,0.8663406682966586,1.4800325998370008,1.4800325998370008,0,0.6889847084159212,0.024976424237676913,-0.028468680843333538,0.024976424237676913,0,100
C_weaker_ordinal_smoothness,10,43,input_dependent_nonordinal,2,1225,0.8440816326530612,1.8946938775510205,1.8946938775510205,0,0.8156237842374535,0.02864278061945889,-0.13634594171382153,0.02864278061945889,0,100
C_weaker_ordinal_smoothness,10,43,input_dependent_nonordinal,3,1150,0.9017391304347826,2.017391304347826,2.017391304347826,0,0.5949291358791576,0.023072829040575758,-0.00517511520754288,0.023072829040575758,0,100
C_weaker_ordinal_smoothness,10,43,input_dependent_nonordinal,0,239,0.891213389121339,1.292887029288703,1.292887029288703,0,0.4483801416804066,0.014756484852256556,-0.01489416416581077,0.014756484852256552,0,10
C_weaker_ordinal_smoothness,10,43,input_dependent_ordinal,1,1159,0.8930112165660051,1.8403796376186368,1.8403796376186368,0,0.5878638465863086,0.026271940553375256,-0.08350871715363484,0.026271940553375256,0,100
C_weaker_ordinal_smoothness,10,43,input_dependent_ordinal,4,1227,0.8671556642216789,1.4767726161369192,1.4767726161369192,0,0.703485943110053,0.025100936009830977,-0.04279770565786778,0.025100936009830977,0,100
C_weaker_ordinal_smoothness,10,43,input_dependent_ordinal,2,1225,0.8424489795918367,1.923265306122449,1.923265306122449,0,0.6314414364418991,0.026194726354124197,0.042268515331194356,0.026194726354124197,0,100
C_weaker_ordinal_smoothness,10,43,input_dependent_ordinal,3,1150,0.9008695652173913,2.0156521739130433,2.0156521739130433,0,0.6714132637333474,0.025394881441231434,-0.08226433539362854,0.025394881441231434,0,100
C_weaker_ordinal_smoothness,10,43,input_dependent_ordinal,0,239,0.9205020920502092,1.3179916317991631,1.3179916317991631,0,0.5407742020744298,0.02585954570355611,-0.043783046844175916,0.025859545703556117,0,10
C_weaker_ordinal_smoothness,10,44,independent_mondrian,1,1102,0.8312159709618875,2.356624319419238,2.356624319419238,0,0.0,0.0,0.46552472087510355,0.0,0,100
C_weaker_ordinal_smoothness,10,44,independent_mondrian,3,1203,0.9268495428096426,2.288445552784705,2.288445552784705,0,0.0,0.0,0.6566992509466438,0.0,0,100
C_weaker_ordinal_smoothness,10,44,independent_mondrian,2,1212,0.9034653465346535,2.1402640264026402,2.1402640264026402,0,0.0,0.0,0.7714429039433187,0.0,0,100
C_weaker_ordinal_smoothness,10,44,independent_mondrian,0,284,0.9859154929577465,1.3732394366197183,1.3732394366197183,0,0.0,0.0,0.8172505144228034,0.0,0,10
C_weaker_ordinal_smoothness,10,44,independent_mondrian,4,1199,0.8957464553794829,1.597998331943286,1.597998331943286,0,0.0,0.0,0.7067730681690985,0.0,0,100
C_weaker_ordinal_smoothness,10,44,ordinal_cluster,1,1102,0.941016333938294,1.91470054446461,1.91470054446461,0,0.0,0.0,0.668945478061438,0.0,0,100
C_weaker_ordinal_smoothness,10,44,ordinal_cluster,3,1203,0.9443059019118869,2.162094763092269,2.162094763092269,0,0.0,0.0,0.711075068531891,0.0,0,100
C_weaker_ordinal_smoothness,10,44,ordinal_cluster,2,1212,0.8465346534653465,2.183993399339934,2.183993399339934,0,0.0,0.0,0.656970445050023,0.0,0,100
C_weaker_ordinal_smoothness,10,44,ordinal_cluster,0,284,0.9049295774647887,1.5598591549295775,1.5598591549295775,0,0.0,0.0,0.46552472087510355,0.0,0,10
C_weaker_ordinal_smoothness,10,44,ordinal_cluster,4,1199,0.8765638031693077,1.5813177648040033,1.5813177648040033,0,0.0,0.0,0.6692343372435451,0.0,0,100
C_weaker_ordinal_smoothness,10,44,input_dependent_nonordinal,1,1102,0.8911070780399274,2.113430127041742,2.113430127041742,0,0.5414922531476722,0.020845131956170587,-0.0026337449720738038,0.020845131956170587,0,100
C_weaker_ordinal_smoothness,10,44,input_dependent_nonordinal,3,1203,0.9359933499584372,2.117206982543641,2.117206982543641,0,0.5806894185246531,0.029536390686895106,0.051656143687413336,0.029536390686895106,0,100
C_weaker_ordinal_smoothness,10,44,input_dependent_nonordinal,2,1212,0.915016501650165,2.0841584158415842,2.0841584158415842,0,0.7436605589899095,0.03445977649947148,0.05062902049855811,0.03445977649947148,0,100
C_weaker_ordinal_smoothness,10,44,input_dependent_nonordinal,0,284,0.9859154929577465,1.5,1.5,0,0.48531170108974686,0.04607978412313747,0.12117997272305903,0.04607978412313747,0,10
C_weaker_ordinal_smoothness,10,44,input_dependent_nonordinal,4,1199,0.823185988323603,1.5104253544620516,1.5104253544620516,0,0.7184344976888475,0.03384223639179932,-0.10779652364429104,0.03384223639179932,0,100
C_weaker_ordinal_smoothness,10,44,input_dependent_ordinal,1,1102,0.895644283121597,2.1878402903811254,2.1878402903811254,0,0.5808756258045689,0.0277987957702458,-0.030664288444895216,0.0277987957702458,0,100
C_weaker_ordinal_smoothness,10,44,input_dependent_ordinal,3,1203,0.9368246051537822,2.1255195344970907,2.1255195344970907,0,0.6583474050107884,0.03280536595576903,-0.0277250335105641,0.03280536595576903,0,100
C_weaker_ordinal_smoothness,10,44,input_dependent_ordinal,2,1212,0.9166666666666666,2.08993399339934,2.08993399339934,0,0.6214183696669866,0.027667816132653643,0.16857744161530408,0.027667816132653643,0,100
C_weaker_ordinal_smoothness,10,44,input_dependent_ordinal,0,284,0.9894366197183099,1.5,1.5,0,0.5241151154933358,0.02677885248336098,0.13246844338968455,0.02677885248336098,0,10
C_weaker_ordinal_smoothness,10,44,input_dependent_ordinal,4,1199,0.8290241868223519,1.5045871559633028,1.5045871559633028,0,0.7075886240876325,0.03308321626329301,-0.09554883716026652,0.03308321626329301,0,100
C_weaker_ordinal_smoothness,10,45,independent_mondrian,3,1167,0.8680377035132819,2.339331619537275,2.339331619537275,0,0.0,0.0,0.5277407105124684,0.0,0,100
C_weaker_ordinal_smoothness,10,45,independent_mondrian,2,1237,0.9256265157639451,2.0525464834276477,2.0525464834276477,0,0.0,0.0,0.8440602474728901,0.0,0,100
C_weaker_ordinal_smoothness,10,45,independent_mondrian,1,1152,0.8984375,2.2864583333333335,2.2864583333333335,0,0.0,0.0,0.5429609132300406,0.0,0,100
C_weaker_ordinal_smoothness,10,45,independent_mondrian,4,1170,0.8752136752136752,1.5153846153846153,1.5153846153846153,0,0.0,0.0,0.7135127947001624,0.0,0,100
C_weaker_ordinal_smoothness,10,45,independent_mondrian,0,274,0.9562043795620438,1.4525547445255473,1.4525547445255473,0,0.0,0.0,0.6616336606676362,0.0,0,10
C_weaker_ordinal_smoothness,10,45,ordinal_cluster,3,1167,0.9528706083976007,2.2356469580119964,2.2356469580119964,0,0.0,0.0,0.748397351739169,0.0,0,100
C_weaker_ordinal_smoothness,10,45,ordinal_cluster,2,1237,0.8658043654001617,2.304769603880356,2.304769603880356,0,0.0,0.0,0.7091073369704556,0.0,0,100
C_weaker_ordinal_smoothness,10,45,ordinal_cluster,1,1152,0.9678819444444444,2.125,2.125,0,0.0,0.0,0.748397351739169,0.0,0,100
C_weaker_ordinal_smoothness,10,45,ordinal_cluster,4,1170,0.8341880341880342,1.6393162393162393,1.6393162393162393,0,0.0,0.0,0.641866436851676,0.0,0,100
C_weaker_ordinal_smoothness,10,45,ordinal_cluster,0,274,0.9051094890510949,1.6824817518248176,1.6824817518248176,0,0.0,0.0,0.5429609132300406,0.0,0,10
C_weaker_ordinal_smoothness,10,45,input_dependent_nonordinal,3,1167,0.9031705227077977,2.1088260497000855,2.1088260497000855,0,0.5744679453584217,0.021033127585427178,-0.006646866294611642,0.021033127585427178,0,100
C_weaker_ordinal_smoothness,10,45,input_dependent_nonordinal,2,1237,0.8916734033953112,2.011317704122878,2.011317704122878,0,0.7921543758302115,0.035989027140486116,-0.00951862669441983,0.035989027140486116,0,100
C_weaker_ordinal_smoothness,10,45,input_dependent_nonordinal,1,1152,0.9296875,1.9739583333333333,1.9739583333333333,0,0.5270632997084663,0.01841174699587505,0.042851597371586336,0.01841174699587505,0,100
C_weaker_ordinal_smoothness,10,45,input_dependent_nonordinal,4,1170,0.8350427350427351,1.4982905982905983,1.4982905982905983,0,0.7294255566214998,0.027521669883687896,-0.09468291208355395,0.027521669883687896,0,100
C_weaker_ordinal_smoothness,10,45,input_dependent_nonordinal,0,274,0.9379562043795621,1.4781021897810218,1.4781021897810218,0,0.45071535739095114,0.021004595274660292,0.06677888642502117,0.021004595274660292,0,10
C_weaker_ordinal_smoothness,10,45,input_dependent_ordinal,3,1167,0.9031705227077977,2.0916880891173952,2.0916880891173952,0,0.6768307710014239,0.026592970013225678,-0.10492938638523097,0.026592970013225678,0,100
C_weaker_ordinal_smoothness,10,45,input_dependent_ordinal,2,1237,0.8852061438965239,1.9967663702506062,1.9967663702506062,0,0.6291832542829771,0.025527513914896115,0.12760385033147714,0.025527513914896115,0,100
C_weaker_ordinal_smoothness,10,45,input_dependent_ordinal,1,1152,0.9210069444444444,1.9678819444444444,1.9678819444444444,0,0.5788807547225326,0.022739006268422873,-0.0263320425885194,0.022739006268422873,0,100
C_weaker_ordinal_smoothness,10,45,input_dependent_ordinal,4,1170,0.8350427350427351,1.476923076923077,1.476923076923077,0,0.7238285356630295,0.02723068631358636,-0.08992257447951235,0.02723068631358636,0,100
C_weaker_ordinal_smoothness,10,45,input_dependent_ordinal,0,274,0.9379562043795621,1.437956204379562,1.437956204379562,0,0.5382510400737969,0.021425126212270603,-0.022192546168256944,0.021425126212270603,0,10
C_weaker_ordinal_smoothness,10,46,independent_mondrian,4,1155,0.922077922077922,1.6337662337662338,1.6337662337662338,0,0.0,0.0,0.7957090771882052,0.0,0,100
C_weaker_ordinal_smoothness,10,46,independent_mondrian,2,1127,0.8935226264418811,2.114463176574978,2.114463176574978,0,0.0,0.0,0.7582243646838942,0.0,0,100
C_weaker_ordinal_smoothness,10,46,independent_mondrian,1,1215,0.91440329218107,1.860082304526749,1.860082304526749,0,0.0,0.0,0.572196659971421,0.0,0,100
C_weaker_ordinal_smoothness,10,46,independent_mondrian,3,1236,0.9263754045307443,2.3891585760517797,2.3891585760517797,0,0.0,0.0,0.6562897656247316,0.0,0,100
C_weaker_ordinal_smoothness,10,46,independent_mondrian,0,267,0.850187265917603,1.348314606741573,1.348314606741573,0,0.0,0.0,0.34578160032880223,0.0,0,10
C_weaker_ordinal_smoothness,10,46,ordinal_cluster,4,1155,0.8744588744588745,1.6,1.6,0,0.0,0.0,0.6926400831277303,0.0,0,100
C_weaker_ordinal_smoothness,10,46,ordinal_cluster,2,1127,0.8491570541259982,2.2626441881100265,2.2626441881100265,0,0.0,0.0,0.6750101955313328,0.0,0,100
C_weaker_ordinal_smoothness,10,46,ordinal_cluster,1,1215,0.9547325102880658,2.079012345679012,2.079012345679012,0,0.0,0.0,0.687029101302023,0.0,0,100
C_weaker_ordinal_smoothness,10,46,ordinal_cluster,3,1236,0.9409385113268608,2.2111650485436893,2.2111650485436893,0,0.0,0.0,0.7203315823937303,0.0,0,100
C_weaker_ordinal_smoothness,10,46,ordinal_cluster,0,267,0.9662921348314607,1.6404494382022472,1.6404494382022472,0,0.0,0.0,0.5691275706075203,0.0,0,10
C_weaker_ordinal_smoothness,10,46,input_dependent_nonordinal,4,1155,0.9376623376623376,1.5367965367965368,1.5367965367965368,0,0.7037730658322124,0.02282239348612142,0.10162190668199145,0.02282239348612142,0,100
C_weaker_ordinal_smoothness,10,46,input_dependent_nonordinal,2,1127,0.8642413487133984,2.034605146406389,2.034605146406389,0,0.7876853413618389,0.02245150363491212,-0.10652130553666606,0.02245150363491212,0,100
C_weaker_ordinal_smoothness,10,46,input_dependent_nonordinal,1,1215,0.9300411522633745,1.8205761316872429,1.8205761316872429,0,0.5191532762320396,0.02038571537886363,0.04402125601260598,0.02038571537886363,0,100
C_weaker_ordinal_smoothness,10,46,input_dependent_nonordinal,3,1236,0.912621359223301,2.190938511326861,2.190938511326861,0,0.5639497982688978,0.0168217411392877,0.02979452479929401,0.0168217411392877,0,100
C_weaker_ordinal_smoothness,10,46,input_dependent_nonordinal,0,267,0.9138576779026217,1.352059925093633,1.352059925093633,0,0.4052437792444875,0.01678868596160228,-0.007231276285155297,0.01678868596160228,0,10
C_weaker_ordinal_smoothness,10,46,input_dependent_ordinal,4,1155,0.9376623376623376,1.5393939393939393,1.5393939393939393,0,0.7076907934313046,0.02050248622175153,0.10139899813537334,0.02050248622175153,0,100
C_weaker_ordinal_smoothness,10,46,input_dependent_ordinal,2,1127,0.867790594498669,2.048802129547471,2.048802129547471,0,0.6162477106625023,0.02022480871311737,0.06524506800437846,0.02022480871311737,0,100
C_weaker_ordinal_smoothness,10,46,input_dependent_ordinal,1,1215,0.9300411522633745,1.831275720164609,1.831275720164609,0,0.5721589428728492,0.01972765956798628,-0.007144509117375519,0.01972765956798628,0,100
C_weaker_ordinal_smoothness,10,46,input_dependent_ordinal,3,1236,0.9142394822006472,2.2022653721682848,2.2022653721682848,0,0.6555590750936767,0.019969103725038184,-0.0570725335653644,0.019969103725038184,0,100
C_weaker_ordinal_smoothness,10,46,input_dependent_ordinal,0,267,0.9101123595505618,1.348314606741573,1.348314606741573,0,0.5158767267142741,0.01942927339979038,-0.11390662382733424,0.01942927339979038,0,10
C_weaker_ordinal_smoothness,10,47,independent_mondrian,4,1211,0.9132947976878613,1.6738232865400495,1.6738232865400495,0,0.0,0.0,0.7723055338035608,0.0,0,100
C_weaker_ordinal_smoothness,10,47,independent_mondrian,2,1160,0.8586206896551725,2.143103448275862,2.143103448275862,0,0.0,0.0,0.7046425466091818,0.0,0,100
C_weaker_ordinal_smoothness,10,47,independent_mondrian,1,1219,0.9023789991796555,1.9688269073010665,1.9688269073010665,0,0.0,0.0,0.5360470269123846,0.0,0,100
C_weaker_ordinal_smoothness,10,47,independent_mondrian,3,1174,0.9437819420783645,2.2921635434412266,2.2921635434412266,0,0.0,0.0,0.7418922824294683,0.0,0,100
C_weaker_ordinal_smoothness,10,47,independent_mondrian,0,236,0.8983050847457628,1.3601694915254237,1.3601694915254237,0,0.0,0.0,0.4771052477103887,0.0,0,10
C_weaker_ordinal_smoothness,10,47,ordinal_cluster,4,1211,0.9050371593724195,1.6201486374896779,1.6201486374896779,0,0.0,0.0,0.7418922824294683,0.0,0,100
C_weaker_ordinal_smoothness,10,47,ordinal_cluster,2,1160,0.8224137931034483,2.1534482758620688,2.1534482758620688,0,0.0,0.0,0.6444214166538998,0.0,0,100
C_weaker_ordinal_smoothness,10,47,ordinal_cluster,1,1219,0.9351927809680065,1.9671862182116489,1.9671862182116489,0,0.0,0.0,0.6097981080829317,0.0,0,100
C_weaker_ordinal_smoothness,10,47,ordinal_cluster,3,1174,0.9361158432708688,2.1908006814310053,2.1908006814310053,0,0.0,0.0,0.7122543543237168,0.0,0,100
C_weaker_ordinal_smoothness,10,47,ordinal_cluster,0,236,0.9152542372881356,1.5084745762711864,1.5084745762711864,0,0.0,0.0,0.5290321835683924,0.0,0,10
C_weaker_ordinal_smoothness,10,47,input_dependent_nonordinal,4,1211,0.8876961189099918,1.611890999174236,1.611890999174236,0,0.721368543031567,0.025208696169007283,-0.029040313576225718,0.025208696169007283,0,100
C_weaker_ordinal_smoothness,10,47,input_dependent_nonordinal,2,1160,0.8646551724137931,2.110344827586207,2.110344827586207,0,0.7555113929348661,0.026832875420643453,-0.0444273770511463,0.026832875420643453,0,100
C_weaker_ordinal_smoothness,10,47,input_dependent_nonordinal,1,1219,0.9196062346185397,2.0984413453650532,2.0984413453650532,0,0.5289025044448894,0.026735762148887076,-0.007303357554777623,0.026735762148887076,0,100
C_weaker_ordinal_smoothness,10,47,input_dependent_nonordinal,3,1174,0.9522998296422487,2.1584327086882453,2.1584327086882453,0,0.6085251473233332,0.022511551374030315,0.1004127087813122,0.022511551374030315,0,100
C_weaker_ordinal_smoothness,10,47,input_dependent_nonordinal,0,236,0.9830508474576272,1.4576271186440677,1.4576271186440677,0,0.43843612773717683,0.013673090910024754,0.19780362896490317,0.013673090910024754,0,10
C_weaker_ordinal_smoothness,10,47,input_dependent_ordinal,4,1211,0.8901734104046243,1.6209744013212222,1.6209744013212222,0,0.7256726680222089,0.02602823135700789,-0.030258139021111408,0.02602823135700789,0,100
C_weaker_ordinal_smoothness,10,47,input_dependent_ordinal,2,1160,0.8646551724137931,2.1448275862068966,2.1448275862068966,0,0.6266320888211673,0.024822987133847695,0.08607453859267367,0.024822987133847695,0,100
C_weaker_ordinal_smoothness,10,47,input_dependent_ordinal,1,1219,0.918785890073831,2.1542247744052503,2.1542247744052503,0,0.5708691532606917,0.025019865472546688,-0.05076787768651836,0.025019865472546688,0,100
C_weaker_ordinal_smoothness,10,47,input_dependent_ordinal,3,1174,0.9582623509369677,2.1729131175468486,2.1729131175468486,0,0.6809429129655503,0.02518006764239352,0.04136764659806824,0.02518006764239352,0,100
C_weaker_ordinal_smoothness,10,47,input_dependent_ordinal,0,236,0.9872881355932204,1.4618644067796611,1.4618644067796611,0,0.526703625255817,0.02404499431117534,0.1614312133962355,0.02404499431117534,0,10
C_weaker_ordinal_smoothness,10,48,independent_mondrian,3,1193,0.9312657166806371,2.3595976529756917,2.3595976529756917,0,0.0,0.0,0.6646722656098321,0.0,0,100
C_weaker_ordinal_smoothness,10,48,independent_mondrian,1,1182,0.8807106598984772,2.191201353637902,2.191201353637902,0,0.0,0.0,0.4905834257738775,0.0,0,100
C_weaker_ordinal_smoothness,10,48,independent_mondrian,2,1227,0.8997555012224939,2.0855745721271393,2.0855745721271393,0,0.0,0.0,0.8160481267755361,0.0,0,100
C_weaker_ordinal_smoothness,10,48,independent_mondrian,4,1152,0.90625,1.6076388888888888,1.6076388888888888,0,0.0,0.0,0.7208863570375672,0.0,0,100
C_weaker_ordinal_smoothness,10,48,independent_mondrian,0,246,0.9471544715447154,1.3252032520325203,1.3252032520325203,0,0.0,0.0,0.5895419949780638,0.0,0,10
C_weaker_ordinal_smoothness,10,48,ordinal_cluster,3,1193,0.9455155071248952,2.173512154233026,2.173512154233026,0,0.0,0.0,0.7134277499686792,0.0,0,100
C_weaker_ordinal_smoothness,10,48,ordinal_cluster,1,1182,0.9526226734348562,1.9737732656514382,1.9737732656514382,0,0.0,0.0,0.640492913374948,0.0,0,100
C_weaker_ordinal_smoothness,10,48,ordinal_cluster,2,1227,0.8361858190709046,2.158109209453953,2.158109209453953,0,0.0,0.0,0.6600284043862912,0.0,0,100
C_weaker_ordinal_smoothness,10,48,ordinal_cluster,4,1152,0.8845486111111112,1.5772569444444444,1.5772569444444444,0,0.0,0.0,0.6768187129138019,0.0,0,100
C_weaker_ordinal_smoothness,10,48,ordinal_cluster,0,246,0.9186991869918699,1.483739837398374,1.483739837398374,0,0.0,0.0,0.5096422419795019,0.0,0,10
C_weaker_ordinal_smoothness,10,48,input_dependent_nonordinal,3,1193,0.9513830678960603,2.1290863369656328,2.1290863369656328,0,0.5871820629580141,0.020359910566669408,0.10727680260232608,0.020359910566669408,0,100
C_weaker_ordinal_smoothness,10,48,input_dependent_nonordinal,1,1182,0.8925549915397631,1.9686971235194586,1.9686971235194586,0,0.5474769169613048,0.022017905352531317,-0.04915525947625232,0.022017905352531317,0,100
C_weaker_ordinal_smoothness,10,48,input_dependent_nonordinal,2,1227,0.843520782396088,2.0806845965770173,2.0806845965770173,0,0.7548092604378598,0.030938050941597822,-0.058785271961969365,0.030938050941597822,0,100
C_weaker_ordinal_smoothness,10,48,input_dependent_nonordinal,4,1152,0.9140625,1.5920138888888888,1.5920138888888888,0,0.7216662417198956,0.03401874828172294,-0.0027330398761172825,0.03401874828172294,0,100
C_weaker_ordinal_smoothness,10,48,input_dependent_nonordinal,0,246,0.967479674796748,1.3373983739837398,1.3373983739837398,0,0.42279695759728625,0.012973076652408285,0.15198983719204645,0.012973076652408285,0,10
C_weaker_ordinal_smoothness,10,48,input_dependent_ordinal,3,1193,0.9488683989941324,2.121542330259849,2.121542330259849,0,0.66734057395631,0.028591159920142207,0.032629593165767856,0.028591159920142207,0,100
C_weaker_ordinal_smoothness,10,48,input_dependent_ordinal,1,1182,0.8908629441624365,1.9949238578680204,1.9949238578680204,0,0.5751655104315622,0.02115773187740969,-0.07911909415247603,0.02115773187740969,0,100
C_weaker_ordinal_smoothness,10,48,input_dependent_ordinal,2,1227,0.8524857375713122,2.0855745721271393,2.0855745721271393,0,0.6242894938970377,0.02525081443479668,0.07227006537579006,0.02525081443479668,0,100
C_weaker_ordinal_smoothness,10,48,input_dependent_ordinal,4,1152,0.9123263888888888,1.5885416666666667,1.5885416666666667,0,0.715857200119298,0.03029434466246745,-0.006075357827075245,0.03029434466246745,0,100
C_weaker_ordinal_smoothness,10,48,input_dependent_ordinal,0,246,0.967479674796748,1.3252032520325203,1.3252032520325203,0,0.5210031486098251,0.018216595317735878,0.06370415848155259,0.018216595317735878,0,10
C_weaker_ordinal_smoothness,10,49,independent_mondrian,1,1146,0.924956369982548,2.0226876090750436,2.0226876090750436,0,0.0,0.0,0.60969661292615,0.0,0,100
C_weaker_ordinal_smoothness,10,49,independent_mondrian,4,1182,0.9077834179357022,1.544839255499154,1.544839255499154,0,0.0,0.0,0.6933270828598433,0.0,0,100
C_weaker_ordinal_smoothness,10,49,independent_mondrian,3,1214,0.9176276771004942,2.2495881383855023,2.2495881383855023,0,0.0,0.0,0.6346507346971815,0.0,0,100
C_weaker_ordinal_smoothness,10,49,independent_mondrian,2,1198,0.8706176961602671,2.1018363939899833,2.1018363939899833,0,0.0,0.0,0.7267007746928922,0.0,0,100
C_weaker_ordinal_smoothness,10,49,independent_mondrian,0,260,0.9461538461538461,1.4923076923076923,1.4923076923076923,0,0.0,0.0,0.5131665765148367,0.0,0,10
C_weaker_ordinal_smoothness,10,49,ordinal_cluster,1,1146,0.9476439790575916,2.0794066317626525,2.0794066317626525,0,0.0,0.0,0.6608192434550568,0.0,0,100
C_weaker_ordinal_smoothness,10,49,ordinal_cluster,4,1182,0.8959390862944162,1.5676818950930627,1.5676818950930627,0,0.0,0.0,0.665225730823892,0.0,0,100
C_weaker_ordinal_smoothness,10,49,ordinal_cluster,3,1214,0.9406919275123559,2.1779242174629325,2.1779242174629325,0,0.0,0.0,0.6933270828598433,0.0,0,100
C_weaker_ordinal_smoothness,10,49,ordinal_cluster,2,1198,0.8347245409015025,2.182804674457429,2.182804674457429,0,0.0,0.0,0.6608192434550568,0.0,0,100
C_weaker_ordinal_smoothness,10,49,ordinal_cluster,0,260,0.9538461538461539,1.573076923076923,1.573076923076923,0,0.0,0.0,0.6003552209714244,0.0,0,10
C_weaker_ordinal_smoothness,10,49,input_dependent_nonordinal,1,1146,0.8856893542757417,1.7661431064572426,1.7661431064572426,0,0.5177374089797253,0.024340856032343667,-0.0263339059505453,0.024340856032343667,0,100
C_weaker_ordinal_smoothness,10,49,input_dependent_nonordinal,4,1182,0.9001692047377327,1.4686971235194586,1.4686971235194586,0,0.6848476826072778,0.020662688613406314,-0.015368663358881762,0.020662688613406314,0,100
C_weaker_ordinal_smoothness,10,49,input_dependent_nonordinal,3,1214,0.9011532125205931,2.098846787479407,2.098846787479407,0,0.5653529982533674,0.019367869449150203,0.00614886103102108,0.019367869449150203,0,100
C_weaker_ordinal_smoothness,10,49,input_dependent_nonordinal,2,1198,0.8664440734557596,1.9140233722871451,1.9140233722871451,0,0.7595920502454336,0.028103910204846972,-0.02961447943223261,0.028103910204846972,0,100
C_weaker_ordinal_smoothness,10,49,input_dependent_nonordinal,0,260,0.8461538461538461,1.2461538461538462,1.2461538461538462,0,0.3892867957183484,0.018803550277605604,-0.01850140823210522,0.018803550277605604,0,10
C_weaker_ordinal_smoothness,10,49,input_dependent_ordinal,1,1146,0.8848167539267016,1.7617801047120418,1.7617801047120418,0,0.5573974840708694,0.025393622295585224,-0.06517066651493708,0.025393622295585224,0,100
C_weaker_ordinal_smoothness,10,49,input_dependent_ordinal,4,1182,0.9001692047377327,1.4500846023688663,1.4500846023688663,0,0.6872185958975591,0.021220855296022065,-0.016118033463194625,0.021220855296022065,0,100
C_weaker_ordinal_smoothness,10,49,input_dependent_ordinal,3,1214,0.8896210873146623,2.0799011532125204,2.0799011532125204,0,0.6475189205585732,0.022355614121418222,-0.0899381249004717,0.022355614121418222,0,100
C_weaker_ordinal_smoothness,10,49,input_dependent_ordinal,2,1198,0.8631051752921536,1.9056761268781301,1.9056761268781301,0,0.6113552211396327,0.023253314613477422,0.10887034910839816,0.023253314613477422,0,100
C_weaker_ordinal_smoothness,10,49,input_dependent_ordinal,0,260,0.8153846153846154,1.2038461538461538,1.2038461538461538,0,0.5247903338889137,0.02467439069133098,-0.15318592206982828,0.02467439069133098,0,10
C_weaker_ordinal_smoothness,5,0,independent_mondrian,1,1199,0.8623853211009175,2.653878231859883,2.7214345287739783,0,0.0,0.0,0.48109058567182844,0.0,0,100
C_weaker_ordinal_smoothness,5,0,independent_mondrian,2,1198,0.9181969949916527,2.9415692821368946,3.5876460767946576,0,0.0,0.0,0.7858860834281157,0.0,0,100
C_weaker_ordinal_smoothness,5,0,independent_mondrian,4,1238,0.9248788368336026,2.5840064620355414,4.793214862681745,0,0.0,0.0,0.7855761839556783,0.0,0,100
C_weaker_ordinal_smoothness,5,0,independent_mondrian,3,1132,0.9134275618374559,3.357773851590106,4.66696113074205,0,0.0,0.0,0.6048602531422074,0.0,0,100
C_weaker_ordinal_smoothness,5,0,independent_mondrian,0,233,1,1.4506437768240343,1.4506437768240343,0,0.0,0.0,inf,inf,1,5
C_weaker_ordinal_smoothness,5,0,ordinal_cluster,1,1199,0.9132610508757297,1.8090075062552127,1.8090075062552127,0,0.0,0.0,0.586098860149017,0.0,0,100
C_weaker_ordinal_smoothness,5,0,ordinal_cluster,2,1198,0.830550918196995,2.0751252086811354,2.0751252086811354,0,0.0,0.0,0.5926018508180126,0.0,0,100
C_weaker_ordinal_smoothness,5,0,ordinal_cluster,4,1238,0.8974151857835219,1.554119547657512,1.554119547657512,0,0.0,0.0,0.6963349586724515,0.0,0,100
C_weaker_ordinal_smoothness,5,0,ordinal_cluster,3,1132,0.941696113074205,2.083922261484099,2.083922261484099,0,0.0,0.0,0.7013994369650048,0.0,0,100
C_weaker_ordinal_smoothness,5,0,ordinal_cluster,0,233,0.9098712446351931,1.4120171673819744,1.4120171673819744,0,0.0,0.0,0.48109058567182844,0.0,0,5
C_weaker_ordinal_smoothness,5,0,input_dependent_nonordinal,1,1199,0.9174311926605505,2.5888240200166805,2.6288573811509592,0,0.5276148631965333,0.024894430579484022,0.011850528124288662,0.024894430579484022,0,100
C_weaker_ordinal_smoothness,5,0,input_dependent_nonordinal,2,1198,0.8797996661101837,2.9207011686143574,3.5375626043405677,0,0.7606710634812707,0.02295961532222713,-0.05871892196347572,0.02295961532222713,0,100
C_weaker_ordinal_smoothness,5,0,input_dependent_nonordinal,4,1238,0.8990306946688207,2.489499192245557,4.747172859450727,0,0.6793325473394393,0.024866927714355492,0.0178003681940494,0.024866927714355492,0,100
C_weaker_ordinal_smoothness,5,0,input_dependent_nonordinal,3,1132,0.911660777385159,3.0848056537102475,4.523851590106007,0,0.5793955219596786,0.022831969905566907,0.012197039637718454,0.022831969905566907,0,100
C_weaker_ordinal_smoothness,5,0,input_dependent_nonordinal,0,233,1,1.5107296137339057,1.5107296137339057,0,0.47787676095033815,0.027159463209267327,inf,inf,1,5
C_weaker_ordinal_smoothness,5,0,input_dependent_ordinal,1,1199,0.9165971643035863,2.585487906588824,2.626355296080067,0,0.5832336934673099,0.024587576078940052,-0.04431222347273106,0.024587576078940052,0,100
C_weaker_ordinal_smoothness,5,0,input_dependent_ordinal,2,1198,0.8772954924874792,2.9181969949916526,3.536727879799666,0,0.6246410099261048,0.024011180451837772,0.07349536180337368,0.024011180451837772,0,100
C_weaker_ordinal_smoothness,5,0,input_dependent_ordinal,4,1238,0.9006462035541195,2.490306946688207,4.751211631663974,0,0.6865378351030837,0.024155096197530448,0.013926449677667097,0.024155096197530448,0,100
C_weaker_ordinal_smoothness,5,0,input_dependent_ordinal,3,1132,0.911660777385159,3.083922261484099,4.529151943462898,0,0.6452083652949377,0.0244413042314037,-0.05195514575875093,0.0244413042314037,0,100
C_weaker_ordinal_smoothness,5,0,input_dependent_ordinal,0,233,1,1.5107296137339057,1.5107296137339057,0,0.5390562059889623,0.024706852611331202,inf,inf,1,5
C_weaker_ordinal_smoothness,5,1,independent_mondrian,4,1190,0.8941176470588236,2.712605042016807,4.7403361344537815,0,0.0,0.0,0.7051754885151874,0.0,0,100
C_weaker_ordinal_smoothness,5,1,independent_mondrian,2,1136,0.9436619718309859,3.035211267605634,3.6901408450704225,0,0.0,0.0,0.8999625954816308,0.0,0,100
C_weaker_ordinal_smoothness,5,1,independent_mondrian,3,1194,0.9338358458961474,3.3777219430485763,4.578726968174204,0,0.0,0.0,0.6893667237278824,0.0,0,100
C_weaker_ordinal_smoothness,5,1,independent_mondrian,1,1212,0.8679867986798679,2.7524752475247523,2.812706270627063,0,0.0,0.0,0.48203342908314273,0.0,0,100
C_weaker_ordinal_smoothness,5,1,independent_mondrian,0,268,1,1.4253731343283582,1.4253731343283582,0,0.0,0.0,inf,inf,1,5
C_weaker_ordinal_smoothness,5,1,ordinal_cluster,4,1190,0.8890756302521008,1.6403361344537815,1.6403361344537815,0,0.0,0.0,0.6893667237278824,0.0,0,100
C_weaker_ordinal_smoothness,5,1,ordinal_cluster,2,1136,0.8785211267605634,2.272887323943662,2.272887323943662,0,0.0,0.0,0.6960646604501181,0.0,0,100
C_weaker_ordinal_smoothness,5,1,ordinal_cluster,3,1194,0.9447236180904522,2.252931323283082,2.252931323283082,0,0.0,0.0,0.7275869075734743,0.0,0,100
C_weaker_ordinal_smoothness,5,1,ordinal_cluster,1,1212,0.966996699669967,2.0008250825082508,2.0008250825082508,0,0.0,0.0,0.7275869075734743,0.0,0,100
C_weaker_ordinal_smoothness,5,1,ordinal_cluster,0,268,0.9104477611940298,1.6567164179104477,1.6567164179104477,0,0.0,0.0,0.48203342908314273,0.0,0,5
C_weaker_ordinal_smoothness,5,1,input_dependent_nonordinal,4,1190,0.888235294117647,2.5680672268907565,4.7327731092436975,0,0.7071376122676384,0.02555182418258462,-0.031356891025071165,0.02555182418258462,0,100
C_weaker_ordinal_smoothness,5,1,input_dependent_nonordinal,2,1136,0.9339788732394366,2.9691901408450705,3.585387323943662,0,0.7419399675148897,0.023707468853054456,0.10545195243842076,0.023707468853054456,0,100
C_weaker_ordinal_smoothness,5,1,input_dependent_nonordinal,3,1194,0.8877721943048577,3.2311557788944723,4.492462311557789,0,0.5912204053744871,0.03034613400648271,-0.006789968186610595,0.03034613400648271,0,100
C_weaker_ordinal_smoothness,5,1,input_dependent_nonordinal,1,1212,0.9414191419141914,2.757425742574257,2.782178217821782,0,0.5055102339685968,0.019732376442574476,0.063739678400416,0.019732376442574476,0,100
C_weaker_ordinal_smoothness,5,1,input_dependent_nonordinal,0,268,1,1.5223880597014925,1.5223880597014925,0,0.47657327533902083,0.02590525835283852,inf,inf,1,5
C_weaker_ordinal_smoothness,5,1,input_dependent_ordinal,4,1190,0.8932773109243698,2.577310924369748,4.745378151260504,0,0.7044627818639739,0.027179646751440897,-0.02048068958105237,0.027179646751440897,0,100
C_weaker_ordinal_smoothness,5,1,input_dependent_ordinal,2,1136,0.9348591549295775,2.977992957746479,3.5933098591549295,0,0.6076106900074191,0.024694859477260866,0.2422506550755562,0.024694859477260866,0,100
C_weaker_ordinal_smoothness,5,1,input_dependent_ordinal,3,1194,0.8927973199329984,3.2520938023450587,4.508375209380235,0,0.6625467925666317,0.026105235560336906,-0.07346910107702687,0.026105235560336906,0,100
C_weaker_ordinal_smoothness,5,1,input_dependent_ordinal,1,1212,0.943069306930693,2.75990099009901,2.7854785478547854,0,0.5640446132782215,0.022475498551856002,0.006646041378451817,0.022475498551856002,0,100
C_weaker_ordinal_smoothness,5,1,input_dependent_ordinal,0,268,1,1.537313432835821,1.537313432835821,0,0.4991660248733811,0.02108265344288188,inf,inf,1,5
C_weaker_ordinal_smoothness,5,2,independent_mondrian,1,1148,0.9094076655052264,2.701219512195122,2.750871080139373,0,0.0,0.0,0.552745057222905,0.0,0,100
C_weaker_ordinal_smoothness,5,2,independent_mondrian,4,1182,0.9035532994923858,2.55160744500846,4.752961082910321,0,0.0,0.0,0.7475069217417677,0.0,0,100
C_weaker_ordinal_smoothness,5,2,independent_mondrian,3,1167,0.8946015424164524,3.3333333333333335,4.628106255355613,0,0.0,0.0,0.5724624050761532,0.0,0,100
C_weaker_ordinal_smoothness,5,2,independent_mondrian,2,1227,0.8964955175224124,2.9722901385493072,3.5558272208638955,0,0.0,0.0,0.7964725537410898,0.0,0,100
C_weaker_ordinal_smoothness,5,2,independent_mondrian,0,276,1,1.5289855072463767,1.5289855072463767,0,0.0,0.0,inf,inf,1,5
C_weaker_ordinal_smoothness,5,2,ordinal_cluster,1,1148,0.9634146341463414,2.081881533101045,2.081881533101045,0,0.0,0.0,0.7329565668797751,0.0,0,100
C_weaker_ordinal_smoothness,5,2,ordinal_cluster,4,1182,0.8646362098138748,1.6032148900169205,1.6032148900169205,0,0.0,0.0,0.6755245583559438,0.0,0,100
C_weaker_ordinal_smoothness,5,2,ordinal_cluster,3,1167,0.9562982005141388,2.2305055698371894,2.2305055698371894,0,0.0,0.0,0.7382465064623764,0.0,0,100
C_weaker_ordinal_smoothness,5,2,ordinal_cluster,2,1227,0.8329258353708231,2.2754686226568865,2.2754686226568865,0,0.0,0.0,0.6755245583559438,0.0,0,100
C_weaker_ordinal_smoothness,5,2,ordinal_cluster,0,276,0.8840579710144928,1.6630434782608696,1.6630434782608696,0,0.0,0.0,0.552745057222905,0.0,0,5
C_weaker_ordinal_smoothness,5,2,input_dependent_nonordinal,1,1148,0.9259581881533101,2.6297909407665507,2.668118466898955,0,0.5151289615040359,0.0252144614056833,0.03782851734607742,0.02521446140568329,0,100
C_weaker_ordinal_smoothness,5,2,input_dependent_nonordinal,4,1182,0.8866328257191202,2.524534686971235,4.733502538071066,0,0.7346452660500984,0.0332824769827599,-0.015612013191694252,0.0332824769827599,0,100
C_weaker_ordinal_smoothness,5,2,input_dependent_nonordinal,3,1167,0.9074550128534704,3.131962296486718,4.5167095115681235,0.000856898029134533,0.5936668321074277,0.02409034683528567,-0.0368048647261115,0.02409034683528567,0,100
C_weaker_ordinal_smoothness,5,2,input_dependent_nonordinal,2,1227,0.8997555012224939,2.933170334148329,3.52159739201304,0,0.7710833534646006,0.03454241983203962,-0.0063015694482359,0.03454241983203962,0,100
C_weaker_ordinal_smoothness,5,2,input_dependent_nonordinal,0,276,1,1.5869565217391304,1.5869565217391304,0,0.4785531247616656,0.02727083668306042,inf,inf,1,5
C_weaker_ordinal_smoothness,5,2,input_dependent_ordinal,1,1148,0.9285714285714286,2.6106271777003482,2.64808362369338,0.0008710801393728223,0.5691495399625651,0.02694415771764586,-0.007065244773620194,0.02694415771764586,0,100
C_weaker_ordinal_smoothness,5,2,input_dependent_ordinal,4,1182,0.8866328257191202,2.511844331641286,4.7360406091370555,0,0.7351588496337639,0.031012603928120254,-0.017347741223715407,0.031012603928120254,0,100
C_weaker_ordinal_smoothness,5,2,input_dependent_ordinal,3,1167,0.9031705227077977,3.1165381319622965,4.518423307626392,0,0.6702914099872397,0.029635297089255178,-0.11125283517696749,0.029635297089255178,0,100
C_weaker_ordinal_smoothness,5,2,input_dependent_ordinal,2,1227,0.8883455582722086,2.924205378973105,3.5142624286878568,0,0.6276927531515678,0.02790995083914802,0.11344149717361934,0.02790995083914802,0,100
C_weaker_ordinal_smoothness,5,2,input_dependent_ordinal,0,276,1,1.5833333333333333,1.5833333333333333,0,0.5411414492373738,0.024857840807751986,inf,inf,1,5
C_weaker_ordinal_smoothness,5,3,independent_mondrian,4,1198,0.9215358931552587,2.469949916527546,4.797161936560935,0,0.0,0.0,0.776544951461021,0.0,0,100
C_weaker_ordinal_smoothness,5,3,independent_mondrian,2,1201,0.8684429641965029,2.896752706078268,3.5387177352206494,0,0.0,0.0,0.7132788083306026,0.0,0,100
C_weaker_ordinal_smoothness,5,3,independent_mondrian,3,1138,0.8541300527240774,3.218804920913884,4.650263620386643,0,0.0,0.0,0.5197947731408299,0.0,0,100
C_weaker_ordinal_smoothness,5,3,independent_mondrian,1,1232,0.9001623376623377,2.57224025974026,2.6217532467532467,0,0.0,0.0,0.5267321654956317,0.0,0,100
C_weaker_ordinal_smoothness,5,3,independent_mondrian,0,231,1,1.3896103896103895,1.3896103896103895,0,0.0,0.0,inf,inf,1,5
C_weaker_ordinal_smoothness,5,3,ordinal_cluster,4,1198,0.8931552587646077,1.5617696160267112,1.5617696160267112,0,0.0,0.0,0.6915067003794337,0.0,0,100
C_weaker_ordinal_smoothness,5,3,ordinal_cluster,2,1201,0.7743547044129891,2.016652789342215,2.016652789342215,0,0.0,0.0,0.5753062796650069,0.0,0,100
C_weaker_ordinal_smoothness,5,3,ordinal_cluster,3,1138,0.9402460456942003,2.0500878734622145,2.0500878734622145,0,0.0,0.0,0.6943843244120137,0.0,0,100
C_weaker_ordinal_smoothness,5,3,ordinal_cluster,1,1232,0.9301948051948052,1.8620129870129871,1.8620129870129871,0,0.0,0.0,0.5761369825520729,0.0,0,100
C_weaker_ordinal_smoothness,5,3,ordinal_cluster,0,231,0.922077922077922,1.3636363636363635,1.3636363636363635,0,0.0,0.0,0.5267321654956317,0.0,0,5
C_weaker_ordinal_smoothness,5,3,input_dependent_nonordinal,4,1198,0.9123539232053423,2.5742904841402336,4.774624373956594,0,0.7004931942585659,0.027929613568165586,0.02685569950245842,0.027929613568165586,0,100
C_weaker_ordinal_smoothness,5,3,input_dependent_nonordinal,2,1201,0.8975853455453788,2.94421315570358,3.6053288925895086,0,0.7562036419284358,0.029110425381405125,0.020386086207554666,0.029110425381405125,0,100
C_weaker_ordinal_smoothness,5,3,input_dependent_nonordinal,3,1138,0.9130052724077329,3.195957820738137,4.565905096660808,0,0.590818968055804,0.035603889565790026,0.020008905367209118,0.035603889565790026,0,100
C_weaker_ordinal_smoothness,5,3,input_dependent_nonordinal,1,1232,0.8928571428571429,2.6290584415584415,2.6818181818181817,0,0.5052284185099375,0.019440339825402934,-0.008700857944216933,0.019440339825402934,0,100
C_weaker_ordinal_smoothness,5,3,input_dependent_nonordinal,0,231,1,1.4112554112554112,1.4112554112554112,0,0.4692559052049928,0.03363838795996722,inf,inf,1,5
C_weaker_ordinal_smoothness,5,3,input_dependent_ordinal,4,1198,0.9165275459098498,2.5851419031719534,4.771285475792988,0,0.7059173905291521,0.03246239721296017,0.02255139454719335,0.03246239721296017,0,100
C_weaker_ordinal_smoothness,5,3,input_dependent_ordinal,2,1201,0.8992506244796004,2.94421315570358,3.6003330557868445,0,0.6155052871915567,0.02846859538862951,0.16414868795719506,0.02846859538862951,0,100
C_weaker_ordinal_smoothness,5,3,input_dependent_ordinal,3,1138,0.9138840070298769,3.201230228471002,4.56414762741652,0.0008787346221441124,0.6637084868197707,0.02836930134654603,-0.05834703454923301,0.02836930134654603,0,100
C_weaker_ordinal_smoothness,5,3,input_dependent_ordinal,1,1232,0.8944805194805194,2.627435064935065,2.67775974025974,0,0.5634507203876336,0.023324687280126023,-0.06324038891097794,0.023324687280126023,0,100
C_weaker_ordinal_smoothness,5,3,input_dependent_ordinal,0,231,1,1.4155844155844155,1.4155844155844155,0,0.5082481962287846,0.023006008084003667,inf,inf,1,5
C_weaker_ordinal_smoothness,5,4,independent_mondrian,4,1174,0.9045996592844975,2.597955706984668,4.737649063032368,0,0.0,0.0,0.7137692379899842,0.0,0,100
C_weaker_ordinal_smoothness,5,4,independent_mondrian,3,1158,0.9110535405872193,3.2927461139896375,4.600172711571675,0,0.0,0.0,0.6283491483503982,0.0,0,100
C_weaker_ordinal_smoothness,5,4,independent_mondrian,2,1231,0.9000812347684809,2.950446791226645,3.6376929325751424,0,0.0,0.0,0.8031198898259768,0.0,0,100
C_weaker_ordinal_smoothness,5,4,independent_mondrian,1,1192,0.8364093959731543,2.6451342281879193,2.728187919463087,0,0.0,0.0,0.4616289555911391,0.0,0,100
C_weaker_ordinal_smoothness,5,4,independent_mondrian,0,245,1,1.383673469387755,1.383673469387755,0,0.0,0.0,inf,inf,1,5
C_weaker_ordinal_smoothness,5,4,ordinal_cluster,4,1174,0.893526405451448,1.581771720613288,1.581771720613288,0,0.0,0.0,0.6956170705506004,0.0,0,100
C_weaker_ordinal_smoothness,5,4,ordinal_cluster,3,1158,0.9395509499136442,2.160621761658031,2.160621761658031,0,0.0,0.0,0.7137692379899842,0.0,0,100
C_weaker_ordinal_smoothness,5,4,ordinal_cluster,2,1231,0.8456539398862714,2.1819658813972382,2.1819658813972382,0,0.0,0.0,0.6472147947850991,0.0,0,100
C_weaker_ordinal_smoothness,5,4,ordinal_cluster,1,1192,0.9337248322147651,1.8833892617449663,1.8833892617449663,0,0.0,0.0,0.6530470555493598,0.0,0,100
C_weaker_ordinal_smoothness,5,4,ordinal_cluster,0,245,0.8979591836734694,1.510204081632653,1.510204081632653,0,0.0,0.0,0.4616289555911391,0.0,0,5
C_weaker_ordinal_smoothness,5,4,input_dependent_nonordinal,4,1174,0.8722316865417377,2.6209540034071552,4.656729131175468,0,0.7389422009999799,0.04134069674203625,-0.036211460899320314,0.04134069674203625,0,100
C_weaker_ordinal_smoothness,5,4,input_dependent_nonordinal,3,1158,0.9473229706390328,3.227979274611399,4.542314335060449,0,0.5929787044480377,0.02208443442297521,0.10649741093571385,0.02208443442297521,0,100
C_weaker_ordinal_smoothness,5,4,input_dependent_nonordinal,2,1231,0.9000812347684809,3.0138099106417546,3.6791226645004063,0.0008123476848090983,0.7656734571724779,0.021087075941305423,0.01875055718612284,0.021087075941305423,0,100
C_weaker_ordinal_smoothness,5,4,input_dependent_nonordinal,1,1192,0.8649328859060402,2.640939597315436,2.7063758389261743,0,0.5190121519372323,0.02685200206326489,-0.016873193346041926,0.02685200206326489,0,100
C_weaker_ordinal_smoothness,5,4,input_dependent_nonordinal,0,245,1,1.4326530612244899,1.4326530612244899,0,0.4321612673623406,0.014730351498892489,inf,inf,1,5
C_weaker_ordinal_smoothness,5,4,input_dependent_ordinal,4,1174,0.8747870528109029,2.6201022146507666,4.666950596252129,0,0.7348412831588367,0.034398439278552725,-0.039197379371520236,0.034398439278552725,0,100
C_weaker_ordinal_smoothness,5,4,input_dependent_ordinal,3,1158,0.9481865284974094,3.215889464594128,4.539723661485319,0,0.6765153180195942,0.02843720990334743,0.02762379731884479,0.02843720990334743,0,100
C_weaker_ordinal_smoothness,5,4,input_dependent_ordinal,2,1231,0.9000812347684809,3.0178716490658,3.6750609260763607,0,0.6237569722327457,0.024815240791020605,0.15579807712815497,0.024815240791020605,0,100
C_weaker_ordinal_smoothness,5,4,input_dependent_ordinal,1,1192,0.8800335570469798,2.6476510067114094,2.703020134228188,0,0.5667857477138337,0.021153800378366675,-0.05726962508551858,0.021153800378366675,0,100
C_weaker_ordinal_smoothness,5,4,input_dependent_ordinal,0,245,1,1.4408163265306122,1.4408163265306122,0,0.5045221209646529,0.017246300603235586,inf,inf,1,5
C_weaker_ordinal_smoothness,5,5,independent_mondrian,4,1211,0.9372419488026424,2.568951279933939,4.835672997522709,0,0.0,0.0,0.803327226282654,0.0,0,100
C_weaker_ordinal_smoothness,5,5,independent_mondrian,2,1208,0.9544701986754967,3.0182119205298013,3.605132450331126,0,0.0,0.0,0.8930981957328981,0.0,0,100
C_weaker_ordinal_smoothness,5,5,independent_mondrian,3,1169,0.8562874251497006,3.46535500427716,4.680923866552609,0,0.0,0.0,0.5226268224598419,0.0,0,100
C_weaker_ordinal_smoothness,5,5,independent_mondrian,1,1189,0.8915054667788057,2.757779646761985,2.8132884777123635,0,0.0,0.0,0.5450882126483451,0.0,0,100
C_weaker_ordinal_smoothness,5,5,independent_mondrian,0,223,1,1.515695067264574,1.5201793721973094,0,0.0,0.0,inf,inf,1,5
C_weaker_ordinal_smoothness,5,5,ordinal_cluster,4,1211,0.8654004954582989,1.565648224607762,1.565648224607762,0,0.0,0.0,0.6302113260736694,0.0,0,100
C_weaker_ordinal_smoothness,5,5,ordinal_cluster,2,1208,0.8261589403973509,2.202814569536424,2.202814569536424,0,0.0,0.0,0.6151786952959379,0.0,0,100
C_weaker_ordinal_smoothness,5,5,ordinal_cluster,3,1169,0.9401197604790419,2.0727117194183062,2.0727117194183062,0,0.0,0.0,0.7236719283968555,0.0,0,100
C_weaker_ordinal_smoothness,5,5,ordinal_cluster,1,1189,0.9596299411269975,1.9882253994953742,1.9882253994953742,0,0.0,0.0,0.6994145047852176,0.0,0,100
C_weaker_ordinal_smoothness,5,5,ordinal_cluster,0,223,0.9147982062780269,1.6053811659192825,1.6053811659192825,0,0.0,0.0,0.5502282557062314,0.0,0,5
C_weaker_ordinal_smoothness,5,5,input_dependent_nonordinal,4,1211,0.9033856317093312,2.516928158546656,4.750619322873658,0,0.708891156761437,0.026601838742613862,-0.013710193849023167,0.026601838742613862,0,100
C_weaker_ordinal_smoothness,5,5,input_dependent_nonordinal,2,1208,0.9420529801324503,2.847682119205298,3.552980132450331,0,0.7637209228655553,0.025542846592941912,0.06119226803267197,0.025542846592941912,0,100
C_weaker_ordinal_smoothness,5,5,input_dependent_nonordinal,3,1169,0.8802395209580839,3.189905902480753,4.491017964071856,0,0.5816618111941455,0.023027111340303424,-0.03363712674909247,0.023027111340303424,0,100
C_weaker_ordinal_smoothness,5,5,input_dependent_nonordinal,1,1189,0.847771236333053,2.6324642556770397,2.7115222876366696,0,0.5167735704962182,0.018388084293607193,-0.0811686623037021,0.018388084293607186,0,100
C_weaker_ordinal_smoothness,5,5,input_dependent_nonordinal,0,223,1,1.4215246636771302,1.4260089686098654,0,0.46912351917331024,0.014482609311381147,inf,inf,1,5
C_weaker_ordinal_smoothness,5,5,input_dependent_ordinal,4,1211,0.9042113955408753,2.508670520231214,4.7514450867052025,0,0.7086161734475205,0.026411506632029187,-0.013068952806100431,0.026411506632029187,0,100
C_weaker_ordinal_smoothness,5,5,input_dependent_ordinal,2,1208,0.9403973509933775,2.855132450331126,3.5546357615894038,0,0.6129038539491916,0.021522695980417464,0.2002882284696742,0.021522695980417464,0,100
C_weaker_ordinal_smoothness,5,5,input_dependent_ordinal,3,1169,0.8845166809238666,3.195038494439692,4.495295124037639,0,0.6622894807127762,0.024518704837410345,-0.11025918819262115,0.024518704837410345,0,100
C_weaker_ordinal_smoothness,5,5,input_dependent_ordinal,1,1189,0.8502943650126157,2.6307821698906646,2.7081581160639194,0,0.5740497832990249,0.02006301203048362,-0.1319595183585881,0.02006301203048362,0,100
C_weaker_ordinal_smoothness,5,5,input_dependent_ordinal,0,223,1,1.4260089686098654,1.4304932735426008,0,0.5369324279694349,0.015219968801102457,inf,inf,1,5
C_weaker_ordinal_smoothness,5,6,independent_mondrian,1,1139,0.8691834942932397,2.730465320456541,2.7928007023705006,0,0.0,0.0,0.5009430476601192,0.0,0,100
C_weaker_ordinal_smoothness,5,6,independent_mondrian,2,1276,0.9247648902821317,3.085423197492163,3.699059561128527,0,0.0,0.0,0.8373453884735556,0.0,0,100
C_weaker_ordinal_smoothness,5,6,independent_mondrian,4,1190,0.9058823529411765,2.730252100840336,4.760504201680672,0,0.0,0.0,0.7428484114033398,0.0,0,100
C_weaker_ordinal_smoothness,5,6,independent_mondrian,3,1113,0.9469901168014375,3.415992812219227,4.656783468104223,0,0.0,0.0,0.7348542458876833,0.0,0,100
C_weaker_ordinal_smoothness,5,6,independent_mondrian,0,282,1,1.4432624113475176,1.446808510638298,0,0.0,0.0,inf,inf,1,5
C_weaker_ordinal_smoothness,5,6,ordinal_cluster,1,1139,0.9727831431079894,2.1167690956979808,2.1167690956979808,0,0.0,0.0,0.7690956330160644,0.0,0,100
C_weaker_ordinal_smoothness,5,6,ordinal_cluster,2,1276,0.8910658307210031,2.39576802507837,2.39576802507837,0,0.0,0.0,0.7466966752163421,0.0,0,100
C_weaker_ordinal_smoothness,5,6,ordinal_cluster,4,1190,0.9033613445378151,1.734453781512605,1.734453781512605,0,0.0,0.0,0.7348542458876833,0.0,0,100
C_weaker_ordinal_smoothness,5,6,ordinal_cluster,3,1113,0.9577717879604672,2.4168912848158133,2.4168912848158133,0,0.0,0.0,0.7813447356752377,0.0,0,100
C_weaker_ordinal_smoothness,5,6,ordinal_cluster,0,282,0.9361702127659575,1.7553191489361701,1.7553191489361701,0,0.0,0.0,0.5009430476601192,0.0,0,5
C_weaker_ordinal_smoothness,5,6,input_dependent_nonordinal,1,1139,0.9192273924495171,2.8015803336259877,2.8410886742756802,0,0.5282720631031246,0.019388748054960655,0.018428229146987773,0.019388748054960655,0,100
C_weaker_ordinal_smoothness,5,6,input_dependent_nonordinal,2,1276,0.9412225705329154,2.9780564263322886,3.5705329153605017,0,0.7187729894020809,0.015415925773983558,0.15878612695481453,0.015415925773983558,0,100
C_weaker_ordinal_smoothness,5,6,input_dependent_nonordinal,4,1190,0.8831932773109243,2.603361344537815,4.699159663865546,0,0.7344677100628035,0.032154758413972195,-0.04866042541423299,0.032154758413972195,0,100
C_weaker_ordinal_smoothness,5,6,input_dependent_nonordinal,3,1113,0.9209344115004492,3.27403414195867,4.493261455525606,0,0.5615311063951208,0.025560388885282875,0.04983270552879293,0.025560388885282875,0,100
C_weaker_ordinal_smoothness,5,6,input_dependent_nonordinal,0,282,1,1.5177304964539007,1.5177304964539007,0,0.45214938596061593,0.027482215344205467,inf,inf,1,5
C_weaker_ordinal_smoothness,5,6,input_dependent_ordinal,1,1139,0.9174714661984197,2.7576821773485514,2.7989464442493417,0,0.5589118213286868,0.01835468365301498,-0.015813721682565007,0.01835468365301498,0,100
C_weaker_ordinal_smoothness,5,6,input_dependent_ordinal,2,1276,0.9310344827586207,2.957680250783699,3.5572100313479624,0,0.6038219763275617,0.022408400846792312,0.24700238780364248,0.022408400846792312,0,100
C_weaker_ordinal_smoothness,5,6,input_dependent_ordinal,4,1190,0.8739495798319328,2.5798319327731094,4.677310924369748,0,0.7108075619066464,0.028760699245011852,-0.03698986686112793,0.028760699245011852,0,100
C_weaker_ordinal_smoothness,5,6,input_dependent_ordinal,3,1113,0.921832884097035,3.233602875112309,4.484276729559748,0,0.6527371577763145,0.025288202223821818,-0.04095541915891754,0.025288202223821818,0,100
C_weaker_ordinal_smoothness,5,6,input_dependent_ordinal,0,282,1,1.5106382978723405,1.5106382978723405,0,0.5014319885937412,0.014531913843664205,inf,inf,1,5
C_weaker_ordinal_smoothness,5,7,independent_mondrian,4,1195,0.9313807531380753,2.6443514644351462,4.815062761506276,0,0.0,0.0,0.7677860292980817,0.0,0,100
C_weaker_ordinal_smoothness,5,7,independent_mondrian,1,1217,0.9334428923582581,2.678718159408381,2.71569433032046,0,0.0,0.0,0.5941644853133986,0.0,0,100
C_weaker_ordinal_smoothness,5,7,independent_mondrian,2,1156,0.8849480968858131,3.1219723183391004,3.708477508650519,0,0.0,0.0,0.7319786137114208,0.0,0,100
C_weaker_ordinal_smoothness,5,7,independent_mondrian,3,1217,0.9367296631059984,3.3393590797041908,4.658997534921939,0,0.0,0.0,0.6848169190125218,0.0,0,100
C_weaker_ordinal_smoothness,5,7,independent_mondrian,0,215,1,1.5395348837209302,1.5395348837209302,0,0.0,0.0,inf,inf,1,5
C_weaker_ordinal_smoothness,5,7,ordinal_cluster,4,1195,0.9271966527196652,1.6493723849372386,1.6493723849372386,0,0.0,0.0,0.7561711373895856,0.0,0,100
C_weaker_ordinal_smoothness,5,7,ordinal_cluster,1,1217,0.9498767460969597,2.1092851273623663,2.1092851273623663,0,0.0,0.0,0.6503894003548418,0.0,0,100
C_weaker_ordinal_smoothness,5,7,ordinal_cluster,2,1156,0.8460207612456747,2.2465397923875434,2.2465397923875434,0,0.0,0.0,0.6503894003548418,0.0,0,100
C_weaker_ordinal_smoothness,5,7,ordinal_cluster,3,1217,0.952341824157765,2.256368118323747,2.256368118323747,0,0.0,0.0,0.7319786137114208,0.0,0,100
C_weaker_ordinal_smoothness,5,7,ordinal_cluster,0,215,0.9488372093023256,1.544186046511628,1.544186046511628,0,0.0,0.0,0.5941644853133986,0.0,0,5
C_weaker_ordinal_smoothness,5,7,input_dependent_nonordinal,4,1195,0.9196652719665271,2.589958158995816,4.80836820083682,0,0.678209158444892,0.019050347050952137,0.030782891206053598,0.019050347050952137,0,100
C_weaker_ordinal_smoothness,5,7,input_dependent_nonordinal,1,1217,0.8981101068200493,2.62202136400986,2.6836483155299917,0,0.49318305111125765,0.014795226573837547,0.0031889290074066934,0.014795226573837547,0,100
C_weaker_ordinal_smoothness,5,7,input_dependent_nonordinal,2,1156,0.8987889273356401,2.9550173010380623,3.631487889273356,0,0.8141906242105449,0.027035664855871357,-0.04437750938597573,0.027035664855871357,0,100
C_weaker_ordinal_smoothness,5,7,input_dependent_nonordinal,3,1217,0.9276910435497124,3.1947411668036154,4.543960558751027,0,0.5716382918841801,0.0210906906482086,0.06638155159865344,0.0210906906482086,0,100
C_weaker_ordinal_smoothness,5,7,input_dependent_nonordinal,0,215,1,1.4046511627906977,1.4046511627906977,0,0.42872100933796886,0.023944506419252817,inf,inf,1,5
C_weaker_ordinal_smoothness,5,7,input_dependent_ordinal,4,1195,0.9246861924686193,2.5790794979079497,4.815899581589958,0,0.6955484277506491,0.021234547592419117,0.019511069670919645,0.021234547592419117,0,100
C_weaker_ordinal_smoothness,5,7,input_dependent_ordinal,1,1217,0.9079704190632704,2.616269515201315,2.6696795398520954,0,0.5736845574429261,0.018692952442155377,-0.05497145311638563,0.018692952442155377,0,100
C_weaker_ordinal_smoothness,5,7,input_dependent_ordinal,2,1156,0.8944636678200693,2.972318339100346,3.635813148788927,0,0.6171406577943532,0.019197262477138956,0.13000143088088034,0.019197262477138956,0,100
C_weaker_ordinal_smoothness,5,7,input_dependent_ordinal,3,1217,0.9268693508627773,3.1832374691865244,4.547247329498767,0,0.6544695996204207,0.019671442938337204,-0.02025625174063972,0.019671442938337204,0,100
C_weaker_ordinal_smoothness,5,7,input_dependent_ordinal,0,215,1,1.3906976744186046,1.3906976744186046,0,0.5154762615482428,0.019055385974916746,inf,inf,1,5
C_weaker_ordinal_smoothness,5,8,independent_mondrian,1,1174,0.9114139693356048,2.55366269165247,2.6039182282793867,0,0.0,0.0,0.5522815560925105,0.0,0,100
C_weaker_ordinal_smoothness,5,8,independent_mondrian,4,1211,0.9174236168455822,2.5152766308835672,4.791081750619323,0,0.0,0.0,0.7336494090709861,0.0,0,100
C_weaker_ordinal_smoothness,5,8,independent_mondrian,2,1190,0.8554621848739495,2.930252100840336,3.569747899159664,0,0.0,0.0,0.6750284057263071,0.0,0,100
C_weaker_ordinal_smoothness,5,8,independent_mondrian,3,1182,0.88917089678511,3.1683587140439933,4.580372250423012,0,0.0,0.0,0.5942922834427572,0.0,0,100
C_weaker_ordinal_smoothness,5,8,independent_mondrian,0,243,1,1.4609053497942386,1.4609053497942386,0,0.0,0.0,inf,inf,1,5
C_weaker_ordinal_smoothness,5,8,ordinal_cluster,1,1174,0.9352640545144804,1.9088586030664396,1.9088586030664396,0,0.0,0.0,0.606901642019404,0.0,0,100
C_weaker_ordinal_smoothness,5,8,ordinal_cluster,4,1211,0.8645747316267548,1.4715111478117258,1.4715111478117258,0,0.0,0.0,0.6225076842084173,0.0,0,100
C_weaker_ordinal_smoothness,5,8,ordinal_cluster,2,1190,0.8042016806722689,2.015126050420168,2.015126050420168,0,0.0,0.0,0.6001050608135526,0.0,0,100
C_weaker_ordinal_smoothness,5,8,ordinal_cluster,3,1182,0.9077834179357022,1.9923857868020305,1.9923857868020305,0,0.0,0.0,0.631386534333219,0.0,0,100
C_weaker_ordinal_smoothness,5,8,ordinal_cluster,0,243,0.9094650205761317,1.4362139917695473,1.4362139917695473,0,0.0,0.0,0.5522815560925105,0.0,0,5
C_weaker_ordinal_smoothness,5,8,input_dependent_nonordinal,1,1174,0.9011925042589438,2.5766609880749574,2.631175468483816,0.0008517887563884157,0.5117730252909504,0.0206496080154041,-0.009787082265196034,0.0206496080154041,0,100
C_weaker_ordinal_smoothness,5,8,input_dependent_nonordinal,4,1211,0.9430222956234517,2.5061932287365813,4.865400495458299,0,0.6908463387575974,0.03846264655891355,0.08373995592477457,0.03846264655891355,0,100
C_weaker_ordinal_smoothness,5,8,input_dependent_nonordinal,2,1190,0.8840336134453781,2.904201680672269,3.5865546218487396,0,0.7244312017840854,0.008331965807171167,-0.01534120471351963,0.008331965807171167,0,100
C_weaker_ordinal_smoothness,5,8,input_dependent_nonordinal,3,1182,0.8866328257191202,3.2165820642978002,4.598138747884941,0.00338409475465313,0.5942190045124325,0.020103961363230692,-0.019603545198356498,0.020103961363230692,0,100
C_weaker_ordinal_smoothness,5,8,input_dependent_nonordinal,0,243,1,1.3991769547325104,1.3991769547325104,0,0.4531343578929327,0.014510890144712232,inf,inf,1,5
C_weaker_ordinal_smoothness,5,8,input_dependent_ordinal,1,1174,0.9028960817717206,2.578364565587734,2.6320272572402046,0,0.5565285380628223,0.013499689546124004,-0.06627735189847167,0.013499689546124004,0,100
C_weaker_ordinal_smoothness,5,8,input_dependent_ordinal,4,1211,0.935590421139554,2.4979355904211396,4.845582163501239,0,0.6922580408936342,0.02892216429007859,0.07347155173799624,0.02892216429007859,0,100
C_weaker_ordinal_smoothness,5,8,input_dependent_ordinal,2,1190,0.8873949579831932,2.881512605042017,3.5680672268907565,0,0.6026606825214286,0.01747816916117343,0.12310654066024151,0.01747816916117343,0,100
C_weaker_ordinal_smoothness,5,8,input_dependent_ordinal,3,1182,0.8857868020304569,3.212351945854484,4.598138747884941,0,0.6661676456556969,0.02345344040843584,-0.09587028443507428,0.02345344040843584,0,100
C_weaker_ordinal_smoothness,5,8,input_dependent_ordinal,0,243,1,1.3991769547325104,1.3991769547325104,0,0.5115206954937668,0.00887799971295192,inf,inf,1,5
C_weaker_ordinal_smoothness,5,9,independent_mondrian,1,1180,0.9279661016949152,2.7101694915254235,2.7415254237288136,0,0.0,0.0,0.6254873580818299,0.0,0,100
C_weaker_ordinal_smoothness,5,9,independent_mondrian,4,1144,0.9117132867132867,2.6153846153846154,4.77534965034965,0,0.0,0.0,0.7849520328814408,0.0,0,100
C_weaker_ordinal_smoothness,5,9,independent_mondrian,0,219,1,1.63013698630137,1.63013698630137,0,0.0,0.0,inf,inf,1,5
C_weaker_ordinal_smoothness,5,9,independent_mondrian,2,1228,0.9079804560260586,3.0789902280130295,3.6164495114006514,0,0.0,0.0,0.8171279930880249,0.0,0,100
C_weaker_ordinal_smoothness,5,9,independent_mondrian,3,1229,0.9039869812855981,3.4092758340113916,4.659886086248983,0,0.0,0.0,0.5826549336164129,0.0,0,100
C_weaker_ordinal_smoothness,5,9,ordinal_cluster,1,1180,0.9355932203389831,2.051694915254237,2.051694915254237,0,0.0,0.0,0.6511328000202885,0.0,0,100
C_weaker_ordinal_smoothness,5,9,ordinal_cluster,4,1144,0.8496503496503497,1.4982517482517483,1.4982517482517483,0,0.0,0.0,0.629717508240987,0.0,0,100
C_weaker_ordinal_smoothness,5,9,ordinal_cluster,0,219,0.958904109589041,1.5570776255707763,1.5570776255707763,0,0.0,0.0,0.6254873580818299,0.0,0,5
C_weaker_ordinal_smoothness,5,9,ordinal_cluster,2,1228,0.8208469055374593,2.0985342019543975,2.0985342019543975,0,0.0,0.0,0.6254873580818299,0.0,0,100
C_weaker_ordinal_smoothness,5,9,ordinal_cluster,3,1229,0.9259560618388935,2.050447518307567,2.050447518307567,0,0.0,0.0,0.6387271315830927,0.0,0,100
C_weaker_ordinal_smoothness,5,9,input_dependent_nonordinal,1,1180,0.9059322033898305,2.6161016949152542,2.661864406779661,0.000847457627118644,0.5158165388308196,0.017579844859032766,0.029496059935024466,0.017579844859032766,0,100
C_weaker_ordinal_smoothness,5,9,input_dependent_nonordinal,4,1144,0.9230769230769231,2.5262237762237763,4.808566433566433,0,0.7443286306546079,0.04251265438821088,0.029864945402106824,0.04251265438821088,0,100
C_weaker_ordinal_smoothness,5,9,input_dependent_nonordinal,0,219,1,1.5251141552511416,1.5251141552511416,0,0.45245724243726515,0.01803294826148526,inf,inf,1,5
C_weaker_ordinal_smoothness,5,9,input_dependent_nonordinal,2,1228,0.8925081433224755,2.8900651465798046,3.543973941368078,0.004071661237785016,0.7466373312805176,0.02910521944383224,0.023318827989708024,0.02910521944383224,0,100
C_weaker_ordinal_smoothness,5,9,input_dependent_nonordinal,3,1229,0.8559804719283971,3.1887713588283155,4.55573637103336,0,0.5640714884006977,0.022585372695540038,-0.04932164094124308,0.022585372695540038,0,100
C_weaker_ordinal_smoothness,5,9,input_dependent_ordinal,1,1180,0.9042372881355932,2.6245762711864407,2.672033898305085,0.000847457627118644,0.5603660128700777,0.018728218875573695,-0.015246291165251169,0.018728218875573695,0,100
C_weaker_ordinal_smoothness,5,9,input_dependent_ordinal,4,1144,0.9230769230769231,2.515734265734266,4.813811188811189,0,0.7249474062684146,0.0383094553224089,0.04807259047403101,0.0383094553224089,0,100
C_weaker_ordinal_smoothness,5,9,input_dependent_ordinal,0,219,1,1.5251141552511416,1.5251141552511416,0,0.5049521850635839,0.015832567772536818,inf,inf,1,5
C_weaker_ordinal_smoothness,5,9,input_dependent_ordinal,2,1228,0.9014657980456026,2.8786644951140063,3.527687296416938,0.003257328990228013,0.6076903963076831,0.024246990880450795,0.1643782771493582,0.024246990880450795,0,100
C_weaker_ordinal_smoothness,5,9,input_dependent_ordinal,3,1229,0.8340113913751017,3.1741253051261187,4.549227013832384,0,0.6635488736850075,0.030019791995429868,-0.1603590495822772,0.030019791995429868,0,100
C_weaker_ordinal_smoothness,5,10,independent_mondrian,4,1245,0.9172690763052209,2.7156626506024097,4.811244979919679,0,0.0,0.0,0.7991730713335116,0.0,0,100
C_weaker_ordinal_smoothness,5,10,independent_mondrian,0,229,1,1.4279475982532752,1.4279475982532752,0,0.0,0.0,inf,inf,1,5
C_weaker_ordinal_smoothness,5,10,independent_mondrian,3,1204,0.9443521594684385,3.395348837209302,4.675249169435216,0,0.0,0.0,0.7374465769288584,0.0,0,100
C_weaker_ordinal_smoothness,5,10,independent_mondrian,2,1168,0.8946917808219178,3.131849315068493,3.764554794520548,0,0.0,0.0,0.7737070984861767,0.0,0,100
C_weaker_ordinal_smoothness,5,10,independent_mondrian,1,1154,0.8960138648180243,2.682842287694974,2.733968804159445,0,0.0,0.0,0.5168923258767798,0.0,0,100
C_weaker_ordinal_smoothness,5,10,ordinal_cluster,4,1245,0.8995983935742972,1.6923694779116465,1.6923694779116465,0,0.0,0.0,0.7510515855911519,0.0,0,100
C_weaker_ordinal_smoothness,5,10,ordinal_cluster,0,229,0.9388646288209607,1.6331877729257642,1.6331877729257642,0,0.0,0.0,0.5386231074603545,0.0,0,5
C_weaker_ordinal_smoothness,5,10,ordinal_cluster,3,1204,0.9493355481727574,2.340531561461794,2.340531561461794,0,0.0,0.0,0.7670752692366178,0.0,0,100
C_weaker_ordinal_smoothness,5,10,ordinal_cluster,2,1168,0.8690068493150684,2.356164383561644,2.356164383561644,0,0.0,0.0,0.7145425127805703,0.0,0,100
C_weaker_ordinal_smoothness,5,10,ordinal_cluster,1,1154,0.9696707105719238,2.1299826689774695,2.1299826689774695,0,0.0,0.0,0.7145425127805703,0.0,0,100
C_weaker_ordinal_smoothness,5,10,input_dependent_nonordinal,4,1245,0.9140562248995984,2.5558232931726907,4.783935742971887,0,0.7023272269188598,0.023589431839908758,0.053610160768841064,0.023589431839908758,0,100
C_weaker_ordinal_smoothness,5,10,input_dependent_nonordinal,0,229,1,1.3537117903930131,1.3537117903930131,0,0.4320911435966671,0.016500436754128604,inf,inf,1,5
C_weaker_ordinal_smoothness,5,10,input_dependent_nonordinal,3,1204,0.9210963455149501,3.1652823920265782,4.576411960132891,0,0.5674852229220325,0.018198890649075497,0.04992274525648055,0.018198890649075497,0,100
C_weaker_ordinal_smoothness,5,10,input_dependent_nonordinal,2,1168,0.8621575342465754,2.8672945205479454,3.587328767123288,0,0.7258193770147522,0.017068779569630252,-0.024641678313674475,0.017068779569630252,0,100
C_weaker_ordinal_smoothness,5,10,input_dependent_nonordinal,1,1154,0.8639514731369151,2.5121317157712304,2.572790294627383,0,0.5050187462251523,0.02082210774750413,-0.04702545997438701,0.02082210774750413,0,100
C_weaker_ordinal_smoothness,5,10,input_dependent_ordinal,4,1245,0.9188755020080321,2.5630522088353414,4.795983935742972,0,0.6968501352567487,0.02032115871522392,0.06673066532418592,0.02032115871522392,0,100
C_weaker_ordinal_smoothness,5,10,input_dependent_ordinal,0,229,1,1.3449781659388647,1.3449781659388647,0,0.4978314118202118,0.0169687466595253,inf,inf,1,5
C_weaker_ordinal_smoothness,5,10,input_dependent_ordinal,3,1204,0.920265780730897,3.160299003322259,4.585548172757475,0,0.6461412055979793,0.020309679619903133,-0.024972005604635306,0.020309679619903133,0,100
C_weaker_ordinal_smoothness,5,10,input_dependent_ordinal,2,1168,0.8638698630136986,2.8621575342465753,3.5881849315068495,0,0.5961955286097623,0.019170234596084957,0.1041833271867394,0.019170234596084957,0,100
C_weaker_ordinal_smoothness,5,10,input_dependent_ordinal,1,1154,0.8578856152512998,2.5025996533795496,2.564991334488735,0,0.5510564691892748,0.018504338601279553,-0.10080589602353285,0.018504338601279553,0,100
C_weaker_ordinal_smoothness,5,11,independent_mondrian,3,1200,0.8683333333333333,3.4033333333333333,4.6125,0,0.0,0.0,0.5349238066152998,0.0,0,100
C_weaker_ordinal_smoothness,5,11,independent_mondrian,4,1173,0.8976982097186701,2.588235294117647,4.728047740835464,0,0.0,0.0,0.7440207812478263,0.0,0,100
C_weaker_ordinal_smoothness,5,11,independent_mondrian,2,1212,0.9513201320132013,3.0033003300330035,3.589108910891089,0,0.0,0.0,0.9277663424224794,0.0,0,100
C_weaker_ordinal_smoothness,5,11,independent_mondrian,1,1155,0.8995670995670996,2.7835497835497836,2.8372294372294373,0,0.0,0.0,0.5574965892530914,0.0,0,100
C_weaker_ordinal_smoothness,5,11,independent_mondrian,0,260,1,1.603846153846154,1.603846153846154,0,0.0,0.0,inf,inf,1,5
C_weaker_ordinal_smoothness,5,11,ordinal_cluster,3,1200,0.9575,2.1675,2.1675,0,0.0,0.0,0.7682575070305008,0.0,0,100
C_weaker_ordinal_smoothness,5,11,ordinal_cluster,4,1173,0.8482523444160273,1.6265984654731458,1.6265984654731458,0,0.0,0.0,0.6433110812174829,0.0,0,100
C_weaker_ordinal_smoothness,5,11,ordinal_cluster,2,1212,0.834983498349835,2.315181518151815,2.315181518151815,0,0.0,0.0,0.6498471514226635,0.0,0,100
C_weaker_ordinal_smoothness,5,11,ordinal_cluster,1,1155,0.9636363636363636,2.065800865800866,2.065800865800866,0,0.0,0.0,0.7333517257990195,0.0,0,100
C_weaker_ordinal_smoothness,5,11,ordinal_cluster,0,260,0.9384615384615385,1.6692307692307693,1.6692307692307693,0,0.0,0.0,0.5574965892530914,0.0,0,5
C_weaker_ordinal_smoothness,5,11,input_dependent_nonordinal,3,1200,0.8883333333333333,3.296666666666667,4.595,0,0.5776413991509268,0.024501587745397263,-0.026353703617923663,0.024501587745397263,0,100
C_weaker_ordinal_smoothness,5,11,input_dependent_nonordinal,4,1173,0.9147485080988917,2.5515771526001707,4.783461210571185,0,0.6651156493138812,0.019785599194787794,0.10541664794051075,0.019785599194787794,0,100
C_weaker_ordinal_smoothness,5,11,input_dependent_nonordinal,2,1212,0.9207920792079208,2.957095709570957,3.5915841584158414,0,0.7641915256001719,0.02438717093424319,0.06616455125552778,0.02438717093424319,0,100
C_weaker_ordinal_smoothness,5,11,input_dependent_nonordinal,1,1155,0.8978354978354979,2.6831168831168832,2.7341991341991343,0,0.5087815161459974,0.0212963970339597,0.030377833329947368,0.0212963970339597,0,100
C_weaker_ordinal_smoothness,5,11,input_dependent_nonordinal,0,260,1,1.4692307692307693,1.4692307692307693,0,0.42285664904648834,0.018155338554304533,inf,inf,1,5
C_weaker_ordinal_smoothness,5,11,input_dependent_ordinal,3,1200,0.89,3.3033333333333332,4.6,0.0008333333333333334,0.6443769944752488,0.02297950655403817,-0.09301809471691846,0.02297950655403817,0,100
C_weaker_ordinal_smoothness,5,11,input_dependent_ordinal,4,1173,0.9181585677749361,2.554987212276215,4.791986359761296,0.0017050298380221654,0.6823364593341109,0.02280912961964967,0.09621533552187567,0.02280912961964967,0,100
C_weaker_ordinal_smoothness,5,11,input_dependent_ordinal,2,1212,0.9207920792079208,2.9686468646864688,3.597359735973597,0.0008250825082508251,0.6052625167878023,0.021553486786476506,0.22503486675304862,0.0215534867864765,0,100
C_weaker_ordinal_smoothness,5,11,input_dependent_ordinal,1,1155,0.9012987012987013,2.6926406926406927,2.741991341991342,0,0.5653350018301665,0.023350370347533476,-0.02211334471711862,0.023350370347533476,0,100
C_weaker_ordinal_smoothness,5,11,input_dependent_ordinal,0,260,1,1.4807692307692308,1.4807692307692308,0,0.5201117267873028,0.02356628636688852,inf,inf,1,5
C_weaker_ordinal_smoothness,5,12,independent_mondrian,1,1190,0.9327731092436975,2.7109243697478993,2.7411764705882353,0,0.0,0.0,0.5926993935473858,0.0,0,100
C_weaker_ordinal_smoothness,5,12,independent_mondrian,2,1136,0.9163732394366197,2.9471830985915495,3.4982394366197185,0,0.0,0.0,0.8172909372974761,0.0,0,100
C_weaker_ordinal_smoothness,5,12,independent_mondrian,4,1201,0.8767693588676103,2.492089925062448,4.683597002497918,0,0.0,0.0,0.6526606239268837,0.0,0,100
C_weaker_ordinal_smoothness,5,12,independent_mondrian,3,1211,0.8538398018166804,3.189925681255161,4.492981007431874,0,0.0,0.0,0.5406331627413932,0.0,0,100
C_weaker_ordinal_smoothness,5,12,independent_mondrian,0,262,1,1.5458015267175573,1.5458015267175573,0,0.0,0.0,inf,inf,1,5
C_weaker_ordinal_smoothness,5,12,ordinal_cluster,1,1190,0.9596638655462185,2.053781512605042,2.053781512605042,0,0.0,0.0,0.6861246121450635,0.0,0,100
C_weaker_ordinal_smoothness,5,12,ordinal_cluster,2,1136,0.8389084507042254,2.163732394366197,2.163732394366197,0,0.0,0.0,0.6391848727523041,0.0,0,100
C_weaker_ordinal_smoothness,5,12,ordinal_cluster,4,1201,0.858451290591174,1.533721898417985,1.533721898417985,0,0.0,0.0,0.6162518793884156,0.0,0,100
C_weaker_ordinal_smoothness,5,12,ordinal_cluster,3,1211,0.9248554913294798,2.0660611065235344,2.0660611065235344,0,0.0,0.0,0.6734844630686048,0.0,0,100
C_weaker_ordinal_smoothness,5,12,ordinal_cluster,0,262,0.950381679389313,1.5954198473282444,1.5954198473282444,0,0.0,0.0,0.5926993935473858,0.0,0,5
C_weaker_ordinal_smoothness,5,12,input_dependent_nonordinal,1,1190,0.9260504201680673,2.665546218487395,2.6957983193277313,0,0.48437512468497324,0.016196495681877195,0.08226626823244498,0.016196495681877195,0,100
C_weaker_ordinal_smoothness,5,12,input_dependent_nonordinal,2,1136,0.9128521126760564,2.9392605633802815,3.539612676056338,0,0.7525522836963818,0.011531252503291659,0.043051937278202,0.011531252503291659,0,100
C_weaker_ordinal_smoothness,5,12,input_dependent_nonordinal,4,1201,0.8967527060782681,2.4771024146544547,4.736053288925895,0,0.718516762695087,0.02159851281996882,-0.03695108736025765,0.02159851281996882,0,100
C_weaker_ordinal_smoothness,5,12,input_dependent_nonordinal,3,1211,0.8868703550784476,3.1973575557390586,4.515276630883568,0,0.5980816417661181,0.020309064167689374,-0.03904014789881394,0.020309064167689374,0,100
C_weaker_ordinal_smoothness,5,12,input_dependent_nonordinal,0,262,1,1.5305343511450382,1.5305343511450382,0,0.44338543708522044,0.01941643430967002,inf,inf,1,5
C_weaker_ordinal_smoothness,5,12,input_dependent_ordinal,1,1190,0.9252100840336135,2.635294117647059,2.6663865546218486,0,0.5436722493531838,0.014842442002236384,0.017666855010701144,0.014842442002236384,0,100
C_weaker_ordinal_smoothness,5,12,input_dependent_ordinal,2,1136,0.9049295774647887,2.933098591549296,3.5378521126760565,0,0.6084219848155119,0.017241357831195195,0.1730468241541513,0.017241357831195195,0,100
C_weaker_ordinal_smoothness,5,12,input_dependent_ordinal,4,1201,0.8950874271440467,2.4737718567860116,4.729392173189009,0,0.7225713659475368,0.020791654526023613,-0.04213444168256886,0.020791654526023613,0,100
C_weaker_ordinal_smoothness,5,12,input_dependent_ordinal,3,1211,0.8876961189099918,3.16597853014038,4.514450867052023,0,0.6735854715322191,0.01824394355610593,-0.11268090898075489,0.01824394355610593,0,100
C_weaker_ordinal_smoothness,5,12,input_dependent_ordinal,0,262,1,1.5229007633587786,1.5229007633587786,0,0.4979117660106956,0.012562849336764936,inf,inf,1,5
C_weaker_ordinal_smoothness,5,13,independent_mondrian,1,1224,0.8643790849673203,2.7565359477124183,2.826797385620915,0,0.0,0.0,0.49340927594697,0.0,0,100
C_weaker_ordinal_smoothness,5,13,independent_mondrian,3,1166,0.9271012006861064,3.444253859348199,4.6183533447684395,0,0.0,0.0,0.6345746423094167,0.0,0,100
C_weaker_ordinal_smoothness,5,13,independent_mondrian,2,1147,0.942458587619878,2.99128160418483,3.6129032258064515,0,0.0,0.0,0.8937261878223272,0.0,0,100
C_weaker_ordinal_smoothness,5,13,independent_mondrian,4,1193,0.911986588432523,2.6672254819782064,4.7845766974015085,0,0.0,0.0,0.7395539433971486,0.0,0,100
C_weaker_ordinal_smoothness,5,13,independent_mondrian,0,270,1,1.385185185185185,1.385185185185185,0,0.0,0.0,inf,inf,1,5
C_weaker_ordinal_smoothness,5,13,ordinal_cluster,1,1224,0.9705882352941176,2.0359477124183005,2.0359477124183005,0,0.0,0.0,0.7518185854635725,0.0,0,100
C_weaker_ordinal_smoothness,5,13,ordinal_cluster,3,1166,0.9588336192109777,2.2770154373927958,2.2770154373927958,0,0.0,0.0,0.7443280446986418,0.0,0,100
C_weaker_ordinal_smoothness,5,13,ordinal_cluster,2,1147,0.8805579773321709,2.3269398430688755,2.3269398430688755,0,0.0,0.0,0.6957864793621067,0.0,0,100
C_weaker_ordinal_smoothness,5,13,ordinal_cluster,4,1193,0.8809723386420788,1.67476948868399,1.67476948868399,0,0.0,0.0,0.6715358446759089,0.0,0,100
C_weaker_ordinal_smoothness,5,13,ordinal_cluster,0,270,0.9148148148148149,1.6777777777777778,1.6777777777777778,0,0.0,0.0,0.49340927594697,0.0,0,5
C_weaker_ordinal_smoothness,5,13,input_dependent_nonordinal,1,1224,0.8815359477124183,2.7222222222222223,2.7834967320261437,0,0.4855761079081206,0.014873446436501707,0.011214654550108283,0.014873446436501707,0,100
C_weaker_ordinal_smoothness,5,13,input_dependent_nonordinal,3,1166,0.9013722126929674,3.2495711835334475,4.507718696397942,0,0.5765990929778029,0.03382786739814456,0.01250517407249735,0.03382786739814456,0,100
C_weaker_ordinal_smoothness,5,13,input_dependent_nonordinal,2,1147,0.942458587619878,2.9215344376634698,3.5588491717523976,0,0.7236632379414115,0.023098789533341345,0.1235175149631692,0.023098789533341345,0,100
C_weaker_ordinal_smoothness,5,13,input_dependent_nonordinal,4,1193,0.901089689857502,2.5666387259010897,4.7703269069572505,0,0.735107224088697,0.035347270295628876,-0.037917624086746815,0.035347270295628876,0,100
C_weaker_ordinal_smoothness,5,13,input_dependent_nonordinal,0,270,1,1.4,1.4,0,0.40635576787226824,0.016121064965896367,inf,inf,1,5
C_weaker_ordinal_smoothness,5,13,input_dependent_ordinal,1,1224,0.8888888888888888,2.712418300653595,2.7687908496732025,0,0.5282875635916543,0.016854504008863055,-0.023742424799749196,0.016854504008863055,0,100
C_weaker_ordinal_smoothness,5,13,input_dependent_ordinal,3,1166,0.8953687821612349,3.239279588336192,4.5,0,0.6594210117143628,0.029924655030719262,-0.0796454700849063,0.029924655030719262,0,100
C_weaker_ordinal_smoothness,5,13,input_dependent_ordinal,2,1147,0.942458587619878,2.919790758500436,3.5518744551002617,0,0.5955500781093068,0.024024468650754804,0.2465030916614892,0.024024468650754804,0,100
C_weaker_ordinal_smoothness,5,13,input_dependent_ordinal,4,1193,0.8985750209555742,2.5465213746856663,4.766135792120704,0,0.7249412898036983,0.038218471002082186,-0.02789029925119413,0.038218471002082186,0,100
C_weaker_ordinal_smoothness,5,13,input_dependent_ordinal,0,270,1,1.4074074074074074,1.4074074074074074,0,0.463124191161727,0.011267542717230464,inf,inf,1,5
C_weaker_ordinal_smoothness,5,14,independent_mondrian,1,1152,0.8654513888888888,2.5868055555555554,2.6527777777777777,0,0.0,0.0,0.4878110326998435,0.0,0,100
C_weaker_ordinal_smoothness,5,14,independent_mondrian,3,1142,0.8213660245183888,3.180385288966725,4.575306479859895,0,0.0,0.0,0.48142146225577187,0.0,0,100
C_weaker_ordinal_smoothness,5,14,independent_mondrian,2,1238,0.877221324717286,2.8449111470113086,3.516155088852989,0,0.0,0.0,0.7423296523853412,0.0,0,100
C_weaker_ordinal_smoothness,5,14,independent_mondrian,4,1167,0.8997429305912596,2.456726649528706,4.753213367609255,0,0.0,0.0,0.7512868813194162,0.0,0,100
C_weaker_ordinal_smoothness,5,14,independent_mondrian,0,301,1,1.3920265780730896,1.398671096345515,0,0.0,0.0,inf,inf,1,5
C_weaker_ordinal_smoothness,5,14,ordinal_cluster,1,1152,0.9305555555555556,1.8680555555555556,1.8680555555555556,0,0.0,0.0,0.6214934486861782,0.0,0,100
C_weaker_ordinal_smoothness,5,14,ordinal_cluster,3,1142,0.9448336252189142,2.0901926444833627,2.0901926444833627,0,0.0,0.0,0.7105135270337711,0.0,0,100
C_weaker_ordinal_smoothness,5,14,ordinal_cluster,2,1238,0.8037156704361874,2.0936995153473346,2.0936995153473346,0,0.0,0.0,0.6060746688838312,0.0,0,100
C_weaker_ordinal_smoothness,5,14,ordinal_cluster,4,1167,0.8688946015424165,1.6032562125107113,1.6032562125107113,0,0.0,0.0,0.6754623274352559,0.0,0,100
C_weaker_ordinal_smoothness,5,14,ordinal_cluster,0,301,0.9235880398671097,1.5249169435215948,1.5249169435215948,0,0.0,0.0,0.49810457777086387,0.0,0,5
C_weaker_ordinal_smoothness,5,14,input_dependent_nonordinal,1,1152,0.8602430555555556,2.5703125,2.6328125,0,0.5114692673418658,0.020977415360219753,-0.03611729662417967,0.020977415360219753,0,100
C_weaker_ordinal_smoothness,5,14,input_dependent_nonordinal,3,1142,0.8966725043782837,3.231173380035026,4.602451838879159,0,0.5861937399785899,0.026106678832604695,-0.003069325618922647,0.026106678832604695,0,100
C_weaker_ordinal_smoothness,5,14,input_dependent_nonordinal,2,1238,0.9022617124394184,2.9523424878836835,3.624394184168013,0,0.7480786271573026,0.02652006729961316,0.027579466976463407,0.02652006729961316,0,100
C_weaker_ordinal_smoothness,5,14,input_dependent_nonordinal,4,1167,0.9203084832904884,2.6083976006855183,4.80719794344473,0,0.6808454706731049,0.019107434473701775,0.10007991668104477,0.019107434473701775,0,100
C_weaker_ordinal_smoothness,5,14,input_dependent_nonordinal,0,301,1,1.4285714285714286,1.4285714285714286,0,0.4089344668724886,0.010172117285144383,inf,inf,1,5
C_weaker_ordinal_smoothness,5,14,input_dependent_ordinal,1,1152,0.8637152777777778,2.5460069444444446,2.6085069444444446,0,0.5563486435339327,0.02223317864638544,-0.07603553971306554,0.02223317864638544,0,100
C_weaker_ordinal_smoothness,5,14,input_dependent_ordinal,3,1142,0.8844133099824869,3.1987740805604203,4.601576182136602,0,0.6471326167435687,0.023262430593787582,-0.07931062117228932,0.023262430593787582,0,100
C_weaker_ordinal_smoothness,5,14,input_dependent_ordinal,2,1238,0.8941841680129241,2.9434571890145396,3.620355411954766,0,0.6081628188033261,0.02127970802615516,0.14215730743213573,0.02127970802615516,0,100
C_weaker_ordinal_smoothness,5,14,input_dependent_ordinal,4,1167,0.9237360754070265,2.570694087403599,4.814910025706941,0,0.6896171913108791,0.02334310972609577,0.10413879912970925,0.02334310972609577,0,100
C_weaker_ordinal_smoothness,5,14,input_dependent_ordinal,0,301,1,1.4186046511627908,1.4186046511627908,0,0.5014089642363398,0.021412121009668866,inf,inf,1,5
C_weaker_ordinal_smoothness,5,15,independent_mondrian,2,1147,0.9102005231037489,3.025283347863993,3.6059285091543156,0,0.0,0.0,0.8104091875964651,0.0,0,100
C_weaker_ordinal_smoothness,5,15,independent_mondrian,1,1218,0.9014778325123153,2.7208538587848934,2.770935960591133,0,0.0,0.0,0.5442223172741258,0.0,0,100
C_weaker_ordinal_smoothness,5,15,independent_mondrian,4,1209,0.8966087675765095,2.641852770885029,4.740281224152192,0,0.0,0.0,0.6827177246978091,0.0,0,100
C_weaker_ordinal_smoothness,5,15,independent_mondrian,3,1182,0.9153976311336718,3.2834179357021998,4.542301184433164,0,0.0,0.0,0.6591139999087555,0.0,0,100
C_weaker_ordinal_smoothness,5,15,independent_mondrian,0,244,1,1.4672131147540983,1.4672131147540983,0,0.0,0.0,inf,inf,1,5
C_weaker_ordinal_smoothness,5,15,ordinal_cluster,2,1147,0.8465562336530078,2.257192676547515,2.257192676547515,0,0.0,0.0,0.6731449087182484,0.0,0,100
C_weaker_ordinal_smoothness,5,15,ordinal_cluster,1,1218,0.9663382594417077,2.0591133004926108,2.0591133004926108,0,0.0,0.0,0.7171469501175524,0.0,0,100
C_weaker_ordinal_smoothness,5,15,ordinal_cluster,4,1209,0.8858560794044665,1.6335814722911497,1.6335814722911497,0,0.0,0.0,0.6615937406213556,0.0,0,100
C_weaker_ordinal_smoothness,5,15,ordinal_cluster,3,1182,0.934010152284264,2.197969543147208,2.197969543147208,0,0.0,0.0,0.7264651092367975,0.0,0,100
C_weaker_ordinal_smoothness,5,15,ordinal_cluster,0,244,0.9508196721311475,1.6762295081967213,1.6762295081967213,0,0.0,0.0,0.5442223172741258,0.0,0,5
C_weaker_ordinal_smoothness,5,15,input_dependent_nonordinal,2,1147,0.9145597210113339,2.975588491717524,3.5998256320836965,0,0.7496460727936289,0.02809723477413465,0.05198856285983078,0.02809723477413465,0,100
C_weaker_ordinal_smoothness,5,15,input_dependent_nonordinal,1,1218,0.8973727422003284,2.6970443349753697,2.742200328407225,0,0.5274664974175783,0.02448598505625918,-0.020466947368824984,0.02448598505625918,0,100
C_weaker_ordinal_smoothness,5,15,input_dependent_nonordinal,4,1209,0.902398676592225,2.638544251447477,4.750206782464847,0,0.7139188867213055,0.0338220127081347,-0.008141006060235378,0.0338220127081347,0,100
C_weaker_ordinal_smoothness,5,15,input_dependent_nonordinal,3,1182,0.937394247038917,3.236886632825719,4.534686971235194,0,0.6027721258308104,0.03868647617154374,0.07589857685411983,0.03868647617154374,0,100
C_weaker_ordinal_smoothness,5,15,input_dependent_nonordinal,0,244,1,1.4795081967213115,1.4795081967213115,0,0.48920029800417764,0.02653087275842538,inf,inf,1,5
C_weaker_ordinal_smoothness,5,15,input_dependent_ordinal,2,1147,0.9145597210113339,2.975588491717524,3.5998256320836965,0,0.6211787006495024,0.02705014247588637,0.17598625761500486,0.02705014247588637,0,100
C_weaker_ordinal_smoothness,5,15,input_dependent_ordinal,1,1218,0.8973727422003284,2.6888341543513956,2.7339901477832513,0,0.5812997380167276,0.024438581593796457,-0.07432973670209847,0.024438581593796457,0,100
C_weaker_ordinal_smoothness,5,15,input_dependent_ordinal,4,1209,0.901571546732837,2.62944582299421,4.744416873449132,0,0.7116780432153568,0.03493267142240946,-0.0059658182558726125,0.03493267142240946,0,100
C_weaker_ordinal_smoothness,5,15,input_dependent_ordinal,3,1182,0.94331641285956,3.240270727580372,4.5363790186125215,0,0.6747726247760781,0.03319426263032621,0.0008676167149938019,0.03319426263032621,0,100
C_weaker_ordinal_smoothness,5,15,input_dependent_ordinal,0,244,1,1.471311475409836,1.471311475409836,0,0.5217517110729277,0.02097496362528164,inf,inf,1,5
C_weaker_ordinal_smoothness,5,16,independent_mondrian,4,1204,0.9343853820598007,2.499169435215947,4.820598006644518,0,0.0,0.0,0.7882035112714578,0.0,0,100
C_weaker_ordinal_smoothness,5,16,independent_mondrian,2,1218,0.867816091954023,2.9704433497536944,3.6075533661740558,0,0.0,0.0,0.7128693031809843,0.0,0,100
C_weaker_ordinal_smoothness,5,16,independent_mondrian,3,1195,0.8820083682008368,3.2627615062761506,4.642677824267783,0,0.0,0.0,0.5687383321803808,0.0,0,100
C_weaker_ordinal_smoothness,5,16,independent_mondrian,1,1159,0.9154443485763589,2.5944779982743746,2.639344262295082,0,0.0,0.0,0.5584670160518955,0.0,0,100
C_weaker_ordinal_smoothness,5,16,independent_mondrian,0,224,1,1.4776785714285714,1.4776785714285714,0,0.0,0.0,inf,inf,1,5
C_weaker_ordinal_smoothness,5,16,ordinal_cluster,4,1204,0.9028239202657807,1.5664451827242525,1.5664451827242525,0,0.0,0.0,0.6982205958462341,0.0,0,100
C_weaker_ordinal_smoothness,5,16,ordinal_cluster,2,1218,0.7906403940886699,2.2077175697865354,2.2077175697865354,0,0.0,0.0,0.6000567323907119,0.0,0,100
C_weaker_ordinal_smoothness,5,16,ordinal_cluster,3,1195,0.9447698744769875,2.1280334728033474,2.1280334728033474,0,0.0,0.0,0.708966731736199,0.0,0,100
C_weaker_ordinal_smoothness,5,16,ordinal_cluster,1,1159,0.9542709232096636,2.00862812769629,2.00862812769629,0,0.0,0.0,0.6808549735551134,0.0,0,100
C_weaker_ordinal_smoothness,5,16,ordinal_cluster,0,224,0.9553571428571429,1.6294642857142858,1.6294642857142858,0,0.0,0.0,0.5922617737263077,0.0,0,5
C_weaker_ordinal_smoothness,5,16,input_dependent_nonordinal,4,1204,0.9310631229235881,2.5141196013289036,4.810631229235881,0,0.7017695405060238,0.019434799388994128,0.05878998788885548,0.019434799388994128,0,100
C_weaker_ordinal_smoothness,5,16,input_dependent_nonordinal,2,1218,0.8883415435139573,2.913793103448276,3.6018062397372743,0,0.7609532474915545,0.039063135067696785,-0.019926283096119546,0.039063135067696785,0,100
C_weaker_ordinal_smoothness,5,16,input_dependent_nonordinal,3,1195,0.9171548117154812,3.2225941422594144,4.606694560669456,0,0.5721510878287408,0.022484012686811453,0.023868425133927007,0.022484012686811453,0,100
C_weaker_ordinal_smoothness,5,16,input_dependent_nonordinal,1,1159,0.8895599654874892,2.5582398619499567,2.6074201898188094,0,0.5231634131227227,0.029844063193080292,-0.015495551041523503,0.029844063193080292,0,100
C_weaker_ordinal_smoothness,5,16,input_dependent_nonordinal,0,224,1,1.4375,1.4375,0,0.4430935944462628,0.025710342130506814,inf,inf,1,5
C_weaker_ordinal_smoothness,5,16,input_dependent_ordinal,4,1204,0.9352159468438538,2.509966777408638,4.824750830564784,0,0.6959598460007644,0.021308746520589946,0.06818245622450947,0.021308746520589946,0,100
C_weaker_ordinal_smoothness,5,16,input_dependent_ordinal,2,1218,0.8875205254515599,2.9211822660098523,3.6067323481116587,0.0008210180623973727,0.6109925271222262,0.027534703192586937,0.11548667334443946,0.027534703192586937,0,100
C_weaker_ordinal_smoothness,5,16,input_dependent_ordinal,3,1195,0.9163179916317992,3.221757322175732,4.6083682008368205,0,0.6618275925269538,0.02474016353314507,-0.06135230264929398,0.02474016353314507,0,100
C_weaker_ordinal_smoothness,5,16,input_dependent_ordinal,1,1159,0.8912855910267472,2.546160483175151,2.5953408110440033,0,0.5705603507186255,0.03232447742894792,-0.056999618006128405,0.03232447742894792,0,100
C_weaker_ordinal_smoothness,5,16,input_dependent_ordinal,0,224,1,1.4285714285714286,1.4285714285714286,0,0.5148632176417728,0.03462948556653731,inf,inf,1,5
C_weaker_ordinal_smoothness,5,17,independent_mondrian,0,232,1,1.4310344827586208,1.4310344827586208,0,0.0,0.0,inf,inf,1,5
C_weaker_ordinal_smoothness,5,17,independent_mondrian,4,1195,0.9087866108786611,2.5447698744769873,4.764853556485356,0,0.0,0.0,0.7188484417034507,0.0,0,100
C_weaker_ordinal_smoothness,5,17,independent_mondrian,3,1211,0.8951279933938894,3.167630057803468,4.578034682080925,0,0.0,0.0,0.6025214481520441,0.0,0,100
C_weaker_ordinal_smoothness,5,17,independent_mondrian,2,1187,0.8601516427969671,2.9106992417860154,3.5585509688289805,0,0.0,0.0,0.7011664524159552,0.0,0,100
C_weaker_ordinal_smoothness,5,17,independent_mondrian,1,1175,0.8808510638297873,2.541276595744681,2.5923404255319147,0,0.0,0.0,0.5208198502019679,0.0,0,100
C_weaker_ordinal_smoothness,5,17,ordinal_cluster,0,232,0.9353448275862069,1.5905172413793103,1.5905172413793103,0,0.0,0.0,0.5208198502019679,0.0,0,5
C_weaker_ordinal_smoothness,5,17,ordinal_cluster,4,1195,0.8594142259414226,1.5230125523012552,1.5230125523012552,0,0.0,0.0,0.6214430574616747,0.0,0,100
C_weaker_ordinal_smoothness,5,17,ordinal_cluster,3,1211,0.9199009083402147,2.023121387283237,2.023121387283237,0,0.0,0.0,0.6583591516094558,0.0,0,100
C_weaker_ordinal_smoothness,5,17,ordinal_cluster,2,1187,0.8264532434709352,2.0783487784330243,2.0783487784330243,0,0.0,0.0,0.6274314893173755,0.0,0,100
C_weaker_ordinal_smoothness,5,17,ordinal_cluster,1,1175,0.9336170212765957,1.912340425531915,1.912340425531915,0,0.0,0.0,0.6399274888714327,0.0,0,100
C_weaker_ordinal_smoothness,5,17,input_dependent_nonordinal,0,232,1,1.4655172413793103,1.4655172413793103,0,0.42686916703193867,0.029764842647347745,inf,inf,1,5
C_weaker_ordinal_smoothness,5,17,input_dependent_nonordinal,4,1195,0.9146443514644351,2.498744769874477,4.789958158995816,0,0.6828011681033587,0.014305338892134352,0.02823850395388905,0.014305338892134352,0,100
C_weaker_ordinal_smoothness,5,17,input_dependent_nonordinal,3,1211,0.861271676300578,3.0858794384805948,4.531791907514451,0,0.6207388828556629,0.03677550513735742,-0.05943548663333187,0.03677550513735742,0,100
C_weaker_ordinal_smoothness,5,17,input_dependent_nonordinal,2,1187,0.8828980623420387,2.856781802864364,3.530749789385004,0,0.7541937998837521,0.02423101835126427,-0.018359564249660232,0.02423101835126427,0,100
C_weaker_ordinal_smoothness,5,17,input_dependent_nonordinal,1,1175,0.8714893617021277,2.5259574468085106,2.5829787234042554,0,0.5475977351646156,0.022565190154283512,-0.06511345498655607,0.022565190154283512,0,100
C_weaker_ordinal_smoothness,5,17,input_dependent_ordinal,0,232,1,1.4913793103448276,1.4913793103448276,0,0.5421604108992676,0.03166543238940199,inf,inf,1,5
C_weaker_ordinal_smoothness,5,17,input_dependent_ordinal,4,1195,0.906276150627615,2.507112970711297,4.764016736401674,0,0.6986700210895587,0.02140804129089199,0.007551819272470728,0.02140804129089199,0,100
C_weaker_ordinal_smoothness,5,17,input_dependent_ordinal,3,1211,0.8753096614368291,3.097440132122213,4.522708505367465,0,0.6638857937737455,0.02245832431871198,-0.09894115273239823,0.02245832431871198,0,100
C_weaker_ordinal_smoothness,5,17,input_dependent_ordinal,2,1187,0.8837405223251895,2.885425442291491,3.545914069081719,0,0.6298102437782209,0.026382377170247693,0.11256973859979924,0.026382377170247693,0,100
C_weaker_ordinal_smoothness,5,17,input_dependent_ordinal,1,1175,0.8842553191489362,2.5319148936170213,2.5829787234042554,0,0.5815786850537352,0.028066229922604286,-0.07889740769127818,0.028066229922604286,0,100
C_weaker_ordinal_smoothness,5,18,independent_mondrian,2,1170,0.9307692307692308,3.0846153846153848,3.5692307692307694,0,0.0,0.0,0.8116549855597855,0.0,0,100
C_weaker_ordinal_smoothness,5,18,independent_mondrian,1,1160,0.9560344827586207,2.753448275862069,2.7784482758620688,0,0.0,0.0,0.6426357849492464,0.0,0,100
C_weaker_ordinal_smoothness,5,18,independent_mondrian,0,264,1,1.6136363636363635,1.6136363636363635,0,0.0,0.0,inf,inf,1,5
C_weaker_ordinal_smoothness,5,18,independent_mondrian,4,1223,0.8438266557645135,2.595257563368765,4.615699100572363,0,0.0,0.0,0.6228938870382741,0.0,0,100
C_weaker_ordinal_smoothness,5,18,independent_mondrian,3,1183,0.9120879120879121,3.243448858833474,4.472527472527473,0,0.0,0.0,0.633313790098493,0.0,0,100
C_weaker_ordinal_smoothness,5,18,ordinal_cluster,2,1170,0.8931623931623932,2.324786324786325,2.324786324786325,0,0.0,0.0,0.7091230346414241,0.0,0,100
C_weaker_ordinal_smoothness,5,18,ordinal_cluster,1,1160,0.978448275862069,2.2543103448275863,2.2543103448275863,0,0.0,0.0,0.7588210151319713,0.0,0,100
C_weaker_ordinal_smoothness,5,18,ordinal_cluster,0,264,0.9810606060606061,1.7045454545454546,1.7045454545454546,0,0.0,0.0,0.6426357849492464,0.0,0,5
C_weaker_ordinal_smoothness,5,18,ordinal_cluster,4,1223,0.8438266557645135,1.6173344235486509,1.6173344235486509,0,0.0,0.0,0.6228938870382741,0.0,0,100
C_weaker_ordinal_smoothness,5,18,ordinal_cluster,3,1183,0.9425190194420964,2.217244294167371,2.217244294167371,0,0.0,0.0,0.708497707439057,0.0,0,100
C_weaker_ordinal_smoothness,5,18,input_dependent_nonordinal,2,1170,0.9230769230769231,2.9564102564102566,3.5145299145299145,0,0.7396360861818126,0.023866566478905678,0.023667337636513963,0.023866566478905678,0,100
C_weaker_ordinal_smoothness,5,18,input_dependent_nonordinal,1,1160,0.9525862068965517,2.6517241379310343,2.679310344827586,0,0.530040588066859,0.022536821163755046,0.05324648290620049,0.022536821163755046,0,100
C_weaker_ordinal_smoothness,5,18,input_dependent_nonordinal,0,264,1,1.4886363636363635,1.4886363636363635,0,0.4295177212912918,0.016775586479187806,inf,inf,1,5
C_weaker_ordinal_smoothness,5,18,input_dependent_nonordinal,4,1223,0.8348323793949305,2.4873262469337694,4.587080948487326,0,0.6801113648988647,0.02966422530140267,-0.05510527055198,0.02966422530140267,0,100
C_weaker_ordinal_smoothness,5,18,input_dependent_nonordinal,3,1183,0.9036348267117498,3.0997464074387153,4.42603550295858,0,0.6076302742640789,0.02193836848146435,-0.03677922907247527,0.02193836848146435,0,100
C_weaker_ordinal_smoothness,5,18,input_dependent_ordinal,2,1170,0.9213675213675213,2.9683760683760685,3.517948717948718,0,0.614659883745639,0.023081994370948537,0.14693611077805208,0.023081994370948537,0,100
C_weaker_ordinal_smoothness,5,18,input_dependent_ordinal,1,1160,0.9543103448275863,2.656896551724138,2.6836206896551724,0,0.5695113960215192,0.02075192930316599,0.01962298840479637,0.02075192930316599,0,100
C_weaker_ordinal_smoothness,5,18,input_dependent_ordinal,0,264,1,1.4924242424242424,1.4924242424242424,0,0.5315793049151547,0.017378861826535905,inf,inf,1,5
C_weaker_ordinal_smoothness,5,18,input_dependent_ordinal,4,1223,0.8315617334423548,2.4865085854456255,4.5789043336058874,0,0.6951068815790963,0.027712999086601717,-0.0726913371771497,0.027712999086601717,0,100
C_weaker_ordinal_smoothness,5,18,input_dependent_ordinal,3,1183,0.9070160608622148,3.1056635672020287,4.429416737109045,0,0.6565628362172077,0.025208012475955142,-0.07575562069742192,0.025208012475955142,0,100
C_weaker_ordinal_smoothness,5,19,independent_mondrian,1,1101,0.9073569482288828,2.5485921889191645,2.603996366939146,0,0.0,0.0,0.549241764223582,0.0,0,100
C_weaker_ordinal_smoothness,5,19,independent_mondrian,3,1189,0.8864592094196804,3.2657695542472664,4.738435660218671,0,0.0,0.0,0.5522736599892435,0.0,0,100
C_weaker_ordinal_smoothness,5,19,independent_mondrian,4,1205,0.9219917012448133,2.466390041493776,4.779253112033195,0,0.0,0.0,0.8437934187215217,0.0,0,100
C_weaker_ordinal_smoothness,5,19,independent_mondrian,2,1252,0.8370607028753994,2.94888178913738,3.5870607028753994,0,0.0,0.0,0.6525547844114902,0.0,0,100
C_weaker_ordinal_smoothness,5,19,independent_mondrian,0,253,1,1.4703557312252964,1.4703557312252964,0,0.0,0.0,inf,inf,1,5
C_weaker_ordinal_smoothness,5,19,ordinal_cluster,1,1101,0.9464123524069028,1.8891916439600362,1.8891916439600362,0,0.0,0.0,0.6350964273167998,0.0,0,100
C_weaker_ordinal_smoothness,5,19,ordinal_cluster,3,1189,0.9335576114381834,2.0521446593776282,2.0521446593776282,0,0.0,0.0,0.6674197342910736,0.0,0,100
C_weaker_ordinal_smoothness,5,19,ordinal_cluster,4,1205,0.8655601659751038,1.491286307053942,1.491286307053942,0,0.0,0.0,0.6855475991378058,0.0,0,100
C_weaker_ordinal_smoothness,5,19,ordinal_cluster,2,1252,0.7859424920127795,2.083067092651757,2.083067092651757,0,0.0,0.0,0.5708932662342664,0.0,0,100
C_weaker_ordinal_smoothness,5,19,ordinal_cluster,0,253,0.932806324110672,1.5256916996047432,1.5256916996047432,0,0.0,0.0,0.5587758416007075,0.0,0,5
C_weaker_ordinal_smoothness,5,19,input_dependent_nonordinal,1,1101,0.9100817438692098,2.6248864668483196,2.670299727520436,0.0018165304268846503,0.5324119825241032,0.027387663473534885,-0.01228946264802866,0.027387663473534885,0,100
C_weaker_ordinal_smoothness,5,19,input_dependent_nonordinal,3,1189,0.8898233809924306,3.270815811606392,4.6619007569386035,0.005046257359125316,0.580271294423475,0.024682912274850397,-0.021552274026010454,0.024682912274850397,0,100
C_weaker_ordinal_smoothness,5,19,input_dependent_nonordinal,4,1205,0.9377593360995851,2.5311203319502074,4.83402489626556,0.0016597510373443983,0.7382557913490958,0.029492916616358833,0.09846423819610517,0.029492916616358833,0,100
C_weaker_ordinal_smoothness,5,19,input_dependent_nonordinal,2,1252,0.8873801916932907,2.920926517571885,3.590255591054313,0.003194888178913738,0.7435946371829238,0.026476647046238467,-0.00477837351249133,0.026476647046238467,0,100
C_weaker_ordinal_smoothness,5,19,input_dependent_nonordinal,0,253,1,1.4426877470355732,1.4426877470355732,0,0.4410207763095072,0.023331073921951714,inf,inf,1,5
C_weaker_ordinal_smoothness,5,19,input_dependent_ordinal,1,1101,0.9082652134423251,2.6248864668483196,2.6721162579473208,0.0018165304268846503,0.5695342068932124,0.02594341792935251,-0.0515903825765987,0.02594341792935251,0,100
C_weaker_ordinal_smoothness,5,19,input_dependent_ordinal,3,1189,0.8898233809924306,3.272497897392767,4.663582842724979,0.004205214465937763,0.6697484033094474,0.026725499557907657,-0.10756988862101163,0.026725499557907657,0,100
C_weaker_ordinal_smoothness,5,19,input_dependent_ordinal,4,1205,0.9369294605809129,2.5352697095435683,4.83402489626556,0,0.7296931665047113,0.027317296202145683,0.10440278945628112,0.027317296202145683,0,100
C_weaker_ordinal_smoothness,5,19,input_dependent_ordinal,2,1252,0.8873801916932907,2.92332268370607,3.594249201277955,0.0023961661341853034,0.6143980985874117,0.0262224542100294,0.12337445721566931,0.0262224542100294,0,100
C_weaker_ordinal_smoothness,5,19,input_dependent_ordinal,0,253,1,1.4466403162055337,1.4466403162055337,0,0.5108616043913639,0.024410400188098934,inf,inf,1,5
C_weaker_ordinal_smoothness,5,20,independent_mondrian,3,1224,0.8823529411764706,3.2769607843137254,4.754901960784314,0,0.0,0.0,0.5573673837384284,0.0,0,100
C_weaker_ordinal_smoothness,5,20,independent_mondrian,2,1212,0.834983498349835,3.057755775577558,3.6295379537953796,0,0.0,0.0,0.619209623264773,0.0,0,100
C_weaker_ordinal_smoothness,5,20,independent_mondrian,1,1209,0.9371381306865177,2.4714640198511164,2.5020678246484698,0,0.0,0.0,0.6134917494924604,0.0,0,100
C_weaker_ordinal_smoothness,5,20,independent_mondrian,0,228,1,1.4912280701754386,1.4912280701754386,0,0.0,0.0,inf,inf,1,5
C_weaker_ordinal_smoothness,5,20,independent_mondrian,4,1127,0.9458740017746229,2.525288376220053,4.858917480035492,0,0.0,0.0,0.8994116380889002,0.0,0,100
C_weaker_ordinal_smoothness,5,20,ordinal_cluster,3,1224,0.9330065359477124,2.076797385620915,2.076797385620915,0,0.0,0.0,0.6885808814287239,0.0,0,100
C_weaker_ordinal_smoothness,5,20,ordinal_cluster,2,1212,0.8143564356435643,2.1105610561056105,2.1105610561056105,0,0.0,0.0,0.5810904618002665,0.0,0,100
C_weaker_ordinal_smoothness,5,20,ordinal_cluster,1,1209,0.9371381306865177,1.9826302729528535,1.9826302729528535,0,0.0,0.0,0.6134917494924604,0.0,0,100
C_weaker_ordinal_smoothness,5,20,ordinal_cluster,0,228,0.9692982456140351,1.4605263157894737,1.4605263157894737,0,0.0,0.0,0.6134917494924604,0.0,0,5
C_weaker_ordinal_smoothness,5,20,ordinal_cluster,4,1127,0.878438331854481,1.5776397515527951,1.5776397515527951,0,0.0,0.0,0.6983486362813857,0.0,0,100
C_weaker_ordinal_smoothness,5,20,input_dependent_nonordinal,3,1224,0.863562091503268,3.1004901960784315,4.579248366013072,0.0032679738562091504,0.5863625923510428,0.02305354952514606,-0.0753645049014493,0.02305354952514606,0,100
C_weaker_ordinal_smoothness,5,20,input_dependent_nonordinal,2,1212,0.8366336633663366,2.8597359735973598,3.4818481848184817,0.0008250825082508251,0.7758460805094107,0.03242397237344901,-0.12409548299000767,0.03242397237344901,0,100
C_weaker_ordinal_smoothness,5,20,input_dependent_nonordinal,1,1209,0.9346567411083541,2.4739454094292803,2.5062034739454093,0.0008271298593879239,0.5157001812509124,0.02519854923140372,0.058433022245046096,0.02519854923140372,0,100
C_weaker_ordinal_smoothness,5,20,input_dependent_nonordinal,0,228,1,1.4429824561403508,1.4429824561403508,0,0.4768646351319529,0.023816655116416185,inf,inf,1,5
C_weaker_ordinal_smoothness,5,20,input_dependent_nonordinal,4,1127,0.9254658385093167,2.4924578527062997,4.813664596273292,0.001774622892635315,0.7045677006638752,0.021541289408246924,0.08281369477365019,0.021541289408246924,0,100
C_weaker_ordinal_smoothness,5,20,input_dependent_ordinal,3,1224,0.8611111111111112,3.0661764705882355,4.571895424836601,0.004084967320261438,0.6622740639408264,0.024231221255561913,-0.15414379042330373,0.024231221255561913,0,100
C_weaker_ordinal_smoothness,5,20,input_dependent_ordinal,2,1212,0.8234323432343235,2.8415841584158414,3.472772277227723,0.0008250825082508251,0.6164286870181708,0.025380552996072166,0.013389386856230034,0.025380552996072166,0,100
C_weaker_ordinal_smoothness,5,20,input_dependent_ordinal,1,1209,0.9346567411083541,2.445822994210091,2.478908188585608,0.0008271298593879239,0.5801117214768245,0.02759348923793982,-0.0036404011013773108,0.02759348923793982,0,100
C_weaker_ordinal_smoothness,5,20,input_dependent_ordinal,0,228,1,1.4342105263157894,1.4342105263157894,0,0.5361633205013758,0.029656135916628808,inf,inf,1,5
C_weaker_ordinal_smoothness,5,20,input_dependent_ordinal,4,1127,0.9254658385093167,2.4835847382431235,4.813664596273292,0.001774622892635315,0.7084612688011651,0.022498238915133206,0.0767534409869397,0.022498238915133206,0,100
C_weaker_ordinal_smoothness,5,21,independent_mondrian,3,1223,0.8495502861815208,3.41210139002453,4.761242845461979,0,0.0,0.0,0.5354323526479542,0.0,0,100
C_weaker_ordinal_smoothness,5,21,independent_mondrian,1,1161,0.9638242894056848,2.7174849267872525,2.73557278208441,0,0.0,0.0,0.6226090563936033,0.0,0,100
C_weaker_ordinal_smoothness,5,21,independent_mondrian,4,1178,0.9482173174872666,2.5152801358234296,4.837011884550085,0,0.0,0.0,0.8826238697613313,0.0,0,100
C_weaker_ordinal_smoothness,5,21,independent_mondrian,2,1193,0.914501257334451,3.0838222967309306,3.6135792120704107,0,0.0,0.0,0.7686207637446002,0.0,0,100
C_weaker_ordinal_smoothness,5,21,independent_mondrian,0,245,1,1.6326530612244898,1.6326530612244898,0,0.0,0.0,inf,inf,1,5
C_weaker_ordinal_smoothness,5,21,ordinal_cluster,3,1223,0.937857726901063,2.168438266557645,2.168438266557645,0,0.0,0.0,0.7254122360262878,0.0,0,100
C_weaker_ordinal_smoothness,5,21,ordinal_cluster,1,1161,0.9844961240310077,2.132644272179156,2.132644272179156,0,0.0,0.0,0.7265468862514994,0.0,0,100
C_weaker_ordinal_smoothness,5,21,ordinal_cluster,4,1178,0.868421052631579,1.5764006791171477,1.5764006791171477,0,0.0,0.0,0.6615787221218157,0.0,0,100
C_weaker_ordinal_smoothness,5,21,ordinal_cluster,2,1193,0.8583403185247276,2.3134953897736796,2.3134953897736796,0,0.0,0.0,0.6499694041686245,0.0,0,100
C_weaker_ordinal_smoothness,5,21,ordinal_cluster,0,245,0.9591836734693877,1.6734693877551021,1.6734693877551021,0,0.0,0.0,0.6282506747172335,0.0,0,5
C_weaker_ordinal_smoothness,5,21,input_dependent_nonordinal,3,1223,0.8904333605887162,3.4063777596075226,4.780049059689289,0.006541291905151268,0.5783323788859356,0.020042567112858668,-0.010987786149281642,0.020042567112858668,0,100
C_weaker_ordinal_smoothness,5,21,input_dependent_nonordinal,1,1161,0.8931955211024979,2.6666666666666665,2.7252368647717486,0.002583979328165375,0.5402563772895308,0.027982615158523835,-0.06452734505264984,0.027982615158523835,0,100
C_weaker_ordinal_smoothness,5,21,input_dependent_nonordinal,4,1178,0.9762308998302207,2.5925297113752124,4.913412563667233,0.001697792869269949,0.7282469944417199,0.031506121308019976,0.22837014334642713,0.031506121308019976,0,100
C_weaker_ordinal_smoothness,5,21,input_dependent_nonordinal,2,1193,0.9212070410729254,3.0100586756077115,3.6730930427493713,0.016764459346186086,0.7649122552449664,0.028411227071707366,0.026938066408002004,0.028411227071707366,0,100
C_weaker_ordinal_smoothness,5,21,input_dependent_nonordinal,0,245,1,1.510204081632653,1.510204081632653,0,0.468982903427269,0.024713891251789164,inf,inf,1,5
C_weaker_ordinal_smoothness,5,21,input_dependent_ordinal,3,1223,0.8863450531479967,3.4055600981193788,4.776778413736713,0.004905968928863451,0.6666066431091064,0.026359229164413616,-0.09662511279637565,0.026359229164413616,0,100
C_weaker_ordinal_smoothness,5,21,input_dependent_ordinal,1,1161,0.8957795004306632,2.6709732988802757,2.7260981912144704,0.0017226528854435831,0.5824079927831829,0.025424911753047598,-0.10763806098285167,0.025424911753047598,0,100
C_weaker_ordinal_smoothness,5,21,input_dependent_ordinal,4,1178,0.9745331069609507,2.595076400679117,4.911714770797962,0.0008488964346349745,0.7224447875265647,0.026865558032334317,0.22850613238376316,0.026865558032334317,0,100
C_weaker_ordinal_smoothness,5,21,input_dependent_ordinal,2,1193,0.9220452640402347,3.0092204526404025,3.6705783738474436,0.015088013411567477,0.6228255199724436,0.026642304029142666,0.16829002837821272,0.026642304029142666,0,100
C_weaker_ordinal_smoothness,5,21,input_dependent_ordinal,0,245,1,1.510204081632653,1.510204081632653,0,0.5597775964843191,0.02510407005506837,inf,inf,1,5
C_weaker_ordinal_smoothness,5,22,independent_mondrian,3,1213,0.9068425391591096,3.361088211046991,4.629843363561418,0,0.0,0.0,0.6158672881501512,0.0,0,100
C_weaker_ordinal_smoothness,5,22,independent_mondrian,1,1176,0.8690476190476191,2.6598639455782314,2.7261904761904763,0,0.0,0.0,0.4872379998746654,0.0,0,100
C_weaker_ordinal_smoothness,5,22,independent_mondrian,2,1194,0.907035175879397,2.9857621440536013,3.635678391959799,0,0.0,0.0,0.8051913475258088,0.0,0,100
C_weaker_ordinal_smoothness,5,22,independent_mondrian,0,230,1,1.4173913043478261,1.4173913043478261,0,0.0,0.0,inf,inf,1,5
C_weaker_ordinal_smoothness,5,22,independent_mondrian,4,1187,0.9191238416175231,2.6267902274641957,4.777590564448189,0,0.0,0.0,0.7701696010030944,0.0,0,100
C_weaker_ordinal_smoothness,5,22,ordinal_cluster,3,1213,0.957131079967024,2.2638087386644683,2.2638087386644683,0,0.0,0.0,0.7590486350931853,0.0,0,100
C_weaker_ordinal_smoothness,5,22,ordinal_cluster,1,1176,0.9583333333333334,2.0008503401360542,2.0008503401360542,0,0.0,0.0,0.6720905586956807,0.0,0,100
C_weaker_ordinal_smoothness,5,22,ordinal_cluster,2,1194,0.8442211055276382,2.274706867671692,2.274706867671692,0,0.0,0.0,0.6683131455230298,0.0,0,100
C_weaker_ordinal_smoothness,5,22,ordinal_cluster,0,230,0.9173913043478261,1.5826086956521739,1.5826086956521739,0,0.0,0.0,0.5081276026802887,0.0,0,5
C_weaker_ordinal_smoothness,5,22,ordinal_cluster,4,1187,0.8980623420387531,1.6815501263689974,1.6815501263689974,0,0.0,0.0,0.7216125435760078,0.0,0,100
C_weaker_ordinal_smoothness,5,22,input_dependent_nonordinal,3,1213,0.9258037922506183,3.273701566364386,4.598516075845012,0,0.6056118510400771,0.022466125593624067,0.01652351977887656,0.022466125593624067,0,100
C_weaker_ordinal_smoothness,5,22,input_dependent_nonordinal,1,1176,0.9124149659863946,2.619047619047619,2.6607142857142856,0,0.5218913292215319,0.02356087192279465,0.001255227594545938,0.02356087192279465,0,100
C_weaker_ordinal_smoothness,5,22,input_dependent_nonordinal,2,1194,0.9028475711892797,3.010887772194305,3.6515912897822447,0,0.7591096081911826,0.028620535768050726,0.011108023000378275,0.028620535768050726,0,100
C_weaker_ordinal_smoothness,5,22,input_dependent_nonordinal,0,230,1,1.482608695652174,1.482608695652174,0,0.4497876635907358,0.02775181492473812,inf,inf,1,5
C_weaker_ordinal_smoothness,5,22,input_dependent_nonordinal,4,1187,0.9309182813816343,2.608256107834878,4.8247683235046335,0,0.7181813863736616,0.023488208614169077,0.05035724719176393,0.023488208614169077,0,100
C_weaker_ordinal_smoothness,5,22,input_dependent_ordinal,3,1213,0.9274525968672712,3.2811211871393238,4.6018136850783184,0,0.671486239881786,0.023933546855743077,-0.04267597970546172,0.023933546855743077,0,100
C_weaker_ordinal_smoothness,5,22,input_dependent_ordinal,1,1176,0.9124149659863946,2.63265306122449,2.6743197278911564,0,0.5679693897718615,0.025739667662561163,-0.04291403259986437,0.025739667662561163,0,100
C_weaker_ordinal_smoothness,5,22,input_dependent_ordinal,2,1194,0.9020100502512562,3.0175879396984926,3.6591289782244556,0,0.6283397904821342,0.02369592001500483,0.14201353015211804,0.02369592001500483,0,100
C_weaker_ordinal_smoothness,5,22,input_dependent_ordinal,0,230,1,1.482608695652174,1.482608695652174,0,0.514743483132428,0.02210124755456996,inf,inf,1,5
C_weaker_ordinal_smoothness,5,22,input_dependent_ordinal,4,1187,0.9309182813816343,2.6149957877000842,4.8247683235046335,0,0.7208519898320787,0.0225213698298214,0.04748927420214866,0.0225213698298214,0,100
C_weaker_ordinal_smoothness,5,23,independent_mondrian,1,1193,0.8767812238055323,2.727577535624476,2.7854149203688183,0,0.0,0.0,0.49686217895448315,0.0,0,100
C_weaker_ordinal_smoothness,5,23,independent_mondrian,3,1140,0.9315789473684211,3.2842105263157895,4.481578947368421,0,0.0,0.0,0.6801216947065741,0.0,0,100
C_weaker_ordinal_smoothness,5,23,independent_mondrian,2,1187,0.9300758213984835,2.983150800336984,3.630160067396799,0,0.0,0.0,0.8518408371504006,0.0,0,100
C_weaker_ordinal_smoothness,5,23,independent_mondrian,0,268,1,1.4029850746268657,1.4029850746268657,0,0.0,0.0,inf,inf,1,5
C_weaker_ordinal_smoothness,5,23,independent_mondrian,4,1212,0.8358085808580858,2.6394389438943895,4.6072607260726075,0,0.0,0.0,0.6300626218795462,0.0,0,100
C_weaker_ordinal_smoothness,5,23,ordinal_cluster,1,1193,0.9446772841575859,1.9572506286672255,1.9572506286672255,0,0.0,0.0,0.6626796632912153,0.0,0,100
C_weaker_ordinal_smoothness,5,23,ordinal_cluster,3,1140,0.9377192982456141,2.164035087719298,2.164035087719298,0,0.0,0.0,0.7000500354893985,0.0,0,100
C_weaker_ordinal_smoothness,5,23,ordinal_cluster,2,1187,0.8601516427969671,2.1575400168492,2.1575400168492,0,0.0,0.0,0.6626796632912153,0.0,0,100
C_weaker_ordinal_smoothness,5,23,ordinal_cluster,0,268,0.9029850746268657,1.5186567164179106,1.5186567164179106,0,0.0,0.0,0.49686217895448315,0.0,0,5
C_weaker_ordinal_smoothness,5,23,ordinal_cluster,4,1212,0.8457095709570958,1.5709570957095709,1.5709570957095709,0,0.0,0.0,0.6459735675087487,0.0,0,100
C_weaker_ordinal_smoothness,5,23,input_dependent_nonordinal,1,1193,0.8315171835708298,2.6546521374685668,2.737636211232188,0,0.5080066744289753,0.021270360588164727,-0.06964665355624466,0.021270360588164727,0,100
C_weaker_ordinal_smoothness,5,23,input_dependent_nonordinal,3,1140,0.9210526315789473,3.181578947368421,4.4298245614035086,0,0.5663777412954685,0.02384357094544238,0.06551809318113111,0.02384357094544238,0,100
C_weaker_ordinal_smoothness,5,23,input_dependent_nonordinal,2,1187,0.93681550126369,2.9048020219039596,3.5939342881213143,0,0.7299467398413845,0.01508480733450376,0.10670318249100741,0.01508480733450376,0,100
C_weaker_ordinal_smoothness,5,23,input_dependent_nonordinal,0,268,1,1.3656716417910448,1.3656716417910448,0,0.456567956811752,0.031011512838123634,inf,inf,1,5
C_weaker_ordinal_smoothness,5,23,input_dependent_nonordinal,4,1212,0.8424092409240924,2.5783828382838285,4.628712871287129,0,0.6819874978928337,0.0273011148853947,-0.0450815805637762,0.0273011148853947,0,100
C_weaker_ordinal_smoothness,5,23,input_dependent_ordinal,1,1193,0.8206202849958089,2.61441743503772,2.7041072925398155,0,0.5572021395922641,0.018828172418056042,-0.13354858797026803,0.018828172418056042,0,100
C_weaker_ordinal_smoothness,5,23,input_dependent_ordinal,3,1140,0.9210526315789473,3.157017543859649,4.430701754385965,0,0.6387810877242974,0.02238621155324481,-0.008780423024755901,0.02238621155324481,0,100
C_weaker_ordinal_smoothness,5,23,input_dependent_ordinal,2,1187,0.9300758213984835,2.8812131423757372,3.5930918281381636,0,0.5983942679208525,0.02054730944813714,0.2241342227036377,0.02054730944813714,0,100
C_weaker_ordinal_smoothness,5,23,input_dependent_ordinal,0,268,1,1.3470149253731343,1.3470149253731343,0,0.5203799396909901,0.018855909657709283,inf,inf,1,5
C_weaker_ordinal_smoothness,5,23,input_dependent_ordinal,4,1212,0.8432343234323433,2.575082508250825,4.62953795379538,0,0.681318881268908,0.024680226775016044,-0.0449629287450537,0.024680226775016044,0,100
C_weaker_ordinal_smoothness,5,24,independent_mondrian,3,1207,0.8715824357912179,3.299088649544325,4.624689312344656,0,0.0,0.0,0.5824697847016298,0.0,0,100
C_weaker_ordinal_smoothness,5,24,independent_mondrian,4,1215,0.9251028806584363,2.5415637860082305,4.826337448559671,0,0.0,0.0,0.7978837074320756,0.0,0,100
C_weaker_ordinal_smoothness,5,24,independent_mondrian,1,1147,0.934612031386225,2.6312118570183087,2.665213600697472,0,0.0,0.0,0.6093171714883727,0.0,0,100
C_weaker_ordinal_smoothness,5,24,independent_mondrian,2,1179,0.8846480067854113,3.045801526717557,3.6039016115351994,0,0.0,0.0,0.7285134485933412,0.0,0,100
C_weaker_ordinal_smoothness,5,24,independent_mondrian,0,252,1,1.5634920634920635,1.5634920634920635,0,0.0,0.0,inf,inf,1,5
C_weaker_ordinal_smoothness,5,24,ordinal_cluster,3,1207,0.932062966031483,2.1309030654515326,2.1309030654515326,0,0.0,0.0,0.6942323377364902,0.0,0,100
C_weaker_ordinal_smoothness,5,24,ordinal_cluster,4,1215,0.8847736625514403,1.5720164609053497,1.5720164609053497,0,0.0,0.0,0.6859181928747125,0.0,0,100
C_weaker_ordinal_smoothness,5,24,ordinal_cluster,1,1147,0.953792502179599,2.040976460331299,2.040976460331299,0,0.0,0.0,0.666768209933497,0.0,0,100
C_weaker_ordinal_smoothness,5,24,ordinal_cluster,2,1179,0.825275657336726,2.1976251060220524,2.1976251060220524,0,0.0,0.0,0.6144408739844854,0.0,0,100
C_weaker_ordinal_smoothness,5,24,ordinal_cluster,0,252,0.9603174603174603,1.6111111111111112,1.6111111111111112,0,0.0,0.0,0.6093171714883727,0.0,0,5
C_weaker_ordinal_smoothness,5,24,input_dependent_nonordinal,3,1207,0.8707539353769677,3.3098591549295775,4.566694283347141,0,0.6036290236103345,0.028939090961988444,-0.05341160201668799,0.028939090961988444,0,100
C_weaker_ordinal_smoothness,5,24,input_dependent_nonordinal,4,1215,0.9316872427983539,2.57201646090535,4.8312757201646095,0.0008230452674897119,0.7105703511243805,0.02525608860746312,0.06370989430435914,0.02525608860746312,0,100
C_weaker_ordinal_smoothness,5,24,input_dependent_nonordinal,1,1147,0.9337401918047079,2.7288578901482126,2.7602441150828247,0,0.5043980432961362,0.017683987817056258,0.052087911816241395,0.017683987817056258,0,100
C_weaker_ordinal_smoothness,5,24,input_dependent_nonordinal,2,1179,0.9321458863443596,2.9855810008481765,3.5911789652247665,0,0.7661551712230096,0.019400383025425717,0.06536581576401568,0.019400383025425717,0,100
C_weaker_ordinal_smoothness,5,24,input_dependent_nonordinal,0,252,1,1.5714285714285714,1.5714285714285714,0,0.47637722497073626,0.01922218851790562,inf,inf,1,5
C_weaker_ordinal_smoothness,5,24,input_dependent_ordinal,3,1207,0.8715824357912179,3.3098591549295775,4.566694283347141,0,0.6751616016582815,0.023265815258625606,-0.1328931216139378,0.023265815258625606,0,100
C_weaker_ordinal_smoothness,5,24,input_dependent_ordinal,4,1215,0.9349794238683128,2.5670781893004113,4.833744855967078,0.0008230452674897119,0.715226981471649,0.028256196711433604,0.06415418663029704,0.028256196711433604,0,100
C_weaker_ordinal_smoothness,5,24,input_dependent_ordinal,1,1147,0.934612031386225,2.72972972972973,2.7602441150828247,0,0.5674694961432395,0.018906100937790174,-0.008277444862656524,0.018906100937790174,0,100
C_weaker_ordinal_smoothness,5,24,input_dependent_ordinal,2,1179,0.9355385920271416,2.98303647158609,3.584393553859203,0,0.6168288308740064,0.0228705702997032,0.22036678468969295,0.0228705702997032,0,100
C_weaker_ordinal_smoothness,5,24,input_dependent_ordinal,0,252,1,1.5833333333333333,1.5833333333333333,0,0.5288501133654748,0.016314759463670208,inf,inf,1,5
C_weaker_ordinal_smoothness,5,25,independent_mondrian,3,1185,0.9172995780590717,3.4548523206751054,4.754430379746835,0,0.0,0.0,0.6090849221338206,0.0,0,100
C_weaker_ordinal_smoothness,5,25,independent_mondrian,2,1230,0.9146341463414634,3.105691056910569,3.678861788617886,0,0.0,0.0,0.8234946905042578,0.0,0,100
C_weaker_ordinal_smoothness,5,25,independent_mondrian,0,261,1,1.5708812260536398,1.5708812260536398,0,0.0,0.0,inf,inf,1,5
C_weaker_ordinal_smoothness,5,25,independent_mondrian,4,1131,0.9328028293545535,2.58974358974359,4.808134394341291,0,0.0,0.0,0.84331805126685,0.0,0,100
C_weaker_ordinal_smoothness,5,25,independent_mondrian,1,1193,0.9262363788767812,2.721709974853311,2.7560771165129925,0,0.0,0.0,0.574386223673867,0.0,0,100
C_weaker_ordinal_smoothness,5,25,ordinal_cluster,3,1185,0.9628691983122363,2.2042194092827003,2.2042194092827003,0,0.0,0.0,0.7415833455366716,0.0,0,100
C_weaker_ordinal_smoothness,5,25,ordinal_cluster,2,1230,0.8341463414634146,2.229268292682927,2.229268292682927,0,0.0,0.0,0.6466386654964256,0.0,0,100
C_weaker_ordinal_smoothness,5,25,ordinal_cluster,0,261,0.946360153256705,1.5938697318007662,1.5938697318007662,0,0.0,0.0,0.5750701310177682,0.0,0,5
C_weaker_ordinal_smoothness,5,25,ordinal_cluster,4,1131,0.8824049513704686,1.5835543766578248,1.5835543766578248,0,0.0,0.0,0.7165014637739782,0.0,0,100
C_weaker_ordinal_smoothness,5,25,ordinal_cluster,1,1193,0.9522212908633697,2.061190276613579,2.061190276613579,0,0.0,0.0,0.6645295246776409,0.0,0,100
C_weaker_ordinal_smoothness,5,25,input_dependent_nonordinal,3,1185,0.9392405063291139,3.318987341772152,4.711392405063291,0.006751054852320675,0.5737368189377728,0.02205169484609096,0.0581177594350345,0.02205169484609096,0,100
C_weaker_ordinal_smoothness,5,25,input_dependent_nonordinal,2,1230,0.8845528455284553,3.0284552845528454,3.686991869918699,0.0016260162601626016,0.7360727711270845,0.0148748556253595,0.0025030364402531813,0.0148748556253595,0,100
C_weaker_ordinal_smoothness,5,25,input_dependent_nonordinal,0,261,1,1.4559386973180077,1.4559386973180077,0,0.4337365060644654,0.022977430354137164,inf,inf,1,5
C_weaker_ordinal_smoothness,5,25,input_dependent_nonordinal,4,1131,0.9451812555260831,2.559681697612732,4.846153846153846,0.0008841732979664014,0.7255502608327167,0.02730731461845474,0.11053080857252073,0.02730731461845474,0,100
C_weaker_ordinal_smoothness,5,25,input_dependent_nonordinal,1,1193,0.9002514668901928,2.5892707460184408,2.635373009220453,0,0.5112298051240136,0.023281093636687983,0.015355540766498366,0.023281093636687983,0,100
C_weaker_ordinal_smoothness,5,25,input_dependent_ordinal,3,1185,0.940084388185654,3.3358649789029537,4.735021097046413,0.0033755274261603376,0.666620054202374,0.022943256734843775,-0.033961501520194726,0.022943256734843775,0,100
C_weaker_ordinal_smoothness,5,25,input_dependent_ordinal,2,1230,0.8902439024390244,3.0414634146341464,3.6991869918699187,0.0008130081300813008,0.6065048632892234,0.021335739889217914,0.14364784199957792,0.021335739889217914,0,100
C_weaker_ordinal_smoothness,5,25,input_dependent_ordinal,0,261,1,1.4597701149425288,1.4597701149425288,0,0.49189953195947955,0.017650338980610022,inf,inf,1,5
C_weaker_ordinal_smoothness,5,25,input_dependent_ordinal,4,1131,0.9487179487179487,2.5729442970822283,4.8603006189213085,0,0.7157626555008888,0.02350743139591622,0.13901947128903414,0.02350743139591622,0,100
C_weaker_ordinal_smoothness,5,25,input_dependent_ordinal,1,1193,0.8943839061190276,2.5909471919530596,2.6412405699916177,0,0.551751192828536,0.020101948826609237,-0.03799415284756741,0.020101948826609237,0,100
C_weaker_ordinal_smoothness,5,26,independent_mondrian,1,1213,0.9068425391591096,2.6924979389942294,2.737015663643858,0,0.0,0.0,0.570338017975235,0.0,0,100
C_weaker_ordinal_smoothness,5,26,independent_mondrian,4,1192,0.9068791946308725,2.5310402684563758,4.7374161073825505,0,0.0,0.0,0.7758803351014514,0.0,0,100
C_weaker_ordinal_smoothness,5,26,independent_mondrian,3,1145,0.8838427947598253,3.331004366812227,4.637554585152839,0,0.0,0.0,0.5838423067784485,0.0,0,100
C_weaker_ordinal_smoothness,5,26,independent_mondrian,2,1204,0.8920265780730897,3.014950166112957,3.62375415282392,0,0.0,0.0,0.8023290681635535,0.0,0,100
C_weaker_ordinal_smoothness,5,26,independent_mondrian,0,246,1,1.5284552845528456,1.5284552845528456,0,0.0,0.0,inf,inf,1,5
C_weaker_ordinal_smoothness,5,26,ordinal_cluster,1,1213,0.9637262984336357,2.1450948062654573,2.1450948062654573,0,0.0,0.0,0.740821370752883,0.0,0,100
C_weaker_ordinal_smoothness,5,26,ordinal_cluster,4,1192,0.8414429530201343,1.558724832214765,1.558724832214765,0,0.0,0.0,0.6349048989008723,0.0,0,100
C_weaker_ordinal_smoothness,5,26,ordinal_cluster,3,1145,0.948471615720524,2.2,2.2,0,0.0,0.0,0.7317962423640358,0.0,0,100
C_weaker_ordinal_smoothness,5,26,ordinal_cluster,2,1204,0.8480066445182725,2.2898671096345513,2.2898671096345513,0,0.0,0.0,0.704535921486804,0.0,0,100
C_weaker_ordinal_smoothness,5,26,ordinal_cluster,0,246,0.9552845528455285,1.7032520325203253,1.7032520325203253,0,0.0,0.0,0.570338017975235,0.0,0,5
C_weaker_ordinal_smoothness,5,26,input_dependent_nonordinal,1,1213,0.9373454245671888,2.713932399010717,2.7411376751854903,0,0.5377992376320743,0.019258526254450917,0.05003597300903673,0.019258526254450917,0,100
C_weaker_ordinal_smoothness,5,26,input_dependent_nonordinal,4,1192,0.8934563758389261,2.5058724832214767,4.705536912751678,0,0.7268247381557753,0.037388741187622115,-0.013028455831757713,0.037388741187622115,0,100
C_weaker_ordinal_smoothness,5,26,input_dependent_nonordinal,3,1145,0.903056768558952,3.193886462882096,4.520524017467249,0.0017467248908296944,0.5843250132273401,0.028161181182929367,-0.005489239842432436,0.028161181182929367,0,100
C_weaker_ordinal_smoothness,5,26,input_dependent_nonordinal,2,1204,0.9028239202657807,3.014950166112957,3.6088039867109636,0.0016611295681063123,0.7964870322077476,0.02798516295042413,0.02072173901206409,0.02798516295042413,0,100
C_weaker_ordinal_smoothness,5,26,input_dependent_nonordinal,0,246,1,1.6016260162601625,1.6016260162601625,0,0.5088192554608778,0.02799069843393561,inf,inf,1,5
C_weaker_ordinal_smoothness,5,26,input_dependent_ordinal,1,1213,0.9356966199505359,2.7155812036273703,2.74361088211047,0,0.5993317995525541,0.023302308635763172,-0.016683854190625236,0.023302308635763172,0,100
C_weaker_ordinal_smoothness,5,26,input_dependent_ordinal,4,1192,0.8951342281879194,2.5008389261744965,4.712248322147651,0,0.7242948040567169,0.03675513553328114,-0.008029032616732046,0.03675513553328114,0,100
C_weaker_ordinal_smoothness,5,26,input_dependent_ordinal,3,1145,0.8995633187772926,3.1930131004366813,4.521397379912663,0.0017467248908296944,0.6732020972524527,0.031507585222442194,-0.10169672526484563,0.031507585222442194,0,100
C_weaker_ordinal_smoothness,5,26,input_dependent_ordinal,2,1204,0.9028239202657807,3.0024916943521593,3.604651162790698,0.0016611295681063123,0.6414872066912195,0.027926584834208894,0.1755843026136228,0.027926584834208894,0,100
C_weaker_ordinal_smoothness,5,26,input_dependent_ordinal,0,246,1,1.6016260162601625,1.6016260162601625,0,0.5652264593945238,0.018364783159448922,inf,inf,1,5
C_weaker_ordinal_smoothness,5,27,independent_mondrian,4,1248,0.938301282051282,2.7732371794871793,4.846153846153846,0,0.0,0.0,0.7937813912422323,0.0,0,100
C_weaker_ordinal_smoothness,5,27,independent_mondrian,0,244,1,1.4344262295081966,1.4344262295081966,0,0.0,0.0,inf,inf,1,5
C_weaker_ordinal_smoothness,5,27,independent_mondrian,3,1196,0.9565217391304348,3.500836120401338,4.695652173913044,0,0.0,0.0,0.7362116637820784,0.0,0,100
C_weaker_ordinal_smoothness,5,27,independent_mondrian,1,1190,0.8823529411764706,2.791596638655462,2.857142857142857,0,0.0,0.0,0.5030805756799143,0.0,0,100
C_weaker_ordinal_smoothness,5,27,independent_mondrian,2,1122,0.9295900178253119,3.1336898395721926,3.7736185383244205,0,0.0,0.0,0.8621655840643431,0.0,0,100
C_weaker_ordinal_smoothness,5,27,ordinal_cluster,4,1248,0.9262820512820513,1.7251602564102564,1.7251602564102564,0,0.0,0.0,0.7425069299442322,0.0,0,100
C_weaker_ordinal_smoothness,5,27,ordinal_cluster,0,244,0.9508196721311475,1.6721311475409837,1.6721311475409837,0,0.0,0.0,0.5118781014749684,0.0,0,5
C_weaker_ordinal_smoothness,5,27,ordinal_cluster,3,1196,0.9607023411371237,2.3603678929765888,2.3603678929765888,0,0.0,0.0,0.770457311049494,0.0,0,100
C_weaker_ordinal_smoothness,5,27,ordinal_cluster,1,1190,0.9630252100840336,2.096638655462185,2.096638655462185,0,0.0,0.0,0.7166315095694703,0.0,0,100
C_weaker_ordinal_smoothness,5,27,ordinal_cluster,2,1122,0.8823529411764706,2.3529411764705883,2.3529411764705883,0,0.0,0.0,0.7166315095694703,0.0,0,100
C_weaker_ordinal_smoothness,5,27,input_dependent_nonordinal,4,1248,0.9038461538461539,2.5873397435897436,4.758814102564102,0,0.7024053669055818,0.03406658171769129,0.009417218045436826,0.03406658171769129,0,100
C_weaker_ordinal_smoothness,5,27,input_dependent_nonordinal,0,244,1,1.4959016393442623,1.4959016393442623,0,0.47749305562051503,0.017811973485719428,inf,inf,1,5
C_weaker_ordinal_smoothness,5,27,input_dependent_nonordinal,3,1196,0.9431438127090301,3.240802675585284,4.532608695652174,0.0016722408026755853,0.5496523027047211,0.01881505491380691,0.09660897904756216,0.01881505491380691,0,100
C_weaker_ordinal_smoothness,5,27,input_dependent_nonordinal,1,1190,0.9243697478991597,2.6983193277310926,2.7411764705882353,0,0.5460206655217631,0.023216262741558153,0.02468318653055901,0.023216262741558153,0,100
C_weaker_ordinal_smoothness,5,27,input_dependent_nonordinal,2,1122,0.9135472370766489,3.0392156862745097,3.6541889483065955,0.00089126559714795,0.757286505213881,0.01753730001411466,0.020706242410044262,0.01753730001411466,0,100
C_weaker_ordinal_smoothness,5,27,input_dependent_ordinal,4,1248,0.9142628205128205,2.612980769230769,4.783653846153846,0,0.6856295010200125,0.027489006033977356,0.03452933886816678,0.027489006033977356,0,100
C_weaker_ordinal_smoothness,5,27,input_dependent_ordinal,0,244,1,1.4795081967213115,1.4795081967213115,0,0.5559580853766055,0.015993193084529508,inf,inf,1,5
C_weaker_ordinal_smoothness,5,27,input_dependent_ordinal,3,1196,0.9489966555183946,3.250836120401338,4.551839464882943,0,0.6483157623966936,0.02310320865783863,0.018349399506984887,0.02310320865783863,0,100
C_weaker_ordinal_smoothness,5,27,input_dependent_ordinal,1,1190,0.9252100840336135,2.6983193277310926,2.7403361344537815,0,0.5795751541675828,0.01849875653345924,-0.021744597383817177,0.01849875653345924,0,100
C_weaker_ordinal_smoothness,5,27,input_dependent_ordinal,2,1122,0.9073083778966132,3.0409982174688057,3.6684491978609626,0,0.6234609356145663,0.02271461593625173,0.15508423147213724,0.02271461593625173,0,100
C_weaker_ordinal_smoothness,5,28,independent_mondrian,2,1177,0.8920985556499575,3.0832625318606626,3.7026338147833475,0,0.0,0.0,0.7728984588815263,0.0,0,100
C_weaker_ordinal_smoothness,5,28,independent_mondrian,0,248,1,1.5201612903225807,1.5201612903225807,0,0.0,0.0,inf,inf,1,5
C_weaker_ordinal_smoothness,5,28,independent_mondrian,4,1187,0.9014321819713563,2.654591406908172,4.751474304970514,0,0.0,0.0,0.7165823058891562,0.0,0,100
C_weaker_ordinal_smoothness,5,28,independent_mondrian,1,1153,0.9106678230702515,2.671292281006071,2.7137901127493493,0,0.0,0.0,0.5565609163025127,0.0,0,100
C_weaker_ordinal_smoothness,5,28,independent_mondrian,3,1235,0.9352226720647774,3.3263157894736843,4.608097165991903,0,0.0,0.0,0.715273729178539,0.0,0,100
C_weaker_ordinal_smoothness,5,28,ordinal_cluster,2,1177,0.8504672897196262,2.259983007646559,2.259983007646559,0,0.0,0.0,0.6697582147142238,0.0,0,100
C_weaker_ordinal_smoothness,5,28,ordinal_cluster,0,248,0.9475806451612904,1.625,1.625,0,0.0,0.0,0.5565609163025127,0.0,0,5
C_weaker_ordinal_smoothness,5,28,ordinal_cluster,4,1187,0.9014321819713563,1.6318449873631002,1.6318449873631002,0,0.0,0.0,0.715273729178539,0.0,0,100
C_weaker_ordinal_smoothness,5,28,ordinal_cluster,1,1153,0.9488291413703382,2.0546400693842153,2.0546400693842153,0,0.0,0.0,0.6684595986371838,0.0,0,100
C_weaker_ordinal_smoothness,5,28,ordinal_cluster,3,1235,0.9384615384615385,2.2445344129554656,2.2445344129554656,0,0.0,0.0,0.7411498693278642,0.0,0,100
C_weaker_ordinal_smoothness,5,28,input_dependent_nonordinal,2,1177,0.8878504672897196,3.022090059473237,3.6601529311809684,0,0.7094350455054472,0.01824866161365754,0.0371954327009959,0.01824866161365754,0,100
C_weaker_ordinal_smoothness,5,28,input_dependent_nonordinal,0,248,1,1.5362903225806452,1.5362903225806452,0,0.46979986145585406,0.006150282281892453,inf,inf,1,5
C_weaker_ordinal_smoothness,5,28,input_dependent_nonordinal,4,1187,0.9031171019376579,2.6318449873631002,4.765796124684077,0,0.6971638403898557,0.023481735625408146,0.023234372297181505,0.023481735625408146,0,100
C_weaker_ordinal_smoothness,5,28,input_dependent_nonordinal,1,1153,0.9132697311361665,2.6261925411968776,2.6669557675628797,0,0.525710381139656,0.025212284798953793,0.029407067088125294,0.025212284798953793,0,100
C_weaker_ordinal_smoothness,5,28,input_dependent_nonordinal,3,1235,0.9489878542510122,3.2348178137651824,4.5481781376518216,0,0.5977751150566826,0.02795997910317993,0.0993054870496829,0.02795997910317993,0,100
C_weaker_ordinal_smoothness,5,28,input_dependent_ordinal,2,1177,0.8853016142735769,3.0076465590484283,3.653355989804588,0,0.6044683451335872,0.021166262817155758,0.13908873739837746,0.021166262817155758,0,100
C_weaker_ordinal_smoothness,5,28,input_dependent_ordinal,0,248,1,1.532258064516129,1.532258064516129,0,0.5372170739187212,0.01650795240392282,inf,inf,1,5
C_weaker_ordinal_smoothness,5,28,input_dependent_ordinal,4,1187,0.9022746419545071,2.6276326874473463,4.7624262847514744,0,0.6993793113162963,0.026188848754778074,0.01826540845011615,0.026188848754778074,0,100
C_weaker_ordinal_smoothness,5,28,input_dependent_ordinal,1,1153,0.9141370338248048,2.6053772766695578,2.6461405030355594,0,0.5614202452211563,0.020630954610972373,-0.013899421412697177,0.020630954610972373,0,100
C_weaker_ordinal_smoothness,5,28,input_dependent_ordinal,3,1235,0.945748987854251,3.2194331983805666,4.5425101214574894,0,0.6544835781919273,0.02364971851486325,0.036178298352082194,0.02364971851486325,0,100
C_weaker_ordinal_smoothness,5,29,independent_mondrian,0,246,1,1.4308943089430894,1.4308943089430894,0,0.0,0.0,inf,inf,1,5
C_weaker_ordinal_smoothness,5,29,independent_mondrian,4,1180,0.9372881355932203,2.5601694915254236,4.841525423728814,0,0.0,0.0,0.8132871667891783,0.0,0,100
C_weaker_ordinal_smoothness,5,29,independent_mondrian,3,1215,0.8814814814814815,3.4008230452674897,4.666666666666667,0,0.0,0.0,0.5748364206407048,0.0,0,100
C_weaker_ordinal_smoothness,5,29,independent_mondrian,1,1206,0.8772802653399668,2.6807628524046434,2.744610281923715,0,0.0,0.0,0.5031939972557116,0.0,0,100
C_weaker_ordinal_smoothness,5,29,independent_mondrian,2,1153,0.9158716392020815,2.9835212489158716,3.604509973980919,0,0.0,0.0,0.8178615699605501,0.0,0,100
C_weaker_ordinal_smoothness,5,29,ordinal_cluster,0,246,0.9308943089430894,1.5609756097560976,1.5609756097560976,0,0.0,0.0,0.5031939972557116,0.0,0,5
C_weaker_ordinal_smoothness,5,29,ordinal_cluster,4,1180,0.9110169491525424,1.664406779661017,1.664406779661017,0,0.0,0.0,0.7099022277962105,0.0,0,100
C_weaker_ordinal_smoothness,5,29,ordinal_cluster,3,1215,0.9465020576131687,2.1983539094650206,2.1983539094650206,0,0.0,0.0,0.7623322560278418,0.0,0,100
C_weaker_ordinal_smoothness,5,29,ordinal_cluster,1,1206,0.9519071310116086,1.9742951907131012,1.9742951907131012,0,0.0,0.0,0.68657921211002,0.0,0,100
C_weaker_ordinal_smoothness,5,29,ordinal_cluster,2,1153,0.8516912402428447,2.266261925411969,2.266261925411969,0,0.0,0.0,0.6494906378560668,0.0,0,100
C_weaker_ordinal_smoothness,5,29,input_dependent_nonordinal,0,246,1,1.4268292682926829,1.4268292682926829,0,0.43827402150621286,0.016192176976726473,inf,inf,1,5
C_weaker_ordinal_smoothness,5,29,input_dependent_nonordinal,4,1180,0.9296610169491526,2.5567796610169493,4.814406779661017,0,0.6915592512287436,0.01729152690410421,0.07169740132694502,0.01729152690410421,0,100
C_weaker_ordinal_smoothness,5,29,input_dependent_nonordinal,3,1215,0.922633744855967,3.2699588477366257,4.590123456790123,0,0.5800894306454075,0.027421008704966762,0.04331585235102542,0.027421008704966762,0,100
C_weaker_ordinal_smoothness,5,29,input_dependent_nonordinal,1,1206,0.8764510779436152,2.630182421227197,2.6907131011608625,0,0.4967152668630647,0.013698886349399777,-0.008261887075029284,0.013698886349399777,0,100
C_weaker_ordinal_smoothness,5,29,input_dependent_nonordinal,2,1153,0.9141370338248048,2.9410234171725933,3.575021682567216,0,0.740582512923567,0.0228432502812717,0.03746760121769621,0.0228432502812717,0,100
C_weaker_ordinal_smoothness,5,29,input_dependent_ordinal,0,246,1,1.410569105691057,1.410569105691057,0,0.5051215286397963,0.016717667412832104,inf,inf,1,5
C_weaker_ordinal_smoothness,5,29,input_dependent_ordinal,4,1180,0.9305084745762712,2.538983050847458,4.811016949152543,0,0.6954884200416865,0.022944452558245853,0.07107573638654807,0.022944452558245853,0,100
C_weaker_ordinal_smoothness,5,29,input_dependent_ordinal,3,1215,0.9168724279835391,3.259259259259259,4.581893004115226,0,0.6529529602122077,0.020912186087679845,-0.046075461462317946,0.020912186087679845,0,100
C_weaker_ordinal_smoothness,5,29,input_dependent_ordinal,1,1206,0.8731343283582089,2.62106135986733,2.684908789386401,0,0.5493856828402813,0.01738034027837502,-0.06375152474484752,0.01738034027837502,0,100
C_weaker_ordinal_smoothness,5,29,input_dependent_ordinal,2,1153,0.9141370338248048,2.9288811795316567,3.566348655680833,0,0.5966227630773725,0.01987723735415268,0.17878850582587702,0.01987723735415268,0,100
C_weaker_ordinal_smoothness,5,30,independent_mondrian,1,1231,0.8943948009748173,2.6466287571080422,2.7018683996750608,0,0.0,0.0,0.5109732582376293,0.0,0,100
C_weaker_ordinal_smoothness,5,30,independent_mondrian,3,1260,0.9015873015873016,3.3746031746031746,4.704761904761905,0,0.0,0.0,0.5935883451752845,0.0,0,100
C_weaker_ordinal_smoothness,5,30,independent_mondrian,4,1152,0.9418402777777778,2.576388888888889,4.852430555555555,0,0.0,0.0,0.8543889493678963,0.0,0,100
C_weaker_ordinal_smoothness,5,30,independent_mondrian,0,241,1,1.3858921161825726,1.3858921161825726,0,0.0,0.0,inf,inf,1,5
C_weaker_ordinal_smoothness,5,30,independent_mondrian,2,1116,0.8862007168458781,2.9982078853046596,3.6478494623655915,0,0.0,0.0,0.7450031323381018,0.0,0,100
C_weaker_ordinal_smoothness,5,30,ordinal_cluster,1,1231,0.9553208773354996,2.0235580828594637,2.0235580828594637,0,0.0,0.0,0.6688999438914668,0.0,0,100
C_weaker_ordinal_smoothness,5,30,ordinal_cluster,3,1260,0.9603174603174603,2.2984126984126982,2.2984126984126982,0,0.0,0.0,0.764090970007469,0.0,0,100
C_weaker_ordinal_smoothness,5,30,ordinal_cluster,4,1152,0.9262152777777778,1.6866319444444444,1.6866319444444444,0,0.0,0.0,0.7890651243390616,0.0,0,100
C_weaker_ordinal_smoothness,5,30,ordinal_cluster,0,241,0.921161825726141,1.5560165975103735,1.5560165975103735,0,0.0,0.0,0.5439230282039947,0.0,0,5
C_weaker_ordinal_smoothness,5,30,ordinal_cluster,2,1116,0.8261648745519713,2.2867383512544803,2.2867383512544803,0,0.0,0.0,0.6381781383707832,0.0,0,100
C_weaker_ordinal_smoothness,5,30,input_dependent_nonordinal,1,1231,0.8838342810722989,2.6230706742485785,2.6848090982940698,0.0008123476848090983,0.515629915305128,0.02609138979068076,-0.0271523271559736,0.02609138979068076,0,100
C_weaker_ordinal_smoothness,5,30,input_dependent_nonordinal,3,1260,0.9142857142857143,3.2857142857142856,4.616666666666666,0.002380952380952381,0.6043026782795493,0.025090675743360238,-0.02655730113028021,0.025090675743360238,0,100
C_weaker_ordinal_smoothness,5,30,input_dependent_nonordinal,4,1152,0.9513888888888888,2.578125,4.878472222222222,0,0.7046604690929776,0.03378017215756015,0.1199867382559856,0.03378017215756015,0,100
C_weaker_ordinal_smoothness,5,30,input_dependent_nonordinal,0,241,1,1.4356846473029046,1.4356846473029046,0,0.4679407694934427,0.031392412323330884,inf,inf,1,5
C_weaker_ordinal_smoothness,5,30,input_dependent_nonordinal,2,1116,0.9068100358422939,2.945340501792115,3.629032258064516,0.0017921146953405018,0.7431269991532375,0.02537954618053402,0.026562439523794,0.02537954618053402,0,100
C_weaker_ordinal_smoothness,5,30,input_dependent_ordinal,1,1231,0.8878960194963444,2.645816409423233,2.7059301380991063,0.0008123476848090983,0.5651704906834607,0.024913828266199665,-0.07369087004694652,0.024913828266199665,0,100
C_weaker_ordinal_smoothness,5,30,input_dependent_ordinal,3,1260,0.9222222222222223,3.323809523809524,4.647619047619048,0.002380952380952381,0.6588052718741427,0.028030994396093745,-0.06737834651956492,0.028030994396093745,0,100
C_weaker_ordinal_smoothness,5,30,input_dependent_ordinal,4,1152,0.9583333333333334,2.6015625,4.901041666666667,0,0.7117608546989954,0.029942082335678338,0.12879043137624557,0.029942082335678338,0,100
C_weaker_ordinal_smoothness,5,30,input_dependent_ordinal,0,241,1,1.4439834024896265,1.4439834024896265,0,0.5203756016125656,0.02625879290461805,inf,inf,1,5
C_weaker_ordinal_smoothness,5,30,input_dependent_ordinal,2,1116,0.9130824372759857,2.9767025089605736,3.653225806451613,0.0017921146953405018,0.6134056778759005,0.027598537454726964,0.16629472542577273,0.027598537454726964,0,100
C_weaker_ordinal_smoothness,5,31,independent_mondrian,1,1247,0.9382518043303929,2.8035284683239774,2.8412189254210105,0,0.0,0.0,0.6482998976719123,0.0,0,100
C_weaker_ordinal_smoothness,5,31,independent_mondrian,2,1173,0.9232736572890026,3.100596760443308,3.6129582267689684,0,0.0,0.0,0.8754414910258007,0.0,0,100
C_weaker_ordinal_smoothness,5,31,independent_mondrian,4,1186,0.9418212478920742,2.611298482293423,4.8423271500843175,0,0.0,0.0,0.7967993522261305,0.0,0,100
C_weaker_ordinal_smoothness,5,31,independent_mondrian,3,1134,0.8597883597883598,3.450617283950617,4.665784832451499,0,0.0,0.0,0.5662330488665972,0.0,0,100
C_weaker_ordinal_smoothness,5,31,independent_mondrian,0,260,1,1.7307692307692308,1.7307692307692308,0,0.0,0.0,inf,inf,1,5
C_weaker_ordinal_smoothness,5,31,ordinal_cluster,1,1247,0.9631114675220529,2.2413793103448274,2.2413793103448274,0,0.0,0.0,0.7790490090509146,0.0,0,100
C_weaker_ordinal_smoothness,5,31,ordinal_cluster,2,1173,0.8618925831202046,2.3537936913895994,2.3537936913895994,0,0.0,0.0,0.6992388622217608,0.0,0,100
C_weaker_ordinal_smoothness,5,31,ordinal_cluster,4,1186,0.8811129848229342,1.6281618887015177,1.6281618887015177,0,0.0,0.0,0.6355313199875111,0.0,0,100
C_weaker_ordinal_smoothness,5,31,ordinal_cluster,3,1134,0.9285714285714286,2.2142857142857144,2.2142857142857144,0,0.0,0.0,0.7308719435955207,0.0,0,100
C_weaker_ordinal_smoothness,5,31,ordinal_cluster,0,260,0.9769230769230769,1.7846153846153847,1.7846153846153847,0,0.0,0.0,0.6482998976719123,0.0,0,5
C_weaker_ordinal_smoothness,5,31,input_dependent_nonordinal,1,1247,0.9206094627105053,2.6952686447473937,2.7385725741780274,0,0.5204031289847282,0.019901786715637672,0.031045235267722016,0.019901786715637672,0,100
C_weaker_ordinal_smoothness,5,31,input_dependent_nonordinal,2,1173,0.9190110826939472,2.8840579710144927,3.5140664961636827,0,0.7775810090780854,0.022955499287889126,0.035881734475076255,0.022955499287889126,0,100
C_weaker_ordinal_smoothness,5,31,input_dependent_nonordinal,4,1186,0.9114671163575042,2.4915682967959527,4.78752107925801,0,0.7058761409304335,0.028729329769217396,-0.017254329105178434,0.028729329769217396,0,100
C_weaker_ordinal_smoothness,5,31,input_dependent_nonordinal,3,1134,0.8386243386243386,3.1596119929453264,4.492063492063492,0,0.6109580943668881,0.0231693128598454,-0.07939036179925474,0.0231693128598454,0,100
C_weaker_ordinal_smoothness,5,31,input_dependent_nonordinal,0,260,1,1.5423076923076924,1.5423076923076924,0,0.42523298294275386,0.014001485269204224,inf,inf,1,5
C_weaker_ordinal_smoothness,5,31,input_dependent_ordinal,1,1247,0.9190056134723336,2.6952686447473937,2.7385725741780274,0,0.5724316326870351,0.018390946088473855,-0.024386353817099082,0.018390946088473855,0,100
C_weaker_ordinal_smoothness,5,31,input_dependent_ordinal,2,1173,0.9190110826939472,2.8908780903665816,3.5225916453537938,0,0.6174831411847648,0.021898250399802206,0.19422497907493141,0.021898250399802206,0,100
C_weaker_ordinal_smoothness,5,31,input_dependent_ordinal,4,1186,0.9114671163575042,2.494097807757167,4.78752107925801,0,0.7204709182555699,0.028324889761198683,-0.03252569671502614,0.028324889761198683,0,100
C_weaker_ordinal_smoothness,5,31,input_dependent_ordinal,3,1134,0.843915343915344,3.164021164021164,4.499118165784832,0,0.6802580579966664,0.025550046267871798,-0.14036404870961589,0.025550046267871798,0,100
C_weaker_ordinal_smoothness,5,31,input_dependent_ordinal,0,260,1,1.5384615384615385,1.5384615384615385,0,0.5174560014179334,0.016643176500487356,inf,inf,1,5
C_weaker_ordinal_smoothness,5,32,independent_mondrian,1,1242,0.8969404186795491,2.636070853462158,2.6908212560386473,0,0.0,0.0,0.5171258456184056,0.0,0,100
C_weaker_ordinal_smoothness,5,32,independent_mondrian,3,1151,0.8549087749782798,3.0990443092962643,4.463944396177237,0,0.0,0.0,0.5598812118805051,0.0,0,100
C_weaker_ordinal_smoothness,5,32,independent_mondrian,0,213,1,1.3896713615023475,1.3943661971830985,0,0.0,0.0,inf,inf,1,5
C_weaker_ordinal_smoothness,5,32,independent_mondrian,2,1234,0.9003241491085899,2.842787682333874,3.4764991896272286,0,0.0,0.0,0.7762217227954197,0.0,0,100
C_weaker_ordinal_smoothness,5,32,independent_mondrian,4,1160,0.8275862068965517,2.4732758620689657,4.587931034482758,0,0.0,0.0,0.6075945671859155,0.0,0,100
C_weaker_ordinal_smoothness,5,32,ordinal_cluster,1,1242,0.9549114331723028,1.8864734299516908,1.8864734299516908,0,0.0,0.0,0.6658642761495884,0.0,0,100
C_weaker_ordinal_smoothness,5,32,ordinal_cluster,3,1151,0.9026933101650738,1.9617723718505646,1.9617723718505646,0,0.0,0.0,0.6357045571813911,0.0,0,100
C_weaker_ordinal_smoothness,5,32,ordinal_cluster,0,213,0.9295774647887324,1.568075117370892,1.568075117370892,0,0.0,0.0,0.5202794425668326,0.0,0,5
C_weaker_ordinal_smoothness,5,32,ordinal_cluster,2,1234,0.8290113452188006,2.06645056726094,2.06645056726094,0,0.0,0.0,0.609568765335424,0.0,0,100
C_weaker_ordinal_smoothness,5,32,ordinal_cluster,4,1160,0.8129310344827586,1.464655172413793,1.464655172413793,0,0.0,0.0,0.5834580923502429,0.0,0,100
C_weaker_ordinal_smoothness,5,32,input_dependent_nonordinal,1,1242,0.9162640901771336,2.5579710144927534,2.607085346215781,0,0.5183848197276494,0.01768066903964736,0.019423267060637905,0.01768066903964736,0,100
C_weaker_ordinal_smoothness,5,32,input_dependent_nonordinal,3,1151,0.8644656820156386,2.9765421372719376,4.437011294526498,0,0.5825257117952126,0.024654023535957307,-0.022388580621753862,0.024654023535957307,0,100
C_weaker_ordinal_smoothness,5,32,input_dependent_nonordinal,0,213,1,1.4413145539906103,1.4413145539906103,0,0.45396938400185466,0.01501213479501461,inf,inf,1,5
C_weaker_ordinal_smoothness,5,32,input_dependent_nonordinal,2,1234,0.873581847649919,2.8290113452188006,3.474068071312804,0,0.738013554969481,0.02882311447429405,-0.017636685349012804,0.02882311447429405,0,100
C_weaker_ordinal_smoothness,5,32,input_dependent_nonordinal,4,1160,0.8189655172413793,2.4448275862068964,4.585344827586207,0,0.7156177461718883,0.02795942292450082,-0.10138930161303777,0.02795942292450081,0,100
C_weaker_ordinal_smoothness,5,32,input_dependent_ordinal,1,1242,0.9122383252818036,2.533011272141707,2.5829307568438002,0,0.557821154166958,0.020049806655964664,-0.025992543178297467,0.020049806655964664,0,100
C_weaker_ordinal_smoothness,5,32,input_dependent_ordinal,3,1151,0.8662033014769766,2.9661164205039094,4.437880104257168,0,0.6603545742273853,0.026625044084482095,-0.09348447151284256,0.026625044084482095,0,100
C_weaker_ordinal_smoothness,5,32,input_dependent_ordinal,0,213,1,1.4272300469483568,1.4272300469483568,0,0.5115022279621017,0.016038946254900602,inf,inf,1,5
C_weaker_ordinal_smoothness,5,32,input_dependent_ordinal,2,1234,0.86709886547812,2.819286871961102,3.4748784440842786,0,0.611537021510637,0.022041299592780634,0.08729625748354863,0.022041299592780634,0,100
C_weaker_ordinal_smoothness,5,32,input_dependent_ordinal,4,1160,0.8198275862068966,2.435344827586207,4.586206896551724,0,0.7101654942392264,0.028767728758956692,-0.09420762469913052,0.028767728758956692,0,100
C_weaker_ordinal_smoothness,5,33,independent_mondrian,2,1190,0.907563025210084,3.119327731092437,3.6697478991596637,0,0.0,0.0,0.8146453910438075,0.0,0,100
C_weaker_ordinal_smoothness,5,33,independent_mondrian,1,1212,0.9265676567656765,2.7615511551155114,2.797854785478548,0,0.0,0.0,0.5978522455163596,0.0,0,100
C_weaker_ordinal_smoothness,5,33,independent_mondrian,4,1182,0.916243654822335,2.6844331641285955,4.784263959390863,0,0.0,0.0,0.7795053694860237,0.0,0,100
C_weaker_ordinal_smoothness,5,33,independent_mondrian,3,1170,0.9367521367521368,3.433333333333333,4.6982905982905985,0,0.0,0.0,0.6708953043612695,0.0,0,100
C_weaker_ordinal_smoothness,5,33,independent_mondrian,0,246,1,1.5609756097560976,1.5609756097560976,0,0.0,0.0,inf,inf,1,5
C_weaker_ordinal_smoothness,5,33,ordinal_cluster,2,1190,0.8100840336134454,2.222689075630252,2.222689075630252,0,0.0,0.0,0.624680963147697,0.0,0,100
C_weaker_ordinal_smoothness,5,33,ordinal_cluster,1,1212,0.9389438943894389,2.0783828382838285,2.0783828382838285,0,0.0,0.0,0.6404111832187019,0.0,0,100
C_weaker_ordinal_smoothness,5,33,ordinal_cluster,4,1182,0.8976311336717429,1.6489001692047378,1.6489001692047378,0,0.0,0.0,0.7302946623504005,0.0,0,100
C_weaker_ordinal_smoothness,5,33,ordinal_cluster,3,1170,0.9572649572649573,2.1794871794871793,2.1794871794871793,0,0.0,0.0,0.750434127442058,0.0,0,100
C_weaker_ordinal_smoothness,5,33,ordinal_cluster,0,246,0.9512195121951219,1.516260162601626,1.516260162601626,0,0.0,0.0,0.6049468248183993,0.0,0,5
C_weaker_ordinal_smoothness,5,33,input_dependent_nonordinal,2,1190,0.9176470588235294,3.008403361344538,3.611764705882353,0,0.7412589869006401,0.01729637019009874,0.0871016855563157,0.01729637019009874,0,100
C_weaker_ordinal_smoothness,5,33,input_dependent_nonordinal,1,1212,0.9273927392739274,2.7516501650165015,2.7904290429042904,0,0.5131647017253999,0.026023207460100874,0.03132926177328871,0.026023207460100874,0,100
C_weaker_ordinal_smoothness,5,33,input_dependent_nonordinal,4,1182,0.8967851099830795,2.6395939086294415,4.710659898477157,0,0.7120772461583355,0.03151228916438088,0.002543064150350327,0.03151228916438088,0,100
C_weaker_ordinal_smoothness,5,33,input_dependent_nonordinal,3,1170,0.9384615384615385,3.264102564102564,4.535897435897436,0.0008547008547008547,0.5586879809866381,0.019912891553488892,0.07354191170534596,0.019912891553488892,0,100
C_weaker_ordinal_smoothness,5,33,input_dependent_nonordinal,0,246,1,1.5365853658536586,1.5365853658536586,0,0.4447356320975943,0.022350673464000378,inf,inf,1,5
C_weaker_ordinal_smoothness,5,33,input_dependent_ordinal,2,1190,0.9193277310924369,3.003361344537815,3.6067226890756303,0,0.602854727834517,0.02433772003240579,0.22409585676747884,0.02433772003240579,0,100
C_weaker_ordinal_smoothness,5,33,input_dependent_ordinal,1,1212,0.9273927392739274,2.7318481848184817,2.7706270627062706,0,0.5521460348517816,0.021465820032892036,-0.012823852414218573,0.021465820032892036,0,100
C_weaker_ordinal_smoothness,5,33,input_dependent_ordinal,4,1182,0.9077834179357022,2.6421319796954315,4.736886632825719,0,0.7050245696111971,0.025695455773452617,0.028074566634505804,0.025695455773452617,0,100
C_weaker_ordinal_smoothness,5,33,input_dependent_ordinal,3,1170,0.9307692307692308,3.25982905982906,4.564102564102564,0,0.6394442279853346,0.02415742439601162,-0.02351316156119654,0.02415742439601162,0,100
C_weaker_ordinal_smoothness,5,33,input_dependent_ordinal,0,246,1,1.5447154471544715,1.5447154471544715,0,0.5220184310425146,0.02044607502791709,inf,inf,1,5
C_weaker_ordinal_smoothness,5,34,independent_mondrian,0,252,1,1.7658730158730158,1.7658730158730158,0,0.0,0.0,inf,inf,1,5
C_weaker_ordinal_smoothness,5,34,independent_mondrian,3,1171,0.9043552519214346,3.1417591801878735,4.5243381725021345,0,0.0,0.0,0.6095259416398823,0.0,0,100
C_weaker_ordinal_smoothness,5,34,independent_mondrian,1,1212,0.9496699669966997,2.6031353135313533,2.631188118811881,0,0.0,0.0,0.6985765352629969,0.0,0,100
C_weaker_ordinal_smoothness,5,34,independent_mondrian,2,1190,0.8672268907563025,3.057142857142857,3.581512605042017,0,0.0,0.0,0.6804854209078269,0.0,0,100
C_weaker_ordinal_smoothness,5,34,independent_mondrian,4,1175,0.8774468085106383,2.4825531914893615,4.696170212765957,0,0.0,0.0,0.6465258232640576,0.0,0,100
C_weaker_ordinal_smoothness,5,34,ordinal_cluster,0,252,0.9642857142857143,1.7023809523809523,1.7023809523809523,0,0.0,0.0,0.6985765352629969,0.0,0,5
C_weaker_ordinal_smoothness,5,34,ordinal_cluster,3,1171,0.9137489325362937,2.0785653287788217,2.0785653287788217,0,0.0,0.0,0.6319577602891565,0.0,0,100
C_weaker_ordinal_smoothness,5,34,ordinal_cluster,1,1212,0.9455445544554455,2.183993399339934,2.183993399339934,0,0.0,0.0,0.6804854209078269,0.0,0,100
C_weaker_ordinal_smoothness,5,34,ordinal_cluster,2,1190,0.8478991596638655,2.153781512605042,2.153781512605042,0,0.0,0.0,0.6555882971876573,0.0,0,100
C_weaker_ordinal_smoothness,5,34,ordinal_cluster,4,1175,0.8561702127659574,1.4697872340425533,1.4697872340425533,0,0.0,0.0,0.6095259416398823,0.0,0,100
C_weaker_ordinal_smoothness,5,34,input_dependent_nonordinal,0,252,1,1.6071428571428572,1.6071428571428572,0,0.45808346673525263,0.0229566038145595,inf,inf,1,5
C_weaker_ordinal_smoothness,5,34,input_dependent_nonordinal,3,1171,0.9222886421861657,3.107600341588386,4.478223740392827,0,0.5754112040222265,0.02855133811397713,0.0726618892608124,0.02855133811397713,0,100
C_weaker_ordinal_smoothness,5,34,input_dependent_nonordinal,1,1212,0.933993399339934,2.6625412541254128,2.697194719471947,0,0.5252625964873858,0.01828831168368059,0.07552235894984982,0.01828831168368059,0,100
C_weaker_ordinal_smoothness,5,34,input_dependent_nonordinal,2,1190,0.8890756302521008,3.0252100840336134,3.6168067226890757,0,0.7258034812049573,0.016226386422249994,0.0065685720828260186,0.016226386422249994,0,100
C_weaker_ordinal_smoothness,5,34,input_dependent_nonordinal,4,1175,0.8706382978723404,2.505531914893617,4.679148936170213,0,0.6877896212346242,0.028653167905047322,-0.04522929269174253,0.028653167905047322,0,100
C_weaker_ordinal_smoothness,5,34,input_dependent_ordinal,0,252,1,1.619047619047619,1.619047619047619,0,0.5189677639127082,0.016805040441159536,inf,inf,1,5
C_weaker_ordinal_smoothness,5,34,input_dependent_ordinal,3,1171,0.9308283518360376,3.1272416737830913,4.48334756618275,0,0.6460019832917704,0.024475841402135885,0.009773724776032666,0.024475841402135885,0,100
C_weaker_ordinal_smoothness,5,34,input_dependent_ordinal,1,1212,0.9331683168316832,2.6658415841584158,2.701320132013201,0,0.5634451204996739,0.018555467848215938,0.0373090137213824,0.018555467848215938,0,100
C_weaker_ordinal_smoothness,5,34,input_dependent_ordinal,2,1190,0.8907563025210085,3.0319327731092436,3.623529411764706,0,0.6039834239330598,0.021654970555588425,0.14182143639875688,0.021654970555588425,0,100
C_weaker_ordinal_smoothness,5,34,input_dependent_ordinal,4,1175,0.8697872340425532,2.523404255319149,4.675744680851063,0,0.686319562835115,0.02844736233767392,-0.04435258117255986,0.02844736233767392,0,100
C_weaker_ordinal_smoothness,5,35,independent_mondrian,3,1211,0.8959537572254336,2.9471511147811724,4.423616845582163,0,0.0,0.0,0.6048861495942432,0.0,0,100
C_weaker_ordinal_smoothness,5,35,independent_mondrian,2,1241,0.8154713940370669,2.7953263497179694,3.4826752618855763,0,0.0,0.0,0.614845248559575,0.0,0,100
C_weaker_ordinal_smoothness,5,35,independent_mondrian,1,1130,0.8831858407079646,2.4601769911504423,2.51858407079646,0,0.0,0.0,0.5004670003027533,0.0,0,100
C_weaker_ordinal_smoothness,5,35,independent_mondrian,4,1163,0.8340498710232158,2.4428202923473776,4.565778159931212,0,0.0,0.0,0.60901184989142,0.0,0,100
C_weaker_ordinal_smoothness,5,35,independent_mondrian,0,255,1,1.3568627450980393,1.3607843137254902,0,0.0,0.0,inf,inf,1,5
C_weaker_ordinal_smoothness,5,35,ordinal_cluster,3,1211,0.8984310487200661,1.9463253509496283,1.9463253509496283,0,0.0,0.0,0.6086643083440266,0.0,0,100
C_weaker_ordinal_smoothness,5,35,ordinal_cluster,2,1241,0.8049959709911362,1.9540692989524577,1.9540692989524577,0,0.0,0.0,0.5979092726917851,0.0,0,100
C_weaker_ordinal_smoothness,5,35,ordinal_cluster,1,1130,0.9300884955752212,1.847787610619469,1.847787610619469,0,0.0,0.0,0.5965521631335048,0.0,0,100
C_weaker_ordinal_smoothness,5,35,ordinal_cluster,4,1163,0.8323301805674979,1.4402407566638005,1.4402407566638005,0,0.0,0.0,0.6048861495942432,0.0,0,100
C_weaker_ordinal_smoothness,5,35,ordinal_cluster,0,255,0.9058823529411765,1.4039215686274509,1.4039215686274509,0,0.0,0.0,0.5004670003027533,0.0,0,5
C_weaker_ordinal_smoothness,5,35,input_dependent_nonordinal,3,1211,0.8488852188274154,2.861271676300578,4.404624277456647,0,0.5971483563076248,0.02588438983680774,-0.06079620637900718,0.02588438983680774,0,100
C_weaker_ordinal_smoothness,5,35,input_dependent_nonordinal,2,1241,0.8114423851732474,2.730862207896857,3.4488315874294924,0,0.7140823565906009,0.013410674795489321,-0.11983172082458138,0.013410674795489321,0,100
C_weaker_ordinal_smoothness,5,35,input_dependent_nonordinal,1,1130,0.8707964601769912,2.395575221238938,2.465486725663717,0,0.5101127120031813,0.018647254154229197,-0.021808950585844533,0.018647254154229197,0,100
C_weaker_ordinal_smoothness,5,35,input_dependent_nonordinal,4,1163,0.8452278589853827,2.3654342218400686,4.606190885640585,0,0.7110085959499535,0.03964866912498775,-0.06101063025084463,0.03964866912498775,0,100
C_weaker_ordinal_smoothness,5,35,input_dependent_nonordinal,0,255,1,1.3529411764705883,1.3529411764705883,0,0.4282826996457331,0.01797725249281189,inf,inf,1,5
C_weaker_ordinal_smoothness,5,35,input_dependent_ordinal,3,1211,0.8497109826589595,2.8406275805119736,4.398018166804294,0,0.6565905639359016,0.026296910379382282,-0.1194788433849917,0.026296910379382282,0,100
C_weaker_ordinal_smoothness,5,35,input_dependent_ordinal,2,1241,0.8017727639000806,2.6913779210314264,3.436744560838034,0,0.5979880799356917,0.02121594788184407,-0.005343831057275206,0.02121594788184407,0,100
C_weaker_ordinal_smoothness,5,35,input_dependent_ordinal,1,1130,0.8557522123893805,2.3778761061946905,2.4530973451327434,0,0.5476718224944795,0.015693080057596863,-0.07679257315416715,0.015693080057596863,0,100
C_weaker_ordinal_smoothness,5,35,input_dependent_ordinal,4,1163,0.8435081685296647,2.374892519346518,4.609630266552021,0,0.7123284496437527,0.03331453128542031,-0.07312489045913872,0.03331453128542031,0,100
C_weaker_ordinal_smoothness,5,35,input_dependent_ordinal,0,255,1,1.3411764705882352,1.3411764705882352,0,0.4808239486865746,0.010794020010748988,inf,inf,1,5
C_weaker_ordinal_smoothness,5,36,independent_mondrian,4,1200,0.9083333333333333,2.578333333333333,4.779166666666667,0,0.0,0.0,0.7738365111193956,0.0,0,100
C_weaker_ordinal_smoothness,5,36,independent_mondrian,3,1164,0.9115120274914089,3.334192439862543,4.661512027491409,0,0.0,0.0,0.6070621653487757,0.0,0,100
C_weaker_ordinal_smoothness,5,36,independent_mondrian,1,1241,0.935535858178888,2.6752618855761483,2.703464947622885,0,0.0,0.0,0.60272399544779,0.0,0,100
C_weaker_ordinal_smoothness,5,36,independent_mondrian,2,1143,0.9037620297462817,3.062992125984252,3.6237970253718284,0,0.0,0.0,0.7448987643291306,0.0,0,100
C_weaker_ordinal_smoothness,5,36,independent_mondrian,0,252,1,1.5634920634920635,1.5634920634920635,0,0.0,0.0,inf,inf,1,5
C_weaker_ordinal_smoothness,5,36,ordinal_cluster,4,1200,0.8625,1.5683333333333334,1.5683333333333334,0,0.0,0.0,0.6625929567832727,0.0,0,100
C_weaker_ordinal_smoothness,5,36,ordinal_cluster,3,1164,0.9467353951890034,2.1219931271477663,2.1219931271477663,0,0.0,0.0,0.697391229939064,0.0,0,100
C_weaker_ordinal_smoothness,5,36,ordinal_cluster,1,1241,0.9468170829975826,2.0684931506849313,2.0684931506849313,0,0.0,0.0,0.6520727295726823,0.0,0,100
C_weaker_ordinal_smoothness,5,36,ordinal_cluster,2,1143,0.8591426071741033,2.182852143482065,2.182852143482065,0,0.0,0.0,0.6440753412921865,0.0,0,100
C_weaker_ordinal_smoothness,5,36,ordinal_cluster,0,252,0.9523809523809523,1.5476190476190477,1.5476190476190477,0,0.0,0.0,0.60272399544779,0.0,0,5
C_weaker_ordinal_smoothness,5,36,input_dependent_nonordinal,4,1200,0.91,2.5825,4.786666666666667,0.0008333333333333334,0.7122705882428501,0.030379189477138822,0.02217693794957798,0.030379189477138822,0,100
C_weaker_ordinal_smoothness,5,36,input_dependent_nonordinal,3,1164,0.9390034364261168,3.1623711340206184,4.558419243986254,0,0.5823458892446601,0.025783026705809724,0.03268776393520023,0.025783026705809724,0,100
C_weaker_ordinal_smoothness,5,36,input_dependent_nonordinal,1,1241,0.9282836422240129,2.5753424657534247,2.606768734891217,0,0.4917148673959297,0.02228625315637663,0.05106733476624303,0.02228625315637663,0,100
C_weaker_ordinal_smoothness,5,36,input_dependent_nonordinal,2,1143,0.9046369203849519,2.9702537182852145,3.5984251968503935,0,0.7387287702661325,0.02879753941344106,-0.013359863950843098,0.02879753941344106,0,100
C_weaker_ordinal_smoothness,5,36,input_dependent_nonordinal,0,252,1,1.4365079365079365,1.4365079365079365,0,0.45041679554069225,0.015981627068362352,inf,inf,1,5
C_weaker_ordinal_smoothness,5,36,input_dependent_ordinal,4,1200,0.91,2.575,4.786666666666667,0.0008333333333333334,0.7144800449366038,0.030185504281830585,0.019186372778163152,0.030185504281830585,0,100
C_weaker_ordinal_smoothness,5,36,input_dependent_ordinal,3,1164,0.9347079037800687,3.170103092783505,4.555841924398625,0,0.6531140853200096,0.028585295768201537,-0.04286462441254579,0.028585295768201537,0,100
C_weaker_ordinal_smoothness,5,36,input_dependent_ordinal,1,1241,0.9290894439967768,2.588235294117647,2.619661563255439,0,0.5474272004245022,0.022803923351780348,-0.0039124010533980735,0.022803923351780348,0,100
C_weaker_ordinal_smoothness,5,36,input_dependent_ordinal,2,1143,0.9081364829396326,2.9650043744531933,3.5914260717410325,0,0.6017770727464106,0.02484899577271555,0.1290346431473155,0.02484899577271555,0,100
C_weaker_ordinal_smoothness,5,36,input_dependent_ordinal,0,252,1,1.4365079365079365,1.4365079365079365,0,0.4962315831756498,0.01805197244303922,inf,inf,1,5
C_weaker_ordinal_smoothness,5,37,independent_mondrian,1,1229,0.8966639544344996,2.563873067534581,2.6159479251423923,0,0.0,0.0,0.5242165201066777,0.0,0,100
C_weaker_ordinal_smoothness,5,37,independent_mondrian,0,270,1,1.3962962962962964,1.3962962962962964,0,0.0,0.0,inf,inf,1,5
C_weaker_ordinal_smoothness,5,37,independent_mondrian,4,1176,0.8801020408163265,2.5153061224489797,4.666666666666667,0,0.0,0.0,0.7003474709324378,0.0,0,100
C_weaker_ordinal_smoothness,5,37,independent_mondrian,3,1155,0.9272727272727272,3.1774891774891776,4.58008658008658,0,0.0,0.0,0.6551083294673858,0.0,0,100
C_weaker_ordinal_smoothness,5,37,independent_mondrian,2,1170,0.8666666666666667,2.976068376068376,3.6367521367521367,0,0.0,0.0,0.690679860167161,0.0,0,100
C_weaker_ordinal_smoothness,5,37,ordinal_cluster,1,1229,0.934092758340114,1.9804719283970709,1.9804719283970709,0,0.0,0.0,0.6167585467149704,0.0,0,100
C_weaker_ordinal_smoothness,5,37,ordinal_cluster,0,270,0.9148148148148149,1.4481481481481482,1.4481481481481482,0,0.0,0.0,0.5775161639890739,0.0,0,5
C_weaker_ordinal_smoothness,5,37,ordinal_cluster,4,1176,0.8545918367346939,1.4889455782312926,1.4889455782312926,0,0.0,0.0,0.6597789282100796,0.0,0,100
C_weaker_ordinal_smoothness,5,37,ordinal_cluster,3,1155,0.9341991341991343,2.0727272727272728,2.0727272727272728,0,0.0,0.0,0.6751664152778242,0.0,0,100
C_weaker_ordinal_smoothness,5,37,ordinal_cluster,2,1170,0.8333333333333334,2.0803418803418805,2.0803418803418805,0,0.0,0.0,0.617400129142979,0.0,0,100
C_weaker_ordinal_smoothness,5,37,input_dependent_nonordinal,1,1229,0.9137510170870626,2.6167615947925142,2.662327095199349,0,0.5265940370245669,0.01925820088991369,-0.00015846627613769204,0.01925820088991369,0,100
C_weaker_ordinal_smoothness,5,37,input_dependent_nonordinal,0,270,1,1.4222222222222223,1.4222222222222223,0,0.4383222724087238,0.01071450480098374,inf,inf,1,5
C_weaker_ordinal_smoothness,5,37,input_dependent_nonordinal,4,1176,0.8647959183673469,2.5170068027210886,4.622448979591836,0,0.694673835720323,0.02386701629819491,-0.0157368099381221,0.02386701629819491,0,100
C_weaker_ordinal_smoothness,5,37,input_dependent_nonordinal,3,1155,0.9307359307359307,3.122077922077922,4.490909090909091,0,0.5882918270871382,0.023760117133242806,0.03347625884060024,0.023760117133242806,0,100
C_weaker_ordinal_smoothness,5,37,input_dependent_nonordinal,2,1170,0.8982905982905983,2.999145299145299,3.6333333333333333,0,0.751230375968017,0.030472595839048464,0.015367388499462509,0.030472595839048464,0,100
C_weaker_ordinal_smoothness,5,37,input_dependent_ordinal,1,1229,0.9137510170870626,2.64686737184703,2.692432872253865,0,0.5668249971772921,0.019513785004201173,-0.041669157903376774,0.019513785004201173,0,100
C_weaker_ordinal_smoothness,5,37,input_dependent_ordinal,0,270,1,1.4111111111111112,1.4111111111111112,0,0.5283586182555848,0.019097311867070376,inf,inf,1,5
C_weaker_ordinal_smoothness,5,37,input_dependent_ordinal,4,1176,0.8613945578231292,2.5093537414965987,4.613945578231292,0,0.7035635172395563,0.025994599278236337,-0.021407460954947388,0.025994599278236337,0,100
C_weaker_ordinal_smoothness,5,37,input_dependent_ordinal,3,1155,0.929004329004329,3.135064935064935,4.489177489177489,0,0.6533801442191696,0.02496396358071959,-0.032269682693008894,0.02496396358071959,0,100
C_weaker_ordinal_smoothness,5,37,input_dependent_ordinal,2,1170,0.9034188034188034,3.0017094017094017,3.6367521367521367,0,0.6195376685927182,0.022010136295542472,0.15183961225948356,0.022010136295542472,0,100
C_weaker_ordinal_smoothness,5,38,independent_mondrian,3,1182,0.9255499153976311,3.4145516074450084,4.723350253807107,0,0.0,0.0,0.6507457828314631,0.0,0,100
C_weaker_ordinal_smoothness,5,38,independent_mondrian,4,1169,0.9401197604790419,2.622754491017964,4.851154833190761,0,0.0,0.0,0.8428872909065968,0.0,0,100
C_weaker_ordinal_smoothness,5,38,independent_mondrian,2,1226,0.8890701468189234,3.070962479608483,3.6476345840130504,0,0.0,0.0,0.7409458448505338,0.0,0,100
C_weaker_ordinal_smoothness,5,38,independent_mondrian,1,1173,0.9113384484228474,2.628303495311168,2.6734867860187554,0,0.0,0.0,0.544410661772548,0.0,0,100
C_weaker_ordinal_smoothness,5,38,independent_mondrian,0,250,1,1.36,1.364,0,0.0,0.0,inf,inf,1,5
C_weaker_ordinal_smoothness,5,38,ordinal_cluster,3,1182,0.9416243654822335,2.149746192893401,2.149746192893401,0,0.0,0.0,0.6912805445848386,0.0,0,100
C_weaker_ordinal_smoothness,5,38,ordinal_cluster,4,1169,0.8845166809238666,1.570573139435415,1.570573139435415,0,0.0,0.0,0.6747374721914131,0.0,0,100
C_weaker_ordinal_smoothness,5,38,ordinal_cluster,2,1226,0.8368678629690048,2.127243066884176,2.127243066884176,0,0.0,0.0,0.6337939206973454,0.0,0,100
C_weaker_ordinal_smoothness,5,38,ordinal_cluster,1,1173,0.9462915601023018,1.9820971867007673,1.9820971867007673,0,0.0,0.0,0.6337939206973454,0.0,0,100
C_weaker_ordinal_smoothness,5,38,ordinal_cluster,0,250,0.936,1.448,1.448,0,0.0,0.0,0.5551461274289454,0.0,0,5
C_weaker_ordinal_smoothness,5,38,input_dependent_nonordinal,3,1182,0.9230118443316413,3.313874788494078,4.629441624365482,0.008460236886632826,0.5733933414235984,0.02023402296124379,0.03308640616629843,0.02023402296124379,0,100
C_weaker_ordinal_smoothness,5,38,input_dependent_nonordinal,4,1169,0.9409751924721984,2.602224123182207,4.844311377245509,0.000855431993156544,0.7485989305737906,0.03930762967837651,0.07557062591173824,0.03930762967837651,0,100
C_weaker_ordinal_smoothness,5,38,input_dependent_nonordinal,2,1226,0.9029363784665579,3.0057096247960846,3.599510603588907,0.012234910277324634,0.7466411331426858,0.022928930529126753,0.029967884142341306,0.022928930529126753,0,100
C_weaker_ordinal_smoothness,5,38,input_dependent_nonordinal,1,1173,0.9317988064791134,2.652173913043478,2.681159420289855,0.0034100596760443308,0.5483803307588627,0.02858399633698738,0.009220190530657424,0.02858399633698738,0,100
C_weaker_ordinal_smoothness,5,38,input_dependent_nonordinal,0,250,1,1.38,1.38,0,0.4588215431826311,0.017538683388026045,inf,inf,1,5
C_weaker_ordinal_smoothness,5,38,input_dependent_ordinal,3,1182,0.9314720812182741,3.3333333333333335,4.625211505922166,0.004230118443316413,0.6769633520936936,0.029676585975551128,-0.06423191224094305,0.029676585975551128,0,100
C_weaker_ordinal_smoothness,5,38,input_dependent_ordinal,4,1169,0.941830624465355,2.6133447390932423,4.847733105218135,0,0.7288403448590347,0.03351654278346846,0.08301949834791433,0.03351654278346846,0,100
C_weaker_ordinal_smoothness,5,38,input_dependent_ordinal,2,1226,0.9119086460032626,3.0138662316476346,3.605220228384992,0.005709624796084829,0.6273614057194392,0.026111542582744698,0.16416436851574606,0.026111542582744698,0,100
C_weaker_ordinal_smoothness,5,38,input_dependent_ordinal,1,1173,0.9309462915601023,2.6649616368286444,2.6956521739130435,0.0017050298380221654,0.5797176722043798,0.022992774151858675,-0.027753053966685926,0.022992774151858675,0,100
C_weaker_ordinal_smoothness,5,38,input_dependent_ordinal,0,250,1,1.392,1.392,0,0.5198956683488951,0.02171939668698697,inf,inf,1,5
C_weaker_ordinal_smoothness,5,39,independent_mondrian,4,1175,0.9276595744680851,2.4893617021276597,4.801702127659574,0,0.0,0.0,0.8206239170628318,0.0,0,100
C_weaker_ordinal_smoothness,5,39,independent_mondrian,1,1159,0.9275237273511648,2.6988783433994823,2.735979292493529,0,0.0,0.0,0.5967554802146786,0.0,0,100
C_weaker_ordinal_smoothness,5,39,independent_mondrian,2,1188,0.9116161616161617,2.9974747474747474,3.538720538720539,0,0.0,0.0,0.7861734621635558,0.0,0,100
C_weaker_ordinal_smoothness,5,39,independent_mondrian,3,1233,0.83779399837794,3.330089213300892,4.658556366585564,0,0.0,0.0,0.5042579329375648,0.0,0,100
C_weaker_ordinal_smoothness,5,39,independent_mondrian,0,245,1,1.526530612244898,1.526530612244898,0,0.0,0.0,inf,inf,1,5
C_weaker_ordinal_smoothness,5,39,ordinal_cluster,4,1175,0.8731914893617021,1.5880851063829786,1.5880851063829786,0,0.0,0.0,0.693450445007909,0.0,0,100
C_weaker_ordinal_smoothness,5,39,ordinal_cluster,1,1159,0.9465056082830026,2.078515962036238,2.078515962036238,0,0.0,0.0,0.6615753992075117,0.0,0,100
C_weaker_ordinal_smoothness,5,39,ordinal_cluster,2,1188,0.8560606060606061,2.2365319865319866,2.2365319865319866,0,0.0,0.0,0.6476063789100933,0.0,0,100
C_weaker_ordinal_smoothness,5,39,ordinal_cluster,3,1233,0.9448499594484996,2.1605839416058394,2.1605839416058394,0,0.0,0.0,0.7187784568940275,0.0,0,100
C_weaker_ordinal_smoothness,5,39,ordinal_cluster,0,245,0.9591836734693877,1.620408163265306,1.620408163265306,0,0.0,0.0,0.5967554802146786,0.0,0,5
C_weaker_ordinal_smoothness,5,39,input_dependent_nonordinal,4,1175,0.9234042553191489,2.4970212765957447,4.794042553191489,0,0.7085772434665214,0.02204991520391222,0.08253084590576765,0.02204991520391222,0,100
C_weaker_ordinal_smoothness,5,39,input_dependent_nonordinal,1,1159,0.8955996548748921,2.6074201898188094,2.653149266609146,0,0.5162801647805815,0.024689161598024173,0.011834639906623368,0.024689161598024173,0,100
C_weaker_ordinal_smoothness,5,39,input_dependent_nonordinal,2,1188,0.92003367003367,2.9124579124579126,3.538720538720539,0,0.7451958359018596,0.019802972468966798,0.020755141282910894,0.019802972468966798,0,100
C_weaker_ordinal_smoothness,5,39,input_dependent_nonordinal,3,1233,0.8572587185725872,3.2124898621248987,4.590429845904298,0,0.5862373455554342,0.02168383901243214,-0.06455576092218429,0.02168383901243214,0,100
C_weaker_ordinal_smoothness,5,39,input_dependent_nonordinal,0,245,1,1.4489795918367347,1.4489795918367347,0,0.39774034774049377,0.00943340448441521,inf,inf,1,5
C_weaker_ordinal_smoothness,5,39,input_dependent_ordinal,4,1175,0.9208510638297872,2.499574468085106,4.786382978723404,0,0.7191546622847005,0.023564792875225376,0.06932585161801097,0.023564792875225376,0,100
C_weaker_ordinal_smoothness,5,39,input_dependent_ordinal,1,1159,0.899913718723037,2.6160483175150993,2.6609145815358066,0.0008628127696289905,0.5549061605953407,0.020459971009826307,-0.028113461859235578,0.020459971009826307,0,100
C_weaker_ordinal_smoothness,5,39,input_dependent_ordinal,2,1188,0.9208754208754208,2.919191919191919,3.538720538720539,0,0.6083607014599469,0.02129591007715024,0.16154658034644587,0.02129591007715024,0,100
C_weaker_ordinal_smoothness,5,39,input_dependent_ordinal,3,1233,0.8580697485806975,3.2051905920519057,4.5798864557988646,0,0.6580113062328091,0.021476243647968643,-0.13550550923954652,0.021476243647968643,0,100
C_weaker_ordinal_smoothness,5,39,input_dependent_ordinal,0,245,1,1.4448979591836735,1.4448979591836735,0,0.5078729213148098,0.019243913501076078,inf,inf,1,5
C_weaker_ordinal_smoothness,5,40,independent_mondrian,3,1154,0.9272097053726169,3.299826689774697,4.584055459272097,0,0.0,0.0,0.7028710293575828,0.0,0,100
C_weaker_ordinal_smoothness,5,40,independent_mondrian,0,256,1,1.44140625,1.44140625,0,0.0,0.0,inf,inf,1,5
C_weaker_ordinal_smoothness,5,40,independent_mondrian,4,1169,0.911890504704876,2.680923866552609,4.768177929854577,0,0.0,0.0,0.7065087411537958,0.0,0,100
C_weaker_ordinal_smoothness,5,40,independent_mondrian,1,1207,0.9005799502899752,2.7100248550124273,2.7613918806959403,0,0.0,0.0,0.5346351018214004,0.0,0,100
C_weaker_ordinal_smoothness,5,40,independent_mondrian,2,1214,0.9168039538714992,3.0766062602965403,3.709225700164745,0,0.0,0.0,0.7915063534416572,0.0,0,100
C_weaker_ordinal_smoothness,5,40,ordinal_cluster,3,1154,0.9280762564991335,2.2192374350086657,2.2192374350086657,0,0.0,0.0,0.7065087411537958,0.0,0,100
C_weaker_ordinal_smoothness,5,40,ordinal_cluster,0,256,0.93359375,1.62109375,1.62109375,0,0.0,0.0,0.5346351018214004,0.0,0,5
C_weaker_ordinal_smoothness,5,40,ordinal_cluster,4,1169,0.9110350727117195,1.6278870829769034,1.6278870829769034,0,0.0,0.0,0.7046322930169351,0.0,0,100
C_weaker_ordinal_smoothness,5,40,ordinal_cluster,1,1207,0.9552609776304888,2.031483015741508,2.031483015741508,0,0.0,0.0,0.6730695066947492,0.0,0,100
C_weaker_ordinal_smoothness,5,40,ordinal_cluster,2,1214,0.8690280065897859,2.2257001647446457,2.2257001647446457,0,0.0,0.0,0.6730695066947492,0.0,0,100
C_weaker_ordinal_smoothness,5,40,input_dependent_nonordinal,3,1154,0.8830155979202773,3.168110918544194,4.479202772963605,0,0.594060254634479,0.03411963690925686,-0.01275824285357563,0.03411963690925686,0,100
C_weaker_ordinal_smoothness,5,40,input_dependent_nonordinal,0,256,1,1.53515625,1.53515625,0,0.43613629295090156,0.019385803531157902,inf,inf,1,5
C_weaker_ordinal_smoothness,5,40,input_dependent_nonordinal,4,1169,0.9007698887938409,2.5671514114627887,4.7450812660393495,0,0.7258064127912822,0.038530168528692274,-0.036761479055086754,0.038530168528692274,0,100
C_weaker_ordinal_smoothness,5,40,input_dependent_nonordinal,1,1207,0.9138359569179785,2.692626346313173,2.7340513670256836,0,0.5130037566264664,0.023627973306865627,0.011794816423168486,0.023627973306865627,0,100
C_weaker_ordinal_smoothness,5,40,input_dependent_nonordinal,2,1214,0.9250411861614497,2.8986820428336078,3.5601317957166394,0,0.744495537487208,0.02242416123007552,0.0614420151399121,0.02242416123007552,0,100
C_weaker_ordinal_smoothness,5,40,input_dependent_ordinal,3,1154,0.8769497400346621,3.137781629116118,4.47313691507799,0,0.6677672881067404,0.03238833779271528,-0.09343405172662833,0.03238833779271528,0,100
C_weaker_ordinal_smoothness,5,40,input_dependent_ordinal,0,256,1,1.52734375,1.52734375,0,0.512823883205631,0.017573358190419212,inf,inf,1,5
C_weaker_ordinal_smoothness,5,40,input_dependent_ordinal,4,1169,0.8990590248075278,2.5585970915312233,4.7408041060735675,0,0.7291815460705152,0.03668965413370209,-0.04423045932271219,0.03668965413370209,0,100
C_weaker_ordinal_smoothness,5,40,input_dependent_ordinal,1,1207,0.9088649544324772,2.6743993371996684,2.7183098591549295,0,0.5610176822066665,0.02102225473724988,-0.05030739946610896,0.02102225473724988,0,100
C_weaker_ordinal_smoothness,5,40,input_dependent_ordinal,2,1214,0.9217462932454695,2.8797364085667216,3.5485996705107086,0,0.6035878854033586,0.025950398210475255,0.19486753229994125,0.025950398210475244,0,100
C_weaker_ordinal_smoothness,5,41,independent_mondrian,3,1211,0.8769611890999174,2.967795210569777,4.473988439306359,0,0.0,0.0,0.5646679123251959,0.0,0,100
C_weaker_ordinal_smoothness,5,41,independent_mondrian,2,1202,0.8352745424292846,2.8194675540765393,3.509151414309484,0,0.0,0.0,0.6394124058627821,0.0,0,100
C_weaker_ordinal_smoothness,5,41,independent_mondrian,1,1188,0.8947811447811448,2.477272727272727,2.526936026936027,0,0.0,0.0,0.5078044139911804,0.0,0,100
C_weaker_ordinal_smoothness,5,41,independent_mondrian,4,1160,0.8387931034482758,2.3974137931034485,4.575862068965518,0,0.0,0.0,0.6191535718205905,0.0,0,100
C_weaker_ordinal_smoothness,5,41,independent_mondrian,0,239,1,1.3472803347280335,1.3472803347280335,0,0.0,0.0,inf,inf,1,5
C_weaker_ordinal_smoothness,5,41,ordinal_cluster,3,1211,0.9033856317093312,1.893476465730801,1.893476465730801,0,0.0,0.0,0.6233880728150856,0.0,0,100
C_weaker_ordinal_smoothness,5,41,ordinal_cluster,2,1202,0.7820299500831946,1.9459234608985025,1.9459234608985025,0,0.0,0.0,0.5671397457640236,0.0,0,100
C_weaker_ordinal_smoothness,5,41,ordinal_cluster,1,1188,0.9276094276094277,1.813973063973064,1.813973063973064,0,0.0,0.0,0.5983701680721374,0.0,0,100
C_weaker_ordinal_smoothness,5,41,ordinal_cluster,4,1160,0.8137931034482758,1.4094827586206897,1.4094827586206897,0,0.0,0.0,0.5776891745514796,0.0,0,100
C_weaker_ordinal_smoothness,5,41,ordinal_cluster,0,239,0.9330543933054394,1.4267782426778242,1.4267782426778242,0,0.0,0.0,0.5159958072831098,0.0,0,5
C_weaker_ordinal_smoothness,5,41,input_dependent_nonordinal,3,1211,0.9199009083402147,3.0660611065235344,4.493806771263419,0,0.5506398001888312,0.02169372247783622,0.06417734791590607,0.02169372247783622,0,100
C_weaker_ordinal_smoothness,5,41,input_dependent_nonordinal,2,1202,0.8627287853577371,2.8477537437603995,3.5565723793677204,0,0.7340242729159628,0.012124596962037888,-0.040227192210277374,0.012124596962037888,0,100
C_weaker_ordinal_smoothness,5,41,input_dependent_nonordinal,1,1188,0.8821548821548821,2.5395622895622894,2.5925925925925926,0,0.5113821668688261,0.01878632300939424,-0.011460368882089123,0.01878632300939424,0,100
C_weaker_ordinal_smoothness,5,41,input_dependent_nonordinal,4,1160,0.8594827586206897,2.4551724137931035,4.622413793103449,0,0.714653581992654,0.01753522896114674,-0.06974672320805492,0.01753522896114674,0,100
C_weaker_ordinal_smoothness,5,41,input_dependent_nonordinal,0,239,1,1.389121338912134,1.389121338912134,0,0.4319384769175808,0.025762275490997456,inf,inf,1,5
C_weaker_ordinal_smoothness,5,41,input_dependent_ordinal,3,1211,0.916597853014038,3.042113955408753,4.483897605284889,0,0.6565796079820607,0.016970419554223154,-0.04912427913670314,0.016970419554223154,0,100
C_weaker_ordinal_smoothness,5,41,input_dependent_ordinal,2,1202,0.8560732113144759,2.8286189683860234,3.543261231281198,0,0.5965245082999414,0.01680396791996823,0.09463290578010464,0.01680396791996823,0,100
C_weaker_ordinal_smoothness,5,41,input_dependent_ordinal,1,1188,0.8804713804713805,2.5202020202020203,2.574074074074074,0,0.5542130968205705,0.01715244954489837,-0.06046197698525907,0.01715244954489837,0,100
C_weaker_ordinal_smoothness,5,41,input_dependent_ordinal,4,1160,0.8586206896551725,2.4525862068965516,4.621551724137931,0,0.6966420189211797,0.016799889005145358,-0.0561383315793903,0.016799889005145358,0,100
C_weaker_ordinal_smoothness,5,41,input_dependent_ordinal,0,239,1,1.393305439330544,1.393305439330544,0,0.49816137155355383,0.015985286430569994,inf,inf,1,5
C_weaker_ordinal_smoothness,5,42,independent_mondrian,1,1228,0.8925081433224755,2.6009771986970684,2.653908794788274,0,0.0,0.0,0.5059498093877783,0.0,0,100
C_weaker_ordinal_smoothness,5,42,independent_mondrian,3,1185,0.870042194092827,3.1890295358649787,4.544303797468355,0,0.0,0.0,0.5478906421265164,0.0,0,100
C_weaker_ordinal_smoothness,5,42,independent_mondrian,4,1171,0.8736122971818958,2.43467122117848,4.6438941076003415,0,0.0,0.0,0.6968035201957952,0.0,0,100
C_weaker_ordinal_smoothness,5,42,independent_mondrian,2,1187,0.8946925021061499,2.908171861836563,3.565290648694187,0,0.0,0.0,0.7449329852162874,0.0,0,100
C_weaker_ordinal_smoothness,5,42,independent_mondrian,0,229,1,1.3275109170305677,1.3275109170305677,0,0.0,0.0,inf,inf,1,5
C_weaker_ordinal_smoothness,5,42,ordinal_cluster,1,1228,0.9413680781758957,1.8574918566775245,1.8574918566775245,0,0.0,0.0,0.622942161632337,0.0,0,100
C_weaker_ordinal_smoothness,5,42,ordinal_cluster,3,1185,0.9282700421940928,1.9873417721518987,1.9873417721518987,0,0.0,0.0,0.6646682542414389,0.0,0,100
C_weaker_ordinal_smoothness,5,42,ordinal_cluster,4,1171,0.8257899231426131,1.439795046968403,1.439795046968403,0,0.0,0.0,0.597512299193506,0.0,0,100
C_weaker_ordinal_smoothness,5,42,ordinal_cluster,2,1187,0.8306655433866892,2.037910699241786,2.037910699241786,0,0.0,0.0,0.605621608617453,0.0,0,100
C_weaker_ordinal_smoothness,5,42,ordinal_cluster,0,229,0.925764192139738,1.4323144104803494,1.4323144104803494,0,0.0,0.0,0.5059498093877783,0.0,0,5
C_weaker_ordinal_smoothness,5,42,input_dependent_nonordinal,1,1228,0.8933224755700325,2.699511400651466,2.75814332247557,0,0.5018995223626977,0.022114375466484287,-0.01585721480944352,0.022114375466484287,0,100
C_weaker_ordinal_smoothness,5,42,input_dependent_nonordinal,3,1185,0.9274261603375528,3.2624472573839665,4.547679324894514,0,0.5847007453780436,0.02937008558817248,0.03821582129921147,0.02937008558817248,0,100
C_weaker_ordinal_smoothness,5,42,input_dependent_nonordinal,4,1171,0.8838599487617421,2.561058923996584,4.690862510674637,0,0.7255106916876851,0.023465796267719462,0.0001949275761908842,0.023465796267719462,0,100
C_weaker_ordinal_smoothness,5,42,input_dependent_nonordinal,2,1187,0.9342881213142376,2.95787700084246,3.6183656276326874,0,0.7205891270995849,0.01808217041191896,0.0991099543002168,0.01808217041191896,0,100
C_weaker_ordinal_smoothness,5,42,input_dependent_nonordinal,0,229,1,1.3842794759825328,1.3842794759825328,0,0.4463450111983393,0.03526039131953843,inf,inf,1,5
C_weaker_ordinal_smoothness,5,42,input_dependent_ordinal,1,1228,0.8925081433224755,2.67671009771987,2.736156351791531,0,0.5434010203871502,0.02290598352995156,-0.05573071095895976,0.02290598352995156,0,100
C_weaker_ordinal_smoothness,5,42,input_dependent_ordinal,3,1185,0.9215189873417722,3.243881856540084,4.546835443037975,0,0.6587052159637028,0.023431949001369023,-0.05113360180079146,0.023431949001369023,0,100
C_weaker_ordinal_smoothness,5,42,input_dependent_ordinal,4,1171,0.8864218616567037,2.551665243381725,4.697694278394534,0,0.7183223508519389,0.024447553682027303,0.010400946731126792,0.024447553682027303,0,100
C_weaker_ordinal_smoothness,5,42,input_dependent_ordinal,2,1187,0.9342881213142376,2.9502948609941027,3.6099410278011796,0,0.6009940294385135,0.02275495553127563,0.21294719308394294,0.02275495553127563,0,100
C_weaker_ordinal_smoothness,5,42,input_dependent_ordinal,0,229,1,1.388646288209607,1.388646288209607,0,0.4930672104905239,0.023135155505413008,inf,inf,1,5
C_weaker_ordinal_smoothness,5,43,independent_mondrian,2,1180,0.8974576271186441,3.08135593220339,3.7152542372881356,0,0.0,0.0,0.7843022424729292,0.0,0,100
C_weaker_ordinal_smoothness,5,43,independent_mondrian,1,1180,0.8974576271186441,2.685593220338983,2.7347457627118645,0,0.0,0.0,0.5197466027507812,0.0,0,100
C_weaker_ordinal_smoothness,5,43,independent_mondrian,4,1163,0.8925193465176269,2.7007738607050733,4.7515047291487535,0,0.0,0.0,0.6968323636281316,0.0,0,100
C_weaker_ordinal_smoothness,5,43,independent_mondrian,0,250,1,1.468,1.472,0,0.0,0.0,inf,inf,1,5
C_weaker_ordinal_smoothness,5,43,independent_mondrian,3,1227,0.9568052159739201,3.2950285248573756,4.5753871230643846,0,0.0,0.0,0.7456319430854831,0.0,0,100
C_weaker_ordinal_smoothness,5,43,ordinal_cluster,2,1180,0.8567796610169491,2.263559322033898,2.263559322033898,0,0.0,0.0,0.6926437632166599,0.0,0,100
C_weaker_ordinal_smoothness,5,43,ordinal_cluster,1,1180,0.9559322033898305,2.073728813559322,2.073728813559322,0,0.0,0.0,0.6822794860516974,0.0,0,100
C_weaker_ordinal_smoothness,5,43,ordinal_cluster,4,1163,0.8933791917454859,1.644883920894239,1.644883920894239,0,0.0,0.0,0.6978960736349047,0.0,0,100
C_weaker_ordinal_smoothness,5,43,ordinal_cluster,0,250,0.932,1.632,1.632,0,0.0,0.0,0.5494271524742119,0.0,0,5
C_weaker_ordinal_smoothness,5,43,ordinal_cluster,3,1227,0.9494702526487367,2.2224938875305624,2.2224938875305624,0,0.0,0.0,0.7263340787589374,0.0,0,100
C_weaker_ordinal_smoothness,5,43,input_dependent_nonordinal,2,1180,0.8838983050847458,2.9567796610169492,3.610169491525424,0,0.7153444069792746,0.017477203771131728,0.013328473242768313,0.017477203771131728,0,100
C_weaker_ordinal_smoothness,5,43,input_dependent_nonordinal,1,1180,0.9220338983050848,2.588135593220339,2.6245762711864407,0,0.5168535176198455,0.025681114915110364,0.018403154644325626,0.025681114915110364,0,100
C_weaker_ordinal_smoothness,5,43,input_dependent_nonordinal,4,1163,0.8856405846947549,2.5769561478933793,4.711092003439381,0,0.7038349360544004,0.025596978626712088,-0.029671805304387122,0.025596978626712088,0,100
C_weaker_ordinal_smoothness,5,43,input_dependent_nonordinal,0,250,1,1.476,1.476,0,0.43335971905210746,0.014073637800238398,inf,inf,1,5
C_weaker_ordinal_smoothness,5,43,input_dependent_nonordinal,3,1227,0.9307253463732681,3.1344743276283618,4.505297473512632,0,0.596945841816083,0.026591985543821185,0.05799817982649064,0.026591985543821185,0,100
C_weaker_ordinal_smoothness,5,43,input_dependent_ordinal,2,1180,0.8762711864406779,2.9296610169491526,3.5983050847457627,0,0.6043684227295598,0.02244804296612917,0.10771417033284703,0.02244804296612917,0,100
C_weaker_ordinal_smoothness,5,43,input_dependent_ordinal,1,1180,0.9144067796610169,2.542372881355932,2.58135593220339,0,0.553143665109826,0.021097193388484883,-0.03771694038246509,0.021097193388484883,0,100
C_weaker_ordinal_smoothness,5,43,input_dependent_ordinal,4,1163,0.8856405846947549,2.5580395528804813,4.710232158211522,0,0.7084782316957193,0.025844924106542023,-0.03334406498174086,0.025844924106542023,0,100
C_weaker_ordinal_smoothness,5,43,input_dependent_ordinal,0,250,1,1.468,1.468,0,0.49984666535681604,0.018441976150638015,inf,inf,1,5
C_weaker_ordinal_smoothness,5,43,input_dependent_ordinal,3,1227,0.9250203748981255,3.1010594947025263,4.502852485737571,0,0.6542079591631192,0.02455318954193239,-0.009877998555664458,0.02455318954193239,0,100
C_weaker_ordinal_smoothness,5,44,independent_mondrian,3,1261,0.9175257731958762,3.422680412371134,4.651070578905631,0,0.0,0.0,0.6506468155666858,0.0,0,100
C_weaker_ordinal_smoothness,5,44,independent_mondrian,4,1181,0.9187129551227773,2.626587637595258,4.786621507197291,0,0.0,0.0,0.7667823103584746,0.0,0,100
C_weaker_ordinal_smoothness,5,44,independent_mondrian,1,1142,0.9448336252189142,2.7802101576182134,2.808231173380035,0,0.0,0.0,0.6209527151530964,0.0,0,100
C_weaker_ordinal_smoothness,5,44,independent_mondrian,2,1180,0.9220338983050848,3.156779661016949,3.701694915254237,0,0.0,0.0,0.8454287092308477,0.0,0,100
C_weaker_ordinal_smoothness,5,44,independent_mondrian,0,236,1,1.6567796610169492,1.6567796610169492,0,0.0,0.0,inf,inf,1,5
C_weaker_ordinal_smoothness,5,44,ordinal_cluster,3,1261,0.9413164155432197,2.2212529738302935,2.2212529738302935,0,0.0,0.0,0.7148988688214878,0.0,0,100
C_weaker_ordinal_smoothness,5,44,ordinal_cluster,4,1181,0.8839966130397968,1.584250635055038,1.584250635055038,0,0.0,0.0,0.6938124597938059,0.0,0,100
C_weaker_ordinal_smoothness,5,44,ordinal_cluster,1,1142,0.9640980735551664,2.2285464098073553,2.2285464098073553,0,0.0,0.0,0.7148988688214878,0.0,0,100
C_weaker_ordinal_smoothness,5,44,ordinal_cluster,2,1180,0.8415254237288136,2.3203389830508474,2.3203389830508474,0,0.0,0.0,0.6679491942130862,0.0,0,100
C_weaker_ordinal_smoothness,5,44,ordinal_cluster,0,236,0.9703389830508474,1.7118644067796611,1.7118644067796611,0,0.0,0.0,0.6651698398532819,0.0,0,5
C_weaker_ordinal_smoothness,5,44,input_dependent_nonordinal,3,1261,0.8699444885011896,3.164155432196669,4.559080095162569,0,0.617742940231558,0.04029822364128752,-0.04880908379642801,0.04029822364128752,0,100
C_weaker_ordinal_smoothness,5,44,input_dependent_nonordinal,4,1181,0.9246401354784082,2.5046570702794244,4.801016088060965,0,0.7086112461191884,0.02345454145272311,0.039740758645324004,0.02345454145272311,0,100
C_weaker_ordinal_smoothness,5,44,input_dependent_nonordinal,1,1142,0.936077057793345,2.6567425569176883,2.6873905429071803,0,0.5205015855818508,0.01669458959199819,0.03493111701674734,0.01669458959199819,0,100
C_weaker_ordinal_smoothness,5,44,input_dependent_nonordinal,2,1180,0.8983050847457628,2.9567796610169492,3.5847457627118646,0,0.7848561666501536,0.03250112754471879,-0.013049356636174791,0.03250112754471879,0,100
C_weaker_ordinal_smoothness,5,44,input_dependent_nonordinal,0,236,1,1.5127118644067796,1.5127118644067796,0,0.4334278104637081,0.021011894773213878,inf,inf,1,5
C_weaker_ordinal_smoothness,5,44,input_dependent_ordinal,3,1261,0.8762886597938144,3.1451229183187945,4.527359238699445,0.0007930214115781126,0.6795890554017736,0.029825005659402964,-0.11197684290495624,0.029825005659402964,0,100
C_weaker_ordinal_smoothness,5,44,input_dependent_ordinal,4,1181,0.9178662150719729,2.4877222692633363,4.779847586790855,0,0.7242767912747722,0.03289074448130455,0.010883405809353208,0.03289074448130455,0,100
C_weaker_ordinal_smoothness,5,44,input_dependent_ordinal,1,1142,0.925569176882662,2.640980735551664,2.6751313485113837,0.0008756567425569177,0.5816339467059711,0.023259472472799643,-0.035602163644979756,0.023259472472799643,0,100
C_weaker_ordinal_smoothness,5,44,input_dependent_ordinal,2,1180,0.8957627118644068,2.9389830508474577,3.5771186440677964,0,0.6333562146998434,0.02636398313749463,0.12847002679081532,0.02636398313749463,0,100
C_weaker_ordinal_smoothness,5,44,input_dependent_ordinal,0,236,1,1.4830508474576272,1.4830508474576272,0,0.51449986520814,0.021085597313240365,inf,inf,1,5
C_weaker_ordinal_smoothness,5,45,independent_mondrian,3,1197,0.9131161236424394,3.239766081871345,4.52297410192147,0,0.0,0.0,0.6424396831430051,0.0,0,100
C_weaker_ordinal_smoothness,5,45,independent_mondrian,2,1152,0.9166666666666666,2.8741319444444446,3.5868055555555554,0,0.0,0.0,0.7989593800882884,0.0,0,100
C_weaker_ordinal_smoothness,5,45,independent_mondrian,1,1209,0.7973531844499586,2.600496277915633,2.7038875103391233,0,0.0,0.0,0.41241457481392246,0.0,0,100
C_weaker_ordinal_smoothness,5,45,independent_mondrian,4,1191,0.8740554156171285,2.577665827036104,4.685978169605374,0,0.0,0.0,0.6658248921280492,0.0,0,100
C_weaker_ordinal_smoothness,5,45,independent_mondrian,0,251,1,1.3745019920318724,1.3745019920318724,0,0.0,0.0,inf,inf,1,5
C_weaker_ordinal_smoothness,5,45,ordinal_cluster,3,1197,0.9264828738512949,2.1119465329991645,2.1119465329991645,0,0.0,0.0,0.6848726995936069,0.0,0,100
C_weaker_ordinal_smoothness,5,45,ordinal_cluster,2,1152,0.8385416666666666,2.1006944444444446,2.1006944444444446,0,0.0,0.0,0.6424396831430051,0.0,0,100
C_weaker_ordinal_smoothness,5,45,ordinal_cluster,1,1209,0.9404466501240695,1.8304383788254757,1.8304383788254757,0,0.0,0.0,0.6547453084205668,0.0,0,100
C_weaker_ordinal_smoothness,5,45,ordinal_cluster,4,1191,0.8656591099916037,1.544080604534005,1.544080604534005,0,0.0,0.0,0.6424396831430051,0.0,0,100
C_weaker_ordinal_smoothness,5,45,ordinal_cluster,0,251,0.8645418326693227,1.5139442231075697,1.5139442231075697,0,0.0,0.0,0.4378618819172598,0.0,0,5
C_weaker_ordinal_smoothness,5,45,input_dependent_nonordinal,3,1197,0.9081035923141186,3.161236424394319,4.488721804511278,0,0.5904878272888932,0.02209107654933969,0.015037648989375707,0.02209107654933969,0,100
C_weaker_ordinal_smoothness,5,45,input_dependent_nonordinal,2,1152,0.9175347222222222,2.8776041666666665,3.5598958333333335,0,0.7465050043714088,0.03175935055544744,0.04801439229325988,0.03175935055544744,0,100
C_weaker_ordinal_smoothness,5,45,input_dependent_nonordinal,1,1209,0.8172043010752689,2.5607940446650126,2.652605459057072,0,0.5001648781908637,0.018891587919029913,-0.06264728600605252,0.018891587919029913,0,100
C_weaker_ordinal_smoothness,5,45,input_dependent_nonordinal,4,1191,0.8950461796809404,2.561712846347607,4.73215785054576,0,0.7164261899577412,0.02083452654365389,-0.044012302760883526,0.02083452654365389,0,100
C_weaker_ordinal_smoothness,5,45,input_dependent_nonordinal,0,251,1,1.4342629482071714,1.4342629482071714,0,0.4466392055642759,0.019622405905689616,inf,inf,1,5
C_weaker_ordinal_smoothness,5,45,input_dependent_ordinal,3,1197,0.9081035923141186,3.1487050960735172,4.491228070175438,0,0.663868825915625,0.02242864970652008,-0.05681809797933168,0.02242864970652008,0,100
C_weaker_ordinal_smoothness,5,45,input_dependent_ordinal,2,1152,0.9071180555555556,2.8741319444444446,3.5598958333333335,0,0.6096282866860311,0.022654205281510593,0.16512437613238162,0.022654205281510593,0,100
C_weaker_ordinal_smoothness,5,45,input_dependent_ordinal,1,1209,0.8188585607940446,2.553349875930521,2.6451612903225805,0,0.5550528833453545,0.022765735893529725,-0.11071585932179429,0.022765735893529725,0,100
C_weaker_ordinal_smoothness,5,45,input_dependent_ordinal,4,1191,0.8950461796809404,2.5533165407220824,4.73215785054576,0,0.7188804354376576,0.02265544747567924,-0.043336004226928626,0.02265544747567924,0,100
C_weaker_ordinal_smoothness,5,45,input_dependent_ordinal,0,251,1,1.4223107569721116,1.4223107569721116,0,0.4930541085268499,0.02044932419292573,inf,inf,1,5
C_weaker_ordinal_smoothness,5,46,independent_mondrian,1,1198,0.8973288814691152,2.513355592654424,2.5634390651085144,0,0.0,0.0,0.5615423730980668,0.0,0,100
C_weaker_ordinal_smoothness,5,46,independent_mondrian,3,1142,0.9308231173380035,3.3458844133099825,4.776707530647986,0,0.0,0.0,0.6629872054550695,0.0,0,100
C_weaker_ordinal_smoothness,5,46,independent_mondrian,4,1230,0.9577235772357724,2.6105691056910567,4.89349593495935,0,0.0,0.0,0.9066308644816812,0.0,0,100
C_weaker_ordinal_smoothness,5,46,independent_mondrian,2,1188,0.8223905723905723,3.0816498316498318,3.733164983164983,0,0.0,0.0,0.6395125034111477,0.0,0,100
C_weaker_ordinal_smoothness,5,46,independent_mondrian,0,242,1,1.5495867768595042,1.5495867768595042,0,0.0,0.0,inf,inf,1,5
C_weaker_ordinal_smoothness,5,46,ordinal_cluster,1,1198,0.9307178631051753,1.986644407345576,1.986644407345576,0,0.0,0.0,0.6344479914020752,0.0,0,100
C_weaker_ordinal_smoothness,5,46,ordinal_cluster,3,1142,0.9413309982486865,2.2040280210157617,2.2040280210157617,0,0.0,0.0,0.6922256187292127,0.0,0,100
C_weaker_ordinal_smoothness,5,46,ordinal_cluster,4,1230,0.9089430894308943,1.5983739837398374,1.5983739837398374,0,0.0,0.0,0.7312868769053815,0.0,0,100
C_weaker_ordinal_smoothness,5,46,ordinal_cluster,2,1188,0.8198653198653199,2.1742424242424243,2.1742424242424243,0,0.0,0.0,0.6364925277153134,0.0,0,100
C_weaker_ordinal_smoothness,5,46,ordinal_cluster,0,242,0.9380165289256198,1.6198347107438016,1.6198347107438016,0,0.0,0.0,0.5615423730980668,0.0,0,5
C_weaker_ordinal_smoothness,5,46,input_dependent_nonordinal,1,1198,0.8898163606010017,2.5041736227045077,2.5601001669449084,0,0.5068809875409441,0.020226024536841213,0.03607113791527461,0.020226024536841213,0,100
C_weaker_ordinal_smoothness,5,46,input_dependent_nonordinal,3,1142,0.9098073555166375,3.2294220665499123,4.647985989492119,0.0017513134851138354,0.5637461770890103,0.020699465251129943,0.01016749783956361,0.020699465251129943,0,100
C_weaker_ordinal_smoothness,5,46,input_dependent_nonordinal,4,1230,0.948780487804878,2.538211382113821,4.878861788617886,0,0.6998652100554137,0.022081655228629964,0.12234601345882568,0.02208165522862997,0,100
C_weaker_ordinal_smoothness,5,46,input_dependent_nonordinal,2,1188,0.8560606060606061,2.9545454545454546,3.612794612794613,0,0.7922473599386045,0.03466987545850563,-0.09755424508790184,0.034669875458505625,0,100
C_weaker_ordinal_smoothness,5,46,input_dependent_nonordinal,0,242,1,1.512396694214876,1.512396694214876,0,0.40376554662502245,0.01624154992166808,inf,inf,1,5
C_weaker_ordinal_smoothness,5,46,input_dependent_ordinal,1,1198,0.8973288814691152,2.503338898163606,2.5575959933222037,0.0008347245409015025,0.5654547110389517,0.023617349597535458,-0.014386414876980336,0.023617349597535458,0,100
C_weaker_ordinal_smoothness,5,46,input_dependent_ordinal,3,1142,0.9176882661996497,3.2425569176882663,4.648861646234676,0.0070052539404553416,0.6548338800515339,0.02387272949774606,-0.06685644281912034,0.02387272949774606,0,100
C_weaker_ordinal_smoothness,5,46,input_dependent_ordinal,4,1230,0.9471544715447154,2.5341463414634147,4.87479674796748,0,0.7026886832413323,0.022965129050489152,0.11501151215177186,0.022965129050489152,0,100
C_weaker_ordinal_smoothness,5,46,input_dependent_ordinal,2,1188,0.8518518518518519,2.9696969696969697,3.6254208754208754,0.0025252525252525255,0.6118487511416866,0.02266226074429826,0.06867847653366987,0.02266226074429826,0,100
C_weaker_ordinal_smoothness,5,46,input_dependent_ordinal,0,242,1,1.5041322314049588,1.5041322314049588,0,0.5168187548573482,0.022155683152506902,inf,inf,1,5
C_weaker_ordinal_smoothness,5,47,independent_mondrian,1,1208,0.8923841059602649,2.672185430463576,2.7268211920529803,0,0.0,0.0,0.5299615678214176,0.0,0,100
C_weaker_ordinal_smoothness,5,47,independent_mondrian,3,1169,0.8785286569717707,3.3627031650983747,4.67579127459367,0,0.0,0.0,0.5845668367001651,0.0,0,100
C_weaker_ordinal_smoothness,5,47,independent_mondrian,4,1165,0.9261802575107296,2.5914163090128755,4.797424892703862,0,0.0,0.0,0.8019955452972727,0.0,0,100
C_weaker_ordinal_smoothness,5,47,independent_mondrian,2,1218,0.8940886699507389,2.971264367816092,3.568144499178982,0,0.0,0.0,0.7963712680416314,0.0,0,100
C_weaker_ordinal_smoothness,5,47,independent_mondrian,0,240,1,1.4458333333333333,1.4458333333333333,0,0.0,0.0,inf,inf,1,5
C_weaker_ordinal_smoothness,5,47,ordinal_cluster,1,1208,0.945364238410596,1.9677152317880795,1.9677152317880795,0,0.0,0.0,0.6437707787050396,0.0,0,100
C_weaker_ordinal_smoothness,5,47,ordinal_cluster,3,1169,0.9332763045337895,2.1924721984602225,2.1924721984602225,0,0.0,0.0,0.7226717060407697,0.0,0,100
C_weaker_ordinal_smoothness,5,47,ordinal_cluster,4,1165,0.8952789699570816,1.6240343347639485,1.6240343347639485,0,0.0,0.0,0.7221204400946996,0.0,0,100
C_weaker_ordinal_smoothness,5,47,ordinal_cluster,2,1218,0.8251231527093597,2.1863711001642034,2.1863711001642034,0,0.0,0.0,0.6366615699177288,0.0,0,100
C_weaker_ordinal_smoothness,5,47,ordinal_cluster,0,240,0.9416666666666667,1.5333333333333334,1.5333333333333334,0,0.0,0.0,0.5299615678214176,0.0,0,5
C_weaker_ordinal_smoothness,5,47,input_dependent_nonordinal,1,1208,0.8948675496688742,2.6705298013245033,2.725165562913907,0,0.5010963437229092,0.022500695075357704,0.008156045726822936,0.022500695075357704,0,100
C_weaker_ordinal_smoothness,5,47,input_dependent_nonordinal,3,1169,0.9041916167664671,3.2429426860564585,4.563729683490163,0,0.5871999807179868,0.02507630591457331,0.031573220792253665,0.02507630591457331,0,100
C_weaker_ordinal_smoothness,5,47,input_dependent_nonordinal,4,1165,0.9141630901287554,2.6068669527896997,4.766523605150215,0,0.7035303590766007,0.026594304184719565,0.035519130556325884,0.026594304184719565,0,100
C_weaker_ordinal_smoothness,5,47,input_dependent_nonordinal,2,1218,0.9129720853858785,2.951559934318555,3.5788177339901477,0,0.7715330949456164,0.02211156218209887,0.03194731402098783,0.02211156218209887,0,100
C_weaker_ordinal_smoothness,5,47,input_dependent_nonordinal,0,240,1,1.3458333333333334,1.3458333333333334,0,0.41752368343240664,0.03516317906149701,inf,inf,1,5
C_weaker_ordinal_smoothness,5,47,input_dependent_ordinal,1,1208,0.8956953642384106,2.6672185430463577,2.721026490066225,0,0.5593765821461679,0.022203369186077376,-0.049367335555392744,0.022203369186077376,0,100
C_weaker_ordinal_smoothness,5,47,input_dependent_ordinal,3,1169,0.9067579127459366,3.242087254063302,4.565440547476475,0,0.6609760815665974,0.024253875063585194,-0.03861434991680024,0.024253875063585194,0,100
C_weaker_ordinal_smoothness,5,47,input_dependent_ordinal,4,1165,0.9124463519313305,2.6085836909871243,4.759656652360515,0,0.7055650310151259,0.025170375166477167,0.03246828066153751,0.025170375166477167,0,100
C_weaker_ordinal_smoothness,5,47,input_dependent_ordinal,2,1218,0.9146141215106732,2.9573070607553364,3.5829228243021345,0,0.6104483671094048,0.024012698600887533,0.1932314100533391,0.024012698600887533,0,100
C_weaker_ordinal_smoothness,5,47,input_dependent_ordinal,0,240,1,1.3458333333333334,1.3458333333333334,0,0.48908875047645495,0.022855546379411906,inf,inf,1,5
C_weaker_ordinal_smoothness,5,48,independent_mondrian,3,1185,0.8177215189873418,3.2067510548523206,4.523206751054852,0,0.0,0.0,0.4890800926108578,0.0,0,100
C_weaker_ordinal_smoothness,5,48,independent_mondrian,0,261,1,1.528735632183908,1.528735632183908,0,0.0,0.0,inf,inf,1,5
C_weaker_ordinal_smoothness,5,48,independent_mondrian,2,1171,0.9265584970111016,2.9342442356959864,3.4927412467976087,0,0.0,0.0,0.8076188661477953,0.0,0,100
C_weaker_ordinal_smoothness,5,48,independent_mondrian,1,1213,0.9208573784006595,2.6817807089859853,2.7106347897774112,0,0.0,0.0,0.5795101728477968,0.0,0,100
C_weaker_ordinal_smoothness,5,48,independent_mondrian,4,1170,0.8957264957264958,2.45982905982906,4.74957264957265,0,0.0,0.0,0.7027437921865158,0.0,0,100
C_weaker_ordinal_smoothness,5,48,ordinal_cluster,3,1185,0.9417721518987342,2.10295358649789,2.10295358649789,0,0.0,0.0,0.7087377201220134,0.0,0,100
C_weaker_ordinal_smoothness,5,48,ordinal_cluster,0,261,0.9501915708812261,1.6091954022988506,1.6091954022988506,0,0.0,0.0,0.5795101728477968,0.0,0,5
C_weaker_ordinal_smoothness,5,48,ordinal_cluster,2,1171,0.8548249359521777,2.1998292058070024,2.1998292058070024,0,0.0,0.0,0.6574702922840772,0.0,0,100
C_weaker_ordinal_smoothness,5,48,ordinal_cluster,1,1213,0.9620774938169827,2.058532563891179,2.058532563891179,0,0.0,0.0,0.6982452149363958,0.0,0,100
C_weaker_ordinal_smoothness,5,48,ordinal_cluster,4,1170,0.8427350427350427,1.5495726495726496,1.5495726495726496,0,0.0,0.0,0.60918388505101,0.0,0,100
C_weaker_ordinal_smoothness,5,48,input_dependent_nonordinal,3,1185,0.9341772151898734,3.158649789029536,4.420253164556962,0,0.597481708752146,0.03168192039267643,0.025207808305167445,0.03168192039267643,0,100
C_weaker_ordinal_smoothness,5,48,input_dependent_nonordinal,0,261,1,1.5019157088122606,1.5019157088122606,0,0.4170680074863967,0.015155166068756816,inf,inf,1,5
C_weaker_ordinal_smoothness,5,48,input_dependent_nonordinal,2,1171,0.9333902647309992,2.9982920580700254,3.5866780529462,0,0.7573546545173312,0.02284842030371368,0.06194342524746976,0.02284842030371368,0,100
C_weaker_ordinal_smoothness,5,48,input_dependent_nonordinal,1,1213,0.9291014014839242,2.711459192085738,2.741962077493817,0,0.5386651577625657,0.026297697625434838,0.022705039486456913,0.026297697625434838,0,100
C_weaker_ordinal_smoothness,5,48,input_dependent_nonordinal,4,1170,0.8282051282051283,2.5188034188034187,4.572649572649572,0,0.6958423315074512,0.026295361604509068,-0.09331338195575589,0.026295361604509068,0,100
C_weaker_ordinal_smoothness,5,48,input_dependent_ordinal,3,1185,0.9341772151898734,3.159493670886076,4.4261603375527425,0,0.6619792566765186,0.027967886785750715,-0.0416067433231424,0.027967886785750715,0,100
C_weaker_ordinal_smoothness,5,48,input_dependent_ordinal,0,261,1,1.4980842911877394,1.4980842911877394,0,0.5361332731004471,0.025118733419558923,inf,inf,1,5
C_weaker_ordinal_smoothness,5,48,input_dependent_ordinal,2,1171,0.9333902647309992,2.9965841161400513,3.588385994876174,0,0.6213738196158486,0.026353996753253815,0.20194345577869166,0.026353996753253815,0,100
C_weaker_ordinal_smoothness,5,48,input_dependent_ordinal,1,1213,0.9258037922506183,2.7073371805441053,2.740313272877164,0,0.5751965328958271,0.024172934668941683,-0.02161381779960303,0.024172934668941683,0,100
C_weaker_ordinal_smoothness,5,48,input_dependent_ordinal,4,1170,0.82991452991453,2.523076923076923,4.570940170940171,0,0.7069385326612577,0.02875692704397395,-0.09970698095166564,0.02875692704397395,0,100
C_weaker_ordinal_smoothness,5,49,independent_mondrian,2,1171,0.89666951323655,2.9350982066609737,3.5183603757472244,0,0.0,0.0,0.7659435882818703,0.0,0,100
C_weaker_ordinal_smoothness,5,49,independent_mondrian,1,1178,0.9235993208828522,2.671477079796265,2.711375212224109,0,0.0,0.0,0.5840502495355523,0.0,0,100
C_weaker_ordinal_smoothness,5,49,independent_mondrian,3,1238,0.8861066235864298,3.105815831987076,4.450726978998384,0,0.0,0.0,0.5784503195810144,0.0,0,100
C_weaker_ordinal_smoothness,5,49,independent_mondrian,4,1153,0.8143972246313964,2.471812662619254,4.514310494362532,0,0.0,0.0,0.5825527973007563,0.0,0,100
C_weaker_ordinal_smoothness,5,49,independent_mondrian,0,260,1,1.6153846153846154,1.6153846153846154,0,0.0,0.0,inf,inf,1,5
C_weaker_ordinal_smoothness,5,49,ordinal_cluster,2,1171,0.8317677198975235,2.1502988898377455,2.1502988898377455,0,0.0,0.0,0.6472476889822376,0.0,0,100
C_weaker_ordinal_smoothness,5,49,ordinal_cluster,1,1178,0.9617996604414262,2.0517826825127337,2.0517826825127337,0,0.0,0.0,0.6996696256796984,0.0,0,100
C_weaker_ordinal_smoothness,5,49,ordinal_cluster,3,1238,0.9232633279483037,2.024232633279483,2.024232633279483,0,0.0,0.0,0.6505670287119156,0.0,0,100
C_weaker_ordinal_smoothness,5,49,ordinal_cluster,4,1153,0.810928013876843,1.4848222029488292,1.4848222029488292,0,0.0,0.0,0.5784503195810144,0.0,0,100
C_weaker_ordinal_smoothness,5,49,ordinal_cluster,0,260,0.9384615384615385,1.6961538461538461,1.6961538461538461,0,0.0,0.0,0.5840502495355523,0.0,0,5
C_weaker_ordinal_smoothness,5,49,input_dependent_nonordinal,2,1171,0.8898377455166524,2.8616567036720753,3.515798462852263,0,0.7626555129619386,0.02881386508561394,-0.01463773956192127,0.02881386508561394,0,100
C_weaker_ordinal_smoothness,5,49,input_dependent_nonordinal,1,1178,0.9210526315789473,2.5806451612903225,2.6188455008488964,0,0.527611870631907,0.02471886732623062,-0.007156899581975296,0.02471886732623062,0,100
C_weaker_ordinal_smoothness,5,49,input_dependent_nonordinal,3,1238,0.864297253634895,3.1106623586429727,4.533925686591276,0,0.5880294996437327,0.02113148348433789,-0.03945392361652089,0.02113148348433789,0,100
C_weaker_ordinal_smoothness,5,49,input_dependent_nonordinal,4,1153,0.8915871639202082,2.5091066782307023,4.72419774501301,0,0.719970701747485,0.020299252234860763,-0.012536429984103536,0.020299252234860763,0,100
C_weaker_ordinal_smoothness,5,49,input_dependent_nonordinal,0,260,1,1.523076923076923,1.523076923076923,0,0.4400824115089717,0.014109397115588156,inf,inf,1,5
C_weaker_ordinal_smoothness,5,49,input_dependent_ordinal,2,1171,0.8915456874466268,2.8719043552519214,3.5269000853970964,0,0.6223608121549866,0.0232567891259295,0.12844949966134434,0.0232567891259295,0,100
C_weaker_ordinal_smoothness,5,49,input_dependent_ordinal,1,1178,0.9210526315789473,2.5933786078098473,2.6315789473684212,0,0.5740755200711327,0.024585533087921597,-0.05408182364519709,0.024585533087921597,0,100
C_weaker_ordinal_smoothness,5,49,input_dependent_ordinal,3,1238,0.8707592891760905,3.131663974151858,4.538772213247173,0,0.6710624810644562,0.022465569511785084,-0.1197439921336414,0.022465569511785084,0,100
C_weaker_ordinal_smoothness,5,49,input_dependent_ordinal,4,1153,0.8933217692974849,2.5117085862966175,4.728534258456201,0,0.7187919252236085,0.02148788351101909,-0.006790523283432326,0.02148788351101909,0,100
C_weaker_ordinal_smoothness,5,49,input_dependent_ordinal,0,260,1,1.5153846153846153,1.5153846153846153,0,0.5237482543081113,0.022807606566158007,inf,inf,1,5
