scenario,rare_count,repetition,method,class_id,test_count,coverage,mean_set_size,mean_ordinal_span,full_set_rate,mean_preliminary_threshold,preliminary_threshold_variance,mean_correction,final_threshold_variance,correction_is_infinite,calibration_support
A_well_specified,100,0,independent_mondrian,2,1169,0.9230111206159111,2.3139435414884515,2.3139435414884515,0,0.0,0.0,0.7002449402434919,0.0,0,100
A_well_specified,100,0,independent_mondrian,3,1174,0.9540034071550255,2.2385008517887566,2.2385008517887566,0,0.0,0.0,0.8664554787874645,0.0,0,100
A_well_specified,100,0,independent_mondrian,0,257,0.9260700389105059,1.4980544747081712,1.4980544747081712,0,0.0,0.0,0.557472048693666,0.0,0,100
A_well_specified,100,0,independent_mondrian,1,1179,0.9033078880407125,2.1365564037319764,2.1365564037319764,0,0.0,0.0,0.5887400664235715,0.0,0,100
A_well_specified,100,0,independent_mondrian,4,1221,0.8501228501228502,1.7346437346437347,1.7346437346437347,0,0.0,0.0,0.7067928514625537,0.0,0,100
A_well_specified,100,0,ordinal_cluster,2,1169,0.9213002566295979,2.201026518391788,2.201026518391788,0,0.0,0.0,0.6938300316926597,0.0,0,100
A_well_specified,100,0,ordinal_cluster,3,1174,0.9165247018739353,2.246166950596252,2.246166950596252,0,0.0,0.0,0.7256625531630577,0.0,0,100
A_well_specified,100,0,ordinal_cluster,0,257,0.9299610894941635,1.5019455252918288,1.5019455252918288,0,0.0,0.0,0.5649722086929706,0.0,0,100
A_well_specified,100,0,ordinal_cluster,1,1179,0.9050042408821035,2.0695504664970312,2.0695504664970312,0,0.0,0.0,0.5908793356848441,0.0,0,100
A_well_specified,100,0,ordinal_cluster,4,1221,0.8820638820638821,1.6543816543816543,1.6543816543816543,0,0.0,0.0,0.7561559366501738,0.0,0,100
A_well_specified,100,0,input_dependent_nonordinal,2,1169,0.9033361847733106,2.1103507271171944,2.1103507271171944,0,0.6134106636252633,0.042260318338829664,0.015704138509161747,0.042260318338829664,0,100
A_well_specified,100,0,input_dependent_nonordinal,3,1174,0.9514480408858603,2.0885860306643953,2.0885860306643953,0,0.6641540862487688,0.05089794345247879,0.12276763200481233,0.05089794345247879,0,100
A_well_specified,100,0,input_dependent_nonordinal,0,257,0.8443579766536965,1.3035019455252919,1.3035019455252919,0,0.47748805422634866,0.037652850183739144,-0.05643462315061604,0.037652850183739144,0,100
A_well_specified,100,0,input_dependent_nonordinal,1,1179,0.8821034775233249,1.8388464800678541,1.8388464800678541,0,0.5399805842292723,0.03599947011671155,-0.024349616877402003,0.03599947011671155,0,100
A_well_specified,100,0,input_dependent_nonordinal,4,1221,0.8853398853398854,1.6527436527436528,1.6527436527436528,0,0.7394838897419094,0.04759365336046176,-0.007477375102104888,0.04759365336046176,0,100
A_well_specified,100,0,input_dependent_ordinal,2,1169,0.9041916167664671,2.108639863130881,2.108639863130881,0,0.6060206670168866,0.04309734943874706,0.026130995489465514,0.04309734943874706,0,100
A_well_specified,100,0,input_dependent_ordinal,3,1174,0.9514480408858603,2.090289608177172,2.090289608177172,0,0.6670255322820463,0.04581560721507839,0.11399127048039115,0.04581560721507839,0,100
A_well_specified,100,0,input_dependent_ordinal,0,257,0.8599221789883269,1.3190661478599222,1.3190661478599222,0,0.4716714703794486,0.03458727441099171,-0.050778341638666735,0.03458727441099171,0,100
A_well_specified,100,0,input_dependent_ordinal,1,1179,0.8804071246819338,1.830364715860899,1.830364715860899,0,0.5457191622560187,0.03789157249278511,-0.03242931537994431,0.03789157249278511,0,100
A_well_specified,100,0,input_dependent_ordinal,4,1221,0.8853398853398854,1.6502866502866502,1.6502866502866502,0,0.7396151645067596,0.05065891359809626,-0.0029055805830342507,0.05065891359809626,0,100
A_well_specified,100,1,independent_mondrian,1,1175,0.9182978723404255,1.9106382978723404,1.9106382978723404,0,0.0,0.0,0.6039552056616357,0.0,0,100
A_well_specified,100,1,independent_mondrian,0,244,0.889344262295082,1.4426229508196722,1.4426229508196722,0,0.0,0.0,0.453620865660734,0.0,0,100
A_well_specified,100,1,independent_mondrian,2,1169,0.9041916167664671,2.236954662104363,2.236954662104363,0,0.0,0.0,0.6689206862013335,0.0,0,100
A_well_specified,100,1,independent_mondrian,3,1225,0.9355102040816327,2.2122448979591836,2.2122448979591836,0,0.0,0.0,0.7670184504406551,0.0,0,100
A_well_specified,100,1,independent_mondrian,4,1187,0.8896377422072451,1.6486941870261163,1.6486941870261163,0,0.0,0.0,0.731562780728609,0.0,0,100
A_well_specified,100,1,ordinal_cluster,1,1175,0.9174468085106383,1.9395744680851064,1.9395744680851064,0,0.0,0.0,0.6024243774231983,0.0,0,100
A_well_specified,100,1,ordinal_cluster,0,244,0.9221311475409836,1.4672131147540983,1.4672131147540983,0,0.0,0.0,0.5332966804967171,0.0,0,100
A_well_specified,100,1,ordinal_cluster,2,1169,0.8956372968349017,2.1608212147134305,2.1608212147134305,0,0.0,0.0,0.6397690260074653,0.0,0,100
A_well_specified,100,1,ordinal_cluster,3,1225,0.9036734693877551,2.153469387755102,2.153469387755102,0,0.0,0.0,0.6951846867959514,0.0,0,100
A_well_specified,100,1,ordinal_cluster,4,1187,0.8896377422072451,1.569502948609941,1.569502948609941,0,0.0,0.0,0.731562780728609,0.0,0,100
A_well_specified,100,1,input_dependent_nonordinal,1,1175,0.8527659574468085,1.7463829787234042,1.7463829787234042,0,0.539143217153674,0.04393582969172664,-0.046566004028937624,0.04393582969172664,0,100
A_well_specified,100,1,input_dependent_nonordinal,0,244,0.9467213114754098,1.3770491803278688,1.3770491803278688,0,0.4761263336333215,0.0396165423174378,0.01700323505342477,0.0396165423174378,0,100
A_well_specified,100,1,input_dependent_nonordinal,2,1169,0.8964927288280582,1.9358426005132592,1.9358426005132592,0,0.6092354881423042,0.035216480280621895,0.012141897175161898,0.035216480280621895,0,100
A_well_specified,100,1,input_dependent_nonordinal,3,1225,0.8636734693877551,1.9395918367346938,1.9395918367346938,0,0.6835411771406031,0.0453749427679954,-0.06317821203256746,0.0453749427679954,0,100
A_well_specified,100,1,input_dependent_nonordinal,4,1187,0.8475147430497051,1.4397641112047177,1.4397641112047177,0,0.7428469835211852,0.051378261460387604,-0.061637374538892065,0.051378261460387604,0,100
A_well_specified,100,1,input_dependent_ordinal,1,1175,0.8621276595744681,1.7421276595744681,1.7421276595744681,0,0.5395133932514989,0.04097570651621872,-0.04753463644966199,0.04097570651621872,0,100
A_well_specified,100,1,input_dependent_ordinal,0,244,0.9426229508196722,1.3729508196721312,1.3729508196721312,0,0.4704118213153789,0.036612404830904145,0.017487011192818924,0.036612404830904145,0,100
A_well_specified,100,1,input_dependent_ordinal,2,1169,0.8896492728828058,1.9264328485885371,1.9264328485885371,0,0.6139348591823446,0.04013089502939031,-0.0006715208097499703,0.04013089502939031,0,100
A_well_specified,100,1,input_dependent_ordinal,3,1225,0.8636734693877551,1.9248979591836735,1.9248979591836735,0,0.6790506089322005,0.04522554579765718,-0.05843645933762909,0.04522554579765718,0,100
A_well_specified,100,1,input_dependent_ordinal,4,1187,0.8466722830665543,1.434709351305813,1.434709351305813,0,0.7441929142203301,0.04916142155300693,-0.07005491126050917,0.04916142155300694,0,100
A_well_specified,100,2,independent_mondrian,4,1224,0.8897058823529411,1.4795751633986929,1.4795751633986929,0,0.0,0.0,0.7377208426673091,0.0,0,100
A_well_specified,100,2,independent_mondrian,0,229,0.9344978165938864,1.4890829694323144,1.4890829694323144,0,0.0,0.0,0.5556462218698501,0.0,0,100
A_well_specified,100,2,independent_mondrian,1,1195,0.9330543933054394,2.0778242677824266,2.0778242677824266,0,0.0,0.0,0.6338014747271509,0.0,0,100
A_well_specified,100,2,independent_mondrian,2,1191,0.929471032745592,2.0906801007556677,2.0906801007556677,0,0.0,0.0,0.7215167033475735,0.0,0,100
A_well_specified,100,2,independent_mondrian,3,1161,0.843238587424634,2.161068044788975,2.161068044788975,0,0.0,0.0,0.5890541993344431,0.0,0,100
A_well_specified,100,2,ordinal_cluster,4,1224,0.8553921568627451,1.4983660130718954,1.4983660130718954,0,0.0,0.0,0.6602315635225094,0.0,0,100
A_well_specified,100,2,ordinal_cluster,0,229,0.9344978165938864,1.4585152838427948,1.4585152838427948,0,0.0,0.0,0.5734843952243015,0.0,0,100
A_well_specified,100,2,ordinal_cluster,1,1195,0.9280334728033472,2.005020920502092,2.005020920502092,0,0.0,0.0,0.6219094559892798,0.0,0,100
A_well_specified,100,2,ordinal_cluster,2,1191,0.906801007556675,2.1133501259445846,2.1133501259445846,0,0.0,0.0,0.6406166650831138,0.0,0,100
A_well_specified,100,2,ordinal_cluster,3,1161,0.8776916451335056,2.0473729543496986,2.0473729543496986,0,0.0,0.0,0.6602315635225094,0.0,0,100
A_well_specified,100,2,input_dependent_nonordinal,4,1224,0.8284313725490197,1.4060457516339868,1.4060457516339868,0,0.7716661381110408,0.041901720472392226,-0.13134082072343534,0.041901720472392226,0,100
A_well_specified,100,2,input_dependent_nonordinal,0,229,0.8995633187772926,1.3187772925764192,1.3187772925764192,0,0.5140736901158041,0.055418545306491304,0.012750878595623322,0.055418545306491304,0,100
A_well_specified,100,2,input_dependent_nonordinal,1,1195,0.9230125523012552,1.8652719665271966,1.8652719665271966,0,0.525890728373894,0.02920249181045123,0.0028911566387108123,0.02920249181045123,0,100
A_well_specified,100,2,input_dependent_nonordinal,2,1191,0.9353484466834593,1.9193954659949621,1.9193954659949621,0,0.6096445368380936,0.040326001216938995,0.06691349605171215,0.040326001216938995,0,100
A_well_specified,100,2,input_dependent_nonordinal,3,1161,0.8518518518518519,1.941429801894918,1.941429801894918,0,0.6826274811424362,0.041627042849144806,-0.0909182429758485,0.041627042849144806,0,100
A_well_specified,100,2,input_dependent_ordinal,4,1224,0.8284313725490197,1.4183006535947713,1.4183006535947713,0,0.7653350413221638,0.04194341413286546,-0.12514403393215,0.04194341413286546,0,100
A_well_specified,100,2,input_dependent_ordinal,0,229,0.8820960698689956,1.3013100436681222,1.3013100436681222,0,0.47751925521694627,0.03467375018063752,-0.004212665997638587,0.03467375018063752,0,100
A_well_specified,100,2,input_dependent_ordinal,1,1195,0.9230125523012552,1.8167364016736403,1.8167364016736403,0,0.5354940847792644,0.03688603657967087,-0.002482509195589677,0.03688603657967087,0,100
A_well_specified,100,2,input_dependent_ordinal,2,1191,0.9353484466834593,1.9109991603694374,1.9109991603694374,0,0.6101930900553209,0.039389641345291375,0.06603421266110299,0.039389641345291375,0,100
A_well_specified,100,2,input_dependent_ordinal,3,1161,0.8613264427217916,1.9491817398794142,1.9491817398794142,0,0.6873638089935875,0.039740628904691294,-0.08816717834378573,0.039740628904691294,0,100
A_well_specified,100,3,independent_mondrian,4,1172,0.8967576791808873,1.5904436860068258,1.5904436860068258,0,0.0,0.0,0.7873787386377172,0.0,0,100
A_well_specified,100,3,independent_mondrian,2,1240,0.8725806451612903,2.367741935483871,2.367741935483871,0,0.0,0.0,0.5584427510669231,0.0,0,100
A_well_specified,100,3,independent_mondrian,3,1144,0.8828671328671329,2.175699300699301,2.175699300699301,0,0.0,0.0,0.6935613699740503,0.0,0,100
A_well_specified,100,3,independent_mondrian,1,1183,0.9560439560439561,1.8216398985629756,1.8216398985629756,0,0.0,0.0,0.7742635418733175,0.0,0,100
A_well_specified,100,3,independent_mondrian,0,261,0.9157088122605364,1.6666666666666667,1.6666666666666667,0,0.0,0.0,0.5089319258116605,0.0,0,100
A_well_specified,100,3,ordinal_cluster,4,1172,0.8822525597269625,1.5938566552901023,1.5938566552901023,0,0.0,0.0,0.719202619254774,0.0,0,100
A_well_specified,100,3,ordinal_cluster,2,1240,0.9201612903225806,2.0838709677419356,2.0838709677419356,0,0.0,0.0,0.6611142372049292,0.0,0,100
A_well_specified,100,3,ordinal_cluster,3,1144,0.8723776223776224,2.138986013986014,2.138986013986014,0,0.0,0.0,0.675495576194959,0.0,0,100
A_well_specified,100,3,ordinal_cluster,1,1183,0.8918005071851226,1.973795435333897,1.973795435333897,0,0.0,0.0,0.5571676573731409,0.0,0,100
A_well_specified,100,3,ordinal_cluster,0,261,0.9310344827586207,1.3371647509578544,1.3371647509578544,0,0.0,0.0,0.5557319573003807,0.0,0,100
A_well_specified,100,3,input_dependent_nonordinal,4,1172,0.9001706484641638,1.5853242320819112,1.5853242320819112,0,0.7500001458851148,0.042458097662597366,-0.00598411412704547,0.042458097662597366,0,100
A_well_specified,100,3,input_dependent_nonordinal,2,1240,0.8919354838709678,2.089516129032258,2.089516129032258,0,0.573894827333438,0.031792526074563225,-0.007912565677498318,0.031792526074563225,0,100
A_well_specified,100,3,input_dependent_nonordinal,3,1144,0.8959790209790209,2.019230769230769,2.019230769230769,0,0.691597628472236,0.03572348771223035,-0.015043049422621357,0.03572348771223035,0,100
A_well_specified,100,3,input_dependent_nonordinal,1,1183,0.9501267962806424,1.7666948436179206,1.7666948436179206,0,0.5379444969694108,0.040677005141057224,0.09196867582667256,0.040677005141057224,0,100
A_well_specified,100,3,input_dependent_nonordinal,0,261,0.9042145593869731,1.3908045977011494,1.3908045977011494,0,0.46674989843913395,0.02125496542345759,-0.028395780111303615,0.02125496542345759,0,100
A_well_specified,100,3,input_dependent_ordinal,4,1172,0.9010238907849829,1.5870307167235496,1.5870307167235496,0,0.7516354911737972,0.04025328645092194,-0.0038725188955439638,0.04025328645092194,0,100
A_well_specified,100,3,input_dependent_ordinal,2,1240,0.8879032258064516,2.0975806451612904,2.0975806451612904,0,0.6041392761712103,0.03537285019156055,-0.04245426432926469,0.03537285019156055,0,100
A_well_specified,100,3,input_dependent_ordinal,3,1144,0.8968531468531469,2.022727272727273,2.022727272727273,0,0.6716076945781954,0.03719380004724344,0.004785014593124859,0.03719380004724344,0,100
A_well_specified,100,3,input_dependent_ordinal,1,1183,0.9551986475063398,1.7743026204564667,1.7743026204564667,0,0.530035115236013,0.034955028234038385,0.11391956360395317,0.034955028234038385,0,100
A_well_specified,100,3,input_dependent_ordinal,0,261,0.9118773946360154,1.4137931034482758,1.4137931034482758,0,0.44822176466802005,0.028417849048683136,-0.011096244316660842,0.028417849048683136,0,100
A_well_specified,100,4,independent_mondrian,2,1214,0.8772652388797364,2.1202635914332784,2.1202635914332784,0,0.0,0.0,0.5849265389827664,0.0,0,100
A_well_specified,100,4,independent_mondrian,4,1157,0.9152981849611063,1.4961106309420915,1.4961106309420915,0,0.0,0.0,0.7649722396745824,0.0,0,100
A_well_specified,100,4,independent_mondrian,1,1222,0.9279869067103109,2.0130932896890346,2.0130932896890346,0,0.0,0.0,0.6468377553057164,0.0,0,100
A_well_specified,100,4,independent_mondrian,3,1188,0.8518518518518519,2.089225589225589,2.089225589225589,0,0.0,0.0,0.60805855539754,0.0,0,100
A_well_specified,100,4,independent_mondrian,0,219,0.9406392694063926,1.5616438356164384,1.5616438356164384,0,0.0,0.0,0.6419158855211252,0.0,0,100
A_well_specified,100,4,ordinal_cluster,2,1214,0.8830313014827018,2.0510708401976934,2.0510708401976934,0,0.0,0.0,0.5938751391659179,0.0,0,100
A_well_specified,100,4,ordinal_cluster,4,1157,0.8833189282627485,1.4883318928262748,1.4883318928262748,0,0.0,0.0,0.6900208084337929,0.0,0,100
A_well_specified,100,4,ordinal_cluster,1,1222,0.9026186579378068,2,2,0,0.0,0.0,0.5897461623085458,0.0,0,100
A_well_specified,100,4,ordinal_cluster,3,1188,0.8695286195286195,2.031144781144781,2.031144781144781,0,0.0,0.0,0.6323559629343326,0.0,0,100
A_well_specified,100,4,ordinal_cluster,0,219,0.9406392694063926,1.4657534246575343,1.4657534246575343,0,0.0,0.0,0.6419158855211252,0.0,0,100
A_well_specified,100,4,input_dependent_nonordinal,2,1214,0.9159802306425041,1.9901153212520593,1.9901153212520593,0,0.6113022295364341,0.04240522016643242,0.015133896793403712,0.04240522016643242,0,100
A_well_specified,100,4,input_dependent_nonordinal,4,1157,0.8798617113223854,1.5064822817631807,1.5064822817631807,0,0.786477866723519,0.04854151014526465,-0.0641649317309444,0.04854151014526465,0,100
A_well_specified,100,4,input_dependent_nonordinal,1,1222,0.8854337152209493,1.7995090016366613,1.7995090016366613,0,0.5246135203819242,0.0323583260254087,-0.018981623405381676,0.0323583260254087,0,100
A_well_specified,100,4,input_dependent_nonordinal,3,1188,0.8863636363636364,1.984006734006734,1.984006734006734,0,0.6929184838431571,0.04071059846880219,-0.04435543935538433,0.04071059846880219,0,100
A_well_specified,100,4,input_dependent_nonordinal,0,219,0.9315068493150684,1.3196347031963471,1.3196347031963471,0,0.46712594071713626,0.04298930586645317,0.03344124389687403,0.04298930586645317,0,100
A_well_specified,100,4,input_dependent_ordinal,2,1214,0.9242174629324547,1.9925864909390445,1.9925864909390445,0,0.6139198654611143,0.03792799415256497,0.012572968624376846,0.03792799415256497,0,100
A_well_specified,100,4,input_dependent_ordinal,4,1157,0.8798617113223854,1.5047536732929991,1.5047536732929991,0,0.7829349353868749,0.04781578642002213,-0.06172271615515923,0.04781578642002213,0,100
A_well_specified,100,4,input_dependent_ordinal,1,1222,0.886252045826514,1.792962356792144,1.792962356792144,0,0.5277133247315061,0.03698228064873251,-0.019611190506329923,0.03698228064873251,0,100
A_well_specified,100,4,input_dependent_ordinal,3,1188,0.8888888888888888,1.9915824915824916,1.9915824915824916,0,0.6941023367868776,0.04272696999524221,-0.0400758981739901,0.0427269699952422,0,100
A_well_specified,100,4,input_dependent_ordinal,0,219,0.9315068493150684,1.3196347031963471,1.3196347031963471,0,0.44852191392245433,0.0334507149208308,0.04243240544550575,0.0334507149208308,0,100
A_well_specified,100,5,independent_mondrian,2,1207,0.9072079536039768,2.328086164043082,2.328086164043082,0,0.0,0.0,0.6653804727456162,0.0,0,100
A_well_specified,100,5,independent_mondrian,4,1167,0.9048843187660668,1.6958011996572409,1.6958011996572409,0,0.0,0.0,0.8090631174188512,0.0,0,100
A_well_specified,100,5,independent_mondrian,1,1195,0.9430962343096234,2.0326359832635985,2.0326359832635985,0,0.0,0.0,0.6512009707354577,0.0,0,100
A_well_specified,100,5,independent_mondrian,3,1197,0.9156223893065998,2.2548036758563073,2.2548036758563073,0,0.0,0.0,0.749529832009882,0.0,0,100
A_well_specified,100,5,independent_mondrian,0,234,0.9273504273504274,1.5299145299145298,1.5299145299145298,0,0.0,0.0,0.5445600193449653,0.0,0,100
A_well_specified,100,5,ordinal_cluster,2,1207,0.9055509527754764,2.2311516155758078,2.2311516155758078,0,0.0,0.0,0.6615427882702349,0.0,0,100
A_well_specified,100,5,ordinal_cluster,4,1167,0.8920308483290489,1.647814910025707,1.647814910025707,0,0.0,0.0,0.7794162551375268,0.0,0,100
A_well_specified,100,5,ordinal_cluster,1,1195,0.9330543933054394,2.071129707112971,2.071129707112971,0,0.0,0.0,0.6165072580369152,0.0,0,100
A_well_specified,100,5,ordinal_cluster,3,1197,0.899749373433584,2.2046783625730995,2.2046783625730995,0,0.0,0.0,0.7072286700966853,0.0,0,100
A_well_specified,100,5,ordinal_cluster,0,234,0.9358974358974359,1.4743589743589745,1.4743589743589745,0,0.0,0.0,0.6049115493695825,0.0,0,100
A_well_specified,100,5,input_dependent_nonordinal,2,1207,0.8972659486329743,2.0911350455675226,2.0911350455675226,0,0.6095467654945882,0.03807537449245895,-0.00096100658875653,0.03807537449245895,0,100
A_well_specified,100,5,input_dependent_nonordinal,4,1167,0.9562982005141388,1.6169665809768639,1.6169665809768639,0,0.7693834858136962,0.06013447452565219,0.15370961938559158,0.06013447452565219,0,100
A_well_specified,100,5,input_dependent_nonordinal,1,1195,0.9221757322175732,1.7506276150627615,1.7506276150627615,0,0.49702330466693717,0.02500824288373203,0.03172836681282609,0.02500824288373203,0,100
A_well_specified,100,5,input_dependent_nonordinal,3,1197,0.87468671679198,2.1294903926482873,2.1294903926482873,0,0.6657820361190252,0.03549161053814942,-0.031215747635401248,0.03549161053814942,0,100
A_well_specified,100,5,input_dependent_nonordinal,0,234,0.9145299145299145,1.3034188034188035,1.3034188034188035,0,0.4238731108943853,0.022615192682043265,0.02533072033462469,0.022615192682043265,0,100
A_well_specified,100,5,input_dependent_ordinal,2,1207,0.8980944490472246,2.056338028169014,2.056338028169014,0,0.5975745244811065,0.03505081975867254,0.01417739803307727,0.03505081975867254,0,100
A_well_specified,100,5,input_dependent_ordinal,4,1167,0.9537275064267352,1.5955441302485005,1.5955441302485005,0,0.7670239046010698,0.05456362562151522,0.14925238597323442,0.05456362562151522,0,100
A_well_specified,100,5,input_dependent_ordinal,1,1195,0.9213389121338912,1.7640167364016737,1.7640167364016737,0,0.5021779183283658,0.02576183207700098,0.025351957819589988,0.02576183207700098,0,100
A_well_specified,100,5,input_dependent_ordinal,3,1197,0.8554720133667502,2.114452798663325,2.114452798663325,0,0.6721711485444607,0.04316010914124676,-0.05541647437500252,0.04316010914124676,0,100
A_well_specified,100,5,input_dependent_ordinal,0,234,0.9401709401709402,1.3333333333333333,1.3333333333333333,0,0.4242878371410943,0.019400267807582642,0.03904094180125062,0.019400267807582642,0,100
A_well_specified,100,6,independent_mondrian,3,1184,0.9222972972972973,2.360641891891892,2.360641891891892,0,0.0,0.0,0.7801664602595894,0.0,0,100
A_well_specified,100,6,independent_mondrian,4,1192,0.9513422818791947,1.7718120805369129,1.7718120805369129,0,0.0,0.0,0.9744695824277334,0.0,0,100
A_well_specified,100,6,independent_mondrian,1,1247,0.9157979149959904,2.2085004009623095,2.2085004009623095,0,0.0,0.0,0.600622370138609,0.0,0,100
A_well_specified,100,6,independent_mondrian,2,1154,0.8986135181975736,2.427209705372617,2.427209705372617,0,0.0,0.0,0.6486461895079634,0.0,0,100
A_well_specified,100,6,independent_mondrian,0,223,0.968609865470852,1.4618834080717489,1.4618834080717489,0,0.0,0.0,0.6778363375693621,0.0,0,100
A_well_specified,100,6,ordinal_cluster,3,1184,0.9222972972972973,2.352195945945946,2.352195945945946,0,0.0,0.0,0.779790010030444,0.0,0,100
A_well_specified,100,6,ordinal_cluster,4,1192,0.9387583892617449,1.7625838926174497,1.7625838926174497,0,0.0,0.0,0.9269283896540834,0.0,0,100
A_well_specified,100,6,ordinal_cluster,1,1247,0.9278267842822775,2.1724137931034484,2.1724137931034484,0,0.0,0.0,0.6375458926094005,0.0,0,100
A_well_specified,100,6,ordinal_cluster,2,1154,0.9038128249566725,2.4298093587521663,2.4298093587521663,0,0.0,0.0,0.6618742634912578,0.0,0,100
A_well_specified,100,6,ordinal_cluster,0,223,0.9596412556053812,1.5515695067264574,1.5515695067264574,0,0.0,0.0,0.6284217271596384,0.0,0,100
A_well_specified,100,6,input_dependent_nonordinal,3,1184,0.9324324324324325,2.2162162162162162,2.2162162162162162,0,0.6991618155748358,0.048200944685972545,0.04570004213292411,0.048200944685972545,0,100
A_well_specified,100,6,input_dependent_nonordinal,4,1192,0.9379194630872483,1.6812080536912752,1.6812080536912752,0,0.7176703958446252,0.05187820156831664,0.13304340646528456,0.05187820156831664,0,100
A_well_specified,100,6,input_dependent_nonordinal,1,1247,0.8556535685645549,1.8949478748997595,1.8949478748997595,0,0.5528856368001694,0.04037891961644986,-0.05851049809849487,0.04037891961644986,0,100
A_well_specified,100,6,input_dependent_nonordinal,2,1154,0.9211438474870017,2.101386481802426,2.101386481802426,0,0.5988022493379672,0.03509221195555004,0.0640557012125631,0.03509221195555004,0,100
A_well_specified,100,6,input_dependent_nonordinal,0,223,0.9192825112107623,1.3094170403587444,1.3094170403587444,0,0.47551015426997073,0.046947381377615637,0.03759541758914009,0.046947381377615637,0,100
A_well_specified,100,6,input_dependent_ordinal,3,1184,0.9324324324324325,2.206081081081081,2.206081081081081,0,0.6815130802189147,0.04694657229528432,0.06585578837933359,0.04694657229528432,0,100
A_well_specified,100,6,input_dependent_ordinal,4,1192,0.9379194630872483,1.686241610738255,1.686241610738255,0,0.7271157754735355,0.05027793170624039,0.12097404204649553,0.05027793170624039,0,100
A_well_specified,100,6,input_dependent_ordinal,1,1247,0.8548516439454691,1.8941459502806737,1.8941459502806737,0,0.5501566826641665,0.039775959117272726,-0.058094898764755154,0.039775959117272726,0,100
A_well_specified,100,6,input_dependent_ordinal,2,1154,0.9150779896013865,2.098786828422877,2.098786828422877,0,0.6054437667998914,0.04032731327653135,0.04705525222614815,0.04032731327653135,0,100
A_well_specified,100,6,input_dependent_ordinal,0,223,0.9506726457399103,1.336322869955157,1.336322869955157,0,0.49112649476169673,0.03692017559002967,0.04167002398767605,0.03692017559002967,0,100
A_well_specified,100,7,independent_mondrian,3,1139,0.9069359086918349,2.1027216856892013,2.1027216856892013,0,0.0,0.0,0.8046727003706031,0.0,0,100
A_well_specified,100,7,independent_mondrian,1,1198,0.9040066777963273,1.8230383973288815,1.8230383973288815,0,0.0,0.0,0.6259045031015729,0.0,0,100
A_well_specified,100,7,independent_mondrian,4,1229,0.8836452400325467,1.6533767290480066,1.6533767290480066,0,0.0,0.0,0.7331834638761996,0.0,0,100
A_well_specified,100,7,independent_mondrian,2,1194,0.8484087102177554,2.2571189279731994,2.2571189279731994,0,0.0,0.0,0.5561769283633593,0.0,0,100
A_well_specified,100,7,independent_mondrian,0,240,0.8958333333333334,1.5083333333333333,1.5083333333333333,0,0.0,0.0,0.4984307633267383,0.0,0,100
A_well_specified,100,7,ordinal_cluster,3,1139,0.8683055311676909,2.188762071992976,2.188762071992976,0,0.0,0.0,0.7151011135691716,0.0,0,100
A_well_specified,100,7,ordinal_cluster,1,1198,0.8764607679465777,2.013355592654424,2.013355592654424,0,0.0,0.0,0.5561769283633593,0.0,0,100
A_well_specified,100,7,ordinal_cluster,4,1229,0.8950366151342555,1.6224572823433685,1.6224572823433685,0,0.0,0.0,0.7645438520059269,0.0,0,100
A_well_specified,100,7,ordinal_cluster,2,1194,0.8886097152428811,2.1390284757118927,2.1390284757118927,0,0.0,0.0,0.6394773334341355,0.0,0,100
A_well_specified,100,7,ordinal_cluster,0,240,0.9416666666666667,1.4291666666666667,1.4291666666666667,0,0.0,0.0,0.5987182706871874,0.0,0,100
A_well_specified,100,7,input_dependent_nonordinal,3,1139,0.8981562774363476,2.074626865671642,2.074626865671642,0,0.709415372016577,0.05045736553369385,0.02521094442864813,0.05045736553369385,0,100
A_well_specified,100,7,input_dependent_nonordinal,1,1198,0.9190317195325542,1.8080133555926545,1.8080133555926545,0,0.5393079816584745,0.03343556404608261,0.0467040842674416,0.03343556404608261,0,100
A_well_specified,100,7,input_dependent_nonordinal,4,1229,0.9186330349877949,1.6004882017900732,1.6004882017900732,0,0.7669035496272925,0.03024820514277281,0.009363469781675682,0.03024820514277281,0,100
A_well_specified,100,7,input_dependent_nonordinal,2,1194,0.88107202680067,2.0979899497487438,2.0979899497487438,0,0.6029015895720005,0.028903931262803655,-0.02137512863975105,0.028903931262803655,0,100
A_well_specified,100,7,input_dependent_nonordinal,0,240,0.875,1.375,1.375,0,0.48338718814224185,0.03647397627520424,-0.04310391643464778,0.03647397627520424,0,100
A_well_specified,100,7,input_dependent_ordinal,3,1139,0.9174714661984197,2.1141352063213343,2.1141352063213343,0,0.6979587842046658,0.03669407019832909,0.06583240740973006,0.03669407019832909,0,100
A_well_specified,100,7,input_dependent_ordinal,1,1198,0.9190317195325542,1.8297161936560935,1.8297161936560935,0,0.5409634869184137,0.03393943330884476,0.0470083081381264,0.03393943330884476,0,100
A_well_specified,100,7,input_dependent_ordinal,4,1229,0.9251423921887714,1.6533767290480066,1.6533767290480066,0,0.7684716386624485,0.037155196481024264,0.03046267103821243,0.037155196481024264,0,100
A_well_specified,100,7,input_dependent_ordinal,2,1194,0.8852596314907872,2.157453936348409,2.157453936348409,0,0.6165199548931455,0.03498010363022723,-0.021114533662456192,0.03498010363022723,0,100
A_well_specified,100,7,input_dependent_ordinal,0,240,0.875,1.3875,1.3875,0,0.4555582878261179,0.033847705924415744,-0.018464173080222857,0.033847705924415744,0,100
A_well_specified,100,8,independent_mondrian,1,1187,0.8938500421229991,2.309182813816344,2.309182813816344,0,0.0,0.0,0.5316302807802975,0.0,0,100
A_well_specified,100,8,independent_mondrian,3,1163,0.8985382631126397,2.401547721410146,2.401547721410146,0,0.0,0.0,0.7077303292145617,0.0,0,100
A_well_specified,100,8,independent_mondrian,4,1204,0.8995016611295681,1.712624584717608,1.712624584717608,0,0.0,0.0,0.767174490186171,0.0,0,100
A_well_specified,100,8,independent_mondrian,0,254,0.9566929133858267,1.3503937007874016,1.3503937007874016,0,0.0,0.0,0.6328793210496527,0.0,0,100
A_well_specified,100,8,independent_mondrian,2,1192,0.9664429530201343,2.1937919463087248,2.1937919463087248,0,0.0,0.0,0.8326010020911014,0.0,0,100
A_well_specified,100,8,ordinal_cluster,1,1187,0.9342881213142376,2.088458298230834,2.088458298230834,0,0.0,0.0,0.6505825072908341,0.0,0,100
A_well_specified,100,8,ordinal_cluster,3,1163,0.9148753224419605,2.2760103181427342,2.2760103181427342,0,0.0,0.0,0.759466403016723,0.0,0,100
A_well_specified,100,8,ordinal_cluster,4,1204,0.8803986710963455,1.6794019933554818,1.6794019933554818,0,0.0,0.0,0.7267902554931892,0.0,0,100
A_well_specified,100,8,ordinal_cluster,0,254,0.9448818897637795,1.4881889763779528,1.4881889763779528,0,0.0,0.0,0.5395868586938204,0.0,0,100
A_well_specified,100,8,ordinal_cluster,2,1192,0.9328859060402684,2.339765100671141,2.339765100671141,0,0.0,0.0,0.7100781968799788,0.0,0,100
A_well_specified,100,8,input_dependent_nonordinal,1,1187,0.9064869418702611,1.9258635214827295,1.9258635214827295,0,0.5071327148684598,0.02877018959916768,0.020356995602746175,0.02877018959916768,0,100
A_well_specified,100,8,input_dependent_nonordinal,3,1163,0.9019776440240757,2.1504729148753223,2.1504729148753223,0,0.6592258533241565,0.03476306394387236,0.01856579735769459,0.03476306394387236,0,100
A_well_specified,100,8,input_dependent_nonordinal,4,1204,0.8978405315614618,1.5863787375415281,1.5863787375415281,0,0.7236062158002213,0.047595542884670834,0.004156651705043979,0.047595542884670834,0,100
A_well_specified,100,8,input_dependent_nonordinal,0,254,0.9448818897637795,1.3228346456692914,1.3228346456692914,0,0.4177944748686545,0.025984367444459224,0.05433635182972482,0.025984367444459224,0,100
A_well_specified,100,8,input_dependent_nonordinal,2,1192,0.9454697986577181,2.0167785234899327,2.0167785234899327,0,0.5836968568207048,0.03676766674422534,0.14215938110968074,0.03676766674422534,0,100
A_well_specified,100,8,input_dependent_ordinal,1,1187,0.9039595619208087,1.9317607413647853,1.9317607413647853,0,0.5090358608812053,0.029429517344522593,0.01580522651439098,0.029429517344522593,0,100
A_well_specified,100,8,input_dependent_ordinal,3,1163,0.9071367153912295,2.159931212381771,2.159931212381771,0,0.654552936080612,0.03888097316144852,0.0319948792673308,0.03888097316144852,0,100
A_well_specified,100,8,input_dependent_ordinal,4,1204,0.8995016611295681,1.595514950166113,1.595514950166113,0,0.7296602981980299,0.045579276116074555,7.950697806480278e-05,0.045579276116074555,0,100
A_well_specified,100,8,input_dependent_ordinal,0,254,0.9448818897637795,1.3228346456692914,1.3228346456692914,0,0.431978314302527,0.02527354262100396,0.03736862773299035,0.02527354262100396,0,100
A_well_specified,100,8,input_dependent_ordinal,2,1192,0.9437919463087249,2.0209731543624163,2.0209731543624163,0,0.5774705266751743,0.033949545994156685,0.14843569431656523,0.033949545994156685,0,100
A_well_specified,100,9,independent_mondrian,4,1180,0.9067796610169492,1.6449152542372882,1.6449152542372882,0,0.0,0.0,0.7988293826914428,0.0,0,100
A_well_specified,100,9,independent_mondrian,3,1194,0.9254606365159129,2.274706867671692,2.274706867671692,0,0.0,0.0,0.7452231181286897,0.0,0,100
A_well_specified,100,9,independent_mondrian,0,264,0.9015151515151515,1.2954545454545454,1.2954545454545454,0,0.0,0.0,0.4727240742714972,0.0,0,100
A_well_specified,100,9,independent_mondrian,1,1226,0.8597063621533442,1.8752039151712887,1.8752039151712887,0,0.0,0.0,0.4897637184642812,0.0,0,100
A_well_specified,100,9,independent_mondrian,2,1136,0.9269366197183099,2.1109154929577465,2.1109154929577465,0,0.0,0.0,0.6739435095232305,0.0,0,100
A_well_specified,100,9,ordinal_cluster,4,1180,0.8923728813559322,1.6194915254237288,1.6194915254237288,0,0.0,0.0,0.7636216016854915,0.0,0,100
A_well_specified,100,9,ordinal_cluster,3,1194,0.9221105527638191,2.2495812395309884,2.2495812395309884,0,0.0,0.0,0.7367532755259271,0.0,0,100
A_well_specified,100,9,ordinal_cluster,0,264,0.9053030303030303,1.4166666666666667,1.4166666666666667,0,0.0,0.0,0.47676456111845134,0.0,0,100
A_well_specified,100,9,ordinal_cluster,1,1226,0.8964110929853181,1.9078303425774878,1.9078303425774878,0,0.0,0.0,0.5528455383043034,0.0,0,100
A_well_specified,100,9,ordinal_cluster,2,1136,0.9225352112676056,2.1575704225352115,2.1575704225352115,0,0.0,0.0,0.6649177605787253,0.0,0,100
A_well_specified,100,9,input_dependent_nonordinal,4,1180,0.9432203389830508,1.61864406779661,1.61864406779661,0,0.7305648117510151,0.05049473621726104,0.13447277118860645,0.05049473621726104,0,100
A_well_specified,100,9,input_dependent_nonordinal,3,1194,0.932998324958124,2.217755443886097,2.217755443886097,0,0.6651919022347341,0.04415812531550822,0.07837019504613851,0.04415812531550822,0,100
A_well_specified,100,9,input_dependent_nonordinal,0,264,0.9128787878787878,1.3598484848484849,1.3598484848484849,0,0.44528550714122156,0.036058770742233195,0.03592837481371611,0.036058770742233195,0,100
A_well_specified,100,9,input_dependent_nonordinal,1,1226,0.8768352365415987,1.7944535073409462,1.7944535073409462,0,0.5366114539518433,0.04047479452169859,-0.03115667161794028,0.04047479452169859,0,100
A_well_specified,100,9,input_dependent_nonordinal,2,1136,0.9225352112676056,2.124119718309859,2.124119718309859,0,0.6037073009251562,0.03226713198110397,0.02219334786413074,0.03226713198110397,0,100
A_well_specified,100,9,input_dependent_ordinal,4,1180,0.9415254237288135,1.6135593220338984,1.6135593220338984,0,0.727912869149871,0.04783299456014622,0.1283069165059077,0.047832994560146204,0,100
A_well_specified,100,9,input_dependent_ordinal,3,1194,0.932998324958124,2.185929648241206,2.185929648241206,0,0.6730340841366945,0.04391808182789214,0.06983056528782522,0.04391808182789214,0,100
A_well_specified,100,9,input_dependent_ordinal,0,264,0.9128787878787878,1.3446969696969697,1.3446969696969697,0,0.47923481974039195,0.03128152283174552,-0.020385279184077815,0.03128152283174552,0,100
A_well_specified,100,9,input_dependent_ordinal,1,1226,0.8727569331158238,1.7528548123980423,1.7528548123980423,0,0.5265257781353292,0.03595106811562687,-0.030568089000769016,0.03595106811562687,0,100
A_well_specified,100,9,input_dependent_ordinal,2,1136,0.9119718309859155,2.0880281690140845,2.0880281690140845,0,0.602292524101917,0.03957680229118523,0.006387345384992027,0.03957680229118523,0,100
A_well_specified,100,10,independent_mondrian,2,1145,0.8506550218340612,2.153711790393013,2.153711790393013,0,0.0,0.0,0.5492169531310945,0.0,0,100
A_well_specified,100,10,independent_mondrian,1,1186,0.8650927487352446,1.8288364249578415,1.8288364249578415,0,0.0,0.0,0.5076871899407157,0.0,0,100
A_well_specified,100,10,independent_mondrian,4,1217,0.8718159408381265,1.6705012325390305,1.6705012325390305,0,0.0,0.0,0.7169568212196364,0.0,0,100
A_well_specified,100,10,independent_mondrian,3,1221,0.9533169533169533,2.053235053235053,2.053235053235053,0,0.0,0.0,0.8680243083168361,0.0,0,100
A_well_specified,100,10,independent_mondrian,0,231,0.9004329004329005,1.277056277056277,1.277056277056277,0,0.0,0.0,0.5400548689626532,0.0,0,100
A_well_specified,100,10,ordinal_cluster,2,1145,0.885589519650655,2.091703056768559,2.091703056768559,0,0.0,0.0,0.6119443971208784,0.0,0,100
A_well_specified,100,10,ordinal_cluster,1,1186,0.8819561551433389,1.8752107925801011,1.8752107925801011,0,0.0,0.0,0.5332218138449426,0.0,0,100
A_well_specified,100,10,ordinal_cluster,4,1217,0.8964667214461791,1.5965488907148726,1.5965488907148726,0,0.0,0.0,0.7794840118742452,0.0,0,100
A_well_specified,100,10,ordinal_cluster,3,1221,0.9254709254709255,2.167076167076167,2.167076167076167,0,0.0,0.0,0.7169568212196364,0.0,0,100
A_well_specified,100,10,ordinal_cluster,0,231,0.9004329004329005,1.341991341991342,1.341991341991342,0,0.0,0.0,0.5332218138449426,0.0,0,100
A_well_specified,100,10,input_dependent_nonordinal,2,1145,0.9179039301310044,1.972052401746725,1.972052401746725,0,0.5950782251991296,0.04148206608978335,0.03999810981295593,0.04148206608978335,0,100
A_well_specified,100,10,input_dependent_nonordinal,1,1186,0.8785834738617201,1.8263069139966273,1.8263069139966273,0,0.5018911646228021,0.030214307720393577,-0.01502604930589535,0.030214307720393577,0,100
A_well_specified,100,10,input_dependent_nonordinal,4,1217,0.857025472473295,1.5472473294987674,1.5472473294987674,0,0.7685312042518903,0.03982686635888997,-0.0984233588196235,0.03982686635888997,0,100
A_well_specified,100,10,input_dependent_nonordinal,3,1221,0.9295659295659295,2.004914004914005,2.004914004914005,0,0.6472008911426653,0.02804113237108223,0.05764533159045171,0.02804113237108223,0,100
A_well_specified,100,10,input_dependent_nonordinal,0,231,0.9437229437229437,1.367965367965368,1.367965367965368,0,0.46582455884059765,0.03334995448187333,0.05640041575521654,0.03334995448187333,0,100
A_well_specified,100,10,input_dependent_ordinal,2,1145,0.9135371179039301,1.9685589519650655,1.9685589519650655,0,0.5846930742578201,0.03323248831745631,0.03312773522661899,0.033232488317456295,0,100
A_well_specified,100,10,input_dependent_ordinal,1,1186,0.8709949409780776,1.8145025295109611,1.8145025295109611,0,0.5097912225908698,0.03308350694411677,-0.028023724716925213,0.03308350694411677,0,100
A_well_specified,100,10,input_dependent_ordinal,4,1217,0.8619556285949055,1.551355792933443,1.551355792933443,0,0.7537934339946102,0.03700030266221477,-0.07452494271107846,0.03700030266221477,0,100
A_well_specified,100,10,input_dependent_ordinal,3,1221,0.9279279279279279,1.9975429975429975,1.9975429975429975,0,0.672944766583156,0.036397709667250984,0.03893532505672481,0.036397709667250984,0,100
A_well_specified,100,10,input_dependent_ordinal,0,231,0.9437229437229437,1.367965367965368,1.367965367965368,0,0.4355082831637024,0.03304078093767515,0.08585175969763731,0.03304078093767515,0,100
A_well_specified,100,11,independent_mondrian,1,1163,0.8899398108340498,1.9234737747205504,1.9234737747205504,0,0.0,0.0,0.5714227877078256,0.0,0,100
A_well_specified,100,11,independent_mondrian,3,1190,0.8478991596638655,2.2890756302521007,2.2890756302521007,0,0.0,0.0,0.6154876958985586,0.0,0,100
A_well_specified,100,11,independent_mondrian,2,1184,0.9180743243243243,2.14527027027027,2.14527027027027,0,0.0,0.0,0.6917587711252869,0.0,0,100
A_well_specified,100,11,independent_mondrian,4,1215,0.9374485596707819,1.594238683127572,1.594238683127572,0,0.0,0.0,0.902049668403615,0.0,0,100
A_well_specified,100,11,independent_mondrian,0,248,0.8870967741935484,1.346774193548387,1.346774193548387,0,0.0,0.0,0.49179243632011066,0.0,0,100
A_well_specified,100,11,ordinal_cluster,1,1163,0.8933791917454859,1.891659501289768,1.891659501289768,0,0.0,0.0,0.5807701509453469,0.0,0,100
A_well_specified,100,11,ordinal_cluster,3,1190,0.8966386554621849,2.13109243697479,2.13109243697479,0,0.0,0.0,0.7124582088940925,0.0,0,100
A_well_specified,100,11,ordinal_cluster,2,1184,0.8766891891891891,2.1300675675675675,2.1300675675675675,0,0.0,0.0,0.6154876958985586,0.0,0,100
A_well_specified,100,11,ordinal_cluster,4,1215,0.8798353909465021,1.5843621399176955,1.5843621399176955,0,0.0,0.0,0.7426853245767873,0.0,0,100
A_well_specified,100,11,ordinal_cluster,0,248,0.9112903225806451,1.3669354838709677,1.3669354838709677,0,0.0,0.0,0.5354573294189248,0.0,0,100
A_well_specified,100,11,input_dependent_nonordinal,1,1163,0.8658641444539983,1.7360275150472915,1.7360275150472915,0,0.5563368661645399,0.04174063419688459,-0.02660191471349682,0.04174063419688459,0,100
A_well_specified,100,11,input_dependent_nonordinal,3,1190,0.8630252100840337,2.069747899159664,2.069747899159664,0,0.6704526450361511,0.03471225587213328,-0.06227393697619421,0.03471225587213328,0,100
A_well_specified,100,11,input_dependent_nonordinal,2,1184,0.8910472972972973,1.972972972972973,1.972972972972973,0,0.6074605799005354,0.049415050972155566,0.01942280513024569,0.049415050972155566,0,100
A_well_specified,100,11,input_dependent_nonordinal,4,1215,0.9316872427983539,1.5432098765432098,1.5432098765432098,0,0.7349931869993291,0.05461646551020723,0.10452366166571553,0.05461646551020723,0,100
A_well_specified,100,11,input_dependent_nonordinal,0,248,0.8790322580645161,1.2943548387096775,1.2943548387096775,0,0.4370442186488552,0.024751485565033086,-0.012554948327540782,0.024751485565033086,0,100
A_well_specified,100,11,input_dependent_ordinal,1,1163,0.8624247635425624,1.7601031814273431,1.7601031814273431,0,0.5478602344483783,0.03830569008768288,-0.027587894389345502,0.03830569008768288,0,100
A_well_specified,100,11,input_dependent_ordinal,3,1190,0.8563025210084033,2.0554621848739494,2.0554621848739494,0,0.6706742373092669,0.046057741275181203,-0.058854279699571244,0.046057741275181203,0,100
A_well_specified,100,11,input_dependent_ordinal,2,1184,0.893581081081081,1.9535472972972974,1.9535472972972974,0,0.6035410553918644,0.04391105788081217,0.02376713639900807,0.04391105788081217,0,100
A_well_specified,100,11,input_dependent_ordinal,4,1215,0.9259259259259259,1.5325102880658437,1.5325102880658437,0,0.739651528110286,0.0486323566850884,0.08190599848268998,0.0486323566850884,0,100
A_well_specified,100,11,input_dependent_ordinal,0,248,0.8991935483870968,1.2983870967741935,1.2983870967741935,0,0.4765146928507436,0.03540858776634196,-0.029709419201122717,0.03540858776634196,0,100
A_well_specified,100,12,independent_mondrian,0,246,0.8902439024390244,1.5040650406504066,1.5040650406504066,0,0.0,0.0,0.501939207625877,0.0,0,100
A_well_specified,100,12,independent_mondrian,1,1184,0.9383445945945946,1.96875,1.96875,0,0.0,0.0,0.6365054383235553,0.0,0,100
A_well_specified,100,12,independent_mondrian,3,1183,0.874894336432798,2.2045646661031277,2.2045646661031277,0,0.0,0.0,0.6771957335597419,0.0,0,100
A_well_specified,100,12,independent_mondrian,2,1134,0.9197530864197531,2.191358024691358,2.191358024691358,0,0.0,0.0,0.6853563705366091,0.0,0,100
A_well_specified,100,12,independent_mondrian,4,1253,0.8754988028731046,1.5490822027134876,1.5490822027134876,0,0.0,0.0,0.7312451492656867,0.0,0,100
A_well_specified,100,12,ordinal_cluster,0,246,0.926829268292683,1.4959349593495934,1.4959349593495934,0,0.0,0.0,0.5641166911549225,0.0,0,100
A_well_specified,100,12,ordinal_cluster,1,1184,0.924831081081081,2.010135135135135,2.010135135135135,0,0.0,0.0,0.6043206494804323,0.0,0,100
A_well_specified,100,12,ordinal_cluster,3,1183,0.8867286559594252,2.1479289940828403,2.1479289940828403,0,0.0,0.0,0.6920087947310931,0.0,0,100
A_well_specified,100,12,ordinal_cluster,2,1134,0.9056437389770723,2.1534391534391535,2.1534391534391535,0,0.0,0.0,0.6517729841874501,0.0,0,100
A_well_specified,100,12,ordinal_cluster,4,1253,0.8611332801276935,1.5347166799680767,1.5347166799680767,0,0.0,0.0,0.6954609407007353,0.0,0,100
A_well_specified,100,12,input_dependent_nonordinal,0,246,0.9227642276422764,1.3943089430894309,1.3943089430894309,0,0.4212725790456319,0.0265482146937302,0.04762021192236904,0.0265482146937302,0,100
A_well_specified,100,12,input_dependent_nonordinal,1,1184,0.8986486486486487,1.8074324324324325,1.8074324324324325,0,0.5075201231058848,0.03187541013315005,0.005043985866486467,0.03187541013315005,0,100
A_well_specified,100,12,input_dependent_nonordinal,3,1183,0.8816568047337278,1.9357565511411665,1.9357565511411665,0,0.6560893107247249,0.035429210470069056,-0.012703603390993135,0.035429210470069056,0,100
A_well_specified,100,12,input_dependent_nonordinal,2,1134,0.9382716049382716,1.9832451499118167,1.9832451499118167,0,0.6208823282248167,0.03504915050213943,0.03973876783949526,0.03504915050213943,0,100
A_well_specified,100,12,input_dependent_nonordinal,4,1253,0.8316041500399042,1.4652833200319233,1.4652833200319233,0,0.732757233129131,0.043845020563605244,-0.08236405915474676,0.043845020563605244,0,100
A_well_specified,100,12,input_dependent_ordinal,0,246,0.9227642276422764,1.3943089430894309,1.3943089430894309,0,0.44499488566764467,0.02655135202483913,0.023904525158805867,0.02655135202483913,0,100
A_well_specified,100,12,input_dependent_ordinal,1,1184,0.8994932432432432,1.8108108108108107,1.8108108108108107,0,0.5170588868568986,0.03173503846021828,-0.0043533822036000425,0.03173503846021828,0,100
A_well_specified,100,12,input_dependent_ordinal,3,1183,0.8850380388841927,1.9349112426035502,1.9349112426035502,0,0.6568341096382952,0.03795743366810782,-0.010599716626326638,0.03795743366810782,0,100
A_well_specified,100,12,input_dependent_ordinal,2,1134,0.9391534391534392,1.982363315696649,1.982363315696649,0,0.5934143043704421,0.03382449787148015,0.06643025958200166,0.03382449787148015,0,100
A_well_specified,100,12,input_dependent_ordinal,4,1253,0.8316041500399042,1.4684756584197924,1.4684756584197924,0,0.7413101870562531,0.042515886820999584,-0.09574952456644237,0.042515886820999584,0,100
A_well_specified,100,13,independent_mondrian,1,1164,0.9415807560137457,2.029209621993127,2.029209621993127,0,0.0,0.0,0.6782013237784315,0.0,0,100
A_well_specified,100,13,independent_mondrian,2,1211,0.9174236168455822,2.2047894302229563,2.2047894302229563,0,0.0,0.0,0.6640850861647136,0.0,0,100
A_well_specified,100,13,independent_mondrian,4,1180,0.8847457627118644,1.5584745762711865,1.5584745762711865,0,0.0,0.0,0.7252573561600735,0.0,0,100
A_well_specified,100,13,independent_mondrian,0,276,0.9420289855072463,1.6159420289855073,1.6159420289855073,0,0.0,0.0,0.5544451635671048,0.0,0,100
A_well_specified,100,13,independent_mondrian,3,1169,0.8785286569717707,2.1702309666381523,2.1702309666381523,0,0.0,0.0,0.647243504541839,0.0,0,100
A_well_specified,100,13,ordinal_cluster,1,1164,0.9175257731958762,2.0446735395189,2.0446735395189,0,0.0,0.0,0.6087639154149109,0.0,0,100
A_well_specified,100,13,ordinal_cluster,2,1211,0.9174236168455822,2.131296449215524,2.131296449215524,0,0.0,0.0,0.6640850861647136,0.0,0,100
A_well_specified,100,13,ordinal_cluster,4,1180,0.8745762711864407,1.5601694915254238,1.5601694915254238,0,0.0,0.0,0.6934418155591696,0.0,0,100
A_well_specified,100,13,ordinal_cluster,0,276,0.9456521739130435,1.5072463768115942,1.5072463768115942,0,0.0,0.0,0.5809513158316769,0.0,0,100
A_well_specified,100,13,ordinal_cluster,3,1169,0.8845166809238666,2.1266039349871684,2.1266039349871684,0,0.0,0.0,0.665580259486969,0.0,0,100
A_well_specified,100,13,input_dependent_nonordinal,1,1164,0.9080756013745704,1.8436426116838487,1.8436426116838487,0,0.5493758558901752,0.04412210794217757,0.025808061640638202,0.04412210794217757,0,100
A_well_specified,100,13,input_dependent_nonordinal,2,1211,0.921552436003303,2.088356729975227,2.088356729975227,0,0.5942446635514398,0.03725427010321796,0.03451825116994933,0.03725427010321796,0,100
A_well_specified,100,13,input_dependent_nonordinal,4,1180,0.8737288135593221,1.5940677966101695,1.5940677966101695,0,0.7892964577857059,0.05439850622682073,-0.08509519300642454,0.05439850622682073,0,100
A_well_specified,100,13,input_dependent_nonordinal,0,276,0.9384057971014492,1.3731884057971016,1.3731884057971016,0,0.43428005006510434,0.020592581616308423,0.016042025054462727,0.020592581616308423,0,100
A_well_specified,100,13,input_dependent_nonordinal,3,1169,0.9315654405474765,2.0521813515825493,2.0521813515825493,0,0.6925445489826326,0.042467288893719285,0.03341297211017835,0.04246728889371929,0,100
A_well_specified,100,13,input_dependent_ordinal,1,1164,0.9278350515463918,1.8651202749140894,1.8651202749140894,0,0.5332297735322923,0.036062568567506885,0.05534443127144384,0.036062568567506885,0,100
A_well_specified,100,13,input_dependent_ordinal,2,1211,0.9182493806771264,2.081750619322874,2.081750619322874,0,0.6114077203722729,0.04115624943016207,0.008670551562775741,0.04115624943016207,0,100
A_well_specified,100,13,input_dependent_ordinal,4,1180,0.8720338983050847,1.5788135593220338,1.5788135593220338,0,0.780106248694712,0.05112748686315933,-0.0780872229950279,0.05112748686315933,0,100
A_well_specified,100,13,input_dependent_ordinal,0,276,0.9601449275362319,1.4057971014492754,1.4057971014492754,0,0.4324185916602965,0.029402574919603186,0.026564175598542183,0.029402574919603186,0,100
A_well_specified,100,13,input_dependent_ordinal,3,1169,0.9213002566295979,2.0333618477331052,2.0333618477331052,0,0.6968516357155049,0.045698060926710825,0.017118792573118213,0.045698060926710825,0,100
A_well_specified,100,14,independent_mondrian,0,273,0.9194139194139194,1.336996336996337,1.336996336996337,0,0.0,0.0,0.4698717827961546,0.0,0,100
A_well_specified,100,14,independent_mondrian,1,1170,0.9051282051282051,1.6914529914529914,1.6914529914529914,0,0.0,0.0,0.5714493218484448,0.0,0,100
A_well_specified,100,14,independent_mondrian,4,1200,0.9125,1.695,1.695,0,0.0,0.0,0.833025262732592,0.0,0,100
A_well_specified,100,14,independent_mondrian,2,1161,0.8475452196382429,2.202411714039621,2.202411714039621,0,0.0,0.0,0.5133675195530483,0.0,0,100
A_well_specified,100,14,independent_mondrian,3,1196,0.9448160535117057,2.1421404682274248,2.1421404682274248,0,0.0,0.0,0.8198781557503922,0.0,0,100
A_well_specified,100,14,ordinal_cluster,0,273,0.945054945054945,1.3223443223443223,1.3223443223443223,0,0.0,0.0,0.5475681634873517,0.0,0,100
A_well_specified,100,14,ordinal_cluster,1,1170,0.8846153846153846,1.9017094017094016,1.9017094017094016,0,0.0,0.0,0.5218880413192373,0.0,0,100
A_well_specified,100,14,ordinal_cluster,4,1200,0.9091666666666667,1.6291666666666667,1.6291666666666667,0,0.0,0.0,0.8198781557503922,0.0,0,100
A_well_specified,100,14,ordinal_cluster,2,1161,0.9000861326442722,2.119724375538329,2.119724375538329,0,0.0,0.0,0.6103834122588618,0.0,0,100
A_well_specified,100,14,ordinal_cluster,3,1196,0.9147157190635451,2.2065217391304346,2.2065217391304346,0,0.0,0.0,0.722075424776949,0.0,0,100
A_well_specified,100,14,input_dependent_nonordinal,0,273,0.9047619047619048,1.2637362637362637,1.2637362637362637,0,0.4087411475872945,0.029769027331611558,0.03288313511214547,0.029769027331611558,0,100
A_well_specified,100,14,input_dependent_nonordinal,1,1170,0.8957264957264958,1.8025641025641026,1.8025641025641026,0,0.5351203107668545,0.03638813352905666,-0.0022175942871560106,0.03638813352905666,0,100
A_well_specified,100,14,input_dependent_nonordinal,4,1200,0.9341666666666667,1.6483333333333334,1.6483333333333334,0,0.7615166389273554,0.04769491273827247,0.08323095632177047,0.04769491273827247,0,100
A_well_specified,100,14,input_dependent_nonordinal,2,1161,0.8880275624461671,2.073212747631352,2.073212747631352,0,0.6275646689329123,0.04526644920947896,-0.045008402334239805,0.04526644920947896,0,100
A_well_specified,100,14,input_dependent_nonordinal,3,1196,0.927257525083612,2.108695652173913,2.108695652173913,0,0.6931319541964162,0.06151684302557688,0.034048738487826025,0.06151684302557688,0,100
A_well_specified,100,14,input_dependent_ordinal,0,273,0.9230769230769231,1.2783882783882783,1.2783882783882783,0,0.4289383942546951,0.036455965320938345,0.032397307351922616,0.036455965320938345,0,100
A_well_specified,100,14,input_dependent_ordinal,1,1170,0.8965811965811966,1.8213675213675213,1.8213675213675213,0,0.5377850713772467,0.0376079746670214,-0.0011884910820218475,0.0376079746670214,0,100
A_well_specified,100,14,input_dependent_ordinal,4,1200,0.9366666666666666,1.6375,1.6375,0,0.7712185612563067,0.05621721293103465,0.07687222195101634,0.05621721293103465,0,100
A_well_specified,100,14,input_dependent_ordinal,2,1161,0.8880275624461671,2.074074074074074,2.074074074074074,0,0.6173795217091453,0.04498884246982635,-0.03531012592080607,0.04498884246982635,0,100
A_well_specified,100,14,input_dependent_ordinal,3,1196,0.9222408026755853,2.097826086956522,2.097826086956522,0,0.6865021470724575,0.04990055785547098,0.010614629018568855,0.04990055785547099,0,100
A_well_specified,100,15,independent_mondrian,1,1207,0.9005799502899752,2.212096106048053,2.212096106048053,0,0.0,0.0,0.5738717797788518,0.0,0,100
A_well_specified,100,15,independent_mondrian,4,1263,0.8796516231195566,1.7933491686460807,1.7933491686460807,0,0.0,0.0,0.7454101751600275,0.0,0,100
A_well_specified,100,15,independent_mondrian,2,1152,0.9583333333333334,2.368923611111111,2.368923611111111,0,0.0,0.0,0.7347300825775175,0.0,0,100
A_well_specified,100,15,independent_mondrian,3,1124,0.9323843416370107,2.2829181494661923,2.2829181494661923,0,0.0,0.0,0.8837776288313066,0.0,0,100
A_well_specified,100,15,independent_mondrian,0,254,0.9015748031496063,1.405511811023622,1.405511811023622,0,0.0,0.0,0.5809116794409102,0.0,0,100
A_well_specified,100,15,ordinal_cluster,1,1207,0.9229494614747308,2.1938690969345487,2.1938690969345487,0,0.0,0.0,0.648674999555755,0.0,0,100
A_well_specified,100,15,ordinal_cluster,4,1263,0.9049881235154394,1.7711797307996833,1.7711797307996833,0,0.0,0.0,0.8049050978832826,0.0,0,100
A_well_specified,100,15,ordinal_cluster,2,1152,0.9652777777777778,2.4010416666666665,2.4010416666666665,0,0.0,0.0,0.7711635643784649,0.0,0,100
A_well_specified,100,15,ordinal_cluster,3,1124,0.9012455516014235,2.372775800711744,2.372775800711744,0,0.0,0.0,0.7801822773693787,0.0,0,100
A_well_specified,100,15,ordinal_cluster,0,254,0.9015748031496063,1.5275590551181102,1.5275590551181102,0,0.0,0.0,0.5738717797788518,0.0,0,100
A_well_specified,100,15,input_dependent_nonordinal,1,1207,0.9088649544324772,1.7903893951946976,1.7903893951946976,0,0.521753643706282,0.03682359040323695,0.0336714484531917,0.03682359040323695,0,100
A_well_specified,100,15,input_dependent_nonordinal,4,1263,0.8392715756136183,1.5502771179730799,1.5502771179730799,0,0.7440149229125476,0.03566504301145759,-0.05911874627842695,0.03566504301145759,0,100
A_well_specified,100,15,input_dependent_nonordinal,2,1152,0.9114583333333334,2.0737847222222223,2.0737847222222223,0,0.6280155767461205,0.0474227141855801,-0.017350249016554964,0.0474227141855801,0,100
A_well_specified,100,15,input_dependent_nonordinal,3,1124,0.9172597864768683,1.9973309608540926,1.9973309608540926,0,0.6867516687133853,0.04544107033603561,0.04343566412286848,0.04544107033603561,0,100
A_well_specified,100,15,input_dependent_nonordinal,0,254,0.8582677165354331,1.3031496062992125,1.3031496062992125,0,0.4407739134623063,0.03659407992239982,-0.010474838418259247,0.03659407992239982,0,100
A_well_specified,100,15,input_dependent_ordinal,1,1207,0.9154929577464789,1.8028169014084507,1.8028169014084507,0,0.5304718408248144,0.04059186917594431,0.0375067381214087,0.04059186917594431,0,100
A_well_specified,100,15,input_dependent_ordinal,4,1263,0.8400633412509897,1.564528899445764,1.564528899445764,0,0.7540711659772298,0.04043931474167167,-0.06391904401663051,0.04043931474167167,0,100
A_well_specified,100,15,input_dependent_ordinal,2,1152,0.9184027777777778,2.109375,2.109375,0,0.6106957974404017,0.04145444056476392,-0.001883399299981825,0.04145444056476392,0,100
A_well_specified,100,15,input_dependent_ordinal,3,1124,0.9234875444839857,2.0080071174377223,2.0080071174377223,0,0.680688752299519,0.041069228329518884,0.05953146644374452,0.041069228329518884,0,100
A_well_specified,100,15,input_dependent_ordinal,0,254,0.8346456692913385,1.2834645669291338,1.2834645669291338,0,0.45754324444511546,0.042391419503954225,-0.028474800853318494,0.042391419503954225,0,100
A_well_specified,100,16,independent_mondrian,3,1189,0.9108494533221194,2.180824222035324,2.180824222035324,0,0.0,0.0,0.7321453513077126,0.0,0,100
A_well_specified,100,16,independent_mondrian,1,1147,0.8657367044463818,1.8448125544899738,1.8448125544899738,0,0.0,0.0,0.4977822460581954,0.0,0,100
A_well_specified,100,16,independent_mondrian,2,1180,0.8677966101694915,2.1110169491525426,2.1110169491525426,0,0.0,0.0,0.5696733771928664,0.0,0,100
A_well_specified,100,16,independent_mondrian,4,1241,0.9097502014504432,1.6164383561643836,1.6164383561643836,0,0.0,0.0,0.8673992322356001,0.0,0,100
A_well_specified,100,16,independent_mondrian,0,243,0.9259259259259259,1.300411522633745,1.300411522633745,0,0.0,0.0,0.5637733117139923,0.0,0,100
A_well_specified,100,16,ordinal_cluster,3,1189,0.9125315391084945,2.12026913372582,2.12026913372582,0,0.0,0.0,0.7382406325967142,0.0,0,100
A_well_specified,100,16,ordinal_cluster,1,1147,0.9067131647776809,1.837837837837838,1.837837837837838,0,0.0,0.0,0.5634561371955499,0.0,0,100
A_well_specified,100,16,ordinal_cluster,2,1180,0.8677966101694915,2.1415254237288135,2.1415254237288135,0,0.0,0.0,0.5696733771928664,0.0,0,100
A_well_specified,100,16,ordinal_cluster,4,1241,0.8767123287671232,1.5890410958904109,1.5890410958904109,0,0.0,0.0,0.7682417146765486,0.0,0,100
A_well_specified,100,16,ordinal_cluster,0,243,0.9135802469135802,1.382716049382716,1.382716049382716,0,0.0,0.0,0.5256477947710273,0.0,0,100
A_well_specified,100,16,input_dependent_nonordinal,3,1189,0.8931875525651808,2.114381833473507,2.114381833473507,0,0.6866228758497881,0.04798624873472442,-0.018141253424801995,0.04798624873472442,0,100
A_well_specified,100,16,input_dependent_nonordinal,1,1147,0.9293809938971229,1.7968613775065387,1.7968613775065387,0,0.554499501728447,0.04275038782364634,0.023968399445405603,0.04275038782364634,0,100
A_well_specified,100,16,input_dependent_nonordinal,2,1180,0.8847457627118644,1.9991525423728813,1.9991525423728813,0,0.6018413980016665,0.029509043180267917,-0.033177416746594135,0.029509043180267917,0,100
A_well_specified,100,16,input_dependent_nonordinal,4,1241,0.9218372280419017,1.5431103948428686,1.5431103948428686,0,0.7289088307769356,0.031916719930907396,0.09019860520333112,0.031916719930907396,0,100
A_well_specified,100,16,input_dependent_nonordinal,0,243,0.9012345679012346,1.3621399176954732,1.3621399176954732,0,0.49874387323670505,0.04060434435385247,-0.024309923967953118,0.04060434435385247,0,100
A_well_specified,100,16,input_dependent_ordinal,3,1189,0.8805719091673675,2.1093355761143817,2.1093355761143817,0,0.6806228214845836,0.037115285081742944,-0.036503969795557034,0.037115285081742944,0,100
A_well_specified,100,16,input_dependent_ordinal,1,1147,0.923278116826504,1.7829119442022667,1.7829119442022667,0,0.5540409279764397,0.0400055391564287,0.013790075412235037,0.0400055391564287,0,100
A_well_specified,100,16,input_dependent_ordinal,2,1180,0.885593220338983,1.9822033898305085,1.9822033898305085,0,0.6002984251132161,0.0383129206095406,-0.02550406567926078,0.0383129206095406,0,100
A_well_specified,100,16,input_dependent_ordinal,4,1241,0.9250604351329573,1.5350523771152296,1.5350523771152296,0,0.730934826949243,0.0353671365919027,0.0964682989086465,0.0353671365919027,0,100
A_well_specified,100,16,input_dependent_ordinal,0,243,0.9012345679012346,1.3580246913580247,1.3580246913580247,0,0.5013691567295235,0.039782559773327085,-0.02999297784712801,0.039782559773327085,0,100
A_well_specified,100,17,independent_mondrian,2,1210,0.947107438016529,2.2917355371900827,2.2917355371900827,0,0.0,0.0,0.7434666429284614,0.0,0,100
A_well_specified,100,17,independent_mondrian,3,1197,0.9507101086048454,2.330827067669173,2.330827067669173,0,0.0,0.0,0.8763756342817278,0.0,0,100
A_well_specified,100,17,independent_mondrian,1,1155,0.8735930735930736,2.1056277056277057,2.1056277056277057,0,0.0,0.0,0.5333805756712362,0.0,0,100
A_well_specified,100,17,independent_mondrian,4,1188,0.9048821548821548,1.7904040404040404,1.7904040404040404,0,0.0,0.0,0.7746561627918246,0.0,0,100
A_well_specified,100,17,independent_mondrian,0,250,0.94,1.412,1.412,0,0.0,0.0,0.5178532779670219,0.0,0,100
A_well_specified,100,17,ordinal_cluster,2,1210,0.9454545454545454,2.3181818181818183,2.3181818181818183,0,0.0,0.0,0.7388246211185249,0.0,0,100
A_well_specified,100,17,ordinal_cluster,3,1197,0.9281537176274018,2.3851294903926483,2.3851294903926483,0,0.0,0.0,0.7989490970512564,0.0,0,100
A_well_specified,100,17,ordinal_cluster,1,1155,0.8995670995670996,2.0952380952380953,2.0952380952380953,0,0.0,0.0,0.589035936959478,0.0,0,100
A_well_specified,100,17,ordinal_cluster,4,1188,0.9175084175084175,1.7424242424242424,1.7424242424242424,0,0.0,0.0,0.8325066380308163,0.0,0,100
A_well_specified,100,17,ordinal_cluster,0,250,0.94,1.508,1.508,0,0.0,0.0,0.5178532779670219,0.0,0,100
A_well_specified,100,17,input_dependent_nonordinal,2,1210,0.9495867768595041,2.2305785123966944,2.2305785123966944,0,0.5933263902521652,0.04063701900587844,0.08835599431119151,0.04063701900587844,0,100
A_well_specified,100,17,input_dependent_nonordinal,3,1197,0.9557226399331662,2.20718462823726,2.20718462823726,0,0.6544480188491687,0.04139465748980758,0.16434060295986547,0.04139465748980758,0,100
A_well_specified,100,17,input_dependent_nonordinal,1,1155,0.9108225108225109,1.9428571428571428,1.9428571428571428,0,0.5267811831882668,0.03353864873920106,0.038006768626883236,0.03353864873920106,0,100
A_well_specified,100,17,input_dependent_nonordinal,4,1188,0.9141414141414141,1.7045454545454546,1.7045454545454546,0,0.747335978286018,0.03882872872171233,0.018755672915262256,0.03882872872171233,0,100
A_well_specified,100,17,input_dependent_nonordinal,0,250,0.948,1.464,1.464,0,0.38895319782923565,0.01710800109371745,0.08191422185334257,0.01710800109371745,0,100
A_well_specified,100,17,input_dependent_ordinal,2,1210,0.952892561983471,2.2388429752066115,2.2388429752066115,0,0.59148865284905,0.03639452060579658,0.09200538304331796,0.03639452060579658,0,100
A_well_specified,100,17,input_dependent_ordinal,3,1197,0.9557226399331662,2.2138680033416875,2.2138680033416875,0,0.6688749806855223,0.03855574126201643,0.14192172571794803,0.03855574126201643,0,100
A_well_specified,100,17,input_dependent_ordinal,1,1155,0.90995670995671,1.9506493506493507,1.9506493506493507,0,0.511731741366219,0.03293813987699001,0.052773766215133855,0.03293813987699001,0,100
A_well_specified,100,17,input_dependent_ordinal,4,1188,0.914983164983165,1.696969696969697,1.696969696969697,0,0.7402368260779306,0.04342362386683164,0.033574236033425686,0.04342362386683164,0,100
A_well_specified,100,17,input_dependent_ordinal,0,250,0.936,1.448,1.448,0,0.4246421124031589,0.028069617888046204,0.038402459040656034,0.028069617888046204,0,100
A_well_specified,100,18,independent_mondrian,1,1179,0.9185750636132316,1.8685326547921968,1.8685326547921968,0,0.0,0.0,0.6147696590516867,0.0,0,100
A_well_specified,100,18,independent_mondrian,4,1191,0.8992443324937027,1.560033585222502,1.560033585222502,0,0.0,0.0,0.767756504000286,0.0,0,100
A_well_specified,100,18,independent_mondrian,2,1164,0.9235395189003437,2.107388316151203,2.107388316151203,0,0.0,0.0,0.7091815329637151,0.0,0,100
A_well_specified,100,18,independent_mondrian,0,270,0.8333333333333334,1.3555555555555556,1.3555555555555556,0,0.0,0.0,0.40057423413716264,0.0,0,100
A_well_specified,100,18,independent_mondrian,3,1196,0.8645484949832776,2.239130434782609,2.239130434782609,0,0.0,0.0,0.6404072416667921,0.0,0,100
A_well_specified,100,18,ordinal_cluster,1,1179,0.9185750636132316,1.9117896522476676,1.9117896522476676,0,0.0,0.0,0.6127058865590976,0.0,0,100
A_well_specified,100,18,ordinal_cluster,4,1191,0.8664987405541562,1.560033585222502,1.560033585222502,0,0.0,0.0,0.6875784440035193,0.0,0,100
A_well_specified,100,18,ordinal_cluster,2,1164,0.9097938144329897,2.1280068728522337,2.1280068728522337,0,0.0,0.0,0.6710614055264196,0.0,0,100
A_well_specified,100,18,ordinal_cluster,0,270,0.8814814814814815,1.3962962962962964,1.3962962962962964,0,0.0,0.0,0.4735535460071879,0.0,0,100
A_well_specified,100,18,ordinal_cluster,3,1196,0.8887959866220736,2.1438127090301005,2.1438127090301005,0,0.0,0.0,0.6875784440035193,0.0,0,100
A_well_specified,100,18,input_dependent_nonordinal,1,1179,0.9245122985581001,1.7913486005089059,1.7913486005089059,0,0.5167730547346888,0.03463427877630034,0.05555728639072266,0.03463427877630034,0,100
A_well_specified,100,18,input_dependent_nonordinal,4,1191,0.9034424853064652,1.521410579345088,1.521410579345088,0,0.7505299153580687,0.047703589284880776,-0.008259952151688399,0.047703589284880776,0,100
A_well_specified,100,18,input_dependent_nonordinal,2,1164,0.9286941580756014,2.0300687285223367,2.0300687285223367,0,0.607302182714153,0.04768912396415384,0.05185484155430797,0.04768912396415384,0,100
A_well_specified,100,18,input_dependent_nonordinal,0,270,0.8814814814814815,1.3703703703703705,1.3703703703703705,0,0.45897636625522115,0.029734031157017574,-0.03262643810983379,0.029734031157017574,0,100
A_well_specified,100,18,input_dependent_nonordinal,3,1196,0.8653846153846154,2.081103678929766,2.081103678929766,0,0.7011457266128456,0.04313185883068251,-0.07016293733841328,0.04313185883068251,0,100
A_well_specified,100,18,input_dependent_ordinal,1,1179,0.9185750636132316,1.7888040712468194,1.7888040712468194,0,0.5223459743792129,0.03704566143988966,0.044657143350652406,0.03704566143988966,0,100
A_well_specified,100,18,input_dependent_ordinal,4,1191,0.8984047019311503,1.5113350125944585,1.5113350125944585,0,0.7585298797613702,0.049907335065481145,-0.020533616111584663,0.049907335065481145,0,100
A_well_specified,100,18,input_dependent_ordinal,2,1164,0.9252577319587629,2.0240549828178693,2.0240549828178693,0,0.6076385379304776,0.04079785476190647,0.03964389959734388,0.04079785476190647,0,100
A_well_specified,100,18,input_dependent_ordinal,0,270,0.8925925925925926,1.3777777777777778,1.3777777777777778,0,0.452558402365505,0.03512064279748291,-0.00572329234126534,0.03512064279748291,0,100
A_well_specified,100,18,input_dependent_ordinal,3,1196,0.8620401337792643,2.061036789297659,2.061036789297659,0,0.6884275275813139,0.044026059101502465,-0.0587945576293637,0.044026059101502465,0,100
A_well_specified,100,19,independent_mondrian,4,1157,0.8340535868625756,1.5687121866897147,1.5687121866897147,0,0.0,0.0,0.6496135108759631,0.0,0,100
A_well_specified,100,19,independent_mondrian,2,1194,0.8886097152428811,2.198492462311558,2.198492462311558,0,0.0,0.0,0.6203292768240096,0.0,0,100
A_well_specified,100,19,independent_mondrian,0,239,0.9079497907949791,1.4560669456066946,1.4560669456066946,0,0.0,0.0,0.539519940879122,0.0,0,100
A_well_specified,100,19,independent_mondrian,3,1232,0.9131493506493507,2.0625,2.0625,0,0.0,0.0,0.7380137189823632,0.0,0,100
A_well_specified,100,19,independent_mondrian,1,1178,0.9176570458404074,1.930390492359932,1.930390492359932,0,0.0,0.0,0.6238678499948921,0.0,0,100
A_well_specified,100,19,ordinal_cluster,4,1157,0.8617113223854796,1.5315471045808124,1.5315471045808124,0,0.0,0.0,0.7059056788084899,0.0,0,100
A_well_specified,100,19,ordinal_cluster,2,1194,0.9003350083752094,2.083752093802345,2.083752093802345,0,0.0,0.0,0.6465492016084972,0.0,0,100
A_well_specified,100,19,ordinal_cluster,0,239,0.9079497907949791,1.3598326359832635,1.3598326359832635,0,0.0,0.0,0.5441693674291188,0.0,0,100
A_well_specified,100,19,ordinal_cluster,3,1232,0.8814935064935064,2.1006493506493507,2.1006493506493507,0,0.0,0.0,0.6682914547114067,0.0,0,100
A_well_specified,100,19,ordinal_cluster,1,1178,0.8981324278438031,1.9397283531409168,1.9397283531409168,0,0.0,0.0,0.563719534803283,0.0,0,100
A_well_specified,100,19,input_dependent_nonordinal,4,1157,0.8599827139152982,1.5592048401037164,1.5592048401037164,0,0.7390915236814483,0.03995288990318822,-0.0466743150059209,0.03995288990318822,0,100
A_well_specified,100,19,input_dependent_nonordinal,2,1194,0.8844221105527639,2.0720268006700167,2.0720268006700167,0,0.5979415917776035,0.0377339841025364,0.0013355390409249823,0.0377339841025364,0,100
A_well_specified,100,19,input_dependent_nonordinal,0,239,0.895397489539749,1.4351464435146444,1.4351464435146444,0,0.49841952899025144,0.018072463647420517,-0.032690538152949644,0.018072463647420517,0,100
A_well_specified,100,19,input_dependent_nonordinal,3,1232,0.9180194805194806,2.0089285714285716,2.0089285714285716,0,0.7107950419361371,0.05713588135543526,0.005546867455433757,0.05713588135543526,0,100
A_well_specified,100,19,input_dependent_nonordinal,1,1178,0.9439728353140917,1.8251273344651953,1.8251273344651953,0,0.540988735686526,0.03300043174152386,0.0746812967032503,0.03300043174152386,0,100
A_well_specified,100,19,input_dependent_ordinal,4,1157,0.8798617113223854,1.5592048401037164,1.5592048401037164,0,0.7534675427064657,0.04978160171812281,-0.030400214595234176,0.04978160171812281,0,100
A_well_specified,100,19,input_dependent_ordinal,2,1194,0.8827470686767169,2.0862646566164154,2.0862646566164154,0,0.613540635898782,0.03831610791421087,-0.014190926267114934,0.03831610791421087,0,100
A_well_specified,100,19,input_dependent_ordinal,0,239,0.8870292887029289,1.4267782426778242,1.4267782426778242,0,0.4930378168663185,0.02943380330797835,-0.007573421220155252,0.02943380330797835,0,100
A_well_specified,100,19,input_dependent_ordinal,3,1232,0.9066558441558441,2.017857142857143,2.017857142857143,0,0.680792651004538,0.04354044815789,0.00044976294405352224,0.04354044815789,0,100
A_well_specified,100,19,input_dependent_ordinal,1,1178,0.9439728353140917,1.8123938879456707,1.8123938879456707,0,0.5449667185190585,0.032470588711903135,0.07131274454210568,0.032470588711903135,0,100
A_well_specified,100,20,independent_mondrian,3,1223,0.8282910874897792,2.1839738348323796,2.1839738348323796,0,0.0,0.0,0.5613606864582997,0.0,0,100
A_well_specified,100,20,independent_mondrian,1,1196,0.8996655518394648,1.8720735785953178,1.8720735785953178,0,0.0,0.0,0.5697522130335451,0.0,0,100
A_well_specified,100,20,independent_mondrian,4,1142,0.946584938704028,1.4649737302977233,1.4649737302977233,0,0.0,0.0,0.9118550562579257,0.0,0,100
A_well_specified,100,20,independent_mondrian,2,1182,0.8807106598984772,2.0465313028764807,2.0465313028764807,0,0.0,0.0,0.6163779788599039,0.0,0,100
A_well_specified,100,20,independent_mondrian,0,257,0.8599221789883269,1.45136186770428,1.45136186770428,0,0.0,0.0,0.5125753128963999,0.0,0,100
A_well_specified,100,20,ordinal_cluster,3,1223,0.8822567457072772,1.9803761242845461,1.9803761242845461,0,0.0,0.0,0.6563365538656739,0.0,0,100
A_well_specified,100,20,ordinal_cluster,1,1196,0.8996655518394648,1.854515050167224,1.854515050167224,0,0.0,0.0,0.5694475299267204,0.0,0,100
A_well_specified,100,20,ordinal_cluster,4,1142,0.8835376532399299,1.4877408056042032,1.4877408056042032,0,0.0,0.0,0.6843706596343928,0.0,0,100
A_well_specified,100,20,ordinal_cluster,2,1182,0.8612521150592216,2.021996615905245,2.021996615905245,0,0.0,0.0,0.5697522130335451,0.0,0,100
A_well_specified,100,20,ordinal_cluster,0,257,0.8754863813229572,1.4552529182879377,1.4552529182879377,0,0.0,0.0,0.5460032811814173,0.0,0,100
A_well_specified,100,20,input_dependent_nonordinal,3,1223,0.8953393295175798,2.010629599345871,2.010629599345871,0,0.6727373625694087,0.04925252495685528,0.009175490375031514,0.04925252495685528,0,100
A_well_specified,100,20,input_dependent_nonordinal,1,1196,0.8754180602006689,1.758361204013378,1.758361204013378,0,0.5194142275045326,0.027734107963603438,-0.017806139760929762,0.027734107963603438,0,100
A_well_specified,100,20,input_dependent_nonordinal,4,1142,0.9273204903677759,1.531523642732049,1.531523642732049,0,0.7215532183019415,0.03771166506566729,0.061493458151458014,0.03771166506566729,0,100
A_well_specified,100,20,input_dependent_nonordinal,2,1182,0.8604060913705583,1.9213197969543148,1.9213197969543148,0,0.5820397269064715,0.031109840798772874,-0.029385325076838442,0.031109840798772874,0,100
A_well_specified,100,20,input_dependent_nonordinal,0,257,0.8404669260700389,1.2996108949416343,1.2996108949416343,0,0.45273716571762496,0.037979885212208096,0.015998268144923056,0.037979885212208096,0,100
A_well_specified,100,20,input_dependent_ordinal,3,1223,0.8904333605887162,2.026982829108749,2.026982829108749,0,0.6624768356788303,0.03872898874457343,0.001308990846596747,0.03872898874457343,0,100
A_well_specified,100,20,input_dependent_ordinal,1,1196,0.882943143812709,1.7642140468227425,1.7642140468227425,0,0.5234647457563311,0.03168048910174815,-0.007534961006565699,0.03168048910174815,0,100
A_well_specified,100,20,input_dependent_ordinal,4,1142,0.9316987740805605,1.5271453590192645,1.5271453590192645,0,0.7278202061327984,0.04239364084022989,0.06250806831005684,0.04239364084022989,0,100
A_well_specified,100,20,input_dependent_ordinal,2,1182,0.8722504230118443,1.9289340101522843,1.9289340101522843,0,0.5825093474140116,0.034481644346614854,-0.015785928764746326,0.034481644346614854,0,100
A_well_specified,100,20,input_dependent_ordinal,0,257,0.8715953307392996,1.3579766536964981,1.3579766536964981,0,0.4503875227166543,0.027242633342710793,0.025058464160686966,0.027242633342710793,0,100
A_well_specified,100,21,independent_mondrian,4,1179,0.8592027141645462,1.5852417302798982,1.5852417302798982,0,0.0,0.0,0.7132095350697264,0.0,0,100
A_well_specified,100,21,independent_mondrian,2,1235,0.9214574898785425,2.1311740890688258,2.1311740890688258,0,0.0,0.0,0.7156007250469044,0.0,0,100
A_well_specified,100,21,independent_mondrian,3,1121,0.8867082961641392,2.1793041926851027,2.1793041926851027,0,0.0,0.0,0.688409421893874,0.0,0,100
A_well_specified,100,21,independent_mondrian,0,275,0.9090909090909091,1.3818181818181818,1.3818181818181818,0,0.0,0.0,0.4628548940551939,0.0,0,100
A_well_specified,100,21,independent_mondrian,1,1190,0.892436974789916,1.9327731092436975,1.9327731092436975,0,0.0,0.0,0.5751954276526116,0.0,0,100
A_well_specified,100,21,ordinal_cluster,4,1179,0.8507209499575912,1.5801526717557253,1.5801526717557253,0,0.0,0.0,0.7014732265601757,0.0,0,100
A_well_specified,100,21,ordinal_cluster,2,1235,0.9060728744939271,2.1473684210526316,2.1473684210526316,0,0.0,0.0,0.6765987625791556,0.0,0,100
A_well_specified,100,21,ordinal_cluster,3,1121,0.8920606601248885,2.1391614629794824,2.1391614629794824,0,0.0,0.0,0.7014732265601757,0.0,0,100
A_well_specified,100,21,ordinal_cluster,0,275,0.9527272727272728,1.4254545454545455,1.4254545454545455,0,0.0,0.0,0.5554666133445979,0.0,0,100
A_well_specified,100,21,ordinal_cluster,1,1190,0.8932773109243698,1.9941176470588236,1.9941176470588236,0,0.0,0.0,0.5768879658372897,0.0,0,100
A_well_specified,100,21,input_dependent_nonordinal,4,1179,0.8914334181509754,1.553011026293469,1.553011026293469,0,0.7693274108729804,0.04826961340118349,-0.0081665552000168,0.048269613401183506,0,100
A_well_specified,100,21,input_dependent_nonordinal,2,1235,0.9263157894736842,2.0445344129554655,2.0445344129554655,0,0.6146309115256515,0.038567241063641004,0.03895911104427463,0.038567241063641004,0,100
A_well_specified,100,21,input_dependent_nonordinal,3,1121,0.8742194469223907,2.0865298840321143,2.0865298840321143,0,0.7002294637732711,0.04245876097706067,-0.056826040025354296,0.04245876097706067,0,100
A_well_specified,100,21,input_dependent_nonordinal,0,275,0.9454545454545454,1.3309090909090908,1.3309090909090908,0,0.43269206792255016,0.02591621915298792,0.0373431163377394,0.02591621915298792,0,100
A_well_specified,100,21,input_dependent_nonordinal,1,1190,0.9084033613445378,1.8403361344537814,1.8403361344537814,0,0.5043678242496666,0.034569766029834394,0.0633924414365562,0.034569766029834394,0,100
A_well_specified,100,21,input_dependent_ordinal,4,1179,0.8914334181509754,1.5521628498727735,1.5521628498727735,0,0.7751927381231757,0.04877161161375765,-0.012090035720287995,0.04877161161375765,0,100
A_well_specified,100,21,input_dependent_ordinal,2,1235,0.9238866396761134,2.042914979757085,2.042914979757085,0,0.6054737196397387,0.03808858513546096,0.04642340204104295,0.03808858513546096,0,100
A_well_specified,100,21,input_dependent_ordinal,3,1121,0.8742194469223907,2.0918822479928636,2.0918822479928636,0,0.6944372360735127,0.04239935131340074,-0.05096087006964389,0.04239935131340074,0,100
A_well_specified,100,21,input_dependent_ordinal,0,275,0.9454545454545454,1.3309090909090908,1.3309090909090908,0,0.4182620587464879,0.027374648557483207,0.055142940996015466,0.027374648557483207,0,100
A_well_specified,100,21,input_dependent_ordinal,1,1190,0.9092436974789916,1.8453781512605043,1.8453781512605043,0,0.5165099994275626,0.03443468885902919,0.051514794641786654,0.03443468885902919,0,100
A_well_specified,100,22,independent_mondrian,1,1202,0.9509151414309485,1.9658901830282862,1.9658901830282862,0,0.0,0.0,0.6771700293168891,0.0,0,100
A_well_specified,100,22,independent_mondrian,4,1199,0.8715596330275229,1.6672226855713095,1.6672226855713095,0,0.0,0.0,0.7303828927874557,0.0,0,100
A_well_specified,100,22,independent_mondrian,0,242,0.9297520661157025,1.5702479338842976,1.5702479338842976,0,0.0,0.0,0.5607905580006877,0.0,0,100
A_well_specified,100,22,independent_mondrian,3,1143,0.9291338582677166,2.111986001749781,2.111986001749781,0,0.0,0.0,0.8089255488094683,0.0,0,100
A_well_specified,100,22,independent_mondrian,2,1214,0.8789126853377265,2.344316309719934,2.344316309719934,0,0.0,0.0,0.5771940200569817,0.0,0,100
A_well_specified,100,22,ordinal_cluster,1,1202,0.9367720465890182,2.2046589018302827,2.2046589018302827,0,0.0,0.0,0.6288141220056771,0.0,0,100
A_well_specified,100,22,ordinal_cluster,4,1199,0.8824020016680567,1.6480400333611342,1.6480400333611342,0,0.0,0.0,0.7614947867663311,0.0,0,100
A_well_specified,100,22,ordinal_cluster,0,242,0.9586776859504132,1.5495867768595042,1.5495867768595042,0,0.0,0.0,0.6338014913578488,0.0,0,100
A_well_specified,100,22,ordinal_cluster,3,1143,0.8967629046369204,2.2292213473315834,2.2292213473315834,0,0.0,0.0,0.7303828927874557,0.0,0,100
A_well_specified,100,22,ordinal_cluster,2,1214,0.9192751235584844,2.269357495881384,2.269357495881384,0,0.0,0.0,0.6963101181387911,0.0,0,100
A_well_specified,100,22,input_dependent_nonordinal,1,1202,0.9251247920133111,1.8144758735440931,1.8144758735440931,0,0.5197822951656862,0.027432989732042747,0.04286142480059829,0.027432989732042747,0,100
A_well_specified,100,22,input_dependent_nonordinal,4,1199,0.8874061718098415,1.5646371976647206,1.5646371976647206,0,0.7805747384387174,0.043896403684654146,-0.03261098510472016,0.043896403684654146,0,100
A_well_specified,100,22,input_dependent_nonordinal,0,242,0.9752066115702479,1.4504132231404958,1.4504132231404958,0,0.4412502110716242,0.027096922542251534,0.0857056561909284,0.027096922542251534,0,100
A_well_specified,100,22,input_dependent_nonordinal,3,1143,0.9063867016622922,2.0183727034120733,2.0183727034120733,0,0.6523841417086035,0.03587648814459584,0.04859924434224161,0.03587648814459584,0,100
A_well_specified,100,22,input_dependent_nonordinal,2,1214,0.8797364085667215,2.0345963756177925,2.0345963756177925,0,0.6085507075282841,0.03838881430342196,-0.04599981593899388,0.03838881430342196,0,100
A_well_specified,100,22,input_dependent_ordinal,1,1202,0.9251247920133111,1.805324459234609,1.805324459234609,0,0.5161265994114631,0.02894890056414569,0.04351114090945396,0.02894890056414569,0,100
A_well_specified,100,22,input_dependent_ordinal,4,1199,0.8882402001668057,1.5579649708090075,1.5579649708090075,0,0.7635176895226243,0.0431461887061782,-0.013645568693426036,0.0431461887061782,0,100
A_well_specified,100,22,input_dependent_ordinal,0,242,0.9752066115702479,1.4421487603305785,1.4421487603305785,0,0.4467316901092442,0.02688730259731679,0.08086920908945094,0.02688730259731679,0,100
A_well_specified,100,22,input_dependent_ordinal,3,1143,0.9028871391076115,2.0026246719160103,2.0026246719160103,0,0.685373393170109,0.03850282925386619,0.009552958121215704,0.03850282925386619,0,100
A_well_specified,100,22,input_dependent_ordinal,2,1214,0.8747940691927513,2.0172981878088962,2.0172981878088962,0,0.594642734435126,0.0339000035467252,-0.04458862052763385,0.0339000035467252,0,100
A_well_specified,100,23,independent_mondrian,4,1139,0.9043020193151887,1.6356453028972784,1.6356453028972784,0,0.0,0.0,0.7674933093452956,0.0,0,100
A_well_specified,100,23,independent_mondrian,1,1208,0.9105960264900662,1.9528145695364238,1.9528145695364238,0,0.0,0.0,0.5887627716962633,0.0,0,100
A_well_specified,100,23,independent_mondrian,2,1169,0.9409751924721984,2.1454234388366125,2.1454234388366125,0,0.0,0.0,0.7636956702843697,0.0,0,100
A_well_specified,100,23,independent_mondrian,3,1237,0.8940986257073565,2.295877122069523,2.295877122069523,0,0.0,0.0,0.6764879237177007,0.0,0,100
A_well_specified,100,23,independent_mondrian,0,247,0.8259109311740891,1.3319838056680162,1.3319838056680162,0,0.0,0.0,0.41161620662680826,0.0,0,100
A_well_specified,100,23,ordinal_cluster,4,1139,0.8937664618086041,1.6356453028972784,1.6356453028972784,0,0.0,0.0,0.7369154939314556,0.0,0,100
A_well_specified,100,23,ordinal_cluster,1,1208,0.9089403973509934,1.9586092715231789,1.9586092715231789,0,0.0,0.0,0.5810630638127467,0.0,0,100
A_well_specified,100,23,ordinal_cluster,2,1169,0.9067579127459366,2.1753635585970916,2.1753635585970916,0,0.0,0.0,0.6526890644111993,0.0,0,100
A_well_specified,100,23,ordinal_cluster,3,1237,0.9151172190784155,2.165723524656427,2.165723524656427,0,0.0,0.0,0.7369154939314556,0.0,0,100
A_well_specified,100,23,ordinal_cluster,0,247,0.8825910931174089,1.3400809716599191,1.3400809716599191,0,0.0,0.0,0.5234193216006476,0.0,0,100
A_well_specified,100,23,input_dependent_nonordinal,4,1139,0.9060579455662863,1.5267778753292363,1.5267778753292363,0,0.7418117699139828,0.044101251019318284,0.008560169731366807,0.0441012510193183,0,100
A_well_specified,100,23,input_dependent_nonordinal,1,1208,0.902317880794702,1.7682119205298013,1.7682119205298013,0,0.5286940136290689,0.04308220693298429,0.01575181507394019,0.04308220693298429,0,100
A_well_specified,100,23,input_dependent_nonordinal,2,1169,0.9315654405474765,2.0573139435414887,2.0573139435414887,0,0.6138312286141494,0.039470945413165426,0.07118060885074418,0.039470945413165426,0,100
A_well_specified,100,23,input_dependent_nonordinal,3,1237,0.8763136620856912,2.0371867421180276,2.0371867421180276,0,0.6532257748281931,0.026033342070799777,-0.045416445695495855,0.026033342070799777,0,100
A_well_specified,100,23,input_dependent_nonordinal,0,247,0.8178137651821862,1.2307692307692308,1.2307692307692308,0,0.4102409085282787,0.019499252408909862,-0.01832894178385705,0.019499252408909862,0,100
A_well_specified,100,23,input_dependent_ordinal,4,1139,0.9007901668129938,1.5100965759438103,1.5100965759438103,0,0.7412337623637397,0.038701258895316726,-0.007401726571624967,0.038701258895316726,0,100
A_well_specified,100,23,input_dependent_ordinal,1,1208,0.9072847682119205,1.8211920529801324,1.8211920529801324,0,0.5210762425107854,0.03808312124395701,0.024356171633350576,0.03808312124395701,0,100
A_well_specified,100,23,input_dependent_ordinal,2,1169,0.9358426005132592,2.0444824636441403,2.0444824636441403,0,0.6130114474079237,0.03533374223184161,0.07810960171380665,0.03533374223184161,0,100
A_well_specified,100,23,input_dependent_ordinal,3,1237,0.8666127728375101,2.022635408245756,2.022635408245756,0,0.6537859609115394,0.036772932351408265,-0.05592177774959617,0.036772932351408265,0,100
A_well_specified,100,23,input_dependent_ordinal,0,247,0.8461538461538461,1.2672064777327936,1.2672064777327936,0,0.43360503453403554,0.03201984958795291,-0.006949572709603724,0.03201984958795291,0,100
A_well_specified,100,24,independent_mondrian,2,1156,0.884083044982699,2.172145328719723,2.172145328719723,0,0.0,0.0,0.619911281828982,0.0,0,100
A_well_specified,100,24,independent_mondrian,1,1180,0.9211864406779661,1.8703389830508474,1.8703389830508474,0,0.0,0.0,0.6516868410722597,0.0,0,100
A_well_specified,100,24,independent_mondrian,0,236,0.8559322033898306,1.4618644067796611,1.4618644067796611,0,0.0,0.0,0.493582871133313,0.0,0,100
A_well_specified,100,24,independent_mondrian,3,1268,0.886435331230284,2.1317034700315456,2.1317034700315456,0,0.0,0.0,0.6857373866648512,0.0,0,100
A_well_specified,100,24,independent_mondrian,4,1160,0.8775862068965518,1.563793103448276,1.563793103448276,0,0.0,0.0,0.725608125865303,0.0,0,100
A_well_specified,100,24,ordinal_cluster,2,1156,0.8884083044982699,2.0259515570934257,2.0259515570934257,0,0.0,0.0,0.6254880583473992,0.0,0,100
A_well_specified,100,24,ordinal_cluster,1,1180,0.8906779661016949,1.9101694915254237,1.9101694915254237,0,0.0,0.0,0.5647680175623065,0.0,0,100
A_well_specified,100,24,ordinal_cluster,0,236,0.8771186440677966,1.3432203389830508,1.3432203389830508,0,0.0,0.0,0.5479405326689918,0.0,0,100
A_well_specified,100,24,ordinal_cluster,3,1268,0.8651419558359621,2.074921135646688,2.074921135646688,0,0.0,0.0,0.6415453350370124,0.0,0,100
A_well_specified,100,24,ordinal_cluster,4,1160,0.8732758620689656,1.514655172413793,1.514655172413793,0,0.0,0.0,0.7160203326905713,0.0,0,100
A_well_specified,100,24,input_dependent_nonordinal,2,1156,0.8823529411764706,1.9740484429065743,1.9740484429065743,0,0.6107304893047755,0.03450419811815011,-0.04694979713967168,0.03450419811815011,0,100
A_well_specified,100,24,input_dependent_nonordinal,1,1180,0.9093220338983051,1.8271186440677967,1.8271186440677967,0,0.5191113332193422,0.030711143480899067,0.031285035115271476,0.030711143480899067,0,100
A_well_specified,100,24,input_dependent_nonordinal,0,236,0.9110169491525424,1.3516949152542372,1.3516949152542372,0,0.4713482856846855,0.04317584897631954,0.022599591118880658,0.04317584897631954,0,100
A_well_specified,100,24,input_dependent_nonordinal,3,1268,0.8753943217665615,1.9329652996845426,1.9329652996845426,0,0.7205345046991747,0.06245135145232698,-0.04247179456594713,0.06245135145232698,0,100
A_well_specified,100,24,input_dependent_nonordinal,4,1160,0.871551724137931,1.5025862068965516,1.5025862068965516,0,0.7461087974578638,0.04196551269912704,-0.04108569283520358,0.04196551269912704,0,100
A_well_specified,100,24,input_dependent_ordinal,2,1156,0.8814878892733564,1.9420415224913494,1.9420415224913494,0,0.6101274891105352,0.040605441471467905,-0.040164663702287495,0.040605441471467905,0,100
A_well_specified,100,24,input_dependent_ordinal,1,1180,0.8983050847457628,1.7796610169491525,1.7796610169491525,0,0.5385704964430675,0.03468667406514239,0.007005536900981435,0.03468667406514239,0,100
A_well_specified,100,24,input_dependent_ordinal,0,236,0.9152542372881356,1.3559322033898304,1.3559322033898304,0,0.4518381935226499,0.03367591997784946,0.036025961882266755,0.03367591997784946,0,100
A_well_specified,100,24,input_dependent_ordinal,3,1268,0.8706624605678234,1.944794952681388,1.944794952681388,0,0.6841942911667036,0.043521055798227785,-0.03718103478486057,0.043521055798227785,0,100
A_well_specified,100,24,input_dependent_ordinal,4,1160,0.878448275862069,1.4965517241379311,1.4965517241379311,0,0.7710054238175079,0.050845173903179795,-0.047255962291978815,0.050845173903179795,0,100
A_well_specified,100,25,independent_mondrian,2,1182,0.9120135363790186,2.062605752961083,2.062605752961083,0,0.0,0.0,0.6656127788894481,0.0,0,100
A_well_specified,100,25,independent_mondrian,1,1168,0.8373287671232876,1.8047945205479452,1.8047945205479452,0,0.0,0.0,0.47250778309291314,0.0,0,100
A_well_specified,100,25,independent_mondrian,3,1234,0.8897893030794165,2.2520259319286873,2.2520259319286873,0,0.0,0.0,0.6960310724608717,0.0,0,100
A_well_specified,100,25,independent_mondrian,4,1182,0.9255499153976311,1.6125211505922166,1.6125211505922166,0,0.0,0.0,0.8445093187079669,0.0,0,100
A_well_specified,100,25,independent_mondrian,0,234,0.905982905982906,1.2606837606837606,1.2606837606837606,0,0.0,0.0,0.4457054050255391,0.0,0,100
A_well_specified,100,25,ordinal_cluster,2,1182,0.9027072758037225,2.0702199661590526,2.0702199661590526,0,0.0,0.0,0.6367084945755407,0.0,0,100
A_well_specified,100,25,ordinal_cluster,1,1168,0.8647260273972602,1.8304794520547945,1.8304794520547945,0,0.0,0.0,0.5187889089761529,0.0,0,100
A_well_specified,100,25,ordinal_cluster,3,1234,0.8962722852512156,2.1045380875202593,2.1045380875202593,0,0.0,0.0,0.7127472179646027,0.0,0,100
A_well_specified,100,25,ordinal_cluster,4,1182,0.8815566835871405,1.571912013536379,1.571912013536379,0,0.0,0.0,0.7257091945750467,0.0,0,100
A_well_specified,100,25,ordinal_cluster,0,234,0.9188034188034188,1.3333333333333333,1.3333333333333333,0,0.0,0.0,0.4715000176223495,0.0,0,100
A_well_specified,100,25,input_dependent_nonordinal,2,1182,0.9086294416243654,2.044839255499154,2.044839255499154,0,0.6194937861331663,0.040612025028504466,-0.003945559526670195,0.040612025028504466,0,100
A_well_specified,100,25,input_dependent_nonordinal,1,1168,0.8904109589041096,1.7773972602739727,1.7773972602739727,0,0.5479680246392205,0.03458071708091005,-0.027850509125817602,0.03458071708091005,0,100
A_well_specified,100,25,input_dependent_nonordinal,3,1234,0.913290113452188,2.028363047001621,2.028363047001621,0,0.6659444649526748,0.051629078652349614,0.04060038885895356,0.051629078652349614,0,100
A_well_specified,100,25,input_dependent_nonordinal,4,1182,0.9043993231810491,1.5803722504230118,1.5803722504230118,0,0.7692182624120317,0.044555868525096916,-0.017254610530273995,0.044555868525096916,0,100
A_well_specified,100,25,input_dependent_nonordinal,0,234,0.8675213675213675,1.2991452991452992,1.2991452991452992,0,0.478840099274738,0.03169356549889803,-0.055554662984285685,0.03169356549889803,0,100
A_well_specified,100,25,input_dependent_ordinal,2,1182,0.9103214890016921,2.050761421319797,2.050761421319797,0,0.6157856367801904,0.04009164795709713,-0.0006623677037556064,0.04009164795709713,0,100
A_well_specified,100,25,input_dependent_ordinal,1,1168,0.8912671232876712,1.7765410958904109,1.7765410958904109,0,0.5474153109233595,0.03572176920557455,-0.026518686466730723,0.03572176920557455,0,100
A_well_specified,100,25,input_dependent_ordinal,3,1234,0.9092382495948136,2.038087520259319,2.038087520259319,0,0.6850682038699387,0.046169926490793614,0.0112597322683341,0.046169926490793614,0,100
A_well_specified,100,25,input_dependent_ordinal,4,1182,0.9103214890016921,1.5752961082910322,1.5752961082910322,0,0.7571233420601811,0.04826010629051394,0.00800836471413452,0.04826010629051394,0,100
A_well_specified,100,25,input_dependent_ordinal,0,234,0.8760683760683761,1.294871794871795,1.294871794871795,0,0.4687176102393843,0.03395776146600966,-0.03749027955246351,0.033957761466009644,0,100
A_well_specified,100,26,independent_mondrian,2,1174,0.8875638841567292,2.020442930153322,2.020442930153322,0,0.0,0.0,0.6028452511334788,0.0,0,100
A_well_specified,100,26,independent_mondrian,1,1219,0.859721082854799,1.7219031993437244,1.7219031993437244,0,0.0,0.0,0.5166031413681768,0.0,0,100
A_well_specified,100,26,independent_mondrian,3,1174,0.8645655877342419,2.1788756388415673,2.1788756388415673,0,0.0,0.0,0.6273330119219195,0.0,0,100
A_well_specified,100,26,independent_mondrian,4,1217,0.9334428923582581,1.5488907148726376,1.5488907148726376,0,0.0,0.0,0.8917478802493864,0.0,0,100
A_well_specified,100,26,independent_mondrian,0,216,0.8564814814814815,1.2453703703703705,1.2453703703703705,0,0.0,0.0,0.44513270764513413,0.0,0,100
A_well_specified,100,26,ordinal_cluster,2,1174,0.8645655877342419,2.0749574105621806,2.0749574105621806,0,0.0,0.0,0.5603643447968839,0.0,0,100
A_well_specified,100,26,ordinal_cluster,1,1219,0.859721082854799,1.7432321575061527,1.7432321575061527,0,0.0,0.0,0.5178742112484266,0.0,0,100
A_well_specified,100,26,ordinal_cluster,3,1174,0.9114139693356048,2.0971039182282794,2.0971039182282794,0,0.0,0.0,0.7389940715416817,0.0,0,100
A_well_specified,100,26,ordinal_cluster,4,1217,0.9022185702547247,1.6080525883319639,1.6080525883319639,0,0.0,0.0,0.7853158677204232,0.0,0,100
A_well_specified,100,26,ordinal_cluster,0,216,0.8981481481481481,1.287037037037037,1.287037037037037,0,0.0,0.0,0.4928294025975871,0.0,0,100
A_well_specified,100,26,input_dependent_nonordinal,2,1174,0.8943781942078365,2.0068143100511073,2.0068143100511073,0,0.6407050699672847,0.044807421325280115,-0.036610951909697764,0.044807421325280115,0,100
A_well_specified,100,26,input_dependent_nonordinal,1,1219,0.8884331419196062,1.7899917965545529,1.7899917965545529,0,0.5472566360441171,0.039637374623691386,-0.022795689078414283,0.039637374623691386,0,100
A_well_specified,100,26,input_dependent_nonordinal,3,1174,0.9105621805792163,2.0519591141396933,2.0519591141396933,0,0.6318496212619108,0.02724847686364285,0.052287635247840025,0.02724847686364285,0,100
A_well_specified,100,26,input_dependent_nonordinal,4,1217,0.9096138044371405,1.5751848808545603,1.5751848808545603,0,0.7559446683200247,0.057761980518438304,0.011455408733219596,0.057761980518438304,0,100
A_well_specified,100,26,input_dependent_nonordinal,0,216,0.9305555555555556,1.3796296296296295,1.3796296296296295,0,0.5150888292918689,0.0322719192051705,-0.03551518898205422,0.0322719192051705,0,100
A_well_specified,100,26,input_dependent_ordinal,2,1174,0.9011925042589438,1.9872231686541737,1.9872231686541737,0,0.6075232699349425,0.041117691632946145,-0.0012986173863747674,0.041117691632946145,0,100
A_well_specified,100,26,input_dependent_ordinal,1,1219,0.8851517637407711,1.793273174733388,1.793273174733388,0,0.5553633706305796,0.03676357042230324,-0.0429098751174562,0.03676357042230324,0,100
A_well_specified,100,26,input_dependent_ordinal,3,1174,0.9105621805792163,2.0630323679727427,2.0630323679727427,0,0.6745193037745825,0.042243950666486015,0.017134378697614028,0.042243950666486015,0,100
A_well_specified,100,26,input_dependent_ordinal,4,1217,0.9120788824979458,1.5694330320460148,1.5694330320460148,0,0.7362712632317948,0.04594592194001581,0.03750555835857039,0.04594592194001581,0,100
A_well_specified,100,26,input_dependent_ordinal,0,216,0.9259259259259259,1.3657407407407407,1.3657407407407407,0,0.5075942667761956,0.03193540405638721,-0.029577962786383,0.0319354040563872,0,100
A_well_specified,100,27,independent_mondrian,4,1157,0.8668971477960242,1.6361279170267935,1.6361279170267935,0,0.0,0.0,0.7039512407543049,0.0,0,100
A_well_specified,100,27,independent_mondrian,1,1225,0.9330612244897959,2.1444897959183673,2.1444897959183673,0,0.0,0.0,0.6611218091109162,0.0,0,100
A_well_specified,100,27,independent_mondrian,3,1215,0.8979423868312757,2.2386831275720165,2.2386831275720165,0,0.0,0.0,0.6937142922833801,0.0,0,100
A_well_specified,100,27,independent_mondrian,2,1160,0.925,2.2870689655172414,2.2870689655172414,0,0.0,0.0,0.7393849169209208,0.0,0,100
A_well_specified,100,27,independent_mondrian,0,243,0.9218106995884774,1.617283950617284,1.617283950617284,0,0.0,0.0,0.5625212383169697,0.0,0,100
A_well_specified,100,27,ordinal_cluster,4,1157,0.8608470181503889,1.603284356093345,1.603284356093345,0,0.0,0.0,0.6937142922833801,0.0,0,100
A_well_specified,100,27,ordinal_cluster,1,1225,0.926530612244898,2.1551020408163266,2.1551020408163266,0,0.0,0.0,0.631618885079742,0.0,0,100
A_well_specified,100,27,ordinal_cluster,3,1215,0.8979423868312757,2.1646090534979425,2.1646090534979425,0,0.0,0.0,0.6937142922833801,0.0,0,100
A_well_specified,100,27,ordinal_cluster,2,1160,0.8991379310344828,2.2413793103448274,2.2413793103448274,0,0.0,0.0,0.6887841531133884,0.0,0,100
A_well_specified,100,27,ordinal_cluster,0,243,0.9382716049382716,1.5679012345679013,1.5679012345679013,0,0.0,0.0,0.6187717015632958,0.0,0,100
A_well_specified,100,27,input_dependent_nonordinal,4,1157,0.867761452031115,1.5350043215211755,1.5350043215211755,0,0.739920502050188,0.04281486920148193,-0.03446868752293697,0.04281486920148193,0,100
A_well_specified,100,27,input_dependent_nonordinal,1,1225,0.9273469387755102,1.8751020408163266,1.8751020408163266,0,0.4955554981881033,0.025480828604477476,0.07396607735276828,0.025480828604477476,0,100
A_well_specified,100,27,input_dependent_nonordinal,3,1215,0.9069958847736626,2.017283950617284,2.017283950617284,0,0.6916031604506314,0.04957348282892532,-0.0023531315064321268,0.04957348282892532,0,100
A_well_specified,100,27,input_dependent_nonordinal,2,1160,0.8887931034482759,2.046551724137931,2.046551724137931,0,0.5934317279950538,0.03439242817382267,0.02288570815346891,0.03439242817382267,0,100
A_well_specified,100,27,input_dependent_nonordinal,0,243,0.9176954732510288,1.3909465020576133,1.3909465020576133,0,0.49345179152864516,0.039238841906741845,0.03701521675302599,0.03923884190674186,0,100
A_well_specified,100,27,input_dependent_ordinal,4,1157,0.8608470181503889,1.5237683664649957,1.5237683664649957,0,0.7479382845106409,0.04789265914965513,-0.05574199986681028,0.04789265914965513,0,100
A_well_specified,100,27,input_dependent_ordinal,1,1225,0.9208163265306123,1.8204081632653062,1.8204081632653062,0,0.514552146041131,0.032588077872176505,0.042979341677979566,0.032588077872176505,0,100
A_well_specified,100,27,input_dependent_ordinal,3,1215,0.9037037037037037,1.9934156378600822,1.9934156378600822,0,0.6712945716508746,0.039262219035515855,0.0036658699678986384,0.039262219035515855,0,100
A_well_specified,100,27,input_dependent_ordinal,2,1160,0.8896551724137931,2.0043103448275863,2.0043103448275863,0,0.5983893871345641,0.03597602773061394,0.016573553235105565,0.03597602773061394,0,100
A_well_specified,100,27,input_dependent_ordinal,0,243,0.8930041152263375,1.3415637860082306,1.3415637860082306,0,0.43846510747116574,0.023981485273416366,0.0547587586219756,0.023981485273416366,0,100
A_well_specified,100,28,independent_mondrian,4,1177,0.9226847918436704,1.604927782497876,1.604927782497876,0,0.0,0.0,0.9126678833080422,0.0,0,100
A_well_specified,100,28,independent_mondrian,1,1233,0.9253852392538524,1.8726682887266828,1.8726682887266828,0,0.0,0.0,0.6540558691852747,0.0,0,100
A_well_specified,100,28,independent_mondrian,3,1174,0.9131175468483816,2.2844974446337307,2.2844974446337307,0,0.0,0.0,0.7178910932281704,0.0,0,100
A_well_specified,100,28,independent_mondrian,0,263,0.9011406844106464,1.5361216730038023,1.5361216730038023,0,0.0,0.0,0.48507200403042533,0.0,0,100
A_well_specified,100,28,independent_mondrian,2,1153,0.8733738074588031,2.2940156114483954,2.2940156114483954,0,0.0,0.0,0.6095587534685555,0.0,0,100
A_well_specified,100,28,ordinal_cluster,4,1177,0.8980458793542906,1.5964316057774002,1.5964316057774002,0,0.0,0.0,0.7967084416029461,0.0,0,100
A_well_specified,100,28,ordinal_cluster,1,1233,0.9018653690186537,2.0794809407948094,2.0794809407948094,0,0.0,0.0,0.6098428797448353,0.0,0,100
A_well_specified,100,28,ordinal_cluster,3,1174,0.9131175468483816,2.2325383304940374,2.2325383304940374,0,0.0,0.0,0.7162200971367746,0.0,0,100
A_well_specified,100,28,ordinal_cluster,0,263,0.9581749049429658,1.5475285171102662,1.5475285171102662,0,0.0,0.0,0.6206983442086124,0.0,0,100
A_well_specified,100,28,ordinal_cluster,2,1153,0.9028620988725065,2.2341717259323506,2.2341717259323506,0,0.0,0.0,0.6515585774681167,0.0,0,100
A_well_specified,100,28,input_dependent_nonordinal,4,1177,0.8912489379779099,1.4672897196261683,1.4672897196261683,0,0.7340623398743544,0.052860610888787296,0.01795806268741096,0.052860610888787296,0,100
A_well_specified,100,28,input_dependent_nonordinal,1,1233,0.9156528791565288,1.7210056772100568,1.7210056772100568,0,0.5332048328170821,0.03406188094091825,0.03419201587405629,0.03406188094091825,0,100
A_well_specified,100,28,input_dependent_nonordinal,3,1174,0.8807495741056218,1.9701873935264054,1.9701873935264054,0,0.6541538827008789,0.03143876477740817,-0.050686378417543754,0.03143876477740817,0,100
A_well_specified,100,28,input_dependent_nonordinal,0,263,0.9201520912547528,1.3726235741444868,1.3726235741444868,0,0.4557845375926136,0.02712022020671292,-0.003043182226675656,0.02712022020671292,0,100
A_well_specified,100,28,input_dependent_nonordinal,2,1153,0.8785776235906332,1.9540329575021682,1.9540329575021682,0,0.6023867329431656,0.03167797894826422,-0.036146529443715214,0.03167797894826422,0,100
A_well_specified,100,28,input_dependent_ordinal,4,1177,0.9005947323704333,1.4698385726423109,1.4698385726423109,0,0.7335711291792159,0.04470031971644464,0.029058288455443226,0.04470031971644464,0,100
A_well_specified,100,28,input_dependent_ordinal,1,1233,0.9132197891321979,1.7080291970802919,1.7080291970802919,0,0.5341424529155232,0.029944587983407524,0.01807109612023816,0.029944587983407524,0,100
A_well_specified,100,28,input_dependent_ordinal,3,1174,0.8662691652470187,1.9497444633730834,1.9497444633730834,0,0.6591958779896347,0.03996463418071796,-0.061608619362791606,0.03996463418071796,0,100
A_well_specified,100,28,input_dependent_ordinal,0,263,0.9201520912547528,1.338403041825095,1.338403041825095,0,0.46335991310788854,0.02571933859749316,-0.012009583111203648,0.02571933859749316,0,100
A_well_specified,100,28,input_dependent_ordinal,2,1153,0.8647007805724197,1.9150043365134433,1.9150043365134433,0,0.5942363154104088,0.03452260342909331,-0.03931183744009209,0.03452260342909331,0,100
A_well_specified,100,29,independent_mondrian,3,1173,0.9053708439897699,2.174765558397272,2.174765558397272,0,0.0,0.0,0.7390488702984235,0.0,0,100
A_well_specified,100,29,independent_mondrian,1,1170,0.8632478632478633,1.9170940170940172,1.9170940170940172,0,0.0,0.0,0.4899070618339131,0.0,0,100
A_well_specified,100,29,independent_mondrian,4,1197,0.8613199665831245,1.6524644945697577,1.6524644945697577,0,0.0,0.0,0.6953795952350312,0.0,0,100
A_well_specified,100,29,independent_mondrian,2,1197,0.934001670843776,2.0843776106934,2.0843776106934,0,0.0,0.0,0.7207961571447592,0.0,0,100
A_well_specified,100,29,independent_mondrian,0,263,0.9049429657794676,1.2623574144486691,1.2623574144486691,0,0.0,0.0,0.4688986030019745,0.0,0,100
A_well_specified,100,29,ordinal_cluster,3,1173,0.8908780903665814,2.0767263427109977,2.0767263427109977,0,0.0,0.0,0.6982126906645253,0.0,0,100
A_well_specified,100,29,ordinal_cluster,1,1170,0.8923076923076924,1.8316239316239316,1.8316239316239316,0,0.0,0.0,0.547559471069787,0.0,0,100
A_well_specified,100,29,ordinal_cluster,4,1197,0.8621553884711779,1.5797827903091062,1.5797827903091062,0,0.0,0.0,0.6982126906645253,0.0,0,100
A_well_specified,100,29,ordinal_cluster,2,1197,0.908939014202172,2.089390142021721,2.089390142021721,0,0.0,0.0,0.6382737171748313,0.0,0,100
A_well_specified,100,29,ordinal_cluster,0,263,0.908745247148289,1.3802281368821292,1.3802281368821292,0,0.0,0.0,0.48587425914888677,0.0,0,100
A_well_specified,100,29,input_dependent_nonordinal,3,1173,0.9292412617220801,2.084398976982097,2.084398976982097,0,0.670853820922614,0.053717696606192314,0.07845846320420674,0.0537176966061923,0,100
A_well_specified,100,29,input_dependent_nonordinal,1,1170,0.8769230769230769,1.8837606837606837,1.8837606837606837,0,0.5259098020281847,0.03360759701427386,-0.02422574981578729,0.03360759701427386,0,100
A_well_specified,100,29,input_dependent_nonordinal,4,1197,0.8780284043441938,1.6257309941520468,1.6257309941520468,0,0.736532873736065,0.045863354340555995,-0.01961983706021242,0.045863354340555995,0,100
A_well_specified,100,29,input_dependent_nonordinal,2,1197,0.9448621553884712,2.1353383458646618,2.1353383458646618,0,0.6102339613424322,0.040289473826019266,0.08005155785076945,0.040289473826019266,0,100
A_well_specified,100,29,input_dependent_nonordinal,0,263,0.9011406844106464,1.326996197718631,1.326996197718631,0,0.49979841616743415,0.05445890024351062,-0.017417843034742836,0.05445890024351062,0,100
A_well_specified,100,29,input_dependent_ordinal,3,1173,0.9198635976129582,2.075873827791986,2.075873827791986,0,0.6705965976341554,0.044646391253606296,0.058182557960287595,0.044646391253606296,0,100
A_well_specified,100,29,input_dependent_ordinal,1,1170,0.8803418803418803,1.8452991452991454,1.8452991452991454,0,0.5356291683526452,0.038087938394259724,-0.02310715449624573,0.038087938394259724,0,100
A_well_specified,100,29,input_dependent_ordinal,4,1197,0.8822055137844611,1.6198830409356726,1.6198830409356726,0,0.7342812092065852,0.05006932536143863,-0.008129395145042628,0.05006932536143863,0,100
A_well_specified,100,29,input_dependent_ordinal,2,1197,0.9423558897243107,2.1152882205513786,2.1152882205513786,0,0.6100281891584048,0.04316348288111801,0.0790188331078806,0.043163482881118,0,100
A_well_specified,100,29,input_dependent_ordinal,0,263,0.8935361216730038,1.3307984790874525,1.3307984790874525,0,0.4655315869626387,0.03836127910006909,-0.020658277137381303,0.03836127910006909,0,100
A_well_specified,100,30,independent_mondrian,3,1193,0.9220452640402347,2.3403185247275777,2.3403185247275777,0,0.0,0.0,0.8196094853475303,0.0,0,100
A_well_specified,100,30,independent_mondrian,1,1181,0.9136325148179509,2.09229466553768,2.09229466553768,0,0.0,0.0,0.595299660326426,0.0,0,100
A_well_specified,100,30,independent_mondrian,4,1181,0.9110922946655376,1.743437764606266,1.743437764606266,0,0.0,0.0,0.8664038863225391,0.0,0,100
A_well_specified,100,30,independent_mondrian,2,1176,0.9115646258503401,2.348639455782313,2.348639455782313,0,0.0,0.0,0.665604902241743,0.0,0,100
A_well_specified,100,30,independent_mondrian,0,269,0.9107806691449815,1.4312267657992566,1.4312267657992566,0,0.0,0.0,0.5666082491861195,0.0,0,100
A_well_specified,100,30,ordinal_cluster,3,1193,0.9094719195305951,2.3411567476948867,2.3411567476948867,0,0.0,0.0,0.7869421250326204,0.0,0,100
A_well_specified,100,30,ordinal_cluster,1,1181,0.9161727349703641,2.1354784081287046,2.1354784081287046,0,0.0,0.0,0.6092615864028029,0.0,0,100
A_well_specified,100,30,ordinal_cluster,4,1181,0.9017781541066893,1.7298899237933953,1.7298899237933953,0,0.0,0.0,0.826103045545619,0.0,0,100
A_well_specified,100,30,ordinal_cluster,2,1176,0.9243197278911565,2.3350340136054424,2.3350340136054424,0,0.0,0.0,0.7062840269447352,0.0,0,100
A_well_specified,100,30,ordinal_cluster,0,269,0.9144981412639405,1.4646840148698885,1.4646840148698885,0,0.0,0.0,0.5763326175700404,0.0,0,100
A_well_specified,100,30,input_dependent_nonordinal,3,1193,0.8709136630343671,2.0536462699077953,2.0536462699077953,0,0.6940761635891229,0.04969641151675203,-0.013806005690067624,0.04969641151675203,0,100
A_well_specified,100,30,input_dependent_nonordinal,1,1181,0.834038950042337,1.7569856054191364,1.7569856054191364,0,0.5296853234879615,0.037457353615548396,-0.0672603701466688,0.037457353615548396,0,100
A_well_specified,100,30,input_dependent_nonordinal,4,1181,0.9339542760372566,1.5927180355630821,1.5927180355630821,0,0.7667964802152434,0.051754998530205557,0.10035729752478595,0.051754998530205557,0,100
A_well_specified,100,30,input_dependent_nonordinal,2,1176,0.8988095238095238,2.0212585034013606,2.0212585034013606,0,0.5888834621470097,0.03736813129253111,0.011927767172593806,0.03736813129253111,0,100
A_well_specified,100,30,input_dependent_nonordinal,0,269,0.9144981412639405,1.3011152416356877,1.3011152416356877,0,0.4594526261154341,0.01110857472958718,0.05667248182479878,0.01110857472958718,0,100
A_well_specified,100,30,input_dependent_ordinal,3,1193,0.8709136630343671,2.062866722548198,2.062866722548198,0,0.6844203098311152,0.0489157256005466,-0.003867026275166552,0.0489157256005466,0,100
A_well_specified,100,30,input_dependent_ordinal,1,1181,0.8441998306519899,1.781541066892464,1.781541066892464,0,0.5214300385699007,0.031956026464657096,-0.059015728277255264,0.0319560264646571,0,100
A_well_specified,100,30,input_dependent_ordinal,4,1181,0.9356477561388654,1.5969517358171041,1.5969517358171041,0,0.767449218781423,0.053822814005332995,0.10743841389315134,0.053822814005332995,0,100
A_well_specified,100,30,input_dependent_ordinal,2,1176,0.9005102040816326,2.0306122448979593,2.0306122448979593,0,0.6064578466901006,0.0377328452341306,-0.004030273154335018,0.0377328452341306,0,100
A_well_specified,100,30,input_dependent_ordinal,0,269,0.9256505576208178,1.308550185873606,1.308550185873606,0,0.4600026354830247,0.025235703800817463,0.07125686572292012,0.025235703800817463,0,100
A_well_specified,100,31,independent_mondrian,2,1196,0.907190635451505,2.2650501672240804,2.2650501672240804,0,0.0,0.0,0.6239440811073624,0.0,0,100
A_well_specified,100,31,independent_mondrian,1,1169,0.9127459366980325,1.8887938408896492,1.8887938408896492,0,0.0,0.0,0.6073899431736312,0.0,0,100
A_well_specified,100,31,independent_mondrian,0,259,0.9305019305019305,1.4517374517374517,1.4517374517374517,0,0.0,0.0,0.501203623141214,0.0,0,100
A_well_specified,100,31,independent_mondrian,3,1175,0.9029787234042553,2.2280851063829785,2.2280851063829785,0,0.0,0.0,0.7516407632265637,0.0,0,100
A_well_specified,100,31,independent_mondrian,4,1201,0.8925895087427144,1.6344712739383847,1.6344712739383847,0,0.0,0.0,0.8037869336362773,0.0,0,100
A_well_specified,100,31,ordinal_cluster,2,1196,0.9381270903010034,2.2123745819397995,2.2123745819397995,0,0.0,0.0,0.6929838563717156,0.0,0,100
A_well_specified,100,31,ordinal_cluster,1,1169,0.894781864841745,1.9854576561163388,1.9854576561163388,0,0.0,0.0,0.5743025320926348,0.0,0,100
A_well_specified,100,31,ordinal_cluster,0,259,0.9305019305019305,1.4054054054054055,1.4054054054054055,0,0.0,0.0,0.5121924105416314,0.0,0,100
A_well_specified,100,31,ordinal_cluster,3,1175,0.8961702127659574,2.2527659574468086,2.2527659574468086,0,0.0,0.0,0.7357830099481996,0.0,0,100
A_well_specified,100,31,ordinal_cluster,4,1201,0.8776019983347211,1.6253122398001665,1.6253122398001665,0,0.0,0.0,0.760521316400396,0.0,0,100
A_well_specified,100,31,input_dependent_nonordinal,2,1196,0.8729096989966555,2.030936454849498,2.030936454849498,0,0.6145446266870883,0.044389151311804105,-0.05880538483834341,0.044389151311804105,0,100
A_well_specified,100,31,input_dependent_nonordinal,1,1169,0.8759623609923011,1.7604790419161678,1.7604790419161678,0,0.5248384260898623,0.03380474761409145,-0.023412553660039803,0.03380474761409145,0,100
A_well_specified,100,31,input_dependent_nonordinal,0,259,0.9420849420849421,1.3783783783783783,1.3783783783783783,0,0.4457378811628553,0.02125361932532934,0.027192959825726115,0.02125361932532934,0,100
A_well_specified,100,31,input_dependent_nonordinal,3,1175,0.9361702127659575,2.0340425531914894,2.0340425531914894,0,0.7079183904568895,0.045223610532415165,0.045360948362567655,0.045223610532415165,0,100
A_well_specified,100,31,input_dependent_nonordinal,4,1201,0.8942547876769359,1.5761865112406328,1.5761865112406328,0,0.7982335116757843,0.06921868828194154,-0.023184957454121413,0.06921868828194154,0,100
A_well_specified,100,31,input_dependent_ordinal,2,1196,0.8779264214046822,2.0468227424749164,2.0468227424749164,0,0.6181725041061384,0.042510837160442634,-0.05691735837141032,0.042510837160442634,0,100
A_well_specified,100,31,input_dependent_ordinal,1,1169,0.874251497005988,1.7818648417450813,1.7818648417450813,0,0.5233210808827622,0.03167683147366655,-0.024061228682289992,0.03167683147366655,0,100
A_well_specified,100,31,input_dependent_ordinal,0,259,0.9420849420849421,1.3822393822393821,1.3822393822393821,0,0.4388355179291145,0.02501430886308684,0.04455553414956431,0.02501430886308684,0,100
A_well_specified,100,31,input_dependent_ordinal,3,1175,0.9370212765957446,2.0527659574468085,2.0527659574468085,0,0.7135830284759024,0.051963115989858526,0.047442614920216064,0.051963115989858526,0,100
A_well_specified,100,31,input_dependent_ordinal,4,1201,0.9034138218151541,1.585345545378851,1.585345545378851,0,0.7935417807028838,0.06536587422731728,-0.00907372873427481,0.06536587422731728,0,100
A_well_specified,100,32,independent_mondrian,3,1191,0.9429051217464316,2.4164567590260284,2.4164567590260284,0,0.0,0.0,0.807577473528768,0.0,0,100
A_well_specified,100,32,independent_mondrian,1,1197,0.9214703425229741,2.080200501253133,2.080200501253133,0,0.0,0.0,0.644734921622345,0.0,0,100
A_well_specified,100,32,independent_mondrian,2,1215,0.9497942386831276,2.416460905349794,2.416460905349794,0,0.0,0.0,0.7382866235996033,0.0,0,100
A_well_specified,100,32,independent_mondrian,4,1133,0.9143865842894969,1.7722859664607238,1.7722859664607238,0,0.0,0.0,0.8459456339853101,0.0,0,100
A_well_specified,100,32,independent_mondrian,0,264,0.875,1.553030303030303,1.553030303030303,0,0.0,0.0,0.503101565910719,0.0,0,100
A_well_specified,100,32,ordinal_cluster,3,1191,0.9403862300587741,2.3778337531486144,2.3778337531486144,0,0.0,0.0,0.7901457299472288,0.0,0,100
A_well_specified,100,32,ordinal_cluster,1,1197,0.910609857978279,2.1328320802005014,2.1328320802005014,0,0.0,0.0,0.6126552920841506,0.0,0,100
A_well_specified,100,32,ordinal_cluster,2,1215,0.951440329218107,2.357201646090535,2.357201646090535,0,0.0,0.0,0.745065566639184,0.0,0,100
A_well_specified,100,32,ordinal_cluster,4,1133,0.8976169461606355,1.7466902030008826,1.7466902030008826,0,0.0,0.0,0.807577473528768,0.0,0,100
A_well_specified,100,32,ordinal_cluster,0,264,0.8939393939393939,1.5,1.5,0,0.0,0.0,0.5564301450113326,0.0,0,100
A_well_specified,100,32,input_dependent_nonordinal,3,1191,0.9093198992443325,2.047858942065491,2.047858942065491,0,0.6644458816765896,0.04150034302652227,0.03965973027522307,0.04150034302652227,0,100
A_well_specified,100,32,input_dependent_nonordinal,1,1197,0.8738512949039264,1.7151211361737677,1.7151211361737677,0,0.5359476249713696,0.028606524854997633,-0.02775356523386152,0.028606524854997633,0,100
A_well_specified,100,32,input_dependent_nonordinal,2,1215,0.9094650205761317,1.9843621399176954,1.9843621399176954,0,0.6109671356315061,0.03712963017878656,-0.012225489303833936,0.03712963017878656,0,100
A_well_specified,100,32,input_dependent_nonordinal,4,1133,0.8984995586937334,1.5542806707855252,1.5542806707855252,0,0.7376192427791396,0.061351285222621024,0.021317440061117132,0.061351285222621024,0,100
A_well_specified,100,32,input_dependent_nonordinal,0,264,0.8257575757575758,1.268939393939394,1.268939393939394,0,0.4855759905775845,0.030878832172003434,-0.06029201743602025,0.030878832172003434,0,100
A_well_specified,100,32,input_dependent_ordinal,3,1191,0.9059613769941226,2.0419815281276237,2.0419815281276237,0,0.6798779925505408,0.04509189161178309,0.02669985151731946,0.04509189161178309,0,100
A_well_specified,100,32,input_dependent_ordinal,1,1197,0.8705096073517126,1.7034252297410193,1.7034252297410193,0,0.5402006789896925,0.029990284371805603,-0.030040125407623186,0.029990284371805603,0,100
A_well_specified,100,32,input_dependent_ordinal,2,1215,0.9102880658436214,1.9794238683127572,1.9794238683127572,0,0.5981095866105435,0.036549782739213325,-0.0001076388939589279,0.036549782739213325,0,100
A_well_specified,100,32,input_dependent_ordinal,4,1133,0.8949691085613416,1.5489849955869373,1.5489849955869373,0,0.730975227731188,0.05736340070480885,0.021347634567838725,0.05736340070480885,0,100
A_well_specified,100,32,input_dependent_ordinal,0,264,0.8257575757575758,1.2765151515151516,1.2765151515151516,0,0.4812545095955919,0.02366363230170639,-0.06803850159375346,0.02366363230170639,0,100
A_well_specified,100,33,independent_mondrian,0,270,0.9111111111111111,1.374074074074074,1.374074074074074,0,0.0,0.0,0.5476196228581005,0.0,0,100
A_well_specified,100,33,independent_mondrian,3,1173,0.9207161125319693,2.2318840579710146,2.2318840579710146,0,0.0,0.0,0.756019002547596,0.0,0,100
A_well_specified,100,33,independent_mondrian,4,1197,0.9072681704260651,1.6541353383458646,1.6541353383458646,0,0.0,0.0,0.7562447210456464,0.0,0,100
A_well_specified,100,33,independent_mondrian,1,1215,0.8855967078189301,2.0271604938271603,2.0271604938271603,0,0.0,0.0,0.5352617092024495,0.0,0,100
A_well_specified,100,33,independent_mondrian,2,1145,0.9074235807860263,2.1746724890829694,2.1746724890829694,0,0.0,0.0,0.6834413341101814,0.0,0,100
A_well_specified,100,33,ordinal_cluster,0,270,0.9111111111111111,1.4370370370370371,1.4370370370370371,0,0.0,0.0,0.5352617092024495,0.0,0,100
A_well_specified,100,33,ordinal_cluster,3,1173,0.907928388746803,2.1884057971014492,2.1884057971014492,0,0.0,0.0,0.7023935319573018,0.0,0,100
A_well_specified,100,33,ordinal_cluster,4,1197,0.9072681704260651,1.5881370091896407,1.5881370091896407,0,0.0,0.0,0.756019002547596,0.0,0,100
A_well_specified,100,33,ordinal_cluster,1,1215,0.9061728395061729,1.9613168724279835,1.9613168724279835,0,0.0,0.0,0.5740542275110956,0.0,0,100
A_well_specified,100,33,ordinal_cluster,2,1145,0.8960698689956332,2.153711790393013,2.153711790393013,0,0.0,0.0,0.6452013742578493,0.0,0,100
A_well_specified,100,33,input_dependent_nonordinal,0,270,0.9074074074074074,1.3703703703703705,1.3703703703703705,0,0.48259064547094843,0.041553418938546284,0.018646462460679886,0.041553418938546284,0,100
A_well_specified,100,33,input_dependent_nonordinal,3,1173,0.8772378516624041,2.02387041773231,2.02387041773231,0,0.6835136752840281,0.04361451190956584,-0.05086145412759241,0.04361451190956583,0,100
A_well_specified,100,33,input_dependent_nonordinal,4,1197,0.910609857978279,1.5463659147869675,1.5463659147869675,0,0.7543899899976898,0.0488354107181979,0.020029417977633135,0.0488354107181979,0,100
A_well_specified,100,33,input_dependent_nonordinal,1,1215,0.8839506172839506,1.82880658436214,1.82880658436214,0,0.5329445309688176,0.04527257524441948,-0.01331422240563318,0.04527257524441948,0,100
A_well_specified,100,33,input_dependent_nonordinal,2,1145,0.8925764192139738,2.020960698689956,2.020960698689956,0,0.6024761858790919,0.05370631591551368,0.046496899117571044,0.05370631591551368,0,100
A_well_specified,100,33,input_dependent_ordinal,0,270,0.9111111111111111,1.374074074074074,1.374074074074074,0,0.4628939916930344,0.043477512711399505,0.04607055250621643,0.04347751271139949,0,100
A_well_specified,100,33,input_dependent_ordinal,3,1173,0.876385336743393,2.0477408354646207,2.0477408354646207,0,0.6744652596417664,0.049811103738929025,-0.03953995908799102,0.049811103738929025,0,100
A_well_specified,100,33,input_dependent_ordinal,4,1197,0.9122807017543859,1.5588972431077694,1.5588972431077694,0,0.7546713021131131,0.047337922945904214,0.018176828667504585,0.047337922945904214,0,100
A_well_specified,100,33,input_dependent_ordinal,1,1215,0.8814814814814815,1.862551440329218,1.862551440329218,0,0.5329887361939616,0.04741023953486216,-0.013723210198665736,0.04741023953486216,0,100
A_well_specified,100,33,input_dependent_ordinal,2,1145,0.9196506550218341,2.047161572052402,2.047161572052402,0,0.6144685947523602,0.04633065374023847,0.05585112296292394,0.04633065374023847,0,100
A_well_specified,100,34,independent_mondrian,2,1185,0.919831223628692,2.3637130801687762,2.3637130801687762,0,0.0,0.0,0.6538937653553576,0.0,0,100
A_well_specified,100,34,independent_mondrian,1,1221,0.9271089271089271,1.904176904176904,1.904176904176904,0,0.0,0.0,0.5695804485589487,0.0,0,100
A_well_specified,100,34,independent_mondrian,3,1179,0.9389312977099237,2.3316369804919423,2.3316369804919423,0,0.0,0.0,0.836248654988407,0.0,0,100
A_well_specified,100,34,independent_mondrian,4,1174,0.9335604770017035,1.7776831345826236,1.7776831345826236,0,0.0,0.0,0.8966695992963657,0.0,0,100
A_well_specified,100,34,independent_mondrian,0,241,0.8755186721991701,1.3443983402489628,1.3443983402489628,0,0.0,0.0,0.439324660331984,0.0,0,100
A_well_specified,100,34,ordinal_cluster,2,1185,0.919831223628692,2.188185654008439,2.188185654008439,0,0.0,0.0,0.6538937653553576,0.0,0,100
A_well_specified,100,34,ordinal_cluster,1,1221,0.9090909090909091,1.9017199017199018,1.9017199017199018,0,0.0,0.0,0.5299953219166116,0.0,0,100
A_well_specified,100,34,ordinal_cluster,3,1179,0.9016115351993215,2.2510602205258694,2.2510602205258694,0,0.0,0.0,0.7444686576381702,0.0,0,100
A_well_specified,100,34,ordinal_cluster,4,1174,0.9233390119250426,1.68824531516184,1.68824531516184,0,0.0,0.0,0.8531210015011013,0.0,0,100
A_well_specified,100,34,ordinal_cluster,0,241,0.8921161825726142,1.3070539419087137,1.3070539419087137,0,0.0,0.0,0.488194560968475,0.0,0,100
A_well_specified,100,34,input_dependent_nonordinal,2,1185,0.8582278481012658,1.9561181434599155,1.9561181434599155,0,0.6074887789810334,0.04060062048859806,-0.074465744929474,0.04060062048859806,0,100
A_well_specified,100,34,input_dependent_nonordinal,1,1221,0.9058149058149059,1.651924651924652,1.651924651924652,0,0.5475751816133474,0.03913977764711332,-0.014661958838930511,0.03913977764711332,0,100
A_well_specified,100,34,input_dependent_nonordinal,3,1179,0.8905852417302799,2.017811704834606,2.017811704834606,0,0.6825735160891779,0.042245727422751324,-0.024111362264103153,0.042245727422751324,0,100
A_well_specified,100,34,input_dependent_nonordinal,4,1174,0.9267461669505963,1.5579216354344123,1.5579216354344123,0,0.7837559359365932,0.04854854992533362,0.035997052476020475,0.04854854992533362,0,100
A_well_specified,100,34,input_dependent_nonordinal,0,241,0.8879668049792531,1.2987551867219918,1.2987551867219918,0,0.41227638758256907,0.02302771661553378,0.018991613727044387,0.02302771661553378,0,100
A_well_specified,100,34,input_dependent_ordinal,2,1185,0.8607594936708861,1.9527426160337553,1.9527426160337553,0,0.6167682288932251,0.03977284890523261,-0.08144709746672807,0.03977284890523261,0,100
A_well_specified,100,34,input_dependent_ordinal,1,1221,0.8968058968058968,1.6879606879606879,1.6879606879606879,0,0.5262638184378126,0.034452968463898455,-0.010484929291412648,0.034452968463898455,0,100
A_well_specified,100,34,input_dependent_ordinal,3,1179,0.8914334181509754,2.015267175572519,2.015267175572519,0,0.6957417264884818,0.044062948321105515,-0.03210562742746342,0.044062948321105515,0,100
A_well_specified,100,34,input_dependent_ordinal,4,1174,0.9267461669505963,1.5621805792163543,1.5621805792163543,0,0.7746775478631776,0.04922887751282605,0.044666930012731254,0.04922887751282606,0,100
A_well_specified,100,34,input_dependent_ordinal,0,241,0.9004149377593361,1.3029045643153527,1.3029045643153527,0,0.44377062965597175,0.03605056859007163,0.013188993405799126,0.03605056859007163,0,100
A_well_specified,100,35,independent_mondrian,0,246,0.9349593495934959,1.443089430894309,1.443089430894309,0,0.0,0.0,0.602723659519873,0.0,0,100
A_well_specified,100,35,independent_mondrian,1,1228,0.9030944625407166,1.9657980456026058,1.9657980456026058,0,0.0,0.0,0.5960210063455511,0.0,0,100
A_well_specified,100,35,independent_mondrian,3,1198,0.8989983305509182,2.124373956594324,2.124373956594324,0,0.0,0.0,0.7123101139702639,0.0,0,100
A_well_specified,100,35,independent_mondrian,2,1157,0.8764044943820225,2.167675021607606,2.167675021607606,0,0.0,0.0,0.5878131697459692,0.0,0,100
A_well_specified,100,35,independent_mondrian,4,1171,0.888129803586678,1.5721605465414177,1.5721605465414177,0,0.0,0.0,0.74891322168075,0.0,0,100
A_well_specified,100,35,ordinal_cluster,0,246,0.9349593495934959,1.4227642276422765,1.4227642276422765,0,0.0,0.0,0.5960210063455511,0.0,0,100
A_well_specified,100,35,ordinal_cluster,1,1228,0.8982084690553745,1.950325732899023,1.950325732899023,0,0.0,0.0,0.5878131697459692,0.0,0,100
A_well_specified,100,35,ordinal_cluster,3,1198,0.8681135225375626,2.0943238731218696,2.0943238731218696,0,0.0,0.0,0.6481848286705749,0.0,0,100
A_well_specified,100,35,ordinal_cluster,2,1157,0.8824546240276577,2.0890233362143475,2.0890233362143475,0,0.0,0.0,0.6027795571784814,0.0,0,100
A_well_specified,100,35,ordinal_cluster,4,1171,0.8821520068317678,1.4910333048676345,1.4910333048676345,0,0.0,0.0,0.7313511777070134,0.0,0,100
A_well_specified,100,35,input_dependent_nonordinal,0,246,0.9471544715447154,1.4471544715447155,1.4471544715447155,0,0.5074729823734716,0.04371735483135036,0.07880056838316907,0.04371735483135036,0,100
A_well_specified,100,35,input_dependent_nonordinal,1,1228,0.9063517915309446,1.9169381107491856,1.9169381107491856,0,0.5251780711661933,0.033186684772226804,0.02509631931261408,0.033186684772226804,0,100
A_well_specified,100,35,input_dependent_nonordinal,3,1198,0.9090150250417363,1.9599332220367278,1.9599332220367278,0,0.6661440995746764,0.04534715062382783,0.03485286261721976,0.04534715062382783,0,100
A_well_specified,100,35,input_dependent_nonordinal,2,1157,0.9101123595505618,2.0751944684528953,2.0751944684528953,0,0.6236344365292873,0.046145714033373766,0.012521720071135056,0.046145714033373766,0,100
A_well_specified,100,35,input_dependent_nonordinal,4,1171,0.8471391972672929,1.5183603757472246,1.5183603757472246,0,0.744759807888948,0.04796827218431548,-0.07338156070176793,0.04796827218431548,0,100
A_well_specified,100,35,input_dependent_ordinal,0,246,0.926829268292683,1.4308943089430894,1.4308943089430894,0,0.47821813544330094,0.03396794915830518,0.09068641919940801,0.03396794915830518,0,100
A_well_specified,100,35,input_dependent_ordinal,1,1228,0.9104234527687296,1.9063517915309447,1.9063517915309447,0,0.5394050317513202,0.03913769527152387,0.018512393848336417,0.03913769527152387,0,100
A_well_specified,100,35,input_dependent_ordinal,3,1198,0.9090150250417363,1.9632721202003338,1.9632721202003338,0,0.6686753712064684,0.04448220150945667,0.028849876058654134,0.04448220150945667,0,100
A_well_specified,100,35,input_dependent_ordinal,2,1157,0.9101123595505618,2.066551426101988,2.066551426101988,0,0.6111549013561157,0.041219608462653524,0.02148464637786207,0.041219608462653524,0,100
A_well_specified,100,35,input_dependent_ordinal,4,1171,0.8454312553373186,1.5106746370623398,1.5106746370623398,0,0.7448888826950433,0.04952461556964807,-0.0760182440352859,0.04952461556964807,0,100
A_well_specified,100,36,independent_mondrian,1,1197,0.8713450292397661,1.794486215538847,1.794486215538847,0,0.0,0.0,0.5252397798809822,0.0,0,100
A_well_specified,100,36,independent_mondrian,4,1183,0.9475908706677938,1.6711749788672865,1.6711749788672865,0,0.0,0.0,0.8825745089940937,0.0,0,100
A_well_specified,100,36,independent_mondrian,3,1176,0.9158163265306123,2.181972789115646,2.181972789115646,0,0.0,0.0,0.7675446533961738,0.0,0,100
A_well_specified,100,36,independent_mondrian,0,249,0.891566265060241,1.285140562248996,1.285140562248996,0,0.0,0.0,0.5009026209754894,0.0,0,100
A_well_specified,100,36,independent_mondrian,2,1195,0.8661087866108786,2.186610878661088,2.186610878661088,0,0.0,0.0,0.5530547314145016,0.0,0,100
A_well_specified,100,36,ordinal_cluster,1,1197,0.873015873015873,1.8847117794486214,1.8847117794486214,0,0.0,0.0,0.5283855147411203,0.0,0,100
A_well_specified,100,36,ordinal_cluster,4,1183,0.9281487743026204,1.6576500422654268,1.6576500422654268,0,0.0,0.0,0.8041606555366025,0.0,0,100
A_well_specified,100,36,ordinal_cluster,3,1176,0.9107142857142857,2.207482993197279,2.207482993197279,0,0.0,0.0,0.7458594113234039,0.0,0,100
A_well_specified,100,36,ordinal_cluster,0,249,0.891566265060241,1.2971887550200802,1.2971887550200802,0,0.0,0.0,0.5009026209754894,0.0,0,100
A_well_specified,100,36,ordinal_cluster,2,1195,0.9037656903765691,2.1539748953974893,2.1539748953974893,0,0.0,0.0,0.6322168971302893,0.0,0,100
A_well_specified,100,36,input_dependent_nonordinal,1,1197,0.8446115288220551,1.7794486215538847,1.7794486215538847,0,0.5094619111685554,0.03385229673669506,-0.026253498123107788,0.03385229673669506,0,100
A_well_specified,100,36,input_dependent_nonordinal,4,1183,0.9230769230769231,1.6356720202874049,1.6356720202874049,0,0.7468703631619699,0.041262884519098084,0.022427197762283968,0.041262884519098084,0,100
A_well_specified,100,36,input_dependent_nonordinal,3,1176,0.9328231292517006,2.127551020408163,2.127551020408163,0,0.7051043561227476,0.039577423305836086,0.06288244331420045,0.039577423305836086,0,100
A_well_specified,100,36,input_dependent_nonordinal,0,249,0.8795180722891566,1.2931726907630523,1.2931726907630523,0,0.4330566228063364,0.033490904188228345,0.0047611996022330905,0.033490904188228345,0,100
A_well_specified,100,36,input_dependent_nonordinal,2,1195,0.9313807531380753,2.086192468619247,2.086192468619247,0,0.6057340285337584,0.03927537798140094,0.03895389361906343,0.03927537798140094,0,100
A_well_specified,100,36,input_dependent_ordinal,1,1197,0.8446115288220551,1.7786131996658312,1.7786131996658312,0,0.5195765380775059,0.0346281422163045,-0.03366951278479691,0.0346281422163045,0,100
A_well_specified,100,36,input_dependent_ordinal,4,1183,0.9230769230769231,1.6331360946745561,1.6331360946745561,0,0.7597978482168191,0.041651000918039686,0.009117030422974959,0.041651000918039686,0,100
A_well_specified,100,36,input_dependent_ordinal,3,1176,0.9328231292517006,2.125,2.125,0,0.6883426860159056,0.039676150515252286,0.07989529605443774,0.039676150515252286,0,100
A_well_specified,100,36,input_dependent_ordinal,0,249,0.8795180722891566,1.2891566265060241,1.2891566265060241,0,0.42950214194000425,0.03569854034231085,0.004540244265939464,0.03569854034231085,0,100
A_well_specified,100,36,input_dependent_ordinal,2,1195,0.9330543933054394,2.092050209205021,2.092050209205021,0,0.599179233098131,0.03729332396038674,0.0427824628088917,0.03729332396038674,0,100
A_well_specified,100,37,independent_mondrian,3,1172,0.8822525597269625,2.2312286689419794,2.2312286689419794,0,0.0,0.0,0.6733990330246521,0.0,0,100
A_well_specified,100,37,independent_mondrian,4,1198,0.9073455759599333,1.6185308848080133,1.6185308848080133,0,0.0,0.0,0.805888699468251,0.0,0,100
A_well_specified,100,37,independent_mondrian,2,1203,0.9285120532003325,2.205320033250208,2.205320033250208,0,0.0,0.0,0.6659494409189398,0.0,0,100
A_well_specified,100,37,independent_mondrian,0,273,0.8644688644688645,1.4212454212454213,1.4212454212454213,0,0.0,0.0,0.43455075440950297,0.0,0,100
A_well_specified,100,37,independent_mondrian,1,1154,0.9194107452339688,1.8544194107452339,1.8544194107452339,0,0.0,0.0,0.6264198146879976,0.0,0,100
A_well_specified,100,37,ordinal_cluster,3,1172,0.8984641638225256,2.1646757679180886,2.1646757679180886,0,0.0,0.0,0.7124022620327849,0.0,0,100
A_well_specified,100,37,ordinal_cluster,4,1198,0.8797996661101837,1.6176961602671118,1.6176961602671118,0,0.0,0.0,0.7374634176507179,0.0,0,100
A_well_specified,100,37,ordinal_cluster,2,1203,0.9243557772236076,2.2136325852036576,2.2136325852036576,0,0.0,0.0,0.654335971187757,0.0,0,100
A_well_specified,100,37,ordinal_cluster,0,273,0.9340659340659341,1.465201465201465,1.465201465201465,0,0.0,0.0,0.581234512136403,0.0,0,100
A_well_specified,100,37,ordinal_cluster,1,1154,0.9116117850953206,2.038994800693241,2.038994800693241,0,0.0,0.0,0.6054191575914555,0.0,0,100
A_well_specified,100,37,input_dependent_nonordinal,3,1172,0.8489761092150171,2.016211604095563,2.016211604095563,0,0.6729753199211187,0.03752860091071174,-0.07702714814784484,0.03752860091071174,0,100
A_well_specified,100,37,input_dependent_nonordinal,4,1198,0.9056761268781303,1.5342237061769617,1.5342237061769617,0,0.7777218974770589,0.05536233401729249,-0.00020926700431578293,0.05536233401729249,0,100
A_well_specified,100,37,input_dependent_nonordinal,2,1203,0.9326683291770573,1.9825436408977557,1.9825436408977557,0,0.5951441767955049,0.04037622589266515,0.04279680997085833,0.04037622589266515,0,100
A_well_specified,100,37,input_dependent_nonordinal,0,273,0.8681318681318682,1.3333333333333333,1.3333333333333333,0,0.4561297126635302,0.03751283299126659,-0.010733137472121457,0.03751283299126659,0,100
A_well_specified,100,37,input_dependent_nonordinal,1,1154,0.9020797227036396,1.7868284228769498,1.7868284228769498,0,0.5377634631381562,0.043486483587109194,0.012171102286602675,0.043486483587109194,0,100
A_well_specified,100,37,input_dependent_ordinal,3,1172,0.8438566552901023,2.012798634812287,2.012798634812287,0,0.6803055590156667,0.04478396024578021,-0.08149988257901086,0.04478396024578021,0,100
A_well_specified,100,37,input_dependent_ordinal,4,1198,0.9015025041736227,1.5392320534223707,1.5392320534223707,0,0.7687295409789286,0.048690796142760555,-0.00022404597806335858,0.048690796142760555,0,100
A_well_specified,100,37,input_dependent_ordinal,2,1203,0.9368246051537822,1.9775561097256857,1.9775561097256857,0,0.6043144897017202,0.043645337798341566,0.046755170002823365,0.043645337798341566,0,100
A_well_specified,100,37,input_dependent_ordinal,0,273,0.8681318681318682,1.347985347985348,1.347985347985348,0,0.44914673756484214,0.03762654863714881,-0.0040795896890356564,0.03762654863714881,0,100
A_well_specified,100,37,input_dependent_ordinal,1,1154,0.9081455805892548,1.802426343154246,1.802426343154246,0,0.5311218689464811,0.03885948234863014,0.020081920906597883,0.03885948234863014,0,100
A_well_specified,100,38,independent_mondrian,4,1140,0.9324561403508772,1.6070175438596492,1.6070175438596492,0,0.0,0.0,0.8836475515519443,0.0,0,100
A_well_specified,100,38,independent_mondrian,3,1209,0.9098428453267163,2.313482216708023,2.313482216708023,0,0.0,0.0,0.7103897471027955,0.0,0,100
A_well_specified,100,38,independent_mondrian,2,1205,0.9203319502074688,2.278838174273859,2.278838174273859,0,0.0,0.0,0.6707249064855515,0.0,0,100
A_well_specified,100,38,independent_mondrian,0,228,0.8771929824561403,1.4166666666666667,1.4166666666666667,0,0.0,0.0,0.42444855674238685,0.0,0,100
A_well_specified,100,38,independent_mondrian,1,1218,0.9178981937602627,1.8686371100164203,1.8686371100164203,0,0.0,0.0,0.6164146216943266,0.0,0,100
A_well_specified,100,38,ordinal_cluster,4,1140,0.9114035087719298,1.6429824561403508,1.6429824561403508,0,0.0,0.0,0.8090340612856338,0.0,0,100
A_well_specified,100,38,ordinal_cluster,3,1209,0.9255583126550868,2.2506203473945408,2.2506203473945408,0,0.0,0.0,0.7744350693284596,0.0,0,100
A_well_specified,100,38,ordinal_cluster,2,1205,0.9153526970954357,2.2597510373443983,2.2597510373443983,0,0.0,0.0,0.6612240584401651,0.0,0,100
A_well_specified,100,38,ordinal_cluster,0,228,0.9210526315789473,1.381578947368421,1.381578947368421,0,0.0,0.0,0.5328412508964745,0.0,0,100
A_well_specified,100,38,ordinal_cluster,1,1218,0.8990147783251231,1.9860426929392447,1.9860426929392447,0,0.0,0.0,0.5726916022710288,0.0,0,100
A_well_specified,100,38,input_dependent_nonordinal,4,1140,0.9307017543859649,1.5587719298245615,1.5587719298245615,0,0.7423286469949767,0.04536969335091273,0.07289604557582596,0.04536969335091273,0,100
A_well_specified,100,38,input_dependent_nonordinal,3,1209,0.9073614557485525,2.1728701406120763,2.1728701406120763,0,0.6644362240068352,0.051594248809130626,-0.0010448805478402434,0.051594248809130626,0,100
A_well_specified,100,38,input_dependent_nonordinal,2,1205,0.9269709543568465,2.0390041493775932,2.0390041493775932,0,0.5933386394645733,0.02814648633364712,0.054995742548785476,0.02814648633364712,0,100
A_well_specified,100,38,input_dependent_nonordinal,0,228,0.8859649122807017,1.3157894736842106,1.3157894736842106,0,0.4623021178049876,0.03506018851180931,-0.03078755969753258,0.03506018851180932,0,100
A_well_specified,100,38,input_dependent_nonordinal,1,1218,0.9187192118226601,1.8940886699507389,1.8940886699507389,0,0.5614026149867452,0.04709038273251044,0.001797065764950756,0.04709038273251044,0,100
A_well_specified,100,38,input_dependent_ordinal,4,1140,0.9307017543859649,1.5640350877192983,1.5640350877192983,0,0.7348991233169185,0.04499517482350169,0.07997449948211466,0.04499517482350169,0,100
A_well_specified,100,38,input_dependent_ordinal,3,1209,0.9048800661703887,2.1786600496277915,2.1786600496277915,0,0.6714905921780768,0.04423223487480304,-0.019388877210689603,0.04423223487480304,0,100
A_well_specified,100,38,input_dependent_ordinal,2,1205,0.9294605809128631,2.0315352697095435,2.0315352697095435,0,0.6008293311618342,0.04020988878843489,0.06740418553149563,0.04020988878843489,0,100
A_well_specified,100,38,input_dependent_ordinal,0,228,0.881578947368421,1.3289473684210527,1.3289473684210527,0,0.45744266120878035,0.034464146789334286,-0.028402623383641856,0.034464146789334286,0,100
A_well_specified,100,38,input_dependent_ordinal,1,1218,0.9178981937602627,1.8981937602627257,1.8981937602627257,0,0.5535130296363285,0.04009242731682054,0.005134148765950308,0.04009242731682054,0,100
A_well_specified,100,39,independent_mondrian,1,1137,0.8803869832893579,2.163588390501319,2.163588390501319,0,0.0,0.0,0.4848549620786951,0.0,0,100
A_well_specified,100,39,independent_mondrian,2,1250,0.9272,2.156,2.156,0,0.0,0.0,0.7279257352064825,0.0,0,100
A_well_specified,100,39,independent_mondrian,4,1158,0.9481865284974094,1.6511226252158895,1.6511226252158895,0,0.0,0.0,0.9221517978857678,0.0,0,100
A_well_specified,100,39,independent_mondrian,3,1186,0.8743676222596964,2.354131534569983,2.354131534569983,0,0.0,0.0,0.6568870398234223,0.0,0,100
A_well_specified,100,39,independent_mondrian,0,269,0.9479553903345725,1.3531598513011152,1.3531598513011152,0,0.0,0.0,0.6265656967187363,0.0,0,100
A_well_specified,100,39,ordinal_cluster,1,1137,0.9243623570800352,1.9050131926121372,1.9050131926121372,0,0.0,0.0,0.5986216030260545,0.0,0,100
A_well_specified,100,39,ordinal_cluster,2,1250,0.8856,2.1808,2.1808,0,0.0,0.0,0.6044840077040007,0.0,0,100
A_well_specified,100,39,ordinal_cluster,4,1158,0.9075993091537133,1.6338514680483593,1.6338514680483593,0,0.0,0.0,0.7731254840151037,0.0,0,100
A_well_specified,100,39,ordinal_cluster,3,1186,0.9080944350758853,2.1888701517706575,2.1888701517706575,0,0.0,0.0,0.7368814705183515,0.0,0,100
A_well_specified,100,39,ordinal_cluster,0,269,0.9070631970260223,1.4237918215613383,1.4237918215613383,0,0.0,0.0,0.5326121238594963,0.0,0,100
A_well_specified,100,39,input_dependent_nonordinal,1,1137,0.9278803869832893,1.8100263852242744,1.8100263852242744,0,0.530935382314849,0.0401239083874778,0.01572740525381161,0.0401239083874778,0,100
A_well_specified,100,39,input_dependent_nonordinal,2,1250,0.8856,2.0376,2.0376,0,0.604676434054923,0.033892109728282736,-0.03681214405996197,0.033892109728282736,0,100
A_well_specified,100,39,input_dependent_nonordinal,4,1158,0.9214162348877375,1.5984455958549222,1.5984455958549222,0,0.7604958901244284,0.036374997323331194,0.019871423525353427,0.036374997323331194,0,100
A_well_specified,100,39,input_dependent_nonordinal,3,1186,0.8836424957841484,2.040472175379427,2.040472175379427,0,0.6837643125845118,0.06147535515794147,-0.0002952246476328191,0.06147535515794147,0,100
A_well_specified,100,39,input_dependent_nonordinal,0,269,0.8810408921933085,1.3271375464684014,1.3271375464684014,0,0.4713536175860227,0.058180190065854544,0.012949677322250053,0.058180190065854544,0,100
A_well_specified,100,39,input_dependent_ordinal,1,1137,0.9296394019349165,1.8003518029903254,1.8003518029903254,0,0.5349679894865638,0.04156949577048268,0.016684082914737386,0.04156949577048268,0,100
A_well_specified,100,39,input_dependent_ordinal,2,1250,0.8888,2.0888,2.0888,0,0.60949728139483,0.043587239817003354,-0.024401878144515887,0.043587239817003354,0,100
A_well_specified,100,39,input_dependent_ordinal,4,1158,0.924006908462867,1.653713298791019,1.653713298791019,0,0.7621275702996008,0.0417457080071881,0.029423521845896583,0.0417457080071881,0,100
A_well_specified,100,39,input_dependent_ordinal,3,1186,0.9064080944350759,2.0758853288364247,2.0758853288364247,0,0.6787188929221636,0.044217957639267495,0.03335030330410149,0.044217957639267495,0,100
A_well_specified,100,39,input_dependent_ordinal,0,269,0.8921933085501859,1.3494423791821561,1.3494423791821561,0,0.4566177483666283,0.04222549480433284,0.012762689636436009,0.04222549480433284,0,100
A_well_specified,100,40,independent_mondrian,2,1195,0.8928870292887029,2.4677824267782427,2.4677824267782427,0,0.0,0.0,0.6113543623698086,0.0,0,100
A_well_specified,100,40,independent_mondrian,3,1223,0.901880621422731,2.3704006541291904,2.3704006541291904,0,0.0,0.0,0.71187544421699,0.0,0,100
A_well_specified,100,40,independent_mondrian,1,1155,0.9367965367965368,2.031168831168831,2.031168831168831,0,0.0,0.0,0.6959674245257882,0.0,0,100
A_well_specified,100,40,independent_mondrian,4,1179,0.9525021204410518,1.63019508057676,1.63019508057676,0,0.0,0.0,0.9897077572461789,0.0,0,100
A_well_specified,100,40,independent_mondrian,0,248,0.8991935483870968,1.6129032258064515,1.6129032258064515,0,0.0,0.0,0.57917563468336,0.0,0,100
A_well_specified,100,40,ordinal_cluster,2,1195,0.9121338912133892,2.3447698744769876,2.3447698744769876,0,0.0,0.0,0.6605276234758719,0.0,0,100
A_well_specified,100,40,ordinal_cluster,3,1223,0.9149632052330335,2.349959116925593,2.349959116925593,0,0.0,0.0,0.7459296129491746,0.0,0,100
A_well_specified,100,40,ordinal_cluster,1,1155,0.9082251082251083,2.084848484848485,2.084848484848485,0,0.0,0.0,0.6112097745497354,0.0,0,100
A_well_specified,100,40,ordinal_cluster,4,1179,0.9406276505513147,1.6641221374045803,1.6641221374045803,0,0.0,0.0,0.8846596104926284,0.0,0,100
A_well_specified,100,40,ordinal_cluster,0,248,0.9112903225806451,1.4879032258064515,1.4879032258064515,0,0.0,0.0,0.6112097745497354,0.0,0,100
A_well_specified,100,40,input_dependent_nonordinal,2,1195,0.9037656903765691,2.1255230125523012,2.1255230125523012,0,0.6176872895462291,0.03712326236546001,-0.016556500137014762,0.03712326236546002,0,100
A_well_specified,100,40,input_dependent_nonordinal,3,1223,0.8969746524938675,2.1210139002452983,2.1210139002452983,0,0.6853343542331461,0.054354639563946,0.011964873646983565,0.054354639563946,0,100
A_well_specified,100,40,input_dependent_nonordinal,1,1155,0.935930735930736,1.8917748917748918,1.8917748917748918,0,0.558929509964629,0.036921786366170384,0.06006884673766588,0.036921786366170384,0,100
A_well_specified,100,40,input_dependent_nonordinal,4,1179,0.9211195928753181,1.5606446140797285,1.5606446140797285,0,0.703067639737059,0.036945108651479354,0.10856413556202021,0.036945108651479354,0,100
A_well_specified,100,40,input_dependent_nonordinal,0,248,0.8830645161290323,1.3991935483870968,1.3991935483870968,0,0.4730011673040759,0.03828560048754066,0.013869765880875184,0.03828560048754066,0,100
A_well_specified,100,40,input_dependent_ordinal,2,1195,0.9037656903765691,2.126359832635983,2.126359832635983,0,0.6125486585824436,0.040140366065138815,-0.004700472497821906,0.040140366065138815,0,100
A_well_specified,100,40,input_dependent_ordinal,3,1223,0.8920686835650041,2.125102207686018,2.125102207686018,0,0.6644693328909178,0.04265892272427311,0.01274796086838137,0.04265892272427311,0,100
A_well_specified,100,40,input_dependent_ordinal,1,1155,0.935064935064935,1.8917748917748918,1.8917748917748918,0,0.5627796713230852,0.03838688233231291,0.05861743901097949,0.03838688233231291,0,100
A_well_specified,100,40,input_dependent_ordinal,4,1179,0.9236641221374046,1.5623409669211197,1.5623409669211197,0,0.7189896685870941,0.042546042570725244,0.10577885237657947,0.042546042570725244,0,100
A_well_specified,100,40,input_dependent_ordinal,0,248,0.8830645161290323,1.3991935483870968,1.3991935483870968,0,0.4957597209662711,0.03692359444182973,-0.0076026142005121145,0.03692359444182973,0,100
A_well_specified,100,41,independent_mondrian,0,238,0.8571428571428571,1.3739495798319328,1.3739495798319328,0,0.0,0.0,0.4823400329339196,0.0,0,100
A_well_specified,100,41,independent_mondrian,4,1203,0.9376558603491272,1.6350789692435577,1.6350789692435577,0,0.0,0.0,0.9138576030265463,0.0,0,100
A_well_specified,100,41,independent_mondrian,1,1168,0.9152397260273972,1.8133561643835616,1.8133561643835616,0,0.0,0.0,0.5972100827634587,0.0,0,100
A_well_specified,100,41,independent_mondrian,3,1201,0.8867610324729392,2.2264779350541217,2.2264779350541217,0,0.0,0.0,0.7149969699218269,0.0,0,100
A_well_specified,100,41,independent_mondrian,2,1190,0.8823529411764706,2.2411764705882353,2.2411764705882353,0,0.0,0.0,0.5955356759855199,0.0,0,100
A_well_specified,100,41,ordinal_cluster,0,238,0.9159663865546218,1.4201680672268908,1.4201680672268908,0,0.0,0.0,0.5759548065894189,0.0,0,100
A_well_specified,100,41,ordinal_cluster,4,1203,0.8861180382377389,1.599334995843724,1.599334995843724,0,0.0,0.0,0.7799034601629785,0.0,0,100
A_well_specified,100,41,ordinal_cluster,1,1168,0.9075342465753424,1.9606164383561644,1.9606164383561644,0,0.0,0.0,0.5818650949894079,0.0,0,100
A_well_specified,100,41,ordinal_cluster,3,1201,0.8884263114071607,2.1490424646128226,2.1490424646128226,0,0.0,0.0,0.72590662099276,0.0,0,100
A_well_specified,100,41,ordinal_cluster,2,1190,0.8873949579831932,2.187394957983193,2.187394957983193,0,0.0,0.0,0.6066942756043908,0.0,0,100
A_well_specified,100,41,input_dependent_nonordinal,0,238,0.8823529411764706,1.3529411764705883,1.3529411764705883,0,0.4173058454382663,0.021924025081757784,0.01143425420802982,0.021924025081757784,0,100
A_well_specified,100,41,input_dependent_nonordinal,4,1203,0.9102244389027432,1.5253532834580217,1.5253532834580217,0,0.7855263882783031,0.043515456715160106,0.011854785915361377,0.043515456715160106,0,100
A_well_specified,100,41,input_dependent_nonordinal,1,1168,0.9041095890410958,1.648972602739726,1.648972602739726,0,0.5579003783444447,0.043224406483000584,-0.034109111029423156,0.043224406483000584,0,100
A_well_specified,100,41,input_dependent_nonordinal,3,1201,0.8609492089925063,1.9850124895920067,1.9850124895920067,0,0.7020942224677234,0.043619087795888606,-0.06724000750575554,0.043619087795888606,0,100
A_well_specified,100,41,input_dependent_nonordinal,2,1190,0.8521008403361344,1.86890756302521,1.86890756302521,0,0.5847368665298283,0.03584550481586946,-0.05232757381235209,0.03584550481586946,0,100
A_well_specified,100,41,input_dependent_ordinal,0,238,0.8991596638655462,1.3697478991596639,1.3697478991596639,0,0.45588668498333457,0.03512859428207636,-0.000569459543530132,0.03512859428207635,0,100
A_well_specified,100,41,input_dependent_ordinal,4,1203,0.9093931837073982,1.5245220282626766,1.5245220282626766,0,0.7836530434023686,0.04411348700737791,0.012898277278681314,0.04411348700737791,0,100
A_well_specified,100,41,input_dependent_ordinal,1,1168,0.9152397260273972,1.7054794520547945,1.7054794520547945,0,0.5351420839237236,0.03633499650881851,9.139084402542963e-05,0.03633499650881851,0,100
A_well_specified,100,41,input_dependent_ordinal,3,1201,0.8609492089925063,2.006661115736886,2.006661115736886,0,0.6975334737023609,0.04137160170292939,-0.06824056576479792,0.041371601702929375,0,100
A_well_specified,100,41,input_dependent_ordinal,2,1190,0.8621848739495799,1.8915966386554621,1.8915966386554621,0,0.6053285515266954,0.0419601860633954,-0.056563055208113694,0.0419601860633954,0,100
A_well_specified,100,42,independent_mondrian,1,1159,0.8550474547023296,2.0362381363244175,2.0362381363244175,0,0.0,0.0,0.49520254132652397,0.0,0,100
A_well_specified,100,42,independent_mondrian,3,1223,0.9174161896974653,2.2722812755519217,2.2722812755519217,0,0.0,0.0,0.7673084168238883,0.0,0,100
A_well_specified,100,42,independent_mondrian,4,1160,0.9448275862068966,1.706896551724138,1.706896551724138,0,0.0,0.0,0.892018998341998,0.0,0,100
A_well_specified,100,42,independent_mondrian,0,232,0.9310344827586207,1.293103448275862,1.293103448275862,0,0.0,0.0,0.5981943663404526,0.0,0,100
A_well_specified,100,42,independent_mondrian,2,1226,0.9045676998368679,2.230016313213703,2.230016313213703,0,0.0,0.0,0.6371873739668616,0.0,0,100
A_well_specified,100,42,ordinal_cluster,1,1159,0.8843830888697153,1.9792924935289042,1.9792924935289042,0,0.0,0.0,0.5619506714065442,0.0,0,100
A_well_specified,100,42,ordinal_cluster,3,1223,0.9043336058871627,2.243663123466885,2.243663123466885,0,0.0,0.0,0.7427784765310341,0.0,0,100
A_well_specified,100,42,ordinal_cluster,4,1160,0.9370689655172414,1.6793103448275861,1.6793103448275861,0,0.0,0.0,0.8484003365605101,0.0,0,100
A_well_specified,100,42,ordinal_cluster,0,232,0.9008620689655172,1.3793103448275863,1.3793103448275863,0,0.0,0.0,0.5402702324400532,0.0,0,100
A_well_specified,100,42,ordinal_cluster,2,1226,0.9102773246329527,2.2389885807504077,2.2389885807504077,0,0.0,0.0,0.6484498066205301,0.0,0,100
A_well_specified,100,42,input_dependent_nonordinal,1,1159,0.913718723037101,1.9413287316652286,1.9413287316652286,0,0.5046531493777002,0.04667310822440989,0.06168701797155371,0.04667310822440989,0,100
A_well_specified,100,42,input_dependent_nonordinal,3,1223,0.9517579721995094,2.189697465249387,2.189697465249387,0,0.6730362820507646,0.04964797926511886,0.17386596742726335,0.04964797926511887,0,100
A_well_specified,100,42,input_dependent_nonordinal,4,1160,0.9508620689655173,1.743103448275862,1.743103448275862,0,0.7943300496171574,0.053753288454467016,0.0704479029155437,0.053753288454467016,0,100
A_well_specified,100,42,input_dependent_nonordinal,0,232,0.9396551724137931,1.4396551724137931,1.4396551724137931,0,0.474741749948038,0.040813154371712033,0.045021511741381706,0.040813154371712033,0,100
A_well_specified,100,42,input_dependent_nonordinal,2,1226,0.9078303425774877,2.33442088091354,2.33442088091354,0,0.5774303448352642,0.03635405131408921,0.03604488000469458,0.03635405131408921,0,100
A_well_specified,100,42,input_dependent_ordinal,1,1159,0.9068162208800691,1.9430543572044867,1.9430543572044867,0,0.4978296114636012,0.041308200027367695,0.04918318369870761,0.041308200027367695,0,100
A_well_specified,100,42,input_dependent_ordinal,3,1223,0.9517579721995094,2.1798855273916597,2.1798855273916597,0,0.6871845719774007,0.049685481908216776,0.15968202843211454,0.049685481908216776,0,100
A_well_specified,100,42,input_dependent_ordinal,4,1160,0.9508620689655173,1.7491379310344828,1.7491379310344828,0,0.7738745470862647,0.05009136451346281,0.08199705542351354,0.05009136451346281,0,100
A_well_specified,100,42,input_dependent_ordinal,0,232,0.9353448275862069,1.4224137931034482,1.4224137931034482,0,0.4190276219428905,0.03761538096172954,0.09694625564320158,0.03761538096172954,0,100
A_well_specified,100,42,input_dependent_ordinal,2,1226,0.9110929853181077,2.3075040783034257,2.3075040783034257,0,0.6044714753188059,0.045084819050762545,0.02268894074223815,0.045084819050762545,0,100
A_well_specified,100,43,independent_mondrian,1,1237,0.9531123686337915,1.9442198868229588,1.9442198868229588,0,0.0,0.0,0.6889058380893966,0.0,0,100
A_well_specified,100,43,independent_mondrian,4,1171,0.9342442356959864,1.704526046114432,1.704526046114432,0,0.0,0.0,0.9240569367758167,0.0,0,100
A_well_specified,100,43,independent_mondrian,2,1164,0.9269759450171822,2.40893470790378,2.40893470790378,0,0.0,0.0,0.7027903404753688,0.0,0,100
A_well_specified,100,43,independent_mondrian,3,1157,0.9196197061365601,2.4537597234226447,2.4537597234226447,0,0.0,0.0,0.7276282599878663,0.0,0,100
A_well_specified,100,43,independent_mondrian,0,271,0.8892988929889298,1.6494464944649447,1.6494464944649447,0,0.0,0.0,0.42036490655491243,0.0,0,100
A_well_specified,100,43,ordinal_cluster,1,1237,0.9272433306386418,2.1309620048504447,2.1309620048504447,0,0.0,0.0,0.61027187536272,0.0,0,100
A_well_specified,100,43,ordinal_cluster,4,1171,0.9222886421861657,1.7301451750640477,1.7301451750640477,0,0.0,0.0,0.8445648129596582,0.0,0,100
A_well_specified,100,43,ordinal_cluster,2,1164,0.9269759450171822,2.3333333333333335,2.3333333333333335,0,0.0,0.0,0.7027903404753688,0.0,0,100
A_well_specified,100,43,ordinal_cluster,3,1157,0.9343128781331028,2.363007778738116,2.363007778738116,0,0.0,0.0,0.7762441763424259,0.0,0,100
A_well_specified,100,43,ordinal_cluster,0,271,0.955719557195572,1.5719557195571956,1.5719557195571956,0,0.0,0.0,0.5821759739879123,0.0,0,100
A_well_specified,100,43,input_dependent_nonordinal,1,1237,0.9005658852061439,1.7865804365400162,1.7865804365400162,0,0.5384714534057404,0.029763966287322273,-0.01291491206133677,0.029763966287322273,0,100
A_well_specified,100,43,input_dependent_nonordinal,4,1171,0.9359521776259607,1.6473099914602904,1.6473099914602904,0,0.7611931438196384,0.03913486362462827,0.06369828581255121,0.03913486362462827,0,100
A_well_specified,100,43,input_dependent_nonordinal,2,1164,0.9123711340206185,2.054123711340206,2.054123711340206,0,0.6070433177821678,0.04664288108635799,0.010728475175124763,0.04664288108635799,0,100
A_well_specified,100,43,input_dependent_nonordinal,3,1157,0.9230769230769231,2.143474503025065,2.143474503025065,0,0.6794069097676604,0.04659703606791813,0.05163274436103116,0.04659703606791813,0,100
A_well_specified,100,43,input_dependent_nonordinal,0,271,0.8819188191881919,1.2915129151291513,1.2915129151291513,0,0.3896044297204746,0.033762890938689595,0.0045218941374493005,0.033762890938689595,0,100
A_well_specified,100,43,input_dependent_ordinal,1,1237,0.9070331447049312,1.7801131770412288,1.7801131770412288,0,0.5298789430169535,0.03672863193413093,0.012453690910027293,0.03672863193413093,0,100
A_well_specified,100,43,input_dependent_ordinal,4,1171,0.9163108454312553,1.6208368915456874,1.6208368915456874,0,0.7638207569332465,0.04686738756449862,0.03397622228592451,0.04686738756449862,0,100
A_well_specified,100,43,input_dependent_ordinal,2,1164,0.9106529209621993,2.047250859106529,2.047250859106529,0,0.6037095197080319,0.03850132343765022,0.011537765034905334,0.03850132343765022,0,100
A_well_specified,100,43,input_dependent_ordinal,3,1157,0.9256698357821953,2.1210025929127054,2.1210025929127054,0,0.6811276145152704,0.0400541824078199,0.03857527100922287,0.0400541824078199,0,100
A_well_specified,100,43,input_dependent_ordinal,0,271,0.8782287822878229,1.3062730627306274,1.3062730627306274,0,0.42444580492834005,0.034660905483288984,-0.0338978994601733,0.034660905483288984,0,100
A_well_specified,100,44,independent_mondrian,2,1171,0.8787361229718189,2.3253629376601195,2.3253629376601195,0,0.0,0.0,0.6051228025213825,0.0,0,100
A_well_specified,100,44,independent_mondrian,3,1201,0.9042464612822648,2.17985012489592,2.17985012489592,0,0.0,0.0,0.7683131281918727,0.0,0,100
A_well_specified,100,44,independent_mondrian,4,1227,0.902200488997555,1.660961695191524,1.660961695191524,0,0.0,0.0,0.7851181339039175,0.0,0,100
A_well_specified,100,44,independent_mondrian,1,1147,0.9380993897122929,1.8918918918918919,1.8918918918918919,0,0.0,0.0,0.6766227391791874,0.0,0,100
A_well_specified,100,44,independent_mondrian,0,254,0.889763779527559,1.5590551181102361,1.5590551181102361,0,0.0,0.0,0.49724583422651664,0.0,0,100
A_well_specified,100,44,ordinal_cluster,2,1171,0.9248505550811272,2.2040990606319384,2.2040990606319384,0,0.0,0.0,0.710952555714638,0.0,0,100
A_well_specified,100,44,ordinal_cluster,3,1201,0.8934221482098251,2.2331390507910074,2.2331390507910074,0,0.0,0.0,0.7291393592446072,0.0,0,100
A_well_specified,100,44,ordinal_cluster,4,1227,0.8948655256723717,1.6536267318663407,1.6536267318663407,0,0.0,0.0,0.7683131281918727,0.0,0,100
A_well_specified,100,44,ordinal_cluster,1,1147,0.8979947689625108,2.044463818657367,2.044463818657367,0,0.0,0.0,0.566470527857296,0.0,0,100
A_well_specified,100,44,ordinal_cluster,0,254,0.9094488188976378,1.4330708661417322,1.4330708661417322,0,0.0,0.0,0.5512047686327446,0.0,0,100
A_well_specified,100,44,input_dependent_nonordinal,2,1171,0.89666951323655,2.084543125533732,2.084543125533732,0,0.6186517448789789,0.04060109335458784,0.00436800424171091,0.04060109335458784,0,100
A_well_specified,100,44,input_dependent_nonordinal,3,1201,0.9167360532889259,2.0649458784346377,2.0649458784346377,0,0.6949962427032631,0.0466368173696508,0.03504073267777841,0.0466368173696508,0,100
A_well_specified,100,44,input_dependent_nonordinal,4,1227,0.8842705786471068,1.5949470252648736,1.5949470252648736,0,0.7116488891726696,0.035736381464505314,-0.0022794784761229203,0.035736381464505314,0,100
A_well_specified,100,44,input_dependent_nonordinal,1,1147,0.9180470793374019,1.865736704446382,1.865736704446382,0,0.5399377283980205,0.04117747496302162,0.026076751275738774,0.04117747496302162,0,100
A_well_specified,100,44,input_dependent_nonordinal,0,254,0.905511811023622,1.389763779527559,1.389763779527559,0,0.493162125928927,0.03998212871863867,0.0024161523740081625,0.03998212871863867,0,100
A_well_specified,100,44,input_dependent_ordinal,2,1171,0.8932536293766012,2.1016225448334755,2.1016225448334755,0,0.6088217540292661,0.04124530646783769,0.013675754736745427,0.04124530646783769,0,100
A_well_specified,100,44,input_dependent_ordinal,3,1201,0.9208992506244796,2.0949208992506243,2.0949208992506243,0,0.6783595862402477,0.03961910555946394,0.05602511740782434,0.03961910555946394,0,100
A_well_specified,100,44,input_dependent_ordinal,4,1227,0.8891605541972291,1.6055419722901385,1.6055419722901385,0,0.7252146336667427,0.04024870695728622,0.003188517503703303,0.04024870695728622,0,100
A_well_specified,100,44,input_dependent_ordinal,1,1147,0.9180470793374019,1.870095902353967,1.870095902353967,0,0.5512927566616804,0.04122693363887804,0.014816268908044883,0.04122693363887804,0,100
A_well_specified,100,44,input_dependent_ordinal,0,254,0.9015748031496063,1.3858267716535433,1.3858267716535433,0,0.4953979131754636,0.04613237912387668,0.003936197981436518,0.04613237912387668,0,100
A_well_specified,100,45,independent_mondrian,2,1150,0.9147826086956522,2.2991304347826085,2.2991304347826085,0,0.0,0.0,0.6625471431841196,0.0,0,100
A_well_specified,100,45,independent_mondrian,1,1220,0.910655737704918,1.8639344262295081,1.8639344262295081,0,0.0,0.0,0.5998124072308075,0.0,0,100
A_well_specified,100,45,independent_mondrian,3,1168,0.913527397260274,2.3107876712328768,2.3107876712328768,0,0.0,0.0,0.7517721629524499,0.0,0,100
A_well_specified,100,45,independent_mondrian,4,1235,0.9271255060728745,1.6663967611336032,1.6663967611336032,0,0.0,0.0,0.8880172364640921,0.0,0,100
A_well_specified,100,45,independent_mondrian,0,227,0.8810572687224669,1.39647577092511,1.39647577092511,0,0.0,0.0,0.43192950759873505,0.0,0,100
A_well_specified,100,45,ordinal_cluster,2,1150,0.9147826086956522,2.265217391304348,2.265217391304348,0,0.0,0.0,0.6625471431841196,0.0,0,100
A_well_specified,100,45,ordinal_cluster,1,1220,0.9016393442622951,1.9172131147540983,1.9172131147540983,0,0.0,0.0,0.5753993566508704,0.0,0,100
A_well_specified,100,45,ordinal_cluster,3,1168,0.922945205479452,2.2636986301369864,2.2636986301369864,0,0.0,0.0,0.7880161816901458,0.0,0,100
A_well_specified,100,45,ordinal_cluster,4,1235,0.9076923076923077,1.6825910931174088,1.6825910931174088,0,0.0,0.0,0.8293263126541309,0.0,0,100
A_well_specified,100,45,ordinal_cluster,0,227,0.920704845814978,1.39647577092511,1.39647577092511,0,0.0,0.0,0.4658885789463325,0.0,0,100
A_well_specified,100,45,input_dependent_nonordinal,2,1150,0.9208695652173913,2.08,2.08,0,0.6013318705015347,0.028775368029467112,0.05931441055370301,0.028775368029467112,0,100
A_well_specified,100,45,input_dependent_nonordinal,1,1220,0.9008196721311476,1.7745901639344261,1.7745901639344261,0,0.5252404985570978,0.03857305238634786,0.005750664340924916,0.03857305238634786,0,100
A_well_specified,100,45,input_dependent_nonordinal,3,1168,0.860445205479452,2.194349315068493,2.194349315068493,0,0.7028101114446527,0.041074237459150634,-0.07132395101594141,0.041074237459150634,0,100
A_well_specified,100,45,input_dependent_nonordinal,4,1235,0.9530364372469635,1.5708502024291497,1.5708502024291497,0,0.783588770554785,0.04514592860021992,0.11876876450943408,0.0451459286002199,0,100
A_well_specified,100,45,input_dependent_nonordinal,0,227,0.8546255506607929,1.2863436123348018,1.2863436123348018,0,0.4559195518665928,0.03858354169148309,-0.04454581167996671,0.03858354169148309,0,100
A_well_specified,100,45,input_dependent_ordinal,2,1150,0.9217391304347826,2.0634782608695654,2.0634782608695654,0,0.6182808429880962,0.03624756010797964,0.05606040867194889,0.03624756010797964,0,100
A_well_specified,100,45,input_dependent_ordinal,1,1220,0.8991803278688525,1.7573770491803278,1.7573770491803278,0,0.5207386737662254,0.035593681092715344,0.005885303104923079,0.035593681092715344,0,100
A_well_specified,100,45,input_dependent_ordinal,3,1168,0.8561643835616438,2.190068493150685,2.190068493150685,0,0.6984229709194736,0.03891988808842465,-0.07548860338765395,0.03891988808842465,0,100
A_well_specified,100,45,input_dependent_ordinal,4,1235,0.9481781376518219,1.5700404858299595,1.5700404858299595,0,0.7800090413057192,0.0432081035278834,0.11605952559070515,0.0432081035278834,0,100
A_well_specified,100,45,input_dependent_ordinal,0,227,0.8325991189427313,1.2687224669603525,1.2687224669603525,0,0.44013901856393306,0.03245019645077683,-0.048939812667206206,0.03245019645077683,0,100
A_well_specified,100,46,independent_mondrian,3,1164,0.9183848797250859,2.1847079037800685,2.1847079037800685,0,0.0,0.0,0.7359573107520933,0.0,0,100
A_well_specified,100,46,independent_mondrian,0,215,0.9255813953488372,1.386046511627907,1.386046511627907,0,0.0,0.0,0.6138312932675937,0.0,0,100
A_well_specified,100,46,independent_mondrian,1,1207,0.8674399337199669,2.026512013256007,2.026512013256007,0,0.0,0.0,0.5042342074455701,0.0,0,100
A_well_specified,100,46,independent_mondrian,4,1180,0.9,1.6305084745762712,1.6305084745762712,0,0.0,0.0,0.7660137277942985,0.0,0,100
A_well_specified,100,46,independent_mondrian,2,1234,0.9019448946515397,2.1166936790923825,2.1166936790923825,0,0.0,0.0,0.6349082452761905,0.0,0,100
A_well_specified,100,46,ordinal_cluster,3,1164,0.9063573883161512,2.1503436426116838,2.1503436426116838,0,0.0,0.0,0.7054981019065103,0.0,0,100
A_well_specified,100,46,ordinal_cluster,0,215,0.8976744186046511,1.4186046511627908,1.4186046511627908,0,0.0,0.0,0.5321964192779055,0.0,0,100
A_well_specified,100,46,ordinal_cluster,1,1207,0.8856669428334715,1.9154929577464788,1.9154929577464788,0,0.0,0.0,0.5373598140005212,0.0,0,100
A_well_specified,100,46,ordinal_cluster,4,1180,0.8915254237288136,1.5932203389830508,1.5932203389830508,0,0.0,0.0,0.7359573107520933,0.0,0,100
A_well_specified,100,46,ordinal_cluster,2,1234,0.9019448946515397,2.079416531604538,2.079416531604538,0,0.0,0.0,0.6349082452761905,0.0,0,100
A_well_specified,100,46,input_dependent_nonordinal,3,1164,0.9278350515463918,2.095360824742268,2.095360824742268,0,0.6589415326715851,0.03555904415728337,0.07226525883179513,0.03555904415728337,0,100
A_well_specified,100,46,input_dependent_nonordinal,0,215,0.9162790697674419,1.3953488372093024,1.3953488372093024,0,0.4383369105836864,0.02415757899032061,0.07295505913591022,0.02415757899032061,0,100
A_well_specified,100,46,input_dependent_nonordinal,1,1207,0.8914664457332229,1.8458989229494616,1.8458989229494616,0,0.5240862342994848,0.03588489765538089,-0.013252266428178394,0.03588489765538089,0,100
A_well_specified,100,46,input_dependent_nonordinal,4,1180,0.9169491525423729,1.6322033898305084,1.6322033898305084,0,0.7419481589934268,0.0462551867854554,0.04191028837815158,0.0462551867854554,0,100
A_well_specified,100,46,input_dependent_nonordinal,2,1234,0.9116693679092382,2.1021069692058347,2.1021069692058347,0,0.626506616218742,0.04018595129823799,-0.01187574951170578,0.04018595129823799,0,100
A_well_specified,100,46,input_dependent_ordinal,3,1164,0.9278350515463918,2.093642611683849,2.093642611683849,0,0.6653982366375597,0.040588707108969675,0.06548369308788415,0.040588707108969675,0,100
A_well_specified,100,46,input_dependent_ordinal,0,215,0.9069767441860465,1.3813953488372093,1.3813953488372093,0,0.46783309369422615,0.03126547282025691,0.04113344558341936,0.03126547282025691,0,100
A_well_specified,100,46,input_dependent_ordinal,1,1207,0.8898094449047225,1.8384424192212097,1.8384424192212097,0,0.5301142680447323,0.03350388574188237,-0.02066094261230822,0.03350388574188237,0,100
A_well_specified,100,46,input_dependent_ordinal,4,1180,0.9161016949152543,1.6254237288135593,1.6254237288135593,0,0.7466853078628047,0.043454079994947735,0.031786327976182416,0.043454079994947735,0,100
A_well_specified,100,46,input_dependent_ordinal,2,1234,0.9100486223662885,2.0907617504051865,2.0907617504051865,0,0.6030218433780068,0.038341794232448975,0.008308648016885911,0.038341794232448975,0,100
A_well_specified,100,47,independent_mondrian,1,1191,0.9118387909319899,1.7363560033585224,1.7363560033585224,0,0.0,0.0,0.5861602330870013,0.0,0,100
A_well_specified,100,47,independent_mondrian,4,1199,0.8440366972477065,1.5871559633027523,1.5871559633027523,0,0.0,0.0,0.6777079270085898,0.0,0,100
A_well_specified,100,47,independent_mondrian,2,1133,0.8764342453662842,2.113857016769638,2.113857016769638,0,0.0,0.0,0.5496124510315763,0.0,0,100
A_well_specified,100,47,independent_mondrian,3,1220,0.9163934426229509,1.9868852459016393,1.9868852459016393,0,0.0,0.0,0.7379834642197566,0.0,0,100
A_well_specified,100,47,independent_mondrian,0,257,0.9105058365758755,1.4007782101167314,1.4007782101167314,0,0.0,0.0,0.46099048757476385,0.0,0,100
A_well_specified,100,47,ordinal_cluster,1,1191,0.8774139378673383,1.8261964735516374,1.8261964735516374,0,0.0,0.0,0.525389610454182,0.0,0,100
A_well_specified,100,47,ordinal_cluster,4,1199,0.859883236030025,1.548790658882402,1.548790658882402,0,0.0,0.0,0.7142243291158958,0.0,0,100
A_well_specified,100,47,ordinal_cluster,2,1133,0.9011473962930273,1.9779346866725507,1.9779346866725507,0,0.0,0.0,0.6049830910897755,0.0,0,100
A_well_specified,100,47,ordinal_cluster,3,1220,0.8836065573770492,2.040983606557377,2.040983606557377,0,0.0,0.0,0.6501229926004842,0.0,0,100
A_well_specified,100,47,ordinal_cluster,0,257,0.9455252918287937,1.3424124513618676,1.3424124513618676,0,0.0,0.0,0.524116558896022,0.0,0,100
A_well_specified,100,47,input_dependent_nonordinal,1,1191,0.9193954659949622,1.7867338371116708,1.7867338371116708,0,0.5120950463586296,0.022764450531101824,0.045006910700815805,0.022764450531101824,0,100
A_well_specified,100,47,input_dependent_nonordinal,4,1199,0.8665554628857381,1.5504587155963303,1.5504587155963303,0,0.7348484824581968,0.033685953865380244,-0.036291844500279224,0.033685953865380244,0,100
A_well_specified,100,47,input_dependent_nonordinal,2,1133,0.913503971756399,2.0361871138570167,2.0361871138570167,0,0.6259921159505467,0.04428943097861329,-0.023108568138287433,0.04428943097861329,0,100
A_well_specified,100,47,input_dependent_nonordinal,3,1220,0.8975409836065574,1.9918032786885247,1.9918032786885247,0,0.6976743176639347,0.05012471151601155,-0.00848494886793738,0.05012471151601155,0,100
A_well_specified,100,47,input_dependent_nonordinal,0,257,0.9299610894941635,1.3929961089494163,1.3929961089494163,0,0.4442595789900586,0.026487991598076382,0.015579425507652678,0.026487991598076382,0,100
A_well_specified,100,47,input_dependent_ordinal,1,1191,0.926112510495382,1.764063811922754,1.764063811922754,0,0.5250365687505735,0.029281295394677668,0.04527608838772473,0.029281295394677668,0,100
A_well_specified,100,47,input_dependent_ordinal,4,1199,0.8657214345287739,1.5454545454545454,1.5454545454545454,0,0.7508844565405165,0.04247887218627555,-0.046486370366319196,0.04247887218627555,0,100
A_well_specified,100,47,input_dependent_ordinal,2,1133,0.9011473962930273,2.037952338923213,2.037952338923213,0,0.6034291101969856,0.03637230187986297,-0.02852739414493244,0.03637230187986297,0,100
A_well_specified,100,47,input_dependent_ordinal,3,1220,0.9049180327868852,1.9868852459016393,1.9868852459016393,0,0.6853329212938045,0.03887612193717829,0.0008484508630368093,0.03887612193717829,0,100
A_well_specified,100,47,input_dependent_ordinal,0,257,0.9260700389105059,1.4007782101167314,1.4007782101167314,0,0.4589971745313833,0.025052222505652397,-0.0030229099115915425,0.025052222505652397,0,100
A_well_specified,100,48,independent_mondrian,4,1201,0.922564529558701,1.6761032472939217,1.6761032472939217,0,0.0,0.0,0.8835298353390161,0.0,0,100
A_well_specified,100,48,independent_mondrian,2,1209,0.9197684036393714,2.2398676592224978,2.2398676592224978,0,0.0,0.0,0.6848482401013356,0.0,0,100
A_well_specified,100,48,independent_mondrian,3,1180,0.8788135593220339,2.3067796610169493,2.3067796610169493,0,0.0,0.0,0.6912803366972136,0.0,0,100
A_well_specified,100,48,independent_mondrian,1,1169,0.9204448246364414,2.04704875962361,2.04704875962361,0,0.0,0.0,0.5931498796966437,0.0,0,100
A_well_specified,100,48,independent_mondrian,0,241,0.950207468879668,1.5186721991701244,1.5186721991701244,0,0.0,0.0,0.5676505709310814,0.0,0,100
A_well_specified,100,48,ordinal_cluster,4,1201,0.8900915903413822,1.6927560366361365,1.6927560366361365,0,0.0,0.0,0.7784661281541286,0.0,0,100
A_well_specified,100,48,ordinal_cluster,2,1209,0.9032258064516129,2.246484698097601,2.246484698097601,0,0.0,0.0,0.6365542568218558,0.0,0,100
A_well_specified,100,48,ordinal_cluster,3,1180,0.9084745762711864,2.2033898305084745,2.2033898305084745,0,0.0,0.0,0.7584125652249682,0.0,0,100
A_well_specified,100,48,ordinal_cluster,1,1169,0.9221556886227545,2.018819503849444,2.018819503849444,0,0.0,0.0,0.594140026132029,0.0,0,100
A_well_specified,100,48,ordinal_cluster,0,241,0.9543568464730291,1.5145228215767634,1.5145228215767634,0,0.0,0.0,0.5738486291651649,0.0,0,100
A_well_specified,100,48,input_dependent_nonordinal,4,1201,0.925895087427144,1.575353871773522,1.575353871773522,0,0.7688086616936873,0.05914117676864924,0.047428008663947474,0.05914117676864924,0,100
A_well_specified,100,48,input_dependent_nonordinal,2,1209,0.9057071960297767,1.977667493796526,1.977667493796526,0,0.5962163577468154,0.03443125691658917,0.02259984754739397,0.03443125691658917,0,100
A_well_specified,100,48,input_dependent_nonordinal,3,1180,0.8423728813559322,2.0728813559322035,2.0728813559322035,0,0.6624565071133951,0.03848358259535921,-0.04688673329398996,0.03848358259535921,0,100
A_well_specified,100,48,input_dependent_nonordinal,1,1169,0.8973481608212147,1.7989734816082121,1.7989734816082121,0,0.5305584142022899,0.034950433809795095,-0.010010680280994277,0.034950433809795095,0,100
A_well_specified,100,48,input_dependent_nonordinal,0,241,0.9253112033195021,1.3319502074688796,1.3319502074688796,0,0.41525175216089677,0.03976026472625875,0.04510195559912655,0.03976026472625875,0,100
A_well_specified,100,48,input_dependent_ordinal,4,1201,0.9300582847626978,1.5870108243130725,1.5870108243130725,0,0.7589419018098889,0.05181359372829956,0.06849761142812083,0.05181359372829956,0,100
A_well_specified,100,48,input_dependent_ordinal,2,1209,0.9106699751861043,1.9851116625310175,1.9851116625310175,0,0.5977848654897453,0.03897406073050121,0.029990697866660476,0.03897406073050121,0,100
A_well_specified,100,48,input_dependent_ordinal,3,1180,0.8440677966101695,2.0966101694915253,2.0966101694915253,0,0.6757838708114199,0.04322709191134046,-0.052515912303723655,0.04322709191134046,0,100
A_well_specified,100,48,input_dependent_ordinal,1,1169,0.9016253207869974,1.8135158254918733,1.8135158254918733,0,0.5227567085412806,0.03342605235194855,0.00015333901366243463,0.03342605235194855,0,100
A_well_specified,100,48,input_dependent_ordinal,0,241,0.9377593360995851,1.3609958506224067,1.3609958506224067,0,0.43000686886671413,0.02840618645231449,0.03695390338292348,0.02840618645231449,0,100
A_well_specified,100,49,independent_mondrian,0,238,0.8865546218487395,1.4663865546218486,1.4663865546218486,0,0.0,0.0,0.49759996656670097,0.0,0,100
A_well_specified,100,49,independent_mondrian,4,1250,0.9048,1.5168,1.5168,0,0.0,0.0,0.8134447545116124,0.0,0,100
A_well_specified,100,49,independent_mondrian,2,1196,0.8929765886287625,2.061036789297659,2.061036789297659,0,0.0,0.0,0.6042020289542468,0.0,0,100
A_well_specified,100,49,independent_mondrian,1,1134,0.9038800705467372,1.8209876543209877,1.8209876543209877,0,0.0,0.0,0.593209472660614,0.0,0,100
A_well_specified,100,49,independent_mondrian,3,1182,0.8544839255499154,2.1472081218274113,2.1472081218274113,0,0.0,0.0,0.6047408719466636,0.0,0,100
A_well_specified,100,49,ordinal_cluster,0,238,0.9201680672268907,1.453781512605042,1.453781512605042,0,0.0,0.0,0.5655454092820481,0.0,0,100
A_well_specified,100,49,ordinal_cluster,4,1250,0.8624,1.5392,1.5392,0,0.0,0.0,0.6941084870207833,0.0,0,100
A_well_specified,100,49,ordinal_cluster,2,1196,0.887123745819398,2.0911371237458196,2.0911371237458196,0,0.0,0.0,0.5974479548605603,0.0,0,100
A_well_specified,100,49,ordinal_cluster,1,1134,0.8985890652557319,1.9047619047619047,1.9047619047619047,0,0.0,0.0,0.5791310610912908,0.0,0,100
A_well_specified,100,49,ordinal_cluster,3,1182,0.8883248730964467,2.0558375634517767,2.0558375634517767,0,0.0,0.0,0.6778987803659703,0.0,0,100
A_well_specified,100,49,input_dependent_nonordinal,0,238,0.9243697478991597,1.4453781512605042,1.4453781512605042,0,0.4584139773599645,0.020757397792608132,0.03466707210949166,0.020757397792608132,0,100
A_well_specified,100,49,input_dependent_nonordinal,4,1250,0.9264,1.5704,1.5704,0,0.7848968439552835,0.049949649902833466,0.028060630966814326,0.049949649902833466,0,100
A_well_specified,100,49,input_dependent_nonordinal,2,1196,0.8837792642140468,2.0250836120401337,2.0250836120401337,0,0.5695411846180688,0.026022057329390943,-0.003377262530911307,0.026022057329390943,0,100
A_well_specified,100,49,input_dependent_nonordinal,1,1134,0.9470899470899471,1.8095238095238095,1.8095238095238095,0,0.5421345386080043,0.034907512717903,0.06385828313469444,0.034907512717903,0,100
A_well_specified,100,49,input_dependent_nonordinal,3,1182,0.8934010152284264,2.0879864636209815,2.0879864636209815,0,0.6554026711160931,0.03963404342384053,0.010033077103015708,0.03963404342384053,0,100
A_well_specified,100,49,input_dependent_ordinal,0,238,0.9243697478991597,1.4411764705882353,1.4411764705882353,0,0.4488428981770958,0.02383301155503231,0.05109887329202212,0.02383301155503231,0,100
A_well_specified,100,49,input_dependent_ordinal,4,1250,0.9288,1.5728,1.5728,0,0.7606748979522823,0.04676716839629057,0.05281983969900217,0.04676716839629057,0,100
A_well_specified,100,49,input_dependent_ordinal,2,1196,0.8762541806020067,2.0133779264214047,2.0133779264214047,0,0.5887820320163446,0.03447328557535859,-0.025851433208733066,0.03447328557535859,0,100
A_well_specified,100,49,input_dependent_ordinal,1,1134,0.9444444444444444,1.810405643738977,1.810405643738977,0,0.5230510339492089,0.028283179386240212,0.07463709148015618,0.028283179386240212,0,100
A_well_specified,100,49,input_dependent_ordinal,3,1182,0.8934010152284264,2.087140439932318,2.087140439932318,0,0.6802225299286672,0.03976873546223033,-0.014605142832026963,0.03976873546223033,0,100
A_well_specified,50,0,independent_mondrian,3,1215,0.8748971193415638,2.2839506172839505,2.2839506172839505,0,0.0,0.0,0.6902443199871,0.0,0,100
A_well_specified,50,0,independent_mondrian,4,1184,0.9045608108108109,1.587837837837838,1.587837837837838,0,0.0,0.0,0.8136347690571805,0.0,0,100
A_well_specified,50,0,independent_mondrian,1,1166,0.9125214408233276,2.186106346483705,2.186106346483705,0,0.0,0.0,0.5965226428041295,0.0,0,100
A_well_specified,50,0,independent_mondrian,2,1178,0.9210526315789473,2.2275042444821733,2.2275042444821733,0,0.0,0.0,0.7000308470860787,0.0,0,100
A_well_specified,50,0,independent_mondrian,0,257,0.9455252918287937,1.4552529182879377,1.4552529182879377,0,0.0,0.0,0.6319223813161221,0.0,0,50
A_well_specified,50,0,ordinal_cluster,3,1215,0.8897119341563786,2.180246913580247,2.180246913580247,0,0.0,0.0,0.7152626033265953,0.0,0,100
A_well_specified,50,0,ordinal_cluster,4,1184,0.870777027027027,1.5692567567567568,1.5692567567567568,0,0.0,0.0,0.7356515404036309,0.0,0,100
A_well_specified,50,0,ordinal_cluster,1,1166,0.934819897084048,2.1080617495711835,2.1080617495711835,0,0.0,0.0,0.6404103619588445,0.0,0,100
A_well_specified,50,0,ordinal_cluster,2,1178,0.9040747028862479,2.2529711375212225,2.2529711375212225,0,0.0,0.0,0.6469070756903876,0.0,0,100
A_well_specified,50,0,ordinal_cluster,0,257,0.9299610894941635,1.4863813229571985,1.4863813229571985,0,0.0,0.0,0.6082821184272573,0.0,0,50
A_well_specified,50,0,input_dependent_nonordinal,3,1215,0.8930041152263375,2.05679012345679,2.05679012345679,0,0.6278846910866734,0.03660624364860216,0.03870302449151508,0.03660624364860216,0,100
A_well_specified,50,0,input_dependent_nonordinal,4,1184,0.8986486486486487,1.5363175675675675,1.5363175675675675,0,0.7462031229820312,0.054183347386946495,0.025556076952207296,0.054183347386946495,0,100
A_well_specified,50,0,input_dependent_nonordinal,1,1166,0.8602058319039451,1.846483704974271,1.846483704974271,0,0.5133568735781865,0.027840200064827618,-0.036511837693385785,0.027840200064827618,0,100
A_well_specified,50,0,input_dependent_nonordinal,2,1178,0.9286926994906621,2.0517826825127337,2.0517826825127337,0,0.6070756704853865,0.03792712769552844,0.048406672222262026,0.03792712769552844,0,100
A_well_specified,50,0,input_dependent_nonordinal,0,257,0.9571984435797666,1.3346303501945525,1.3346303501945525,0,0.48602849358812833,0.04058021106010253,0.07880477010644837,0.04058021106010253,0,50
A_well_specified,50,0,input_dependent_ordinal,3,1215,0.891358024691358,2.065843621399177,2.065843621399177,0,0.656658812423481,0.04215239326890785,0.0063491468410217244,0.04215239326890785,0,100
A_well_specified,50,0,input_dependent_ordinal,4,1184,0.90625,1.537162162162162,1.537162162162162,0,0.7277759461177014,0.0494487340572855,0.05242387674604454,0.0494487340572855,0,100
A_well_specified,50,0,input_dependent_ordinal,1,1166,0.8730703259005146,1.8567753001715266,1.8567753001715266,0,0.5159548529119405,0.031212444973928763,-0.026233956824895044,0.031212444973928763,0,100
A_well_specified,50,0,input_dependent_ordinal,2,1178,0.931239388794567,2.044142614601019,2.044142614601019,0,0.6009148010932389,0.03575739071842806,0.05402318319803656,0.03575739071842806,0,100
A_well_specified,50,0,input_dependent_ordinal,0,257,0.9610894941634242,1.3579766536964981,1.3579766536964981,0,0.45382590343028917,0.02547218671289275,0.10067747743213559,0.02547218671289275,0,50
A_well_specified,50,1,independent_mondrian,3,1166,0.8670668953687821,2.0891938250428814,2.0891938250428814,0,0.0,0.0,0.6299686241738678,0.0,0,100
A_well_specified,50,1,independent_mondrian,4,1124,0.8816725978647687,1.4937722419928825,1.4937722419928825,0,0.0,0.0,0.7087182598239157,0.0,0,100
A_well_specified,50,1,independent_mondrian,2,1254,0.9154704944178629,1.9625199362041468,1.9625199362041468,0,0.0,0.0,0.6602640611623817,0.0,0,100
A_well_specified,50,1,independent_mondrian,0,258,0.875968992248062,1.310077519379845,1.310077519379845,0,0.0,0.0,0.42872185397417506,0.0,0,50
A_well_specified,50,1,independent_mondrian,1,1198,0.8806343906510852,1.7787979966611018,1.7787979966611018,0,0.0,0.0,0.5275346552986983,0.0,0,100
A_well_specified,50,1,ordinal_cluster,3,1166,0.8807890222984562,2.006861063464837,2.006861063464837,0,0.0,0.0,0.6622706837402403,0.0,0,100
A_well_specified,50,1,ordinal_cluster,4,1124,0.8674377224199288,1.5,1.5,0,0.0,0.0,0.6649793923380682,0.0,0,100
A_well_specified,50,1,ordinal_cluster,2,1254,0.8947368421052632,2.0374800637958534,2.0374800637958534,0,0.0,0.0,0.6101787026075004,0.0,0,100
A_well_specified,50,1,ordinal_cluster,0,258,0.9147286821705426,1.434108527131783,1.434108527131783,0,0.0,0.0,0.5001883663006461,0.0,0,50
A_well_specified,50,1,ordinal_cluster,1,1198,0.8956594323873122,1.8180300500834725,1.8180300500834725,0,0.0,0.0,0.5683083392082804,0.0,0,100
A_well_specified,50,1,input_dependent_nonordinal,3,1166,0.8533447684391081,1.9099485420240137,1.9099485420240137,0,0.6966616420885793,0.04225086489769208,-0.07144257211844857,0.04225086489769208,0,100
A_well_specified,50,1,input_dependent_nonordinal,4,1124,0.8852313167259787,1.451067615658363,1.451067615658363,0,0.7398836931210223,0.048784351620871295,-0.042164415115389264,0.048784351620871295,0,100
A_well_specified,50,1,input_dependent_nonordinal,2,1254,0.9043062200956937,1.8931419457735248,1.8931419457735248,0,0.618347845934593,0.042191407822533895,-0.02278753215577556,0.042191407822533895,0,100
A_well_specified,50,1,input_dependent_nonordinal,0,258,0.9457364341085271,1.3294573643410852,1.3294573643410852,0,0.44024274597329205,0.03533867129220072,0.0720643522497173,0.03533867129220072,0,50
A_well_specified,50,1,input_dependent_nonordinal,1,1198,0.8589315525876461,1.7696160267111853,1.7696160267111853,0,0.548845180701836,0.030159331245243042,-0.07346349616489484,0.030159331245243042,0,100
A_well_specified,50,1,input_dependent_ordinal,3,1166,0.8550600343053173,1.91852487135506,1.91852487135506,0,0.6878203302817978,0.04272008262715865,-0.061928508135943416,0.04272008262715865,0,100
A_well_specified,50,1,input_dependent_ordinal,4,1124,0.8825622775800712,1.445729537366548,1.445729537366548,0,0.7463852389115312,0.04950432012059522,-0.049232804566806454,0.04950432012059522,0,100
A_well_specified,50,1,input_dependent_ordinal,2,1254,0.905103668261563,1.8899521531100478,1.8899521531100478,0,0.6171267396350082,0.038052692880444286,-0.025264341175290528,0.038052692880444286,0,100
A_well_specified,50,1,input_dependent_ordinal,0,258,0.9457364341085271,1.321705426356589,1.321705426356589,0,0.4556282841850421,0.02778096414741942,0.04005254253227486,0.02778096414741942,0,50
A_well_specified,50,1,input_dependent_ordinal,1,1198,0.8622704507512521,1.7437395659432386,1.7437395659432386,0,0.5500492596313589,0.034654440343932794,-0.06519607375242942,0.034654440343932794,0,100
A_well_specified,50,2,independent_mondrian,3,1218,0.9072249589490968,2.2241379310344827,2.2241379310344827,0,0.0,0.0,0.714612324245018,0.0,0,100
A_well_specified,50,2,independent_mondrian,4,1131,0.8894783377541998,1.592396109637489,1.592396109637489,0,0.0,0.0,0.7189847661738118,0.0,0,100
A_well_specified,50,2,independent_mondrian,2,1185,0.8877637130801688,2.329113924050633,2.329113924050633,0,0.0,0.0,0.6369669280100277,0.0,0,100
A_well_specified,50,2,independent_mondrian,1,1204,0.9642857142857143,1.893687707641196,1.893687707641196,0,0.0,0.0,0.7813299476671373,0.0,0,100
A_well_specified,50,2,independent_mondrian,0,262,0.8549618320610687,1.6755725190839694,1.6755725190839694,0,0.0,0.0,0.4396784879506353,0.0,0,50
A_well_specified,50,2,ordinal_cluster,3,1218,0.8916256157635468,2.1986863711001643,2.1986863711001643,0,0.0,0.0,0.6820530738025284,0.0,0,100
A_well_specified,50,2,ordinal_cluster,4,1131,0.887709991158267,1.5676392572944298,1.5676392572944298,0,0.0,0.0,0.7165464233289239,0.0,0,100
A_well_specified,50,2,ordinal_cluster,2,1185,0.9113924050632911,2.1966244725738395,2.1966244725738395,0,0.0,0.0,0.6820530738025284,0.0,0,100
A_well_specified,50,2,ordinal_cluster,1,1204,0.9269102990033222,2.2200996677740865,2.2200996677740865,0,0.0,0.0,0.6376819244158514,0.0,0,100
A_well_specified,50,2,ordinal_cluster,0,262,0.9427480916030534,1.5725190839694656,1.5725190839694656,0,0.0,0.0,0.6721434597832897,0.0,0,50
A_well_specified,50,2,input_dependent_nonordinal,3,1218,0.8809523809523809,2.0730706075533663,2.0730706075533663,0,0.7185328160660587,0.055353393275730016,-0.05817896915721077,0.055353393275730016,0,100
A_well_specified,50,2,input_dependent_nonordinal,4,1131,0.8947833775419982,1.5083996463306808,1.5083996463306808,0,0.730263987940659,0.053253625562450196,-0.0038789411230443216,0.053253625562450196,0,100
A_well_specified,50,2,input_dependent_nonordinal,2,1185,0.9113924050632911,2.0658227848101265,2.0658227848101265,0,0.5891174818225217,0.03323793460626743,0.04137500910927655,0.03323793460626743,0,100
A_well_specified,50,2,input_dependent_nonordinal,1,1204,0.9568106312292359,1.8471760797342194,1.8471760797342194,0,0.5359194733797429,0.038879558669430096,0.10454806184512389,0.038879558669430096,0,100
A_well_specified,50,2,input_dependent_nonordinal,0,262,0.8778625954198473,1.450381679389313,1.450381679389313,0,0.4549580337763476,0.03379630736415307,-0.023936075563809167,0.03379630736415307,0,50
A_well_specified,50,2,input_dependent_ordinal,3,1218,0.8801313628899836,2.083743842364532,2.083743842364532,0,0.6883660212519866,0.04945812272969294,-0.034708059678832004,0.04945812272969294,0,100
A_well_specified,50,2,input_dependent_ordinal,4,1131,0.8947833775419982,1.5163572060123784,1.5163572060123784,0,0.7430340393188559,0.053533948291260756,-0.01714520024067434,0.053533948291260756,0,100
A_well_specified,50,2,input_dependent_ordinal,2,1185,0.9189873417721519,2.071729957805907,2.071729957805907,0,0.6051512806151746,0.040679522191989864,0.04757382703823132,0.040679522191989864,0,100
A_well_specified,50,2,input_dependent_ordinal,1,1204,0.9568106312292359,1.8687707641196014,1.8687707641196014,0,0.5337830217610056,0.03564118884839827,0.10803237124470544,0.03564118884839828,0,100
A_well_specified,50,2,input_dependent_ordinal,0,262,0.8854961832061069,1.4770992366412214,1.4770992366412214,0,0.4567677242446214,0.03233580962658231,-0.019577498347501887,0.03233580962658231,0,50
A_well_specified,50,3,independent_mondrian,4,1188,0.8375420875420876,1.617003367003367,1.617003367003367,0,0.0,0.0,0.666720637994149,0.0,0,100
A_well_specified,50,3,independent_mondrian,3,1164,0.9278350515463918,1.9982817869415808,1.9982817869415808,0,0.0,0.0,0.8327373916656253,0.0,0,100
A_well_specified,50,3,independent_mondrian,2,1211,0.838150289017341,2.2047894302229563,2.2047894302229563,0,0.0,0.0,0.5255939485926092,0.0,0,100
A_well_specified,50,3,independent_mondrian,1,1204,0.9028239202657807,1.920265780730897,1.920265780730897,0,0.0,0.0,0.5750245056311319,0.0,0,100
A_well_specified,50,3,independent_mondrian,0,233,0.9313304721030042,1.4678111587982832,1.4678111587982832,0,0.0,0.0,0.6131481244961041,0.0,0,50
A_well_specified,50,3,ordinal_cluster,4,1188,0.8838383838383839,1.5681818181818181,1.5681818181818181,0,0.0,0.0,0.7653046555911188,0.0,0,100
A_well_specified,50,3,ordinal_cluster,3,1164,0.8694158075601375,2.1649484536082473,2.1649484536082473,0,0.0,0.0,0.6742703792721869,0.0,0,100
A_well_specified,50,3,ordinal_cluster,2,1211,0.9050371593724195,2.125516102394715,2.125516102394715,0,0.0,0.0,0.6618794195788181,0.0,0,100
A_well_specified,50,3,ordinal_cluster,1,1204,0.9003322259136213,2.0622923588039868,2.0622923588039868,0,0.0,0.0,0.5689832157312135,0.0,0,100
A_well_specified,50,3,ordinal_cluster,0,233,0.9313304721030042,1.4763948497854078,1.4763948497854078,0,0.0,0.0,0.5984663039811368,0.0,0,50
A_well_specified,50,3,input_dependent_nonordinal,4,1188,0.867003367003367,1.5336700336700337,1.5336700336700337,0,0.7302245334262976,0.040327119936962696,-0.03422787757306578,0.040327119936962696,0,100
A_well_specified,50,3,input_dependent_nonordinal,3,1164,0.915807560137457,1.981958762886598,1.981958762886598,0,0.6800188061557206,0.04021548396165806,0.04639161107995565,0.04021548396165806,0,100
A_well_specified,50,3,input_dependent_nonordinal,2,1211,0.8497109826589595,2.0107349298100745,2.0107349298100745,0,0.6194082018599306,0.040664886674906364,-0.07824172558453146,0.040664886674906364,0,100
A_well_specified,50,3,input_dependent_nonordinal,1,1204,0.8978405315614618,1.7956810631229236,1.7956810631229236,0,0.5220775885727846,0.023268527019512517,-0.00362822663868545,0.023268527019512517,0,100
A_well_specified,50,3,input_dependent_nonordinal,0,233,0.944206008583691,1.3648068669527897,1.3648068669527897,0,0.45574461514283193,0.02902341267348302,0.10899898146216724,0.02902341267348302,0,50
A_well_specified,50,3,input_dependent_ordinal,4,1188,0.8611111111111112,1.5151515151515151,1.5151515151515151,0,0.7381192605366473,0.04422085464892635,-0.0481233858172484,0.04422085464892635,0,100
A_well_specified,50,3,input_dependent_ordinal,3,1164,0.9140893470790378,1.9673539518900343,1.9673539518900343,0,0.6767592846875947,0.03765689621251181,0.0432926568633904,0.03765689621251181,0,100
A_well_specified,50,3,input_dependent_ordinal,2,1211,0.8455821635012386,2.0074318744838977,2.0074318744838977,0,0.60397450318091,0.033230099076810314,-0.07060704637520698,0.033230099076810314,0,100
A_well_specified,50,3,input_dependent_ordinal,1,1204,0.8953488372093024,1.782392026578073,1.782392026578073,0,0.5271562073375826,0.02906116605142474,-0.006181113411918626,0.02906116605142474,0,100
A_well_specified,50,3,input_dependent_ordinal,0,233,0.944206008583691,1.3648068669527897,1.3648068669527897,0,0.4722679738386041,0.025693084560867874,0.09446933496664,0.025693084560867874,0,50
A_well_specified,50,4,independent_mondrian,1,1133,0.9196822594880847,1.883495145631068,1.883495145631068,0,0.0,0.0,0.5756638324835286,0.0,0,100
A_well_specified,50,4,independent_mondrian,4,1213,0.9225061830173125,1.5523495465787305,1.5523495465787305,0,0.0,0.0,0.8646678243190058,0.0,0,100
A_well_specified,50,4,independent_mondrian,2,1153,0.8993928881179531,2.113616652211622,2.113616652211622,0,0.0,0.0,0.6410113319309934,0.0,0,100
A_well_specified,50,4,independent_mondrian,3,1260,0.8492063492063492,2.2206349206349207,2.2206349206349207,0,0.0,0.0,0.6204819780571771,0.0,0,100
A_well_specified,50,4,independent_mondrian,0,241,0.9045643153526971,1.3775933609958506,1.3775933609958506,0,0.0,0.0,0.49365972264591457,0.0,0,50
A_well_specified,50,4,ordinal_cluster,1,1133,0.9214474845542807,1.9037952338923212,1.9037952338923212,0,0.0,0.0,0.5993669552542231,0.0,0,100
A_well_specified,50,4,ordinal_cluster,4,1213,0.8598516075845012,1.5243198680956307,1.5243198680956307,0,0.0,0.0,0.6927321861938797,0.0,0,100
A_well_specified,50,4,ordinal_cluster,2,1153,0.8863833477883781,2.0980052038161316,2.0980052038161316,0,0.0,0.0,0.6026081764382667,0.0,0,100
A_well_specified,50,4,ordinal_cluster,3,1260,0.8833333333333333,2.0579365079365077,2.0579365079365077,0,0.0,0.0,0.6752965130013638,0.0,0,100
A_well_specified,50,4,ordinal_cluster,0,241,0.921161825726141,1.4232365145228216,1.4232365145228216,0,0.0,0.0,0.5393347549759565,0.0,0,50
A_well_specified,50,4,input_dependent_nonordinal,1,1133,0.9046778464254193,1.849073256840247,1.849073256840247,0,0.52280201505249,0.030959651398231494,0.004659251530968356,0.030959651398231494,0,100
A_well_specified,50,4,input_dependent_nonordinal,4,1213,0.875515251442704,1.5523495465787305,1.5523495465787305,0,0.7852936343996233,0.05143574356492941,-0.07799790979697041,0.05143574356492941,0,100
A_well_specified,50,4,input_dependent_nonordinal,2,1153,0.9210754553339116,2.06764960971379,2.06764960971379,0,0.6218671560701062,0.03982673431777923,0.004755697964016203,0.03982673431777923,0,100
A_well_specified,50,4,input_dependent_nonordinal,3,1260,0.9214285714285714,1.9873015873015873,1.9873015873015873,0,0.671120828007312,0.04237692178974803,0.03140928427401357,0.04237692178974803,0,100
A_well_specified,50,4,input_dependent_nonordinal,0,241,0.9377593360995851,1.3402489626556016,1.3402489626556016,0,0.4731147395189752,0.025009910896595516,0.03158207322318407,0.025009910896595516,0,50
A_well_specified,50,4,input_dependent_ordinal,1,1133,0.9029126213592233,1.853486319505737,1.853486319505737,0,0.531815016526841,0.031630605197125815,-0.006072618401284702,0.031630605197125815,0,100
A_well_specified,50,4,input_dependent_ordinal,4,1213,0.875515251442704,1.549876339653751,1.549876339653751,0,0.7730881393540733,0.051367658186643544,-0.06584738273265045,0.051367658186643544,0,100
A_well_specified,50,4,input_dependent_ordinal,2,1153,0.9297484822202949,2.0737207285342585,2.0737207285342585,0,0.6122829355343926,0.03631385790066041,0.023731233320938627,0.03631385790066041,0,100
A_well_specified,50,4,input_dependent_ordinal,3,1260,0.9206349206349206,1.9936507936507937,1.9936507936507937,0,0.6906189470477531,0.044583427637652745,0.011360256839894167,0.044583427637652745,0,100
A_well_specified,50,4,input_dependent_ordinal,0,241,0.9336099585062241,1.3319502074688796,1.3319502074688796,0,0.4412263059158189,0.027389396789526982,0.053569877279528,0.027389396789526982,0,50
A_well_specified,50,5,independent_mondrian,1,1197,0.8847117794486216,2.2155388471177946,2.2155388471177946,0,0.0,0.0,0.5374400568763636,0.0,0,100
A_well_specified,50,5,independent_mondrian,2,1223,0.9215044971381848,2.2281275551921507,2.2281275551921507,0,0.0,0.0,0.7087059566680061,0.0,0,100
A_well_specified,50,5,independent_mondrian,4,1159,0.9154443485763589,1.6893874029335634,1.6893874029335634,0,0.0,0.0,0.831570105314629,0.0,0,100
A_well_specified,50,5,independent_mondrian,3,1188,0.914983164983165,2.303872053872054,2.303872053872054,0,0.0,0.0,0.7414767142638581,0.0,0,100
A_well_specified,50,5,independent_mondrian,0,233,0.9742489270386266,1.3948497854077253,1.3948497854077253,0,0.0,0.0,0.6764457221630849,0.0,0,50
A_well_specified,50,5,ordinal_cluster,1,1197,0.9331662489557226,2.056808688387636,2.056808688387636,0,0.0,0.0,0.6448574831392798,0.0,0,100
A_well_specified,50,5,ordinal_cluster,2,1223,0.9182338511856092,2.285363859362224,2.285363859362224,0,0.0,0.0,0.6883729592407494,0.0,0,100
A_well_specified,50,5,ordinal_cluster,4,1159,0.8947368421052632,1.6738567730802416,1.6738567730802416,0,0.0,0.0,0.7614008340741537,0.0,0,100
A_well_specified,50,5,ordinal_cluster,3,1188,0.9183501683501684,2.260942760942761,2.260942760942761,0,0.0,0.0,0.7511841779693758,0.0,0,100
A_well_specified,50,5,ordinal_cluster,0,233,0.927038626609442,1.5493562231759657,1.5493562231759657,0,0.0,0.0,0.5441048664941709,0.0,0,50
A_well_specified,50,5,input_dependent_nonordinal,1,1197,0.8145363408521303,1.8111946532999164,1.8111946532999164,0,0.5241198119266952,0.026003602826434262,-0.08174772140658482,0.026003602826434262,0,100
A_well_specified,50,5,input_dependent_nonordinal,2,1223,0.910874897792314,2.062959934587081,2.062959934587081,0,0.6026979860081983,0.03779005987143805,-0.0007664343892099246,0.03779005987143805,0,100
A_well_specified,50,5,input_dependent_nonordinal,4,1159,0.9249352890422778,1.6600517687661778,1.6600517687661778,0,0.7495387368741279,0.05312067654276805,0.07117424610938727,0.05312067654276805,0,100
A_well_specified,50,5,input_dependent_nonordinal,3,1188,0.9393939393939394,2.080808080808081,2.080808080808081,0,0.6548120922207498,0.04868824133747823,0.10504546018637245,0.04868824133747823,0,100
A_well_specified,50,5,input_dependent_nonordinal,0,233,0.944206008583691,1.2875536480686696,1.2875536480686696,0,0.49341727043288436,0.04322665221586104,0.053318730332554076,0.04322665221586104,0,50
A_well_specified,50,5,input_dependent_ordinal,1,1197,0.8279030910609858,1.8011695906432748,1.8011695906432748,0,0.5302502432719478,0.03060293749282366,-0.0753207269233846,0.03060293749282366,0,100
A_well_specified,50,5,input_dependent_ordinal,2,1223,0.910874897792314,2.0572363041700736,2.0572363041700736,0,0.5999512407496327,0.03905756605684792,0.001755648722819192,0.03905756605684792,0,100
A_well_specified,50,5,input_dependent_ordinal,4,1159,0.9266609145815358,1.6566005176876617,1.6566005176876617,0,0.7401317342447099,0.05424905678327332,0.08425902540857927,0.05424905678327332,0,100
A_well_specified,50,5,input_dependent_ordinal,3,1188,0.936026936026936,2.074915824915825,2.074915824915825,0,0.6664218599956172,0.044490776485330855,0.07780896276077881,0.044490776485330855,0,100
A_well_specified,50,5,input_dependent_ordinal,0,233,0.9484978540772532,1.3090128755364807,1.3090128755364807,0,0.4603009174669855,0.025341275641765387,0.0780320534421502,0.025341275641765387,0,50
A_well_specified,50,6,independent_mondrian,2,1222,0.8600654664484452,2.1710310965630115,2.1710310965630115,0,0.0,0.0,0.5549436954100486,0.0,0,100
A_well_specified,50,6,independent_mondrian,1,1170,0.9076923076923077,2.0025641025641026,2.0025641025641026,0,0.0,0.0,0.5754242309256058,0.0,0,100
A_well_specified,50,6,independent_mondrian,3,1206,0.917910447761194,2,2,0,0.0,0.0,0.765657090191509,0.0,0,100
A_well_specified,50,6,independent_mondrian,0,254,0.937007874015748,1.4645669291338583,1.4645669291338583,0,0.0,0.0,0.6603200608762598,0.0,0,50
A_well_specified,50,6,independent_mondrian,4,1148,0.8432055749128919,1.5914634146341464,1.5914634146341464,0,0.0,0.0,0.6626374596520771,0.0,0,100
A_well_specified,50,6,ordinal_cluster,2,1222,0.9009819967266776,2.0711947626841245,2.0711947626841245,0,0.0,0.0,0.6313842857180391,0.0,0,100
A_well_specified,50,6,ordinal_cluster,1,1170,0.905982905982906,2.01025641025641,2.01025641025641,0,0.0,0.0,0.5721457475929138,0.0,0,100
A_well_specified,50,6,ordinal_cluster,3,1206,0.8698175787728026,2.067993366500829,2.067993366500829,0,0.0,0.0,0.6537869653001512,0.0,0,100
A_well_specified,50,6,ordinal_cluster,0,254,0.9094488188976378,1.4409448818897639,1.4409448818897639,0,0.0,0.0,0.6079124062286934,0.0,0,50
A_well_specified,50,6,ordinal_cluster,4,1148,0.8763066202090593,1.5540069686411149,1.5540069686411149,0,0.0,0.0,0.708229213813435,0.0,0,100
A_well_specified,50,6,input_dependent_nonordinal,2,1222,0.8895253682487725,2.1219312602291325,2.1219312602291325,0,0.6023723733444034,0.04710843581521452,-0.01571037745485626,0.04710843581521452,0,100
A_well_specified,50,6,input_dependent_nonordinal,1,1170,0.9435897435897436,1.8324786324786324,1.8324786324786324,0,0.5382855573403234,0.0405756654505196,0.0605775042807187,0.040575665450519605,0,100
A_well_specified,50,6,input_dependent_nonordinal,3,1206,0.9320066334991708,1.9751243781094527,1.9751243781094527,0,0.6565905620386546,0.03836827191174122,0.09472246477543023,0.03836827191174122,0,100
A_well_specified,50,6,input_dependent_nonordinal,0,254,0.9330708661417323,1.4409448818897639,1.4409448818897639,0,0.491633627617186,0.02963454334316877,0.03614070649582363,0.02963454334316877,0,50
A_well_specified,50,6,input_dependent_nonordinal,4,1148,0.8344947735191638,1.5714285714285714,1.5714285714285714,0,0.7641231303472055,0.04434975192866383,-0.11709826489720199,0.04434975192866383,0,100
A_well_specified,50,6,input_dependent_ordinal,2,1222,0.8887070376432079,2.11620294599018,2.11620294599018,0,0.606550286612192,0.04237606405531191,-0.02730828514072875,0.04237606405531191,0,100
A_well_specified,50,6,input_dependent_ordinal,1,1170,0.941025641025641,1.8444444444444446,1.8444444444444446,0,0.5293994224259172,0.03935395503515873,0.06464667369847626,0.03935395503515873,0,100
A_well_specified,50,6,input_dependent_ordinal,3,1206,0.9311774461028193,1.9651741293532339,1.9651741293532339,0,0.6821495637821899,0.04383029968259999,0.06585241442554035,0.04383029968259999,0,100
A_well_specified,50,6,input_dependent_ordinal,0,254,0.9330708661417323,1.4173228346456692,1.4173228346456692,0,0.4825148501987977,0.037060853890845326,0.05977520296543831,0.037060853890845326,0,50
A_well_specified,50,6,input_dependent_ordinal,4,1148,0.8336236933797909,1.5574912891986064,1.5574912891986064,0,0.745455823766082,0.04258791231857337,-0.10223716617943501,0.04258791231857337,0,100
A_well_specified,50,7,independent_mondrian,3,1226,0.8882544861337683,2.0889070146818924,2.0889070146818924,0,0.0,0.0,0.6715001565650689,0.0,0,100
A_well_specified,50,7,independent_mondrian,0,237,0.9113924050632911,1.4430379746835442,1.4430379746835442,0,0.0,0.0,0.5133334091070675,0.0,0,50
A_well_specified,50,7,independent_mondrian,2,1146,0.8726003490401396,2.167539267015707,2.167539267015707,0,0.0,0.0,0.5493814999108023,0.0,0,100
A_well_specified,50,7,independent_mondrian,4,1205,0.8995850622406639,1.5676348547717842,1.5676348547717842,0,0.0,0.0,0.7779222479241186,0.0,0,100
A_well_specified,50,7,independent_mondrian,1,1186,0.9342327150084317,1.7976391231028668,1.7976391231028668,0,0.0,0.0,0.6370677291041389,0.0,0,100
A_well_specified,50,7,ordinal_cluster,3,1226,0.8882544861337683,2.064437194127243,2.064437194127243,0,0.0,0.0,0.6715001565650689,0.0,0,100
A_well_specified,50,7,ordinal_cluster,0,237,0.9282700421940928,1.3080168776371308,1.3080168776371308,0,0.0,0.0,0.5714203393302985,0.0,0,50
A_well_specified,50,7,ordinal_cluster,2,1146,0.8987783595113438,2.0645724258289704,2.0645724258289704,0,0.0,0.0,0.5964258543626246,0.0,0,100
A_well_specified,50,7,ordinal_cluster,4,1205,0.8755186721991701,1.5510373443983403,1.5510373443983403,0,0.0,0.0,0.7278880850561686,0.0,0,100
A_well_specified,50,7,ordinal_cluster,1,1186,0.9005059021922428,1.9064080944350759,1.9064080944350759,0,0.0,0.0,0.5493814999108023,0.0,0,100
A_well_specified,50,7,input_dependent_nonordinal,3,1226,0.898042414355628,1.9453507340946166,1.9453507340946166,0,0.67084496657553,0.045778247243807677,0.010324928635270236,0.045778247243807677,0,100
A_well_specified,50,7,input_dependent_nonordinal,0,237,0.9367088607594937,1.2911392405063291,1.2911392405063291,0,0.4738032680512849,0.03175122411091616,0.028759048465228254,0.03175122411091616,0,50
A_well_specified,50,7,input_dependent_nonordinal,2,1146,0.8385689354275742,1.963350785340314,1.963350785340314,0,0.6121691382816774,0.03571310614009682,-0.10259881936131232,0.03571310614009682,0,100
A_well_specified,50,7,input_dependent_nonordinal,4,1205,0.8970954356846473,1.5360995850622408,1.5360995850622408,0,0.7344399690892353,0.042368543990295555,0.0035790838148762605,0.042368543990295555,0,100
A_well_specified,50,7,input_dependent_nonordinal,1,1186,0.9097807757166948,1.739460370994941,1.739460370994941,0,0.545582226749723,0.039943460693944756,-0.003925984800339677,0.039943460693944756,0,100
A_well_specified,50,7,input_dependent_ordinal,3,1226,0.9029363784665579,1.9567699836867862,1.9567699836867862,0,0.6765018823179091,0.041777734478109736,0.011235338908213599,0.041777734478109736,0,100
A_well_specified,50,7,input_dependent_ordinal,0,237,0.9324894514767933,1.2784810126582278,1.2784810126582278,0,0.47128381993019103,0.035465619870193955,0.03503625245961606,0.035465619870193955,0,50
A_well_specified,50,7,input_dependent_ordinal,2,1146,0.8429319371727748,1.9816753926701571,1.9816753926701571,0,0.6075010299367383,0.039602607611790394,-0.0906861028031693,0.039602607611790394,0,100
A_well_specified,50,7,input_dependent_ordinal,4,1205,0.8979253112033195,1.5435684647302905,1.5435684647302905,0,0.7321640913463792,0.04367826760209734,0.00854294471866901,0.04367826760209734,0,100
A_well_specified,50,7,input_dependent_ordinal,1,1186,0.9097807757166948,1.7596964586846544,1.7596964586846544,0,0.5476923756535661,0.03748122304635418,-0.0059770850569333955,0.03748122304635418,0,100
A_well_specified,50,8,independent_mondrian,2,1177,0.8564146134239592,2.0552251486830926,2.0552251486830926,0,0.0,0.0,0.5921395391519229,0.0,0,100
A_well_specified,50,8,independent_mondrian,4,1175,0.8851063829787233,1.5702127659574467,1.5702127659574467,0,0.0,0.0,0.7457855901939189,0.0,0,100
A_well_specified,50,8,independent_mondrian,1,1189,0.8906644238856182,1.767031118587048,1.767031118587048,0,0.0,0.0,0.5610891991771638,0.0,0,100
A_well_specified,50,8,independent_mondrian,3,1220,0.8918032786885246,2.098360655737705,2.098360655737705,0,0.0,0.0,0.6862206736235467,0.0,0,100
A_well_specified,50,8,independent_mondrian,0,239,0.8870292887029289,1.2677824267782427,1.2677824267782427,0,0.0,0.0,0.45357689389324324,0.0,0,50
A_well_specified,50,8,ordinal_cluster,2,1177,0.8589634664401019,2.109600679694138,2.109600679694138,0,0.0,0.0,0.5974395813704368,0.0,0,100
A_well_specified,50,8,ordinal_cluster,4,1175,0.8740425531914894,1.5795744680851065,1.5795744680851065,0,0.0,0.0,0.7202466310232908,0.0,0,100
A_well_specified,50,8,ordinal_cluster,1,1189,0.8940285954583683,1.8603868797308662,1.8603868797308662,0,0.0,0.0,0.5708426654069256,0.0,0,100
A_well_specified,50,8,ordinal_cluster,3,1220,0.8959016393442623,2.088524590163934,2.088524590163934,0,0.0,0.0,0.7027878642192895,0.0,0,100
A_well_specified,50,8,ordinal_cluster,0,239,0.9372384937238494,1.3472803347280335,1.3472803347280335,0,0.0,0.0,0.5281087887599482,0.0,0,50
A_well_specified,50,8,input_dependent_nonordinal,2,1177,0.897196261682243,2.1036533559898047,2.1036533559898047,0,0.5998011800239776,0.03195136004783568,0.019242903018683866,0.03195136004783568,0,100
A_well_specified,50,8,input_dependent_nonordinal,4,1175,0.865531914893617,1.607659574468085,1.607659574468085,0,0.7294161700707457,0.03836285931557327,-0.030020278934675182,0.03836285931557327,0,100
A_well_specified,50,8,input_dependent_nonordinal,1,1189,0.840201850294365,1.851135407905803,1.851135407905803,0,0.5525501507208024,0.048229064832220725,-0.03356015185180153,0.048229064832220725,0,100
A_well_specified,50,8,input_dependent_nonordinal,3,1220,0.9278688524590164,2.0434426229508196,2.0434426229508196,0,0.6650906955786767,0.03463026323339168,0.08336859378018319,0.03463026323339168,0,100
A_well_specified,50,8,input_dependent_nonordinal,0,239,0.9665271966527197,1.3221757322175731,1.3221757322175731,0,0.48669870152568223,0.0364009669792175,0.05941641457843094,0.0364009669792175,0,50
A_well_specified,50,8,input_dependent_ordinal,2,1177,0.9082412914188616,2.1079014443500426,2.1079014443500426,0,0.6072485812131956,0.03857856857804589,0.029664191264035078,0.03857856857804589,0,100
A_well_specified,50,8,input_dependent_ordinal,4,1175,0.8587234042553191,1.6093617021276596,1.6093617021276596,0,0.7273927140581805,0.034503381329096736,-0.03729915710801884,0.03450338132909674,0,100
A_well_specified,50,8,input_dependent_ordinal,1,1189,0.832632464255677,1.8713204373423045,1.8713204373423045,0,0.5523325796725546,0.04125183776960601,-0.053869787262841445,0.041251837769606024,0,100
A_well_specified,50,8,input_dependent_ordinal,3,1220,0.9295081967213115,2.045901639344262,2.045901639344262,0,0.6636925646748058,0.03734044599191632,0.09155849947658917,0.037340445991916334,0,100
A_well_specified,50,8,input_dependent_ordinal,0,239,0.9665271966527197,1.3179916317991631,1.3179916317991631,0,0.47698802659966333,0.03923175039709673,0.0712811058535675,0.03923175039709673,0,50
A_well_specified,50,9,independent_mondrian,3,1214,0.8962108731466227,1.985996705107084,1.985996705107084,0,0.0,0.0,0.704113139424943,0.0,0,100
A_well_specified,50,9,independent_mondrian,4,1198,0.83889816360601,1.510016694490818,1.510016694490818,0,0.0,0.0,0.6666355685379706,0.0,0,100
A_well_specified,50,9,independent_mondrian,2,1137,0.8786279683377308,1.928759894459103,1.928759894459103,0,0.0,0.0,0.5743489630132635,0.0,0,100
A_well_specified,50,9,independent_mondrian,1,1213,0.8136850783182193,1.944765045342127,1.944765045342127,0,0.0,0.0,0.42326697499091637,0.0,0,100
A_well_specified,50,9,independent_mondrian,0,238,0.9537815126050421,1.2647058823529411,1.2647058823529411,0,0.0,0.0,0.6682740699442004,0.0,0,50
A_well_specified,50,9,ordinal_cluster,3,1214,0.8747940691927513,2.0247116968698515,2.0247116968698515,0,0.0,0.0,0.6510027051415506,0.0,0,100
A_well_specified,50,9,ordinal_cluster,4,1198,0.8472454090150251,1.4666110183639398,1.4666110183639398,0,0.0,0.0,0.6846630566695635,0.0,0,100
A_well_specified,50,9,ordinal_cluster,2,1137,0.8891820580474934,1.9753737906772209,1.9753737906772209,0,0.0,0.0,0.5966430834657291,0.0,0,100
A_well_specified,50,9,ordinal_cluster,1,1213,0.8936521022258862,1.7790601813685079,1.7790601813685079,0,0.0,0.0,0.536455220523255,0.0,0,100
A_well_specified,50,9,ordinal_cluster,0,238,0.9033613445378151,1.3991596638655461,1.3991596638655461,0,0.0,0.0,0.48874391139854645,0.0,0,50
A_well_specified,50,9,input_dependent_nonordinal,3,1214,0.9176276771004942,1.9802306425041185,1.9802306425041185,0,0.6799622788115712,0.05739919735591773,0.03413073261768407,0.05739919735591773,0,100
A_well_specified,50,9,input_dependent_nonordinal,4,1198,0.8856427378964942,1.5275459098497495,1.5275459098497495,0,0.7670336786628509,0.04726227206926803,-0.04471387477381705,0.04726227206926803,0,100
A_well_specified,50,9,input_dependent_nonordinal,2,1137,0.8654353562005277,1.938434476693052,1.938434476693052,0,0.593501544513005,0.03201919430776209,-0.05107369483620833,0.03201919430776209,0,100
A_well_specified,50,9,input_dependent_nonordinal,1,1213,0.8656224237427865,1.7320692497938994,1.7320692497938994,0,0.555215387756322,0.042742820804299704,-0.050523706981110195,0.042742820804299704,0,100
A_well_specified,50,9,input_dependent_nonordinal,0,238,0.9033613445378151,1.365546218487395,1.365546218487395,0,0.46782088642114555,0.041606374691067025,0.017462098741793247,0.04160637469106703,0,50
A_well_specified,50,9,input_dependent_ordinal,3,1214,0.913509060955519,2.0123558484349258,2.0123558484349258,0,0.689004297998194,0.04611817401240991,0.008433243113970423,0.04611817401240991,0,100
A_well_specified,50,9,input_dependent_ordinal,4,1198,0.8881469115191987,1.5342237061769617,1.5342237061769617,0,0.7539706765764507,0.04991269927418989,-0.028049495192628227,0.04991269927418989,0,100
A_well_specified,50,9,input_dependent_ordinal,2,1137,0.8883025505716798,1.9542656112576957,1.9542656112576957,0,0.6051575327556186,0.042263275148304934,-0.02209642216570351,0.042263275148304934,0,100
A_well_specified,50,9,input_dependent_ordinal,1,1213,0.8812860676009893,1.7452596867271228,1.7452596867271228,0,0.5427327651737174,0.03953793268937415,-0.025738724935134516,0.03953793268937415,0,100
A_well_specified,50,9,input_dependent_ordinal,0,238,0.8949579831932774,1.3907563025210083,1.3907563025210083,0,0.46270871754982157,0.03506344808684353,-0.0047640143616034525,0.03506344808684353,0,50
A_well_specified,50,10,independent_mondrian,0,256,0.87890625,1.3671875,1.3671875,0,0.0,0.0,0.4690573435957106,0.0,0,50
A_well_specified,50,10,independent_mondrian,2,1156,0.9230103806228374,2.023356401384083,2.023356401384083,0,0.0,0.0,0.715476995501665,0.0,0,100
A_well_specified,50,10,independent_mondrian,3,1170,0.8581196581196581,2.1658119658119657,2.1658119658119657,0,0.0,0.0,0.6235081683882355,0.0,0,100
A_well_specified,50,10,independent_mondrian,1,1192,0.889261744966443,1.917785234899329,1.917785234899329,0,0.0,0.0,0.5606004107631282,0.0,0,100
A_well_specified,50,10,independent_mondrian,4,1226,0.8800978792822186,1.5546492659053834,1.5546492659053834,0,0.0,0.0,0.7205123328096151,0.0,0,100
A_well_specified,50,10,ordinal_cluster,0,256,0.88671875,1.3125,1.3125,0,0.0,0.0,0.4883877692182528,0.0,0,50
A_well_specified,50,10,ordinal_cluster,2,1156,0.8910034602076125,2.0493079584775087,2.0493079584775087,0,0.0,0.0,0.6235081683882355,0.0,0,100
A_well_specified,50,10,ordinal_cluster,3,1170,0.8940170940170941,2.088034188034188,2.088034188034188,0,0.0,0.0,0.6878844189320841,0.0,0,100
A_well_specified,50,10,ordinal_cluster,1,1192,0.8850671140939598,1.825503355704698,1.825503355704698,0,0.0,0.0,0.5471324196744434,0.0,0,100
A_well_specified,50,10,ordinal_cluster,4,1226,0.8621533442088092,1.5522022838499185,1.5522022838499185,0,0.0,0.0,0.6878844189320841,0.0,0,100
A_well_specified,50,10,input_dependent_nonordinal,0,256,0.8203125,1.26171875,1.26171875,0,0.5138352870952853,0.04040318392238391,-0.11183823462537192,0.04040318392238391,0,50
A_well_specified,50,10,input_dependent_nonordinal,2,1156,0.8918685121107266,2.0856401384083045,2.0856401384083045,0,0.6200186326957033,0.04156061045196069,-0.018520643345537713,0.04156061045196069,0,100
A_well_specified,50,10,input_dependent_nonordinal,3,1170,0.9547008547008548,2.0803418803418805,2.0803418803418805,0,0.6785520846497067,0.04189761680350957,0.09161470045250786,0.04189761680350957,0,100
A_well_specified,50,10,input_dependent_nonordinal,1,1192,0.87751677852349,1.761744966442953,1.761744966442953,0,0.5282127775024464,0.03327500859134017,-0.00042469787970655926,0.03327500859134017,0,100
A_well_specified,50,10,input_dependent_nonordinal,4,1226,0.9004893964110929,1.6541598694942903,1.6541598694942903,0,0.7344621311533739,0.043921365653170286,0.003599515694565958,0.043921365653170286,0,100
A_well_specified,50,10,input_dependent_ordinal,0,256,0.80859375,1.24609375,1.24609375,0,0.4732797829917943,0.035354868618742395,-0.08655901769615287,0.035354868618742395,0,50
A_well_specified,50,10,input_dependent_ordinal,2,1156,0.8849480968858131,2.083044982698962,2.083044982698962,0,0.611422913365574,0.038298290407427674,-0.02245035570291437,0.038298290407427674,0,100
A_well_specified,50,10,input_dependent_ordinal,3,1170,0.9547008547008548,2.0760683760683762,2.0760683760683762,0,0.6719718787649697,0.041709796801248436,0.09740808650181876,0.041709796801248436,0,100
A_well_specified,50,10,input_dependent_ordinal,1,1192,0.8817114093959731,1.7483221476510067,1.7483221476510067,0,0.547181809645502,0.03641071668543491,-0.009499189155082521,0.03641071668543491,0,100
A_well_specified,50,10,input_dependent_ordinal,4,1226,0.901305057096248,1.6484502446982054,1.6484502446982054,0,0.7389692841308031,0.04478527364328633,0.0016143182557527003,0.044785273643286314,0,100
A_well_specified,50,11,independent_mondrian,2,1231,0.9317627944760357,2.372055239642567,2.372055239642567,0,0.0,0.0,0.7498364448374539,0.0,0,100
A_well_specified,50,11,independent_mondrian,1,1173,0.9420289855072463,2.0349531116794544,2.0349531116794544,0,0.0,0.0,0.6973575420252153,0.0,0,100
A_well_specified,50,11,independent_mondrian,3,1172,0.8779863481228669,2.447952218430034,2.447952218430034,0,0.0,0.0,0.6763782732410115,0.0,0,100
A_well_specified,50,11,independent_mondrian,0,249,0.8634538152610441,1.5983935742971886,1.5983935742971886,0,0.0,0.0,0.470243869967292,0.0,0,50
A_well_specified,50,11,independent_mondrian,4,1175,0.9336170212765957,1.6706382978723404,1.6706382978723404,0,0.0,0.0,0.9051369774797441,0.0,0,100
A_well_specified,50,11,ordinal_cluster,2,1231,0.9114541023558083,2.349309504467912,2.349309504467912,0,0.0,0.0,0.6964874775973217,0.0,0,100
A_well_specified,50,11,ordinal_cluster,1,1173,0.928388746803069,2.2216538789428815,2.2216538789428815,0,0.0,0.0,0.6554012033166117,0.0,0,100
A_well_specified,50,11,ordinal_cluster,3,1172,0.9138225255972696,2.324232081911263,2.324232081911263,0,0.0,0.0,0.7591614960640622,0.0,0,100
A_well_specified,50,11,ordinal_cluster,0,249,0.9437751004016064,1.5943775100401607,1.5943775100401607,0,0.0,0.0,0.6499402956094305,0.0,0,50
A_well_specified,50,11,ordinal_cluster,4,1175,0.8995744680851064,1.6851063829787234,1.6851063829787234,0,0.0,0.0,0.7766672528384079,0.0,0,100
A_well_specified,50,11,input_dependent_nonordinal,2,1231,0.9236393176279447,2.1705930138099108,2.1705930138099108,0,0.6032423803065987,0.025697471550923022,0.04554894394412112,0.025697471550923022,0,100
A_well_specified,50,11,input_dependent_nonordinal,1,1173,0.9514066496163683,1.9198635976129583,1.9198635976129583,0,0.5527773380413754,0.02618716526285519,0.07747150097362898,0.02618716526285519,0,100
A_well_specified,50,11,input_dependent_nonordinal,3,1172,0.8899317406143344,2.122013651877133,2.122013651877133,0,0.7162728292687703,0.049973721465474866,-0.03796056234385525,0.049973721465474866,0,100
A_well_specified,50,11,input_dependent_nonordinal,0,249,0.8995983935742972,1.465863453815261,1.465863453815261,0,0.4649397386318138,0.034802208603453816,0.044296880270066674,0.034802208603453816,0,50
A_well_specified,50,11,input_dependent_nonordinal,4,1175,0.9038297872340425,1.6,1.6,0,0.7437516075913544,0.04535126174171425,0.037934401049045996,0.04535126174171425,0,100
A_well_specified,50,11,input_dependent_ordinal,2,1231,0.9228269699431356,2.141348497156783,2.141348497156783,0,0.6205971120719254,0.03554112529598956,0.029040695205410194,0.03554112529598956,0,100
A_well_specified,50,11,input_dependent_ordinal,1,1173,0.9505541346973572,1.8883205456095482,1.8883205456095482,0,0.5479324641288276,0.02742990528577133,0.08195182021360092,0.02742990528577133,0,100
A_well_specified,50,11,input_dependent_ordinal,3,1172,0.886518771331058,2.10580204778157,2.10580204778157,0,0.6831377920816241,0.03889480377511168,-0.012321576319080596,0.03889480377511168,0,100
A_well_specified,50,11,input_dependent_ordinal,0,249,0.891566265060241,1.461847389558233,1.461847389558233,0,0.4808795851202757,0.021275826540204816,0.0012490132515062813,0.021275826540204816,0,50
A_well_specified,50,11,input_dependent_ordinal,4,1175,0.9029787234042553,1.5957446808510638,1.5957446808510638,0,0.7627485844197524,0.04727429343923662,0.01514887079074334,0.04727429343923662,0,100
A_well_specified,50,12,independent_mondrian,3,1212,0.9084158415841584,2.2367986798679866,2.2367986798679866,0,0.0,0.0,0.7179082443967476,0.0,0,100
A_well_specified,50,12,independent_mondrian,1,1196,0.8486622073578596,1.765886287625418,1.765886287625418,0,0.0,0.0,0.47648054610348667,0.0,0,100
A_well_specified,50,12,independent_mondrian,2,1207,0.9072079536039768,2.0671085335542667,2.0671085335542667,0,0.0,0.0,0.677190173253135,0.0,0,100
A_well_specified,50,12,independent_mondrian,4,1125,0.9191111111111111,1.6248888888888888,1.6248888888888888,0,0.0,0.0,0.8114676433419422,0.0,0,100
A_well_specified,50,12,independent_mondrian,0,260,0.8269230769230769,1.1846153846153846,1.1846153846153846,0,0.0,0.0,0.39204119533211107,0.0,0,50
A_well_specified,50,12,ordinal_cluster,3,1212,0.9125412541254125,2.1542904290429044,2.1542904290429044,0,0.0,0.0,0.7275485231153148,0.0,0,100
A_well_specified,50,12,ordinal_cluster,1,1196,0.8879598662207357,1.7909698996655519,1.7909698996655519,0,0.0,0.0,0.5438538223169072,0.0,0,100
A_well_specified,50,12,ordinal_cluster,2,1207,0.8682684341342171,2.1135045567522783,2.1135045567522783,0,0.0,0.0,0.6004344816422836,0.0,0,100
A_well_specified,50,12,ordinal_cluster,4,1125,0.912,1.5928888888888888,1.5928888888888888,0,0.0,0.0,0.7882279839692525,0.0,0,100
A_well_specified,50,12,ordinal_cluster,0,260,0.8807692307692307,1.3461538461538463,1.3461538461538463,0,0.0,0.0,0.46679341426846416,0.0,0,50
A_well_specified,50,12,input_dependent_nonordinal,3,1212,0.8976897689768977,2.06023102310231,2.06023102310231,0,0.6753934103285748,0.04101765321083965,-0.011096407148136866,0.04101765321083965,0,100
A_well_specified,50,12,input_dependent_nonordinal,1,1196,0.8770903010033445,1.7123745819397993,1.7123745819397993,0,0.5113264375563231,0.0324165345574266,-0.015977064028122656,0.0324165345574266,0,100
A_well_specified,50,12,input_dependent_nonordinal,2,1207,0.8674399337199669,1.9900579950289976,1.9900579950289976,0,0.6304527863090933,0.04493704176489316,-0.03948667417461016,0.04493704176489316,0,100
A_well_specified,50,12,input_dependent_nonordinal,4,1125,0.9297777777777778,1.5422222222222222,1.5422222222222222,0,0.7641558535894256,0.05070954297684257,0.049363760117974664,0.05070954297684257,0,100
A_well_specified,50,12,input_dependent_nonordinal,0,260,0.8769230769230769,1.3115384615384615,1.3115384615384615,0,0.48852870057201037,0.036088249675698125,-0.03303750033785435,0.036088249675698125,0,50
A_well_specified,50,12,input_dependent_ordinal,3,1212,0.8985148514851485,2.065181518151815,2.065181518151815,0,0.6821546337832257,0.04386278542209223,-0.008703696901491698,0.04386278542209223,0,100
A_well_specified,50,12,input_dependent_ordinal,1,1196,0.8745819397993311,1.7107023411371238,1.7107023411371238,0,0.5270744169246419,0.03579579122772677,-0.024752230479204385,0.03579579122772677,0,100
A_well_specified,50,12,input_dependent_ordinal,2,1207,0.8699254349627175,2.0057995028997513,2.0057995028997513,0,0.6137790916801101,0.039380734630256306,-0.0230529971154792,0.039380734630256306,0,100
A_well_specified,50,12,input_dependent_ordinal,4,1125,0.9297777777777778,1.543111111111111,1.543111111111111,0,0.7625392825781157,0.05009850773935129,0.0486800623133013,0.05009850773935129,0,100
A_well_specified,50,12,input_dependent_ordinal,0,260,0.8769230769230769,1.323076923076923,1.323076923076923,0,0.46184723057683175,0.03313960235045218,-0.012522618517284367,0.03313960235045218,0,50
A_well_specified,50,13,independent_mondrian,2,1182,0.8917089678510999,2.2681895093062607,2.2681895093062607,0,0.0,0.0,0.6027624590538172,0.0,0,100
A_well_specified,50,13,independent_mondrian,0,237,0.9071729957805907,1.4472573839662448,1.4472573839662448,0,0.0,0.0,0.5251621764426666,0.0,0,50
A_well_specified,50,13,independent_mondrian,3,1232,0.9334415584415584,2.1574675324675323,2.1574675324675323,0,0.0,0.0,0.8120089878252003,0.0,0,100
A_well_specified,50,13,independent_mondrian,4,1178,0.8760611205432938,1.6893039049235994,1.6893039049235994,0,0.0,0.0,0.7570534230649477,0.0,0,100
A_well_specified,50,13,independent_mondrian,1,1171,0.9094790777113578,1.9077711357813834,1.9077711357813834,0,0.0,0.0,0.6009392178541691,0.0,0,100
A_well_specified,50,13,ordinal_cluster,2,1182,0.9060913705583756,2.22165820642978,2.22165820642978,0,0.0,0.0,0.6430326662048708,0.0,0,100
A_well_specified,50,13,ordinal_cluster,0,237,0.9409282700421941,1.459915611814346,1.459915611814346,0,0.0,0.0,0.5921842811398743,0.0,0,50
A_well_specified,50,13,ordinal_cluster,3,1232,0.9204545454545454,2.1931818181818183,2.1931818181818183,0,0.0,0.0,0.7458782944014605,0.0,0,100
A_well_specified,50,13,ordinal_cluster,4,1178,0.8803056027164686,1.6392190152801358,1.6392190152801358,0,0.0,0.0,0.7629913833303203,0.0,0,100
A_well_specified,50,13,ordinal_cluster,1,1171,0.9017933390264731,2.044406490179334,2.044406490179334,0,0.0,0.0,0.5921842811398743,0.0,0,100
A_well_specified,50,13,input_dependent_nonordinal,2,1182,0.9094754653130288,1.9983079526226735,1.9983079526226735,0,0.5909811566055481,0.034010733044468784,0.018387258063980838,0.034010733044468784,0,100
A_well_specified,50,13,input_dependent_nonordinal,0,237,0.9451476793248945,1.379746835443038,1.379746835443038,0,0.5129759301246672,0.05197057603874992,0.031229697541944823,0.05197057603874992,0,50
A_well_specified,50,13,input_dependent_nonordinal,3,1232,0.8831168831168831,1.916396103896104,1.916396103896104,0,0.6522581110325182,0.040349805450377085,0.007438945905673955,0.040349805450377085,0,100
A_well_specified,50,13,input_dependent_nonordinal,4,1178,0.8404074702886248,1.4957555178268251,1.4957555178268251,0,0.7391821335089884,0.045506994684070934,-0.08629258927201244,0.045506994684070934,0,100
A_well_specified,50,13,input_dependent_nonordinal,1,1171,0.8975234842015372,1.856532877882152,1.856532877882152,0,0.5352561423937972,0.039625666995989135,-0.0022794416189682587,0.039625666995989135,0,100
A_well_specified,50,13,input_dependent_ordinal,2,1182,0.9179357021996616,1.984771573604061,1.984771573604061,0,0.6056366075683024,0.03938822910115554,0.020614624567707462,0.03938822910115554,0,100
A_well_specified,50,13,input_dependent_ordinal,0,237,0.9493670886075949,1.3966244725738397,1.3966244725738397,0,0.4628734699553674,0.03806024485731515,0.05808676078139052,0.03806024485731515,0,50
A_well_specified,50,13,input_dependent_ordinal,3,1232,0.8831168831168831,1.9342532467532467,1.9342532467532467,0,0.658426348649672,0.040827511575390635,0.0016705704008829203,0.040827511575390635,0,100
A_well_specified,50,13,input_dependent_ordinal,4,1178,0.8455008488964346,1.5101867572156198,1.5101867572156198,0,0.7273082760564011,0.04240521916394267,-0.072741378267905,0.04240521916394267,0,100
A_well_specified,50,13,input_dependent_ordinal,1,1171,0.892399658411614,1.8411614005123826,1.8411614005123826,0,0.536043313186734,0.038538096535943624,-0.007422872708686079,0.038538096535943624,0,100
A_well_specified,50,14,independent_mondrian,4,1160,0.8974137931034483,1.6189655172413793,1.6189655172413793,0,0.0,0.0,0.7664472088070254,0.0,0,100
A_well_specified,50,14,independent_mondrian,3,1178,0.8624787775891342,2.3573853989813243,2.3573853989813243,0,0.0,0.0,0.6361324204407104,0.0,0,100
A_well_specified,50,14,independent_mondrian,1,1228,0.9503257328990228,2.1376221498371337,2.1376221498371337,0,0.0,0.0,0.718559077276604,0.0,0,100
A_well_specified,50,14,independent_mondrian,0,267,0.9438202247191011,1.7265917602996255,1.7265917602996255,0,0.0,0.0,0.5499729968801484,0.0,0,50
A_well_specified,50,14,independent_mondrian,2,1167,0.9434447300771208,2.2999143101970865,2.2999143101970865,0,0.0,0.0,0.769435437422049,0.0,0,100
A_well_specified,50,14,ordinal_cluster,4,1160,0.8801724137931034,1.678448275862069,1.678448275862069,0,0.0,0.0,0.7306685680066832,0.0,0,100
A_well_specified,50,14,ordinal_cluster,3,1178,0.9066213921901528,2.3115449915110355,2.3115449915110355,0,0.0,0.0,0.7306685680066832,0.0,0,100
A_well_specified,50,14,ordinal_cluster,1,1228,0.9446254071661238,2.20928338762215,2.20928338762215,0,0.0,0.0,0.7102103366416205,0.0,0,100
A_well_specified,50,14,ordinal_cluster,0,267,0.9662921348314607,1.7228464419475655,1.7228464419475655,0,0.0,0.0,0.6383967838951231,0.0,0,50
A_well_specified,50,14,ordinal_cluster,2,1167,0.9288774635818338,2.3916023993144817,2.3916023993144817,0,0.0,0.0,0.7142051367117331,0.0,0,100
A_well_specified,50,14,input_dependent_nonordinal,4,1160,0.9181034482758621,1.5870689655172414,1.5870689655172414,0,0.7582081216843362,0.047313640340163124,0.018265006597575795,0.047313640340163124,0,100
A_well_specified,50,14,input_dependent_nonordinal,3,1178,0.8675721561969439,2.1443123938879456,2.1443123938879456,0,0.7046402473935631,0.03285389190692785,-0.0840800989207619,0.03285389190692785,0,100
A_well_specified,50,14,input_dependent_nonordinal,1,1228,0.9543973941368078,1.8908794788273615,1.8908794788273615,0,0.5286783399029218,0.029543704294338523,0.12823045305035996,0.029543704294338523,0,100
A_well_specified,50,14,input_dependent_nonordinal,0,267,0.8951310861423221,1.4794007490636705,1.4794007490636705,0,0.44528164162257505,0.0472899274505971,0.004457408365305324,0.0472899274505971,0,50
A_well_specified,50,14,input_dependent_nonordinal,2,1167,0.9331619537275064,2.1105398457583546,2.1105398457583546,0,0.5871855730452438,0.039737318648217584,0.08013103696676072,0.039737318648217584,0,100
A_well_specified,50,14,input_dependent_ordinal,4,1160,0.9120689655172414,1.5939655172413794,1.5939655172413794,0,0.7632975523177221,0.04302037542018029,-0.0019326970529858212,0.04302037542018029,0,100
A_well_specified,50,14,input_dependent_ordinal,3,1178,0.8777589134125636,2.1426146010186757,2.1426146010186757,0,0.6891822701938458,0.037710802327376385,-0.0533395982148705,0.037710802327376385,0,100
A_well_specified,50,14,input_dependent_ordinal,1,1228,0.9503257328990228,1.8672638436482085,1.8672638436482085,0,0.5292138812674524,0.03380332529768316,0.11361667477493437,0.03380332529768316,0,100
A_well_specified,50,14,input_dependent_ordinal,0,267,0.8951310861423221,1.4681647940074907,1.4681647940074907,0,0.4350606049479094,0.031670037616722276,-0.010112750805679499,0.031670037616722276,0,50
A_well_specified,50,14,input_dependent_ordinal,2,1167,0.934018851756641,2.0719794344473006,2.0719794344473006,0,0.6007399496463143,0.03772453868101883,0.06686017602500638,0.03772453868101883,0,100
A_well_specified,50,15,independent_mondrian,3,1216,0.9259868421052632,2.148848684210526,2.148848684210526,0,0.0,0.0,0.7850211891430171,0.0,0,100
A_well_specified,50,15,independent_mondrian,1,1174,0.9352640545144804,2.0153321976149914,2.0153321976149914,0,0.0,0.0,0.6541183130779531,0.0,0,100
A_well_specified,50,15,independent_mondrian,0,252,0.9365079365079365,1.5952380952380953,1.5952380952380953,0,0.0,0.0,0.5658041520827405,0.0,0,50
A_well_specified,50,15,independent_mondrian,4,1207,0.859983429991715,1.675227837613919,1.675227837613919,0,0.0,0.0,0.6860447724124692,0.0,0,100
A_well_specified,50,15,independent_mondrian,2,1151,0.9044309296264118,2.2780191138140746,2.2780191138140746,0,0.0,0.0,0.6270269469135207,0.0,0,100
A_well_specified,50,15,ordinal_cluster,3,1216,0.8955592105263158,2.2064144736842106,2.2064144736842106,0,0.0,0.0,0.6975240847161092,0.0,0,100
A_well_specified,50,15,ordinal_cluster,1,1174,0.9233390119250426,2.0809199318568994,2.0809199318568994,0,0.0,0.0,0.611019657748763,0.0,0,100
A_well_specified,50,15,ordinal_cluster,0,252,0.9444444444444444,1.5277777777777777,1.5277777777777777,0,0.0,0.0,0.588937037184508,0.0,0,50
A_well_specified,50,15,ordinal_cluster,4,1207,0.8765534382767192,1.6147473073736538,1.6147473073736538,0,0.0,0.0,0.7317008651786023,0.0,0,100
A_well_specified,50,15,ordinal_cluster,2,1151,0.9261511728931364,2.1885317115551692,2.1885317115551692,0,0.0,0.0,0.6883163046779625,0.0,0,100
A_well_specified,50,15,input_dependent_nonordinal,3,1216,0.9087171052631579,1.9736842105263157,1.9736842105263157,0,0.6337730191153328,0.030004285146604484,0.04903785054656562,0.030004285146604474,0,100
A_well_specified,50,15,input_dependent_nonordinal,1,1174,0.9361158432708688,1.7453151618398637,1.7453151618398637,0,0.5315879413970387,0.03811185382183202,0.053699120526152166,0.03811185382183202,0,100
A_well_specified,50,15,input_dependent_nonordinal,0,252,0.9126984126984127,1.4087301587301588,1.4087301587301588,0,0.49353330991468214,0.04435660919392426,-0.017013407612943454,0.04435660919392426,0,50
A_well_specified,50,15,input_dependent_nonordinal,4,1207,0.8873239436619719,1.5542667771333887,1.5542667771333887,0,0.766502711426589,0.04648977229391471,-0.04277915622736839,0.04648977229391471,0,100
A_well_specified,50,15,input_dependent_nonordinal,2,1151,0.8592528236316247,2.0582102519548218,2.0582102519548218,0,0.5938891066633758,0.03400078542850837,-0.04158870853230345,0.03400078542850837,0,100
A_well_specified,50,15,input_dependent_ordinal,3,1216,0.90625,1.955592105263158,1.955592105263158,0,0.6673077470691549,0.03800927281523893,0.01472769262953555,0.03800927281523893,0,100
A_well_specified,50,15,input_dependent_ordinal,1,1174,0.9318568994889267,1.7342419080068143,1.7342419080068143,0,0.5214708952273639,0.03536805229080408,0.05810948606062827,0.03536805229080408,0,100
A_well_specified,50,15,input_dependent_ordinal,0,252,0.9246031746031746,1.4087301587301588,1.4087301587301588,0,0.45685245933762636,0.037770126627202465,0.010465553630759072,0.037770126627202465,0,50
A_well_specified,50,15,input_dependent_ordinal,4,1207,0.8782104391052196,1.5352112676056338,1.5352112676056338,0,0.737430425230489,0.03926718711554767,-0.030227304654876663,0.03926718711554767,0,100
A_well_specified,50,15,input_dependent_ordinal,2,1151,0.8540399652476107,2.0278019113814074,2.0278019113814074,0,0.610886022743425,0.037280573391638316,-0.059998318887131696,0.037280573391638316,0,100
A_well_specified,50,16,independent_mondrian,3,1224,0.9158496732026143,2.2050653594771243,2.2050653594771243,0,0.0,0.0,0.745274852260968,0.0,0,100
A_well_specified,50,16,independent_mondrian,1,1188,0.9074074074074074,1.7272727272727273,1.7272727272727273,0,0.0,0.0,0.5530290303456787,0.0,0,100
A_well_specified,50,16,independent_mondrian,2,1233,0.8645579886455799,2.1670721816707217,2.1670721816707217,0,0.0,0.0,0.5670256533314874,0.0,0,100
A_well_specified,50,16,independent_mondrian,4,1128,0.9397163120567376,1.6578014184397163,1.6578014184397163,0,0.0,0.0,0.8836812690615338,0.0,0,100
A_well_specified,50,16,independent_mondrian,0,227,0.8766519823788547,1.3392070484581498,1.3392070484581498,0,0.0,0.0,0.4458934265916776,0.0,0,50
A_well_specified,50,16,ordinal_cluster,3,1224,0.9068627450980392,2.1887254901960786,2.1887254901960786,0,0.0,0.0,0.7275748961826942,0.0,0,100
A_well_specified,50,16,ordinal_cluster,1,1188,0.898989898989899,1.8678451178451179,1.8678451178451179,0,0.0,0.0,0.5322883270240037,0.0,0,100
A_well_specified,50,16,ordinal_cluster,2,1233,0.902676399026764,2.097323600973236,2.097323600973236,0,0.0,0.0,0.6263754296224147,0.0,0,100
A_well_specified,50,16,ordinal_cluster,4,1128,0.9210992907801419,1.6400709219858156,1.6400709219858156,0,0.0,0.0,0.7937184246667377,0.0,0,100
A_well_specified,50,16,ordinal_cluster,0,227,0.9030837004405287,1.3348017621145374,1.3348017621145374,0,0.0,0.0,0.5010539695480756,0.0,0,50
A_well_specified,50,16,input_dependent_nonordinal,3,1224,0.8995098039215687,2.036764705882353,2.036764705882353,0,0.6892492224889076,0.047949604783729095,0.0004123057834063415,0.047949604783729095,0,100
A_well_specified,50,16,input_dependent_nonordinal,1,1188,0.9217171717171717,1.6952861952861953,1.6952861952861953,0,0.5212080688213528,0.0408137499402016,0.03666842843047824,0.0408137499402016,0,100
A_well_specified,50,16,input_dependent_nonordinal,2,1233,0.8710462287104623,1.9497161394971614,1.9497161394971614,0,0.5841462236079549,0.03670643819085977,-0.031045280150347188,0.03670643819085977,0,100
A_well_specified,50,16,input_dependent_nonordinal,4,1128,0.9237588652482269,1.5842198581560283,1.5842198581560283,0,0.7433903595019337,0.04708587920075697,0.037183928106272024,0.04708587920075697,0,100
A_well_specified,50,16,input_dependent_nonordinal,0,227,0.8590308370044053,1.3700440528634361,1.3700440528634361,0,0.4059301307721797,0.014903927065855256,0.0073454534454973075,0.014903927065855256,0,50
A_well_specified,50,16,input_dependent_ordinal,3,1224,0.9044117647058824,2.0383986928104574,2.0383986928104574,0,0.6763753838342977,0.04446076636510987,0.020329894393385284,0.04446076636510987,0,100
A_well_specified,50,16,input_dependent_ordinal,1,1188,0.9158249158249159,1.7668350168350169,1.7668350168350169,0,0.5129188256914817,0.03458600651500424,0.03052120195260022,0.03458600651500424,0,100
A_well_specified,50,16,input_dependent_ordinal,2,1233,0.8815896188158961,1.9740470397404704,1.9740470397404704,0,0.5861047293544589,0.039828403404086436,-0.020154323531095808,0.039828403404086436,0,100
A_well_specified,50,16,input_dependent_ordinal,4,1128,0.9237588652482269,1.5930851063829787,1.5930851063829787,0,0.7540751244912666,0.049842967027672186,0.021549573123558208,0.049842967027672186,0,100
A_well_specified,50,16,input_dependent_ordinal,0,227,0.8898678414096917,1.3788546255506609,1.3788546255506609,0,0.4520192210071716,0.02899341659394105,0.0217391014922389,0.02899341659394105,0,50
A_well_specified,50,17,independent_mondrian,4,1181,0.8958509737510584,1.6189669771380186,1.6189669771380186,0,0.0,0.0,0.7740336406727281,0.0,0,100
A_well_specified,50,17,independent_mondrian,1,1221,0.8738738738738738,1.7354627354627354,1.7354627354627354,0,0.0,0.0,0.5367269380670979,0.0,0,100
A_well_specified,50,17,independent_mondrian,2,1193,0.8834870075440067,2.137468566638726,2.137468566638726,0,0.0,0.0,0.5796824122489423,0.0,0,100
A_well_specified,50,17,independent_mondrian,3,1139,0.9165935030728709,2.1237928007023705,2.1237928007023705,0,0.0,0.0,0.7659923208121066,0.0,0,100
A_well_specified,50,17,independent_mondrian,0,266,0.8834586466165414,1.2669172932330828,1.2669172932330828,0,0.0,0.0,0.4441148455141411,0.0,0,50
A_well_specified,50,17,ordinal_cluster,4,1181,0.8916172734970365,1.5952582557154953,1.5952582557154953,0,0.0,0.0,0.7659923208121066,0.0,0,100
A_well_specified,50,17,ordinal_cluster,1,1221,0.8796068796068796,1.8943488943488944,1.8943488943488944,0,0.0,0.0,0.5424046038943798,0.0,0,100
A_well_specified,50,17,ordinal_cluster,2,1193,0.9077954735959766,2.102263202011735,2.102263202011735,0,0.0,0.0,0.6318639389859412,0.0,0,100
A_well_specified,50,17,ordinal_cluster,3,1139,0.8981562774363476,2.1624231782265144,2.1624231782265144,0,0.0,0.0,0.7147777607305984,0.0,0,100
A_well_specified,50,17,ordinal_cluster,0,266,0.9135338345864662,1.3120300751879699,1.3120300751879699,0,0.0,0.0,0.5202285279288724,0.0,0,50
A_well_specified,50,17,input_dependent_nonordinal,4,1181,0.9085520745131245,1.558848433530906,1.558848433530906,0,0.7193396390748052,0.040704851089900136,0.06132647367072136,0.040704851089900136,0,100
A_well_specified,50,17,input_dependent_nonordinal,1,1221,0.8877968877968878,1.7608517608517609,1.7608517608517609,0,0.5179293128374673,0.03022451269403268,0.004615913150942119,0.03022451269403268,0,100
A_well_specified,50,17,input_dependent_nonordinal,2,1193,0.8734283319362951,1.9857502095557418,1.9857502095557418,0,0.6069541614453607,0.03549782668475165,-0.04699223282574794,0.03549782668475165,0,100
A_well_specified,50,17,input_dependent_nonordinal,3,1139,0.9060579455662863,2.0500438981562774,2.0500438981562774,0,0.6646261384401555,0.039114365887697095,0.027496302491603064,0.039114365887697095,0,100
A_well_specified,50,17,input_dependent_nonordinal,0,266,0.9323308270676691,1.3045112781954886,1.3045112781954886,0,0.45266661988597706,0.04579930310323894,0.03187175041671886,0.04579930310323894,0,50
A_well_specified,50,17,input_dependent_ordinal,4,1181,0.9093988145639289,1.5647756138865367,1.5647756138865367,0,0.7291039186063352,0.04124951619583798,0.053234695296624446,0.041249516195837985,0,100
A_well_specified,50,17,input_dependent_ordinal,1,1221,0.8886158886158886,1.7133497133497133,1.7133497133497133,0,0.5276029746256338,0.034903403064931934,-0.003244952868192541,0.034903403064931934,0,100
A_well_specified,50,17,input_dependent_ordinal,2,1193,0.8734283319362951,1.978206202849958,1.978206202849958,0,0.5891495486110545,0.0351666040865109,-0.029475851083377025,0.0351666040865109,0,100
A_well_specified,50,17,input_dependent_ordinal,3,1139,0.9078138718173837,2.05531167690957,2.05531167690957,0,0.6604530138250833,0.03703797088495564,0.03421152568659569,0.03703797088495564,0,100
A_well_specified,50,17,input_dependent_ordinal,0,266,0.9097744360902256,1.2857142857142858,1.2857142857142858,0,0.4648644868616209,0.030542234814447174,-0.02860570109562177,0.030542234814447174,0,50
A_well_specified,50,18,independent_mondrian,1,1164,0.8290378006872853,1.784364261168385,1.784364261168385,0,0.0,0.0,0.45738573192386567,0.0,0,100
A_well_specified,50,18,independent_mondrian,2,1204,0.9318936877076412,2.117940199335548,2.117940199335548,0,0.0,0.0,0.7184713806509643,0.0,0,100
A_well_specified,50,18,independent_mondrian,4,1213,0.9299258037922506,1.720527617477329,1.720527617477329,0,0.0,0.0,0.8554328545892989,0.0,0,100
A_well_specified,50,18,independent_mondrian,0,255,0.796078431372549,1.0745098039215686,1.0745098039215686,0,0.0,0.0,0.3481809212113072,0.0,0,50
A_well_specified,50,18,independent_mondrian,3,1164,0.9286941580756014,2.343642611683849,2.343642611683849,0,0.0,0.0,0.7740815927139547,0.0,0,100
A_well_specified,50,18,ordinal_cluster,1,1164,0.9132302405498282,1.8745704467353952,1.8745704467353952,0,0.0,0.0,0.6056444828724008,0.0,0,100
A_well_specified,50,18,ordinal_cluster,2,1204,0.9177740863787376,2.2483388704318936,2.2483388704318936,0,0.0,0.0,0.662804288791676,0.0,0,100
A_well_specified,50,18,ordinal_cluster,4,1213,0.9208573784006595,1.663643858202803,1.663643858202803,0,0.0,0.0,0.8235588010984711,0.0,0,100
A_well_specified,50,18,ordinal_cluster,0,255,0.8823529411764706,1.392156862745098,1.392156862745098,0,0.0,0.0,0.43701009192069584,0.0,0,50
A_well_specified,50,18,ordinal_cluster,3,1164,0.9192439862542955,2.292955326460481,2.292955326460481,0,0.0,0.0,0.7494076230951748,0.0,0,100
A_well_specified,50,18,input_dependent_nonordinal,1,1164,0.8410652920962199,1.9106529209621994,1.9106529209621994,0,0.5387107976109934,0.032558037097588144,-0.07559325090281299,0.032558037097588144,0,100
A_well_specified,50,18,input_dependent_nonordinal,2,1204,0.9476744186046512,2.161129568106312,2.161129568106312,0,0.6351654326888084,0.04152598947270132,0.049404913036362075,0.04152598947270132,0,100
A_well_specified,50,18,input_dependent_nonordinal,4,1213,0.9208573784006595,1.6751854905193735,1.6751854905193735,0,0.7182660457125251,0.054259452606740435,0.0964884567188824,0.054259452606740435,0,100
A_well_specified,50,18,input_dependent_nonordinal,0,255,0.9490196078431372,1.3333333333333333,1.3333333333333333,0,0.5584678921651656,0.0725400010596223,0.025848221187544373,0.0725400010596223,0,50
A_well_specified,50,18,input_dependent_nonordinal,3,1164,0.9355670103092784,2.165807560137457,2.165807560137457,0,0.6876525972423758,0.04143311222024643,0.06450783171157703,0.04143311222024643,0,100
A_well_specified,50,18,input_dependent_ordinal,1,1164,0.8333333333333334,1.827319587628866,1.827319587628866,0,0.5570931189470859,0.03780591212639391,-0.09642027945291298,0.03780591212639391,0,100
A_well_specified,50,18,input_dependent_ordinal,2,1204,0.946843853820598,2.138704318936877,2.138704318936877,0,0.622624898827488,0.04486236447606683,0.06081452700110357,0.04486236447606683,0,100
A_well_specified,50,18,input_dependent_ordinal,4,1213,0.93239901071723,1.6916735366859028,1.6916735366859028,0,0.7332271939747249,0.04839374681922118,0.0977989866967599,0.04839374681922118,0,100
A_well_specified,50,18,input_dependent_ordinal,0,255,0.9294117647058824,1.3215686274509804,1.3215686274509804,0,0.528188899994803,0.03404239810584572,-0.026416260743216124,0.03404239810584572,0,50
A_well_specified,50,18,input_dependent_ordinal,3,1164,0.9347079037800687,2.1821305841924397,2.1821305841924397,0,0.669628140887929,0.04427715283190307,0.08825420773037834,0.04427715283190307,0,100
A_well_specified,50,19,independent_mondrian,0,249,0.9437751004016064,1.3895582329317269,1.3895582329317269,0,0.0,0.0,0.6341461105296082,0.0,0,50
A_well_specified,50,19,independent_mondrian,4,1221,0.9082719082719083,1.6322686322686322,1.6322686322686322,0,0.0,0.0,0.8029876875604193,0.0,0,100
A_well_specified,50,19,independent_mondrian,3,1262,0.9286846275752774,2.179080824088748,2.179080824088748,0,0.0,0.0,0.755353724632314,0.0,0,100
A_well_specified,50,19,independent_mondrian,2,1105,0.8407239819004525,2.1638009049773754,2.1638009049773754,0,0.0,0.0,0.5720273643651753,0.0,0,100
A_well_specified,50,19,independent_mondrian,1,1163,0.8890799656061908,1.9733447979363714,1.9733447979363714,0,0.0,0.0,0.5489270214343467,0.0,0,100
A_well_specified,50,19,ordinal_cluster,0,249,0.9397590361445783,1.429718875502008,1.429718875502008,0,0.0,0.0,0.567301694719552,0.0,0,50
A_well_specified,50,19,ordinal_cluster,4,1221,0.8894348894348895,1.579033579033579,1.579033579033579,0,0.0,0.0,0.766818451300745,0.0,0,100
A_well_specified,50,19,ordinal_cluster,3,1262,0.9088748019017433,2.180665610142631,2.180665610142631,0,0.0,0.0,0.6934513713150281,0.0,0,100
A_well_specified,50,19,ordinal_cluster,2,1105,0.8733031674208145,2.1194570135746607,2.1194570135746607,0,0.0,0.0,0.6192001982813827,0.0,0,100
A_well_specified,50,19,ordinal_cluster,1,1163,0.8993981083404987,1.9337919174548581,1.9337919174548581,0,0.0,0.0,0.5689652824490302,0.0,0,100
A_well_specified,50,19,input_dependent_nonordinal,0,249,0.9156626506024096,1.3253012048192772,1.3253012048192772,0,0.40315046550263733,0.017743929188509616,0.072988101552388,0.017743929188509616,0,50
A_well_specified,50,19,input_dependent_nonordinal,4,1221,0.8468468468468469,1.52989352989353,1.52989352989353,0,0.7434903169686776,0.048686590241132865,-0.08076729827096629,0.048686590241132865,0,100
A_well_specified,50,19,input_dependent_nonordinal,3,1262,0.9136291600633915,1.984944532488114,1.984944532488114,0,0.6683244568715289,0.029854371057388373,0.0022719122987187035,0.029854371057388373,0,100
A_well_specified,50,19,input_dependent_nonordinal,2,1105,0.8995475113122172,2.034389140271493,2.034389140271493,0,0.5871561913733072,0.03314694242474754,0.030108784950525713,0.03314694242474754,0,100
A_well_specified,50,19,input_dependent_nonordinal,1,1163,0.9277730008598453,1.8383490971625107,1.8383490971625107,0,0.5515848027781305,0.040192672395224005,0.01660469261487807,0.040192672395224005,0,100
A_well_specified,50,19,input_dependent_ordinal,0,249,0.9357429718875502,1.3453815261044177,1.3453815261044177,0,0.4382883447932805,0.026948276016494813,0.04899164382790622,0.026948276016494813,0,50
A_well_specified,50,19,input_dependent_ordinal,4,1221,0.855036855036855,1.5438165438165439,1.5438165438165439,0,0.7446541701912613,0.04284451399101273,-0.07115083773032627,0.04284451399101273,0,100
A_well_specified,50,19,input_dependent_ordinal,3,1262,0.9144215530903328,1.9928684627575277,1.9928684627575277,0,0.6625848588987532,0.037484939920739646,0.019363745004592037,0.037484939920739646,0,100
A_well_specified,50,19,input_dependent_ordinal,2,1105,0.9004524886877828,2.053393665158371,2.053393665158371,0,0.5979623464352481,0.03515191629338547,0.02041246231796323,0.03515191629338547,0,100
A_well_specified,50,19,input_dependent_ordinal,1,1163,0.9312123817712812,1.8658641444539983,1.8658641444539983,0,0.5351060742792272,0.032676025564075575,0.029222236869878904,0.032676025564075575,0,100
A_well_specified,50,20,independent_mondrian,4,1169,0.941830624465355,1.69803250641574,1.69803250641574,0,0.0,0.0,0.9084708052600953,0.0,0,100
A_well_specified,50,20,independent_mondrian,2,1239,0.8894269572235673,2.234059725585149,2.234059725585149,0,0.0,0.0,0.5858286768796443,0.0,0,100
A_well_specified,50,20,independent_mondrian,1,1191,0.8757346767422334,2.063811922753988,2.063811922753988,0,0.0,0.0,0.5105795958655271,0.0,0,100
A_well_specified,50,20,independent_mondrian,0,250,0.964,1.368,1.368,0,0.0,0.0,0.6829977327378823,0.0,0,50
A_well_specified,50,20,independent_mondrian,3,1151,0.9174630755864466,2.2319721980886187,2.2319721980886187,0,0.0,0.0,0.7569301094073236,0.0,0,100
A_well_specified,50,20,ordinal_cluster,4,1169,0.9332763045337895,1.6988879384088964,1.6988879384088964,0,0.0,0.0,0.8781937239177109,0.0,0,100
A_well_specified,50,20,ordinal_cluster,2,1239,0.9120258272800645,2.255044390637611,2.255044390637611,0,0.0,0.0,0.6332071861136002,0.0,0,100
A_well_specified,50,20,ordinal_cluster,1,1191,0.9000839630562553,1.968094038623006,1.968094038623006,0,0.0,0.0,0.555855285220908,0.0,0,100
A_well_specified,50,20,ordinal_cluster,0,250,0.916,1.416,1.416,0,0.0,0.0,0.555855285220908,0.0,0,50
A_well_specified,50,20,ordinal_cluster,3,1151,0.9165942658557776,2.270199826238054,2.270199826238054,0,0.0,0.0,0.7537526671711251,0.0,0,100
A_well_specified,50,20,input_dependent_nonordinal,4,1169,0.9153122326775022,1.6159110350727117,1.6159110350727117,0,0.7489214485911491,0.04456724834929818,0.03669590910361431,0.04456724834929818,0,100
A_well_specified,50,20,input_dependent_nonordinal,2,1239,0.8983050847457628,2.066989507667474,2.066989507667474,0,0.6104913320172899,0.04839797805270055,-0.01623442609558945,0.04839797805270055,0,100
A_well_specified,50,20,input_dependent_nonordinal,1,1191,0.9160369437447523,1.7892527287993283,1.7892527287993283,0,0.5275028509092361,0.03637044819428975,0.006196048776078211,0.03637044819428975,0,100
A_well_specified,50,20,input_dependent_nonordinal,0,250,0.904,1.364,1.364,0,0.4932836186699803,0.0426439045367215,-0.017155876381053314,0.0426439045367215,0,50
A_well_specified,50,20,input_dependent_nonordinal,3,1151,0.9079061685490878,2.0755864465682015,2.0755864465682015,0,0.6967451957825129,0.030665384824568872,-0.008134937316099655,0.030665384824568872,0,100
A_well_specified,50,20,input_dependent_ordinal,4,1169,0.9187339606501284,1.6082121471343027,1.6082121471343027,0,0.7535049359067684,0.03918594965189654,0.036740724685641046,0.03918594965189654,0,100
A_well_specified,50,20,input_dependent_ordinal,2,1239,0.9023405972558515,2.0807102502017756,2.0807102502017756,0,0.6104614310539125,0.04183228339292715,-0.021784584779937832,0.04183228339292715,0,100
A_well_specified,50,20,input_dependent_ordinal,1,1191,0.9185558354324097,1.8068849706129304,1.8068849706129304,0,0.540173920215382,0.03796423311226147,-0.0009300518665001367,0.03796423311226147,0,100
A_well_specified,50,20,input_dependent_ordinal,0,250,0.912,1.364,1.364,0,0.4658918563873102,0.03843810928456888,0.02185585657937761,0.03843810928456888,0,50
A_well_specified,50,20,input_dependent_ordinal,3,1151,0.9061685490877498,2.0790616854908777,2.0790616854908777,0,0.6857776218605663,0.040436206356891845,0.014908633805113758,0.040436206356891845,0,100
A_well_specified,50,21,independent_mondrian,2,1202,0.7745424292845258,1.8976705490848587,1.8976705490848587,0,0.0,0.0,0.44574201891249743,0.0,0,100
A_well_specified,50,21,independent_mondrian,3,1216,0.875,1.8889802631578947,1.8889802631578947,0,0.0,0.0,0.6589671416689475,0.0,0,100
A_well_specified,50,21,independent_mondrian,1,1163,0.882201203783319,1.4944110060189166,1.4944110060189166,0,0.0,0.0,0.5379817137687154,0.0,0,100
A_well_specified,50,21,independent_mondrian,4,1175,0.8961702127659574,1.4748936170212765,1.4748936170212765,0,0.0,0.0,0.7241536511165297,0.0,0,100
A_well_specified,50,21,independent_mondrian,0,244,0.8524590163934426,1.2459016393442623,1.2459016393442623,0,0.0,0.0,0.42350502109305005,0.0,0,50
A_well_specified,50,21,ordinal_cluster,2,1202,0.8519134775374376,1.8535773710482528,1.8535773710482528,0,0.0,0.0,0.5737065229669307,0.0,0,100
A_well_specified,50,21,ordinal_cluster,3,1216,0.8618421052631579,1.9679276315789473,1.9679276315789473,0,0.0,0.0,0.629726919310216,0.0,0,100
A_well_specified,50,21,ordinal_cluster,1,1163,0.8392089423903697,1.699914015477214,1.699914015477214,0,0.0,0.0,0.4614024407577805,0.0,0,100
A_well_specified,50,21,ordinal_cluster,4,1175,0.8808510638297873,1.4731914893617022,1.4731914893617022,0,0.0,0.0,0.7007228890987973,0.0,0,100
A_well_specified,50,21,ordinal_cluster,0,244,0.8934426229508197,1.2008196721311475,1.2008196721311475,0,0.0,0.0,0.5015867349655329,0.0,0,50
A_well_specified,50,21,input_dependent_nonordinal,2,1202,0.8369384359400999,1.9500831946755408,1.9500831946755408,0,0.6355347365646832,0.036268472741280824,-0.1020139048941951,0.036268472741280824,0,100
A_well_specified,50,21,input_dependent_nonordinal,3,1216,0.90625,1.84375,1.84375,0,0.6737981932569009,0.049304579959690835,0.002593744159625211,0.049304579959690835,0,100
A_well_specified,50,21,input_dependent_nonordinal,1,1163,0.9226139294926913,1.717970765262253,1.717970765262253,0,0.5483825373104901,0.039562560432037173,0.013056476016788832,0.039562560432037173,0,100
A_well_specified,50,21,input_dependent_nonordinal,4,1175,0.8042553191489362,1.4102127659574468,1.4102127659574468,0,0.7357785760687758,0.0391069347183153,-0.1501860137747708,0.0391069347183153,0,100
A_well_specified,50,21,input_dependent_nonordinal,0,244,0.889344262295082,1.360655737704918,1.360655737704918,0,0.4568940887824153,0.022304940882904835,0.0015728040119716846,0.022304940882904835,0,50
A_well_specified,50,21,input_dependent_ordinal,2,1202,0.8352745424292846,1.9692179700499168,1.9692179700499168,0,0.6220712625165331,0.03689125481278716,-0.08964014860412284,0.03689125481278716,0,100
A_well_specified,50,21,input_dependent_ordinal,3,1216,0.9103618421052632,1.8544407894736843,1.8544407894736843,0,0.6778802510215725,0.04303264709507386,-0.005893482133650818,0.04303264709507386,0,100
A_well_specified,50,21,input_dependent_ordinal,1,1163,0.9251934651762683,1.7265692175408427,1.7265692175408427,0,0.5497664442550685,0.037398514037669646,0.01696269767388653,0.037398514037669646,0,100
A_well_specified,50,21,input_dependent_ordinal,4,1175,0.8068085106382978,1.4127659574468086,1.4127659574468086,0,0.7381534546020705,0.043580071236807016,-0.14320162009421278,0.043580071236807016,0,100
A_well_specified,50,21,input_dependent_ordinal,0,244,0.8811475409836066,1.3565573770491803,1.3565573770491803,0,0.481361856942949,0.033799943106139194,-0.017106022004123922,0.033799943106139194,0,50
A_well_specified,50,22,independent_mondrian,3,1250,0.8736,2.2024,2.2024,0,0.0,0.0,0.6469547696992228,0.0,0,100
A_well_specified,50,22,independent_mondrian,2,1198,0.9215358931552587,2.121035058430718,2.121035058430718,0,0.0,0.0,0.6927687692221728,0.0,0,100
A_well_specified,50,22,independent_mondrian,4,1143,0.9002624671916011,1.5783027121609798,1.5783027121609798,0,0.0,0.0,0.7649009730269383,0.0,0,100
A_well_specified,50,22,independent_mondrian,0,224,0.9107142857142857,1.4910714285714286,1.4910714285714286,0,0.0,0.0,0.469409392520508,0.0,0,50
A_well_specified,50,22,independent_mondrian,1,1185,0.919831223628692,1.930801687763713,1.930801687763713,0,0.0,0.0,0.6111751207518514,0.0,0,100
A_well_specified,50,22,ordinal_cluster,3,1250,0.8864,2.1488,2.1488,0,0.0,0.0,0.6927687692221728,0.0,0,100
A_well_specified,50,22,ordinal_cluster,2,1198,0.8981636060100167,2.1552587646076793,2.1552587646076793,0,0.0,0.0,0.6469547696992228,0.0,0,100
A_well_specified,50,22,ordinal_cluster,4,1143,0.8941382327209099,1.5966754155730534,1.5966754155730534,0,0.0,0.0,0.7497517911381408,0.0,0,100
A_well_specified,50,22,ordinal_cluster,0,224,0.9464285714285714,1.4955357142857142,1.4955357142857142,0,0.0,0.0,0.5626622805659175,0.0,0,50
A_well_specified,50,22,ordinal_cluster,1,1185,0.9172995780590717,2.0059071729957805,2.0059071729957805,0,0.0,0.0,0.6057928613512231,0.0,0,100
A_well_specified,50,22,input_dependent_nonordinal,3,1250,0.8888,1.9936,1.9936,0,0.6838350477889765,0.04226862260926052,-0.011445424385571723,0.04226862260926052,0,100
A_well_specified,50,22,input_dependent_nonordinal,2,1198,0.9223706176961602,2.0108514190317197,2.0108514190317197,0,0.6051469376897277,0.04152405531709333,0.023325600423907633,0.04152405531709333,0,100
A_well_specified,50,22,input_dependent_nonordinal,4,1143,0.8591426071741033,1.5249343832020998,1.5249343832020998,0,0.7201974268606361,0.03730387280339106,-0.05398834882702397,0.03730387280339106,0,100
A_well_specified,50,22,input_dependent_nonordinal,0,224,0.90625,1.3883928571428572,1.3883928571428572,0,0.43571988742714224,0.026902795210161395,-0.015853434799171312,0.026902795210161395,0,50
A_well_specified,50,22,input_dependent_nonordinal,1,1185,0.9223628691983122,1.789873417721519,1.789873417721519,0,0.5250612434016713,0.039850566213724965,0.051161086314261306,0.039850566213724965,0,100
A_well_specified,50,22,input_dependent_ordinal,3,1250,0.8896,2.004,2.004,0,0.6739282043822236,0.04008583451362157,-0.0038526831463682187,0.04008583451362157,0,100
A_well_specified,50,22,input_dependent_ordinal,2,1198,0.9240400667779632,2.0225375626043407,2.0225375626043407,0,0.6000137937532893,0.040035399083551866,0.03313217278530023,0.040035399083551866,0,100
A_well_specified,50,22,input_dependent_ordinal,4,1143,0.8600174978127734,1.521434820647419,1.521434820647419,0,0.7290041914911498,0.03987134193804009,-0.058529426419705155,0.03987134193804009,0,100
A_well_specified,50,22,input_dependent_ordinal,0,224,0.9151785714285714,1.3973214285714286,1.3973214285714286,0,0.44471398407760576,0.034500969243943726,0.0018607762590776566,0.034500969243943726,0,50
A_well_specified,50,22,input_dependent_ordinal,1,1185,0.9232067510548523,1.8185654008438819,1.8185654008438819,0,0.5289220581000053,0.03926097521536708,0.047671931065259465,0.03926097521536708,0,100
A_well_specified,50,23,independent_mondrian,2,1148,0.8649825783972126,2.168118466898955,2.168118466898955,0,0.0,0.0,0.5316176442426274,0.0,0,100
A_well_specified,50,23,independent_mondrian,3,1214,0.8920922570016474,2.0321252059308073,2.0321252059308073,0,0.0,0.0,0.684202005629017,0.0,0,100
A_well_specified,50,23,independent_mondrian,4,1201,0.8717735220649458,1.52789342214821,1.52789342214821,0,0.0,0.0,0.7307763287543446,0.0,0,100
A_well_specified,50,23,independent_mondrian,1,1185,0.9443037974683545,1.7139240506329114,1.7139240506329114,0,0.0,0.0,0.6690368833312704,0.0,0,100
A_well_specified,50,23,independent_mondrian,0,252,0.9126984126984127,1.5595238095238095,1.5595238095238095,0,0.0,0.0,0.4539300498730359,0.0,0,50
A_well_specified,50,23,ordinal_cluster,2,1148,0.9067944250871081,1.9886759581881532,1.9886759581881532,0,0.0,0.0,0.6180344656426808,0.0,0,100
A_well_specified,50,23,ordinal_cluster,3,1214,0.8805601317957167,2.074135090609555,2.074135090609555,0,0.0,0.0,0.6572280170823673,0.0,0,100
A_well_specified,50,23,ordinal_cluster,4,1201,0.8626144879267277,1.5062447960033305,1.5062447960033305,0,0.0,0.0,0.7035445770919035,0.0,0,100
A_well_specified,50,23,ordinal_cluster,1,1185,0.8886075949367088,1.849789029535865,1.849789029535865,0,0.0,0.0,0.5175144062438458,0.0,0,100
A_well_specified,50,23,ordinal_cluster,0,252,0.9365079365079365,1.3253968253968254,1.3253968253968254,0,0.0,0.0,0.5136624743811065,0.0,0,50
A_well_specified,50,23,input_dependent_nonordinal,2,1148,0.8945993031358885,1.9773519163763067,1.9773519163763067,0,0.5883323159691867,0.02953861333068494,-0.03551173522172113,0.02953861333068494,0,100
A_well_specified,50,23,input_dependent_nonordinal,3,1214,0.8929159802306426,2.0502471169686984,2.0502471169686984,0,0.6546040982939195,0.039798004490286,0.010895628910545296,0.039798004490286,0,100
A_well_specified,50,23,input_dependent_nonordinal,4,1201,0.9200666111573689,1.5395503746877601,1.5395503746877601,0,0.7754742859338652,0.06102295670511708,0.04573219065106193,0.06102295670511708,0,100
A_well_specified,50,23,input_dependent_nonordinal,1,1185,0.9122362869198313,1.7248945147679324,1.7248945147679324,0,0.535844222113941,0.030665514491243932,-0.003743727708914679,0.030665514491243932,0,100
A_well_specified,50,23,input_dependent_nonordinal,0,252,0.8611111111111112,1.25,1.25,0,0.4539008184386768,0.02932002544412184,-0.052720745009719766,0.02932002544412184,0,50
A_well_specified,50,23,input_dependent_ordinal,2,1148,0.8885017421602788,1.9625435540069687,1.9625435540069687,0,0.5971556843268341,0.03488294594055298,-0.0425901742245377,0.03488294594055298,0,100
A_well_specified,50,23,input_dependent_ordinal,3,1214,0.8953871499176277,2.0461285008237233,2.0461285008237233,0,0.683297608267074,0.04528957798067069,-0.008251708771796484,0.04528957798067069,0,100
A_well_specified,50,23,input_dependent_ordinal,4,1201,0.9200666111573689,1.5470441298917568,1.5470441298917568,0,0.7515134270859765,0.054037957334328805,0.054707578417993785,0.054037957334328805,0,100
A_well_specified,50,23,input_dependent_ordinal,1,1185,0.9156118143459916,1.7265822784810128,1.7265822784810128,0,0.5268932199761663,0.02822382327377965,0.012588951265559478,0.02822382327377965,0,100
A_well_specified,50,23,input_dependent_ordinal,0,252,0.8690476190476191,1.2619047619047619,1.2619047619047619,0,0.433585653909242,0.0220388446588738,-0.041635159035992075,0.0220388446588738,0,50
A_well_specified,50,24,independent_mondrian,4,1240,0.9564516129032258,1.6758064516129032,1.6758064516129032,0,0.0,0.0,0.9934823218486217,0.0,0,100
A_well_specified,50,24,independent_mondrian,1,1168,0.8253424657534246,1.788527397260274,1.788527397260274,0,0.0,0.0,0.4494482607435349,0.0,0,100
A_well_specified,50,24,independent_mondrian,2,1122,0.8262032085561497,2.1532976827094474,2.1532976827094474,0,0.0,0.0,0.5333539706139793,0.0,0,100
A_well_specified,50,24,independent_mondrian,3,1219,0.92616899097621,2.2223133716160786,2.2223133716160786,0,0.0,0.0,0.7446306154781169,0.0,0,100
A_well_specified,50,24,independent_mondrian,0,251,0.9681274900398407,1.2709163346613546,1.2709163346613546,0,0.0,0.0,0.5649690500660597,0.0,0,50
A_well_specified,50,24,ordinal_cluster,4,1240,0.9145161290322581,1.636290322580645,1.636290322580645,0,0.0,0.0,0.8148643111109636,0.0,0,100
A_well_specified,50,24,ordinal_cluster,1,1168,0.8638698630136986,1.644691780821918,1.644691780821918,0,0.0,0.0,0.5129656238687752,0.0,0,100
A_well_specified,50,24,ordinal_cluster,2,1122,0.820855614973262,2.055258467023173,2.055258467023173,0,0.0,0.0,0.5243297150778143,0.0,0,100
A_well_specified,50,24,ordinal_cluster,3,1219,0.92616899097621,2.095159967186218,2.095159967186218,0,0.0,0.0,0.7503271684989703,0.0,0,100
A_well_specified,50,24,ordinal_cluster,0,251,0.9123505976095617,1.298804780876494,1.298804780876494,0,0.0,0.0,0.4625956249168297,0.0,0,50
A_well_specified,50,24,input_dependent_nonordinal,4,1240,0.9604838709677419,1.5516129032258064,1.5516129032258064,0,0.7517564837698484,0.05581717609441686,0.1499357204298557,0.05581717609441686,0,100
A_well_specified,50,24,input_dependent_nonordinal,1,1168,0.9058219178082192,1.7859589041095891,1.7859589041095891,0,0.5560880090422659,0.04525158215735649,-0.00031729777125977243,0.04525158215735649,0,100
A_well_specified,50,24,input_dependent_nonordinal,2,1122,0.8146167557932263,2.033868092691622,2.033868092691622,0,0.6379186280481575,0.043747481891651493,-0.11660836374834482,0.043747481891651493,0,100
A_well_specified,50,24,input_dependent_nonordinal,3,1219,0.8794093519278097,2.083675143560295,2.083675143560295,0,0.674209659011291,0.03769172115760507,-0.061849491289933,0.03769172115760507,0,100
A_well_specified,50,24,input_dependent_nonordinal,0,251,0.9760956175298805,1.402390438247012,1.402390438247012,0,0.4740946754833515,0.03786578845578838,0.04562112011727271,0.03786578845578838,0,50
A_well_specified,50,24,input_dependent_ordinal,4,1240,0.9556451612903226,1.5451612903225806,1.5451612903225806,0,0.7492779731342923,0.049300726108134844,0.13761312590086838,0.049300726108134844,0,100
A_well_specified,50,24,input_dependent_ordinal,1,1168,0.9049657534246576,1.7851027397260273,1.7851027397260273,0,0.5582251226332426,0.04198320716327601,-0.014027082134741131,0.04198320716327601,0,100
A_well_specified,50,24,input_dependent_ordinal,2,1122,0.8137254901960784,2.0035650623885917,2.0035650623885917,0,0.6277573907959179,0.044715493843546214,-0.10656309434780187,0.044715493843546214,0,100
A_well_specified,50,24,input_dependent_ordinal,3,1219,0.8679245283018868,2.0598851517637407,2.0598851517637407,0,0.6836133669557319,0.04578794826021041,-0.07655903437316436,0.04578794826021041,0,100
A_well_specified,50,24,input_dependent_ordinal,0,251,0.9760956175298805,1.3944223107569722,1.3944223107569722,0,0.47773534159486397,0.03735810342582295,0.042284843913237835,0.03735810342582295,0,50
A_well_specified,50,25,independent_mondrian,1,1151,0.8870547350130321,1.9539530842745438,1.9539530842745438,0,0.0,0.0,0.56461894492991,0.0,0,100
A_well_specified,50,25,independent_mondrian,3,1183,0.9526627218934911,2.2282333051563823,2.2282333051563823,0,0.0,0.0,0.8434434955603768,0.0,0,100
A_well_specified,50,25,independent_mondrian,4,1197,0.9239766081871345,1.746031746031746,1.746031746031746,0,0.0,0.0,0.8392936980086148,0.0,0,100
A_well_specified,50,25,independent_mondrian,2,1216,0.868421052631579,2.28125,2.28125,0,0.0,0.0,0.6003422774367555,0.0,0,100
A_well_specified,50,25,independent_mondrian,0,253,0.9209486166007905,1.3873517786561265,1.3873517786561265,0,0.0,0.0,0.5573812927690963,0.0,0,50
A_well_specified,50,25,ordinal_cluster,1,1151,0.896611642050391,1.9730668983492614,1.9730668983492614,0,0.0,0.0,0.5839026750845123,0.0,0,100
A_well_specified,50,25,ordinal_cluster,3,1183,0.9391377852916315,2.2409129332206255,2.2409129332206255,0,0.0,0.0,0.7947602102295143,0.0,0,100
A_well_specified,50,25,ordinal_cluster,4,1197,0.9239766081871345,1.7067669172932332,1.7067669172932332,0,0.0,0.0,0.8392936980086148,0.0,0,100
A_well_specified,50,25,ordinal_cluster,2,1216,0.8782894736842105,2.2853618421052633,2.2853618421052633,0,0.0,0.0,0.6214158258695036,0.0,0,100
A_well_specified,50,25,ordinal_cluster,0,253,0.9209486166007905,1.4189723320158103,1.4189723320158103,0,0.0,0.0,0.5573812927690963,0.0,0,50
A_well_specified,50,25,input_dependent_nonordinal,1,1151,0.8609904430929627,1.8175499565595135,1.8175499565595135,0,0.5441403625316699,0.04453854329987458,-0.045138167024667775,0.04453854329987458,0,100
A_well_specified,50,25,input_dependent_nonordinal,3,1183,0.9560439560439561,2.05832628909552,2.05832628909552,0,0.672938444388905,0.037772576319936836,0.12224303531867353,0.037772576319936836,0,100
A_well_specified,50,25,input_dependent_nonordinal,4,1197,0.8638262322472848,1.631578947368421,1.631578947368421,0,0.7847337984234781,0.05444461999665575,-0.06954994082847266,0.054444619996655765,0,100
A_well_specified,50,25,input_dependent_nonordinal,2,1216,0.8865131578947368,2.1315789473684212,2.1315789473684212,0,0.6189031183031622,0.04639232295902901,-0.015552105448303877,0.04639232295902901,0,100
A_well_specified,50,25,input_dependent_nonordinal,0,253,0.924901185770751,1.3794466403162056,1.3794466403162056,0,0.5207348407770288,0.045239203850480664,0.011629654444626047,0.04523920385048068,0,50
A_well_specified,50,25,input_dependent_ordinal,1,1151,0.8662033014769766,1.8053866203301476,1.8053866203301476,0,0.5473413390595344,0.04288729169349193,-0.04675453513740535,0.04288729169349193,0,100
A_well_specified,50,25,input_dependent_ordinal,3,1183,0.94843617920541,2.0414201183431953,2.0414201183431953,0,0.6945223726435782,0.04743134526564349,0.08696779559677714,0.04743134526564349,0,100
A_well_specified,50,25,input_dependent_ordinal,4,1197,0.8680033416875522,1.6115288220551378,1.6115288220551378,0,0.7674739735518042,0.04685085082849357,-0.06515725413965967,0.04685085082849357,0,100
A_well_specified,50,25,input_dependent_ordinal,2,1216,0.8865131578947368,2.088815789473684,2.088815789473684,0,0.6202006879941725,0.046107310715354434,-0.01784039908755508,0.046107310715354434,0,100
A_well_specified,50,25,input_dependent_ordinal,0,253,0.9169960474308301,1.3636363636363635,1.3636363636363635,0,0.4736949938035022,0.0372855915685164,0.042170256829885455,0.0372855915685164,0,50
A_well_specified,50,26,independent_mondrian,1,1198,0.9590984974958264,1.9240400667779634,1.9240400667779634,0,0.0,0.0,0.7346229819503972,0.0,0,100
A_well_specified,50,26,independent_mondrian,0,281,0.8469750889679716,1.5871886120996441,1.5871886120996441,0,0.0,0.0,0.42856182871833154,0.0,0,50
A_well_specified,50,26,independent_mondrian,4,1189,0.8881412952060556,1.7409587888982339,1.7409587888982339,0,0.0,0.0,0.767158185592189,0.0,0,100
A_well_specified,50,26,independent_mondrian,3,1182,0.9619289340101523,2.2741116751269037,2.2741116751269037,0,0.0,0.0,0.9369714169388234,0.0,0,100
A_well_specified,50,26,independent_mondrian,2,1150,0.8852173913043478,2.5304347826086957,2.5304347826086957,0,0.0,0.0,0.604241078336112,0.0,0,100
A_well_specified,50,26,ordinal_cluster,1,1198,0.9198664440734557,2.1903171953255427,2.1903171953255427,0,0.0,0.0,0.6203441195459877,0.0,0,100
A_well_specified,50,26,ordinal_cluster,0,281,0.9466192170818505,1.5231316725978647,1.5231316725978647,0,0.0,0.0,0.6264596930128934,0.0,0,50
A_well_specified,50,26,ordinal_cluster,4,1189,0.9142136248948697,1.6593776282590411,1.6593776282590411,0,0.0,0.0,0.8540804590584332,0.0,0,100
A_well_specified,50,26,ordinal_cluster,3,1182,0.9120135363790186,2.3468697123519457,2.3468697123519457,0,0.0,0.0,0.7291489012750628,0.0,0,100
A_well_specified,50,26,ordinal_cluster,2,1150,0.9217391304347826,2.327826086956522,2.327826086956522,0,0.0,0.0,0.6982296028934152,0.0,0,100
A_well_specified,50,26,input_dependent_nonordinal,1,1198,0.9056761268781303,1.7570951585976629,1.7570951585976629,0,0.5320921544766493,0.029315964158231764,0.010637352067398798,0.029315964158231764,0,100
A_well_specified,50,26,input_dependent_nonordinal,0,281,0.8647686832740213,1.295373665480427,1.295373665480427,0,0.442561090813485,0.03288971680485243,-0.01449558342762819,0.03288971680485243,0,50
A_well_specified,50,26,input_dependent_nonordinal,4,1189,0.913372582001682,1.558452481076535,1.558452481076535,0,0.7330502757509031,0.03919836008294892,0.04674220293164377,0.03919836008294892,0,100
A_well_specified,50,26,input_dependent_nonordinal,3,1182,0.9263959390862944,2.075296108291032,2.075296108291032,0,0.6873002557656045,0.049177967503090156,0.05408835573029802,0.049177967503090156,0,100
A_well_specified,50,26,input_dependent_nonordinal,2,1150,0.8878260869565218,2.09304347826087,2.09304347826087,0,0.5957992782637691,0.029785047738173174,-0.034534726579522945,0.029785047738173174,0,100
A_well_specified,50,26,input_dependent_ordinal,1,1198,0.9056761268781303,1.7504173622704509,1.7504173622704509,0,0.5300498981011486,0.030548325549903475,0.012064488103547877,0.030548325549903475,0,100
A_well_specified,50,26,input_dependent_ordinal,0,281,0.8718861209964412,1.3060498220640568,1.3060498220640568,0,0.4401325236487085,0.027378337303730904,-0.022117785910498622,0.027378337303730904,0,50
A_well_specified,50,26,input_dependent_ordinal,4,1189,0.913372582001682,1.5761143818334735,1.5761143818334735,0,0.7370431583387177,0.04301735040413054,0.042888383191050816,0.04301735040413054,0,100
A_well_specified,50,26,input_dependent_ordinal,3,1182,0.9314720812182741,2.074450084602369,2.074450084602369,0,0.6757466997856022,0.039935509473626396,0.0784641752744838,0.039935509473626396,0,100
A_well_specified,50,26,input_dependent_ordinal,2,1150,0.8869565217391304,2.106086956521739,2.106086956521739,0,0.6066227362285929,0.03383439897890732,-0.04073241395680549,0.03383439897890732,0,100
A_well_specified,50,27,independent_mondrian,4,1198,0.9348914858096828,1.6994991652754592,1.6994991652754592,0,0.0,0.0,0.8851731540744651,0.0,0,100
A_well_specified,50,27,independent_mondrian,1,1187,0.9132266217354675,2.093513058129739,2.093513058129739,0,0.0,0.0,0.5957457177140312,0.0,0,100
A_well_specified,50,27,independent_mondrian,3,1204,0.9260797342192691,2.2607973421926912,2.2607973421926912,0,0.0,0.0,0.8077278558078261,0.0,0,100
A_well_specified,50,27,independent_mondrian,2,1161,0.8587424633936261,2.317829457364341,2.317829457364341,0,0.0,0.0,0.5878261959722695,0.0,0,100
A_well_specified,50,27,independent_mondrian,0,250,0.972,1.54,1.54,0,0.0,0.0,0.650599536445503,0.0,0,50
A_well_specified,50,27,ordinal_cluster,4,1198,0.9115191986644408,1.6819699499165275,1.6819699499165275,0,0.0,0.0,0.8144147768270937,0.0,0,100
A_well_specified,50,27,ordinal_cluster,1,1187,0.9132266217354675,2.1112047177759057,2.1112047177759057,0,0.0,0.0,0.5957457177140312,0.0,0,100
A_well_specified,50,27,ordinal_cluster,3,1204,0.9194352159468439,2.2732558139534884,2.2732558139534884,0,0.0,0.0,0.7872865525305204,0.0,0,100
A_well_specified,50,27,ordinal_cluster,2,1161,0.8940568475452196,2.294573643410853,2.294573643410853,0,0.0,0.0,0.6502567568456167,0.0,0,100
A_well_specified,50,27,ordinal_cluster,0,250,0.96,1.548,1.548,0,0.0,0.0,0.6183950672715429,0.0,0,50
A_well_specified,50,27,input_dependent_nonordinal,4,1198,0.9440734557595993,1.5358931552587647,1.5358931552587647,0,0.7455978190046718,0.05107130984581271,0.14550357813266257,0.05107130984581271,0,100
A_well_specified,50,27,input_dependent_nonordinal,1,1187,0.9553496208930076,1.890480202190396,1.890480202190396,0,0.5406853817290724,0.03919234873392431,0.08998145348038103,0.03919234873392431,0,100
A_well_specified,50,27,input_dependent_nonordinal,3,1204,0.8571428571428571,2.1245847176079735,2.1245847176079735,0,0.6817642473902829,0.05442255274340274,-0.043269523319691916,0.05442255274340274,0,100
A_well_specified,50,27,input_dependent_nonordinal,2,1161,0.8570198105081827,2.1093884582256677,2.1093884582256677,0,0.6031941323699327,0.03592000123789544,-0.0401851604159118,0.03592000123789544,0,100
A_well_specified,50,27,input_dependent_nonordinal,0,250,0.892,1.432,1.432,0,0.4717721246842128,0.069249858219708,0.03435045617717629,0.069249858219708,0,50
A_well_specified,50,27,input_dependent_ordinal,4,1198,0.9432387312186978,1.5550918196994992,1.5550918196994992,0,0.7433307552300311,0.04962011683188071,0.14596714731046,0.04962011683188071,0,100
A_well_specified,50,27,input_dependent_ordinal,1,1187,0.949452401010952,1.8913226621735468,1.8913226621735468,0,0.5425052166306983,0.042123744230872895,0.0826592410745427,0.042123744230872895,0,100
A_well_specified,50,27,input_dependent_ordinal,3,1204,0.8679401993355482,2.1362126245847177,2.1362126245847177,0,0.6833299095938355,0.04909614793025516,-0.030522174547326864,0.04909614793025516,0,100
A_well_specified,50,27,input_dependent_ordinal,2,1161,0.8492678725236865,2.095607235142119,2.095607235142119,0,0.6036586753889898,0.04398140303056543,-0.03975257278982475,0.04398140303056543,0,100
A_well_specified,50,27,input_dependent_ordinal,0,250,0.948,1.5,1.5,0,0.46607337096293633,0.04046937472685197,0.07200355773546929,0.04046937472685197,0,50
A_well_specified,50,28,independent_mondrian,4,1156,0.8460207612456747,1.6003460207612457,1.6003460207612457,0,0.0,0.0,0.6821560445340697,0.0,0,100
A_well_specified,50,28,independent_mondrian,1,1255,0.9314741035856574,1.9665338645418327,1.9665338645418327,0,0.0,0.0,0.6347514782610297,0.0,0,100
A_well_specified,50,28,independent_mondrian,3,1155,0.896969696969697,2.109090909090909,2.109090909090909,0,0.0,0.0,0.7285054810865058,0.0,0,100
A_well_specified,50,28,independent_mondrian,2,1165,0.8875536480686695,2.2060085836909873,2.2060085836909873,0,0.0,0.0,0.6301748102963007,0.0,0,100
A_well_specified,50,28,independent_mondrian,0,269,0.9256505576208178,1.5427509293680297,1.5427509293680297,0,0.0,0.0,0.5440288993965529,0.0,0,50
A_well_specified,50,28,ordinal_cluster,4,1156,0.846885813148789,1.5596885813148789,1.5596885813148789,0,0.0,0.0,0.6834880754162236,0.0,0,100
A_well_specified,50,28,ordinal_cluster,1,1255,0.9163346613545816,2.0422310756972113,2.0422310756972113,0,0.0,0.0,0.6027190120189492,0.0,0,100
A_well_specified,50,28,ordinal_cluster,3,1155,0.8813852813852814,2.10995670995671,2.10995670995671,0,0.0,0.0,0.6738808180643454,0.0,0,100
A_well_specified,50,28,ordinal_cluster,2,1165,0.8987124463519314,2.1278969957081544,2.1278969957081544,0,0.0,0.0,0.6584735415791608,0.0,0,100
A_well_specified,50,28,ordinal_cluster,0,269,0.9405204460966543,1.4981412639405205,1.4981412639405205,0,0.0,0.0,0.5966337725763202,0.0,0,50
A_well_specified,50,28,input_dependent_nonordinal,4,1156,0.9108996539792388,1.6418685121107266,1.6418685121107266,0,0.7555213696585267,0.05028470628559199,0.028791890692807187,0.05028470628559199,0,100
A_well_specified,50,28,input_dependent_nonordinal,1,1255,0.9410358565737051,1.7848605577689243,1.7848605577689243,0,0.5323312971595686,0.03757933008172998,0.05132584855807798,0.03757933008172998,0,100
A_well_specified,50,28,input_dependent_nonordinal,3,1155,0.9333333333333333,2.0935064935064935,2.0935064935064935,0,0.6513568656657142,0.038083418912537595,0.09080314054087335,0.038083418912537595,0,100
A_well_specified,50,28,input_dependent_nonordinal,2,1165,0.878969957081545,2.103862660944206,2.103862660944206,0,0.5843945633789663,0.03252507620160701,-0.017443967991345843,0.03252507620160701,0,100
A_well_specified,50,28,input_dependent_nonordinal,0,269,0.929368029739777,1.3866171003717471,1.3866171003717471,0,0.4282907700151929,0.027061543984375068,0.013920998585520428,0.027061543984375068,0,50
A_well_specified,50,28,input_dependent_ordinal,4,1156,0.9065743944636678,1.6453287197231834,1.6453287197231834,0,0.7378305152184451,0.04714007396423962,0.03836877256897325,0.04714007396423962,0,100
A_well_specified,50,28,input_dependent_ordinal,1,1255,0.9458167330677291,1.8262948207171315,1.8262948207171315,0,0.518725343157744,0.0326881675953426,0.06354121060310802,0.0326881675953426,0,100
A_well_specified,50,28,input_dependent_ordinal,3,1155,0.941991341991342,2.1004329004329003,2.1004329004329003,0,0.677803234812953,0.04166417898582272,0.07994623815719831,0.041664178985822704,0,100
A_well_specified,50,28,input_dependent_ordinal,2,1165,0.8841201716738197,2.1201716738197427,2.1201716738197427,0,0.5909246773557553,0.03695039539699648,-0.016038648829467927,0.03695039539699648,0,100
A_well_specified,50,28,input_dependent_ordinal,0,269,0.9442379182156134,1.4052044609665428,1.4052044609665428,0,0.42921264645914114,0.029722338938714378,0.025408948846161655,0.029722338938714378,0,50
A_well_specified,50,29,independent_mondrian,1,1164,0.904639175257732,1.731958762886598,1.731958762886598,0,0.0,0.0,0.5608889339737003,0.0,0,100
A_well_specified,50,29,independent_mondrian,4,1226,0.9119086460032626,1.6174551386623164,1.6174551386623164,0,0.0,0.0,0.8390474768168106,0.0,0,100
A_well_specified,50,29,independent_mondrian,0,251,0.8167330677290837,1.2390438247011952,1.2390438247011952,0,0.0,0.0,0.3886902203579765,0.0,0,50
A_well_specified,50,29,independent_mondrian,3,1145,0.9126637554585153,2.1877729257641922,2.1877729257641922,0,0.0,0.0,0.7270988782848721,0.0,0,100
A_well_specified,50,29,independent_mondrian,2,1214,0.8764415156507414,2.1350906095551894,2.1350906095551894,0,0.0,0.0,0.6033842173811088,0.0,0,100
A_well_specified,50,29,ordinal_cluster,1,1164,0.904639175257732,1.820446735395189,1.820446735395189,0,0.0,0.0,0.5608889339737003,0.0,0,100
A_well_specified,50,29,ordinal_cluster,4,1226,0.9029363784665579,1.6084828711256118,1.6084828711256118,0,0.0,0.0,0.8136846279545225,0.0,0,100
A_well_specified,50,29,ordinal_cluster,0,251,0.9043824701195219,1.3266932270916334,1.3266932270916334,0,0.0,0.0,0.4802150965349769,0.0,0,50
A_well_specified,50,29,ordinal_cluster,3,1145,0.9126637554585153,2.165065502183406,2.165065502183406,0,0.0,0.0,0.7270988782848721,0.0,0,100
A_well_specified,50,29,ordinal_cluster,2,1214,0.8764415156507414,2.14332784184514,2.14332784184514,0,0.0,0.0,0.6037441268926805,0.0,0,100
A_well_specified,50,29,input_dependent_nonordinal,1,1164,0.9012027491408935,1.7027491408934707,1.7027491408934707,0,0.5280612005992028,0.044257560597253595,0.010523509847958995,0.044257560597253595,0,100
A_well_specified,50,29,input_dependent_nonordinal,4,1226,0.8784665579119086,1.526916802610114,1.526916802610114,0,0.7262433547749426,0.041175313826788795,-0.008358243284184441,0.041175313826788795,0,100
A_well_specified,50,29,input_dependent_nonordinal,0,251,0.8725099601593626,1.294820717131474,1.294820717131474,0,0.454953530526501,0.02824783009429126,-0.031737603774223494,0.02824783009429126,0,50
A_well_specified,50,29,input_dependent_nonordinal,3,1145,0.8978165938864628,1.953711790393013,1.953711790393013,0,0.7115735557214393,0.05534759427071829,-0.034764599495927584,0.05534759427071829,0,100
A_well_specified,50,29,input_dependent_nonordinal,2,1214,0.8731466227347611,1.959637561779242,1.959637561779242,0,0.615567147592175,0.03988884545107373,-0.04152977320329887,0.03988884545107373,0,100
A_well_specified,50,29,input_dependent_ordinal,1,1164,0.8986254295532646,1.7379725085910653,1.7379725085910653,0,0.5356136578678821,0.042111093381109584,-0.004485051187532396,0.042111093381109584,0,100
A_well_specified,50,29,input_dependent_ordinal,4,1226,0.8858075040783034,1.5554649265905383,1.5554649265905383,0,0.7490420567814183,0.046139453048199434,-0.013501784180157184,0.04613945304819943,0,100
A_well_specified,50,29,input_dependent_ordinal,0,251,0.8725099601593626,1.2908366533864541,1.2908366533864541,0,0.4759997053945421,0.03824176670718869,-0.03907543422337448,0.03824176670718869,0,50
A_well_specified,50,29,input_dependent_ordinal,3,1145,0.9074235807860263,1.9868995633187774,1.9868995633187774,0,0.6810119501844001,0.04543476450175207,0.010832250562049062,0.04543476450175207,0,100
A_well_specified,50,29,input_dependent_ordinal,2,1214,0.8780889621087314,1.9934102141680394,1.9934102141680394,0,0.6113797747809128,0.04415688761962286,-0.029097664726559835,0.04415688761962286,0,100
A_well_specified,50,30,independent_mondrian,1,1083,0.8596491228070176,1.8679593721144967,1.8679593721144967,0,0.0,0.0,0.4829260294262277,0.0,0,100
A_well_specified,50,30,independent_mondrian,4,1239,0.9297820823244553,1.771589991928975,1.771589991928975,0,0.0,0.0,0.8222718784218872,0.0,0,100
A_well_specified,50,30,independent_mondrian,3,1245,0.9518072289156626,2.265863453815261,2.265863453815261,0,0.0,0.0,0.8853367375286055,0.0,0,100
A_well_specified,50,30,independent_mondrian,2,1185,0.8970464135021097,2.221940928270042,2.221940928270042,0,0.0,0.0,0.6528157797212423,0.0,0,100
A_well_specified,50,30,independent_mondrian,0,248,0.8588709677419355,1.1935483870967742,1.1935483870967742,0,0.0,0.0,0.4250124580299134,0.0,0,50
A_well_specified,50,30,ordinal_cluster,1,1083,0.8984302862419206,1.8624192059095106,1.8624192059095106,0,0.0,0.0,0.5694880721069209,0.0,0,100
A_well_specified,50,30,ordinal_cluster,4,1239,0.9378531073446328,1.66908797417272,1.66908797417272,0,0.0,0.0,0.8519728749164867,0.0,0,100
A_well_specified,50,30,ordinal_cluster,3,1245,0.9116465863453815,2.273895582329317,2.273895582329317,0,0.0,0.0,0.7487765590993564,0.0,0,100
A_well_specified,50,30,ordinal_cluster,2,1185,0.8978902953586498,2.212658227848101,2.212658227848101,0,0.0,0.0,0.6542856491853998,0.0,0,100
A_well_specified,50,30,ordinal_cluster,0,248,0.8790322580645161,1.342741935483871,1.342741935483871,0,0.0,0.0,0.4465019492951359,0.0,0,50
A_well_specified,50,30,input_dependent_nonordinal,1,1083,0.8568790397045245,1.651892890120037,1.651892890120037,0,0.528558104367519,0.03724254312586873,-0.051007159549982195,0.03724254312586873,0,100
A_well_specified,50,30,input_dependent_nonordinal,4,1239,0.8200161420500404,1.4786117836965296,1.4786117836965296,0,0.7645806072734326,0.051856596458243545,-0.13304454867871285,0.051856596458243545,0,100
A_well_specified,50,30,input_dependent_nonordinal,3,1245,0.9172690763052209,1.908433734939759,1.908433734939759,0,0.6905098700685374,0.037973445097892716,0.011836844856802808,0.037973445097892716,0,100
A_well_specified,50,30,input_dependent_nonordinal,2,1185,0.8776371308016878,1.9282700421940928,1.9282700421940928,0,0.5964488590057636,0.04889651780749246,-0.028033664844888284,0.04889651780749246,0,100
A_well_specified,50,30,input_dependent_nonordinal,0,248,0.8548387096774194,1.189516129032258,1.189516129032258,0,0.4167250871518513,0.02496682378954989,-0.032128427711985985,0.02496682378954989,0,50
A_well_specified,50,30,input_dependent_ordinal,1,1083,0.8568790397045245,1.6666666666666667,1.6666666666666667,0,0.5210315269702365,0.037785846841931606,-0.04270907313561001,0.037785846841931606,0,100
A_well_specified,50,30,input_dependent_ordinal,4,1239,0.8208232445520581,1.4745762711864407,1.4745762711864407,0,0.7657639659236327,0.05106884945568585,-0.1368421130079649,0.05106884945568585,0,100
A_well_specified,50,30,input_dependent_ordinal,3,1245,0.9220883534136546,1.908433734939759,1.908433734939759,0,0.6872396718950405,0.04418159013625552,0.018551951029900704,0.04418159013625552,0,100
A_well_specified,50,30,input_dependent_ordinal,2,1185,0.8919831223628693,1.9434599156118144,1.9434599156118144,0,0.6024438824018522,0.04101911110424429,-0.034683992825383925,0.04101911110424429,0,100
A_well_specified,50,30,input_dependent_ordinal,0,248,0.8588709677419355,1.1935483870967742,1.1935483870967742,0,0.42944415381905254,0.03279958492383547,-0.0401022434085791,0.03279958492383547,0,50
A_well_specified,50,31,independent_mondrian,4,1171,0.8676345004269855,1.6464560204953032,1.6464560204953032,0,0.0,0.0,0.7174628375025365,0.0,0,100
A_well_specified,50,31,independent_mondrian,3,1224,0.9215686274509803,2.2336601307189543,2.2336601307189543,0,0.0,0.0,0.7378032059169097,0.0,0,100
A_well_specified,50,31,independent_mondrian,1,1193,0.8826487845766974,1.9430008382229673,1.9430008382229673,0,0.0,0.0,0.5432648930165173,0.0,0,100
A_well_specified,50,31,independent_mondrian,2,1162,0.9148020654044751,2.1514629948364887,2.1514629948364887,0,0.0,0.0,0.7259984924062158,0.0,0,100
A_well_specified,50,31,independent_mondrian,0,250,0.88,1.416,1.416,0,0.0,0.0,0.4650980769033357,0.0,0,50
A_well_specified,50,31,ordinal_cluster,4,1171,0.8701964133219471,1.614859094790777,1.614859094790777,0,0.0,0.0,0.7246544999212664,0.0,0,100
A_well_specified,50,31,ordinal_cluster,3,1224,0.9142156862745098,2.1642156862745097,2.1642156862745097,0,0.0,0.0,0.7246544999212664,0.0,0,100
A_well_specified,50,31,ordinal_cluster,1,1193,0.8826487845766974,1.9186923721709974,1.9186923721709974,0,0.0,0.0,0.544227644241281,0.0,0,100
A_well_specified,50,31,ordinal_cluster,2,1162,0.8950086058519794,2.1230636833046472,2.1230636833046472,0,0.0,0.0,0.6651735595812697,0.0,0,100
A_well_specified,50,31,ordinal_cluster,0,250,0.916,1.436,1.436,0,0.0,0.0,0.5074568223618416,0.0,0,50
A_well_specified,50,31,input_dependent_nonordinal,4,1171,0.8710503842869343,1.6242527754056362,1.6242527754056362,0,0.7327232387188435,0.03979894018787288,-0.03156289982429761,0.03979894018787288,0,100
A_well_specified,50,31,input_dependent_nonordinal,3,1224,0.928921568627451,2.037581699346405,2.037581699346405,0,0.7072589125088337,0.06553462776470319,0.05665017919403548,0.06553462776470319,0,100
A_well_specified,50,31,input_dependent_nonordinal,1,1193,0.8709136630343671,1.829002514668902,1.829002514668902,0,0.5458261564044828,0.04291769873593484,-0.040179072893163914,0.04291769873593484,0,100
A_well_specified,50,31,input_dependent_nonordinal,2,1162,0.9113597246127366,2.0611015490533564,2.0611015490533564,0,0.6056049617189784,0.035906161125644494,0.02611293364430689,0.035906161125644494,0,100
A_well_specified,50,31,input_dependent_nonordinal,0,250,0.856,1.28,1.28,0,0.46479020399279264,0.03728327644323384,-0.025723237211186023,0.03728327644323384,0,50
A_well_specified,50,31,input_dependent_ordinal,4,1171,0.8736122971818958,1.6157130657557643,1.6157130657557643,0,0.7439135663231504,0.04735152498407132,-0.03052655611171573,0.04735152498407132,0,100
A_well_specified,50,31,input_dependent_ordinal,3,1224,0.9248366013071896,2.0449346405228757,2.0449346405228757,0,0.6785228661644499,0.045469551373751485,0.053281067349260636,0.045469551373751485,0,100
A_well_specified,50,31,input_dependent_ordinal,1,1193,0.8725901089689857,1.8130762782900252,1.8130762782900252,0,0.5492009523966418,0.042489084311720604,-0.04334143292441778,0.042489084311720604,0,100
A_well_specified,50,31,input_dependent_ordinal,2,1162,0.9156626506024096,2.0499139414802063,2.0499139414802063,0,0.6157274343136228,0.044150868732102236,0.031471881545625746,0.044150868732102236,0,100
A_well_specified,50,31,input_dependent_ordinal,0,250,0.856,1.28,1.28,0,0.458472791044033,0.03677672259573254,-0.019608288334154345,0.03677672259573254,0,50
A_well_specified,50,32,independent_mondrian,3,1245,0.8835341365461847,2.2835341365461845,2.2835341365461845,0,0.0,0.0,0.6676250351617519,0.0,0,100
A_well_specified,50,32,independent_mondrian,0,242,0.8760330578512396,1.4710743801652892,1.4710743801652892,0,0.0,0.0,0.5394140629733932,0.0,0,50
A_well_specified,50,32,independent_mondrian,4,1080,0.9296296296296296,1.6435185185185186,1.6435185185185186,0,0.0,0.0,0.9050409506454955,0.0,0,100
A_well_specified,50,32,independent_mondrian,2,1247,0.909382518043304,2.3031275060144347,2.3031275060144347,0,0.0,0.0,0.645410636138004,0.0,0,100
A_well_specified,50,32,independent_mondrian,1,1186,0.9283305227655987,1.9755480607082632,1.9755480607082632,0,0.0,0.0,0.6626843165798704,0.0,0,100
A_well_specified,50,32,ordinal_cluster,3,1245,0.9116465863453815,2.2506024096385544,2.2506024096385544,0,0.0,0.0,0.745447923882565,0.0,0,100
A_well_specified,50,32,ordinal_cluster,0,242,0.9090909090909091,1.4008264462809918,1.4008264462809918,0,0.0,0.0,0.5679611121573171,0.0,0,50
A_well_specified,50,32,ordinal_cluster,4,1080,0.9120370370370371,1.6851851851851851,1.6851851851851851,0,0.0,0.0,0.8364942056172545,0.0,0,100
A_well_specified,50,32,ordinal_cluster,2,1247,0.9190056134723336,2.2341619887730553,2.2341619887730553,0,0.0,0.0,0.6613002532666895,0.0,0,100
A_well_specified,50,32,ordinal_cluster,1,1186,0.897133220910624,2.042158516020236,2.042158516020236,0,0.0,0.0,0.5758721709951008,0.0,0,100
A_well_specified,50,32,input_dependent_nonordinal,3,1245,0.927710843373494,2.057028112449799,2.057028112449799,0,0.6942006733483446,0.05784668256179836,0.055165773641879856,0.05784668256179835,0,100
A_well_specified,50,32,input_dependent_nonordinal,0,242,0.859504132231405,1.3553719008264462,1.3553719008264462,0,0.4508160690998412,0.026950127382629297,0.030858568987300578,0.026950127382629287,0,50
A_well_specified,50,32,input_dependent_nonordinal,4,1080,0.9092592592592592,1.6592592592592592,1.6592592592592592,0,0.7710508828302108,0.05147173942985113,0.01976723531219271,0.05147173942985113,0,100
A_well_specified,50,32,input_dependent_nonordinal,2,1247,0.8909382518043304,2.077786688051323,2.077786688051323,0,0.6208808626434367,0.04251264343525873,-0.04114885020629333,0.04251264343525873,0,100
A_well_specified,50,32,input_dependent_nonordinal,1,1186,0.9131534569983136,1.8355817875210794,1.8355817875210794,0,0.5517347037412137,0.04386061528059122,0.024042720731198508,0.04386061528059122,0,100
A_well_specified,50,32,input_dependent_ordinal,3,1245,0.9220883534136546,2.040963855421687,2.040963855421687,0,0.6909642810104308,0.05026688813343801,0.03165197964296573,0.05026688813343801,0,100
A_well_specified,50,32,input_dependent_ordinal,0,242,0.8388429752066116,1.3181818181818181,1.3181818181818181,0,0.48589996142747716,0.036672492803003186,-0.017204734384881293,0.036672492803003186,0,50
A_well_specified,50,32,input_dependent_ordinal,4,1080,0.899074074074074,1.6287037037037038,1.6287037037037038,0,0.7773103684202478,0.055775045795452054,0.0004685829515826967,0.055775045795452054,0,100
A_well_specified,50,32,input_dependent_ordinal,2,1247,0.8893344025661588,2.036888532477947,2.036888532477947,0,0.6173906679891725,0.046972160147940194,-0.03781177193929994,0.04697216014794018,0,100
A_well_specified,50,32,input_dependent_ordinal,1,1186,0.9089376053962901,1.8010118043844856,1.8010118043844856,0,0.5466653647489427,0.04050989792643761,0.018136227831860613,0.04050989792643761,0,100
A_well_specified,50,33,independent_mondrian,3,1112,0.9046762589928058,2.347122302158273,2.347122302158273,0,0.0,0.0,0.7018745877399502,0.0,0,100
A_well_specified,50,33,independent_mondrian,2,1218,0.9129720853858785,2.380952380952381,2.380952380952381,0,0.0,0.0,0.6651193078493891,0.0,0,100
A_well_specified,50,33,independent_mondrian,4,1211,0.9273327828241124,1.653179190751445,1.653179190751445,0,0.0,0.0,0.867424975447756,0.0,0,100
A_well_specified,50,33,independent_mondrian,0,260,0.9346153846153846,1.6307692307692307,1.6307692307692307,0,0.0,0.0,0.5340092576156679,0.0,0,50
A_well_specified,50,33,independent_mondrian,1,1199,0.9524603836530442,2.017514595496247,2.017514595496247,0,0.0,0.0,0.7244825253721454,0.0,0,100
A_well_specified,50,33,ordinal_cluster,3,1112,0.9127697841726619,2.306654676258993,2.306654676258993,0,0.0,0.0,0.7176856495488938,0.0,0,100
A_well_specified,50,33,ordinal_cluster,2,1218,0.9277504105090312,2.3243021346469623,2.3243021346469623,0,0.0,0.0,0.6995554737660209,0.0,0,100
A_well_specified,50,33,ordinal_cluster,4,1211,0.8992568125516103,1.6498761354252685,1.6498761354252685,0,0.0,0.0,0.7867271182911129,0.0,0,100
A_well_specified,50,33,ordinal_cluster,0,260,0.9692307692307692,1.6,1.6,0,0.0,0.0,0.6804302876909435,0.0,0,50
A_well_specified,50,33,ordinal_cluster,1,1199,0.9407839866555463,2.256880733944954,2.256880733944954,0,0.0,0.0,0.6651193078493891,0.0,0,100
A_well_specified,50,33,input_dependent_nonordinal,3,1112,0.9316546762589928,2.1007194244604315,2.1007194244604315,0,0.6625479648470818,0.03913511999691351,0.06067936671200369,0.03913511999691351,0,100
A_well_specified,50,33,input_dependent_nonordinal,2,1218,0.9425287356321839,2.2044334975369457,2.2044334975369457,0,0.5981712911664969,0.0411178447617437,0.08215375063519104,0.0411178447617437,0,100
A_well_specified,50,33,input_dependent_nonordinal,4,1211,0.8835672997522709,1.6308835672997524,1.6308835672997524,0,0.7409777830498157,0.0386188921069653,-0.036778014146219284,0.0386188921069653,0,100
A_well_specified,50,33,input_dependent_nonordinal,0,260,0.8961538461538462,1.4692307692307693,1.4692307692307693,0,0.501999809361703,0.03416838850543377,-0.05792537704509032,0.03416838850543377,0,50
A_well_specified,50,33,input_dependent_nonordinal,1,1199,0.9557964970809008,1.884904086738949,1.884904086738949,0,0.514188608900788,0.028063589957642857,0.12680718130766322,0.028063589957642857,0,100
A_well_specified,50,33,input_dependent_ordinal,3,1112,0.9316546762589928,2.1052158273381294,2.1052158273381294,0,0.6604416936902493,0.03791667364118875,0.06193026895182696,0.03791667364118875,0,100
A_well_specified,50,33,input_dependent_ordinal,2,1218,0.9441707717569786,2.1798029556650245,2.1798029556650245,0,0.5974557367227529,0.034685007381030114,0.08901035648882805,0.034685007381030114,0,100
A_well_specified,50,33,input_dependent_ordinal,4,1211,0.87943848059455,1.6275805119735756,1.6275805119735756,0,0.7395327992821635,0.041286202674038076,-0.04087570252185879,0.041286202674038076,0,100
A_well_specified,50,33,input_dependent_ordinal,0,260,0.8807692307692307,1.4192307692307693,1.4192307692307693,0,0.4589320618067261,0.030492079294478492,-0.031134724954473114,0.030492079294478492,0,50
A_well_specified,50,33,input_dependent_ordinal,1,1199,0.9532944120100083,1.8757297748123436,1.8757297748123436,0,0.524997849093727,0.03364629699127359,0.10053642751580827,0.03364629699127359,0,100
A_well_specified,50,34,independent_mondrian,3,1148,0.8980836236933798,2.284843205574913,2.284843205574913,0,0.0,0.0,0.7093881860887886,0.0,0,100
A_well_specified,50,34,independent_mondrian,2,1198,0.9081803005008348,2.2378964941569284,2.2378964941569284,0,0.0,0.0,0.701664570575659,0.0,0,100
A_well_specified,50,34,independent_mondrian,1,1190,0.9176470588235294,2.1176470588235294,2.1176470588235294,0,0.0,0.0,0.6210230186932811,0.0,0,100
A_well_specified,50,34,independent_mondrian,4,1205,0.9070539419087137,1.6381742738589211,1.6381742738589211,0,0.0,0.0,0.7988712733369036,0.0,0,100
A_well_specified,50,34,independent_mondrian,0,259,0.9498069498069498,1.5482625482625483,1.5482625482625483,0,0.0,0.0,0.5764458007611593,0.0,0,50
A_well_specified,50,34,ordinal_cluster,3,1148,0.9155052264808362,2.2630662020905925,2.2630662020905925,0,0.0,0.0,0.7530702183162848,0.0,0,100
A_well_specified,50,34,ordinal_cluster,2,1198,0.8981636060100167,2.2512520868113524,2.2512520868113524,0,0.0,0.0,0.6779082174184979,0.0,0,100
A_well_specified,50,34,ordinal_cluster,1,1190,0.9176470588235294,2.103361344537815,2.103361344537815,0,0.0,0.0,0.6210230186932811,0.0,0,100
A_well_specified,50,34,ordinal_cluster,4,1205,0.8987551867219917,1.650622406639004,1.650622406639004,0,0.0,0.0,0.7782404444807598,0.0,0,100
A_well_specified,50,34,ordinal_cluster,0,259,0.9498069498069498,1.5405405405405406,1.5405405405405406,0,0.0,0.0,0.5876423913583586,0.0,0,50
A_well_specified,50,34,input_dependent_nonordinal,3,1148,0.9416376306620209,2.067073170731707,2.067073170731707,0,0.6462697126462528,0.04183890976845124,0.12573120432573176,0.04183890976845124,0,100
A_well_specified,50,34,input_dependent_nonordinal,2,1198,0.8906510851419032,2.1602671118530883,2.1602671118530883,0,0.6129595550532043,0.03177606624050459,0.0005459977537931593,0.03177606624050459,0,100
A_well_specified,50,34,input_dependent_nonordinal,1,1190,0.9016806722689076,1.8789915966386554,1.8789915966386554,0,0.5172933679974089,0.03381332091563763,0.03159238660422137,0.03381332091563763,0,100
A_well_specified,50,34,input_dependent_nonordinal,4,1205,0.9062240663900415,1.6282157676348548,1.6282157676348548,0,0.7435330954752563,0.053173178853161605,0.017330416994328246,0.053173178853161605,0,100
A_well_specified,50,34,input_dependent_nonordinal,0,259,0.9420849420849421,1.4015444015444016,1.4015444015444016,0,0.4453260167575807,0.023853932986665435,0.05950642953713392,0.023853932986665435,0,50
A_well_specified,50,34,input_dependent_ordinal,3,1148,0.9425087108013938,2.0801393728222997,2.0801393728222997,0,0.6660841828091617,0.04258886429730533,0.1088427798732155,0.04258886429730533,0,100
A_well_specified,50,34,input_dependent_ordinal,2,1198,0.8948247078464107,2.166110183639399,2.166110183639399,0,0.5977181108711778,0.03739822187699625,0.02486056692396227,0.03739822187699625,0,100
A_well_specified,50,34,input_dependent_ordinal,1,1190,0.907563025210084,1.8915966386554621,1.8915966386554621,0,0.521666250195037,0.030258297666580815,0.034119937775309084,0.030258297666580815,0,100
A_well_specified,50,34,input_dependent_ordinal,4,1205,0.9087136929460581,1.6356846473029045,1.6356846473029045,0,0.7356753013111388,0.05022165644404543,0.025677373150211902,0.05022165644404543,0,100
A_well_specified,50,34,input_dependent_ordinal,0,259,0.9420849420849421,1.4324324324324325,1.4324324324324325,0,0.4422510193466876,0.023413007471370106,0.06160868003813902,0.023413007471370106,0,50
A_well_specified,50,35,independent_mondrian,2,1222,0.9304418985270049,2.083469721767594,2.083469721767594,0,0.0,0.0,0.7106257531379764,0.0,0,100
A_well_specified,50,35,independent_mondrian,3,1228,0.8607491856677525,2.214169381107492,2.214169381107492,0,0.0,0.0,0.5897615501555563,0.0,0,100
A_well_specified,50,35,independent_mondrian,4,1180,0.8957627118644068,1.4898305084745762,1.4898305084745762,0,0.0,0.0,0.7575730940282409,0.0,0,100
A_well_specified,50,35,independent_mondrian,1,1143,0.8985126859142607,2.0673665791776026,2.0673665791776026,0,0.0,0.0,0.6004098993657496,0.0,0,100
A_well_specified,50,35,independent_mondrian,0,227,0.8986784140969163,1.4537444933920705,1.4537444933920705,0,0.0,0.0,0.5681470146780397,0.0,0,50
A_well_specified,50,35,ordinal_cluster,2,1222,0.8780687397708674,2.0597381342062193,2.0597381342062193,0,0.0,0.0,0.6057252801997781,0.0,0,100
A_well_specified,50,35,ordinal_cluster,3,1228,0.8843648208469055,1.998371335504886,1.998371335504886,0,0.0,0.0,0.6442770585376749,0.0,0,100
A_well_specified,50,35,ordinal_cluster,4,1180,0.8449152542372881,1.4652542372881356,1.4652542372881356,0,0.0,0.0,0.643660235677711,0.0,0,100
A_well_specified,50,35,ordinal_cluster,1,1143,0.9011373578302713,1.942257217847769,1.942257217847769,0,0.0,0.0,0.6086449119582992,0.0,0,100
A_well_specified,50,35,ordinal_cluster,0,227,0.9030837004405287,1.475770925110132,1.475770925110132,0,0.0,0.0,0.5765594340039242,0.0,0,50
A_well_specified,50,35,input_dependent_nonordinal,2,1222,0.9247135842880524,1.9795417348608837,1.9795417348608837,0,0.6074982156430676,0.03490941591103721,0.0320597943122356,0.03490941591103721,0,100
A_well_specified,50,35,input_dependent_nonordinal,3,1228,0.8868078175895765,1.9543973941368078,1.9543973941368078,0,0.6559392278076811,0.035323458306929345,-0.03915719760117453,0.035323458306929345,0,100
A_well_specified,50,35,input_dependent_nonordinal,4,1180,0.8627118644067797,1.4516949152542373,1.4516949152542373,0,0.7310804530176171,0.04668517105156821,-0.0562411619812444,0.04668517105156821,0,100
A_well_specified,50,35,input_dependent_nonordinal,1,1143,0.8976377952755905,1.7742782152230971,1.7742782152230971,0,0.5170946234864173,0.039476416406553215,0.035583416228160414,0.039476416406553215,0,100
A_well_specified,50,35,input_dependent_nonordinal,0,227,0.8942731277533039,1.3656387665198237,1.3656387665198237,0,0.45984364445886927,0.026854623287882795,-0.0018692518213093146,0.026854623287882795,0,50
A_well_specified,50,35,input_dependent_ordinal,2,1222,0.9263502454991817,1.9754500818330605,1.9754500818330605,0,0.5963908472622564,0.036505118545835345,0.048938427484070846,0.036505118545835345,0,100
A_well_specified,50,35,input_dependent_ordinal,3,1228,0.8843648208469055,1.9543973941368078,1.9543973941368078,0,0.6618773837955652,0.04260588701938119,-0.04104207239403013,0.04260588701938119,0,100
A_well_specified,50,35,input_dependent_ordinal,4,1180,0.8635593220338983,1.4542372881355932,1.4542372881355932,0,0.73214389298377,0.042281565306985416,-0.056060435620768345,0.042281565306985416,0,100
A_well_specified,50,35,input_dependent_ordinal,1,1143,0.8941382327209099,1.7847769028871392,1.7847769028871392,0,0.5223211009394485,0.03530480999192098,0.02228002451848149,0.03530480999192098,0,100
A_well_specified,50,35,input_dependent_ordinal,0,227,0.8942731277533039,1.3612334801762114,1.3612334801762114,0,0.46244255175382215,0.030577484645921145,-0.003480888255687431,0.030577484645921145,0,50
A_well_specified,50,36,independent_mondrian,4,1203,0.8894430590191189,1.7622610141313384,1.7622610141313384,0,0.0,0.0,0.7481122141827448,0.0,0,100
A_well_specified,50,36,independent_mondrian,1,1224,0.9215686274509803,2.0441176470588234,2.0441176470588234,0,0.0,0.0,0.6174999748198143,0.0,0,100
A_well_specified,50,36,independent_mondrian,3,1226,0.9477977161500816,2.2349102773246328,2.2349102773246328,0,0.0,0.0,0.847134671334544,0.0,0,100
A_well_specified,50,36,independent_mondrian,0,230,0.9695652173913043,1.4739130434782608,1.4739130434782608,0,0.0,0.0,0.5549758106661588,0.0,0,50
A_well_specified,50,36,independent_mondrian,2,1117,0.8934646374216652,2.325872873769024,2.325872873769024,0,0.0,0.0,0.6424314927004016,0.0,0,100
A_well_specified,50,36,ordinal_cluster,4,1203,0.9160432252701579,1.7273482959268496,1.7273482959268496,0,0.0,0.0,0.8077328854383702,0.0,0,100
A_well_specified,50,36,ordinal_cluster,1,1224,0.9215686274509803,2.1143790849673203,2.1143790849673203,0,0.0,0.0,0.6178595657513762,0.0,0,100
A_well_specified,50,36,ordinal_cluster,3,1226,0.9241435562805873,2.331973898858075,2.331973898858075,0,0.0,0.0,0.7481122141827448,0.0,0,100
A_well_specified,50,36,ordinal_cluster,0,230,0.9739130434782609,1.491304347826087,1.491304347826087,0,0.0,0.0,0.5781145040569557,0.0,0,50
A_well_specified,50,36,ordinal_cluster,2,1117,0.9149507609668756,2.294538943598926,2.294538943598926,0,0.0,0.0,0.695339637793375,0.0,0,100
A_well_specified,50,36,input_dependent_nonordinal,4,1203,0.9010806317539485,1.599334995843724,1.599334995843724,0,0.7381983583101256,0.04197009167177675,-0.003270323568546951,0.04197009167177675,0,100
A_well_specified,50,36,input_dependent_nonordinal,1,1224,0.9035947712418301,1.8357843137254901,1.8357843137254901,0,0.5589192292091741,0.044891391178639786,-0.015327235661337424,0.044891391178639786,0,100
A_well_specified,50,36,input_dependent_nonordinal,3,1226,0.9119086460032626,2.023654159869494,2.023654159869494,0,0.6816254356309814,0.043353016336639585,0.019870187311833654,0.043353016336639585,0,100
A_well_specified,50,36,input_dependent_nonordinal,0,230,0.9304347826086956,1.3478260869565217,1.3478260869565217,0,0.499773314416606,0.040864117395502476,0.02956049457988086,0.040864117395502476,0,50
A_well_specified,50,36,input_dependent_nonordinal,2,1117,0.8818263205013429,2.0161145926589077,2.0161145926589077,0,0.6057586716780529,0.028072715977121757,-0.02734962149915826,0.028072715977121757,0,100
A_well_specified,50,36,input_dependent_ordinal,4,1203,0.9035743973399833,1.630091438071488,1.630091438071488,0,0.740094097309576,0.04063519492081744,-0.0032166533289581523,0.04063519492081744,0,100
A_well_specified,50,36,input_dependent_ordinal,1,1224,0.9125816993464052,1.8562091503267975,1.8562091503267975,0,0.55436539069758,0.038540686835431805,-0.010654941660836748,0.038540686835431805,0,100
A_well_specified,50,36,input_dependent_ordinal,3,1226,0.9184339314845025,2.039151712887439,2.039151712887439,0,0.6750218630306195,0.03885253035880462,0.036378442386306165,0.03885253035880462,0,100
A_well_specified,50,36,input_dependent_ordinal,0,230,0.9347826086956522,1.3652173913043477,1.3652173913043477,0,0.5062229084505668,0.03740632910772381,0.023772508226597044,0.03740632910772381,0,50
A_well_specified,50,36,input_dependent_ordinal,2,1117,0.8845120859444942,2.033124440465533,2.033124440465533,0,0.6108507301270887,0.038952730197422104,-0.012377691403389846,0.038952730197422104,0,100
A_well_specified,50,37,independent_mondrian,1,1194,0.9204355108877722,1.9020100502512562,1.9020100502512562,0,0.0,0.0,0.6048127906761199,0.0,0,100
A_well_specified,50,37,independent_mondrian,2,1168,0.8946917808219178,2.421232876712329,2.421232876712329,0,0.0,0.0,0.6649336364817037,0.0,0,100
A_well_specified,50,37,independent_mondrian,3,1197,0.9223057644110275,2.3909774436090228,2.3909774436090228,0,0.0,0.0,0.7979187141894111,0.0,0,100
A_well_specified,50,37,independent_mondrian,4,1186,0.9620573355817875,1.7655986509274872,1.7655986509274872,0,0.0,0.0,0.978587627396927,0.0,0,100
A_well_specified,50,37,independent_mondrian,0,255,0.8862745098039215,1.427450980392157,1.427450980392157,0,0.0,0.0,0.43287518889489623,0.0,0,50
A_well_specified,50,37,ordinal_cluster,1,1194,0.8911222780569514,1.9723618090452262,1.9723618090452262,0,0.0,0.0,0.5544485233190354,0.0,0,100
A_well_specified,50,37,ordinal_cluster,2,1168,0.898972602739726,2.273116438356164,2.273116438356164,0,0.0,0.0,0.671051807726611,0.0,0,100
A_well_specified,50,37,ordinal_cluster,3,1197,0.9214703425229741,2.2965747702589807,2.2965747702589807,0,0.0,0.0,0.7954963968643914,0.0,0,100
A_well_specified,50,37,ordinal_cluster,4,1186,0.9283305227655987,1.7293423271500843,1.7293423271500843,0,0.0,0.0,0.8520336588476981,0.0,0,100
A_well_specified,50,37,ordinal_cluster,0,255,0.9215686274509803,1.3686274509803922,1.3686274509803922,0,0.0,0.0,0.5156344358899523,0.0,0,50
A_well_specified,50,37,input_dependent_nonordinal,1,1194,0.9363484087102177,1.8149078726968175,1.8149078726968175,0,0.5258273050108041,0.039102491572163514,0.059205438356383866,0.03910249157216351,0,100
A_well_specified,50,37,input_dependent_nonordinal,2,1168,0.9023972602739726,2.2482876712328768,2.2482876712328768,0,0.5877173220332294,0.03338091779515454,0.009836820097444021,0.03338091779515454,0,100
A_well_specified,50,37,input_dependent_nonordinal,3,1197,0.9440267335004177,2.273182957393484,2.273182957393484,0,0.6975129005048587,0.03335228489280147,0.08696382819180087,0.03335228489280147,0,100
A_well_specified,50,37,input_dependent_nonordinal,4,1186,0.9721753794266442,1.7251264755480606,1.7251264755480606,0,0.755758591119308,0.03794276884405275,0.18521168454682013,0.03794276884405275,0,100
A_well_specified,50,37,input_dependent_nonordinal,0,255,0.8784313725490196,1.3686274509803922,1.3686274509803922,0,0.47034525249095804,0.03456010139531197,-0.03669590027029329,0.03456010139531197,0,50
A_well_specified,50,37,input_dependent_ordinal,1,1194,0.9371859296482412,1.8174204355108878,1.8174204355108878,0,0.525231328574169,0.03603843715580045,0.06269680671724742,0.03603843715580045,0,100
A_well_specified,50,37,input_dependent_ordinal,2,1168,0.8955479452054794,2.2559931506849313,2.2559931506849313,0,0.5998483452610679,0.03640572208930489,-0.0082639634966305,0.03640572208930489,0,100
A_well_specified,50,37,input_dependent_ordinal,3,1197,0.9440267335004177,2.2748538011695905,2.2748538011695905,0,0.6871653509317939,0.035220819829766756,0.10336914475035941,0.035220819829766756,0,100
A_well_specified,50,37,input_dependent_ordinal,4,1186,0.9730185497470489,1.7259696458684655,1.7259696458684655,0,0.7576235970780255,0.03569944491298184,0.18749732745381464,0.03569944491298184,0,100
A_well_specified,50,37,input_dependent_ordinal,0,255,0.8705882352941177,1.3686274509803922,1.3686274509803922,0,0.4536126492031047,0.03621892061583922,-0.013788110891998828,0.03621892061583922,0,50
A_well_specified,50,38,independent_mondrian,1,1142,0.9036777583187391,1.9378283712784588,1.9378283712784588,0,0.0,0.0,0.6159974507879254,0.0,0,100
A_well_specified,50,38,independent_mondrian,3,1231,0.8359057676685622,2.203086921202275,2.203086921202275,0,0.0,0.0,0.595470544234091,0.0,0,100
A_well_specified,50,38,independent_mondrian,4,1201,0.9150707743547044,1.482098251457119,1.482098251457119,0,0.0,0.0,0.8367280066341171,0.0,0,100
A_well_specified,50,38,independent_mondrian,0,248,0.9153225806451613,1.4959677419354838,1.4959677419354838,0,0.0,0.0,0.5219754903557688,0.0,0,50
A_well_specified,50,38,independent_mondrian,2,1178,0.9040747028862479,2.1137521222410864,2.1137521222410864,0,0.0,0.0,0.6449246650070428,0.0,0,100
A_well_specified,50,38,ordinal_cluster,1,1142,0.9010507880910683,2.009632224168126,2.009632224168126,0,0.0,0.0,0.6087584256972473,0.0,0,100
A_well_specified,50,38,ordinal_cluster,3,1231,0.9098294069861901,2.2014622258326564,2.2014622258326564,0,0.0,0.0,0.7334091200945991,0.0,0,100
A_well_specified,50,38,ordinal_cluster,4,1201,0.9042464612822648,1.607826810990841,1.607826810990841,0,0.0,0.0,0.7984116954630408,0.0,0,100
A_well_specified,50,38,ordinal_cluster,0,248,0.9435483870967742,1.5080645161290323,1.5080645161290323,0,0.0,0.0,0.5902552607741341,0.0,0,50
A_well_specified,50,38,ordinal_cluster,2,1178,0.8904923599320883,2.2589134125636674,2.2589134125636674,0,0.0,0.0,0.6159974507879254,0.0,0,100
A_well_specified,50,38,input_dependent_nonordinal,1,1142,0.8940455341506129,1.7723292469352014,1.7723292469352014,0,0.5303722874051786,0.039224945820549806,0.010895224113136426,0.039224945820549806,0,100
A_well_specified,50,38,input_dependent_nonordinal,3,1231,0.8537774167343624,2.0357432981316004,2.0357432981316004,0,0.6808192569073438,0.05198320024795558,-0.05092067754592133,0.05198320024795558,0,100
A_well_specified,50,38,input_dependent_nonordinal,4,1201,0.9267277268942548,1.4987510407993339,1.4987510407993339,0,0.7232441098541633,0.03580782971128407,0.0843529413727665,0.03580782971128407,0,100
A_well_specified,50,38,input_dependent_nonordinal,0,248,0.9314516129032258,1.3991935483870968,1.3991935483870968,0,0.46364942232450584,0.02777800940983924,0.028599214427649206,0.02777800940983925,0,50
A_well_specified,50,38,input_dependent_nonordinal,2,1178,0.8879456706281834,1.9567062818336163,1.9567062818336163,0,0.59731585041653,0.031468344558110976,-0.026677567216554565,0.031468344558110976,0,100
A_well_specified,50,38,input_dependent_ordinal,1,1142,0.8905429071803853,1.8012259194395797,1.8012259194395797,0,0.533359887448272,0.036363646905235615,0.0023885381722641985,0.036363646905235615,0,100
A_well_specified,50,38,input_dependent_ordinal,3,1231,0.8659626320064988,2.0633631194151096,2.0633631194151096,0,0.6707192748960392,0.04007320014664876,-0.026802342918235134,0.04007320014664876,0,100
A_well_specified,50,38,input_dependent_ordinal,4,1201,0.929225645295587,1.5203996669442132,1.5203996669442132,0,0.7323854610417335,0.04120266480818428,0.08557764177370064,0.04120266480818428,0,100
A_well_specified,50,38,input_dependent_ordinal,0,248,0.9475806451612904,1.407258064516129,1.407258064516129,0,0.4746909198461167,0.033965037095537935,0.038356780508648214,0.033965037095537935,0,50
A_well_specified,50,38,input_dependent_ordinal,2,1178,0.8820033955857386,1.9762308998302207,1.9762308998302207,0,0.5940798203961163,0.037912858129318834,-0.017887151768079756,0.037912858129318834,0,100
A_well_specified,50,39,independent_mondrian,0,250,0.928,1.636,1.636,0,0.0,0.0,0.568092812494184,0.0,0,50
A_well_specified,50,39,independent_mondrian,2,1146,0.9258289703315882,2.2844677137870857,2.2844677137870857,0,0.0,0.0,0.7153446988285517,0.0,0,100
A_well_specified,50,39,independent_mondrian,3,1175,0.9038297872340425,2.275744680851064,2.275744680851064,0,0.0,0.0,0.7208271100791489,0.0,0,100
A_well_specified,50,39,independent_mondrian,4,1210,0.8735537190082645,1.6214876033057852,1.6214876033057852,0,0.0,0.0,0.7564472749270863,0.0,0,100
A_well_specified,50,39,independent_mondrian,1,1219,0.9327317473338802,2.1066447908121413,2.1066447908121413,0,0.0,0.0,0.6577016040236484,0.0,0,100
A_well_specified,50,39,ordinal_cluster,0,250,0.928,1.596,1.596,0,0.0,0.0,0.568092812494184,0.0,0,50
A_well_specified,50,39,ordinal_cluster,2,1146,0.924956369982548,2.287958115183246,2.287958115183246,0,0.0,0.0,0.7018737315198388,0.0,0,100
A_well_specified,50,39,ordinal_cluster,3,1175,0.9072340425531915,2.245957446808511,2.245957446808511,0,0.0,0.0,0.7349960474806644,0.0,0,100
A_well_specified,50,39,ordinal_cluster,4,1210,0.8628099173553719,1.6173553719008265,1.6173553719008265,0,0.0,0.0,0.74221980319989,0.0,0,100
A_well_specified,50,39,ordinal_cluster,1,1219,0.9286300246103364,2.0968006562756356,2.0968006562756356,0,0.0,0.0,0.6459871555537923,0.0,0,100
A_well_specified,50,39,input_dependent_nonordinal,0,250,0.904,1.356,1.356,0,0.4042473110868587,0.016000594642367777,0.05184837974663914,0.016000594642367777,0,50
A_well_specified,50,39,input_dependent_nonordinal,2,1146,0.9258289703315882,1.9947643979057592,1.9947643979057592,0,0.5895419992817185,0.03583246498996981,0.0501564530203642,0.03583246498996981,0,100
A_well_specified,50,39,input_dependent_nonordinal,3,1175,0.8987234042553192,2.0561702127659576,2.0561702127659576,0,0.6843591283141858,0.05455152104317128,-0.02435421549914163,0.05455152104317128,0,100
A_well_specified,50,39,input_dependent_nonordinal,4,1210,0.8876033057851239,1.5454545454545454,1.5454545454545454,0,0.761474837508072,0.04838000798169921,-0.012911902046800039,0.04838000798169921,0,100
A_well_specified,50,39,input_dependent_nonordinal,1,1219,0.896636587366694,1.8515176374077111,1.8515176374077111,0,0.5473511241232222,0.03813993482903494,-0.005473402427668861,0.03813993482903494,0,100
A_well_specified,50,39,input_dependent_ordinal,0,250,0.908,1.356,1.356,0,0.42301839733371516,0.027314143517366347,0.011987011875269182,0.027314143517366347,0,50
A_well_specified,50,39,input_dependent_ordinal,2,1146,0.9284467713787086,2.012216404886562,2.012216404886562,0,0.6013801457433072,0.03968381389540009,0.045107489648455124,0.03968381389540009,0,100
A_well_specified,50,39,input_dependent_ordinal,3,1175,0.9131914893617021,2.0731914893617023,2.0731914893617023,0,0.676080968395265,0.046083371987630434,-0.006343514914724624,0.046083371987630434,0,100
A_well_specified,50,39,input_dependent_ordinal,4,1210,0.8900826446280992,1.5661157024793388,1.5661157024793388,0,0.7650245684319357,0.05384671691393079,-0.00982561196572973,0.05384671691393079,0,100
A_well_specified,50,39,input_dependent_ordinal,1,1219,0.8925348646431501,1.8482362592288761,1.8482362592288761,0,0.5351425793320326,0.0342452716386505,-0.0038233976181212825,0.0342452716386505,0,100
A_well_specified,50,40,independent_mondrian,3,1196,0.8461538461538461,2.2951505016722407,2.2951505016722407,0,0.0,0.0,0.6220875576969396,0.0,0,100
A_well_specified,50,40,independent_mondrian,2,1225,0.9077551020408163,2.2424489795918365,2.2424489795918365,0,0.0,0.0,0.6619062989365156,0.0,0,100
A_well_specified,50,40,independent_mondrian,1,1134,0.9294532627865961,2.1119929453262785,2.1119929453262785,0,0.0,0.0,0.6198249011149342,0.0,0,100
A_well_specified,50,40,independent_mondrian,0,244,0.9590163934426229,1.5040983606557377,1.5040983606557377,0,0.0,0.0,0.6303357965353474,0.0,0,50
A_well_specified,50,40,independent_mondrian,4,1201,0.948376353039134,1.552872606161532,1.552872606161532,0,0.0,0.0,0.922786088196798,0.0,0,100
A_well_specified,50,40,ordinal_cluster,3,1196,0.8804347826086957,2.1747491638795986,2.1747491638795986,0,0.0,0.0,0.7000621512848813,0.0,0,100
A_well_specified,50,40,ordinal_cluster,2,1225,0.8938775510204081,2.229387755102041,2.229387755102041,0,0.0,0.0,0.6392362162229108,0.0,0,100
A_well_specified,50,40,ordinal_cluster,1,1134,0.9391534391534392,2.0943562610229276,2.0943562610229276,0,0.0,0.0,0.6446225623772418,0.0,0,100
A_well_specified,50,40,ordinal_cluster,0,244,0.9590163934426229,1.540983606557377,1.540983606557377,0,0.0,0.0,0.6198249011149342,0.0,0,50
A_well_specified,50,40,ordinal_cluster,4,1201,0.9025811823480433,1.5770191507077436,1.5770191507077436,0,0.0,0.0,0.7509699036894117,0.0,0,100
A_well_specified,50,40,input_dependent_nonordinal,3,1196,0.9005016722408027,2.1103678929765888,2.1103678929765888,0,0.6807837564010643,0.04896116788327562,0.017618603432583424,0.04896116788327562,0,100
A_well_specified,50,40,input_dependent_nonordinal,2,1225,0.9069387755102041,2.036734693877551,2.036734693877551,0,0.5815985876725721,0.038560336162989844,0.055256739956403456,0.038560336162989844,0,100
A_well_specified,50,40,input_dependent_nonordinal,1,1134,0.9162257495590829,1.818342151675485,1.818342151675485,0,0.5205780140818533,0.03982403351128257,0.04408120447392655,0.03982403351128257,0,100
A_well_specified,50,40,input_dependent_nonordinal,0,244,0.9098360655737705,1.3770491803278688,1.3770491803278688,0,0.43440647673781485,0.02454785018358408,0.021039651758220257,0.02454785018358408,0,50
A_well_specified,50,40,input_dependent_nonordinal,4,1201,0.9034138218151541,1.5312239800166527,1.5312239800166527,0,0.748645983183011,0.03315996459001321,-0.01222345232991473,0.03315996459001321,0,100
A_well_specified,50,40,input_dependent_ordinal,3,1196,0.8837792642140468,2.0953177257525084,2.0953177257525084,0,0.6861447754730918,0.04024741557272463,-0.018826718928764696,0.040247415572724626,0,100
A_well_specified,50,40,input_dependent_ordinal,2,1225,0.9077551020408163,2.0375510204081633,2.0375510204081633,0,0.5930678496644426,0.03920854470416094,0.044830278461091166,0.03920854470416094,0,100
A_well_specified,50,40,input_dependent_ordinal,1,1134,0.9162257495590829,1.8262786596119929,1.8262786596119929,0,0.5101298824145897,0.038735863566314435,0.053341452442632775,0.038735863566314435,0,100
A_well_specified,50,40,input_dependent_ordinal,0,244,0.930327868852459,1.3934426229508197,1.3934426229508197,0,0.4344248066405651,0.03612841601813444,0.05833474640449143,0.03612841601813444,0,50
A_well_specified,50,40,input_dependent_ordinal,4,1201,0.9050791007493755,1.5104079933388843,1.5104079933388843,0,0.7384391197693199,0.03940113081164926,-0.003179553549952807,0.03940113081164926,0,100
A_well_specified,50,41,independent_mondrian,1,1191,0.9109991603694374,1.8900083963056256,1.8900083963056256,0,0.0,0.0,0.5910457919909806,0.0,0,100
A_well_specified,50,41,independent_mondrian,3,1262,0.9199683042789224,2.2963549920760697,2.2963549920760697,0,0.0,0.0,0.752637571232478,0.0,0,100
A_well_specified,50,41,independent_mondrian,4,1144,0.9143356643356644,1.6835664335664335,1.6835664335664335,0,0.0,0.0,0.814081835210406,0.0,0,100
A_well_specified,50,41,independent_mondrian,2,1149,0.9208006962576153,2.2236727589208005,2.2236727589208005,0,0.0,0.0,0.6676402522655713,0.0,0,100
A_well_specified,50,41,independent_mondrian,0,254,0.84251968503937,1.358267716535433,1.358267716535433,0,0.0,0.0,0.4604911771556717,0.0,0,50
A_well_specified,50,41,ordinal_cluster,1,1191,0.9227539882451721,2.1125104953820317,2.1125104953820317,0,0.0,0.0,0.6111089200671412,0.0,0,100
A_well_specified,50,41,ordinal_cluster,3,1262,0.9096671949286846,2.253565768621236,2.253565768621236,0,0.0,0.0,0.7251762480185135,0.0,0,100
A_well_specified,50,41,ordinal_cluster,4,1144,0.8837412587412588,1.6346153846153846,1.6346153846153846,0,0.0,0.0,0.752637571232478,0.0,0,100
A_well_specified,50,41,ordinal_cluster,2,1149,0.9321148825065274,2.2019147084421236,2.2019147084421236,0,0.0,0.0,0.7043913978578341,0.0,0,100
A_well_specified,50,41,ordinal_cluster,0,254,0.9173228346456693,1.4803149606299213,1.4803149606299213,0,0.0,0.0,0.573113563551019,0.0,0,50
A_well_specified,50,41,input_dependent_nonordinal,1,1191,0.927791771620487,1.8581024349286315,1.8581024349286315,0,0.5045261500941732,0.038090992954628144,0.08567609380734725,0.038090992954628144,0,100
A_well_specified,50,41,input_dependent_nonordinal,3,1262,0.9183835182250396,2.1085578446909667,2.1085578446909667,0,0.6590190763399856,0.03026702772326912,0.04179650474389207,0.03026702772326912,0,100
A_well_specified,50,41,input_dependent_nonordinal,4,1144,0.9012237762237763,1.6048951048951048,1.6048951048951048,0,0.7600301355076564,0.042591251015445454,0.006460212485862593,0.042591251015445454,0,100
A_well_specified,50,41,input_dependent_nonordinal,2,1149,0.9251523063533508,2.1288076588337685,2.1288076588337685,0,0.5880347604046834,0.035475860655214075,0.043428966781458134,0.035475860655214075,0,100
A_well_specified,50,41,input_dependent_nonordinal,0,254,0.9094488188976378,1.405511811023622,1.405511811023622,0,0.4264706647855877,0.023961090338317448,0.07922035442689473,0.023961090338317448,0,50
A_well_specified,50,41,input_dependent_ordinal,1,1191,0.9269521410579346,1.8673383711167086,1.8673383711167086,0,0.5056267820249262,0.03353370018313009,0.08233368181989031,0.03353370018313009,0,100
A_well_specified,50,41,input_dependent_ordinal,3,1262,0.9112519809825673,2.1188589540412046,2.1188589540412046,0,0.6681791150411945,0.03790890442360279,0.02313823007572735,0.037908904423602806,0,100
A_well_specified,50,41,input_dependent_ordinal,4,1144,0.909965034965035,1.604020979020979,1.604020979020979,0,0.7539665678581899,0.03774457086120854,0.029725016529478676,0.03774457086120854,0,100
A_well_specified,50,41,input_dependent_ordinal,2,1149,0.9251523063533508,2.1270670147954744,2.1270670147954744,0,0.5856317767742814,0.03528907732768823,0.045333100864050124,0.03528907732768823,0,100
A_well_specified,50,41,input_dependent_ordinal,0,254,0.9133858267716536,1.4015748031496063,1.4015748031496063,0,0.4202437733698633,0.030717862114969706,0.09466034803894874,0.030717862114969706,0,50
A_well_specified,50,42,independent_mondrian,2,1213,0.9175597691673537,2.1269579554822755,2.1269579554822755,0,0.0,0.0,0.663543997833436,0.0,0,100
A_well_specified,50,42,independent_mondrian,3,1148,0.8519163763066202,2.215156794425087,2.215156794425087,0,0.0,0.0,0.6229459814064751,0.0,0,100
A_well_specified,50,42,independent_mondrian,0,262,0.8587786259541985,1.4236641221374047,1.4236641221374047,0,0.0,0.0,0.45871738538798085,0.0,0,50
A_well_specified,50,42,independent_mondrian,4,1169,0.8922155688622755,1.5226689478186484,1.5226689478186484,0,0.0,0.0,0.8216971981282868,0.0,0,100
A_well_specified,50,42,independent_mondrian,1,1208,0.9097682119205298,1.8567880794701987,1.8567880794701987,0,0.0,0.0,0.6063039118948381,0.0,0,100
A_well_specified,50,42,ordinal_cluster,2,1213,0.8961253091508656,2.1772464962901896,2.1772464962901896,0,0.0,0.0,0.6229459814064751,0.0,0,100
A_well_specified,50,42,ordinal_cluster,3,1148,0.8806620209059234,2.1385017421602788,2.1385017421602788,0,0.0,0.0,0.6979176372351577,0.0,0,100
A_well_specified,50,42,ordinal_cluster,0,262,0.8854961832061069,1.4427480916030535,1.4427480916030535,0,0.0,0.0,0.5177189097236938,0.0,0,50
A_well_specified,50,42,ordinal_cluster,4,1169,0.864841745081266,1.5491873396065012,1.5491873396065012,0,0.0,0.0,0.7545431423997194,0.0,0,100
A_well_specified,50,42,ordinal_cluster,1,1208,0.9097682119205298,1.8981788079470199,1.8981788079470199,0,0.0,0.0,0.6063039118948381,0.0,0,100
A_well_specified,50,42,input_dependent_nonordinal,2,1213,0.9381698268755152,2.0923330585325637,2.0923330585325637,0,0.6102091108100846,0.029241887704526223,0.04023675031724938,0.029241887704526223,0,100
A_well_specified,50,42,input_dependent_nonordinal,3,1148,0.8876306620209059,2.112369337979094,2.112369337979094,0,0.6845618216994438,0.05034926310738782,-0.002291962716695073,0.05034926310738782,0,100
A_well_specified,50,42,input_dependent_nonordinal,0,262,0.8244274809160306,1.3091603053435115,1.3091603053435115,0,0.4250583433796539,0.029494577617038543,-0.012659529314132528,0.029494577617038553,0,50
A_well_specified,50,42,input_dependent_nonordinal,4,1169,0.9067579127459366,1.561163387510693,1.561163387510693,0,0.759338394561422,0.06538015162954508,0.05573221804467221,0.06538015162954508,0,100
A_well_specified,50,42,input_dependent_nonordinal,1,1208,0.9014900662251656,1.8468543046357615,1.8468543046357615,0,0.522808151439669,0.033325861785285835,0.036055047351180924,0.033325861785285835,0,100
A_well_specified,50,42,input_dependent_ordinal,2,1213,0.9299258037922506,2.0832646331409728,2.0832646331409728,0,0.603138902606552,0.037948632080181365,0.04142429987031104,0.037948632080181365,0,100
A_well_specified,50,42,input_dependent_ordinal,3,1148,0.8885017421602788,2.1132404181184667,2.1132404181184667,0,0.6852524828095913,0.04952797271742843,-0.0034684547201471183,0.04952797271742843,0,100
A_well_specified,50,42,input_dependent_ordinal,0,262,0.7900763358778626,1.2786259541984732,1.2786259541984732,0,0.43246553590415665,0.023055741951123872,-0.04890692196244967,0.023055741951123872,0,50
A_well_specified,50,42,input_dependent_ordinal,4,1169,0.9127459366980325,1.5680068434559453,1.5680068434559453,0,0.7617898198898762,0.06136020201339836,0.062492549657752416,0.06136020201339836,0,100
A_well_specified,50,42,input_dependent_ordinal,1,1208,0.9072847682119205,1.804635761589404,1.804635761589404,0,0.5241571345779762,0.030081511223175254,0.040613880851297246,0.030081511223175254,0,100
A_well_specified,50,43,independent_mondrian,2,1187,0.9005897219882055,2.181971356360573,2.181971356360573,0,0.0,0.0,0.6519086152864123,0.0,0,100
A_well_specified,50,43,independent_mondrian,1,1176,0.9183673469387755,1.9702380952380953,1.9702380952380953,0,0.0,0.0,0.604473228354208,0.0,0,100
A_well_specified,50,43,independent_mondrian,3,1187,0.8963774220724515,2.160067396798652,2.160067396798652,0,0.0,0.0,0.7142120473691436,0.0,0,100
A_well_specified,50,43,independent_mondrian,4,1187,0.8812131423757371,1.5745577085088458,1.5745577085088458,0,0.0,0.0,0.7043055600524739,0.0,0,100
A_well_specified,50,43,independent_mondrian,0,263,0.9315589353612167,1.4258555133079849,1.4258555133079849,0,0.0,0.0,0.5301233535758698,0.0,0,50
A_well_specified,50,43,ordinal_cluster,2,1187,0.8930075821398483,2.1288963774220724,2.1288963774220724,0,0.0,0.0,0.6290277343042922,0.0,0,100
A_well_specified,50,43,ordinal_cluster,1,1176,0.9183673469387755,1.9642857142857142,1.9642857142857142,0,0.0,0.0,0.604473228354208,0.0,0,100
A_well_specified,50,43,ordinal_cluster,3,1187,0.8727885425442291,2.1112047177759057,2.1112047177759057,0,0.0,0.0,0.6673235970933852,0.0,0,100
A_well_specified,50,43,ordinal_cluster,4,1187,0.8812131423757371,1.5248525695029487,1.5248525695029487,0,0.0,0.0,0.7043055600524739,0.0,0,100
A_well_specified,50,43,ordinal_cluster,0,263,0.9505703422053232,1.4448669201520912,1.4448669201520912,0,0.0,0.0,0.5653821350261875,0.0,0,50
A_well_specified,50,43,input_dependent_nonordinal,2,1187,0.9208087615838247,1.975568660488627,1.975568660488627,0,0.5990969406306471,0.0340720282078382,0.026172539887971802,0.0340720282078382,0,100
A_well_specified,50,43,input_dependent_nonordinal,1,1176,0.9260204081632653,1.780612244897959,1.780612244897959,0,0.5431080236883956,0.04465945023945257,0.008760744476216886,0.04465945023945257,0,100
A_well_specified,50,43,input_dependent_nonordinal,3,1187,0.7994945240101096,2.004212299915754,2.004212299915754,0,0.6534819605889302,0.03261158570926621,-0.08520031835962016,0.03261158570926621,0,100
A_well_specified,50,43,input_dependent_nonordinal,4,1187,0.9165964616680707,1.4490311710193766,1.4490311710193766,0,0.7670819344312149,0.05600735711311103,0.019570044471118653,0.05600735711311103,0,100
A_well_specified,50,43,input_dependent_nonordinal,0,263,0.8935361216730038,1.3650190114068441,1.3650190114068441,0,0.4488811664635319,0.019457165926826184,-0.00016952967003014408,0.019457165926826184,0,50
A_well_specified,50,43,input_dependent_ordinal,2,1187,0.9216512215669755,1.9738837405223253,1.9738837405223253,0,0.6009489482531853,0.039014372647841945,0.034749845792937495,0.039014372647841945,0,100
A_well_specified,50,43,input_dependent_ordinal,1,1176,0.9336734693877551,1.8027210884353742,1.8027210884353742,0,0.5298349549683682,0.03461719559558765,0.013953524110240756,0.03461719559558765,0,100
A_well_specified,50,43,input_dependent_ordinal,3,1187,0.8037068239258636,1.9848357203032856,1.9848357203032856,0,0.6782279192229151,0.04097498957637745,-0.09976748169179162,0.04097498957637745,0,100
A_well_specified,50,43,input_dependent_ordinal,4,1187,0.9048020219039595,1.4439764111204718,1.4439764111204718,0,0.7513016324793634,0.04852711835526261,0.009791206361393745,0.04852711835526261,0,100
A_well_specified,50,43,input_dependent_ordinal,0,263,0.8859315589353612,1.349809885931559,1.349809885931559,0,0.4633772560431918,0.03153014459354201,-0.016284484760604928,0.03153014459354201,0,50
A_well_specified,50,44,independent_mondrian,2,1225,0.9093877551020408,2.2677551020408164,2.2677551020408164,0,0.0,0.0,0.6354617608562837,0.0,0,100
A_well_specified,50,44,independent_mondrian,4,1201,0.9233971690258118,1.751873438800999,1.751873438800999,0,0.0,0.0,0.9065479085774758,0.0,0,100
A_well_specified,50,44,independent_mondrian,3,1135,0.9418502202643172,2.320704845814978,2.320704845814978,0,0.0,0.0,0.8606648831629485,0.0,0,100
A_well_specified,50,44,independent_mondrian,1,1200,0.855,1.7775,1.7775,0,0.0,0.0,0.48073123798811074,0.0,0,100
A_well_specified,50,44,independent_mondrian,0,239,0.8242677824267782,1.213389121338912,1.213389121338912,0,0.0,0.0,0.3848103680726469,0.0,0,50
A_well_specified,50,44,ordinal_cluster,2,1225,0.9061224489795918,2.2587755102040816,2.2587755102040816,0,0.0,0.0,0.6226954169836139,0.0,0,100
A_well_specified,50,44,ordinal_cluster,4,1201,0.9159034138218152,1.7119067443796836,1.7119067443796836,0,0.0,0.0,0.8712338563249191,0.0,0,100
A_well_specified,50,44,ordinal_cluster,3,1135,0.9286343612334802,2.27136563876652,2.27136563876652,0,0.0,0.0,0.8252823304104191,0.0,0,100
A_well_specified,50,44,ordinal_cluster,1,1200,0.8816666666666667,1.8433333333333333,1.8433333333333333,0,0.0,0.0,0.5238067472418455,0.0,0,100
A_well_specified,50,44,ordinal_cluster,0,239,0.891213389121339,1.3430962343096233,1.3430962343096233,0,0.0,0.0,0.4576955899551783,0.0,0,50
A_well_specified,50,44,input_dependent_nonordinal,2,1225,0.8963265306122449,2.0563265306122447,2.0563265306122447,0,0.6082431030714671,0.030595908665679534,-0.017148501535354077,0.030595908665679534,0,100
A_well_specified,50,44,input_dependent_nonordinal,4,1201,0.9184013322231473,1.59533721898418,1.59533721898418,0,0.712687363662968,0.034682713356334584,0.10561825711806916,0.034682713356334584,0,100
A_well_specified,50,44,input_dependent_nonordinal,3,1135,0.9242290748898678,2.100440528634361,2.100440528634361,0,0.678804567072862,0.049048973157502486,0.0463945761203467,0.049048973157502486,0,100
A_well_specified,50,44,input_dependent_nonordinal,1,1200,0.8441666666666666,1.67,1.67,0,0.5006884507999879,0.036465402936485584,-0.026074268923201915,0.036465402936485584,0,100
A_well_specified,50,44,input_dependent_nonordinal,0,239,0.7364016736401674,1.100418410041841,1.100418410041841,0,0.4443192176489519,0.03724436606661799,-0.07630791670822773,0.03724436606661799,0,50
A_well_specified,50,44,input_dependent_ordinal,2,1225,0.9020408163265307,2.0416326530612245,2.0416326530612245,0,0.5956642717874823,0.03574868748784235,0.013562779022822546,0.03574868748784235,0,100
A_well_specified,50,44,input_dependent_ordinal,4,1201,0.9208992506244796,1.5836802664446294,1.5836802664446294,0,0.7297576545222773,0.03852679284635088,0.09870095699474224,0.03852679284635088,0,100
A_well_specified,50,44,input_dependent_ordinal,3,1135,0.9136563876651982,2.1066079295154183,2.1066079295154183,0,0.6587708839923037,0.038540850150353266,0.0365302082591919,0.038540850150353266,0,100
A_well_specified,50,44,input_dependent_ordinal,1,1200,0.845,1.6675,1.6675,0,0.5202668215658347,0.036839856827019804,-0.045274278663795575,0.036839856827019804,0,100
A_well_specified,50,44,input_dependent_ordinal,0,239,0.7405857740585774,1.108786610878661,1.108786610878661,0,0.43362374320189917,0.032383351517926914,-0.0681166055403144,0.032383351517926914,0,50
A_well_specified,50,45,independent_mondrian,3,1148,0.8937282229965157,2.1141114982578397,2.1141114982578397,0,0.0,0.0,0.6561510603723726,0.0,0,100
A_well_specified,50,45,independent_mondrian,4,1231,0.8805848903330625,1.5483346872461414,1.5483346872461414,0,0.0,0.0,0.7029606369885849,0.0,0,100
A_well_specified,50,45,independent_mondrian,1,1214,0.914332784184514,1.913509060955519,1.913509060955519,0,0.0,0.0,0.5958752882572124,0.0,0,100
A_well_specified,50,45,independent_mondrian,0,232,0.9353448275862069,1.4698275862068966,1.4698275862068966,0,0.0,0.0,0.5073283728205252,0.0,0,50
A_well_specified,50,45,independent_mondrian,2,1175,0.8978723404255319,2.098723404255319,2.098723404255319,0,0.0,0.0,0.6573522271310589,0.0,0,100
A_well_specified,50,45,ordinal_cluster,3,1148,0.8980836236933798,2.0801393728222997,2.0801393728222997,0,0.0,0.0,0.6764889764261516,0.0,0,100
A_well_specified,50,45,ordinal_cluster,4,1231,0.8732737611697806,1.5548334687246141,1.5548334687246141,0,0.0,0.0,0.6826930870483106,0.0,0,100
A_well_specified,50,45,ordinal_cluster,1,1214,0.9217462932454695,1.9777594728171335,1.9777594728171335,0,0.0,0.0,0.6138864526080077,0.0,0,100
A_well_specified,50,45,ordinal_cluster,0,232,0.9396551724137931,1.5172413793103448,1.5172413793103448,0,0.0,0.0,0.5754133810994086,0.0,0,50
A_well_specified,50,45,ordinal_cluster,2,1175,0.8859574468085106,2.1404255319148935,2.1404255319148935,0,0.0,0.0,0.6308074934498835,0.0,0,100
A_well_specified,50,45,input_dependent_nonordinal,3,1148,0.9398954703832753,2.024390243902439,2.024390243902439,0,0.6376896394697614,0.040311342256371036,0.07103688444790957,0.040311342256371036,0,100
A_well_specified,50,45,input_dependent_nonordinal,4,1231,0.8724614134849715,1.5767668562144599,1.5767668562144599,0,0.7338182484404597,0.045432230385447685,-0.04320232648393485,0.045432230385447685,0,100
A_well_specified,50,45,input_dependent_nonordinal,1,1214,0.9168039538714992,1.8130148270181219,1.8130148270181219,0,0.5319839175239229,0.030998457292182018,0.0174635663652406,0.030998457292182018,0,100
A_well_specified,50,45,input_dependent_nonordinal,0,232,0.9094827586206896,1.3663793103448276,1.3663793103448276,0,0.4036379942917527,0.01689907587240492,0.04833660167323339,0.01689907587240492,0,50
A_well_specified,50,45,input_dependent_nonordinal,2,1175,0.9080851063829787,2.022127659574468,2.022127659574468,0,0.6063801719407588,0.042051403545526514,0.0352953700296027,0.042051403545526514,0,100
A_well_specified,50,45,input_dependent_ordinal,3,1148,0.9390243902439024,2.025261324041812,2.025261324041812,0,0.6515766303790171,0.04130677524624456,0.05524301861789227,0.04130677524624456,0,100
A_well_specified,50,45,input_dependent_ordinal,4,1231,0.875710804224208,1.5751421608448415,1.5751421608448415,0,0.7323183901757002,0.04751753960134041,-0.03618403785631763,0.04751753960134041,0,100
A_well_specified,50,45,input_dependent_ordinal,1,1214,0.9159802306425041,1.7792421746293245,1.7792421746293245,0,0.5258750374468055,0.0310611307042352,0.023288568412749733,0.0310611307042352,0,100
A_well_specified,50,45,input_dependent_ordinal,0,232,0.896551724137931,1.353448275862069,1.353448275862069,0,0.4394510500578805,0.025432657995113784,-0.01585102109960701,0.025432657995113784,0,50
A_well_specified,50,45,input_dependent_ordinal,2,1175,0.9063829787234042,2.022127659574468,2.022127659574468,0,0.5918433300069109,0.03659716216454441,0.0434771972782822,0.03659716216454441,0,100
A_well_specified,50,46,independent_mondrian,4,1165,0.8394849785407725,1.4197424892703863,1.4197424892703863,0,0.0,0.0,0.6740038582585381,0.0,0,100
A_well_specified,50,46,independent_mondrian,3,1230,0.843089430894309,2.0495934959349595,2.0495934959349595,0,0.0,0.0,0.5807464875870773,0.0,0,100
A_well_specified,50,46,independent_mondrian,1,1190,0.8873949579831932,1.9184873949579833,1.9184873949579833,0,0.0,0.0,0.5456853091869103,0.0,0,100
A_well_specified,50,46,independent_mondrian,2,1151,0.8887923544743701,1.9226759339704604,1.9226759339704604,0,0.0,0.0,0.638365542755898,0.0,0,100
A_well_specified,50,46,independent_mondrian,0,264,0.9356060606060606,1.3863636363636365,1.3863636363636365,0,0.0,0.0,0.5585165055387027,0.0,0,50
A_well_specified,50,46,ordinal_cluster,4,1165,0.8334763948497854,1.455793991416309,1.455793991416309,0,0.0,0.0,0.6591632501444034,0.0,0,100
A_well_specified,50,46,ordinal_cluster,3,1230,0.8780487804878049,1.9926829268292683,1.9926829268292683,0,0.0,0.0,0.641879483774614,0.0,0,100
A_well_specified,50,46,ordinal_cluster,1,1190,0.8974789915966387,1.8294117647058823,1.8294117647058823,0,0.0,0.0,0.5715316758449813,0.0,0,100
A_well_specified,50,46,ordinal_cluster,2,1151,0.8609904430929627,1.993049522154648,1.993049522154648,0,0.0,0.0,0.5732456178204408,0.0,0,100
A_well_specified,50,46,ordinal_cluster,0,264,0.928030303030303,1.3863636363636365,1.3863636363636365,0,0.0,0.0,0.5456853091869103,0.0,0,50
A_well_specified,50,46,input_dependent_nonordinal,4,1165,0.8686695278969957,1.4523605150214591,1.4523605150214591,0,0.784831874960837,0.0623691428545372,-0.07670710458987118,0.0623691428545372,0,100
A_well_specified,50,46,input_dependent_nonordinal,3,1230,0.8731707317073171,1.8902439024390243,1.8902439024390243,0,0.6741321458493652,0.037164205577981724,-0.06010992002579796,0.037164205577981724,0,100
A_well_specified,50,46,input_dependent_nonordinal,1,1190,0.8504201680672269,1.6025210084033614,1.6025210084033614,0,0.49981539859872337,0.025139999225193714,-0.03443166595998948,0.025139999225193714,0,100
A_well_specified,50,46,input_dependent_nonordinal,2,1151,0.8470894874022589,1.853171155516942,1.853171155516942,0,0.5918342252166863,0.03472488988864004,-0.020062673381130658,0.03472488988864004,0,100
A_well_specified,50,46,input_dependent_nonordinal,0,264,0.9128787878787878,1.303030303030303,1.303030303030303,0,0.43881536994166104,0.018462112760367775,-0.01376133336587071,0.018462112760367775,0,50
A_well_specified,50,46,input_dependent_ordinal,4,1165,0.8746781115879828,1.4566523605150214,1.4566523605150214,0,0.7758522741473575,0.05620467439241701,-0.05402785543579125,0.05620467439241701,0,100
A_well_specified,50,46,input_dependent_ordinal,3,1230,0.8699186991869918,1.9097560975609755,1.9097560975609755,0,0.6791110549492543,0.04523470795489909,-0.06165314868108629,0.04523470795489909,0,100
A_well_specified,50,46,input_dependent_ordinal,1,1190,0.8470588235294118,1.6084033613445379,1.6084033613445379,0,0.5002628351725429,0.024416252681573814,-0.03720285610656099,0.024416252681573814,0,100
A_well_specified,50,46,input_dependent_ordinal,2,1151,0.8479582971329279,1.8549087749782798,1.8549087749782798,0,0.6008579763253175,0.03324065164686816,-0.028908716047834182,0.03324065164686816,0,100
A_well_specified,50,46,input_dependent_ordinal,0,264,0.9128787878787878,1.303030303030303,1.303030303030303,0,0.41074878142139143,0.01712605696746322,0.019999513290143822,0.017126056967463228,0,50
A_well_specified,50,47,independent_mondrian,2,1193,0.9186923721709975,2.041911148365465,2.041911148365465,0,0.0,0.0,0.6654554244077175,0.0,0,100
A_well_specified,50,47,independent_mondrian,1,1203,0.9201995012468828,1.9085619285120532,1.9085619285120532,0,0.0,0.0,0.6220086362190002,0.0,0,100
A_well_specified,50,47,independent_mondrian,3,1217,0.8249794576828267,2.1117502054231716,2.1117502054231716,0,0.0,0.0,0.5805685758040753,0.0,0,100
A_well_specified,50,47,independent_mondrian,4,1131,0.883289124668435,1.473916887709991,1.473916887709991,0,0.0,0.0,0.7344095192364102,0.0,0,100
A_well_specified,50,47,independent_mondrian,0,256,0.90234375,1.484375,1.484375,0,0.0,0.0,0.5005463213925115,0.0,0,50
A_well_specified,50,47,ordinal_cluster,2,1193,0.9027661357921207,2.102263202011735,2.102263202011735,0,0.0,0.0,0.6220086362190002,0.0,0,100
A_well_specified,50,47,ordinal_cluster,1,1203,0.9118869492934331,1.99833748960931,1.99833748960931,0,0.0,0.0,0.6060748782371518,0.0,0,100
A_well_specified,50,47,ordinal_cluster,3,1217,0.8742810188989318,2.064092029580937,2.064092029580937,0,0.0,0.0,0.6737421481892389,0.0,0,100
A_well_specified,50,47,ordinal_cluster,4,1131,0.8620689655172413,1.5384615384615385,1.5384615384615385,0,0.0,0.0,0.6773778147390803,0.0,0,100
A_well_specified,50,47,ordinal_cluster,0,256,0.953125,1.484375,1.484375,0,0.0,0.0,0.5857451026327842,0.0,0,50
A_well_specified,50,47,input_dependent_nonordinal,2,1193,0.9136630343671417,2.0360435875943,2.0360435875943,0,0.6206062072837065,0.05214855902960322,0.007846340374251692,0.05214855902960322,0,100
A_well_specified,50,47,input_dependent_nonordinal,1,1203,0.9251870324189526,1.8320864505403158,1.8320864505403158,0,0.5219014709371409,0.031764886769098076,0.0456829890316367,0.031764886769098076,0,100
A_well_specified,50,47,input_dependent_nonordinal,3,1217,0.8677074774034511,2.064092029580937,2.064092029580937,0,0.6682591863050956,0.0306244214554415,-0.031003088617242047,0.0306244214554415,0,100
A_well_specified,50,47,input_dependent_nonordinal,4,1131,0.9133510167992926,1.5473032714412025,1.5473032714412025,0,0.771873711931127,0.05958756158391253,-0.005415079726543759,0.05958756158391253,0,100
A_well_specified,50,47,input_dependent_nonordinal,0,256,0.84375,1.3515625,1.3515625,0,0.46219594644402096,0.04813550702119774,-0.015378494512929552,0.04813550702119774,0,50
A_well_specified,50,47,input_dependent_ordinal,2,1193,0.9195305951383068,2.056999161777033,2.056999161777033,0,0.6048980652285761,0.041955879512353675,0.022997087101060076,0.041955879512353675,0,100
A_well_specified,50,47,input_dependent_ordinal,1,1203,0.9285120532003325,1.8470490440565253,1.8470490440565253,0,0.532638932410592,0.03673718741476316,0.039236827394417806,0.03673718741476316,0,100
A_well_specified,50,47,input_dependent_ordinal,3,1217,0.8783894823336073,2.09531635168447,2.09531635168447,0,0.691014461049333,0.04469693637820472,-0.02849051333520214,0.04469693637820472,0,100
A_well_specified,50,47,input_dependent_ordinal,4,1131,0.9213085764809903,1.5632183908045978,1.5632183908045978,0,0.7608977987312189,0.05030276383125665,0.02130444060623593,0.05030276383125665,0,100
A_well_specified,50,47,input_dependent_ordinal,0,256,0.875,1.37890625,1.37890625,0,0.44019783158614123,0.0327013480042421,0.007548156355433766,0.0327013480042421,0,50
A_well_specified,50,48,independent_mondrian,2,1168,0.8792808219178082,2.122431506849315,2.122431506849315,0,0.0,0.0,0.608967926486471,0.0,0,100
A_well_specified,50,48,independent_mondrian,4,1219,0.867104183757178,1.524200164068909,1.524200164068909,0,0.0,0.0,0.719462839143708,0.0,0,100
A_well_specified,50,48,independent_mondrian,3,1206,0.8913764510779436,2.1069651741293534,2.1069651741293534,0,0.0,0.0,0.6687022977880767,0.0,0,100
A_well_specified,50,48,independent_mondrian,1,1147,0.9293809938971229,1.934612031386225,1.934612031386225,0,0.0,0.0,0.6170846289316071,0.0,0,100
A_well_specified,50,48,independent_mondrian,0,260,0.9230769230769231,1.4461538461538461,1.4461538461538461,0,0.0,0.0,0.5574403298500256,0.0,0,50
A_well_specified,50,48,ordinal_cluster,2,1168,0.8929794520547946,2.131849315068493,2.131849315068493,0,0.0,0.0,0.6329602837936168,0.0,0,100
A_well_specified,50,48,ordinal_cluster,4,1219,0.859721082854799,1.5307629204265791,1.5307629204265791,0,0.0,0.0,0.7008232127486915,0.0,0,100
A_well_specified,50,48,ordinal_cluster,3,1206,0.8980099502487562,2.111111111111111,2.111111111111111,0,0.0,0.0,0.6857775456998656,0.0,0,100
A_well_specified,50,48,ordinal_cluster,1,1147,0.9250217959895379,2.005231037489102,2.005231037489102,0,0.0,0.0,0.5900595991048366,0.0,0,100
A_well_specified,50,48,ordinal_cluster,0,260,0.9346153846153846,1.4076923076923078,1.4076923076923078,0,0.0,0.0,0.5900595991048366,0.0,0,50
A_well_specified,50,48,input_dependent_nonordinal,2,1168,0.848458904109589,1.9503424657534247,1.9503424657534247,0,0.6059069983000929,0.03645671109534125,-0.06981108390280566,0.03645671109534125,0,100
A_well_specified,50,48,input_dependent_nonordinal,4,1219,0.874487284659557,1.509433962264151,1.509433962264151,0,0.7660320856841176,0.05015087223008668,-0.05090271149179637,0.05015087223008668,0,100
A_well_specified,50,48,input_dependent_nonordinal,3,1206,0.912106135986733,1.9170812603648424,1.9170812603648424,0,0.6667320161008259,0.04039187574011526,0.010796217220133797,0.04039187574011526,0,100
A_well_specified,50,48,input_dependent_nonordinal,1,1147,0.909328683522232,1.6931124673060156,1.6931124673060156,0,0.5068891989158668,0.03484754748190119,0.02185704851091419,0.03484754748190119,0,100
A_well_specified,50,48,input_dependent_nonordinal,0,260,0.9192307692307692,1.2961538461538462,1.2961538461538462,0,0.4369986633467402,0.026180054327147484,0.015638995483365503,0.026180054327147484,0,50
A_well_specified,50,48,input_dependent_ordinal,2,1168,0.8476027397260274,1.9417808219178083,1.9417808219178083,0,0.6012089420428891,0.03627054839970928,-0.065753774667001,0.03627054839970928,0,100
A_well_specified,50,48,input_dependent_ordinal,4,1219,0.8769483182936834,1.5036915504511894,1.5036915504511894,0,0.7616234514704155,0.04861510971044145,-0.04345848914050121,0.04861510971044145,0,100
A_well_specified,50,48,input_dependent_ordinal,3,1206,0.9104477611940298,1.9170812603648424,1.9170812603648424,0,0.6743970872631119,0.042981773778291384,-3.26943419827197e-05,0.042981773778291384,0,100
A_well_specified,50,48,input_dependent_ordinal,1,1147,0.9084568439407149,1.6948561464690497,1.6948561464690497,0,0.5119190530916835,0.03352056805224307,0.013277386755740306,0.03352056805224307,0,100
A_well_specified,50,48,input_dependent_ordinal,0,260,0.9192307692307692,1.2846153846153847,1.2846153846153847,0,0.41959158166520705,0.028675492661340077,0.03786989979165323,0.028675492661340077,0,50
A_well_specified,50,49,independent_mondrian,4,1209,0.8320926385442514,1.5864350703060381,1.5864350703060381,0,0.0,0.0,0.6592498147638708,0.0,0,100
A_well_specified,50,49,independent_mondrian,2,1170,0.9017094017094017,2.1606837606837606,2.1606837606837606,0,0.0,0.0,0.6513939351124328,0.0,0,100
A_well_specified,50,49,independent_mondrian,1,1180,0.9101694915254237,1.9347457627118645,1.9347457627118645,0,0.0,0.0,0.5941013426123778,0.0,0,100
A_well_specified,50,49,independent_mondrian,3,1180,0.8864406779661017,2.074576271186441,2.074576271186441,0,0.0,0.0,0.7062146166884531,0.0,0,100
A_well_specified,50,49,independent_mondrian,0,261,0.9118773946360154,1.4329501915708813,1.4329501915708813,0,0.0,0.0,0.5201418507825047,0.0,0,50
A_well_specified,50,49,ordinal_cluster,4,1209,0.8444995864350703,1.564929693961952,1.564929693961952,0,0.0,0.0,0.6855333120318761,0.0,0,100
A_well_specified,50,49,ordinal_cluster,2,1170,0.9034188034188034,2.141025641025641,2.141025641025641,0,0.0,0.0,0.6562061788228328,0.0,0,100
A_well_specified,50,49,ordinal_cluster,1,1180,0.9101694915254237,1.9923728813559323,1.9923728813559323,0,0.0,0.0,0.5941013426123778,0.0,0,100
A_well_specified,50,49,ordinal_cluster,3,1180,0.8754237288135593,2.1,2.1,0,0.0,0.0,0.6749059522161992,0.0,0,100
A_well_specified,50,49,ordinal_cluster,0,261,0.9386973180076629,1.4636015325670497,1.4636015325670497,0,0.0,0.0,0.5671261308897991,0.0,0,50
A_well_specified,50,49,input_dependent_nonordinal,4,1209,0.8957816377171216,1.662531017369727,1.662531017369727,0,0.7345898370978958,0.0351905282231485,0.014156907328632118,0.0351905282231485,0,100
A_well_specified,50,49,input_dependent_nonordinal,2,1170,0.9051282051282051,2.1538461538461537,2.1538461538461537,0,0.5873554817976209,0.027237246412992782,0.04562063973822372,0.027237246412992782,0,100
A_well_specified,50,49,input_dependent_nonordinal,1,1180,0.9322033898305084,1.8652542372881356,1.8652542372881356,0,0.5459750887611292,0.04014051978682369,0.040401517831236244,0.04014051978682369,0,100
A_well_specified,50,49,input_dependent_nonordinal,3,1180,0.9322033898305084,2.0889830508474576,2.0889830508474576,0,0.7192104997933091,0.04934270767468974,0.05886464495330168,0.04934270767468974,0,100
A_well_specified,50,49,input_dependent_nonordinal,0,261,0.9080459770114943,1.3946360153256705,1.3946360153256705,0,0.422715690659343,0.030810707090797976,0.024486352106513676,0.030810707090797976,0,50
A_well_specified,50,49,input_dependent_ordinal,4,1209,0.8990901571546733,1.671629445822994,1.671629445822994,0,0.7543189704919165,0.0397931805862947,0.0022822624122898483,0.0397931805862947,0,100
A_well_specified,50,49,input_dependent_ordinal,2,1170,0.9196581196581196,2.182051282051282,2.182051282051282,0,0.6114682297636134,0.035954808929869145,0.05319226243507713,0.035954808929869145,0,100
A_well_specified,50,49,input_dependent_ordinal,1,1180,0.9347457627118644,1.8838983050847458,1.8838983050847458,0,0.5358768042826408,0.03489066356188242,0.05526913141965373,0.03489066356188242,0,100
A_well_specified,50,49,input_dependent_ordinal,3,1180,0.9279661016949152,2.113559322033898,2.113559322033898,0,0.6839008020936056,0.03901282844940063,0.07635271956560896,0.03901282844940063,0,100
A_well_specified,50,49,input_dependent_ordinal,0,261,0.9080459770114943,1.4061302681992338,1.4061302681992338,0,0.4462805108795974,0.03666736148733058,9.710226127085386e-05,0.03666736148733058,0,50
A_well_specified,20,0,independent_mondrian,3,1156,0.8460207612456747,1.8737024221453287,1.8737024221453287,0,0.0,0.0,0.5764486160831879,0.0,0,100
A_well_specified,20,0,independent_mondrian,1,1221,0.9180999180999181,1.755937755937756,1.755937755937756,0,0.0,0.0,0.585222984599247,0.0,0,100
A_well_specified,20,0,independent_mondrian,4,1172,0.8438566552901023,1.39419795221843,1.39419795221843,0,0.0,0.0,0.6623666111242456,0.0,0,100
A_well_specified,20,0,independent_mondrian,0,244,0.8770491803278688,1.3934426229508197,1.3934426229508197,0,0.0,0.0,0.5523297139067838,0.0,0,20
A_well_specified,20,0,independent_mondrian,2,1207,0.8384424192212097,1.9047224523612263,1.9047224523612263,0,0.0,0.0,0.5115687462934244,0.0,0,100
A_well_specified,20,0,ordinal_cluster,3,1156,0.8486159169550173,1.8806228373702423,1.8806228373702423,0,0.0,0.0,0.5827742004093749,0.0,0,100
A_well_specified,20,0,ordinal_cluster,1,1221,0.9009009009009009,1.841113841113841,1.841113841113841,0,0.0,0.0,0.5491928483048804,0.0,0,100
A_well_specified,20,0,ordinal_cluster,4,1172,0.8174061433447098,1.386518771331058,1.386518771331058,0,0.0,0.0,0.6221746095219578,0.0,0,100
A_well_specified,20,0,ordinal_cluster,0,244,0.8852459016393442,1.360655737704918,1.360655737704918,0,0.0,0.0,0.5710671646278384,0.0,0,20
A_well_specified,20,0,ordinal_cluster,2,1207,0.8674399337199669,1.8980944490472245,1.8980944490472245,0,0.0,0.0,0.5576304103877097,0.0,0,100
A_well_specified,20,0,input_dependent_nonordinal,3,1156,0.8217993079584776,1.8555363321799307,1.8555363321799307,0,0.646742504516516,0.04420808951167023,-0.07920570465585652,0.04420808951167023,0,100
A_well_specified,20,0,input_dependent_nonordinal,1,1221,0.9271089271089271,1.8214578214578214,1.8214578214578214,0,0.5353629465188489,0.040338409649858395,0.02620315981044352,0.040338409649858395,0,100
A_well_specified,20,0,input_dependent_nonordinal,4,1172,0.8660409556313993,1.4377133105802047,1.4377133105802047,0,0.7716958626834403,0.05419157010431178,-0.06695374727423586,0.05419157010431178,0,100
A_well_specified,20,0,input_dependent_nonordinal,0,244,0.9590163934426229,1.4959016393442623,1.4959016393442623,0,0.5440524078871136,0.04124967041241954,0.07548320132306194,0.04124967041241954,0,20
A_well_specified,20,0,input_dependent_nonordinal,2,1207,0.8608119304059652,1.9378624689312345,1.9378624689312345,0,0.6012354015981378,0.04477425288985307,-0.05113126799084744,0.04477425288985307,0,100
A_well_specified,20,0,input_dependent_ordinal,3,1156,0.8226643598615917,1.856401384083045,1.856401384083045,0,0.6697320486576108,0.046607074255437045,-0.09478629791356774,0.046607074255437045,0,100
A_well_specified,20,0,input_dependent_ordinal,1,1221,0.9271089271089271,1.8222768222768222,1.8222768222768222,0,0.5323473645325314,0.04074313256937929,0.03060747302511696,0.04074313256937929,0,100
A_well_specified,20,0,input_dependent_ordinal,4,1172,0.871160409556314,1.4513651877133107,1.4513651877133107,0,0.7467866005651651,0.05132066622000102,-0.0390526416512027,0.05132066622000102,0,100
A_well_specified,20,0,input_dependent_ordinal,0,244,0.9590163934426229,1.4959016393442623,1.4959016393442623,0,0.4987032206883008,0.038350928353873964,0.11020020006492853,0.038350928353873964,0,20
A_well_specified,20,0,input_dependent_ordinal,2,1207,0.859983429991715,1.9395194697597349,1.9395194697597349,0,0.6127800171038795,0.044514352980912206,-0.06306704994134316,0.044514352980912206,0,100
A_well_specified,20,1,independent_mondrian,1,1159,0.9663503019844694,1.9059534081104401,1.9059534081104401,0,0.0,0.0,0.7227750610020124,0.0,0,100
A_well_specified,20,1,independent_mondrian,0,255,0.9058823529411765,1.6274509803921569,1.6274509803921569,0,0.0,0.0,0.5108673625088848,0.0,0,20
A_well_specified,20,1,independent_mondrian,3,1195,0.8569037656903765,2.0845188284518827,2.0845188284518827,0,0.0,0.0,0.6266319291873593,0.0,0,100
A_well_specified,20,1,independent_mondrian,4,1143,0.8398950131233596,1.5074365704286965,1.5074365704286965,0,0.0,0.0,0.6937802306843096,0.0,0,100
A_well_specified,20,1,independent_mondrian,2,1248,0.8822115384615384,2.1963141025641026,2.1963141025641026,0,0.0,0.0,0.6177327206646631,0.0,0,100
A_well_specified,20,1,ordinal_cluster,1,1159,0.9534081104400345,2.264020707506471,2.264020707506471,0,0.0,0.0,0.6725630507802882,0.0,0,100
A_well_specified,20,1,ordinal_cluster,0,255,0.9607843137254902,1.603921568627451,1.603921568627451,0,0.0,0.0,0.7124722458142125,0.0,0,20
A_well_specified,20,1,ordinal_cluster,3,1195,0.8728033472803347,2.097907949790795,2.097907949790795,0,0.0,0.0,0.6529883059409305,0.0,0,100
A_well_specified,20,1,ordinal_cluster,4,1143,0.820647419072616,1.5319335083114611,1.5319335083114611,0,0.0,0.0,0.6557163735297664,0.0,0,100
A_well_specified,20,1,ordinal_cluster,2,1248,0.9030448717948718,2.2315705128205128,2.2315705128205128,0,0.0,0.0,0.6650961042577638,0.0,0,100
A_well_specified,20,1,input_dependent_nonordinal,1,1159,0.9801553062985332,1.729939603106126,1.729939603106126,0,0.540773943974793,0.041272608545786196,0.1284494141255863,0.041272608545786196,0,100
A_well_specified,20,1,input_dependent_nonordinal,0,255,0.9254901960784314,1.4941176470588236,1.4941176470588236,0,0.4736861691237938,0.025635548976421584,0.02316278029231733,0.025635548976421584,0,20
A_well_specified,20,1,input_dependent_nonordinal,3,1195,0.8100418410041841,1.8619246861924685,1.8619246861924685,0,0.6611270663633791,0.02959362486777662,-0.11576402008850861,0.02959362486777662,0,100
A_well_specified,20,1,input_dependent_nonordinal,4,1143,0.8565179352580927,1.4251968503937007,1.4251968503937007,0,0.7394492044668497,0.03543308198469254,-0.049133992298707074,0.03543308198469254,0,100
A_well_specified,20,1,input_dependent_nonordinal,2,1248,0.8060897435897436,1.9174679487179487,1.9174679487179487,0,0.604514101266256,0.037368659220655,-0.07917661615880645,0.037368659220655,0,100
A_well_specified,20,1,input_dependent_ordinal,1,1159,0.9792924935289042,1.729076790336497,1.729076790336497,0,0.5356609046060025,0.03636050984621338,0.13004216285753356,0.03636050984621338,0,100
A_well_specified,20,1,input_dependent_ordinal,0,255,0.9215686274509803,1.4862745098039216,1.4862745098039216,0,0.47929380230866964,0.04002741917695592,0.014056697047649891,0.04002741917695592,0,20
A_well_specified,20,1,input_dependent_ordinal,3,1195,0.8092050209205021,1.8527196652719666,1.8527196652719666,0,0.6678385404441796,0.035109828591288084,-0.11989045328240264,0.035109828591288084,0,100
A_well_specified,20,1,input_dependent_ordinal,4,1143,0.8556430446194225,1.4234470691163605,1.4234470691163605,0,0.7350760127444597,0.03398552899001459,-0.04776263447486928,0.03398552899001459,0,100
A_well_specified,20,1,input_dependent_ordinal,2,1248,0.8125,1.9383012820512822,1.9383012820512822,0,0.607377101389269,0.03459768175191439,-0.08187605763978123,0.03459768175191439,0,100
A_well_specified,20,2,independent_mondrian,0,258,0.6937984496124031,1.1007751937984496,1.1007751937984496,0,0.0,0.0,0.28539710127120804,0.0,0,20
A_well_specified,20,2,independent_mondrian,2,1212,0.91996699669967,2.201320132013201,2.201320132013201,0,0.0,0.0,0.6841153014714653,0.0,0,100
A_well_specified,20,2,independent_mondrian,1,1207,0.8732394366197183,1.7779618889809445,1.7779618889809445,0,0.0,0.0,0.5490752679146813,0.0,0,100
A_well_specified,20,2,independent_mondrian,4,1137,0.9032541776605101,1.7053649956024626,1.7053649956024626,0,0.0,0.0,0.7790764476862351,0.0,0,100
A_well_specified,20,2,independent_mondrian,3,1186,0.9258010118043845,2.246205733558179,2.246205733558179,0,0.0,0.0,0.7972329715545257,0.0,0,100
A_well_specified,20,2,ordinal_cluster,0,258,0.9457364341085271,1.375968992248062,1.375968992248062,0,0.0,0.0,0.5477504828866624,0.0,0,20
A_well_specified,20,2,ordinal_cluster,2,1212,0.9174917491749175,2.207095709570957,2.207095709570957,0,0.0,0.0,0.6753244743857045,0.0,0,100
A_well_specified,20,2,ordinal_cluster,1,1207,0.8790389395194698,2.0173985086992543,2.0173985086992543,0,0.0,0.0,0.5600739019602041,0.0,0,100
A_well_specified,20,2,ordinal_cluster,4,1137,0.9076517150395779,1.6710642040457344,1.6710642040457344,0,0.0,0.0,0.795784452431183,0.0,0,100
A_well_specified,20,2,ordinal_cluster,3,1186,0.9156829679595279,2.251264755480607,2.251264755480607,0,0.0,0.0,0.7559880438334895,0.0,0,100
A_well_specified,20,2,input_dependent_nonordinal,0,258,0.875968992248062,1.302325581395349,1.302325581395349,0,0.4514431634354079,0.04672219081784268,0.00904046428594249,0.046722190817842686,0,20
A_well_specified,20,2,input_dependent_nonordinal,2,1212,0.9084158415841584,2.128712871287129,2.128712871287129,0,0.6058390577854822,0.03880827599143512,0.011192685144093273,0.03880827599143512,0,100
A_well_specified,20,2,input_dependent_nonordinal,1,1207,0.9072079536039768,1.8541839270919636,1.8541839270919636,0,0.5822994846853059,0.0410103897346352,-0.009033491892168177,0.0410103897346352,0,100
A_well_specified,20,2,input_dependent_nonordinal,4,1137,0.9085312225153914,1.6121372031662269,1.6121372031662269,0,0.733784336198919,0.037789648362718226,-0.011801902399482533,0.037789648362718226,0,100
A_well_specified,20,2,input_dependent_nonordinal,3,1186,0.9173693086003373,2.0548060708263067,2.0548060708263067,0,0.6899979663653324,0.04124138445504538,0.03353818578750134,0.04124138445504538,0,100
A_well_specified,20,2,input_dependent_ordinal,0,258,0.875968992248062,1.302325581395349,1.302325581395349,0,0.48225545064433734,0.04598787790911526,-0.024306116728377986,0.04598787790911526,0,20
A_well_specified,20,2,input_dependent_ordinal,2,1212,0.9100660066006601,2.1303630363036303,2.1303630363036303,0,0.6233650060725278,0.03909274976645257,-0.005636760323725287,0.03909274976645257,0,100
A_well_specified,20,2,input_dependent_ordinal,1,1207,0.9072079536039768,1.8492129246064624,1.8492129246064624,0,0.5638735697163326,0.041455912548230826,0.011340512723761742,0.041455912548230826,0,100
A_well_specified,20,2,input_dependent_ordinal,4,1137,0.9076517150395779,1.6094986807387863,1.6094986807387863,0,0.736544745484338,0.03823872704656825,-0.01394713544655718,0.03823872704656825,0,100
A_well_specified,20,2,input_dependent_ordinal,3,1186,0.9173693086003373,2.0531197301854975,2.0531197301854975,0,0.6800985936228127,0.03997829501644328,0.041544713523220866,0.03997829501644328,0,100
A_well_specified,20,3,independent_mondrian,2,1205,0.9427385892116182,2.1053941908713694,2.1053941908713694,0,0.0,0.0,0.7550614958291322,0.0,0,100
A_well_specified,20,3,independent_mondrian,3,1203,0.9118869492934331,2.2186201163757273,2.2186201163757273,0,0.0,0.0,0.7410045016333981,0.0,0,100
A_well_specified,20,3,independent_mondrian,1,1194,0.871859296482412,2.0753768844221105,2.0753768844221105,0,0.0,0.0,0.495266275528074,0.0,0,100
A_well_specified,20,3,independent_mondrian,4,1147,0.8796861377506539,1.6687009590235398,1.6687009590235398,0,0.0,0.0,0.7114025995093395,0.0,0,100
A_well_specified,20,3,independent_mondrian,0,251,0.9243027888446215,1.3147410358565736,1.3147410358565736,0,0.0,0.0,0.542586691665991,0.0,0,20
A_well_specified,20,3,ordinal_cluster,2,1205,0.9294605809128631,2.3178423236514525,2.3178423236514525,0,0.0,0.0,0.7018178135224553,0.0,0,100
A_well_specified,20,3,ordinal_cluster,3,1203,0.9118869492934331,2.2427265170407313,2.2427265170407313,0,0.0,0.0,0.7403223920289882,0.0,0,100
A_well_specified,20,3,ordinal_cluster,1,1194,0.9505862646566164,2.02428810720268,2.02428810720268,0,0.0,0.0,0.6841601907380526,0.0,0,100
A_well_specified,20,3,ordinal_cluster,4,1147,0.8823016564952049,1.6512641673931996,1.6512641673931996,0,0.0,0.0,0.7171092018785904,0.0,0,100
A_well_specified,20,3,ordinal_cluster,0,251,0.9123505976095617,1.657370517928287,1.657370517928287,0,0.0,0.0,0.495266275528074,0.0,0,20
A_well_specified,20,3,input_dependent_nonordinal,2,1205,0.9195020746887966,2.0199170124481327,2.0199170124481327,0,0.6074830844572364,0.035681603627852526,0.01735520614853525,0.035681603627852526,0,100
A_well_specified,20,3,input_dependent_nonordinal,3,1203,0.8952618453865336,2.039900249376559,2.039900249376559,0,0.6700809416892626,0.034466347524264127,0.005215730303629207,0.034466347524264127,0,100
A_well_specified,20,3,input_dependent_nonordinal,1,1194,0.9061976549413735,1.8073701842546064,1.8073701842546064,0,0.566626318711718,0.04032134267605652,-0.020123163915215514,0.04032134267605652,0,100
A_well_specified,20,3,input_dependent_nonordinal,4,1147,0.8988666085440279,1.5649520488230166,1.5649520488230166,0,0.7306743029027369,0.04171535395651723,-0.0062119196797738585,0.04171535395651723,0,100
A_well_specified,20,3,input_dependent_nonordinal,0,251,0.9282868525896414,1.4262948207171315,1.4262948207171315,0,0.4450247898846766,0.02878966161818098,0.011537318842791883,0.02878966161818097,0,20
A_well_specified,20,3,input_dependent_ordinal,2,1205,0.9186721991701244,2.0182572614107883,2.0182572614107883,0,0.6092005869011404,0.03797383011615728,0.012859060624803909,0.03797383011615728,0,100
A_well_specified,20,3,input_dependent_ordinal,3,1203,0.8969243557772236,2.039900249376559,2.039900249376559,0,0.6734539673173899,0.03831210363142088,0.010324074015586437,0.03831210363142088,0,100
A_well_specified,20,3,input_dependent_ordinal,1,1194,0.9020100502512562,1.8425460636515913,1.8425460636515913,0,0.5540448401022797,0.03534898005354954,-0.022913380056649613,0.03534898005354954,0,100
A_well_specified,20,3,input_dependent_ordinal,4,1147,0.902353966870096,1.5736704446381866,1.5736704446381866,0,0.730526196601852,0.03906591458881329,-0.0040528757377473745,0.03906591458881329,0,100
A_well_specified,20,3,input_dependent_ordinal,0,251,0.9561752988047809,1.4422310756972112,1.4422310756972112,0,0.48158311026497197,0.039592311497862305,0.017638694317049897,0.039592311497862305,0,20
A_well_specified,20,4,independent_mondrian,3,1202,0.9217970049916805,2.305324459234609,2.305324459234609,0,0.0,0.0,0.8122923761539864,0.0,0,100
A_well_specified,20,4,independent_mondrian,1,1207,0.9511184755592378,2.282518641259321,2.282518641259321,0,0.0,0.0,0.7114413177101696,0.0,0,100
A_well_specified,20,4,independent_mondrian,2,1159,0.9344262295081968,2.5012942191544436,2.5012942191544436,0,0.0,0.0,0.7038891455028076,0.0,0,100
A_well_specified,20,4,independent_mondrian,4,1192,0.8817114093959731,1.6820469798657718,1.6820469798657718,0,0.0,0.0,0.7541547990759729,0.0,0,100
A_well_specified,20,4,independent_mondrian,0,240,0.9625,1.6583333333333334,1.6583333333333334,0,0.0,0.0,0.6508695721589659,0.0,0,20
A_well_specified,20,4,ordinal_cluster,3,1202,0.9026622296173045,2.3161397670549086,2.3161397670549086,0,0.0,0.0,0.7448430049919701,0.0,0,100
A_well_specified,20,4,ordinal_cluster,1,1207,0.9469759734879868,2.337199668599834,2.337199668599834,0,0.0,0.0,0.6945325951263837,0.0,0,100
A_well_specified,20,4,ordinal_cluster,2,1159,0.9378774805867127,2.433994823123382,2.433994823123382,0,0.0,0.0,0.7174881250179128,0.0,0,100
A_well_specified,20,4,ordinal_cluster,4,1192,0.889261744966443,1.6359060402684564,1.6359060402684564,0,0.0,0.0,0.7718391404458422,0.0,0,100
A_well_specified,20,4,ordinal_cluster,0,240,0.9666666666666667,1.65,1.65,0,0.0,0.0,0.6945325951263837,0.0,0,20
A_well_specified,20,4,input_dependent_nonordinal,3,1202,0.9309484193011647,2.117304492512479,2.117304492512479,0,0.6882690016645457,0.03352268464058273,0.09505904118830799,0.03352268464058273,0,100
A_well_specified,20,4,input_dependent_nonordinal,1,1207,0.927920463960232,1.9353769676884838,1.9353769676884838,0,0.5451723729305072,0.04000877075786161,0.015040673779017855,0.04000877075786161,0,100
A_well_specified,20,4,input_dependent_nonordinal,2,1159,0.9482312338222606,2.2174288179465056,2.2174288179465056,0,0.6201463006891723,0.054995425320334114,0.055706994733298654,0.054995425320334114,0,100
A_well_specified,20,4,input_dependent_nonordinal,4,1192,0.8691275167785235,1.6182885906040267,1.6182885906040267,0,0.7416606009099084,0.04727983470899302,-0.039133149088878716,0.04727983470899302,0,100
A_well_specified,20,4,input_dependent_nonordinal,0,240,0.9041666666666667,1.3416666666666666,1.3416666666666666,0,0.4861759227815181,0.0440792444204365,-0.006903316343571886,0.0440792444204365,0,20
A_well_specified,20,4,input_dependent_ordinal,3,1202,0.9309484193011647,2.127287853577371,2.127287853577371,0,0.6839394477342373,0.04331335108543312,0.10066118364371768,0.04331335108543312,0,100
A_well_specified,20,4,input_dependent_ordinal,1,1207,0.9304059652029826,1.9585749792874896,1.9585749792874896,0,0.5470324120281023,0.044296653825652725,0.020660294326217354,0.044296653825652725,0,100
A_well_specified,20,4,input_dependent_ordinal,2,1159,0.9568593615185504,2.204486626402071,2.204486626402071,0,0.6205732139647114,0.04355548516316882,0.06529910838721042,0.04355548516316882,0,100
A_well_specified,20,4,input_dependent_ordinal,4,1192,0.8640939597315436,1.601510067114094,1.601510067114094,0,0.7429333179045641,0.0439861423813581,-0.04968709237031488,0.0439861423813581,0,100
A_well_specified,20,4,input_dependent_ordinal,0,240,0.9083333333333333,1.3583333333333334,1.3583333333333334,0,0.4760659764963675,0.04210995131855445,0.003993170654281619,0.04210995131855445,0,20
A_well_specified,20,5,independent_mondrian,4,1185,0.8919831223628693,1.6329113924050633,1.6329113924050633,0,0.0,0.0,0.7850278205966088,0.0,0,100
A_well_specified,20,5,independent_mondrian,0,267,0.8164794007490637,1.3970037453183521,1.3970037453183521,0,0.0,0.0,0.3619477754577655,0.0,0,20
A_well_specified,20,5,independent_mondrian,1,1180,0.9347457627118644,1.7076271186440677,1.7076271186440677,0,0.0,0.0,0.6223224280664742,0.0,0,100
A_well_specified,20,5,independent_mondrian,3,1161,0.9061154177433247,2.1670973298880276,2.1670973298880276,0,0.0,0.0,0.7508738253408747,0.0,0,100
A_well_specified,20,5,independent_mondrian,2,1207,0.8773819386909694,2.2253521126760565,2.2253521126760565,0,0.0,0.0,0.5837199807615614,0.0,0,100
A_well_specified,20,5,ordinal_cluster,4,1185,0.8852320675105485,1.5746835443037974,1.5746835443037974,0,0.0,0.0,0.7508738253408747,0.0,0,100
A_well_specified,20,5,ordinal_cluster,0,267,0.951310861423221,1.4794007490636705,1.4794007490636705,0,0.0,0.0,0.6001358673910927,0.0,0,20
A_well_specified,20,5,ordinal_cluster,1,1180,0.9220338983050848,2.013559322033898,2.013559322033898,0,0.0,0.0,0.5845417580298137,0.0,0,100
A_well_specified,20,5,ordinal_cluster,3,1161,0.880275624461671,2.1403962101636522,2.1403962101636522,0,0.0,0.0,0.6848896985982184,0.0,0,100
A_well_specified,20,5,ordinal_cluster,2,1207,0.8947804473902237,2.1259320629660317,2.1259320629660317,0,0.0,0.0,0.6223224280664742,0.0,0,100
A_well_specified,20,5,input_dependent_nonordinal,4,1185,0.8962025316455696,1.5451476793248946,1.5451476793248946,0,0.7473162875144322,0.0426051783713266,0.02501415325234979,0.0426051783713266,0,100
A_well_specified,20,5,input_dependent_nonordinal,0,267,0.8576779026217228,1.3707865168539326,1.3707865168539326,0,0.4926217599962248,0.0511868645484354,-0.0495146343331614,0.0511868645484354,0,20
A_well_specified,20,5,input_dependent_nonordinal,1,1180,0.9279661016949152,1.8,1.8,0,0.5403494211865266,0.041469580189008606,0.021536674803074973,0.041469580189008606,0,100
A_well_specified,20,5,input_dependent_nonordinal,3,1161,0.9000861326442722,2.0551248923341947,2.0551248923341947,0,0.6930465917204951,0.04215411649611204,-0.019311245636811192,0.04215411649611204,0,100
A_well_specified,20,5,input_dependent_nonordinal,2,1207,0.9146644573322287,2.063794531897266,2.063794531897266,0,0.6383559442898802,0.036570490157199084,-0.015222733788272935,0.036570490157199084,0,100
A_well_specified,20,5,input_dependent_ordinal,4,1185,0.8978902953586498,1.5527426160337552,1.5527426160337552,0,0.7541462952372022,0.04177500023395836,0.020992029892483055,0.04177500023395836,0,100
A_well_specified,20,5,input_dependent_ordinal,0,267,0.8389513108614233,1.3558052434456929,1.3558052434456929,0,0.4816331228968659,0.04181656294710989,-0.07442471309472806,0.04181656294710988,0,20
A_well_specified,20,5,input_dependent_ordinal,1,1180,0.9279661016949152,1.7703389830508474,1.7703389830508474,0,0.5532642406736198,0.0417506778616852,0.009646818034897253,0.0417506778616852,0,100
A_well_specified,20,5,input_dependent_ordinal,3,1161,0.9009474590869939,2.062015503875969,2.062015503875969,0,0.6872935399455992,0.04106965622416058,-0.012179751653886406,0.04106965622416058,0,100
A_well_specified,20,5,input_dependent_ordinal,2,1207,0.9146644573322287,2.054681027340514,2.054681027340514,0,0.6264265289992147,0.03934368705538567,0.0029294110874345525,0.03934368705538567,0,100
A_well_specified,20,6,independent_mondrian,1,1229,0.9072416598860863,2.5882831570382425,2.5882831570382425,0,0.0,0.0,0.5895030831775854,0.0,0,100
A_well_specified,20,6,independent_mondrian,0,262,0.9885496183206107,1.5877862595419847,1.5877862595419847,0,0.0,0.0,0.921723699156416,0.0,0,20
A_well_specified,20,6,independent_mondrian,4,1206,0.9087893864013267,1.7669983416252073,1.7669983416252073,0,0.0,0.0,0.8131979079681921,0.0,0,100
A_well_specified,20,6,independent_mondrian,3,1134,0.9382716049382716,2.4056437389770724,2.4056437389770724,0,0.0,0.0,0.7960891603556736,0.0,0,100
A_well_specified,20,6,independent_mondrian,2,1169,0.9443969204448246,2.506415739948674,2.506415739948674,0,0.0,0.0,0.7797842911121952,0.0,0,100
A_well_specified,20,6,ordinal_cluster,1,1229,0.9414157851912124,2.209113100081367,2.209113100081367,0,0.0,0.0,0.6767355959400845,0.0,0,100
A_well_specified,20,6,ordinal_cluster,0,262,0.9541984732824428,1.6641221374045803,1.6641221374045803,0,0.0,0.0,0.5895030831775854,0.0,0,20
A_well_specified,20,6,ordinal_cluster,4,1206,0.9079601990049752,1.7354892205638475,1.7354892205638475,0,0.0,0.0,0.8084830615266321,0.0,0,100
A_well_specified,20,6,ordinal_cluster,3,1134,0.937389770723104,2.3518518518518516,2.3518518518518516,0,0.0,0.0,0.7937623007400728,0.0,0,100
A_well_specified,20,6,ordinal_cluster,2,1169,0.9187339606501284,2.426005132591959,2.426005132591959,0,0.0,0.0,0.7086846189399277,0.0,0,100
A_well_specified,20,6,input_dependent_nonordinal,1,1229,0.8771358828315704,1.9690805532953621,1.9690805532953621,0,0.5499636664548576,0.03637651826226646,-0.029804861375925862,0.03637651826226646,0,100
A_well_specified,20,6,input_dependent_nonordinal,0,262,0.9809160305343512,1.4122137404580153,1.4122137404580153,0,0.4974736072799198,0.025337180927829453,0.17365957515565744,0.025337180927829453,0,20
A_well_specified,20,6,input_dependent_nonordinal,4,1206,0.9038142620232172,1.5315091210613598,1.5315091210613598,0,0.7512829257422801,0.04327583376505315,0.018534206908594697,0.04327583376505315,0,100
A_well_specified,20,6,input_dependent_nonordinal,3,1134,0.8950617283950617,2.0388007054673722,2.0388007054673722,0,0.669835203373497,0.031219636038559446,-0.022399294102729228,0.031219636038559446,0,100
A_well_specified,20,6,input_dependent_nonordinal,2,1169,0.8964927288280582,1.992301112061591,1.992301112061591,0,0.582019149998102,0.028155447847944267,0.02171450361019789,0.028155447847944267,0,100
A_well_specified,20,6,input_dependent_ordinal,1,1229,0.8958502847843776,1.96826688364524,1.96826688364524,0,0.5432892893468896,0.030431290191625056,-0.012304664019768818,0.030431290191625056,0,100
A_well_specified,20,6,input_dependent_ordinal,0,262,0.9809160305343512,1.4312977099236641,1.4312977099236641,0,0.4777350652545411,0.027841643916712292,0.18130505618963433,0.027841643916712292,0,20
A_well_specified,20,6,input_dependent_ordinal,4,1206,0.8988391376451078,1.51575456053068,1.51575456053068,0,0.7407673099960694,0.037794345216234745,0.007613817100841691,0.037794345216234745,0,100
A_well_specified,20,6,input_dependent_ordinal,3,1134,0.890652557319224,2.009700176366843,2.009700176366843,0,0.6751203327667024,0.03624434941354647,-0.037303025006028334,0.03624434941354647,0,100
A_well_specified,20,6,input_dependent_ordinal,2,1169,0.893071000855432,1.9674935842600514,1.9674935842600514,0,0.5972470136598087,0.033836557202569915,0.0023589783199957637,0.033836557202569915,0,100
A_well_specified,20,7,independent_mondrian,4,1158,0.9050086355785838,1.5742659758203799,1.5742659758203799,0,0.0,0.0,0.8237899368140679,0.0,0,100
A_well_specified,20,7,independent_mondrian,1,1206,0.9253731343283582,1.8930348258706469,1.8930348258706469,0,0.0,0.0,0.6383812283128754,0.0,0,100
A_well_specified,20,7,independent_mondrian,2,1208,0.8741721854304636,2.2243377483443707,2.2243377483443707,0,0.0,0.0,0.5761861189907258,0.0,0,100
A_well_specified,20,7,independent_mondrian,3,1180,0.9093220338983051,2.1779661016949152,2.1779661016949152,0,0.0,0.0,0.7059717276294629,0.0,0,100
A_well_specified,20,7,independent_mondrian,0,248,0.9274193548387096,1.4798387096774193,1.4798387096774193,0,0.0,0.0,0.5551206189802782,0.0,0,20
A_well_specified,20,7,ordinal_cluster,4,1158,0.8825561312607945,1.5708117443868739,1.5708117443868739,0,0.0,0.0,0.7638547508278539,0.0,0,100
A_well_specified,20,7,ordinal_cluster,1,1206,0.9154228855721394,2.0812603648424544,2.0812603648424544,0,0.0,0.0,0.6177381027190536,0.0,0,100
A_well_specified,20,7,ordinal_cluster,2,1208,0.9048013245033113,2.218543046357616,2.218543046357616,0,0.0,0.0,0.6393631619664844,0.0,0,100
A_well_specified,20,7,ordinal_cluster,3,1180,0.9093220338983051,2.207627118644068,2.207627118644068,0,0.0,0.0,0.7059717276294629,0.0,0,100
A_well_specified,20,7,ordinal_cluster,0,248,0.9516129032258065,1.4637096774193548,1.4637096774193548,0,0.0,0.0,0.625149407602889,0.0,0,20
A_well_specified,20,7,input_dependent_nonordinal,4,1158,0.9222797927461139,1.6010362694300517,1.6010362694300517,0,0.7774296492744219,0.04596707836800071,0.05997563813314355,0.04596707836800071,0,100
A_well_specified,20,7,input_dependent_nonordinal,1,1206,0.9079601990049752,1.8449419568822554,1.8449419568822554,0,0.5191114252877778,0.03824366431794097,0.032004280177287237,0.03824366431794097,0,100
A_well_specified,20,7,input_dependent_nonordinal,2,1208,0.918046357615894,2.080298013245033,2.080298013245033,0,0.5888115903136842,0.043317846879627385,0.0448122711861369,0.043317846879627385,0,100
A_well_specified,20,7,input_dependent_nonordinal,3,1180,0.9059322033898305,2.1745762711864405,2.1745762711864405,0,0.678987004004953,0.026996201431366364,-0.001702280051432692,0.026996201431366364,0,100
A_well_specified,20,7,input_dependent_nonordinal,0,248,0.9435483870967742,1.3991935483870968,1.3991935483870968,0,0.40533331059520816,0.025185005616914245,0.09458316639006614,0.025185005616914245,0,20
A_well_specified,20,7,input_dependent_ordinal,4,1158,0.9248704663212435,1.604490500863558,1.604490500863558,0,0.7762086974417125,0.0405630161762014,0.05742363072722667,0.0405630161762014,0,100
A_well_specified,20,7,input_dependent_ordinal,1,1206,0.9071310116086235,1.8308457711442787,1.8308457711442787,0,0.5109981179256227,0.03480515831711008,0.034798398425494814,0.03480515831711008,0,100
A_well_specified,20,7,input_dependent_ordinal,2,1208,0.9089403973509934,2.06705298013245,2.06705298013245,0,0.5873723230139745,0.03727712120722063,0.0249378697293538,0.03727712120722063,0,100
A_well_specified,20,7,input_dependent_ordinal,3,1180,0.9033898305084745,2.1491525423728812,2.1491525423728812,0,0.6855731199852753,0.038202981172210784,0.005915868811137703,0.038202981172210784,0,100
A_well_specified,20,7,input_dependent_ordinal,0,248,0.9233870967741935,1.3548387096774193,1.3548387096774193,0,0.42780905898779503,0.03516439954036662,0.05316896047043029,0.03516439954036662,0,20
A_well_specified,20,8,independent_mondrian,3,1210,0.8619834710743801,2.312396694214876,2.312396694214876,0,0.0,0.0,0.642084273945594,0.0,0,100
A_well_specified,20,8,independent_mondrian,1,1190,0.9722689075630252,1.8865546218487395,1.8865546218487395,0,0.0,0.0,0.748540060347168,0.0,0,100
A_well_specified,20,8,independent_mondrian,4,1149,0.8755439512619669,1.6127067014795475,1.6127067014795475,0,0.0,0.0,0.7491538964795076,0.0,0,100
A_well_specified,20,8,independent_mondrian,2,1203,0.9359933499584372,2.29426433915212,2.29426433915212,0,0.0,0.0,0.7482660425545979,0.0,0,100
A_well_specified,20,8,independent_mondrian,0,248,0.7701612903225806,1.4798387096774193,1.4798387096774193,0,0.0,0.0,0.3108050052311532,0.0,0,20
A_well_specified,20,8,ordinal_cluster,3,1210,0.8966942148760331,2.2768595041322315,2.2768595041322315,0,0.0,0.0,0.7184771870968527,0.0,0,100
A_well_specified,20,8,ordinal_cluster,1,1190,0.9630252100840336,2.3487394957983194,2.3487394957983194,0,0.0,0.0,0.7100430966545994,0.0,0,100
A_well_specified,20,8,ordinal_cluster,4,1149,0.8598781549173194,1.6597040905134899,1.6597040905134899,0,0.0,0.0,0.7184771870968527,0.0,0,100
A_well_specified,20,8,ordinal_cluster,2,1203,0.9285120532003325,2.3940149625935163,2.3940149625935163,0,0.0,0.0,0.7184771870968527,0.0,0,100
A_well_specified,20,8,ordinal_cluster,0,248,0.9758064516129032,1.653225806451613,1.653225806451613,0,0.0,0.0,0.7100430966545994,0.0,0,20
A_well_specified,20,8,input_dependent_nonordinal,3,1210,0.912396694214876,2.12396694214876,2.12396694214876,0,0.6715188156492963,0.030360353229873963,0.04036360216315571,0.030360353229873963,0,100
A_well_specified,20,8,input_dependent_nonordinal,1,1190,0.9495798319327731,1.8798319327731092,1.8798319327731092,0,0.5436431430619267,0.040757976990265087,0.06234177630728882,0.0407579769902651,0,100
A_well_specified,20,8,input_dependent_nonordinal,4,1149,0.9260226283724978,1.6640557006092254,1.6640557006092254,0,0.743066029884636,0.0364612291224063,0.0949769998236793,0.0364612291224063,0,100
A_well_specified,20,8,input_dependent_nonordinal,2,1203,0.8944305901911886,2.15045719035744,2.15045719035744,0,0.5930706356336539,0.03798274450996085,0.00953447227665688,0.03798274450996085,0,100
A_well_specified,20,8,input_dependent_nonordinal,0,248,0.8951612903225806,1.342741935483871,1.342741935483871,0,0.4838774044306992,0.05717986291071825,0.019333431747058996,0.05717986291071826,0,20
A_well_specified,20,8,input_dependent_ordinal,3,1210,0.9214876033057852,2.1165289256198347,2.1165289256198347,0,0.6625294815182785,0.036015845005560675,0.06423888128009347,0.036015845005560675,0,100
A_well_specified,20,8,input_dependent_ordinal,1,1190,0.9495798319327731,1.861344537815126,1.861344537815126,0,0.5425053789839552,0.04105771508979235,0.0638285514258678,0.04105771508979235,0,100
A_well_specified,20,8,input_dependent_ordinal,4,1149,0.9147084421235857,1.6684073107049608,1.6684073107049608,0,0.7443853752653512,0.032374152468958445,0.07447135755264028,0.032374152468958445,0,100
A_well_specified,20,8,input_dependent_ordinal,2,1203,0.8927680798004988,2.1246882793017456,2.1246882793017456,0,0.6008140602373192,0.03936885926860935,0.0014104325942216889,0.03936885926860935,0,100
A_well_specified,20,8,input_dependent_ordinal,0,248,0.8870967741935484,1.3346774193548387,1.3346774193548387,0,0.479173362333503,0.04397251048714515,-0.014985176569752068,0.04397251048714515,0,20
A_well_specified,20,9,independent_mondrian,1,1161,0.9526270456503014,2.0775193798449614,2.0775193798449614,0,0.0,0.0,0.7498606031867062,0.0,0,100
A_well_specified,20,9,independent_mondrian,0,239,0.9205020920502092,1.6610878661087867,1.6610878661087867,0,0.0,0.0,0.5689581335949725,0.0,0,20
A_well_specified,20,9,independent_mondrian,2,1187,0.9199663016006739,2.3967986520640268,2.3967986520640268,0,0.0,0.0,0.6594432498125289,0.0,0,100
A_well_specified,20,9,independent_mondrian,4,1197,0.8512949039264829,1.6641604010025062,1.6641604010025062,0,0.0,0.0,0.6675669047944284,0.0,0,100
A_well_specified,20,9,independent_mondrian,3,1216,0.9169407894736842,2.1916118421052633,2.1916118421052633,0,0.0,0.0,0.7677920602947123,0.0,0,100
A_well_specified,20,9,ordinal_cluster,1,1161,0.9397071490094746,2.3341946597760552,2.3341946597760552,0,0.0,0.0,0.6875790638351621,0.0,0,100
A_well_specified,20,9,ordinal_cluster,0,239,0.9665271966527197,1.6401673640167365,1.6401673640167365,0,0.0,0.0,0.7415059026924677,0.0,0,20
A_well_specified,20,9,ordinal_cluster,2,1187,0.9393428812131424,2.304128053917439,2.304128053917439,0,0.0,0.0,0.7113071128555072,0.0,0,100
A_well_specified,20,9,ordinal_cluster,4,1197,0.8671679197994987,1.6073517126148704,1.6073517126148704,0,0.0,0.0,0.6917918881633341,0.0,0,100
A_well_specified,20,9,ordinal_cluster,3,1216,0.8708881578947368,2.192434210526316,2.192434210526316,0,0.0,0.0,0.6675669047944284,0.0,0,100
A_well_specified,20,9,input_dependent_nonordinal,1,1161,0.9345391903531438,1.7278208440999139,1.7278208440999139,0,0.5317992975867535,0.03357179191662125,0.044841154802938044,0.03357179191662125,0,100
A_well_specified,20,9,input_dependent_nonordinal,0,239,0.8368200836820083,1.2510460251046025,1.2510460251046025,0,0.43884634403423295,0.025005790866639108,-0.03385673563555508,0.025005790866639108,0,20
A_well_specified,20,9,input_dependent_nonordinal,2,1187,0.8921651221566975,1.9882055602358888,1.9882055602358888,0,0.5969189080667399,0.03820771396178186,-0.017179507346587575,0.03820771396178186,0,100
A_well_specified,20,9,input_dependent_nonordinal,4,1197,0.87468671679198,1.5162907268170427,1.5162907268170427,0,0.7605841128801902,0.0484775115744371,-0.05813244261782902,0.0484775115744371,0,100
A_well_specified,20,9,input_dependent_nonordinal,3,1216,0.8832236842105263,1.944078947368421,1.944078947368421,0,0.6745118055401328,0.03617528678118768,-0.010254896138096048,0.03617528678118768,0,100
A_well_specified,20,9,input_dependent_ordinal,1,1161,0.9354005167958657,1.7390180878552972,1.7390180878552972,0,0.5262057223176412,0.031720517574875894,0.04895190748491829,0.031720517574875894,0,100
A_well_specified,20,9,input_dependent_ordinal,0,239,0.8535564853556485,1.2635983263598327,1.2635983263598327,0,0.43892718975780604,0.029750938103867194,-0.0171452024835429,0.029750938103867194,0,20
A_well_specified,20,9,input_dependent_ordinal,2,1187,0.8904802021903959,1.9738837405223253,1.9738837405223253,0,0.6021905693439441,0.03706529747691982,-0.026230829643852593,0.03706529747691982,0,100
A_well_specified,20,9,input_dependent_ordinal,4,1197,0.8738512949039264,1.4970760233918128,1.4970760233918128,0,0.7552934725514349,0.04604308869764059,-0.0547651114957336,0.04604308869764059,0,100
A_well_specified,20,9,input_dependent_ordinal,3,1216,0.8758223684210527,1.935032894736842,1.935032894736842,0,0.6788730109618039,0.040084445761645174,-0.023918371841893493,0.040084445761645174,0,100
A_well_specified,20,10,independent_mondrian,3,1127,0.9157054125998225,2.04170363797693,2.04170363797693,0,0.0,0.0,0.7453928396089827,0.0,0,100
A_well_specified,20,10,independent_mondrian,0,230,0.9173913043478261,1.3478260869565217,1.3478260869565217,0,0.0,0.0,0.5390937100720621,0.0,0,20
A_well_specified,20,10,independent_mondrian,2,1208,0.8990066225165563,2.130794701986755,2.130794701986755,0,0.0,0.0,0.6118699250666162,0.0,0,100
A_well_specified,20,10,independent_mondrian,4,1222,0.8428805237315876,1.5703764320785598,1.5703764320785598,0,0.0,0.0,0.6531388578383235,0.0,0,100
A_well_specified,20,10,independent_mondrian,1,1213,0.8854080791426217,1.9183841714756802,1.9183841714756802,0,0.0,0.0,0.5541603039111354,0.0,0,100
A_well_specified,20,10,ordinal_cluster,3,1127,0.8811002661934338,2.0940550133096716,2.0940550133096716,0,0.0,0.0,0.6706512918854747,0.0,0,100
A_well_specified,20,10,ordinal_cluster,0,230,0.9173913043478261,1.3695652173913044,1.3695652173913044,0,0.0,0.0,0.5390937100720621,0.0,0,20
A_well_specified,20,10,ordinal_cluster,2,1208,0.9039735099337748,2.077814569536424,2.077814569536424,0,0.0,0.0,0.6301311490629443,0.0,0,100
A_well_specified,20,10,ordinal_cluster,4,1222,0.8747954173486089,1.5360065466448445,1.5360065466448445,0,0.0,0.0,0.7150574384511973,0.0,0,100
A_well_specified,20,10,ordinal_cluster,1,1213,0.8936521022258862,1.9216817807089859,1.9216817807089859,0,0.0,0.0,0.5707025216349227,0.0,0,100
A_well_specified,20,10,input_dependent_nonordinal,3,1127,0.9511978704525288,2.0736468500443657,2.0736468500443657,0,0.7120844750155598,0.0616965059113349,0.08850676368388316,0.0616965059113349,0,100
A_well_specified,20,10,input_dependent_nonordinal,0,230,0.8260869565217391,1.2434782608695651,1.2434782608695651,0,0.4912885508087133,0.030480144718872944,-0.08798897414295231,0.030480144718872944,0,20
A_well_specified,20,10,input_dependent_nonordinal,2,1208,0.9403973509933775,2.1796357615894038,2.1796357615894038,0,0.6439822181360638,0.04878157310296214,0.02480056791599472,0.04878157310296214,0,100
A_well_specified,20,10,input_dependent_nonordinal,4,1222,0.8936170212765957,1.6472995090016367,1.6472995090016367,0,0.7824552090442362,0.058767798262824175,-0.03480634352889678,0.058767798262824175,0,100
A_well_specified,20,10,input_dependent_nonordinal,1,1213,0.8680956306677658,1.777411376751855,1.777411376751855,0,0.5122598784630648,0.038376661017168204,-0.00835772020038189,0.038376661017168204,0,100
A_well_specified,20,10,input_dependent_ordinal,3,1127,0.9485359361135759,2.070097604259095,2.070097604259095,0,0.6995449752317511,0.05362278912505377,0.08241745915640097,0.05362278912505377,0,100
A_well_specified,20,10,input_dependent_ordinal,0,230,0.8260869565217391,1.2434782608695651,1.2434782608695651,0,0.4604453433130665,0.03051940164182302,-0.05704348921408825,0.03051940164182302,0,20
A_well_specified,20,10,input_dependent_ordinal,2,1208,0.9395695364238411,2.1746688741721854,2.1746688741721854,0,0.6377364621032474,0.048250340346459024,0.02970242091528813,0.048250340346459024,0,100
A_well_specified,20,10,input_dependent_ordinal,4,1222,0.8960720130932897,1.6423895253682488,1.6423895253682488,0,0.7903408020995032,0.06457729778318923,-0.03813060761343823,0.06457729778318923,0,100
A_well_specified,20,10,input_dependent_ordinal,1,1213,0.8573784006595219,1.7600989282769992,1.7600989282769992,0,0.5279725782763358,0.04070060066482012,-0.029139320224787935,0.04070060066482012,0,100
A_well_specified,20,11,independent_mondrian,1,1153,0.8794449262792715,1.8508239375542064,1.8508239375542064,0,0.0,0.0,0.5327092527326599,0.0,0,100
A_well_specified,20,11,independent_mondrian,3,1202,0.9509151414309485,2.293677204658902,2.293677204658902,0,0.0,0.0,0.8770144983834617,0.0,0,100
A_well_specified,20,11,independent_mondrian,4,1220,0.9163934426229509,1.7959016393442624,1.7959016393442624,0,0.0,0.0,0.8428148178241482,0.0,0,100
A_well_specified,20,11,independent_mondrian,2,1187,0.9106992417860151,2.274641954507161,2.274641954507161,0,0.0,0.0,0.663049417068938,0.0,0,100
A_well_specified,20,11,independent_mondrian,0,238,0.7983193277310925,1.2352941176470589,1.2352941176470589,0,0.0,0.0,0.3751471397395131,0.0,0,20
A_well_specified,20,11,ordinal_cluster,1,1153,0.8898525585429314,1.9913269731136167,1.9913269731136167,0,0.0,0.0,0.5472805686966487,0.0,0,100
A_well_specified,20,11,ordinal_cluster,3,1202,0.9317803660565723,2.3194675540765393,2.3194675540765393,0,0.0,0.0,0.8082906254755776,0.0,0,100
A_well_specified,20,11,ordinal_cluster,4,1220,0.9204918032786885,1.7631147540983607,1.7631147540983607,0,0.0,0.0,0.866895064552656,0.0,0,100
A_well_specified,20,11,ordinal_cluster,2,1187,0.9199663016006739,2.269587194608256,2.269587194608256,0,0.0,0.0,0.6858862086776623,0.0,0,100
A_well_specified,20,11,ordinal_cluster,0,238,0.8991596638655462,1.3571428571428572,1.3571428571428572,0,0.0,0.0,0.4945023343257391,0.0,0,20
A_well_specified,20,11,input_dependent_nonordinal,1,1153,0.9236773633998265,1.7649609713790113,1.7649609713790113,0,0.5406532426915996,0.040927118220987005,0.05303038269256832,0.040927118220987005,0,100
A_well_specified,20,11,input_dependent_nonordinal,3,1202,0.9417637271214643,2.14891846921797,2.14891846921797,0,0.6796891188184266,0.04816456455994784,0.1021459224755229,0.04816456455994784,0,100
A_well_specified,20,11,input_dependent_nonordinal,4,1220,0.9139344262295082,1.6557377049180328,1.6557377049180328,0,0.7294175617573975,0.04253481435693102,0.07254356270002144,0.04253481435693102,0,100
A_well_specified,20,11,input_dependent_nonordinal,2,1187,0.8921651221566975,2.1575400168492,2.1575400168492,0,0.6017626069517708,0.03703136784643772,-0.018234566314219935,0.03703136784643772,0,100
A_well_specified,20,11,input_dependent_nonordinal,0,238,0.8277310924369747,1.361344537815126,1.361344537815126,0,0.45012499000113415,0.01979882128372548,-0.06326006036959825,0.01979882128372548,0,20
A_well_specified,20,11,input_dependent_ordinal,1,1153,0.9176062445793582,1.800520381613183,1.800520381613183,0,0.5353651093649996,0.03613490577062343,0.04376857535170553,0.03613490577062343,0,100
A_well_specified,20,11,input_dependent_ordinal,3,1202,0.9442595673876872,2.1589018302828618,2.1589018302828618,0,0.6763896053447713,0.0446752945714791,0.10850112716756366,0.0446752945714791,0,100
A_well_specified,20,11,input_dependent_ordinal,4,1220,0.9163934426229509,1.6639344262295082,1.6639344262295082,0,0.7328649348241191,0.04512990539960423,0.07745779260623437,0.04512990539960422,0,100
A_well_specified,20,11,input_dependent_ordinal,2,1187,0.8921651221566975,2.163437236731255,2.163437236731255,0,0.6008520424632338,0.038875374037112914,-0.015155916864528884,0.038875374037112914,0,100
A_well_specified,20,11,input_dependent_ordinal,0,238,0.8487394957983193,1.361344537815126,1.361344537815126,0,0.47279363141369524,0.032128164895804785,-0.05099621916908367,0.03212816489580478,0,20
A_well_specified,20,12,independent_mondrian,1,1167,0.9254498714652957,1.895458440445587,1.895458440445587,0,0.0,0.0,0.6330226029296798,0.0,0,100
A_well_specified,20,12,independent_mondrian,0,248,0.8709677419354839,1.4758064516129032,1.4758064516129032,0,0.0,0.0,0.43075341133241535,0.0,0,20
A_well_specified,20,12,independent_mondrian,4,1195,0.9397489539748954,1.7422594142259413,1.7422594142259413,0,0.0,0.0,0.8576963335386919,0.0,0,100
A_well_specified,20,12,independent_mondrian,3,1175,0.9157446808510639,2.3285106382978724,2.3285106382978724,0,0.0,0.0,0.7672327102357835,0.0,0,100
A_well_specified,20,12,independent_mondrian,2,1215,0.9004115226337449,2.34320987654321,2.34320987654321,0,0.0,0.0,0.6706086745734863,0.0,0,100
A_well_specified,20,12,ordinal_cluster,1,1167,0.9254498714652957,2.051413881748072,2.051413881748072,0,0.0,0.0,0.634139918253476,0.0,0,100
A_well_specified,20,12,ordinal_cluster,0,248,0.9112903225806451,1.5120967741935485,1.5120967741935485,0,0.0,0.0,0.5593791007920205,0.0,0,20
A_well_specified,20,12,ordinal_cluster,4,1195,0.9188284518828452,1.6702928870292888,1.6702928870292888,0,0.0,0.0,0.8017521027505614,0.0,0,100
A_well_specified,20,12,ordinal_cluster,3,1175,0.902127659574468,2.2604255319148936,2.2604255319148936,0,0.0,0.0,0.7268338697867407,0.0,0,100
A_well_specified,20,12,ordinal_cluster,2,1215,0.9004115226337449,2.292181069958848,2.292181069958848,0,0.0,0.0,0.6706086745734863,0.0,0,100
A_well_specified,20,12,input_dependent_nonordinal,1,1167,0.9280205655526992,1.728363324764353,1.728363324764353,0,0.49765929540824955,0.029329741454965006,0.08270484016016955,0.029329741454965006,0,100
A_well_specified,20,12,input_dependent_nonordinal,0,248,0.7943548387096774,1.2298387096774193,1.2298387096774193,0,0.4296336902356097,0.027938430982580396,-0.05521887039146481,0.027938430982580396,0,20
A_well_specified,20,12,input_dependent_nonordinal,4,1195,0.9288702928870293,1.597489539748954,1.597489539748954,0,0.7357551413159678,0.043924396000376995,0.0594010226206374,0.043924396000376995,0,100
A_well_specified,20,12,input_dependent_nonordinal,3,1175,0.9123404255319149,2.1021276595744682,2.1021276595744682,0,0.6847775647211591,0.037807306809526965,0.014435224421404436,0.037807306809526965,0,100
A_well_specified,20,12,input_dependent_nonordinal,2,1215,0.8716049382716049,2.072427983539095,2.072427983539095,0,0.6090631288394306,0.04091309320667202,-0.023450686346699223,0.04091309320667202,0,100
A_well_specified,20,12,input_dependent_ordinal,1,1167,0.9271636675235647,1.715509854327335,1.715509854327335,0,0.509040865508394,0.031834327518712735,0.07217618272141624,0.031834327518712735,0,100
A_well_specified,20,12,input_dependent_ordinal,0,248,0.7983870967741935,1.2338709677419355,1.2338709677419355,0,0.41877168678182386,0.029481923057090065,-0.03921062375193948,0.029481923057090055,0,20
A_well_specified,20,12,input_dependent_ordinal,4,1195,0.9280334728033472,1.5916317991631799,1.5916317991631799,0,0.7441675993070141,0.04425493775285156,0.050346140003287077,0.04425493775285156,0,100
A_well_specified,20,12,input_dependent_ordinal,3,1175,0.9131914893617021,2.0825531914893616,2.0825531914893616,0,0.6758756347469674,0.04058045510447333,0.027573845019004617,0.04058045510447333,0,100
A_well_specified,20,12,input_dependent_ordinal,2,1215,0.8600823045267489,2.065843621399177,2.065843621399177,0,0.5983451136109849,0.03449057352766199,-0.03509456374482889,0.03449057352766199,0,100
A_well_specified,20,13,independent_mondrian,4,1186,0.842327150084317,1.5573355817875212,1.5573355817875212,0,0.0,0.0,0.6779123704185184,0.0,0,100
A_well_specified,20,13,independent_mondrian,2,1157,0.898876404494382,2.0993949870354363,2.0993949870354363,0,0.0,0.0,0.612189720680349,0.0,0,100
A_well_specified,20,13,independent_mondrian,3,1187,0.8753159224936815,2.0480202190395955,2.0480202190395955,0,0.0,0.0,0.6622394780290992,0.0,0,100
A_well_specified,20,13,independent_mondrian,1,1217,0.9120788824979458,1.877567789646672,1.877567789646672,0,0.0,0.0,0.6090308020232815,0.0,0,100
A_well_specified,20,13,independent_mondrian,0,253,0.9130434782608695,1.5138339920948616,1.5138339920948616,0,0.0,0.0,0.5287903147856486,0.0,0,20
A_well_specified,20,13,ordinal_cluster,4,1186,0.8355817875210793,1.5379426644182124,1.5379426644182124,0,0.0,0.0,0.6632849388341371,0.0,0,100
A_well_specified,20,13,ordinal_cluster,2,1157,0.9066551426101987,2.0743301642178045,2.0743301642178045,0,0.0,0.0,0.6248026491966654,0.0,0,100
A_well_specified,20,13,ordinal_cluster,3,1187,0.8711036225779275,2.041280539174389,2.041280539174389,0,0.0,0.0,0.6474747369624497,0.0,0,100
A_well_specified,20,13,ordinal_cluster,1,1217,0.9096138044371405,1.9630238290879212,1.9630238290879212,0,0.0,0.0,0.595911622740908,0.0,0,100
A_well_specified,20,13,ordinal_cluster,0,253,0.9367588932806324,1.5138339920948616,1.5138339920948616,0,0.0,0.0,0.5779260099004785,0.0,0,20
A_well_specified,20,13,input_dependent_nonordinal,4,1186,0.8903878583473862,1.5404721753794266,1.5404721753794266,0,0.7173927914885732,0.030946009485081527,0.046490144706915704,0.030946009485081527,0,100
A_well_specified,20,13,input_dependent_nonordinal,2,1157,0.8703543647363872,1.8936905790838374,1.8936905790838374,0,0.5849968424964902,0.03497828961520457,-0.05604788357650714,0.03497828961520457,0,100
A_well_specified,20,13,input_dependent_nonordinal,3,1187,0.8845829823083403,2.062342038753159,2.062342038753159,0,0.6890934611625203,0.031022093059623917,-0.04143838755941387,0.031022093059623917,0,100
A_well_specified,20,13,input_dependent_nonordinal,1,1217,0.9161873459326212,1.6976170912078883,1.6976170912078883,0,0.513952830169319,0.04437798017901116,0.048003139132041905,0.04437798017901116,0,100
A_well_specified,20,13,input_dependent_nonordinal,0,253,0.9209486166007905,1.3557312252964426,1.3557312252964426,0,0.40649177927483887,0.028832277349194316,0.056899904290522385,0.028832277349194316,0,20
A_well_specified,20,13,input_dependent_ordinal,4,1186,0.8929173693086003,1.539629005059022,1.539629005059022,0,0.7327268885611352,0.030119216902957012,0.03325977794267798,0.030119216902957012,0,100
A_well_specified,20,13,input_dependent_ordinal,2,1157,0.8712186689714779,1.895419187554019,1.895419187554019,0,0.5788101353680365,0.03585569108047099,-0.04912791102489478,0.03585569108047099,0,100
A_well_specified,20,13,input_dependent_ordinal,3,1187,0.8820556023588879,2.058972198820556,2.058972198820556,0,0.6739279549933281,0.032763538443981305,-0.026267888841251974,0.032763538443981305,0,100
A_well_specified,20,13,input_dependent_ordinal,1,1217,0.9087921117502055,1.7074774034511093,1.7074774034511093,0,0.5156714656757966,0.03884813120650298,0.030810964031214083,0.03884813120650298,0,100
A_well_specified,20,13,input_dependent_ordinal,0,253,0.8972332015810277,1.3201581027667983,1.3201581027667983,0,0.431984331192801,0.041390606621427135,0.036916301669531026,0.041390606621427135,0,20
A_well_specified,20,14,independent_mondrian,4,1186,0.8794266441821248,1.7048903878583475,1.7048903878583475,0,0.0,0.0,0.7019287641461552,0.0,0,100
A_well_specified,20,14,independent_mondrian,3,1230,0.9536585365853658,2.145528455284553,2.145528455284553,0,0.0,0.0,0.87895510387125,0.0,0,100
A_well_specified,20,14,independent_mondrian,1,1164,0.9201030927835051,2.4647766323024056,2.4647766323024056,0,0.0,0.0,0.6220088229117887,0.0,0,100
A_well_specified,20,14,independent_mondrian,2,1172,0.8771331058020477,2.5145051194539247,2.5145051194539247,0,0.0,0.0,0.6024305508297787,0.0,0,100
A_well_specified,20,14,independent_mondrian,0,248,0.9959677419354839,1.5483870967741935,1.5483870967741935,0,0.0,0.0,0.947963121412546,0.0,0,20
A_well_specified,20,14,ordinal_cluster,4,1186,0.9131534569983136,1.575885328836425,1.575885328836425,0,0.0,0.0,0.8056954884870929,0.0,0,100
A_well_specified,20,14,ordinal_cluster,3,1230,0.8951219512195122,2.2219512195121953,2.2219512195121953,0,0.0,0.0,0.6810972377672593,0.0,0,100
A_well_specified,20,14,ordinal_cluster,1,1164,0.9166666666666666,2.0764604810996565,2.0764604810996565,0,0.0,0.0,0.6082522728208989,0.0,0,100
A_well_specified,20,14,ordinal_cluster,2,1172,0.8976109215017065,2.197952218430034,2.197952218430034,0,0.0,0.0,0.6474910691297818,0.0,0,100
A_well_specified,20,14,ordinal_cluster,0,248,0.9556451612903226,1.4919354838709677,1.4919354838709677,0,0.0,0.0,0.6220088229117887,0.0,0,20
A_well_specified,20,14,input_dependent_nonordinal,4,1186,0.8946037099494097,1.5531197301854975,1.5531197301854975,0,0.7394234499424335,0.04855160099856769,-0.03074837384475526,0.04855160099856769,0,100
A_well_specified,20,14,input_dependent_nonordinal,3,1230,0.9219512195121952,2.038211382113821,2.038211382113821,0,0.6687977336569392,0.03983595074109524,0.02993439567038475,0.03983595074109524,0,100
A_well_specified,20,14,input_dependent_nonordinal,1,1164,0.9063573883161512,1.9381443298969072,1.9381443298969072,0,0.524512585843813,0.03644060396241385,0.0262786107753758,0.03644060396241385,0,100
A_well_specified,20,14,input_dependent_nonordinal,2,1172,0.9274744027303754,2.1271331058020477,2.1271331058020477,0,0.6129109626337738,0.03921905776242365,0.04695343892173365,0.03921905776242365,0,100
A_well_specified,20,14,input_dependent_nonordinal,0,248,0.9637096774193549,1.3548387096774193,1.3548387096774193,0,0.4538191917055457,0.05714220851075637,0.09571688238287779,0.05714220851075637,0,20
A_well_specified,20,14,input_dependent_ordinal,4,1186,0.8946037099494097,1.5598650927487352,1.5598650927487352,0,0.7405750145331896,0.04421973425306156,-0.03295428137305301,0.04421973425306156,0,100
A_well_specified,20,14,input_dependent_ordinal,3,1230,0.9235772357723577,2.040650406504065,2.040650406504065,0,0.6665530481663952,0.043221727789805785,0.03931502030311368,0.043221727789805785,0,100
A_well_specified,20,14,input_dependent_ordinal,1,1164,0.9072164948453608,1.995704467353952,1.995704467353952,0,0.5298220858539503,0.038117443885556934,0.01961215930178417,0.038117443885556934,0,100
A_well_specified,20,14,input_dependent_ordinal,2,1172,0.9197952218430034,2.13481228668942,2.13481228668942,0,0.6133587347048823,0.04163873106123142,0.03982493135306042,0.04163873106123142,0,100
A_well_specified,20,14,input_dependent_ordinal,0,248,0.9838709677419355,1.375,1.375,0,0.44035200606792296,0.039813249078636585,0.17504031726974467,0.039813249078636585,0,20
A_well_specified,20,15,independent_mondrian,4,1224,0.8741830065359477,1.713235294117647,1.713235294117647,0,0.0,0.0,0.7391479976922126,0.0,0,100
A_well_specified,20,15,independent_mondrian,1,1206,0.9303482587064676,2.429519071310116,2.429519071310116,0,0.0,0.0,0.6306185095770412,0.0,0,100
A_well_specified,20,15,independent_mondrian,0,253,0.9723320158102767,1.6521739130434783,1.6521739130434783,0,0.0,0.0,0.7437359701762027,0.0,0,20
A_well_specified,20,15,independent_mondrian,2,1160,0.9379310344827586,2.2974137931034484,2.2974137931034484,0,0.0,0.0,0.7841729762020467,0.0,0,100
A_well_specified,20,15,independent_mondrian,3,1157,0.8910976663785652,2.31028522039758,2.31028522039758,0,0.0,0.0,0.7140071834207883,0.0,0,100
A_well_specified,20,15,ordinal_cluster,4,1224,0.8643790849673203,1.6911764705882353,1.6911764705882353,0,0.0,0.0,0.7223573501761545,0.0,0,100
A_well_specified,20,15,ordinal_cluster,1,1206,0.9535655058043118,2.253731343283582,2.253731343283582,0,0.0,0.0,0.7082094399101277,0.0,0,100
A_well_specified,20,15,ordinal_cluster,0,253,0.9525691699604744,1.7509881422924902,1.7509881422924902,0,0.0,0.0,0.664230494603877,0.0,0,20
A_well_specified,20,15,ordinal_cluster,2,1160,0.9198275862068965,2.3344827586206898,2.3344827586206898,0,0.0,0.0,0.7076402843319153,0.0,0,100
A_well_specified,20,15,ordinal_cluster,3,1157,0.8936905790838375,2.2532411408815904,2.2532411408815904,0,0.0,0.0,0.7223573501761545,0.0,0,100
A_well_specified,20,15,input_dependent_nonordinal,4,1224,0.8333333333333334,1.5441176470588236,1.5441176470588236,0,0.7391377044527335,0.056165220956869516,-0.08678559622858917,0.056165220956869516,0,100
A_well_specified,20,15,input_dependent_nonordinal,1,1206,0.9328358208955224,2.053067993366501,2.053067993366501,0,0.5294554870003685,0.03864411591960679,0.04597463245907807,0.03864411591960679,0,100
A_well_specified,20,15,input_dependent_nonordinal,0,253,0.9723320158102767,1.541501976284585,1.541501976284585,0,0.42055419762756163,0.012349329969814627,0.22659560509376153,0.012349329969814627,0,20
A_well_specified,20,15,input_dependent_nonordinal,2,1160,0.9431034482758621,2.0732758620689653,2.0732758620689653,0,0.6213316484907351,0.04543635088746781,0.06642991208671956,0.04543635088746781,0,100
A_well_specified,20,15,input_dependent_nonordinal,3,1157,0.8876404494382022,2.03457216940363,2.03457216940363,0,0.6825830708412542,0.04866061261811092,-0.016028410989884778,0.04866061261811092,0,100
A_well_specified,20,15,input_dependent_ordinal,4,1224,0.8374183006535948,1.5465686274509804,1.5465686274509804,0,0.7467322304119142,0.05886176950980846,-0.09031390681426266,0.05886176950980846,0,100
A_well_specified,20,15,input_dependent_ordinal,1,1206,0.9402985074626866,2.0008291873963517,2.0008291873963517,0,0.5277793233358327,0.03462871231802939,0.05851962472472394,0.03462871231802939,0,100
A_well_specified,20,15,input_dependent_ordinal,0,253,0.9723320158102767,1.5533596837944663,1.5533596837944663,0,0.46916963564405556,0.029157606814033513,0.1299645968003475,0.029157606814033513,0,20
A_well_specified,20,15,input_dependent_ordinal,2,1160,0.9456896551724138,2.0879310344827586,2.0879310344827586,0,0.6070798542871512,0.042063314692637424,0.08197334968085712,0.042063314692637424,0,100
A_well_specified,20,15,input_dependent_ordinal,3,1157,0.8893690579083837,2.0397579948141744,2.0397579948141744,0,0.6821801453141614,0.04941608849701483,-0.012948311103073429,0.04941608849701483,0,100
A_well_specified,20,16,independent_mondrian,3,1190,0.9193277310924369,2.254621848739496,2.254621848739496,0,0.0,0.0,0.7605158349132942,0.0,0,100
A_well_specified,20,16,independent_mondrian,4,1200,0.9158333333333334,1.69,1.69,0,0.0,0.0,0.8433743136326161,0.0,0,100
A_well_specified,20,16,independent_mondrian,1,1185,0.8523206751054853,2.1240506329113926,2.1240506329113926,0,0.0,0.0,0.49756588794401485,0.0,0,100
A_well_specified,20,16,independent_mondrian,0,241,0.9585062240663901,1.3402489626556016,1.3402489626556016,0,0.0,0.0,0.6834902709255235,0.0,0,20
A_well_specified,20,16,independent_mondrian,2,1184,0.8902027027027027,2.206925675675676,2.206925675675676,0,0.0,0.0,0.6233655869407982,0.0,0,100
A_well_specified,20,16,ordinal_cluster,3,1190,0.9210084033613445,2.2218487394957984,2.2218487394957984,0,0.0,0.0,0.77005765416089,0.0,0,100
A_well_specified,20,16,ordinal_cluster,4,1200,0.9083333333333333,1.6875,1.6875,0,0.0,0.0,0.8171244938434817,0.0,0,100
A_well_specified,20,16,ordinal_cluster,1,1185,0.8725738396624473,1.9063291139240506,1.9063291139240506,0,0.0,0.0,0.5316059370641516,0.0,0,100
A_well_specified,20,16,ordinal_cluster,0,241,0.8962655601659751,1.3112033195020747,1.3112033195020747,0,0.0,0.0,0.5246732618006713,0.0,0,20
A_well_specified,20,16,ordinal_cluster,2,1184,0.8851351351351351,2.191722972972973,2.191722972972973,0,0.0,0.0,0.6119546302227119,0.0,0,100
A_well_specified,20,16,input_dependent_nonordinal,3,1190,0.8983193277310925,2.118487394957983,2.118487394957983,0,0.6782321695326022,0.0505768485471612,0.005253510650294002,0.0505768485471612,0,100
A_well_specified,20,16,input_dependent_nonordinal,4,1200,0.9233333333333333,1.635,1.635,0,0.7542556079370573,0.04824207493045888,0.04758363042083169,0.04824207493045888,0,100
A_well_specified,20,16,input_dependent_nonordinal,1,1185,0.7881856540084389,1.7620253164556963,1.7620253164556963,0,0.532873346379963,0.03805778400651276,-0.08762915505326407,0.03805778400651276,0,100
A_well_specified,20,16,input_dependent_nonordinal,0,241,0.8589211618257261,1.2987551867219918,1.2987551867219918,0,0.48224909869807653,0.02390552908617778,-0.045209007569993936,0.02390552908617778,0,20
A_well_specified,20,16,input_dependent_nonordinal,2,1184,0.9366554054054054,1.9831081081081081,1.9831081081081081,0,0.6149530910228169,0.05306983065783336,0.06146042566744492,0.05306983065783336,0,100
A_well_specified,20,16,input_dependent_ordinal,3,1190,0.9016806722689076,2.103361344537815,2.103361344537815,0,0.6837258463091958,0.04882782668911245,0.0032848965956518983,0.04882782668911245,0,100
A_well_specified,20,16,input_dependent_ordinal,4,1200,0.93,1.6266666666666667,1.6266666666666667,0,0.7532854205442048,0.05374768129145998,0.06314430117375625,0.05374768129145998,0,100
A_well_specified,20,16,input_dependent_ordinal,1,1185,0.7873417721518987,1.7746835443037974,1.7746835443037974,0,0.5434160345248339,0.04066006104861338,-0.09376190574997073,0.04066006104861338,0,100
A_well_specified,20,16,input_dependent_ordinal,0,241,0.8838174273858921,1.3070539419087137,1.3070539419087137,0,0.4694658605480722,0.03333024419424088,0.010889130809129705,0.033330244194240875,0,20
A_well_specified,20,16,input_dependent_ordinal,2,1184,0.924831081081081,2.0050675675675675,2.0050675675675675,0,0.6036616196830246,0.043606415028763786,0.04118411392163024,0.043606415028763786,0,100
A_well_specified,20,17,independent_mondrian,1,1142,0.8669001751313485,2.084938704028021,2.084938704028021,0,0.0,0.0,0.5196147481358335,0.0,0,100
A_well_specified,20,17,independent_mondrian,2,1238,0.9119547657512116,2.11470113085622,2.11470113085622,0,0.0,0.0,0.67985966736941,0.0,0,100
A_well_specified,20,17,independent_mondrian,4,1261,0.8691514670896114,1.5733544805709754,1.5733544805709754,0,0.0,0.0,0.7367535849887171,0.0,0,100
A_well_specified,20,17,independent_mondrian,3,1117,0.9176365264100269,2.190689346463742,2.190689346463742,0,0.0,0.0,0.7166404414008537,0.0,0,100
A_well_specified,20,17,independent_mondrian,0,242,0.9462809917355371,1.3677685950413223,1.3677685950413223,0,0.0,0.0,0.6196284398610465,0.0,0,20
A_well_specified,20,17,ordinal_cluster,1,1142,0.8984238178633975,1.9728546409807355,1.9728546409807355,0,0.0,0.0,0.584730574882101,0.0,0,100
A_well_specified,20,17,ordinal_cluster,2,1238,0.8852988691437803,2.133279483037157,2.133279483037157,0,0.0,0.0,0.6120036628249312,0.0,0,100
A_well_specified,20,17,ordinal_cluster,4,1261,0.8580491673275178,1.5249801744647105,1.5249801744647105,0,0.0,0.0,0.7169434202912527,0.0,0,100
A_well_specified,20,17,ordinal_cluster,3,1117,0.9086839749328559,2.0940017905102954,2.0940017905102954,0,0.0,0.0,0.7067981492884421,0.0,0,100
A_well_specified,20,17,ordinal_cluster,0,242,0.9338842975206612,1.4338842975206612,1.4338842975206612,0,0.0,0.0,0.583492380002735,0.0,0,20
A_well_specified,20,17,input_dependent_nonordinal,1,1142,0.9457092819614711,1.8957968476357268,1.8957968476357268,0,0.5444740425773695,0.03799649113732552,0.05741352629546714,0.03799649113732552,0,100
A_well_specified,20,17,input_dependent_nonordinal,2,1238,0.9030694668820679,2.087237479806139,2.087237479806139,0,0.5969756494259276,0.03608726033160191,0.027133114361415356,0.03608726033160191,0,100
A_well_specified,20,17,input_dependent_nonordinal,4,1261,0.887390959555908,1.5194290245836637,1.5194290245836637,0,0.7481997268813722,0.04192205538677445,-0.010052790742543838,0.04192205538677445,0,100
A_well_specified,20,17,input_dependent_nonordinal,3,1117,0.9230080572963295,2.0886302596239927,2.0886302596239927,0,0.651494249029578,0.0339576199481836,0.04079358544051148,0.0339576199481836,0,100
A_well_specified,20,17,input_dependent_nonordinal,0,242,0.9090909090909091,1.4256198347107438,1.4256198347107438,0,0.45294780322949674,0.02134131690272027,0.03236137363111535,0.02134131690272027,0,20
A_well_specified,20,17,input_dependent_ordinal,1,1142,0.9413309982486865,1.8984238178633976,1.8984238178633976,0,0.536766255865068,0.03329801536791938,0.0562055532861771,0.03329801536791938,0,100
A_well_specified,20,17,input_dependent_ordinal,2,1238,0.9030694668820679,2.0864297253634896,2.0864297253634896,0,0.5991461104734375,0.03603412226027228,0.024857953351113515,0.03603412226027228,0,100
A_well_specified,20,17,input_dependent_ordinal,4,1261,0.8850118953211736,1.5162569389373513,1.5162569389373513,0,0.7384671451489125,0.040053463870824035,-0.0064981002809415545,0.040053463870824035,0,100
A_well_specified,20,17,input_dependent_ordinal,3,1117,0.9221128021486124,2.082363473589973,2.082363473589973,0,0.6669628837517164,0.038455033743178074,0.03128802145381959,0.038455033743178074,0,100
A_well_specified,20,17,input_dependent_ordinal,0,242,0.9049586776859504,1.4049586776859504,1.4049586776859504,0,0.45622552727452864,0.03223490862283552,0.02191271162027353,0.03223490862283552,0,20
A_well_specified,20,18,independent_mondrian,1,1153,0.8681699913269731,2.009540329575022,2.009540329575022,0,0.0,0.0,0.5176382663176574,0.0,0,100
A_well_specified,20,18,independent_mondrian,4,1157,0.9109766637856526,1.6119273984442524,1.6119273984442524,0,0.0,0.0,0.8454423084712539,0.0,0,100
A_well_specified,20,18,independent_mondrian,0,247,0.9433198380566802,1.2995951417004048,1.2995951417004048,0,0.0,0.0,0.6341636322449203,0.0,0,20
A_well_specified,20,18,independent_mondrian,3,1169,0.9101796407185628,2.2147134302822926,2.2147134302822926,0,0.0,0.0,0.7284514027697897,0.0,0,100
A_well_specified,20,18,independent_mondrian,2,1274,0.8877551020408163,2.160125588697017,2.160125588697017,0,0.0,0.0,0.6122317594226532,0.0,0,100
A_well_specified,20,18,ordinal_cluster,1,1153,0.8950563746747615,1.8412836079791848,1.8412836079791848,0,0.0,0.0,0.5741937106002901,0.0,0,100
A_well_specified,20,18,ordinal_cluster,4,1157,0.878133102852204,1.5289541918755403,1.5289541918755403,0,0.0,0.0,0.7495262225995406,0.0,0,100
A_well_specified,20,18,ordinal_cluster,0,247,0.8987854251012146,1.3562753036437247,1.3562753036437247,0,0.0,0.0,0.5176382663176574,0.0,0,20
A_well_specified,20,18,ordinal_cluster,3,1169,0.8922155688622755,2.11890504704876,2.11890504704876,0,0.0,0.0,0.6742587273838403,0.0,0,100
A_well_specified,20,18,ordinal_cluster,2,1274,0.8854003139717426,2.085557299843014,2.085557299843014,0,0.0,0.0,0.6055172150890298,0.0,0,100
A_well_specified,20,18,input_dependent_nonordinal,1,1153,0.8898525585429314,1.8204683434518647,1.8204683434518647,0,0.5528641825762193,0.03714241471965646,-0.04029625247426549,0.03714241471965646,0,100
A_well_specified,20,18,input_dependent_nonordinal,4,1157,0.916162489196197,1.5626620570440795,1.5626620570440795,0,0.7545745340481123,0.04639768019069806,0.03705407094389934,0.04639768019069806,0,100
A_well_specified,20,18,input_dependent_nonordinal,0,247,0.97165991902834,1.4008097165991902,1.4008097165991902,0,0.45091903276612544,0.0311317109966114,0.15837858572839641,0.0311317109966114,0,20
A_well_specified,20,18,input_dependent_nonordinal,3,1169,0.8990590248075278,2.0265183917878526,2.0265183917878526,0,0.6745069104151886,0.04266898766480717,-0.004790531207349624,0.04266898766480717,0,100
A_well_specified,20,18,input_dependent_nonordinal,2,1274,0.8626373626373627,2.0149136577708004,2.0149136577708004,0,0.6100477537916933,0.04412106131196597,-0.044927260728097385,0.04412106131196597,0,100
A_well_specified,20,18,input_dependent_ordinal,1,1153,0.8872506504770165,1.8248048568950563,1.8248048568950563,0,0.537962798986763,0.03865889683950721,-0.02493119973963953,0.03865889683950721,0,100
A_well_specified,20,18,input_dependent_ordinal,4,1157,0.9152981849611063,1.5661192739844425,1.5661192739844425,0,0.7568152795004656,0.04579972387450635,0.03325591308211906,0.04579972387450635,0,100
A_well_specified,20,18,input_dependent_ordinal,0,247,0.97165991902834,1.4048582995951417,1.4048582995951417,0,0.49849969009944933,0.031173658368485815,0.11078118159946371,0.031173658368485815,0,20
A_well_specified,20,18,input_dependent_ordinal,3,1169,0.8999144568006844,2.028229255774166,2.028229255774166,0,0.675821292268083,0.045240127282327944,0.0013006710354028783,0.045240127282327944,0,100
A_well_specified,20,18,input_dependent_ordinal,2,1274,0.8681318681318682,2.032182103610675,2.032182103610675,0,0.6104334296065236,0.04105983532296764,-0.04364921269994804,0.04105983532296764,0,100
A_well_specified,20,19,independent_mondrian,4,1142,0.9168126094570929,1.52276707530648,1.52276707530648,0,0.0,0.0,0.8472283633497932,0.0,0,100
A_well_specified,20,19,independent_mondrian,2,1209,0.8734491315136477,2.064516129032258,2.064516129032258,0,0.0,0.0,0.5706043084414271,0.0,0,100
A_well_specified,20,19,independent_mondrian,1,1167,0.9254498714652957,1.6520994001713796,1.6520994001713796,0,0.0,0.0,0.6227335676953019,0.0,0,100
A_well_specified,20,19,independent_mondrian,3,1222,0.8445171849427169,2.1129296235679216,2.1129296235679216,0,0.0,0.0,0.6026187223228555,0.0,0,100
A_well_specified,20,19,independent_mondrian,0,260,0.8038461538461539,1.3115384615384615,1.3115384615384615,0,0.0,0.0,0.3929840339106574,0.0,0,20
A_well_specified,20,19,ordinal_cluster,4,1142,0.8642732049036778,1.5113835376532399,1.5113835376532399,0,0.0,0.0,0.6669065943802164,0.0,0,100
A_well_specified,20,19,ordinal_cluster,2,1209,0.8858560794044665,2.009925558312655,2.009925558312655,0,0.0,0.0,0.5969399801855909,0.0,0,100
A_well_specified,20,19,ordinal_cluster,1,1167,0.9031705227077977,1.9160239931448158,1.9160239931448158,0,0.0,0.0,0.5706043084414271,0.0,0,100
A_well_specified,20,19,ordinal_cluster,3,1222,0.8625204582651391,1.9680851063829787,1.9680851063829787,0,0.0,0.0,0.6404514521230813,0.0,0,100
A_well_specified,20,19,ordinal_cluster,0,260,0.9461538461538461,1.353846153846154,1.353846153846154,0,0.0,0.0,0.5845451980428599,0.0,0,20
A_well_specified,20,19,input_dependent_nonordinal,4,1142,0.9238178633975481,1.5516637478108581,1.5516637478108581,0,0.7443221396798579,0.04973202116035712,0.07888512277253124,0.04973202116035713,0,100
A_well_specified,20,19,input_dependent_nonordinal,2,1209,0.9090157154673284,1.943755169561621,1.943755169561621,0,0.5919415963264839,0.03357729573085591,-0.0077589067930631805,0.03357729573085591,0,100
A_well_specified,20,19,input_dependent_nonordinal,1,1167,0.8851756640959726,1.664095972579263,1.664095972579263,0,0.5504005198079522,0.026705382723243746,-0.03843991442637046,0.026705382723243746,0,100
A_well_specified,20,19,input_dependent_nonordinal,3,1222,0.8404255319148937,2.0081833060556464,2.0081833060556464,0,0.6871908074040801,0.044882034878161184,-0.0645090835107634,0.04488203487816119,0,100
A_well_specified,20,19,input_dependent_nonordinal,0,260,0.7384615384615385,1.0884615384615384,1.0884615384615384,0,0.4600610851337775,0.034271962905081964,-0.08979960874053985,0.034271962905081964,0,20
A_well_specified,20,19,input_dependent_ordinal,4,1142,0.9229422066549913,1.552539404553415,1.552539404553415,0,0.750437015379398,0.05173147340527397,0.07130563727061612,0.05173147340527397,0,100
A_well_specified,20,19,input_dependent_ordinal,2,1209,0.9156327543424317,1.9520264681555004,1.9520264681555004,0,0.6030035449646112,0.03609962772557133,-0.00814885213559935,0.03609962772557133,0,100
A_well_specified,20,19,input_dependent_ordinal,1,1167,0.8834618680377035,1.6418166238217653,1.6418166238217653,0,0.5422549184130118,0.029192418887674116,-0.025952209867278198,0.029192418887674116,0,100
A_well_specified,20,19,input_dependent_ordinal,3,1222,0.839607201309329,2.0130932896890346,2.0130932896890346,0,0.6749746502061473,0.04005988707122301,-0.05356384888973109,0.04005988707122301,0,100
A_well_specified,20,19,input_dependent_ordinal,0,260,0.7076923076923077,1.073076923076923,1.073076923076923,0,0.4752116566968678,0.02532989493266608,-0.1341939825427809,0.02532989493266608,0,20
A_well_specified,20,20,independent_mondrian,4,1208,0.8956953642384106,1.6912251655629138,1.6912251655629138,0,0.0,0.0,0.7684369535514731,0.0,0,100
A_well_specified,20,20,independent_mondrian,3,1238,0.9038772213247173,2.3279483037156705,2.3279483037156705,0,0.0,0.0,0.7529220065515932,0.0,0,100
A_well_specified,20,20,independent_mondrian,2,1144,0.9326923076923077,2.298076923076923,2.298076923076923,0,0.0,0.0,0.7355322046590318,0.0,0,100
A_well_specified,20,20,independent_mondrian,1,1155,0.9376623376623376,2.1316017316017315,2.1316017316017315,0,0.0,0.0,0.641647869211051,0.0,0,100
A_well_specified,20,20,independent_mondrian,0,255,0.9372549019607843,1.5450980392156863,1.5450980392156863,0,0.0,0.0,0.5390854025143363,0.0,0,20
A_well_specified,20,20,ordinal_cluster,4,1208,0.890728476821192,1.6597682119205297,1.6597682119205297,0,0.0,0.0,0.7529220065515932,0.0,0,100
A_well_specified,20,20,ordinal_cluster,3,1238,0.8957996768982229,2.261712439418417,2.261712439418417,0,0.0,0.0,0.7373425292837734,0.0,0,100
A_well_specified,20,20,ordinal_cluster,2,1144,0.9195804195804196,2.284965034965035,2.284965034965035,0,0.0,0.0,0.6931954585671388,0.0,0,100
A_well_specified,20,20,ordinal_cluster,1,1155,0.9393939393939394,2.0744588744588746,2.0744588744588746,0,0.0,0.0,0.6547910140900179,0.0,0,100
A_well_specified,20,20,ordinal_cluster,0,255,0.9372549019607843,1.5490196078431373,1.5490196078431373,0,0.0,0.0,0.5390854025143363,0.0,0,20
A_well_specified,20,20,input_dependent_nonordinal,4,1208,0.9370860927152318,1.6589403973509933,1.6589403973509933,0,0.7479171440955561,0.05052858571523454,0.05667304144720087,0.05052858571523454,0,100
A_well_specified,20,20,input_dependent_nonordinal,3,1238,0.9184168012924071,2.1752827140549273,2.1752827140549273,0,0.6761576511399147,0.04355953802950868,0.05713005856375031,0.04355953802950868,0,100
A_well_specified,20,20,input_dependent_nonordinal,2,1144,0.9283216783216783,2.138986013986014,2.138986013986014,0,0.5936532363148798,0.037301357738601666,0.06824318440580068,0.037301357738601666,0,100
A_well_specified,20,20,input_dependent_nonordinal,1,1155,0.8917748917748918,1.851948051948052,1.851948051948052,0,0.5100169250807876,0.039245602065800356,0.0319940099388758,0.039245602065800356,0,100
A_well_specified,20,20,input_dependent_nonordinal,0,255,0.8627450980392157,1.3725490196078431,1.3725490196078431,0,0.4981025725012197,0.04431164782406711,-0.03390094620338238,0.044311647824067116,0,20
A_well_specified,20,20,input_dependent_ordinal,4,1208,0.9354304635761589,1.658112582781457,1.658112582781457,0,0.7446689164970743,0.04740880698856391,0.04842035416846613,0.04740880698856391,0,100
A_well_specified,20,20,input_dependent_ordinal,3,1238,0.9192245557350566,2.1567043618739903,2.1567043618739903,0,0.6785160648590653,0.0456881866128512,0.05760855367269846,0.0456881866128512,0,100
A_well_specified,20,20,input_dependent_ordinal,2,1144,0.9283216783216783,2.1162587412587412,2.1162587412587412,0,0.5949070214576632,0.04104200833161109,0.06770174411429586,0.04104200833161109,0,100
A_well_specified,20,20,input_dependent_ordinal,1,1155,0.8943722943722944,1.819047619047619,1.819047619047619,0,0.5153886589859197,0.03813921412910182,0.028036768087105535,0.03813921412910182,0,100
A_well_specified,20,20,input_dependent_ordinal,0,255,0.8392156862745098,1.3568627450980393,1.3568627450980393,0,0.46837678251544324,0.03619895199156656,-0.03995947206458622,0.03619895199156656,0,20
A_well_specified,20,21,independent_mondrian,3,1201,0.890924229808493,2.1973355537052455,2.1973355537052455,0,0.0,0.0,0.6975191818875314,0.0,0,100
A_well_specified,20,21,independent_mondrian,2,1158,0.8937823834196891,2.1191709844559585,2.1191709844559585,0,0.0,0.0,0.6237053007188933,0.0,0,100
A_well_specified,20,21,independent_mondrian,0,244,0.9344262295081968,1.3647540983606556,1.3647540983606556,0,0.0,0.0,0.6078367181156769,0.0,0,20
A_well_specified,20,21,independent_mondrian,1,1181,0.8628281117696867,1.9788314987298898,1.9788314987298898,0,0.0,0.0,0.5009620332376866,0.0,0,100
A_well_specified,20,21,independent_mondrian,4,1216,0.9235197368421053,1.620888157894737,1.620888157894737,0,0.0,0.0,0.8571493609505692,0.0,0,100
A_well_specified,20,21,ordinal_cluster,3,1201,0.8959200666111574,2.193172356369692,2.193172356369692,0,0.0,0.0,0.7157218976130686,0.0,0,100
A_well_specified,20,21,ordinal_cluster,2,1158,0.8937823834196891,2.1865284974093266,2.1865284974093266,0,0.0,0.0,0.6237814907218798,0.0,0,100
A_well_specified,20,21,ordinal_cluster,0,244,0.8811475409836066,1.4549180327868851,1.4549180327868851,0,0.0,0.0,0.5009620332376866,0.0,0,20
A_well_specified,20,21,ordinal_cluster,1,1181,0.9144792548687553,1.8755292125317526,1.8755292125317526,0,0.0,0.0,0.5964754096635072,0.0,0,100
A_well_specified,20,21,ordinal_cluster,4,1216,0.9013157894736842,1.625,1.625,0,0.0,0.0,0.794235482944721,0.0,0,100
A_well_specified,20,21,input_dependent_nonordinal,3,1201,0.8717735220649458,2.1107410491257284,2.1107410491257284,0,0.7012573553185185,0.04385428326802476,-0.0542011408345246,0.04385428326802475,0,100
A_well_specified,20,21,input_dependent_nonordinal,2,1158,0.9309153713298791,2.0820379965457687,2.0820379965457687,0,0.6415904588197352,0.03610270587833633,0.0158695196814852,0.03610270587833633,0,100
A_well_specified,20,21,input_dependent_nonordinal,0,244,0.7909836065573771,1.2704918032786885,1.2704918032786885,0,0.5034167845782157,0.028079064033444307,-0.13146588428841022,0.028079064033444307,0,20
A_well_specified,20,21,input_dependent_nonordinal,1,1181,0.8831498729889924,1.7095681625740897,1.7095681625740897,0,0.516600338075605,0.028560113851336666,-0.005833359656051917,0.028560113851336666,0,100
A_well_specified,20,21,input_dependent_nonordinal,4,1216,0.9539473684210527,1.5970394736842106,1.5970394736842106,0,0.7266095318347163,0.04759875720455208,0.12731259509949377,0.04759875720455208,0,100
A_well_specified,20,21,input_dependent_ordinal,3,1201,0.8709408825978351,2.1132389675270606,2.1132389675270606,0,0.6826750264404422,0.04288100101031624,-0.039275964112491846,0.04288100101031626,0,100
A_well_specified,20,21,input_dependent_ordinal,2,1158,0.9326424870466321,2.082901554404145,2.082901554404145,0,0.6254745983992075,0.03651216529652153,0.033810201557585406,0.03651216529652153,0,100
A_well_specified,20,21,input_dependent_ordinal,0,244,0.819672131147541,1.2991803278688525,1.2991803278688525,0,0.48456191442946983,0.024290738053463656,-0.09612229101989145,0.024290738053463656,0,20
A_well_specified,20,21,input_dependent_ordinal,1,1181,0.8839966130397968,1.716342082980525,1.716342082980525,0,0.5381782723559942,0.029740774890159583,-0.02590012782279294,0.029740774890159583,0,100
A_well_specified,20,21,input_dependent_ordinal,4,1216,0.9539473684210527,1.596217105263158,1.596217105263158,0,0.7448107864250788,0.04788808300410264,0.10993100043192366,0.04788808300410263,0,100
A_well_specified,20,22,independent_mondrian,1,1194,0.8969849246231156,2.0787269681742044,2.0787269681742044,0,0.0,0.0,0.5611857699967124,0.0,0,100
A_well_specified,20,22,independent_mondrian,4,1263,0.9073634204275535,1.6753760886777513,1.6753760886777513,0,0.0,0.0,0.7936099316367606,0.0,0,100
A_well_specified,20,22,independent_mondrian,2,1154,0.9263431542461005,2.2114384748700173,2.2114384748700173,0,0.0,0.0,0.6970696896636164,0.0,0,100
A_well_specified,20,22,independent_mondrian,3,1148,0.8937282229965157,2.2630662020905925,2.2630662020905925,0,0.0,0.0,0.7382928462971509,0.0,0,100
A_well_specified,20,22,independent_mondrian,0,241,0.9128630705394191,1.4605809128630705,1.4605809128630705,0,0.0,0.0,0.5764183486518291,0.0,0,20
A_well_specified,20,22,ordinal_cluster,1,1194,0.923785594639866,2.0619765494137354,2.0619765494137354,0,0.0,0.0,0.619106392498736,0.0,0,100
A_well_specified,20,22,ordinal_cluster,4,1263,0.9034045922406968,1.6658749010292953,1.6658749010292953,0,0.0,0.0,0.7829153211764445,0.0,0,100
A_well_specified,20,22,ordinal_cluster,2,1154,0.9211438474870017,2.2772963604852685,2.2772963604852685,0,0.0,0.0,0.6814271704254845,0.0,0,100
A_well_specified,20,22,ordinal_cluster,3,1148,0.8945993031358885,2.2534843205574915,2.2534843205574915,0,0.0,0.0,0.7402800868649766,0.0,0,100
A_well_specified,20,22,ordinal_cluster,0,241,0.9087136929460581,1.5352697095435686,1.5352697095435686,0,0.0,0.0,0.5611857699967124,0.0,0,20
A_well_specified,20,22,input_dependent_nonordinal,1,1194,0.88107202680067,1.946398659966499,1.946398659966499,0,0.5235235207784673,0.031427959590300966,0.0007637849947085273,0.031427959590300966,0,100
A_well_specified,20,22,input_dependent_nonordinal,4,1263,0.9057798891528107,1.5510688836104514,1.5510688836104514,0,0.7114248133718571,0.03832715225007542,0.0232907144411863,0.03832715225007542,0,100
A_well_specified,20,22,input_dependent_nonordinal,2,1154,0.915944540727903,2.080589254766031,2.080589254766031,0,0.6046793131137128,0.04145473221944457,0.02386683511138321,0.04145473221944457,0,100
A_well_specified,20,22,input_dependent_nonordinal,3,1148,0.872822299651568,2.0226480836236935,2.0226480836236935,0,0.704972001890566,0.03840790114078724,-0.045173155520872865,0.03840790114078724,0,100
A_well_specified,20,22,input_dependent_nonordinal,0,241,0.991701244813278,1.4771784232365146,1.4771784232365146,0,0.44596247926923666,0.04218916342212092,0.22668026432497784,0.04218916342212092,0,20
A_well_specified,20,22,input_dependent_ordinal,1,1194,0.8760469011725294,1.9422110552763818,1.9422110552763818,0,0.5282884894850993,0.0348479823776126,-0.005957013007027667,0.0348479823776126,0,100
A_well_specified,20,22,input_dependent_ordinal,4,1263,0.9089469517022961,1.5471100554235946,1.5471100554235946,0,0.7412171477318563,0.039890465959211044,-0.0006464783024638376,0.03989046595921106,0,100
A_well_specified,20,22,input_dependent_ordinal,2,1154,0.9202772963604853,2.0753899480069324,2.0753899480069324,0,0.6050788371136806,0.038152910651213456,0.029000957643788627,0.038152910651213456,0,100
A_well_specified,20,22,input_dependent_ordinal,3,1148,0.8693379790940766,2.028745644599303,2.028745644599303,0,0.6640867458201262,0.03688353626346013,-0.008861507462313623,0.03688353626346013,0,100
A_well_specified,20,22,input_dependent_ordinal,0,241,0.991701244813278,1.4771784232365146,1.4771784232365146,0,0.4752663211949654,0.035980729429774316,0.18855525090881942,0.035980729429774316,0,20
A_well_specified,20,23,independent_mondrian,1,1186,0.8785834738617201,1.7647554806070826,1.7647554806070826,0,0.0,0.0,0.5229490806245368,0.0,0,100
A_well_specified,20,23,independent_mondrian,3,1252,0.8714057507987221,1.9201277955271565,1.9201277955271565,0,0.0,0.0,0.6671916181629709,0.0,0,100
A_well_specified,20,23,independent_mondrian,2,1138,0.827768014059754,1.944639718804921,1.944639718804921,0,0.0,0.0,0.5198240939063312,0.0,0,100
A_well_specified,20,23,independent_mondrian,4,1193,0.8516345347862532,1.471081307627829,1.471081307627829,0,0.0,0.0,0.6798138539246389,0.0,0,100
A_well_specified,20,23,independent_mondrian,0,231,0.9393939393939394,1.303030303030303,1.303030303030303,0,0.0,0.0,0.5641990138808123,0.0,0,20
A_well_specified,20,23,ordinal_cluster,1,1186,0.8785834738617201,1.8119730185497471,1.8119730185497471,0,0.0,0.0,0.5229490806245368,0.0,0,100
A_well_specified,20,23,ordinal_cluster,3,1252,0.8562300319488818,1.964856230031949,1.964856230031949,0,0.0,0.0,0.6453098215273761,0.0,0,100
A_well_specified,20,23,ordinal_cluster,2,1138,0.8699472759226714,1.9516695957820738,1.9516695957820738,0,0.0,0.0,0.580803332268583,0.0,0,100
A_well_specified,20,23,ordinal_cluster,4,1193,0.8474434199497066,1.4635373009220454,1.4635373009220454,0,0.0,0.0,0.6728418287431214,0.0,0,100
A_well_specified,20,23,ordinal_cluster,0,231,0.935064935064935,1.303030303030303,1.303030303030303,0,0.0,0.0,0.5376381928219051,0.0,0,20
A_well_specified,20,23,input_dependent_nonordinal,1,1186,0.9156829679595279,1.7048903878583475,1.7048903878583475,0,0.533928638856852,0.030633086649795464,0.01730199152605516,0.030633086649795464,0,100
A_well_specified,20,23,input_dependent_nonordinal,3,1252,0.8722044728434505,1.9345047923322685,1.9345047923322685,0,0.6415586055259614,0.03170644156919436,0.006150889515172064,0.03170644156919436,0,100
A_well_specified,20,23,input_dependent_nonordinal,2,1138,0.8725834797891037,1.9235500878734622,1.9235500878734622,0,0.5993891956770729,0.03473909345891322,-0.02785222077316407,0.03473909345891322,0,100
A_well_specified,20,23,input_dependent_nonordinal,4,1193,0.8331936295054484,1.4341994970662195,1.4341994970662195,0,0.7417883017056756,0.045794861005865786,-0.08450755559477052,0.045794861005865786,0,100
A_well_specified,20,23,input_dependent_nonordinal,0,231,0.8701298701298701,1.303030303030303,1.303030303030303,0,0.4512168386966758,0.025569209166804056,-0.01709105338600317,0.025569209166804056,0,20
A_well_specified,20,23,input_dependent_ordinal,1,1186,0.9165261382799326,1.7074198988195615,1.7074198988195615,0,0.5252974071455826,0.028570294458174102,0.027246284064302184,0.028570294458174102,0,100
A_well_specified,20,23,input_dependent_ordinal,3,1252,0.8586261980830671,1.9201277955271565,1.9201277955271565,0,0.6701568365999594,0.03633706878199557,-0.03438998399246196,0.03633706878199557,0,100
A_well_specified,20,23,input_dependent_ordinal,2,1138,0.8725834797891037,1.9007029876977153,1.9007029876977153,0,0.5895005938283064,0.034622999107867036,-0.018286690285752805,0.034622999107867036,0,100
A_well_specified,20,23,input_dependent_ordinal,4,1193,0.8348700754400671,1.424140821458508,1.424140821458508,0,0.7279915684183718,0.042460470246479,-0.07148505524256976,0.042460470246479,0,100
A_well_specified,20,23,input_dependent_ordinal,0,231,0.8701298701298701,1.3073593073593073,1.3073593073593073,0,0.4709569471458882,0.02689325482731128,-0.03132361416897014,0.02689325482731128,0,20
A_well_specified,20,24,independent_mondrian,4,1215,0.8600823045267489,1.3958847736625515,1.3958847736625515,0,0.0,0.0,0.6871179167241908,0.0,0,100
A_well_specified,20,24,independent_mondrian,2,1177,0.9150382327952421,1.9039932030586235,1.9039932030586235,0,0.0,0.0,0.6308317567626722,0.0,0,100
A_well_specified,20,24,independent_mondrian,3,1178,0.8191850594227504,1.9983022071307301,1.9983022071307301,0,0.0,0.0,0.5536933821895402,0.0,0,100
A_well_specified,20,24,independent_mondrian,1,1174,0.9063032367972743,1.8364565587734243,1.8364565587734243,0,0.0,0.0,0.5543464939331963,0.0,0,100
A_well_specified,20,24,independent_mondrian,0,256,0.91015625,1.4140625,1.4140625,0,0.0,0.0,0.5019473324259656,0.0,0,20
A_well_specified,20,24,ordinal_cluster,4,1215,0.8411522633744856,1.4452674897119342,1.4452674897119342,0,0.0,0.0,0.6427851788453074,0.0,0,100
A_well_specified,20,24,ordinal_cluster,2,1177,0.8768054375531011,1.9558198810535259,1.9558198810535259,0,0.0,0.0,0.5626913863646739,0.0,0,100
A_well_specified,20,24,ordinal_cluster,3,1178,0.865874363327674,1.9235993208828523,1.9235993208828523,0,0.0,0.0,0.6322529668420293,0.0,0,100
A_well_specified,20,24,ordinal_cluster,1,1174,0.9071550255536627,1.7853492333901193,1.7853492333901193,0,0.0,0.0,0.5555349671507677,0.0,0,100
A_well_specified,20,24,ordinal_cluster,0,256,0.921875,1.4140625,1.4140625,0,0.0,0.0,0.5302144752512097,0.0,0,20
A_well_specified,20,24,input_dependent_nonordinal,4,1215,0.9020576131687242,1.5012345679012347,1.5012345679012347,0,0.7677666682871425,0.052334625579502816,-0.011542413743843127,0.052334625579502816,0,100
A_well_specified,20,24,input_dependent_nonordinal,2,1177,0.8708581138487681,1.9039932030586235,1.9039932030586235,0,0.5926732035589249,0.03581113709871291,-0.04764882034964135,0.03581113709871291,0,100
A_well_specified,20,24,input_dependent_nonordinal,3,1178,0.8828522920203735,1.9439728353140917,1.9439728353140917,0,0.6776716683612096,0.04932209841571021,-0.02876591194949296,0.04932209841571021,0,100
A_well_specified,20,24,input_dependent_nonordinal,1,1174,0.883304940374787,1.678023850085179,1.678023850085179,0,0.5380722576741203,0.03235966258320761,-0.03831693819083065,0.03235966258320761,0,100
A_well_specified,20,24,input_dependent_nonordinal,0,256,0.88671875,1.32421875,1.32421875,0,0.4320671843073709,0.017818320627960897,0.017848679004824897,0.017818320627960897,0,20
A_well_specified,20,24,input_dependent_ordinal,4,1215,0.9020576131687242,1.4930041152263374,1.4930041152263374,0,0.760894286496134,0.05418481677236519,-0.0034590801231751955,0.05418481677236519,0,100
A_well_specified,20,24,input_dependent_ordinal,2,1177,0.8683092608326253,1.8878504672897196,1.8878504672897196,0,0.6023281513260286,0.03725948877736624,-0.05961271065712781,0.03725948877736624,0,100
A_well_specified,20,24,input_dependent_ordinal,3,1178,0.8760611205432938,1.9278438030560272,1.9278438030560272,0,0.6844585603955675,0.046764738716381496,-0.04448064812908942,0.046764738716381496,0,100
A_well_specified,20,24,input_dependent_ordinal,1,1174,0.8764906303236797,1.6592844974446337,1.6592844974446337,0,0.5250392942183654,0.030098945020157523,-0.03457490511560096,0.030098945020157523,0,100
A_well_specified,20,24,input_dependent_ordinal,0,256,0.875,1.30078125,1.30078125,0,0.4445251259067923,0.022976773455056318,-0.0016627914300368918,0.022976773455056318,0,20
A_well_specified,20,25,independent_mondrian,1,1166,0.9108061749571184,1.6620926243567753,1.6620926243567753,0,0.0,0.0,0.5968191803302509,0.0,0,100
A_well_specified,20,25,independent_mondrian,0,247,0.8016194331983806,1.3279352226720649,1.3279352226720649,0,0.0,0.0,0.3449163228014594,0.0,0,20
A_well_specified,20,25,independent_mondrian,3,1191,0.8606213266162889,2.0646515533165406,2.0646515533165406,0,0.0,0.0,0.6305571431131399,0.0,0,100
A_well_specified,20,25,independent_mondrian,4,1180,0.8627118644067797,1.5169491525423728,1.5169491525423728,0,0.0,0.0,0.7121485990063022,0.0,0,100
A_well_specified,20,25,independent_mondrian,2,1216,0.9054276315789473,2.033717105263158,2.033717105263158,0,0.0,0.0,0.6183631533612322,0.0,0,100
A_well_specified,20,25,ordinal_cluster,1,1166,0.9039451114922813,1.881646655231561,1.881646655231561,0,0.0,0.0,0.5692080258819912,0.0,0,100
A_well_specified,20,25,ordinal_cluster,0,247,0.9311740890688259,1.3927125506072875,1.3927125506072875,0,0.0,0.0,0.536476097027542,0.0,0,20
A_well_specified,20,25,ordinal_cluster,3,1191,0.8765743073047859,2.0235096557514693,2.0235096557514693,0,0.0,0.0,0.6809499276989984,0.0,0,100
A_well_specified,20,25,ordinal_cluster,4,1180,0.8576271186440678,1.5432203389830508,1.5432203389830508,0,0.0,0.0,0.6912560557410342,0.0,0,100
A_well_specified,20,25,ordinal_cluster,2,1216,0.8955592105263158,2.0657894736842106,2.0657894736842106,0,0.0,0.0,0.5968191803302509,0.0,0,100
A_well_specified,20,25,input_dependent_nonordinal,1,1166,0.8516295025728988,1.7195540308747856,1.7195540308747856,0,0.475958535093542,0.029796231438470034,-0.009485661717039129,0.029796231438470034,0,100
A_well_specified,20,25,input_dependent_nonordinal,0,247,0.9230769230769231,1.291497975708502,1.291497975708502,0,0.4702869419246054,0.03256749999392172,-0.000977336178379723,0.03256749999392173,0,20
A_well_specified,20,25,input_dependent_nonordinal,3,1191,0.8648194794290512,1.9303106633081444,1.9303106633081444,0,0.6724204624651358,0.039360543920194196,-0.035810322669924344,0.039360543920194196,0,100
A_well_specified,20,25,input_dependent_nonordinal,4,1180,0.8610169491525423,1.494915254237288,1.494915254237288,0,0.7539179897655387,0.04626425161705272,-0.05564941356022102,0.04626425161705272,0,100
A_well_specified,20,25,input_dependent_nonordinal,2,1216,0.9021381578947368,1.8495065789473684,1.8495065789473684,0,0.5732991043699176,0.032024208825309014,0.014160462409258057,0.032024208825309014,0,100
A_well_specified,20,25,input_dependent_ordinal,1,1166,0.8516295025728988,1.6852487135506002,1.6852487135506002,0,0.4940191317362682,0.02978028612169458,-0.02751137657787084,0.02978028612169458,0,100
A_well_specified,20,25,input_dependent_ordinal,0,247,0.8906882591093117,1.263157894736842,1.263157894736842,0,0.41826806402883965,0.024367491783984268,0.007230531105205856,0.02436749178398428,0,20
A_well_specified,20,25,input_dependent_ordinal,3,1191,0.869857262804366,1.9403862300587742,1.9403862300587742,0,0.6654481841938347,0.038356791632407725,-0.026649332450185748,0.038356791632407725,0,100
A_well_specified,20,25,input_dependent_ordinal,4,1180,0.8635593220338983,1.5076271186440677,1.5076271186440677,0,0.7556711165679155,0.044848341570142274,-0.053596604610926746,0.044848341570142274,0,100
A_well_specified,20,25,input_dependent_ordinal,2,1216,0.9070723684210527,1.8421052631578947,1.8421052631578947,0,0.5705996166744174,0.036155824955611086,0.026115872360160997,0.036155824955611086,0,100
A_well_specified,20,26,independent_mondrian,2,1177,0.9566694987255735,2.197960917587086,2.197960917587086,0,0.0,0.0,0.8081924184228418,0.0,0,100
A_well_specified,20,26,independent_mondrian,3,1198,0.8505843071786311,2.4006677796327214,2.4006677796327214,0,0.0,0.0,0.6247128263541543,0.0,0,100
A_well_specified,20,26,independent_mondrian,4,1206,0.9378109452736318,1.6616915422885572,1.6616915422885572,0,0.0,0.0,0.8696837221650134,0.0,0,100
A_well_specified,20,26,independent_mondrian,1,1182,0.9357021996615905,2.1125211505922166,2.1125211505922166,0,0.0,0.0,0.6124687919514324,0.0,0,100
A_well_specified,20,26,independent_mondrian,0,237,0.8818565400843882,1.5316455696202531,1.5316455696202531,0,0.0,0.0,0.509229289040007,0.0,0,20
A_well_specified,20,26,ordinal_cluster,2,1177,0.8920985556499575,2.2574341546304164,2.2574341546304164,0,0.0,0.0,0.6460845875000576,0.0,0,100
A_well_specified,20,26,ordinal_cluster,3,1198,0.8964941569282137,2.1736227045075127,2.1736227045075127,0,0.0,0.0,0.7384507809287794,0.0,0,100
A_well_specified,20,26,ordinal_cluster,4,1206,0.8922056384742952,1.669983416252073,1.669983416252073,0,0.0,0.0,0.7323280777930795,0.0,0,100
A_well_specified,20,26,ordinal_cluster,1,1182,0.94331641285956,2.05414551607445,2.05414551607445,0,0.0,0.0,0.6445584108636446,0.0,0,100
A_well_specified,20,26,ordinal_cluster,0,237,0.9071729957805907,1.5274261603375527,1.5274261603375527,0,0.0,0.0,0.5821191853758358,0.0,0,20
A_well_specified,20,26,input_dependent_nonordinal,2,1177,0.9660152931180969,2.1665250637213256,2.1665250637213256,0,0.5995855954553403,0.03413537487570719,0.15173696618807275,0.03413537487570719,0,100
A_well_specified,20,26,input_dependent_nonordinal,3,1198,0.8848080133555927,2.2270450751252087,2.2270450751252087,0,0.7249233761913969,0.039120145477375974,-0.06409000632694623,0.039120145477375974,0,100
A_well_specified,20,26,input_dependent_nonordinal,4,1206,0.9328358208955224,1.6467661691542288,1.6467661691542288,0,0.7910374774064314,0.049180695792017635,0.03628728627194988,0.04918069579201762,0,100
A_well_specified,20,26,input_dependent_nonordinal,1,1182,0.9187817258883249,2.0583756345177666,2.0583756345177666,0,0.5018958760704544,0.03141843478660143,0.045550893869159476,0.031418434786601425,0,100
A_well_specified,20,26,input_dependent_nonordinal,0,237,0.9620253164556962,1.4936708860759493,1.4936708860759493,0,0.4545765297155113,0.025047881750423117,0.13741774995074124,0.025047881750423117,0,20
A_well_specified,20,26,input_dependent_ordinal,2,1177,0.9685641461342396,2.1461342395921834,2.1461342395921834,0,0.6112031305401332,0.03728194586125755,0.14788902060318687,0.03728194586125755,0,100
A_well_specified,20,26,input_dependent_ordinal,3,1198,0.8864774624373957,2.2287145242070117,2.2287145242070117,0,0.7055799740238456,0.041522785302593575,-0.03941948288116476,0.041522785302593575,0,100
A_well_specified,20,26,input_dependent_ordinal,4,1206,0.9311774461028193,1.650082918739635,1.650082918739635,0,0.7982850916165665,0.04639416185606578,0.022805895431706857,0.04639416185606578,0,100
A_well_specified,20,26,input_dependent_ordinal,1,1182,0.9145516074450084,2.053299492385787,2.053299492385787,0,0.5086442471747707,0.029856918431925922,0.03200453816306101,0.029856918431925922,0,100
A_well_specified,20,26,input_dependent_ordinal,0,237,0.9578059071729957,1.489451476793249,1.489451476793249,0,0.42612451071073876,0.022873524517271114,0.15633441914052337,0.022873524517271114,0,20
A_well_specified,20,27,independent_mondrian,2,1204,0.8438538205980066,2.144518272425249,2.144518272425249,0,0.0,0.0,0.5672164521460353,0.0,0,100
A_well_specified,20,27,independent_mondrian,4,1164,0.9201030927835051,1.6305841924398625,1.6305841924398625,0,0.0,0.0,0.8080967003290735,0.0,0,100
A_well_specified,20,27,independent_mondrian,3,1170,0.9128205128205128,2.135897435897436,2.135897435897436,0,0.0,0.0,0.7316344312743311,0.0,0,100
A_well_specified,20,27,independent_mondrian,1,1227,0.8981255093724532,1.9706601466992666,1.9706601466992666,0,0.0,0.0,0.547217835521184,0.0,0,100
A_well_specified,20,27,independent_mondrian,0,235,0.9404255319148936,1.3702127659574468,1.3702127659574468,0,0.0,0.0,0.6256159365213362,0.0,0,20
A_well_specified,20,27,ordinal_cluster,2,1204,0.8654485049833887,2.117940199335548,2.117940199335548,0,0.0,0.0,0.6106488936223333,0.0,0,100
A_well_specified,20,27,ordinal_cluster,4,1164,0.8986254295532646,1.6185567010309279,1.6185567010309279,0,0.0,0.0,0.7701240346194336,0.0,0,100
A_well_specified,20,27,ordinal_cluster,3,1170,0.9111111111111111,2.141025641025641,2.141025641025641,0,0.0,0.0,0.7237638530728676,0.0,0,100
A_well_specified,20,27,ordinal_cluster,1,1227,0.8981255093724532,1.9079054604726977,1.9079054604726977,0,0.0,0.0,0.547217835521184,0.0,0,100
A_well_specified,20,27,ordinal_cluster,0,235,0.9234042553191489,1.3617021276595744,1.3617021276595744,0,0.0,0.0,0.547217835521184,0.0,0,20
A_well_specified,20,27,input_dependent_nonordinal,2,1204,0.8961794019933554,2.0182724252491693,2.0182724252491693,0,0.6251899666172899,0.03563833830440686,7.821904338778385e-05,0.03563833830440686,0,100
A_well_specified,20,27,input_dependent_nonordinal,4,1164,0.9226804123711341,1.5231958762886597,1.5231958762886597,0,0.7670103488171575,0.04706231226292421,0.027666503152541044,0.04706231226292421,0,100
A_well_specified,20,27,input_dependent_nonordinal,3,1170,0.8461538461538461,2.0435897435897434,2.0435897435897434,0,0.6660362309097657,0.04467906997571077,-0.061033466410492954,0.04467906997571077,0,100
A_well_specified,20,27,input_dependent_nonordinal,1,1227,0.9070904645476773,2.0114099429502854,2.0114099429502854,0,0.5403410463888535,0.04017060582441378,-0.021484560927985008,0.04017060582441378,0,100
A_well_specified,20,27,input_dependent_nonordinal,0,235,0.9744680851063829,1.3872340425531915,1.3872340425531915,0,0.41480870966330674,0.022680085350894365,0.26149121785633184,0.022680085350894365,0,20
A_well_specified,20,27,input_dependent_ordinal,2,1204,0.8995016611295681,2.01578073089701,2.01578073089701,0,0.6079696525544225,0.03896542442802499,0.024127025040085015,0.03896542442802499,0,100
A_well_specified,20,27,input_dependent_ordinal,4,1164,0.9226804123711341,1.5283505154639174,1.5283505154639174,0,0.7599135191741612,0.04683251638497697,0.03449193552149632,0.04683251638497697,0,100
A_well_specified,20,27,input_dependent_ordinal,3,1170,0.8461538461538461,2.045299145299145,2.045299145299145,0,0.6894897573915612,0.04464702454846578,-0.08453003651696439,0.04464702454846578,0,100
A_well_specified,20,27,input_dependent_ordinal,1,1227,0.8948655256723717,2.0016299918500406,2.0016299918500406,0,0.533464458812565,0.0354535882251515,-0.031802450264161286,0.0354535882251515,0,100
A_well_specified,20,27,input_dependent_ordinal,0,235,0.9787234042553191,1.3829787234042554,1.3829787234042554,0,0.450036682629903,0.03010752587721993,0.2339756434383175,0.03010752587721992,0,20
A_well_specified,20,28,independent_mondrian,2,1197,0.9097744360902256,2.3893065998329157,2.3893065998329157,0,0.0,0.0,0.6250090475965729,0.0,0,100
A_well_specified,20,28,independent_mondrian,4,1182,0.9247038917089678,1.6835871404399323,1.6835871404399323,0,0.0,0.0,0.8695096104678637,0.0,0,100
A_well_specified,20,28,independent_mondrian,3,1143,0.9133858267716536,2.3132108486439193,2.3132108486439193,0,0.0,0.0,0.7469283261795759,0.0,0,100
A_well_specified,20,28,independent_mondrian,1,1211,0.9496284062758051,1.9372419488026424,1.9372419488026424,0,0.0,0.0,0.7020641959772123,0.0,0,100
A_well_specified,20,28,independent_mondrian,0,267,0.8951310861423221,1.6704119850187267,1.6704119850187267,0,0.0,0.0,0.49958428529749555,0.0,0,20
A_well_specified,20,28,ordinal_cluster,2,1197,0.935672514619883,2.305764411027569,2.305764411027569,0,0.0,0.0,0.6912530596152829,0.0,0,100
A_well_specified,20,28,ordinal_cluster,4,1182,0.8976311336717429,1.6531302876480543,1.6531302876480543,0,0.0,0.0,0.7843736116840773,0.0,0,100
A_well_specified,20,28,ordinal_cluster,3,1143,0.9072615923009624,2.288713910761155,2.288713910761155,0,0.0,0.0,0.727262774921724,0.0,0,100
A_well_specified,20,28,ordinal_cluster,1,1211,0.9331131296449215,2.222956234516928,2.222956234516928,0,0.0,0.0,0.6364881536507451,0.0,0,100
A_well_specified,20,28,ordinal_cluster,0,267,0.9588014981273408,1.6741573033707866,1.6741573033707866,0,0.0,0.0,0.6517695183182232,0.0,0,20
A_well_specified,20,28,input_dependent_nonordinal,2,1197,0.8872180451127819,2.072681704260652,2.072681704260652,0,0.6143467617306061,0.03468167566151575,-0.03569788284632952,0.03468167566151575,0,100
A_well_specified,20,28,input_dependent_nonordinal,4,1182,0.9086294416243654,1.583756345177665,1.583756345177665,0,0.759172262213966,0.04466812243012536,0.02069101062363954,0.04466812243012536,0,100
A_well_specified,20,28,input_dependent_nonordinal,3,1143,0.9098862642169728,2.0481189851268593,2.0481189851268593,0,0.6666770902646406,0.04333082877976529,0.02573243839428052,0.04333082877976529,0,100
A_well_specified,20,28,input_dependent_nonordinal,1,1211,0.9397192402972749,1.7811725846407926,1.7811725846407926,0,0.5105664029851864,0.03182675378017053,0.05799018832235331,0.03182675378017053,0,100
A_well_specified,20,28,input_dependent_nonordinal,0,267,0.8726591760299626,1.4756554307116105,1.4756554307116105,0,0.4941712348268154,0.03618982131490785,-0.04006896204601462,0.03618982131490785,0,20
A_well_specified,20,28,input_dependent_ordinal,2,1197,0.8913951545530493,2.0760233918128654,2.0760233918128654,0,0.6030863868079633,0.03620918513283205,-0.018012259049832002,0.03620918513283205,0,100
A_well_specified,20,28,input_dependent_ordinal,4,1182,0.9086294416243654,1.589678510998308,1.589678510998308,0,0.7538779506850477,0.044472809581902466,0.02582124651265283,0.044472809581902466,0,100
A_well_specified,20,28,input_dependent_ordinal,3,1143,0.9116360454943132,2.0542432195975504,2.0542432195975504,0,0.6784676653559355,0.04157209952559065,0.01723295786943657,0.04157209952559065,0,100
A_well_specified,20,28,input_dependent_ordinal,1,1211,0.9405450041288191,1.7853014037985135,1.7853014037985135,0,0.5188920618191681,0.03319213027203133,0.051161292538886294,0.03319213027203133,0,100
A_well_specified,20,28,input_dependent_ordinal,0,267,0.9026217228464419,1.5168539325842696,1.5168539325842696,0,0.4722328881423043,0.028828234469319355,-0.01324200738350012,0.028828234469319355,0,20
A_well_specified,20,29,independent_mondrian,4,1146,0.8804537521815009,1.5279232111692844,1.5279232111692844,0,0.0,0.0,0.7380470439487739,0.0,0,100
A_well_specified,20,29,independent_mondrian,2,1219,0.8703855619360131,2.136177194421657,2.136177194421657,0,0.0,0.0,0.6063222338988028,0.0,0,100
A_well_specified,20,29,independent_mondrian,1,1221,0.9451269451269452,1.9213759213759214,1.9213759213759214,0,0.0,0.0,0.6656335066918221,0.0,0,100
A_well_specified,20,29,independent_mondrian,0,245,0.9346938775510204,1.5755102040816327,1.5755102040816327,0,0.0,0.0,0.5473611442889836,0.0,0,20
A_well_specified,20,29,independent_mondrian,3,1169,0.8562874251497006,2.0804106073567152,2.0804106073567152,0,0.0,0.0,0.6316337442584263,0.0,0,100
A_well_specified,20,29,ordinal_cluster,4,1146,0.8568935427574171,1.5479930191972078,1.5479930191972078,0,0.0,0.0,0.6937620697573255,0.0,0,100
A_well_specified,20,29,ordinal_cluster,2,1219,0.8810500410172273,2.1222313371616077,2.1222313371616077,0,0.0,0.0,0.6316337442584263,0.0,0,100
A_well_specified,20,29,ordinal_cluster,1,1221,0.9262899262899262,2.0917280917280916,2.0917280917280916,0,0.0,0.0,0.6088614607586892,0.0,0,100
A_well_specified,20,29,ordinal_cluster,0,245,0.9673469387755103,1.489795918367347,1.489795918367347,0,0.0,0.0,0.6430924319158356,0.0,0,20
A_well_specified,20,29,ordinal_cluster,3,1169,0.8682634730538922,2.0795551753635584,2.0795551753635584,0,0.0,0.0,0.6653782325109685,0.0,0,100
A_well_specified,20,29,input_dependent_nonordinal,4,1146,0.8237347294938918,1.4746945898778359,1.4746945898778359,0,0.7281130537927776,0.04645112796455592,-0.097139736039413,0.04645112796455591,0,100
A_well_specified,20,29,input_dependent_nonordinal,2,1219,0.9031993437243643,2.0024610336341264,2.0024610336341264,0,0.6250930699212375,0.037914662351011194,0.028612369115360914,0.037914662351011194,0,100
A_well_specified,20,29,input_dependent_nonordinal,1,1221,0.9025389025389026,1.8050778050778051,1.8050778050778051,0,0.5251998109984864,0.03425408079612918,0.009169514774936105,0.03425408079612918,0,100
A_well_specified,20,29,input_dependent_nonordinal,0,245,0.9224489795918367,1.3428571428571427,1.3428571428571427,0,0.47369938417841767,0.02857203741442894,-0.015731236715792907,0.02857203741442894,0,20
A_well_specified,20,29,input_dependent_nonordinal,3,1169,0.8579982891360137,1.9615055603079554,1.9615055603079554,0,0.6947284970050381,0.03578794679478988,-0.04156549022799261,0.03578794679478988,0,100
A_well_specified,20,29,input_dependent_ordinal,4,1146,0.8237347294938918,1.4729493891797556,1.4729493891797556,0,0.7392301557806532,0.04306274838839445,-0.109848391452943,0.04306274838839445,0,100
A_well_specified,20,29,input_dependent_ordinal,2,1219,0.9015586546349467,1.9942575881870386,1.9942575881870386,0,0.6190464308937417,0.036607563954146674,0.034301556343657946,0.036607563954146674,0,100
A_well_specified,20,29,input_dependent_ordinal,1,1221,0.9009009009009009,1.8091728091728092,1.8091728091728092,0,0.5359488771307782,0.03266313759017522,-0.0020247614457180596,0.03266313759017522,0,100
A_well_specified,20,29,input_dependent_ordinal,0,245,0.9224489795918367,1.3387755102040817,1.3387755102040817,0,0.4680381028398626,0.029711186618850034,-0.007644915324208357,0.029711186618850034,0,20
A_well_specified,20,29,input_dependent_ordinal,3,1169,0.8571428571428571,1.9649272882805817,1.9649272882805817,0,0.6810983495774906,0.04132823297917066,-0.027054452301104703,0.04132823297917066,0,100
A_well_specified,20,30,independent_mondrian,4,1168,0.9101027397260274,1.582191780821918,1.582191780821918,0,0.0,0.0,0.8206521243328733,0.0,0,100
A_well_specified,20,30,independent_mondrian,3,1230,0.8878048780487805,2.2130081300813007,2.2130081300813007,0,0.0,0.0,0.665223795430694,0.0,0,100
A_well_specified,20,30,independent_mondrian,1,1187,0.9216512215669755,1.6857624262847515,1.6857624262847515,0,0.0,0.0,0.6273980629371667,0.0,0,100
A_well_specified,20,30,independent_mondrian,0,228,0.7280701754385965,1.2763157894736843,1.2763157894736843,0,0.0,0.0,0.3325927088962167,0.0,0,20
A_well_specified,20,30,independent_mondrian,2,1187,0.8980623420387531,2.1659646166807076,2.1659646166807076,0,0.0,0.0,0.614901311336994,0.0,0,100
A_well_specified,20,30,ordinal_cluster,4,1168,0.865582191780822,1.5539383561643836,1.5539383561643836,0,0.0,0.0,0.709306716685198,0.0,0,100
A_well_specified,20,30,ordinal_cluster,3,1230,0.8926829268292683,2.1170731707317074,2.1170731707317074,0,0.0,0.0,0.6747073637489036,0.0,0,100
A_well_specified,20,30,ordinal_cluster,1,1187,0.9157540016849199,2.026116259477675,2.026116259477675,0,0.0,0.0,0.6121970054332487,0.0,0,100
A_well_specified,20,30,ordinal_cluster,0,228,0.9692982456140351,1.513157894736842,1.513157894736842,0,0.0,0.0,0.6121970054332487,0.0,0,20
A_well_specified,20,30,ordinal_cluster,2,1187,0.8997472620050547,2.159224936815501,2.159224936815501,0,0.0,0.0,0.6263641214279284,0.0,0,100
A_well_specified,20,30,input_dependent_nonordinal,4,1168,0.9092465753424658,1.5744863013698631,1.5744863013698631,0,0.7488557473503796,0.04720455184167713,0.01613293659044457,0.04720455184167713,0,100
A_well_specified,20,30,input_dependent_nonordinal,3,1230,0.9016260162601626,2.100813008130081,2.100813008130081,0,0.6754564073385676,0.046186280394272576,-0.014814294784082471,0.046186280394272576,0,100
A_well_specified,20,30,input_dependent_nonordinal,1,1187,0.9031171019376579,1.8534119629317607,1.8534119629317607,0,0.5279640555770607,0.03342551702873099,0.0018526194143732022,0.03342551702873099,0,100
A_well_specified,20,30,input_dependent_nonordinal,0,228,0.9298245614035088,1.4298245614035088,1.4298245614035088,0,0.4493555240859981,0.03415756577642071,0.035398255299675385,0.03415756577642071,0,20
A_well_specified,20,30,input_dependent_nonordinal,2,1187,0.9081718618365627,2.0278011794439763,2.0278011794439763,0,0.6570098927391164,0.05355690505424835,-0.011840021438421555,0.05355690505424835,0,100
A_well_specified,20,30,input_dependent_ordinal,4,1168,0.9083904109589042,1.56763698630137,1.56763698630137,0,0.7592175616013702,0.050662690983629285,0.0005727215999818958,0.050662690983629285,0,100
A_well_specified,20,30,input_dependent_ordinal,3,1230,0.9016260162601626,2.0861788617886177,2.0861788617886177,0,0.6844934260661208,0.04632078886779047,-0.02371429549832582,0.04632078886779047,0,100
A_well_specified,20,30,input_dependent_ordinal,1,1187,0.8896377422072451,1.8424599831508004,1.8424599831508004,0,0.5431151429707914,0.03892676202237083,-0.020940980003817833,0.03892676202237083,0,100
A_well_specified,20,30,input_dependent_ordinal,0,228,0.9298245614035088,1.4166666666666667,1.4166666666666667,0,0.4848290138819603,0.03442367996550391,0.0011188748580421293,0.03442367996550391,0,20
A_well_specified,20,30,input_dependent_ordinal,2,1187,0.9123841617523167,2.020219039595619,2.020219039595619,0,0.6141539052700966,0.04381526330189592,0.028200760988053797,0.04381526330189592,0,100
A_well_specified,20,31,independent_mondrian,3,1204,0.9194352159468439,2.38953488372093,2.38953488372093,0,0.0,0.0,0.7761647020749576,0.0,0,100
A_well_specified,20,31,independent_mondrian,2,1164,0.9218213058419243,2.556701030927835,2.556701030927835,0,0.0,0.0,0.6513469767263922,0.0,0,100
A_well_specified,20,31,independent_mondrian,4,1219,0.9286300246103364,1.7391304347826086,1.7391304347826086,0,0.0,0.0,0.9217717705462478,0.0,0,100
A_well_specified,20,31,independent_mondrian,1,1171,0.9274124679760888,2.421861656703672,2.421861656703672,0,0.0,0.0,0.6718022398383536,0.0,0,100
A_well_specified,20,31,independent_mondrian,0,242,0.9917355371900827,1.6735537190082646,1.6735537190082646,0,0.0,0.0,0.8649552968620055,0.0,0,20
A_well_specified,20,31,ordinal_cluster,3,1204,0.9177740863787376,2.35797342192691,2.35797342192691,0,0.0,0.0,0.7660819550463346,0.0,0,100
A_well_specified,20,31,ordinal_cluster,2,1164,0.9424398625429553,2.3891752577319587,2.3891752577319587,0,0.0,0.0,0.7206443010429565,0.0,0,100
A_well_specified,20,31,ordinal_cluster,4,1219,0.8982772764561116,1.7284659557013946,1.7284659557013946,0,0.0,0.0,0.7972705872679354,0.0,0,100
A_well_specified,20,31,ordinal_cluster,1,1171,0.9214346712211785,2.2749786507258754,2.2749786507258754,0,0.0,0.0,0.6513469767263922,0.0,0,100
A_well_specified,20,31,ordinal_cluster,0,242,0.9504132231404959,1.5950413223140496,1.5950413223140496,0,0.0,0.0,0.6718022398383536,0.0,0,20
A_well_specified,20,31,input_dependent_nonordinal,3,1204,0.8820598006644518,2.053156146179402,2.053156146179402,0,0.6747517373864791,0.053881337189467846,-0.012943476884838823,0.053881337189467846,0,100
A_well_specified,20,31,input_dependent_nonordinal,2,1164,0.904639175257732,2.0240549828178693,2.0240549828178693,0,0.5926779320774967,0.03974283586992327,0.02098643696303154,0.03974283586992327,0,100
A_well_specified,20,31,input_dependent_nonordinal,4,1219,0.8908941755537325,1.5250205086136177,1.5250205086136177,0,0.7203511304522819,0.05090363921286481,0.03260187187958896,0.05090363921286481,0,100
A_well_specified,20,31,input_dependent_nonordinal,1,1171,0.8958155422715628,1.9214346712211785,1.9214346712211785,0,0.5212381529520506,0.03315629818182748,0.01950556763229383,0.03315629818182748,0,100
A_well_specified,20,31,input_dependent_nonordinal,0,242,0.9586776859504132,1.4421487603305785,1.4421487603305785,0,0.4429584547823441,0.03145365014476463,0.1277463453044818,0.03145365014476463,0,20
A_well_specified,20,31,input_dependent_ordinal,3,1204,0.8812292358803987,2.0606312292358804,2.0606312292358804,0,0.6659414342892775,0.04675536609630316,-0.011980706417032416,0.04675536609630316,0,100
A_well_specified,20,31,input_dependent_ordinal,2,1164,0.9080756013745704,2.0283505154639174,2.0283505154639174,0,0.5856731392675821,0.04129199522969424,0.03401582371985584,0.04129199522969424,0,100
A_well_specified,20,31,input_dependent_ordinal,4,1219,0.8884331419196062,1.520918785890074,1.520918785890074,0,0.7287932814491217,0.0548662917158433,0.025482881303922622,0.0548662917158433,0,100
A_well_specified,20,31,input_dependent_ordinal,1,1171,0.8941076003415884,1.9257045260461145,1.9257045260461145,0,0.5258854815274681,0.034265998980416906,0.013466602296731356,0.034265998980416906,0,100
A_well_specified,20,31,input_dependent_ordinal,0,242,0.9586776859504132,1.4421487603305785,1.4421487603305785,0,0.4522307522441384,0.029903785160735642,0.12581515551894928,0.029903785160735642,0,20
A_well_specified,20,32,independent_mondrian,4,1163,0.9062768701633706,1.5666380051590714,1.5666380051590714,0,0.0,0.0,0.8174156602899015,0.0,0,100
A_well_specified,20,32,independent_mondrian,1,1176,0.9175170068027211,2.3010204081632653,2.3010204081632653,0,0.0,0.0,0.6108754171408483,0.0,0,100
A_well_specified,20,32,independent_mondrian,3,1172,0.8694539249146758,2.1911262798634814,2.1911262798634814,0,0.0,0.0,0.6254048711017761,0.0,0,100
A_well_specified,20,32,independent_mondrian,2,1235,0.897165991902834,2.2251012145748987,2.2251012145748987,0,0.0,0.0,0.6219976898760344,0.0,0,100
A_well_specified,20,32,independent_mondrian,0,254,0.9763779527559056,1.4803149606299213,1.4803149606299213,0,0.0,0.0,0.8369698277416017,0.0,0,20
A_well_specified,20,32,ordinal_cluster,4,1163,0.8598452278589854,1.5717970765262252,1.5717970765262252,0,0.0,0.0,0.6893266509309718,0.0,0,100
A_well_specified,20,32,ordinal_cluster,1,1176,0.9200680272108843,2.04421768707483,2.04421768707483,0,0.0,0.0,0.6219636351854557,0.0,0,100
A_well_specified,20,32,ordinal_cluster,3,1172,0.8967576791808873,2.0870307167235493,2.0870307167235493,0,0.0,0.0,0.686037680462601,0.0,0,100
A_well_specified,20,32,ordinal_cluster,2,1235,0.897165991902834,2.169230769230769,2.169230769230769,0,0.0,0.0,0.6219636351854557,0.0,0,100
A_well_specified,20,32,ordinal_cluster,0,254,0.9330708661417323,1.4606299212598426,1.4606299212598426,0,0.0,0.0,0.6108754171408483,0.0,0,20
A_well_specified,20,32,input_dependent_nonordinal,4,1163,0.883061049011178,1.5408426483233018,1.5408426483233018,0,0.7592374972782652,0.051330037218228215,-0.03013347404064154,0.0513300372182282,0,100
A_well_specified,20,32,input_dependent_nonordinal,1,1176,0.9319727891156463,2.0595238095238093,2.0595238095238093,0,0.5372694308446748,0.03347468371412071,0.045696001363731475,0.03347468371412071,0,100
A_well_specified,20,32,input_dependent_nonordinal,3,1172,0.8737201365187713,2.03839590443686,2.03839590443686,0,0.6960162275859941,0.04376779657708147,-0.06644297292595203,0.04376779657708147,0,100
A_well_specified,20,32,input_dependent_nonordinal,2,1235,0.9352226720647774,2.097165991902834,2.097165991902834,0,0.5774146470280799,0.023079090624190376,0.07076282623621455,0.023079090624190376,0,100
A_well_specified,20,32,input_dependent_nonordinal,0,254,0.9803149606299213,1.468503937007874,1.468503937007874,0,0.496512454075918,0.059431494289515996,0.17782238632972125,0.059431494289515996,0,20
A_well_specified,20,32,input_dependent_ordinal,4,1163,0.8899398108340498,1.5451418744625967,1.5451418744625967,0,0.7596740697628425,0.04570287434496572,-0.0163806497965977,0.04570287434496572,0,100
A_well_specified,20,32,input_dependent_ordinal,1,1176,0.9319727891156463,2.0901360544217686,2.0901360544217686,0,0.5348646495873234,0.032453576087919746,0.04551995653722779,0.032453576087919746,0,100
A_well_specified,20,32,input_dependent_ordinal,3,1172,0.8762798634812287,2.013651877133106,2.013651877133106,0,0.6798829830746669,0.040189735599806715,-0.049685918774950544,0.040189735599806715,0,100
A_well_specified,20,32,input_dependent_ordinal,2,1235,0.9174089068825911,2.074493927125506,2.074493927125506,0,0.6024300959471796,0.03684106246064368,0.004132822030527394,0.03684106246064368,0,100
A_well_specified,20,32,input_dependent_ordinal,0,254,0.984251968503937,1.452755905511811,1.452755905511811,0,0.4599717861591525,0.028092416049707792,0.26518300734453826,0.028092416049707792,0,20
A_well_specified,20,33,independent_mondrian,4,1200,0.83,1.6,1.6,0,0.0,0.0,0.6244288812034227,0.0,0,100
A_well_specified,20,33,independent_mondrian,2,1211,0.9141205615194055,2.166804293971924,2.166804293971924,0,0.0,0.0,0.6854281616528033,0.0,0,100
A_well_specified,20,33,independent_mondrian,0,282,0.7801418439716312,1.3404255319148937,1.3404255319148937,0,0.0,0.0,0.3654166762009344,0.0,0,20
A_well_specified,20,33,independent_mondrian,1,1192,0.9110738255033557,1.8347315436241611,1.8347315436241611,0,0.0,0.0,0.5876598951989415,0.0,0,100
A_well_specified,20,33,independent_mondrian,3,1115,0.9076233183856502,2.104035874439462,2.104035874439462,0,0.0,0.0,0.7520576257328518,0.0,0,100
A_well_specified,20,33,ordinal_cluster,4,1200,0.8441666666666666,1.5016666666666667,1.5016666666666667,0,0.0,0.0,0.6461165050645873,0.0,0,100
A_well_specified,20,33,ordinal_cluster,2,1211,0.9042113955408753,2.126341866226259,2.126341866226259,0,0.0,0.0,0.6473942924397478,0.0,0,100
A_well_specified,20,33,ordinal_cluster,0,282,0.8971631205673759,1.5070921985815602,1.5070921985815602,0,0.0,0.0,0.550046238297375,0.0,0,20
A_well_specified,20,33,ordinal_cluster,1,1192,0.9387583892617449,1.9916107382550337,1.9916107382550337,0,0.0,0.0,0.6281471912403027,0.0,0,100
A_well_specified,20,33,ordinal_cluster,3,1115,0.8600896860986547,2.043946188340807,2.043946188340807,0,0.0,0.0,0.6548676581926727,0.0,0,100
A_well_specified,20,33,input_dependent_nonordinal,4,1200,0.8216666666666667,1.5608333333333333,1.5608333333333333,0,0.7743567923969129,0.054966766098990455,-0.13148616167970706,0.054966766098990455,0,100
A_well_specified,20,33,input_dependent_nonordinal,2,1211,0.9190751445086706,2.119735755573906,2.119735755573906,0,0.6043858978288689,0.04077776941778707,0.04522488514860168,0.04077776941778707,0,100
A_well_specified,20,33,input_dependent_nonordinal,0,282,0.7907801418439716,1.3333333333333333,1.3333333333333333,0,0.4483795989202319,0.02810878993172089,-0.05837162411407937,0.02810878993172089,0,20
A_well_specified,20,33,input_dependent_nonordinal,1,1192,0.9421140939597316,1.8104026845637584,1.8104026845637584,0,0.5314276642380551,0.041206835251934595,0.07574524732162391,0.041206835251934595,0,100
A_well_specified,20,33,input_dependent_nonordinal,3,1115,0.9228699551569507,2.004484304932735,2.004484304932735,0,0.7010299613130939,0.03735171026337259,0.027023025928705646,0.0373517102633726,0,100
A_well_specified,20,33,input_dependent_ordinal,4,1200,0.8308333333333333,1.5591666666666666,1.5591666666666666,0,0.7755567423226972,0.05063046242577349,-0.1263198769054208,0.05063046242577349,0,100
A_well_specified,20,33,input_dependent_ordinal,2,1211,0.9190751445086706,2.1147811725846406,2.1147811725846406,0,0.6164470880610102,0.0413519193118195,0.03291242243920356,0.0413519193118195,0,100
A_well_specified,20,33,input_dependent_ordinal,0,282,0.8085106382978723,1.3475177304964538,1.3475177304964538,0,0.45433055865187055,0.03636973112457012,-0.04561835466970793,0.03636973112457012,0,20
A_well_specified,20,33,input_dependent_ordinal,1,1192,0.9395973154362416,1.8296979865771812,1.8296979865771812,0,0.5254258076167773,0.03690691876553564,0.07512331701364516,0.03690691876553564,0,100
A_well_specified,20,33,input_dependent_ordinal,3,1115,0.9201793721973094,2.008071748878924,2.008071748878924,0,0.6929764041984269,0.04284142907798837,0.03261087380957506,0.04284142907798837,0,100
A_well_specified,20,34,independent_mondrian,1,1152,0.9123263888888888,1.7161458333333333,1.7161458333333333,0,0.0,0.0,0.582407498802367,0.0,0,100
A_well_specified,20,34,independent_mondrian,4,1230,0.9382113821138212,1.5097560975609756,1.5097560975609756,0,0.0,0.0,0.8875353425837857,0.0,0,100
A_well_specified,20,34,independent_mondrian,0,257,0.7898832684824902,1.2918287937743191,1.2918287937743191,0,0.0,0.0,0.3529102010971231,0.0,0,20
A_well_specified,20,34,independent_mondrian,2,1162,0.9113597246127366,2.036144578313253,2.036144578313253,0,0.0,0.0,0.6448671160484039,0.0,0,100
A_well_specified,20,34,independent_mondrian,3,1199,0.8390325271059216,2.2402001668056712,2.2402001668056712,0,0.0,0.0,0.5719722870559322,0.0,0,100
A_well_specified,20,34,ordinal_cluster,1,1152,0.9184027777777778,1.8654513888888888,1.8654513888888888,0,0.0,0.0,0.5890542396892727,0.0,0,100
A_well_specified,20,34,ordinal_cluster,4,1230,0.8658536585365854,1.505691056910569,1.505691056910569,0,0.0,0.0,0.672633959076099,0.0,0,100
A_well_specified,20,34,ordinal_cluster,0,257,0.9182879377431906,1.416342412451362,1.416342412451362,0,0.0,0.0,0.5398256766471631,0.0,0,20
A_well_specified,20,34,ordinal_cluster,2,1162,0.8864027538726333,2.0524956970740105,2.0524956970740105,0,0.0,0.0,0.5890542396892727,0.0,0,100
A_well_specified,20,34,ordinal_cluster,3,1199,0.8732276897414513,2.0075062552126774,2.0075062552126774,0,0.0,0.0,0.6546730755337516,0.0,0,100
A_well_specified,20,34,input_dependent_nonordinal,1,1152,0.8472222222222222,1.6354166666666667,1.6354166666666667,0,0.5231291749251601,0.030839774926508592,-0.05939379235668976,0.030839774926508603,0,100
A_well_specified,20,34,input_dependent_nonordinal,4,1230,0.9292682926829269,1.5016260162601627,1.5016260162601627,0,0.7705864846498638,0.04642796419922298,0.02567072791492153,0.04642796419922298,0,100
A_well_specified,20,34,input_dependent_nonordinal,0,257,0.8638132295719845,1.2140077821011672,1.2140077821011672,0,0.44881770829702083,0.019713235461948097,-0.03752137327555982,0.019713235461948097,0,20
A_well_specified,20,34,input_dependent_nonordinal,2,1162,0.8846815834767642,1.8537005163511187,1.8537005163511187,0,0.5815378274206446,0.03569768462894822,-0.0077217313192933235,0.03569768462894822,0,100
A_well_specified,20,34,input_dependent_nonordinal,3,1199,0.8465387823185988,1.9416180150125104,1.9416180150125104,0,0.6672292549359359,0.04347027716225776,-0.07289926798350121,0.04347027716225776,0,100
A_well_specified,20,34,input_dependent_ordinal,1,1152,0.859375,1.6423611111111112,1.6423611111111112,0,0.5166586709034989,0.02873264707989056,-0.044893932379365786,0.02873264707989056,0,100
A_well_specified,20,34,input_dependent_ordinal,4,1230,0.9292682926829269,1.4991869918699188,1.4991869918699188,0,0.7635683282749931,0.04733026354296243,0.030778105255904298,0.04733026354296243,0,100
A_well_specified,20,34,input_dependent_ordinal,0,257,0.8521400778210116,1.2101167315175096,1.2101167315175096,0,0.43997376506382097,0.024126605045257137,-0.032390105254850754,0.024126605045257137,0,20
A_well_specified,20,34,input_dependent_ordinal,2,1162,0.8838209982788297,1.8519793459552496,1.8519793459552496,0,0.5947498152121901,0.037207532667690606,-0.02134532752592766,0.037207532667690606,0,100
A_well_specified,20,34,input_dependent_ordinal,3,1199,0.8423686405337781,1.933277731442869,1.933277731442869,0,0.6708156838649514,0.04202124905265097,-0.08186637943634872,0.04202124905265097,0,100
A_well_specified,20,35,independent_mondrian,3,1176,0.8758503401360545,2.086734693877551,2.086734693877551,0,0.0,0.0,0.6737716720119826,0.0,0,100
A_well_specified,20,35,independent_mondrian,4,1199,0.8765638031693077,1.5521267723102585,1.5521267723102585,0,0.0,0.0,0.7173292706584272,0.0,0,100
A_well_specified,20,35,independent_mondrian,2,1192,0.8817114093959731,2.0813758389261743,2.0813758389261743,0,0.0,0.0,0.6244103468215171,0.0,0,100
A_well_specified,20,35,independent_mondrian,1,1185,0.8810126582278481,1.9746835443037976,1.9746835443037976,0,0.0,0.0,0.5607897310072955,0.0,0,100
A_well_specified,20,35,independent_mondrian,0,248,0.9354838709677419,1.3548387096774193,1.3548387096774193,0,0.0,0.0,0.5928882426018888,0.0,0,20
A_well_specified,20,35,ordinal_cluster,3,1176,0.8809523809523809,2.0697278911564627,2.0697278911564627,0,0.0,0.0,0.6824716165644232,0.0,0,100
A_well_specified,20,35,ordinal_cluster,4,1199,0.872393661384487,1.5554628857381152,1.5554628857381152,0,0.0,0.0,0.6970611978301324,0.0,0,100
A_well_specified,20,35,ordinal_cluster,2,1192,0.8783557046979866,2.1057046979865772,2.1057046979865772,0,0.0,0.0,0.6085561590354768,0.0,0,100
A_well_specified,20,35,ordinal_cluster,1,1185,0.8953586497890296,1.9215189873417722,1.9215189873417722,0,0.0,0.0,0.5928882426018888,0.0,0,100
A_well_specified,20,35,ordinal_cluster,0,248,0.9274193548387096,1.3951612903225807,1.3951612903225807,0,0.0,0.0,0.5607897310072955,0.0,0,20
A_well_specified,20,35,input_dependent_nonordinal,3,1176,0.8818027210884354,2.004251700680272,2.004251700680272,0,0.6939029795057661,0.047439238727929815,-0.026566550548613344,0.047439238727929815,0,100
A_well_specified,20,35,input_dependent_nonordinal,4,1199,0.902418682235196,1.5521267723102585,1.5521267723102585,0,0.7415756559272151,0.05215895704537012,0.0036313610278938535,0.05215895704537012,0,100
A_well_specified,20,35,input_dependent_nonordinal,2,1192,0.8850671140939598,2.0369127516778525,2.0369127516778525,0,0.6003043955690943,0.03519548679308882,-0.0013401949321463213,0.03519548679308882,0,100
A_well_specified,20,35,input_dependent_nonordinal,1,1185,0.9029535864978903,1.8717299578059072,1.8717299578059072,0,0.5230212586307176,0.029764535302102577,0.0328235798343991,0.029764535302102577,0,100
A_well_specified,20,35,input_dependent_nonordinal,0,248,0.9395161290322581,1.342741935483871,1.342741935483871,0,0.49381567687565087,0.04972534401582401,0.032509847809016196,0.04972534401582403,0,20
A_well_specified,20,35,input_dependent_ordinal,3,1176,0.8852040816326531,1.998299319727891,1.998299319727891,0,0.6733577686278404,0.04498728018047127,-0.007373168299148858,0.04498728018047127,0,100
A_well_specified,20,35,input_dependent_ordinal,4,1199,0.902418682235196,1.5562969140950793,1.5562969140950793,0,0.7523185288529473,0.051203568496719844,-0.010158133054687213,0.051203568496719844,0,100
A_well_specified,20,35,input_dependent_ordinal,2,1192,0.8850671140939598,2.0184563758389262,2.0184563758389262,0,0.6005465506315445,0.03874814920703898,-0.006022000494463664,0.03874814920703898,0,100
A_well_specified,20,35,input_dependent_ordinal,1,1185,0.9122362869198313,1.8244725738396625,1.8244725738396625,0,0.5395773886608327,0.033396670222359676,0.026472868993884402,0.033396670222359676,0,100
A_well_specified,20,35,input_dependent_ordinal,0,248,0.8991935483870968,1.3185483870967742,1.3185483870967742,0,0.456166998297699,0.0264743538741848,0.02410576531672559,0.0264743538741848,0,20
A_well_specified,20,36,independent_mondrian,4,1153,0.9271465741543798,1.673894189071986,1.673894189071986,0,0.0,0.0,0.8566542967573918,0.0,0,100
A_well_specified,20,36,independent_mondrian,3,1219,0.8982772764561116,2.3010664479081213,2.3010664479081213,0,0.0,0.0,0.7391051257672131,0.0,0,100
A_well_specified,20,36,independent_mondrian,1,1149,0.9251523063533508,2.1592689295039165,2.1592689295039165,0,0.0,0.0,0.618131291994197,0.0,0,100
A_well_specified,20,36,independent_mondrian,2,1233,0.9067315490673155,2.3422546634225467,2.3422546634225467,0,0.0,0.0,0.657357725046096,0.0,0,100
A_well_specified,20,36,independent_mondrian,0,246,0.9552845528455285,1.508130081300813,1.508130081300813,0,0.0,0.0,0.6475171290927647,0.0,0,20
A_well_specified,20,36,ordinal_cluster,4,1153,0.9028620988725065,1.603642671292281,1.603642671292281,0,0.0,0.0,0.744886273315191,0.0,0,100
A_well_specified,20,36,ordinal_cluster,3,1219,0.8884331419196062,2.1894995898277276,2.1894995898277276,0,0.0,0.0,0.7031723173274346,0.0,0,100
A_well_specified,20,36,ordinal_cluster,1,1149,0.9268929503916449,2.101827676240209,2.101827676240209,0,0.0,0.0,0.6223527747107692,0.0,0,100
A_well_specified,20,36,ordinal_cluster,2,1233,0.9067315490673155,2.2278994322789942,2.2278994322789942,0,0.0,0.0,0.657357725046096,0.0,0,100
A_well_specified,20,36,ordinal_cluster,0,246,0.9552845528455285,1.5121951219512195,1.5121951219512195,0,0.0,0.0,0.618131291994197,0.0,0,20
A_well_specified,20,36,input_dependent_nonordinal,4,1153,0.9037294015611448,1.535993061578491,1.535993061578491,0,0.7243169395983001,0.03817043925716541,0.0052686444130720655,0.03817043925716541,0,100
A_well_specified,20,36,input_dependent_nonordinal,3,1219,0.8810500410172273,2.029532403609516,2.029532403609516,0,0.6750617969533932,0.04933267087682211,-0.011112079453468371,0.04933267087682211,0,100
A_well_specified,20,36,input_dependent_nonordinal,1,1149,0.9268929503916449,1.7571801566579635,1.7571801566579635,0,0.501883959415508,0.033081766050547634,0.04627974935690826,0.033081766050547634,0,100
A_well_specified,20,36,input_dependent_nonordinal,2,1233,0.9083536090835361,1.9910786699107867,1.9910786699107867,0,0.6150128260860471,0.03452603767174823,0.0003851019569468539,0.03452603767174823,0,100
A_well_specified,20,36,input_dependent_nonordinal,0,246,0.8739837398373984,1.3008130081300813,1.3008130081300813,0,0.46307214070633756,0.03221201630543312,-0.017441598549728654,0.03221201630543312,0,20
A_well_specified,20,36,input_dependent_ordinal,4,1153,0.8993928881179531,1.5091066782307025,1.5091066782307025,0,0.7330056382870228,0.04265122417734969,-0.013053004078567021,0.04265122417734969,0,100
A_well_specified,20,36,input_dependent_ordinal,3,1219,0.874487284659557,2.0090237899917964,2.0090237899917964,0,0.6677594514715577,0.04026550357713211,-0.02354335314621231,0.04026550357713211,0,100
A_well_specified,20,36,input_dependent_ordinal,1,1149,0.9234116623150566,1.7389033942558747,1.7389033942558747,0,0.517467685155963,0.03442201193209248,0.02800311350539142,0.03442201193209248,0,100
A_well_specified,20,36,input_dependent_ordinal,2,1233,0.9034874290348743,1.9781021897810218,1.9781021897810218,0,0.5978232247995007,0.03759393799239758,0.017981937460316177,0.03759393799239758,0,100
A_well_specified,20,36,input_dependent_ordinal,0,246,0.8739837398373984,1.3008130081300813,1.3008130081300813,0,0.45608135440391245,0.03133892889307017,-0.014068276628314696,0.03133892889307017,0,20
A_well_specified,20,37,independent_mondrian,4,1195,0.8778242677824267,1.6485355648535565,1.6485355648535565,0,0.0,0.0,0.7614146691597644,0.0,0,100
A_well_specified,20,37,independent_mondrian,2,1193,0.8985750209555742,2.418273260687343,2.418273260687343,0,0.0,0.0,0.6234337230746442,0.0,0,100
A_well_specified,20,37,independent_mondrian,1,1198,0.9599332220367279,1.7604340567612689,1.7604340567612689,0,0.0,0.0,0.7648603852954121,0.0,0,100
A_well_specified,20,37,independent_mondrian,3,1154,0.9116117850953206,2.233102253032929,2.233102253032929,0,0.0,0.0,0.7622801706527442,0.0,0,100
A_well_specified,20,37,independent_mondrian,0,260,0.7653846153846153,1.5423076923076924,1.5423076923076924,0,0.0,0.0,0.3330635353263892,0.0,0,20
A_well_specified,20,37,ordinal_cluster,4,1195,0.8778242677824267,1.6284518828451884,1.6284518828451884,0,0.0,0.0,0.7614146691597644,0.0,0,100
A_well_specified,20,37,ordinal_cluster,2,1193,0.9321039396479464,2.330259849119866,2.330259849119866,0,0.0,0.0,0.7122308551611828,0.0,0,100
A_well_specified,20,37,ordinal_cluster,1,1198,0.9248747913188647,2.345575959933222,2.345575959933222,0,0.0,0.0,0.6422957587037653,0.0,0,100
A_well_specified,20,37,ordinal_cluster,3,1154,0.8864818024263431,2.252166377816291,2.252166377816291,0,0.0,0.0,0.7080657757900136,0.0,0,100
A_well_specified,20,37,ordinal_cluster,0,260,0.9692307692307692,1.5653846153846154,1.5653846153846154,0,0.0,0.0,0.740448682055097,0.0,0,20
A_well_specified,20,37,input_dependent_nonordinal,4,1195,0.8811715481171548,1.5405857740585773,1.5405857740585773,0,0.740316490483371,0.049689494343248056,-0.01386812601027676,0.049689494343248056,0,100
A_well_specified,20,37,input_dependent_nonordinal,2,1193,0.9295892707460185,2.088851634534786,2.088851634534786,0,0.602298926579951,0.03274522603704063,0.04705214681827474,0.03274522603704063,0,100
A_well_specified,20,37,input_dependent_nonordinal,1,1198,0.9557595993322203,1.9298831385642738,1.9298831385642738,0,0.5677715388895872,0.05136153835475591,0.0740782762729798,0.05136153835475591,0,100
A_well_specified,20,37,input_dependent_nonordinal,3,1154,0.8908145580589255,2.0493934142114383,2.0493934142114383,0,0.6356642532531327,0.03030617371910243,0.013629315119932817,0.03030617371910243,0,100
A_well_specified,20,37,input_dependent_nonordinal,0,260,0.9230769230769231,1.4461538461538461,1.4461538461538461,0,0.47809519868024314,0.03951397838137888,0.04291970880172161,0.03951397838137888,0,20
A_well_specified,20,37,input_dependent_ordinal,4,1195,0.8686192468619247,1.504602510460251,1.504602510460251,0,0.7264571384283636,0.039346078026869784,-0.023363813487361718,0.039346078026869784,0,100
A_well_specified,20,37,input_dependent_ordinal,2,1193,0.9136630343671417,2.0645431684828166,2.0645431684828166,0,0.6015290360559925,0.04037678318360897,0.02496639015537616,0.04037678318360897,0,100
A_well_specified,20,37,input_dependent_ordinal,1,1198,0.9616026711185309,1.9115191986644406,1.9115191986644406,0,0.553326995831481,0.041821822235184915,0.10241224337487226,0.041821822235184915,0,100
A_well_specified,20,37,input_dependent_ordinal,3,1154,0.8812824956672444,2.0043327556325825,2.0043327556325825,0,0.6612283721743824,0.04115371817982782,-0.026421182544869692,0.04115371817982782,0,100
A_well_specified,20,37,input_dependent_ordinal,0,260,0.9230769230769231,1.4538461538461538,1.4538461538461538,0,0.5023264957882057,0.040353302752252004,0.021965144813140297,0.040353302752252004,0,20
A_well_specified,20,38,independent_mondrian,2,1160,0.8862068965517241,2.2103448275862068,2.2103448275862068,0,0.0,0.0,0.6141421262003774,0.0,0,100
A_well_specified,20,38,independent_mondrian,4,1185,0.8827004219409282,1.6084388185654008,1.6084388185654008,0,0.0,0.0,0.7456196085991225,0.0,0,100
A_well_specified,20,38,independent_mondrian,3,1241,0.9145850120870266,2.1893634165995164,2.1893634165995164,0,0.0,0.0,0.7023894299597958,0.0,0,100
A_well_specified,20,38,independent_mondrian,1,1152,0.9331597222222222,1.9262152777777777,1.9262152777777777,0,0.0,0.0,0.6481708523022971,0.0,0,100
A_well_specified,20,38,independent_mondrian,0,262,0.9236641221374046,1.5381679389312977,1.5381679389312977,0,0.0,0.0,0.5270138803961814,0.0,0,20
A_well_specified,20,38,ordinal_cluster,2,1160,0.903448275862069,2.1551724137931036,2.1551724137931036,0,0.0,0.0,0.6481708523022971,0.0,0,100
A_well_specified,20,38,ordinal_cluster,4,1185,0.8751054852320675,1.5940928270042194,1.5940928270042194,0,0.0,0.0,0.7169307256734924,0.0,0,100
A_well_specified,20,38,ordinal_cluster,3,1241,0.9089443996776793,2.1821112006446413,2.1821112006446413,0,0.0,0.0,0.6869030946883233,0.0,0,100
A_well_specified,20,38,ordinal_cluster,1,1152,0.9166666666666666,2.0442708333333335,2.0442708333333335,0,0.0,0.0,0.6012013044477612,0.0,0,100
A_well_specified,20,38,ordinal_cluster,0,262,0.9618320610687023,1.4923664122137406,1.4923664122137406,0,0.0,0.0,0.6012013044477612,0.0,0,20
A_well_specified,20,38,input_dependent_nonordinal,2,1160,0.9043103448275862,2.1551724137931036,2.1551724137931036,0,0.6232978274522151,0.0394737829213038,0.010672112049128546,0.0394737829213038,0,100
A_well_specified,20,38,input_dependent_nonordinal,4,1185,0.9147679324894514,1.6059071729957806,1.6059071729957806,0,0.7456139738289427,0.0421128795273837,0.0531254944709455,0.0421128795273837,0,100
A_well_specified,20,38,input_dependent_nonordinal,3,1241,0.9178082191780822,2.1482675261885578,2.1482675261885578,0,0.6874472924017418,0.039620759302010825,-0.0027179171048201667,0.039620759302010825,0,100
A_well_specified,20,38,input_dependent_nonordinal,1,1152,0.9496527777777778,1.9470486111111112,1.9470486111111112,0,0.5291421193249234,0.023894093053284143,0.07992198312335141,0.023894093053284143,0,100
A_well_specified,20,38,input_dependent_nonordinal,0,262,0.9541984732824428,1.4809160305343512,1.4809160305343512,0,0.46321360956522467,0.03391967192136263,0.07447978537981881,0.03391967192136263,0,20
A_well_specified,20,38,input_dependent_ordinal,2,1160,0.9094827586206896,2.156896551724138,2.156896551724138,0,0.6134698338192767,0.033802675555286474,0.025447004583965538,0.033802675555286474,0,100
A_well_specified,20,38,input_dependent_ordinal,4,1185,0.9147679324894514,1.5949367088607596,1.5949367088607596,0,0.753471479220613,0.04661465567139854,0.055831788378719605,0.04661465567139854,0,100
A_well_specified,20,38,input_dependent_ordinal,3,1241,0.9137792103142627,2.1587429492344885,2.1587429492344885,0,0.6798687130442463,0.03644960814224377,-0.00652257776105114,0.03644960814224377,0,100
A_well_specified,20,38,input_dependent_ordinal,1,1152,0.9505208333333334,1.9522569444444444,1.9522569444444444,0,0.5398151251298386,0.03022282676339784,0.06330218128582621,0.03022282676339784,0,100
A_well_specified,20,38,input_dependent_ordinal,0,262,0.9618320610687023,1.4809160305343512,1.4809160305343512,0,0.45603700150521354,0.027053528570961705,0.0861678271046572,0.027053528570961705,0,20
A_well_specified,20,39,independent_mondrian,3,1205,0.9253112033195021,2.2439834024896266,2.2439834024896266,0,0.0,0.0,0.7796597772357041,0.0,0,100
A_well_specified,20,39,independent_mondrian,2,1158,0.8903281519861831,2.2219343696027636,2.2219343696027636,0,0.0,0.0,0.6040096848291946,0.0,0,100
A_well_specified,20,39,independent_mondrian,4,1161,0.9328165374677002,1.6925064599483204,1.6925064599483204,0,0.0,0.0,0.8789349717765822,0.0,0,100
A_well_specified,20,39,independent_mondrian,1,1236,0.889967637540453,1.7920711974110033,1.7920711974110033,0,0.0,0.0,0.5481477765695341,0.0,0,100
A_well_specified,20,39,independent_mondrian,0,240,0.8583333333333333,1.3333333333333333,1.3333333333333333,0,0.0,0.0,0.445864378966633,0.0,0,20
A_well_specified,20,39,ordinal_cluster,3,1205,0.9286307053941909,2.246473029045643,2.246473029045643,0,0.0,0.0,0.7891037458677315,0.0,0,100
A_well_specified,20,39,ordinal_cluster,2,1158,0.8981001727115717,2.2461139896373057,2.2461139896373057,0,0.0,0.0,0.6207321167995106,0.0,0,100
A_well_specified,20,39,ordinal_cluster,4,1161,0.9250645994832042,1.6968130921619293,1.6968130921619293,0,0.0,0.0,0.8406432245876659,0.0,0,100
A_well_specified,20,39,ordinal_cluster,1,1236,0.8915857605177994,1.9522653721682848,1.9522653721682848,0,0.0,0.0,0.557422259144666,0.0,0,100
A_well_specified,20,39,ordinal_cluster,0,240,0.9166666666666666,1.4166666666666667,1.4166666666666667,0,0.0,0.0,0.5431465462078687,0.0,0,20
A_well_specified,20,39,input_dependent_nonordinal,3,1205,0.9385892116182573,2.0838174273858923,2.0838174273858923,0,0.6748998759463888,0.04221585156708312,0.08261073850101586,0.04221585156708312,0,100
A_well_specified,20,39,input_dependent_nonordinal,2,1158,0.9006908462867013,2.0060449050086357,2.0060449050086357,0,0.5949054433500023,0.037038117078574184,0.006708489755047564,0.037038117078574184,0,100
A_well_specified,20,39,input_dependent_nonordinal,4,1161,0.9198966408268734,1.6253229974160206,1.6253229974160206,0,0.7485289234470048,0.041400696571031764,0.02443492624026522,0.041400696571031764,0,100
A_well_specified,20,39,input_dependent_nonordinal,1,1236,0.8438511326860841,1.7289644012944985,1.7289644012944985,0,0.5450272360863939,0.032131360233771084,-0.061284152072407894,0.032131360233771084,0,100
A_well_specified,20,39,input_dependent_nonordinal,0,240,0.8333333333333334,1.2458333333333333,1.2458333333333333,0,0.4277530810789068,0.027924299179919728,-0.02767877480000855,0.027924299179919728,0,20
A_well_specified,20,39,input_dependent_ordinal,3,1205,0.9394190871369295,2.0813278008298757,2.0813278008298757,0,0.6768410063455257,0.038694146266074626,0.08270357713134646,0.038694146266074626,0,100
A_well_specified,20,39,input_dependent_ordinal,2,1158,0.9006908462867013,2.011226252158895,2.011226252158895,0,0.5993247287643609,0.03579974988371166,0.0016245770658607217,0.03579974988371166,0,100
A_well_specified,20,39,input_dependent_ordinal,4,1161,0.9198966408268734,1.6261843238587426,1.6261843238587426,0,0.7466855028713973,0.044995078659236735,0.025592299724297995,0.044995078659236735,0,100
A_well_specified,20,39,input_dependent_ordinal,1,1236,0.8406148867313916,1.7305825242718447,1.7305825242718447,0,0.5349934212168679,0.03283521117145406,-0.05400457780060153,0.03283521117145406,0,100
A_well_specified,20,39,input_dependent_ordinal,0,240,0.8416666666666667,1.25,1.25,0,0.44745129718157706,0.03157740665253996,-0.039907385226956804,0.03157740665253996,0,20
A_well_specified,20,40,independent_mondrian,3,1192,0.8313758389261745,2.057046979865772,2.057046979865772,0,0.0,0.0,0.5653249890201828,0.0,0,100
A_well_specified,20,40,independent_mondrian,4,1158,0.8894645941278065,1.459412780656304,1.459412780656304,0,0.0,0.0,0.7520346287109785,0.0,0,100
A_well_specified,20,40,independent_mondrian,1,1191,0.8623005877413937,1.6456759026028547,1.6456759026028547,0,0.0,0.0,0.46379436274750985,0.0,0,100
A_well_specified,20,40,independent_mondrian,2,1196,0.9113712374581939,1.8219063545150502,1.8219063545150502,0,0.0,0.0,0.6401476533972112,0.0,0,100
A_well_specified,20,40,independent_mondrian,0,263,0.8288973384030418,1.0874524714828897,1.0874524714828897,0,0.0,0.0,0.3462538707442001,0.0,0,20
A_well_specified,20,40,ordinal_cluster,3,1192,0.8875838926174496,2.030201342281879,2.030201342281879,0,0.0,0.0,0.6620020683715176,0.0,0,100
A_well_specified,20,40,ordinal_cluster,4,1158,0.8782383419689119,1.5189982728842832,1.5189982728842832,0,0.0,0.0,0.7160262629175602,0.0,0,100
A_well_specified,20,40,ordinal_cluster,1,1191,0.9017632241813602,1.6767422334172963,1.6767422334172963,0,0.0,0.0,0.5515950583564969,0.0,0,100
A_well_specified,20,40,ordinal_cluster,2,1196,0.8745819397993311,2.000836120401338,2.000836120401338,0,0.0,0.0,0.5680294672342782,0.0,0,100
A_well_specified,20,40,ordinal_cluster,0,263,0.8783269961977186,1.2661596958174905,1.2661596958174905,0,0.0,0.0,0.41696615911871737,0.0,0,20
A_well_specified,20,40,input_dependent_nonordinal,3,1192,0.8674496644295302,1.9437919463087248,1.9437919463087248,0,0.6684179326556282,0.03752254480874973,-0.0443098354494984,0.03752254480874973,0,100
A_well_specified,20,40,input_dependent_nonordinal,4,1158,0.8955094991364422,1.4835924006908463,1.4835924006908463,0,0.7590455036899226,0.04243359569706394,-0.022644572886812542,0.04243359569706394,0,100
A_well_specified,20,40,input_dependent_nonordinal,1,1191,0.8975650713685979,1.5818639798488665,1.5818639798488665,0,0.5050642364010813,0.030221739051326198,0.006996053958084725,0.030221739051326198,0,100
A_well_specified,20,40,input_dependent_nonordinal,2,1196,0.8662207357859532,1.898829431438127,1.898829431438127,0,0.6126183062204217,0.046860695425545634,-0.054936314174994005,0.046860695425545634,0,100
A_well_specified,20,40,input_dependent_nonordinal,0,263,0.8479087452471483,1.258555133079848,1.258555133079848,0,0.4361526761463778,0.02247058249833357,-0.0558828452209931,0.02247058249833357,0,20
A_well_specified,20,40,input_dependent_ordinal,3,1192,0.8649328859060402,1.936241610738255,1.936241610738255,0,0.6744114581467381,0.040347151347107396,-0.04767404174466694,0.040347151347107396,0,100
A_well_specified,20,40,input_dependent_ordinal,4,1158,0.8955094991364422,1.4775474956822108,1.4775474956822108,0,0.7568543713310893,0.044168331239980894,-0.01413156551294259,0.044168331239980894,0,100
A_well_specified,20,40,input_dependent_ordinal,1,1191,0.8992443324937027,1.598656591099916,1.598656591099916,0,0.505264951043854,0.032270525569115624,0.010299930212181119,0.032270525569115624,0,100
A_well_specified,20,40,input_dependent_ordinal,2,1196,0.8561872909698997,1.9080267558528428,1.9080267558528428,0,0.6052568916349426,0.0375741452968231,-0.06597172206280072,0.0375741452968231,0,100
A_well_specified,20,40,input_dependent_ordinal,0,263,0.8783269961977186,1.2813688212927756,1.2813688212927756,0,0.4408595730837601,0.02982768690227198,-0.024046259138877035,0.02982768690227198,0,20
A_well_specified,20,41,independent_mondrian,3,1242,0.9130434782608695,2.2640901771336552,2.2640901771336552,0,0.0,0.0,0.7397568785012293,0.0,0,100
A_well_specified,20,41,independent_mondrian,2,1153,0.9080659150043365,2.225498699045967,2.225498699045967,0,0.0,0.0,0.663023921722319,0.0,0,100
A_well_specified,20,41,independent_mondrian,1,1169,0.8853721129170231,2.0256629597946962,2.0256629597946962,0,0.0,0.0,0.5588036408018238,0.0,0,100
A_well_specified,20,41,independent_mondrian,4,1186,0.918212478920742,1.6543001686340641,1.6543001686340641,0,0.0,0.0,0.8299974962527279,0.0,0,100
A_well_specified,20,41,independent_mondrian,0,250,0.924,1.376,1.376,0,0.0,0.0,0.5712242199672845,0.0,0,20
A_well_specified,20,41,ordinal_cluster,3,1242,0.9194847020933977,2.254428341384863,2.254428341384863,0,0.0,0.0,0.7548827798620368,0.0,0,100
A_well_specified,20,41,ordinal_cluster,2,1153,0.8950563746747615,2.2593235039028623,2.2593235039028623,0,0.0,0.0,0.6356108132186398,0.0,0,100
A_well_specified,20,41,ordinal_cluster,1,1169,0.8964927288280582,1.9803250641573995,1.9803250641573995,0,0.0,0.0,0.5867738686094598,0.0,0,100
A_well_specified,20,41,ordinal_cluster,4,1186,0.9139966273187183,1.6568296795952782,1.6568296795952782,0,0.0,0.0,0.8228778316459984,0.0,0,100
A_well_specified,20,41,ordinal_cluster,0,250,0.912,1.4,1.4,0,0.0,0.0,0.5588036408018238,0.0,0,20
A_well_specified,20,41,input_dependent_nonordinal,3,1242,0.9235104669887279,1.9541062801932367,1.9541062801932367,0,0.6716988961247886,0.04897288093386976,0.05515826402397894,0.04897288093386976,0,100
A_well_specified,20,41,input_dependent_nonordinal,2,1153,0.9063313096270599,1.9982653946227233,1.9982653946227233,0,0.5959080132437405,0.033645843482895316,0.025017550450632475,0.033645843482895316,0,100
A_well_specified,20,41,input_dependent_nonordinal,1,1169,0.8520102651839179,1.8075278015397775,1.8075278015397775,0,0.5419426760260636,0.03680769690280033,-0.05175363834546959,0.03680769690280033,0,100
A_well_specified,20,41,input_dependent_nonordinal,4,1186,0.845699831365936,1.5320404721753795,1.5320404721753795,0,0.7009020999012483,0.03589415230565369,-0.03909158460819928,0.03589415230565369,0,100
A_well_specified,20,41,input_dependent_nonordinal,0,250,0.912,1.324,1.324,0,0.4510536361454452,0.028863884515984244,0.032612903327538856,0.028863884515984244,0,20
A_well_specified,20,41,input_dependent_ordinal,3,1242,0.9138486312399355,1.9508856682769726,1.9508856682769726,0,0.654164233340427,0.03979359018607605,0.04693062950578436,0.03979359018607605,0,100
A_well_specified,20,41,input_dependent_ordinal,2,1153,0.8976582827406765,1.9835212489158716,1.9835212489158716,0,0.594558522752592,0.03699498315273983,0.020092258565389987,0.03699498315273983,0,100
A_well_specified,20,41,input_dependent_ordinal,1,1169,0.8528656971770744,1.7904191616766467,1.7904191616766467,0,0.5430372637135885,0.03691799370100504,-0.052360664481725994,0.03691799370100504,0,100
A_well_specified,20,41,input_dependent_ordinal,4,1186,0.851602023608769,1.515177065767285,1.515177065767285,0,0.7157825243818153,0.041241777160203094,-0.03976076803237005,0.041241777160203094,0,100
A_well_specified,20,41,input_dependent_ordinal,0,250,0.912,1.324,1.324,0,0.47401212616425653,0.03165553284500964,0.010874373554480177,0.03165553284500964,0,20
A_well_specified,20,42,independent_mondrian,1,1173,0.9437340153452686,2.2310315430520036,2.2310315430520036,0,0.0,0.0,0.6503435121271844,0.0,0,100
A_well_specified,20,42,independent_mondrian,4,1157,0.9282627484874676,1.651685393258427,1.651685393258427,0,0.0,0.0,0.8388088242398125,0.0,0,100
A_well_specified,20,42,independent_mondrian,2,1215,0.9160493827160494,2.354732510288066,2.354732510288066,0,0.0,0.0,0.7006454886560529,0.0,0,100
A_well_specified,20,42,independent_mondrian,0,244,0.9549180327868853,1.6639344262295082,1.6639344262295082,0,0.0,0.0,0.6530884939225633,0.0,0,20
A_well_specified,20,42,independent_mondrian,3,1211,0.9240297274979355,2.3542526837324527,2.3542526837324527,0,0.0,0.0,0.72167052441794,0.0,0,100
A_well_specified,20,42,ordinal_cluster,1,1173,0.9497016197783461,2.257459505541347,2.257459505541347,0,0.0,0.0,0.6692922370953304,0.0,0,100
A_well_specified,20,42,ordinal_cluster,4,1157,0.9144338807260155,1.6992221261884184,1.6992221261884184,0,0.0,0.0,0.7889475922723136,0.0,0,100
A_well_specified,20,42,ordinal_cluster,2,1215,0.9160493827160494,2.404938271604938,2.404938271604938,0,0.0,0.0,0.6998036455636854,0.0,0,100
A_well_specified,20,42,ordinal_cluster,0,244,0.9549180327868853,1.6967213114754098,1.6967213114754098,0,0.0,0.0,0.6503435121271844,0.0,0,20
A_well_specified,20,42,ordinal_cluster,3,1211,0.9405450041288191,2.333608587943848,2.333608587943848,0,0.0,0.0,0.7748535223510226,0.0,0,100
A_well_specified,20,42,input_dependent_nonordinal,1,1173,0.9599317988064792,1.9820971867007673,1.9820971867007673,0,0.5217799587393638,0.029103301158574704,0.10715112134589655,0.029103301158574704,0,100
A_well_specified,20,42,input_dependent_nonordinal,4,1157,0.9429559204840103,1.5842696629213484,1.5842696629213484,0,0.7296983572142758,0.045223472351644645,0.10707255957679707,0.045223472351644645,0,100
A_well_specified,20,42,input_dependent_nonordinal,2,1215,0.9259259259259259,2.1843621399176953,2.1843621399176953,0,0.6003211616560652,0.03229926376226879,0.07121247368800654,0.03229926376226879,0,100
A_well_specified,20,42,input_dependent_nonordinal,0,244,0.9467213114754098,1.5122950819672132,1.5122950819672132,0,0.48029396889963616,0.04618915616140877,0.07597242077036526,0.04618915616140877,0,20
A_well_specified,20,42,input_dependent_nonordinal,3,1211,0.9099917423616846,2.217175887696119,2.217175887696119,0,0.6772091902783213,0.03756587410134271,-0.030158467068101436,0.03756587410134271,0,100
A_well_specified,20,42,input_dependent_ordinal,1,1173,0.9667519181585678,1.9462915601023019,1.9462915601023019,0,0.5300459850259169,0.031154474894333452,0.10591834723144633,0.031154474894333452,0,100
A_well_specified,20,42,input_dependent_ordinal,4,1157,0.9455488331892826,1.5903197925669836,1.5903197925669836,0,0.733138811065356,0.04273833896709858,0.10229953956869031,0.04273833896709858,0,100
A_well_specified,20,42,input_dependent_ordinal,2,1215,0.9300411522633745,2.167901234567901,2.167901234567901,0,0.6045018740630974,0.03550379463380626,0.07611665843578524,0.03550379463380626,0,100
A_well_specified,20,42,input_dependent_ordinal,0,244,0.9344262295081968,1.5122950819672132,1.5122950819672132,0,0.4527044201751271,0.02816158051216977,0.06584762798244004,0.02816158051216977,0,20
A_well_specified,20,42,input_dependent_ordinal,3,1211,0.9099917423616846,2.2303881090008257,2.2303881090008257,0,0.6670581768127994,0.03733200756419497,-0.020130975448626076,0.03733200756419497,0,100
A_well_specified,20,43,independent_mondrian,3,1179,0.9406276505513147,2.162849872773537,2.162849872773537,0,0.0,0.0,0.8562375006176524,0.0,0,100
A_well_specified,20,43,independent_mondrian,4,1205,0.8647302904564316,1.7186721991701244,1.7186721991701244,0,0.0,0.0,0.6984801473989543,0.0,0,100
A_well_specified,20,43,independent_mondrian,2,1219,0.9056603773584906,2.2887612797374897,2.2887612797374897,0,0.0,0.0,0.6403986712511816,0.0,0,100
A_well_specified,20,43,independent_mondrian,1,1153,0.9271465741543798,1.9601040763226365,1.9601040763226365,0,0.0,0.0,0.6090882656928058,0.0,0,100
A_well_specified,20,43,independent_mondrian,0,244,0.8729508196721312,1.4918032786885247,1.4918032786885247,0,0.0,0.0,0.4924580084481738,0.0,0,20
A_well_specified,20,43,ordinal_cluster,3,1179,0.8965224766751484,2.2985581000848176,2.2985581000848176,0,0.0,0.0,0.7105894752967628,0.0,0,100
A_well_specified,20,43,ordinal_cluster,4,1205,0.9078838174273859,1.6630705394190872,1.6630705394190872,0,0.0,0.0,0.8124033830880101,0.0,0,100
A_well_specified,20,43,ordinal_cluster,2,1219,0.9360131255127153,2.2633305988515175,2.2633305988515175,0,0.0,0.0,0.702093201752791,0.0,0,100
A_well_specified,20,43,ordinal_cluster,1,1153,0.9271465741543798,2.1517779705117084,2.1517779705117084,0,0.0,0.0,0.6090882656928058,0.0,0,100
A_well_specified,20,43,ordinal_cluster,0,244,0.9057377049180327,1.5368852459016393,1.5368852459016393,0,0.0,0.0,0.6022018872532264,0.0,0,20
A_well_specified,20,43,input_dependent_nonordinal,3,1179,0.914334181509754,1.9855810008481765,1.9855810008481765,0,0.6610872965499152,0.05784346547320882,0.06385574881555045,0.05784346547320882,0,100
A_well_specified,20,43,input_dependent_nonordinal,4,1205,0.862240663900415,1.5941908713692947,1.5941908713692947,0,0.7734866633120705,0.051345003070373894,-0.08132293271421248,0.05134500307037391,0,100
A_well_specified,20,43,input_dependent_nonordinal,2,1219,0.9097621000820345,2.10746513535685,2.10746513535685,0,0.63211458150458,0.048423175144218816,-0.023056024437911993,0.048423175144218816,0,100
A_well_specified,20,43,input_dependent_nonordinal,1,1153,0.9522983521248916,1.8542931483087597,1.8542931483087597,0,0.5168817402191239,0.03460112692639031,0.09867513741920486,0.03460112692639031,0,100
A_well_specified,20,43,input_dependent_nonordinal,0,244,0.8852459016393442,1.5491803278688525,1.5491803278688525,0,0.4666998861064547,0.025410772592716045,0.04226684353374466,0.025410772592716045,0,20
A_well_specified,20,43,input_dependent_ordinal,3,1179,0.9219677692960135,1.9889737065309585,1.9889737065309585,0,0.6730198417448923,0.05160924431636468,0.0646153051703574,0.05160924431636468,0,100
A_well_specified,20,43,input_dependent_ordinal,4,1205,0.8672199170124482,1.5983402489626557,1.5983402489626557,0,0.7755783797420487,0.05714883823627156,-0.06963921278336793,0.05714883823627156,0,100
A_well_specified,20,43,input_dependent_ordinal,2,1219,0.9023789991796555,2.1279737489745694,2.1279737489745694,0,0.6037104436883253,0.04297552309889688,-0.01079309130909406,0.04297552309889688,0,100
A_well_specified,20,43,input_dependent_ordinal,1,1153,0.9540329575021682,1.8490893321769297,1.8490893321769297,0,0.5280932300794896,0.037030549215372036,0.09250300297959274,0.037030549215372036,0,100
A_well_specified,20,43,input_dependent_ordinal,0,244,0.8975409836065574,1.5655737704918034,1.5655737704918034,0,0.47722875674442544,0.02984082700984614,0.04567208301860076,0.02984082700984614,0,20
A_well_specified,20,44,independent_mondrian,2,1139,0.8823529411764706,1.9833187006145743,1.9833187006145743,0,0.0,0.0,0.6303181649465538,0.0,0,100
A_well_specified,20,44,independent_mondrian,4,1128,0.900709219858156,1.502659574468085,1.502659574468085,0,0.0,0.0,0.7566799680293029,0.0,0,100
A_well_specified,20,44,independent_mondrian,1,1217,0.8948233360723089,1.6631059983566145,1.6631059983566145,0,0.0,0.0,0.5528720617426699,0.0,0,100
A_well_specified,20,44,independent_mondrian,3,1213,0.8656224237427865,2.104699093157461,2.104699093157461,0,0.0,0.0,0.6303427379477441,0.0,0,100
A_well_specified,20,44,independent_mondrian,0,303,0.7854785478547854,1.2541254125412542,1.2541254125412542,0,0.0,0.0,0.33759875735401984,0.0,0,20
A_well_specified,20,44,ordinal_cluster,2,1139,0.8788410886742757,2.084284460052678,2.084284460052678,0,0.0,0.0,0.6178648710586029,0.0,0,100
A_well_specified,20,44,ordinal_cluster,4,1128,0.8936170212765957,1.553191489361702,1.553191489361702,0,0.0,0.0,0.7414056090883642,0.0,0,100
A_well_specified,20,44,ordinal_cluster,1,1217,0.8997534921939194,1.8266228430566969,1.8266228430566969,0,0.0,0.0,0.5625443713651189,0.0,0,100
A_well_specified,20,44,ordinal_cluster,3,1213,0.8985985160758451,2.112118713932399,2.112118713932399,0,0.0,0.0,0.701859846426009,0.0,0,100
A_well_specified,20,44,ordinal_cluster,0,303,0.8943894389438944,1.386138613861386,1.386138613861386,0,0.0,0.0,0.4884881999367117,0.0,0,20
A_well_specified,20,44,input_dependent_nonordinal,2,1139,0.8296751536435469,1.938542581211589,1.938542581211589,0,0.5921180764308434,0.03675253330160001,-0.04840533353885579,0.03675253330160001,0,100
A_well_specified,20,44,input_dependent_nonordinal,4,1128,0.9423758865248227,1.5407801418439717,1.5407801418439717,0,0.7787686638841418,0.05031375648783466,0.06456540078078854,0.05031375648783466,0,100
A_well_specified,20,44,input_dependent_nonordinal,1,1217,0.8940016433853739,1.7033689400164338,1.7033689400164338,0,0.5372236559697136,0.033266108811133725,-0.012210568831067747,0.033266108811133725,0,100
A_well_specified,20,44,input_dependent_nonordinal,3,1213,0.9018961253091509,2.0436933223413027,2.0436933223413027,0,0.6575548198604929,0.04212953017922086,0.009145068556895897,0.04212953017922086,0,100
A_well_specified,20,44,input_dependent_nonordinal,0,303,0.8745874587458746,1.2871287128712872,1.2871287128712872,0,0.42627512389001787,0.023762310823755028,-0.003124437885210496,0.023762310823755028,0,20
A_well_specified,20,44,input_dependent_ordinal,2,1139,0.8296751536435469,1.9376646180860404,1.9376646180860404,0,0.5933925976980604,0.036332766074382516,-0.04957200371474613,0.036332766074382516,0,100
A_well_specified,20,44,input_dependent_ordinal,4,1128,0.9414893617021277,1.5452127659574468,1.5452127659574468,0,0.7603769305256205,0.04937309267168138,0.08022940125317873,0.04937309267168138,0,100
A_well_specified,20,44,input_dependent_ordinal,1,1217,0.8915365653245686,1.714872637633525,1.714872637633525,0,0.527528083957517,0.031425087871592226,-0.005043456412266334,0.031425087871592226,0,100
A_well_specified,20,44,input_dependent_ordinal,3,1213,0.9035449299258038,2.042868920032976,2.042868920032976,0,0.684339640028215,0.043972466169687655,-0.012513221205830927,0.043972466169687655,0,100
A_well_specified,20,44,input_dependent_ordinal,0,303,0.8877887788778878,1.297029702970297,1.297029702970297,0,0.42977649664867806,0.029349728158247476,0.002901896595230602,0.029349728158247476,0,20
A_well_specified,20,45,independent_mondrian,1,1157,0.867761452031115,1.6525496974935177,1.6525496974935177,0,0.0,0.0,0.5227611389592921,0.0,0,100
A_well_specified,20,45,independent_mondrian,2,1175,0.8502127659574468,2.0451063829787235,2.0451063829787235,0,0.0,0.0,0.5608292836662416,0.0,0,100
A_well_specified,20,45,independent_mondrian,3,1212,0.8976897689768977,2.116336633663366,2.116336633663366,0,0.0,0.0,0.7091056870264101,0.0,0,100
A_well_specified,20,45,independent_mondrian,4,1226,0.9159869494290375,1.561174551386623,1.561174551386623,0,0.0,0.0,0.8091684653223326,0.0,0,100
A_well_specified,20,45,independent_mondrian,0,230,0.8217391304347826,1.2565217391304349,1.2565217391304349,0,0.0,0.0,0.4095014813923626,0.0,0,20
A_well_specified,20,45,ordinal_cluster,1,1157,0.8720829732065687,1.8107173725151253,1.8107173725151253,0,0.0,0.0,0.5352210234428172,0.0,0,100
A_well_specified,20,45,ordinal_cluster,2,1175,0.8706382978723404,2.0263829787234044,2.0263829787234044,0,0.0,0.0,0.5891685410595097,0.0,0,100
A_well_specified,20,45,ordinal_cluster,3,1212,0.8828382838283828,2.0495049504950495,2.0495049504950495,0,0.0,0.0,0.6736530021022521,0.0,0,100
A_well_specified,20,45,ordinal_cluster,4,1226,0.8711256117455138,1.4983686786296901,1.4983686786296901,0,0.0,0.0,0.7103763812311635,0.0,0,100
A_well_specified,20,45,ordinal_cluster,0,230,0.8956521739130435,1.3608695652173912,1.3608695652173912,0,0.0,0.0,0.5209454167325369,0.0,0,20
A_well_specified,20,45,input_dependent_nonordinal,1,1157,0.8867761452031115,1.8703543647363872,1.8703543647363872,0,0.5438497899486845,0.04100902317168385,-0.020535883113541542,0.04100902317168385,0,100
A_well_specified,20,45,input_dependent_nonordinal,2,1175,0.908936170212766,1.988936170212766,1.988936170212766,0,0.6068097538134322,0.04062747585646639,0.030156913694616705,0.04062747585646639,0,100
A_well_specified,20,45,input_dependent_nonordinal,3,1212,0.8877887788778878,2.0354785478547854,2.0354785478547854,0,0.6815286501659091,0.048129285766839336,-0.05054157263671394,0.04812928576683932,0,100
A_well_specified,20,45,input_dependent_nonordinal,4,1226,0.8882544861337683,1.4861337683523654,1.4861337683523654,0,0.7398877705125338,0.029134047886520867,-0.021780391156227208,0.029134047886520867,0,100
A_well_specified,20,45,input_dependent_nonordinal,0,230,0.9695652173913043,1.4956521739130435,1.4956521739130435,0,0.5261890623771238,0.04994166562563059,0.0795756700076275,0.049941665625630606,0,20
A_well_specified,20,45,input_dependent_ordinal,1,1157,0.888504753673293,1.8703543647363872,1.8703543647363872,0,0.5455106235015177,0.04383864812982596,-0.013492095592346987,0.04383864812982596,0,100
A_well_specified,20,45,input_dependent_ordinal,2,1175,0.908936170212766,2.000851063829787,2.000851063829787,0,0.6108870800700338,0.040977392606479854,0.027411485858948537,0.040977392606479854,0,100
A_well_specified,20,45,input_dependent_ordinal,3,1212,0.8803630363036303,2.042079207920792,2.042079207920792,0,0.6736275330306737,0.03908407987908064,-0.0602994962339663,0.03908407987908064,0,100
A_well_specified,20,45,input_dependent_ordinal,4,1226,0.8988580750407831,1.4918433931484503,1.4918433931484503,0,0.7438051924845632,0.03429717142016217,-0.00030963868879929635,0.03429717142016217,0,100
A_well_specified,20,45,input_dependent_ordinal,0,230,0.9695652173913043,1.4956521739130435,1.4956521739130435,0,0.519473226065602,0.05075716144252943,0.08963389127322322,0.05075716144252943,0,20
A_well_specified,20,46,independent_mondrian,2,1188,0.8383838383838383,2.1616161616161618,2.1616161616161618,0,0.0,0.0,0.5344079555047873,0.0,0,100
A_well_specified,20,46,independent_mondrian,1,1138,0.9411247803163445,1.8497363796133568,1.8497363796133568,0,0.0,0.0,0.660004712585581,0.0,0,100
A_well_specified,20,46,independent_mondrian,4,1203,0.8969243557772236,1.5311720698254363,1.5311720698254363,0,0.0,0.0,0.7380624487463251,0.0,0,100
A_well_specified,20,46,independent_mondrian,3,1214,0.8764415156507414,2.0378912685337727,2.0378912685337727,0,0.0,0.0,0.6763564163025311,0.0,0,100
A_well_specified,20,46,independent_mondrian,0,257,0.9182879377431906,1.5447470817120623,1.5447470817120623,0,0.0,0.0,0.5670079574524133,0.0,0,20
A_well_specified,20,46,ordinal_cluster,2,1188,0.8872053872053872,2.0673400673400675,2.0673400673400675,0,0.0,0.0,0.6166600114845223,0.0,0,100
A_well_specified,20,46,ordinal_cluster,1,1138,0.9173989455184535,2.0456942003514937,2.0456942003514937,0,0.0,0.0,0.5904769902656216,0.0,0,100
A_well_specified,20,46,ordinal_cluster,4,1203,0.8703241895261845,1.4788029925187032,1.4788029925187032,0,0.0,0.0,0.6763564163025311,0.0,0,100
A_well_specified,20,46,ordinal_cluster,3,1214,0.8434925864909391,2.0271828665568368,2.0271828665568368,0,0.0,0.0,0.6344339788550704,0.0,0,100
A_well_specified,20,46,ordinal_cluster,0,257,0.9377431906614786,1.4357976653696498,1.4357976653696498,0,0.0,0.0,0.6442158127292187,0.0,0,20
A_well_specified,20,46,input_dependent_nonordinal,2,1188,0.8602693602693603,2.1481481481481484,2.1481481481481484,0,0.6150953994157433,0.033611643379199516,-0.055227146307713415,0.033611643379199516,0,100
A_well_specified,20,46,input_dependent_nonordinal,1,1138,0.9499121265377856,1.9200351493848857,1.9200351493848857,0,0.5341531258620217,0.029563704924610096,0.0790402437735519,0.029563704924610096,0,100
A_well_specified,20,46,input_dependent_nonordinal,4,1203,0.9052369077306733,1.5494596841230257,1.5494596841230257,0,0.7705601137285762,0.06771804607534927,-0.010605114233531054,0.06771804607534927,0,100
A_well_specified,20,46,input_dependent_nonordinal,3,1214,0.8986820428336079,2.0197693574958815,2.0197693574958815,0,0.6672208469158196,0.04705776725790902,0.03045624422959703,0.04705776725790902,0,100
A_well_specified,20,46,input_dependent_nonordinal,0,257,0.9610894941634242,1.4708171206225682,1.4708171206225682,0,0.43077619368812065,0.03269341978603563,0.17771533756737978,0.03269341978603563,0,20
A_well_specified,20,46,input_dependent_ordinal,2,1188,0.8585858585858586,2.117003367003367,2.117003367003367,0,0.6094224004113853,0.03826546752449772,-0.044153748765159206,0.03826546752449772,0,100
A_well_specified,20,46,input_dependent_ordinal,1,1138,0.9490333919156415,1.8875219683655535,1.8875219683655535,0,0.5282887140905299,0.02979610691199737,0.08421339391048455,0.02979610691199737,0,100
A_well_specified,20,46,input_dependent_ordinal,4,1203,0.9118869492934331,1.5561097256857854,1.5561097256857854,0,0.7632942566527416,0.06303869400380743,0.005945371575955205,0.06303869400380743,0,100
A_well_specified,20,46,input_dependent_ordinal,3,1214,0.8970345963756178,2.025535420098847,2.025535420098847,0,0.6821693783754057,0.048067899516864576,0.011999889958671073,0.048067899516864576,0,100
A_well_specified,20,46,input_dependent_ordinal,0,257,0.9494163424124513,1.4630350194552528,1.4630350194552528,0,0.44731225344847925,0.021542437657299768,0.12858384162016323,0.021542437657299768,0,20
A_well_specified,20,47,independent_mondrian,2,1214,0.9324546952224053,2.2800658978583197,2.2800658978583197,0,0.0,0.0,0.7131999540325088,0.0,0,100
A_well_specified,20,47,independent_mondrian,3,1236,0.906957928802589,2.348705501618123,2.348705501618123,0,0.0,0.0,0.7307734335186575,0.0,0,100
A_well_specified,20,47,independent_mondrian,4,1149,0.9295039164490861,1.6675369886858138,1.6675369886858138,0,0.0,0.0,0.8465652791956751,0.0,0,100
A_well_specified,20,47,independent_mondrian,1,1160,0.8810344827586207,2.361206896551724,2.361206896551724,0,0.0,0.0,0.5375352230077325,0.0,0,100
A_well_specified,20,47,independent_mondrian,0,241,0.979253112033195,1.4066390041493777,1.4066390041493777,0,0.0,0.0,0.774208171886001,0.0,0,20
A_well_specified,20,47,ordinal_cluster,2,1214,0.914332784184514,2.3336079077429983,2.3336079077429983,0,0.0,0.0,0.6656836794753533,0.0,0,100
A_well_specified,20,47,ordinal_cluster,3,1236,0.9118122977346278,2.251618122977346,2.251618122977346,0,0.0,0.0,0.7402015860062973,0.0,0,100
A_well_specified,20,47,ordinal_cluster,4,1149,0.9025239338555265,1.6327241079199304,1.6327241079199304,0,0.0,0.0,0.7850223191947967,0.0,0,100
A_well_specified,20,47,ordinal_cluster,1,1160,0.9422413793103448,2.178448275862069,2.178448275862069,0,0.0,0.0,0.6656836794753533,0.0,0,100
A_well_specified,20,47,ordinal_cluster,0,241,0.9543568464730291,1.6348547717842323,1.6348547717842323,0,0.0,0.0,0.6334415500393052,0.0,0,20
A_well_specified,20,47,input_dependent_nonordinal,2,1214,0.8805601317957167,2.0197693574958815,2.0197693574958815,0,0.5849551676720536,0.04045387056498065,-0.006160722785917061,0.04045387056498065,0,100
A_well_specified,20,47,input_dependent_nonordinal,3,1236,0.9207119741100324,1.964401294498382,1.964401294498382,0,0.6469123735629106,0.03341769298371593,0.03849718920017409,0.03341769298371593,0,100
A_well_specified,20,47,input_dependent_nonordinal,4,1149,0.8755439512619669,1.5204525674499565,1.5204525674499565,0,0.7600583775901767,0.04113317865733914,-0.07805821205215824,0.04113317865733914,0,100
A_well_specified,20,47,input_dependent_nonordinal,1,1160,0.8931034482758621,1.985344827586207,1.985344827586207,0,0.5309164320961576,0.035533560839746334,0.00844610292916223,0.035533560839746334,0,100
A_well_specified,20,47,input_dependent_nonordinal,0,241,0.9875518672199171,1.4107883817427387,1.4107883817427387,0,0.45952063801421733,0.029022196408372322,0.21667916019261502,0.029022196408372322,0,20
A_well_specified,20,47,input_dependent_ordinal,2,1214,0.8871499176276771,2.0230642504118617,2.0230642504118617,0,0.5917597576869793,0.03606386855702083,-0.00717726527402085,0.03606386855702083,0,100
A_well_specified,20,47,input_dependent_ordinal,3,1236,0.9199029126213593,1.9684466019417475,1.9684466019417475,0,0.6645936947710562,0.03724650925637144,0.020081004944794922,0.03724650925637144,0,100
A_well_specified,20,47,input_dependent_ordinal,4,1149,0.876414273281114,1.516100957354221,1.516100957354221,0,0.7450399925964785,0.040238398748765926,-0.05952223731145878,0.040238398748765926,0,100
A_well_specified,20,47,input_dependent_ordinal,1,1160,0.8905172413793103,1.9612068965517242,1.9612068965517242,0,0.5254635600425086,0.035166611649262755,0.012382993976990747,0.03516661164926275,0,100
A_well_specified,20,47,input_dependent_ordinal,0,241,0.979253112033195,1.3941908713692945,1.3941908713692945,0,0.4397504811800299,0.03543475547747142,0.21471000941756924,0.03543475547747142,0,20
A_well_specified,20,48,independent_mondrian,4,1195,0.9271966527196652,1.7087866108786611,1.7087866108786611,0,0.0,0.0,0.8185446778231,0.0,0,100
A_well_specified,20,48,independent_mondrian,3,1231,0.9268887083671812,2.4012997562956944,2.4012997562956944,0,0.0,0.0,0.7339611976256429,0.0,0,100
A_well_specified,20,48,independent_mondrian,2,1169,0.9366980325064157,2.3122326775021387,2.3122326775021387,0,0.0,0.0,0.7391925557427524,0.0,0,100
A_well_specified,20,48,independent_mondrian,1,1150,0.8939130434782608,2.445217391304348,2.445217391304348,0,0.0,0.0,0.5628971136584592,0.0,0,100
A_well_specified,20,48,independent_mondrian,0,255,0.9686274509803922,1.5019607843137255,1.5019607843137255,0,0.0,0.0,0.8162314635997906,0.0,0,20
A_well_specified,20,48,ordinal_cluster,4,1195,0.9121338912133892,1.7129707112970711,1.7129707112970711,0,0.0,0.0,0.7843165445690843,0.0,0,100
A_well_specified,20,48,ordinal_cluster,3,1231,0.9325751421608448,2.346872461413485,2.346872461413485,0,0.0,0.0,0.7661847441396382,0.0,0,100
A_well_specified,20,48,ordinal_cluster,2,1169,0.9247219846022241,2.3746792130025662,2.3746792130025662,0,0.0,0.0,0.7094393967488758,0.0,0,100
A_well_specified,20,48,ordinal_cluster,1,1150,0.9443478260869566,2.137391304347826,2.137391304347826,0,0.0,0.0,0.6825856783732744,0.0,0,100
A_well_specified,20,48,ordinal_cluster,0,255,0.9294117647058824,1.6352941176470588,1.6352941176470588,0,0.0,0.0,0.5628971136584592,0.0,0,20
A_well_specified,20,48,input_dependent_nonordinal,4,1195,0.9238493723849373,1.6753138075313807,1.6753138075313807,0,0.7710721438065876,0.053747925228844105,-0.01759303128545653,0.053747925228844105,0,100
A_well_specified,20,48,input_dependent_nonordinal,3,1231,0.9471974004874086,2.195775792038993,2.195775792038993,0,0.7025811447780288,0.04829948525294115,0.03156636447673722,0.04829948525294115,0,100
A_well_specified,20,48,input_dependent_nonordinal,2,1169,0.9529512403763901,2.1770744225834044,2.1770744225834044,0,0.5979403771002937,0.03324212681200379,0.1349028612948236,0.03324212681200379,0,100
A_well_specified,20,48,input_dependent_nonordinal,1,1150,0.9182608695652174,2.031304347826087,2.031304347826087,0,0.5189359812499457,0.03225260555622311,0.027897939682426487,0.03225260555622311,0,100
A_well_specified,20,48,input_dependent_nonordinal,0,255,0.9529411764705882,1.4705882352941178,1.4705882352941178,0,0.4433668357814451,0.038745806015389544,0.12055840368993381,0.038745806015389544,0,20
A_well_specified,20,48,input_dependent_ordinal,4,1195,0.9213389121338912,1.6853556485355647,1.6853556485355647,0,0.77747752449378,0.0518604801610428,-0.029131046309012587,0.0518604801610428,0,100
A_well_specified,20,48,input_dependent_ordinal,3,1231,0.9480097481722177,2.1965881397238016,2.1965881397238016,0,0.688625269199874,0.04684348762500838,0.04992287507909876,0.04684348762500838,0,100
A_well_specified,20,48,input_dependent_ordinal,2,1169,0.9529512403763901,2.191616766467066,2.191616766467066,0,0.6081780315504719,0.037761343429782906,0.13111937248377692,0.037761343429782906,0,100
A_well_specified,20,48,input_dependent_ordinal,1,1150,0.9182608695652174,2.077391304347826,2.077391304347826,0,0.5184396381933507,0.03262105716975403,0.02913793962695216,0.03262105716975403,0,100
A_well_specified,20,48,input_dependent_ordinal,0,255,0.9529411764705882,1.4745098039215687,1.4745098039215687,0,0.43606581959609725,0.027645803064142393,0.17072212794755748,0.027645803064142393,0,20
A_well_specified,20,49,independent_mondrian,4,1175,0.9131914893617021,1.6672340425531915,1.6672340425531915,0,0.0,0.0,0.8136434307271991,0.0,0,100
A_well_specified,20,49,independent_mondrian,3,1169,0.9264328485885372,2.30196749358426,2.30196749358426,0,0.0,0.0,0.7585247677460125,0.0,0,100
A_well_specified,20,49,independent_mondrian,2,1200,0.8941666666666667,2.285,2.285,0,0.0,0.0,0.6489009192380831,0.0,0,100
A_well_specified,20,49,independent_mondrian,1,1213,0.9365210222588624,1.877164056059357,1.877164056059357,0,0.0,0.0,0.6476805673285323,0.0,0,100
A_well_specified,20,49,independent_mondrian,0,243,0.9012345679012346,1.559670781893004,1.559670781893004,0,0.0,0.0,0.46094794951304113,0.0,0,20
A_well_specified,20,49,ordinal_cluster,4,1175,0.8936170212765957,1.6093617021276596,1.6093617021276596,0,0.0,0.0,0.7585247677460125,0.0,0,100
A_well_specified,20,49,ordinal_cluster,3,1169,0.9059024807527801,2.2207014542343884,2.2207014542343884,0,0.0,0.0,0.719901848353407,0.0,0,100
A_well_specified,20,49,ordinal_cluster,2,1200,0.8941666666666667,2.2158333333333333,2.2158333333333333,0,0.0,0.0,0.6489009192380831,0.0,0,100
A_well_specified,20,49,ordinal_cluster,1,1213,0.9258037922506183,2.027205276174773,2.027205276174773,0,0.0,0.0,0.6146688616049395,0.0,0,100
A_well_specified,20,49,ordinal_cluster,0,243,0.934156378600823,1.5308641975308641,1.5308641975308641,0,0.0,0.0,0.5782914499549294,0.0,0,20
A_well_specified,20,49,input_dependent_nonordinal,4,1175,0.9046808510638298,1.5719148936170213,1.5719148936170213,0,0.7141216963009362,0.04273351438860049,0.025278521226230755,0.04273351438860049,0,100
A_well_specified,20,49,input_dependent_nonordinal,3,1169,0.9178785286569717,2.078699743370402,2.078699743370402,0,0.6754266176220339,0.04710434377326062,0.025841811548696914,0.04710434377326062,0,100
A_well_specified,20,49,input_dependent_nonordinal,2,1200,0.8883333333333333,2.0941666666666667,2.0941666666666667,0,0.6017618182076945,0.034613742195443054,-0.010884922955230247,0.034613742195443054,0,100
A_well_specified,20,49,input_dependent_nonordinal,1,1213,0.9629018961253092,1.8029678483099754,1.8029678483099754,0,0.524590590400049,0.042860279400768135,0.14094194702572443,0.042860279400768135,0,100
A_well_specified,20,49,input_dependent_nonordinal,0,243,0.8930041152263375,1.51440329218107,1.51440329218107,0,0.4521061441212494,0.03146996420538195,-0.01017706453227124,0.03146996420538195,0,20
A_well_specified,20,49,input_dependent_ordinal,4,1175,0.902127659574468,1.5557446808510638,1.5557446808510638,0,0.7244988102462993,0.04374359974309619,0.010946696185123228,0.04374359974309619,0,100
A_well_specified,20,49,input_dependent_ordinal,3,1169,0.913601368691189,2.053892215568862,2.053892215568862,0,0.6659997973533822,0.04282959042729693,0.019656019457394147,0.04282959042729693,0,100
A_well_specified,20,49,input_dependent_ordinal,2,1200,0.885,2.0725,2.0725,0,0.5947371044440245,0.04116921599382118,-0.00559835343590781,0.04116921599382118,0,100
A_well_specified,20,49,input_dependent_ordinal,1,1213,0.9579554822753503,1.8037922506183017,1.8037922506183017,0,0.5270515126021369,0.03774916903860984,0.1261667910103546,0.03774916903860984,0,100
A_well_specified,20,49,input_dependent_ordinal,0,243,0.8930041152263375,1.4979423868312758,1.4979423868312758,0,0.47215437290690726,0.03639162087418475,-0.01801575517245038,0.03639162087418476,0,20
A_well_specified,10,0,independent_mondrian,1,1144,0.9379370629370629,2.019230769230769,2.019230769230769,0,0.0,0.0,0.6675577448030705,0.0,0,100
A_well_specified,10,0,independent_mondrian,2,1184,0.8834459459459459,2.5599662162162162,2.5599662162162162,0,0.0,0.0,0.600194065583578,0.0,0,100
A_well_specified,10,0,independent_mondrian,4,1168,0.9452054794520548,1.7799657534246576,1.7799657534246576,0,0.0,0.0,0.9696572975594447,0.0,0,100
A_well_specified,10,0,independent_mondrian,3,1233,0.9578264395782644,2.3876723438767233,2.3876723438767233,0,0.0,0.0,0.8807036423480658,0.0,0,100
A_well_specified,10,0,independent_mondrian,0,271,0.9003690036900369,1.5202952029520296,1.5202952029520296,0,0.0,0.0,0.5421469787146919,0.0,0,10
A_well_specified,10,0,ordinal_cluster,1,1144,0.9283216783216783,2.2447552447552446,2.2447552447552446,0,0.0,0.0,0.61378305435905,0.0,0,100
A_well_specified,10,0,ordinal_cluster,2,1184,0.9146959459459459,2.4087837837837838,2.4087837837837838,0,0.0,0.0,0.6986172153975699,0.0,0,100
A_well_specified,10,0,ordinal_cluster,4,1168,0.9340753424657534,1.7440068493150684,1.7440068493150684,0,0.0,0.0,0.9070714078274522,0.0,0,100
A_well_specified,10,0,ordinal_cluster,3,1233,0.9343065693430657,2.420924574209246,2.420924574209246,0,0.0,0.0,0.7945228170784853,0.0,0,100
A_well_specified,10,0,ordinal_cluster,0,271,0.948339483394834,1.5018450184501846,1.5018450184501846,0,0.0,0.0,0.6648623854343433,0.0,0,10
A_well_specified,10,0,input_dependent_nonordinal,1,1144,0.9326923076923077,1.8076923076923077,1.8076923076923077,0,0.5347612655884251,0.03131538681470145,0.05529966857017554,0.03131538681470145,0,100
A_well_specified,10,0,input_dependent_nonordinal,2,1184,0.8902027027027027,2.2423986486486487,2.2423986486486487,0,0.6182569773460367,0.04304730149796131,-0.026636347420378903,0.04304730149796131,0,100
A_well_specified,10,0,input_dependent_nonordinal,4,1168,0.916095890410959,1.6840753424657535,1.6840753424657535,0,0.755343516074783,0.053295415237584465,0.0411898832502261,0.053295415237584465,0,100
A_well_specified,10,0,input_dependent_nonordinal,3,1233,0.9610705596107056,2.1094890510948905,2.1094890510948905,0,0.6798700564007456,0.042117018185382986,0.12891357110441404,0.042117018185382986,0,100
A_well_specified,10,0,input_dependent_nonordinal,0,271,0.8782287822878229,1.4206642066420665,1.4206642066420665,0,0.49224609917773876,0.027206432716931635,-0.04830403701335262,0.027206432716931635,0,10
A_well_specified,10,0,input_dependent_ordinal,1,1144,0.9283216783216783,1.8006993006993006,1.8006993006993006,0,0.5362584037750388,0.03281651615500751,0.05001542309709128,0.03281651615500751,0,100
A_well_specified,10,0,input_dependent_ordinal,2,1184,0.8893581081081081,2.228885135135135,2.228885135135135,0,0.6158862789368607,0.039096584734495926,-0.029360173007607626,0.039096584734495926,0,100
A_well_specified,10,0,input_dependent_ordinal,4,1168,0.9143835616438356,1.6806506849315068,1.6806506849315068,0,0.7538524929716658,0.05207262852052117,0.039452690202172735,0.05207262852052117,0,100
A_well_specified,10,0,input_dependent_ordinal,3,1233,0.9610705596107056,2.1038118410381186,2.1038118410381186,0,0.6834091716591494,0.04602141694435922,0.1278033527314048,0.04602141694435922,0,100
A_well_specified,10,0,input_dependent_ordinal,0,271,0.8745387453874539,1.4059040590405905,1.4059040590405905,0,0.4883566417024403,0.026216670460382726,-0.04682646526683831,0.026216670460382726,0,10
A_well_specified,10,1,independent_mondrian,3,1212,0.8457095709570958,2.2293729372937294,2.2293729372937294,0,0.0,0.0,0.6301091777134519,0.0,0,100
A_well_specified,10,1,independent_mondrian,1,1137,0.8812664907651715,2.0334212840809145,2.0334212840809145,0,0.0,0.0,0.5104627670971946,0.0,0,100
A_well_specified,10,1,independent_mondrian,4,1170,0.9316239316239316,1.5811965811965811,1.5811965811965811,0,0.0,0.0,0.8750646624789163,0.0,0,100
A_well_specified,10,1,independent_mondrian,2,1227,0.9136104319478403,2.0863895680521596,2.0863895680521596,0,0.0,0.0,0.6758031694466654,0.0,0,100
A_well_specified,10,1,independent_mondrian,0,254,0.9212598425196851,1.3818897637795275,1.3818897637795275,0,0.0,0.0,0.5870251197938168,0.0,0,10
A_well_specified,10,1,ordinal_cluster,3,1212,0.8935643564356436,2.1394389438943895,2.1394389438943895,0,0.0,0.0,0.715811462906373,0.0,0,100
A_well_specified,10,1,ordinal_cluster,1,1137,0.9120492524186455,1.9041336851363238,1.9041336851363238,0,0.0,0.0,0.5870251197938168,0.0,0,100
A_well_specified,10,1,ordinal_cluster,4,1170,0.8871794871794871,1.5957264957264958,1.5957264957264958,0,0.0,0.0,0.7586594707071082,0.0,0,100
A_well_specified,10,1,ordinal_cluster,2,1227,0.8932355338223309,2.15158924205379,2.15158924205379,0,0.0,0.0,0.6250235208538365,0.0,0,100
A_well_specified,10,1,ordinal_cluster,0,254,0.8700787401574803,1.421259842519685,1.421259842519685,0,0.0,0.0,0.5104627670971946,0.0,0,10
A_well_specified,10,1,input_dependent_nonordinal,3,1212,0.8745874587458746,2.0297029702970297,2.0297029702970297,0,0.6583177347531967,0.036515503917730924,-0.026425835973890588,0.036515503917730924,0,100
A_well_specified,10,1,input_dependent_nonordinal,1,1137,0.941952506596306,1.893579595426561,1.893579595426561,0,0.5473398933386305,0.041089975516162225,0.043624478573255576,0.041089975516162225,0,100
A_well_specified,10,1,input_dependent_nonordinal,4,1170,0.9008547008547009,1.5427350427350428,1.5427350427350428,0,0.7596035769384374,0.054829646647300424,-0.0019972391097246023,0.054829646647300424,0,100
A_well_specified,10,1,input_dependent_nonordinal,2,1227,0.8973105134474327,2.019559902200489,2.019559902200489,0,0.6309055205285912,0.04183199614526542,-0.006015497586590923,0.04183199614526542,0,100
A_well_specified,10,1,input_dependent_nonordinal,0,254,0.937007874015748,1.4803149606299213,1.4803149606299213,0,0.44904090876646513,0.026826025016618824,0.08686937139741907,0.026826025016618824,0,10
A_well_specified,10,1,input_dependent_ordinal,3,1212,0.8778877887788779,2.037953795379538,2.037953795379538,0,0.680813339664809,0.04368729847736169,-0.04043372259537814,0.04368729847736169,0,100
A_well_specified,10,1,input_dependent_ordinal,1,1137,0.9375549692172384,1.9058927000879506,1.9058927000879506,0,0.5455711988481772,0.03721053954880395,0.031973290087176254,0.03721053954880395,0,100
A_well_specified,10,1,input_dependent_ordinal,4,1170,0.9068376068376068,1.5487179487179488,1.5487179487179488,0,0.7533195034323843,0.05056904184811103,0.012569284280921744,0.05056904184811103,0,100
A_well_specified,10,1,input_dependent_ordinal,2,1227,0.9005704971475142,2.024449877750611,2.024449877750611,0,0.6084026489138281,0.03956601048623567,0.015165229170356453,0.03956601048623567,0,100
A_well_specified,10,1,input_dependent_ordinal,0,254,0.937007874015748,1.4606299212598426,1.4606299212598426,0,0.4763992581613636,0.03413465181169577,0.07275715659222504,0.03413465181169577,0,10
A_well_specified,10,2,independent_mondrian,2,1175,0.9548936170212766,2.302978723404255,2.302978723404255,0,0.0,0.0,0.8087994363632995,0.0,0,100
A_well_specified,10,2,independent_mondrian,1,1152,0.8793402777777778,1.9826388888888888,1.9826388888888888,0,0.0,0.0,0.5275318937358119,0.0,0,100
A_well_specified,10,2,independent_mondrian,4,1210,0.9314049586776859,1.8355371900826447,1.8355371900826447,0,0.0,0.0,0.8940961480018108,0.0,0,100
A_well_specified,10,2,independent_mondrian,3,1198,0.9407345575959933,2.4757929883138563,2.4757929883138563,0,0.0,0.0,0.8341392082453295,0.0,0,100
A_well_specified,10,2,independent_mondrian,0,265,0.8377358490566038,1.2452830188679245,1.2452830188679245,0,0.0,0.0,0.36654282229689333,0.0,0,10
A_well_specified,10,2,ordinal_cluster,2,1175,0.9276595744680851,2.3668085106382977,2.3668085106382977,0,0.0,0.0,0.6798644862638146,0.0,0,100
A_well_specified,10,2,ordinal_cluster,1,1152,0.9105902777777778,1.9973958333333333,1.9973958333333333,0,0.0,0.0,0.5861860936949307,0.0,0,100
A_well_specified,10,2,ordinal_cluster,4,1210,0.9264462809917355,1.7694214876033059,1.7694214876033059,0,0.0,0.0,0.8775020834573504,0.0,0,100
A_well_specified,10,2,ordinal_cluster,3,1198,0.9415692821368948,2.3530884808013357,2.3530884808013357,0,0.0,0.0,0.8424730066981936,0.0,0,100
A_well_specified,10,2,ordinal_cluster,0,265,0.9056603773584906,1.4150943396226414,1.4150943396226414,0,0.0,0.0,0.5016139488773009,0.0,0,10
A_well_specified,10,2,input_dependent_nonordinal,2,1175,0.9293617021276596,2.134468085106383,2.134468085106383,0,0.5916674021988669,0.03190979794913663,0.07515959063928118,0.03190979794913663,0,100
A_well_specified,10,2,input_dependent_nonordinal,1,1152,0.9184027777777778,1.7986111111111112,1.7986111111111112,0,0.5463255660138394,0.03853093618579877,0.026435084363372496,0.03853093618579877,0,100
A_well_specified,10,2,input_dependent_nonordinal,4,1210,0.9090909090909091,1.6355371900826445,1.6355371900826445,0,0.7778199939955259,0.05074443011672741,0.008874162991010015,0.050744430116727426,0,100
A_well_specified,10,2,input_dependent_nonordinal,3,1198,0.9215358931552587,2.162771285475793,2.162771285475793,0,0.6639816655514464,0.042149288802493204,0.0661469288504079,0.04214928880249322,0,100
A_well_specified,10,2,input_dependent_nonordinal,0,265,0.8452830188679246,1.271698113207547,1.271698113207547,0,0.3960852584647979,0.02202693257441089,-0.03111206502799596,0.02202693257441089,0,10
A_well_specified,10,2,input_dependent_ordinal,2,1175,0.9336170212765957,2.1327659574468085,2.1327659574468085,0,0.6034039978131042,0.03730531056794148,0.07462245839816367,0.03730531056794148,0,100
A_well_specified,10,2,input_dependent_ordinal,1,1152,0.9184027777777778,1.8090277777777777,1.8090277777777777,0,0.519159507841355,0.032061289586377585,0.04182422031823363,0.032061289586377585,0,100
A_well_specified,10,2,input_dependent_ordinal,4,1210,0.9066115702479339,1.6396694214876033,1.6396694214876033,0,0.764825912542752,0.048771576164436226,0.018587732059654027,0.048771576164436226,0,100
A_well_specified,10,2,input_dependent_ordinal,3,1198,0.9215358931552587,2.1652754590984973,2.1652754590984973,0,0.680600232141926,0.042653072282607916,0.05151135888766978,0.04265307228260792,0,100
A_well_specified,10,2,input_dependent_ordinal,0,265,0.8301886792452831,1.2528301886792452,1.2528301886792452,0,0.4312154794938278,0.02660880355195393,-0.06382842435454156,0.02660880355195393,0,10
A_well_specified,10,3,independent_mondrian,2,1212,0.8704620462046204,2.287128712871287,2.287128712871287,0,0.0,0.0,0.5737225425022993,0.0,0,100
A_well_specified,10,3,independent_mondrian,3,1210,0.8636363636363636,2.062809917355372,2.062809917355372,0,0.0,0.0,0.6778772523634341,0.0,0,100
A_well_specified,10,3,independent_mondrian,4,1177,0.8606627017841971,1.5301614273576891,1.5301614273576891,0,0.0,0.0,0.7031323857126592,0.0,0,100
A_well_specified,10,3,independent_mondrian,1,1167,0.922879177377892,2.2982005141388173,2.2982005141388173,0,0.0,0.0,0.6137329360040233,0.0,0,100
A_well_specified,10,3,independent_mondrian,0,234,0.9871794871794872,1.5769230769230769,1.5769230769230769,0,0.0,0.0,0.9380719624918893,0.0,0,10
A_well_specified,10,3,ordinal_cluster,2,1212,0.8935643564356436,2.051980198019802,2.051980198019802,0,0.0,0.0,0.6117353272695446,0.0,0,100
A_well_specified,10,3,ordinal_cluster,3,1210,0.8413223140495868,2.024793388429752,2.024793388429752,0,0.0,0.0,0.6403707756648443,0.0,0,100
A_well_specified,10,3,ordinal_cluster,4,1177,0.848768054375531,1.4842820730671198,1.4842820730671198,0,0.0,0.0,0.6800136720791189,0.0,0,100
A_well_specified,10,3,ordinal_cluster,1,1167,0.9065981148243359,2.0034275921165383,2.0034275921165383,0,0.0,0.0,0.5738971818864732,0.0,0,100
A_well_specified,10,3,ordinal_cluster,0,234,0.9401709401709402,1.482905982905983,1.482905982905983,0,0.0,0.0,0.6232054629454213,0.0,0,10
A_well_specified,10,3,input_dependent_nonordinal,2,1212,0.8762376237623762,2.0775577557755778,2.0775577557755778,0,0.5632334424194895,0.0275903704100201,-0.0026381126735132154,0.0275903704100201,0,100
A_well_specified,10,3,input_dependent_nonordinal,3,1210,0.8586776859504133,1.9644628099173553,1.9644628099173553,0,0.6763620321600606,0.030375445935157248,-0.04709275414196579,0.030375445935157248,0,100
A_well_specified,10,3,input_dependent_nonordinal,4,1177,0.8861512319456245,1.4732370433305013,1.4732370433305013,0,0.7522199732648444,0.049500927930126684,-0.04515689686372115,0.049500927930126684,0,100
A_well_specified,10,3,input_dependent_nonordinal,1,1167,0.9151670951156813,2.0479862896315337,2.0479862896315337,0,0.5214318695150485,0.034048907672059994,0.03928035357487725,0.034048907672059994,0,100
A_well_specified,10,3,input_dependent_nonordinal,0,234,0.9914529914529915,1.5213675213675213,1.5213675213675213,0,0.5008647693252962,0.057300537048609185,0.32555925508673256,0.057300537048609185,0,10
A_well_specified,10,3,input_dependent_ordinal,2,1212,0.8836633663366337,2.0965346534653464,2.0965346534653464,0,0.5889440940822936,0.0336160028638144,-0.01649335675550062,0.0336160028638144,0,100
A_well_specified,10,3,input_dependent_ordinal,3,1210,0.8760330578512396,1.9884297520661156,1.9884297520661156,0,0.6700947666157103,0.03794216456853027,-0.010327607800322602,0.03794216456853027,0,100
A_well_specified,10,3,input_dependent_ordinal,4,1177,0.8836023789294817,1.4944774851316907,1.4944774851316907,0,0.7458418709286367,0.04061083613143734,-0.05222400840632424,0.04061083613143734,0,100
A_well_specified,10,3,input_dependent_ordinal,1,1167,0.9151670951156813,2.144815766923736,2.144815766923736,0,0.5174748110230888,0.033917024095139726,0.04329782526051762,0.033917024095139726,0,100
A_well_specified,10,3,input_dependent_ordinal,0,234,0.9914529914529915,1.5341880341880343,1.5341880341880343,0,0.458407692428204,0.03047200428794215,0.3982459998825464,0.03047200428794215,0,10
A_well_specified,10,4,independent_mondrian,4,1124,0.896797153024911,1.6147686832740213,1.6147686832740213,0,0.0,0.0,0.7896352781150098,0.0,0,100
A_well_specified,10,4,independent_mondrian,1,1161,0.9431524547803618,2.359173126614987,2.359173126614987,0,0.0,0.0,0.7220878207165117,0.0,0,100
A_well_specified,10,4,independent_mondrian,3,1207,0.8649544324772163,2.2170671085335543,2.2170671085335543,0,0.0,0.0,0.6653409855351631,0.0,0,100
A_well_specified,10,4,independent_mondrian,2,1269,0.9062253743104807,2.4239558707643813,2.4239558707643813,0,0.0,0.0,0.6368928425673787,0.0,0,100
A_well_specified,10,4,independent_mondrian,0,239,0.9874476987447699,1.7196652719665273,1.7196652719665273,0,0.0,0.0,0.8413745262200208,0.0,0,10
A_well_specified,10,4,ordinal_cluster,4,1124,0.8656583629893239,1.6174377224199288,1.6174377224199288,0,0.0,0.0,0.706332330632606,0.0,0,100
A_well_specified,10,4,ordinal_cluster,1,1161,0.9112833763996555,2.220499569336779,2.220499569336779,0,0.0,0.0,0.6382292258335939,0.0,0,100
A_well_specified,10,4,ordinal_cluster,3,1207,0.8848384424192212,2.144159072079536,2.144159072079536,0,0.0,0.0,0.6989069274137306,0.0,0,100
A_well_specified,10,4,ordinal_cluster,2,1269,0.9117415287628053,2.27344365642238,2.27344365642238,0,0.0,0.0,0.6518771173768749,0.0,0,100
A_well_specified,10,4,ordinal_cluster,0,239,0.9832635983263598,1.5857740585774058,1.5857740585774058,0,0.0,0.0,0.7220878207165117,0.0,0,10
A_well_specified,10,4,input_dependent_nonordinal,4,1124,0.8905693950177936,1.6637010676156583,1.6637010676156583,0,0.7525947310004215,0.04420180411922667,-0.008300689173848852,0.04420180411922667,0,100
A_well_specified,10,4,input_dependent_nonordinal,1,1161,0.9491817398794143,1.9991386735572783,1.9991386735572783,0,0.5471399962055503,0.036299369730927795,0.09104411788067535,0.036299369730927795,0,100
A_well_specified,10,4,input_dependent_nonordinal,3,1207,0.9196354598177299,2.069594034797017,2.069594034797017,0,0.6881850331408903,0.04280074668900431,0.03780905442329019,0.04280074668900431,0,100
A_well_specified,10,4,input_dependent_nonordinal,2,1269,0.9117415287628053,2.1922773837667453,2.1922773837667453,0,0.6038090699855153,0.03836570305441392,0.024333383667417274,0.03836570305441392,0,100
A_well_specified,10,4,input_dependent_nonordinal,0,239,0.9790794979079498,1.5146443514644352,1.5146443514644352,0,0.522146154228103,0.03238073867167538,0.06500153678827514,0.03238073867167538,0,10
A_well_specified,10,4,input_dependent_ordinal,4,1124,0.8923487544483986,1.6672597864768683,1.6672597864768683,0,0.7556995402203113,0.04476479047936879,-0.009579466148227411,0.04476479047936881,0,100
A_well_specified,10,4,input_dependent_ordinal,1,1161,0.9491817398794143,1.987941429801895,1.987941429801895,0,0.554931795609217,0.03629393311106659,0.08326966965981053,0.03629393311106659,0,100
A_well_specified,10,4,input_dependent_ordinal,3,1207,0.9196354598177299,2.071251035625518,2.071251035625518,0,0.675660954105946,0.04218470972814525,0.052143139113922654,0.04218470972814525,0,100
A_well_specified,10,4,input_dependent_ordinal,2,1269,0.9109535066981875,2.193853427895981,2.193853427895981,0,0.6131492407860086,0.03778331766003873,0.013562599308552803,0.03778331766003873,0,100
A_well_specified,10,4,input_dependent_ordinal,0,239,0.9790794979079498,1.5104602510460252,1.5104602510460252,0,0.4864381174048143,0.034570420167474546,0.09225439067946295,0.034570420167474546,0,10
A_well_specified,10,5,independent_mondrian,4,1198,0.9140233722871453,1.8464106844741235,1.8464106844741235,0,0.0,0.0,0.8260430156218931,0.0,0,100
A_well_specified,10,5,independent_mondrian,0,238,0.9117647058823529,1.3571428571428572,1.3571428571428572,0,0.0,0.0,0.4863723707852882,0.0,0,10
A_well_specified,10,5,independent_mondrian,3,1190,0.9495798319327731,2.4159663865546217,2.4159663865546217,0,0.0,0.0,0.8872092668461081,0.0,0,100
A_well_specified,10,5,independent_mondrian,1,1204,0.8870431893687708,2.102159468438538,2.102159468438538,0,0.0,0.0,0.5372935037493445,0.0,0,100
A_well_specified,10,5,independent_mondrian,2,1170,0.9495726495726495,2.347863247863248,2.347863247863248,0,0.0,0.0,0.7759990309302696,0.0,0,100
A_well_specified,10,5,ordinal_cluster,4,1198,0.9273789649415692,1.815525876460768,1.815525876460768,0,0.0,0.0,0.8635535042020493,0.0,0,100
A_well_specified,10,5,ordinal_cluster,0,238,0.9159663865546218,1.5336134453781514,1.5336134453781514,0,0.0,0.0,0.5197162317838987,0.0,0,10
A_well_specified,10,5,ordinal_cluster,3,1190,0.9361344537815126,2.458823529411765,2.458823529411765,0,0.0,0.0,0.8352776731300662,0.0,0,100
A_well_specified,10,5,ordinal_cluster,1,1204,0.9310631229235881,2.164451827242525,2.164451827242525,0,0.0,0.0,0.6251737373235887,0.0,0,100
A_well_specified,10,5,ordinal_cluster,2,1170,0.9495726495726495,2.4495726495726498,2.4495726495726498,0,0.0,0.0,0.7745540247561987,0.0,0,100
A_well_specified,10,5,input_dependent_nonordinal,4,1198,0.9490818030050083,1.860601001669449,1.860601001669449,0,0.7718386141928769,0.05822856538256133,0.1013073685440039,0.05822856538256133,0,100
A_well_specified,10,5,input_dependent_nonordinal,0,238,0.9621848739495799,1.5084033613445378,1.5084033613445378,0,0.45953569685837226,0.057945768301614645,0.07756446430113462,0.057945768301614645,0,10
A_well_specified,10,5,input_dependent_nonordinal,3,1190,0.9621848739495799,2.396638655462185,2.396638655462185,0,0.6766958540071351,0.04225730483465176,0.15565449030873102,0.04225730483465176,0,100
A_well_specified,10,5,input_dependent_nonordinal,1,1204,0.9327242524916943,2.2209302325581395,2.2209302325581395,0,0.5556186329680598,0.037098863169215235,0.04151853246255116,0.037098863169215235,0,100
A_well_specified,10,5,input_dependent_nonordinal,2,1170,0.9752136752136752,2.382051282051282,2.382051282051282,0,0.5960744351865519,0.03617989303764639,0.22526099270127048,0.03617989303764639,0,100
A_well_specified,10,5,input_dependent_ordinal,4,1198,0.9507512520868113,1.8622704507512522,1.8622704507512522,0,0.7637840028595076,0.05075205379039743,0.10873206864975082,0.05075205379039743,0,100
A_well_specified,10,5,input_dependent_ordinal,0,238,0.9621848739495799,1.5168067226890756,1.5168067226890756,0,0.4588476239839615,0.03298570681451087,0.05859820642216451,0.03298570681451087,0,10
A_well_specified,10,5,input_dependent_ordinal,3,1190,0.965546218487395,2.3932773109243697,2.3932773109243697,0,0.68057759397797,0.04667242001174159,0.15471708237447612,0.04667242001174159,0,100
A_well_specified,10,5,input_dependent_ordinal,1,1204,0.9327242524916943,2.191029900332226,2.191029900332226,0,0.5454144437969894,0.037485003149948216,0.05231127888672149,0.037485003149948216,0,100
A_well_specified,10,5,input_dependent_ordinal,2,1170,0.9752136752136752,2.347008547008547,2.347008547008547,0,0.6107818374606685,0.04194520141113398,0.21065692369100475,0.04194520141113398,0,100
A_well_specified,10,6,independent_mondrian,3,1220,0.9508196721311475,2.2745901639344264,2.2745901639344264,0,0.0,0.0,0.9106022473020984,0.0,0,100
A_well_specified,10,6,independent_mondrian,2,1160,0.878448275862069,2.442241379310345,2.442241379310345,0,0.0,0.0,0.6142792430294346,0.0,0,100
A_well_specified,10,6,independent_mondrian,1,1158,0.9360967184801382,2.0820379965457687,2.0820379965457687,0,0.0,0.0,0.6504098948346703,0.0,0,100
A_well_specified,10,6,independent_mondrian,4,1230,0.9097560975609756,1.7520325203252032,1.7520325203252032,0,0.0,0.0,0.8251660413654767,0.0,0,100
A_well_specified,10,6,independent_mondrian,0,232,0.9439655172413793,1.6206896551724137,1.6206896551724137,0,0.0,0.0,0.5625861714859253,0.0,0,10
A_well_specified,10,6,ordinal_cluster,3,1220,0.9098360655737705,2.290983606557377,2.290983606557377,0,0.0,0.0,0.7538067520882169,0.0,0,100
A_well_specified,10,6,ordinal_cluster,2,1160,0.9137931034482759,2.30948275862069,2.30948275862069,0,0.0,0.0,0.6800410783946448,0.0,0,100
A_well_specified,10,6,ordinal_cluster,1,1158,0.9214162348877375,2.1899827288428324,2.1899827288428324,0,0.0,0.0,0.6163841370884179,0.0,0,100
A_well_specified,10,6,ordinal_cluster,4,1230,0.9097560975609756,1.6520325203252033,1.6520325203252033,0,0.0,0.0,0.8256120233712178,0.0,0,100
A_well_specified,10,6,ordinal_cluster,0,232,0.9698275862068966,1.6120689655172413,1.6120689655172413,0,0.0,0.0,0.6466460791098037,0.0,0,10
A_well_specified,10,6,input_dependent_nonordinal,3,1220,0.9557377049180328,1.9811475409836066,1.9811475409836066,0,0.6956872641046321,0.034746273928105614,0.13590135779341006,0.034746273928105614,0,100
A_well_specified,10,6,input_dependent_nonordinal,2,1160,0.868103448275862,2.1258620689655174,2.1258620689655174,0,0.6015180077188512,0.04130799059288796,-0.026521704560418802,0.04130799059288796,0,100
A_well_specified,10,6,input_dependent_nonordinal,1,1158,0.8886010362694301,1.6986183074265975,1.6986183074265975,0,0.5240059111299027,0.03709516674406756,0.003231725366401067,0.03709516674406756,0,100
A_well_specified,10,6,input_dependent_nonordinal,4,1230,0.8463414634146341,1.5959349593495935,1.5959349593495935,0,0.7933897813985065,0.05394096094318301,-0.12856445366926328,0.05394096094318301,0,100
A_well_specified,10,6,input_dependent_nonordinal,0,232,0.7155172413793104,1.168103448275862,1.168103448275862,0,0.45934352746955226,0.038564002489357534,-0.12526663927625026,0.038564002489357534,0,10
A_well_specified,10,6,input_dependent_ordinal,3,1220,0.9540983606557377,1.9811475409836066,1.9811475409836066,0,0.6981966256822983,0.04444413283495038,0.12286258688001861,0.04444413283495038,0,100
A_well_specified,10,6,input_dependent_ordinal,2,1160,0.8689655172413793,2.0939655172413794,2.0939655172413794,0,0.6166626260090887,0.03990612038385457,-0.042057548297880665,0.03990612038385457,0,100
A_well_specified,10,6,input_dependent_ordinal,1,1158,0.8886010362694301,1.680483592400691,1.680483592400691,0,0.5235484760279835,0.037149220757440975,0.003925103640838479,0.037149220757440975,0,100
A_well_specified,10,6,input_dependent_ordinal,4,1230,0.8479674796747968,1.5829268292682928,1.5829268292682928,0,0.7839851878459264,0.04703957261994658,-0.12062867135246336,0.04703957261994658,0,100
A_well_specified,10,6,input_dependent_ordinal,0,232,0.6853448275862069,1.1379310344827587,1.1379310344827587,0,0.4263618312893806,0.032900373938809006,-0.11586691200159716,0.032900373938809006,0,10
A_well_specified,10,7,independent_mondrian,1,1214,0.8525535420098846,2.0123558484349258,2.0123558484349258,0,0.0,0.0,0.500111483967569,0.0,0,100
A_well_specified,10,7,independent_mondrian,2,1145,0.8497816593886462,2.058515283842795,2.058515283842795,0,0.0,0.0,0.5261333712899784,0.0,0,100
A_well_specified,10,7,independent_mondrian,3,1203,0.9052369077306733,2.0931005818786366,2.0931005818786366,0,0.0,0.0,0.6926071671735713,0.0,0,100
A_well_specified,10,7,independent_mondrian,0,251,0.9681274900398407,1.2868525896414342,1.2868525896414342,0,0.0,0.0,0.7416486248546844,0.0,0,10
A_well_specified,10,7,independent_mondrian,4,1187,0.9115417017691659,1.5770850884582983,1.5770850884582983,0,0.0,0.0,0.8224139998858391,0.0,0,100
A_well_specified,10,7,ordinal_cluster,1,1214,0.8665568369028006,1.7644151565074135,1.7644151565074135,0,0.0,0.0,0.5228570128589696,0.0,0,100
A_well_specified,10,7,ordinal_cluster,2,1145,0.8908296943231441,2.006986899563319,2.006986899563319,0,0.0,0.0,0.5891640509101043,0.0,0,100
A_well_specified,10,7,ordinal_cluster,3,1203,0.8960931005818786,2.0906068162926017,2.0906068162926017,0,0.0,0.0,0.6668380805693712,0.0,0,100
A_well_specified,10,7,ordinal_cluster,0,251,0.9043824701195219,1.2669322709163346,1.2669322709163346,0,0.0,0.0,0.500111483967569,0.0,0,10
A_well_specified,10,7,ordinal_cluster,4,1187,0.8904802021903959,1.5560235888795282,1.5560235888795282,0,0.0,0.0,0.7467003305035653,0.0,0,100
A_well_specified,10,7,input_dependent_nonordinal,1,1214,0.8772652388797364,1.9645799011532126,1.9645799011532126,0,0.5384234009456157,0.037997093295855384,-0.020595958407500836,0.037997093295855384,0,100
A_well_specified,10,7,input_dependent_nonordinal,2,1145,0.8838427947598253,2.003493449781659,2.003493449781659,0,0.6240483752415198,0.039783181187812836,-0.05059001127501883,0.039783181187812836,0,100
A_well_specified,10,7,input_dependent_nonordinal,3,1203,0.9118869492934331,1.9916874480465503,1.9916874480465503,0,0.6589354245513769,0.05069135871680864,0.02692466761404444,0.05069135871680864,0,100
A_well_specified,10,7,input_dependent_nonordinal,0,251,0.9840637450199203,1.3545816733067728,1.3545816733067728,0,0.41636929482133395,0.015936371015411472,0.22472154898152774,0.015936371015411472,0,10
A_well_specified,10,7,input_dependent_nonordinal,4,1187,0.9005897219882055,1.5636057287278855,1.5636057287278855,0,0.7498071379000172,0.04535213655585401,-0.0045803370476474314,0.04535213655585401,0,100
A_well_specified,10,7,input_dependent_ordinal,1,1214,0.8805601317957167,1.915156507413509,1.915156507413509,0,0.5381206664683221,0.03399583458102026,-0.025274906555654064,0.03399583458102026,0,100
A_well_specified,10,7,input_dependent_ordinal,2,1145,0.8820960698689956,2.00174672489083,2.00174672489083,0,0.6065268005400302,0.04019693436074827,-0.03332170323098016,0.04019693436074827,0,100
A_well_specified,10,7,input_dependent_ordinal,3,1203,0.912718204488778,2.0016625103906898,2.0016625103906898,0,0.6699191297583188,0.04357732401633946,0.01133882047666357,0.04357732401633946,0,100
A_well_specified,10,7,input_dependent_ordinal,0,251,0.9800796812749004,1.350597609561753,1.350597609561753,0,0.44374142005822503,0.029827185258321204,0.1603361391893081,0.029827185258321204,0,10
A_well_specified,10,7,input_dependent_ordinal,4,1187,0.9064869418702611,1.5745577085088458,1.5745577085088458,0,0.7510120770863419,0.051644640003809826,0.011003868138943385,0.051644640003809826,0,100
A_well_specified,10,8,independent_mondrian,2,1222,0.9402618657937807,2.1039279869067102,2.1039279869067102,0,0.0,0.0,0.7573483618488493,0.0,0,100
A_well_specified,10,8,independent_mondrian,1,1165,0.8952789699570816,1.7716738197424893,1.7716738197424893,0,0.0,0.0,0.5483283301995648,0.0,0,100
A_well_specified,10,8,independent_mondrian,3,1182,0.8993231810490694,2.3130287648054146,2.3130287648054146,0,0.0,0.0,0.6821345411638325,0.0,0,100
A_well_specified,10,8,independent_mondrian,4,1162,0.9079173838209983,1.6325301204819278,1.6325301204819278,0,0.0,0.0,0.7904938745128555,0.0,0,100
A_well_specified,10,8,independent_mondrian,0,269,0.654275092936803,1.1672862453531598,1.1672862453531598,0,0.0,0.0,0.23546952109215447,0.0,0,10
A_well_specified,10,8,ordinal_cluster,2,1222,0.9173486088379705,2.3248772504091653,2.3248772504091653,0,0.0,0.0,0.6751078367879599,0.0,0,100
A_well_specified,10,8,ordinal_cluster,1,1165,0.944206008583691,2.023175965665236,2.023175965665236,0,0.0,0.0,0.6708812820408729,0.0,0,100
A_well_specified,10,8,ordinal_cluster,3,1182,0.928087986463621,2.246192893401015,2.246192893401015,0,0.0,0.0,0.75224723670352,0.0,0,100
A_well_specified,10,8,ordinal_cluster,4,1162,0.8864027538726333,1.6514629948364887,1.6514629948364887,0,0.0,0.0,0.7310837175800172,0.0,0,100
A_well_specified,10,8,ordinal_cluster,0,269,0.9219330855018587,1.620817843866171,1.620817843866171,0,0.0,0.0,0.5296207181792695,0.0,0,10
A_well_specified,10,8,input_dependent_nonordinal,2,1222,0.9157119476268413,2.013911620294599,2.013911620294599,0,0.6127601964573984,0.048637684308830004,0.03596207432269344,0.048637684308830004,0,100
A_well_specified,10,8,input_dependent_nonordinal,1,1165,0.8849785407725322,1.7493562231759656,1.7493562231759656,0,0.5203573007793083,0.03392784209056275,-0.03046426340020414,0.03392784209056275,0,100
A_well_specified,10,8,input_dependent_nonordinal,3,1182,0.9441624365482234,2.081218274111675,2.081218274111675,0,0.6897347766841827,0.05209449263857934,0.05712658850853153,0.05209449263857934,0,100
A_well_specified,10,8,input_dependent_nonordinal,4,1162,0.8889845094664371,1.6110154905335627,1.6110154905335627,0,0.7518931894793394,0.044297866775021406,-0.0419996615983661,0.044297866775021406,0,100
A_well_specified,10,8,input_dependent_nonordinal,0,269,0.8178438661710037,1.2825278810408922,1.2825278810408922,0,0.45244320518489706,0.025833370543630618,-0.05423470102777467,0.025833370543630618,0,10
A_well_specified,10,8,input_dependent_ordinal,2,1222,0.9206219312602292,2.03518821603928,2.03518821603928,0,0.6015361869869464,0.04293410215116026,0.04559762120213551,0.04293410215116026,0,100
A_well_specified,10,8,input_dependent_ordinal,1,1165,0.8832618025751073,1.7587982832618025,1.7587982832618025,0,0.5268745393613427,0.036736553433332875,-0.033819033245687025,0.036736553433332875,0,100
A_well_specified,10,8,input_dependent_ordinal,3,1182,0.939932318104907,2.0795262267343486,2.0795262267343486,0,0.6840270412377635,0.04563243706655428,0.05067205275646236,0.04563243706655428,0,100
A_well_specified,10,8,input_dependent_ordinal,4,1162,0.8881239242685026,1.5912220309810672,1.5912220309810672,0,0.7603691639667798,0.05170921691948509,-0.04574195516881574,0.05170921691948509,0,100
A_well_specified,10,8,input_dependent_ordinal,0,269,0.8215613382899628,1.2825278810408922,1.2825278810408922,0,0.4567546300884954,0.03345289033896911,-0.03519014974280826,0.03345289033896911,0,10
A_well_specified,10,9,independent_mondrian,3,1196,0.9180602006688964,2.4381270903010033,2.4381270903010033,0,0.0,0.0,0.7602947385759168,0.0,0,100
A_well_specified,10,9,independent_mondrian,1,1215,0.9185185185185185,2.494650205761317,2.494650205761317,0,0.0,0.0,0.5930395656975184,0.0,0,100
A_well_specified,10,9,independent_mondrian,4,1147,0.953792502179599,1.7367044463818657,1.7367044463818657,0,0.0,0.0,0.9659764522294153,0.0,0,100
A_well_specified,10,9,independent_mondrian,2,1209,0.9164598842018197,2.5128205128205128,2.5128205128205128,0,0.0,0.0,0.7090074028856328,0.0,0,100
A_well_specified,10,9,independent_mondrian,0,233,0.9957081545064378,1.536480686695279,1.536480686695279,0,0.0,0.0,0.872862680088188,0.0,0,10
A_well_specified,10,9,ordinal_cluster,3,1196,0.919732441471572,2.30685618729097,2.30685618729097,0,0.0,0.0,0.7663084742913827,0.0,0,100
A_well_specified,10,9,ordinal_cluster,1,1215,0.9366255144032922,2.1127572016460907,2.1127572016460907,0,0.0,0.0,0.6472533263689895,0.0,0,100
A_well_specified,10,9,ordinal_cluster,4,1147,0.9311246730601569,1.7079337401918047,1.7079337401918047,0,0.0,0.0,0.8537841011079259,0.0,0,100
A_well_specified,10,9,ordinal_cluster,2,1209,0.8999172870140613,2.3763440860215055,2.3763440860215055,0,0.0,0.0,0.6593503872718514,0.0,0,100
A_well_specified,10,9,ordinal_cluster,0,233,0.944206008583691,1.5236051502145922,1.5236051502145922,0,0.0,0.0,0.5930395656975184,0.0,0,10
A_well_specified,10,9,input_dependent_nonordinal,3,1196,0.9331103678929766,2.1622073578595318,2.1622073578595318,0,0.7041247871034425,0.047152157111571336,0.04741584786212949,0.047152157111571336,0,100
A_well_specified,10,9,input_dependent_nonordinal,1,1215,0.9004115226337449,2.016460905349794,2.016460905349794,0,0.5439871420219038,0.03750699575480839,-0.0039714315509969955,0.03750699575480839,0,100
A_well_specified,10,9,input_dependent_nonordinal,4,1147,0.9206625980819529,1.6329555361813426,1.6329555361813426,0,0.7559951094558465,0.05339590140414464,0.03441058909360328,0.05339590140414464,0,100
A_well_specified,10,9,input_dependent_nonordinal,2,1209,0.9371381306865177,2.1786600496277915,2.1786600496277915,0,0.6219041109481184,0.03609075055017854,0.06144853653227755,0.03609075055017854,0,100
A_well_specified,10,9,input_dependent_nonordinal,0,233,0.944206008583691,1.4034334763948497,1.4034334763948497,0,0.5153520547309381,0.0433926188554955,0.04281113804197545,0.0433926188554955,0,10
A_well_specified,10,9,input_dependent_ordinal,3,1196,0.9347826086956522,2.150501672240803,2.150501672240803,0,0.6994591048928385,0.04776627269504866,0.05397230292209293,0.04776627269504865,0,100
A_well_specified,10,9,input_dependent_ordinal,1,1215,0.9004115226337449,2.0559670781893002,2.0559670781893002,0,0.5537207504793257,0.03723990028847444,-0.013677986085644522,0.03723990028847444,0,100
A_well_specified,10,9,input_dependent_ordinal,4,1147,0.9171752397558849,1.6303400174367917,1.6303400174367917,0,0.7562928422245616,0.05030169752428139,0.02286698073928456,0.050301697524281375,0,100
A_well_specified,10,9,input_dependent_ordinal,2,1209,0.9330024813895782,2.1712158808933,2.1712158808933,0,0.6262801058986983,0.04103369821500818,0.047516415361103626,0.04103369821500818,0,100
A_well_specified,10,9,input_dependent_ordinal,0,233,0.9742489270386266,1.4334763948497855,1.4334763948497855,0,0.4758827359403552,0.0322683006554005,0.12560099781271805,0.0322683006554005,0,10
A_well_specified,10,10,independent_mondrian,1,1215,0.8255144032921811,1.9045267489711935,1.9045267489711935,0,0.0,0.0,0.45151207082933414,0.0,0,100
A_well_specified,10,10,independent_mondrian,3,1168,0.901541095890411,2.3253424657534247,2.3253424657534247,0,0.0,0.0,0.7156862376619101,0.0,0,100
A_well_specified,10,10,independent_mondrian,4,1163,0.9183147033533964,1.6629406706792778,1.6629406706792778,0,0.0,0.0,0.8596063763537464,0.0,0,100
A_well_specified,10,10,independent_mondrian,2,1200,0.9366666666666666,2.105,2.105,0,0.0,0.0,0.7210081185025979,0.0,0,100
A_well_specified,10,10,independent_mondrian,0,254,0.9015748031496063,1.169291338582677,1.169291338582677,0,0.0,0.0,0.4732974321065556,0.0,0,10
A_well_specified,10,10,ordinal_cluster,1,1215,0.8962962962962963,1.9020576131687243,1.9020576131687243,0,0.0,0.0,0.5726560110729855,0.0,0,100
A_well_specified,10,10,ordinal_cluster,3,1168,0.9178082191780822,2.2260273972602738,2.2260273972602738,0,0.0,0.0,0.7648069379435288,0.0,0,100
A_well_specified,10,10,ordinal_cluster,4,1163,0.8899398108340498,1.6689595872742906,1.6689595872742906,0,0.0,0.0,0.772649599428912,0.0,0,100
A_well_specified,10,10,ordinal_cluster,2,1200,0.9141666666666667,2.2083333333333335,2.2083333333333335,0,0.0,0.0,0.663954685872844,0.0,0,100
A_well_specified,10,10,ordinal_cluster,0,254,0.889763779527559,1.2913385826771653,1.2913385826771653,0,0.0,0.0,0.45151207082933414,0.0,0,10
A_well_specified,10,10,input_dependent_nonordinal,1,1215,0.8938271604938272,1.7613168724279835,1.7613168724279835,0,0.5466118380773948,0.044434049596654104,-0.008541039451129023,0.044434049596654104,0,100
A_well_specified,10,10,input_dependent_nonordinal,3,1168,0.9195205479452054,2.154109589041096,2.154109589041096,0,0.657763714665475,0.03611263534475409,0.05794485811025096,0.03611263534475409,0,100
A_well_specified,10,10,input_dependent_nonordinal,4,1163,0.9122957867583835,1.6130696474634565,1.6130696474634565,0,0.7708842895377418,0.04914611413190848,0.01652240645885228,0.04914611413190848,0,100
A_well_specified,10,10,input_dependent_nonordinal,2,1200,0.9466666666666667,2.0725,2.0725,0,0.60900094781195,0.03905042578457481,0.06814454433610273,0.03905042578457481,0,100
A_well_specified,10,10,input_dependent_nonordinal,0,254,0.6692913385826772,1.0551181102362204,1.0551181102362204,0,0.4344159284673508,0.017895492018332695,-0.15876736828031135,0.017895492018332695,0,10
A_well_specified,10,10,input_dependent_ordinal,1,1215,0.8773662551440329,1.7777777777777777,1.7777777777777777,0,0.5365863346324515,0.036895252069566634,-0.02550848627248764,0.036895252069566634,0,100
A_well_specified,10,10,input_dependent_ordinal,3,1168,0.9152397260273972,2.1472602739726026,2.1472602739726026,0,0.6850635915690698,0.04241677634494059,0.025494895064422263,0.04241677634494059,0,100
A_well_specified,10,10,input_dependent_ordinal,4,1163,0.9157351676698194,1.6010318142734308,1.6010318142734308,0,0.7571533493284183,0.04626831854451266,0.03325430799758422,0.046268318544512674,0,100
A_well_specified,10,10,input_dependent_ordinal,2,1200,0.9458333333333333,2.0458333333333334,2.0458333333333334,0,0.60171887911919,0.03939339987479143,0.07487228021622871,0.03939339987479143,0,100
A_well_specified,10,10,input_dependent_ordinal,0,254,0.6653543307086615,1.0236220472440944,1.0236220472440944,0,0.4540482415936882,0.03128650115578469,-0.15590893305295667,0.03128650115578469,0,10
A_well_specified,10,11,independent_mondrian,1,1192,0.9194630872483222,2.6057046979865772,2.6057046979865772,0,0.0,0.0,0.6015280494200004,0.0,0,100
A_well_specified,10,11,independent_mondrian,4,1162,0.9251290877796902,1.7925989672977625,1.7925989672977625,0,0.0,0.0,0.8636547072485378,0.0,0,100
A_well_specified,10,11,independent_mondrian,2,1175,0.96,2.4663829787234044,2.4663829787234044,0,0.0,0.0,0.8693965504703892,0.0,0,100
A_well_specified,10,11,independent_mondrian,3,1200,0.9266666666666666,2.5175,2.5175,0,0.0,0.0,0.7725915243002105,0.0,0,100
A_well_specified,10,11,independent_mondrian,0,271,0.988929889298893,1.5608856088560885,1.5608856088560885,0,0.0,0.0,0.7904392759430976,0.0,0,10
A_well_specified,10,11,ordinal_cluster,1,1192,0.9412751677852349,2.2172818791946307,2.2172818791946307,0,0.0,0.0,0.684105907554426,0.0,0,100
A_well_specified,10,11,ordinal_cluster,4,1162,0.9010327022375215,1.716867469879518,1.716867469879518,0,0.0,0.0,0.7999628380066636,0.0,0,100
A_well_specified,10,11,ordinal_cluster,2,1175,0.9361702127659575,2.4306382978723406,2.4306382978723406,0,0.0,0.0,0.7128360467655235,0.0,0,100
A_well_specified,10,11,ordinal_cluster,3,1200,0.9391666666666667,2.35,2.35,0,0.0,0.0,0.8002821505305018,0.0,0,100
A_well_specified,10,11,ordinal_cluster,0,271,0.9520295202952029,1.6199261992619927,1.6199261992619927,0,0.0,0.0,0.6015280494200004,0.0,0,10
A_well_specified,10,11,input_dependent_nonordinal,1,1192,0.8884228187919463,2.178691275167785,2.178691275167785,0,0.531800863581457,0.031512874405192653,-0.027909168002862028,0.031512874405192653,0,100
A_well_specified,10,11,input_dependent_nonordinal,4,1162,0.9061962134251291,1.5421686746987953,1.5421686746987953,0,0.7516502857111401,0.03579691357348371,0.014350199042270861,0.03579691357348371,0,100
A_well_specified,10,11,input_dependent_nonordinal,2,1175,0.9617021276595744,2.1029787234042554,2.1029787234042554,0,0.5938219490548592,0.029203158692180164,0.12864607330532907,0.029203158692180164,0,100
A_well_specified,10,11,input_dependent_nonordinal,3,1200,0.88,2.1683333333333334,2.1683333333333334,0,0.6894197893708116,0.0455862420821443,-0.03833219333942672,0.0455862420821443,0,100
A_well_specified,10,11,input_dependent_nonordinal,0,271,0.985239852398524,1.3763837638376384,1.3763837638376384,0,0.42765321710245796,0.018506247354318835,0.27455117022118736,0.018506247354318835,0,10
A_well_specified,10,11,input_dependent_ordinal,1,1192,0.8783557046979866,2.1199664429530203,2.1199664429530203,0,0.5268786688512616,0.029136221695395887,-0.03210424890344343,0.029136221695395887,0,100
A_well_specified,10,11,input_dependent_ordinal,4,1162,0.9165232358003442,1.56368330464716,1.56368330464716,0,0.7536013734272216,0.04056195382998335,0.02610528264532075,0.04056195382998335,0,100
A_well_specified,10,11,input_dependent_ordinal,2,1175,0.9574468085106383,2.1131914893617023,2.1131914893617023,0,0.601715418453244,0.03353584871960005,0.11022997198277218,0.03353584871960005,0,100
A_well_specified,10,11,input_dependent_ordinal,3,1200,0.8941666666666667,2.180833333333333,2.180833333333333,0,0.6829509242050537,0.03648988537713156,-0.022791161422884954,0.03648988537713156,0,100
A_well_specified,10,11,input_dependent_ordinal,0,271,0.985239852398524,1.3653136531365313,1.3653136531365313,0,0.43178277121124053,0.02544562005793188,0.25519288232700177,0.02544562005793188,0,10
A_well_specified,10,12,independent_mondrian,2,1251,0.9456434852118305,2.0799360511590725,2.0799360511590725,0,0.0,0.0,0.748581112103342,0.0,0,100
A_well_specified,10,12,independent_mondrian,3,1159,0.8697152717860225,2.249352890422778,2.249352890422778,0,0.0,0.0,0.6432359012694139,0.0,0,100
A_well_specified,10,12,independent_mondrian,1,1206,0.9137645107794361,1.972636815920398,1.972636815920398,0,0.0,0.0,0.5671527544887041,0.0,0,100
A_well_specified,10,12,independent_mondrian,0,227,0.8546255506607929,1.4096916299559472,1.4096916299559472,0,0.0,0.0,0.46277899583279325,0.0,0,10
A_well_specified,10,12,independent_mondrian,4,1157,0.8859118409680208,1.5747623163353501,1.5747623163353501,0,0.0,0.0,0.7461200963033349,0.0,0,100
A_well_specified,10,12,ordinal_cluster,2,1251,0.8976818545163869,2.1662669864108715,2.1662669864108715,0,0.0,0.0,0.6432359012694139,0.0,0,100
A_well_specified,10,12,ordinal_cluster,3,1159,0.8955996548748921,2.101811906816221,2.101811906816221,0,0.0,0.0,0.6894048018357251,0.0,0,100
A_well_specified,10,12,ordinal_cluster,1,1206,0.9353233830845771,1.9975124378109452,1.9975124378109452,0,0.0,0.0,0.6178088644588867,0.0,0,100
A_well_specified,10,12,ordinal_cluster,0,227,0.9118942731277533,1.5198237885462555,1.5198237885462555,0,0.0,0.0,0.5630546395525623,0.0,0,10
A_well_specified,10,12,ordinal_cluster,4,1157,0.8591184096802075,1.5462402765773553,1.5462402765773553,0,0.0,0.0,0.6696019482036716,0.0,0,100
A_well_specified,10,12,input_dependent_nonordinal,2,1251,0.8888888888888888,1.9408473221422862,1.9408473221422862,0,0.6221360936773862,0.042283814027161304,-0.039587087342707716,0.042283814027161304,0,100
A_well_specified,10,12,input_dependent_nonordinal,3,1159,0.8783433994823123,1.9542709232096636,1.9542709232096636,0,0.6552303396447536,0.032357284149944224,0.0008947132148627857,0.032357284149944224,0,100
A_well_specified,10,12,input_dependent_nonordinal,1,1206,0.8897180762852405,1.7238805970149254,1.7238805970149254,0,0.5137459596419887,0.03014629901488111,-0.015418090265380685,0.03014629901488111,0,100
A_well_specified,10,12,input_dependent_nonordinal,0,227,0.8810572687224669,1.3171806167400881,1.3171806167400881,0,0.4904505408620823,0.03553985248771477,-0.027738470479969857,0.03553985248771477,0,10
A_well_specified,10,12,input_dependent_nonordinal,4,1157,0.8764044943820225,1.5237683664649957,1.5237683664649957,0,0.7593252342015172,0.05204998881371201,-0.05552833352011105,0.052049988813712,0,100
A_well_specified,10,12,input_dependent_ordinal,2,1251,0.8840927258193445,1.9432454036770583,1.9432454036770583,0,0.6006477466148488,0.036819548709212,-0.03293127082162195,0.036819548709212,0,100
A_well_specified,10,12,input_dependent_ordinal,3,1159,0.8852459016393442,1.9344262295081966,1.9344262295081966,0,0.6754180250504017,0.04041816778543266,0.0013530944873647588,0.04041816778543266,0,100
A_well_specified,10,12,input_dependent_ordinal,1,1206,0.896351575456053,1.7122719734660032,1.7122719734660032,0,0.5277998530115443,0.0325439802009101,-0.019275617324869404,0.0325439802009101,0,100
A_well_specified,10,12,input_dependent_ordinal,0,227,0.8678414096916299,1.330396475770925,1.330396475770925,0,0.4665469536256108,0.02892176101454764,-0.01960189977412441,0.02892176101454764,0,10
A_well_specified,10,12,input_dependent_ordinal,4,1157,0.8712186689714779,1.5306828003457218,1.5306828003457218,0,0.7497323565801615,0.04638976890579806,-0.05924628605534227,0.04638976890579807,0,100
A_well_specified,10,13,independent_mondrian,2,1178,0.9032258064516129,2.4108658743633278,2.4108658743633278,0,0.0,0.0,0.6571955022445263,0.0,0,100
A_well_specified,10,13,independent_mondrian,1,1237,0.8973322554567502,2.4244139046079223,2.4244139046079223,0,0.0,0.0,0.5527145471488414,0.0,0,100
A_well_specified,10,13,independent_mondrian,4,1169,0.9230111206159111,1.776732249786142,1.776732249786142,0,0.0,0.0,0.8238500888948814,0.0,0,100
A_well_specified,10,13,independent_mondrian,3,1167,0.9451585261353899,2.299057412167952,2.299057412167952,0,0.0,0.0,0.8566514774723064,0.0,0,100
A_well_specified,10,13,independent_mondrian,0,249,0.9879518072289156,1.4578313253012047,1.4578313253012047,0,0.0,0.0,0.8526681999293032,0.0,0,10
A_well_specified,10,13,ordinal_cluster,2,1178,0.8904923599320883,2.2453310696095077,2.2453310696095077,0,0.0,0.0,0.6188520334992663,0.0,0,100
A_well_specified,10,13,ordinal_cluster,1,1237,0.9151172190784155,1.9902991107518189,1.9902991107518189,0,0.0,0.0,0.5902715923559525,0.0,0,100
A_well_specified,10,13,ordinal_cluster,4,1169,0.9230111206159111,1.6663815226689478,1.6663815226689478,0,0.0,0.0,0.8238500888948814,0.0,0,100
A_well_specified,10,13,ordinal_cluster,3,1167,0.9074550128534704,2.2116538131962296,2.2116538131962296,0,0.0,0.0,0.7479203340635757,0.0,0,100
A_well_specified,10,13,ordinal_cluster,0,249,0.9116465863453815,1.4337349397590362,1.4337349397590362,0,0.0,0.0,0.5729045669997239,0.0,0,10
A_well_specified,10,13,input_dependent_nonordinal,2,1178,0.8769100169779287,2.057724957555178,2.057724957555178,0,0.6135038014539173,0.059012806863981165,-0.028994960666550385,0.059012806863981165,0,100
A_well_specified,10,13,input_dependent_nonordinal,1,1237,0.9013742926434923,1.9749393694421988,1.9749393694421988,0,0.5391547583713323,0.04047443184490526,-0.011200048072436158,0.040474431844905276,0,100
A_well_specified,10,13,input_dependent_nonordinal,4,1169,0.9195893926432849,1.6458511548331907,1.6458511548331907,0,0.7644929840060217,0.04245228719393642,0.020342515107272585,0.04245228719393642,0,100
A_well_specified,10,13,input_dependent_nonordinal,3,1167,0.9091688089117395,2.0616966580976865,2.0616966580976865,0,0.6798392988203263,0.04624033205915401,0.03142309060672355,0.04624033205915401,0,100
A_well_specified,10,13,input_dependent_nonordinal,0,249,0.963855421686747,1.4096385542168675,1.4096385542168675,0,0.4512642280215722,0.02098761677795315,0.1929118392594661,0.02098761677795315,0,10
A_well_specified,10,13,input_dependent_ordinal,2,1178,0.8896434634974533,2.0730050933786077,2.0730050933786077,0,0.6033151546013579,0.04318332155728347,-0.019332409550050333,0.04318332155728347,0,100
A_well_specified,10,13,input_dependent_ordinal,1,1237,0.9062247372675829,1.9070331447049313,1.9070331447049313,0,0.5427587555844758,0.04349705612466786,-0.0036792178718245694,0.04349705612466786,0,100
A_well_specified,10,13,input_dependent_ordinal,4,1169,0.9195893926432849,1.6347305389221556,1.6347305389221556,0,0.7672433134157707,0.04840773358276362,0.014945374235776021,0.04840773358276362,0,100
A_well_specified,10,13,input_dependent_ordinal,3,1167,0.9125964010282777,2.053127677806341,2.053127677806341,0,0.6832948235431058,0.04708575846587297,0.03113938503979974,0.04708575846587297,0,100
A_well_specified,10,13,input_dependent_ordinal,0,249,0.9477911646586346,1.4136546184738956,1.4136546184738956,0,0.4634651316170983,0.03896890008647388,0.11022845025842289,0.03896890008647388,0,10
A_well_specified,10,14,independent_mondrian,3,1137,0.9050131926121372,2.252418645558487,2.252418645558487,0,0.0,0.0,0.7160248442596978,0.0,0,100
A_well_specified,10,14,independent_mondrian,1,1206,0.8300165837479271,2.263681592039801,2.263681592039801,0,0.0,0.0,0.46705559637369815,0.0,0,100
A_well_specified,10,14,independent_mondrian,2,1204,0.9102990033222591,2.1843853820598005,2.1843853820598005,0,0.0,0.0,0.6505602988810794,0.0,0,100
A_well_specified,10,14,independent_mondrian,0,261,0.9846743295019157,1.3333333333333333,1.3333333333333333,0,0.0,0.0,0.811741499752463,0.0,0,10
A_well_specified,10,14,independent_mondrian,4,1192,0.9194630872483222,1.6342281879194631,1.6342281879194631,0,0.0,0.0,0.8432955969100548,0.0,0,100
A_well_specified,10,14,ordinal_cluster,3,1137,0.9050131926121372,2.1072999120492524,2.1072999120492524,0,0.0,0.0,0.7133123841346225,0.0,0,100
A_well_specified,10,14,ordinal_cluster,1,1206,0.8971807628524047,1.8349917081260365,1.8349917081260365,0,0.0,0.0,0.5610605521456014,0.0,0,100
A_well_specified,10,14,ordinal_cluster,2,1204,0.8920265780730897,2.1029900332225915,2.1029900332225915,0,0.0,0.0,0.6098474276613542,0.0,0,100
A_well_specified,10,14,ordinal_cluster,0,261,0.8735632183908046,1.3333333333333333,1.3333333333333333,0,0.0,0.0,0.4885248164494835,0.0,0,10
A_well_specified,10,14,ordinal_cluster,4,1192,0.8825503355704698,1.5738255033557047,1.5738255033557047,0,0.0,0.0,0.7236934657108999,0.0,0,100
A_well_specified,10,14,input_dependent_nonordinal,3,1137,0.93051890941073,2.0510114335971856,2.0510114335971856,0,0.6692870217164325,0.0440425211094714,0.03073338531361447,0.0440425211094714,0,100
A_well_specified,10,14,input_dependent_nonordinal,1,1206,0.8706467661691543,1.8482587064676617,1.8482587064676617,0,0.5257224536966707,0.03896972657895336,-0.01851017635702279,0.03896972657895336,0,100
A_well_specified,10,14,input_dependent_nonordinal,2,1204,0.8953488372093024,2.0664451827242525,2.0664451827242525,0,0.6090433637934941,0.0331364003377784,-0.02441122265634771,0.0331364003377784,0,100
A_well_specified,10,14,input_dependent_nonordinal,0,261,0.9808429118773946,1.4137931034482758,1.4137931034482758,0,0.49061836015325855,0.03567707501154912,0.12292905104459162,0.03567707501154912,0,10
A_well_specified,10,14,input_dependent_nonordinal,4,1192,0.9052013422818792,1.561241610738255,1.561241610738255,0,0.7113445983808969,0.04706705905490615,0.04964976821037015,0.04706705905490615,0,100
A_well_specified,10,14,input_dependent_ordinal,3,1137,0.9313984168865436,2.058047493403694,2.058047493403694,0,0.6583128415210328,0.04356622439021648,0.04115544751567113,0.04356622439021648,0,100
A_well_specified,10,14,input_dependent_ordinal,1,1206,0.8698175787728026,1.8582089552238805,1.8582089552238805,0,0.5318708304674554,0.03556548466458304,-0.02933597470575211,0.03556548466458304,0,100
A_well_specified,10,14,input_dependent_ordinal,2,1204,0.8995016611295681,2.0664451827242525,2.0664451827242525,0,0.6036428678122779,0.03866516927381695,-0.006997276606779179,0.03866516927381695,0,100
A_well_specified,10,14,input_dependent_ordinal,0,261,0.9808429118773946,1.4137931034482758,1.4137931034482758,0,0.49600869406576653,0.03532839455331042,0.1185095938654196,0.03532839455331042,0,10
A_well_specified,10,14,input_dependent_ordinal,4,1192,0.9060402684563759,1.5671140939597314,1.5671140939597314,0,0.7201238782147188,0.04527481179293127,0.038443834635034646,0.04527481179293127,0,100
A_well_specified,10,15,independent_mondrian,2,1189,0.8906644238856182,2.2901597981497055,2.2901597981497055,0,0.0,0.0,0.630189455820293,0.0,0,100
A_well_specified,10,15,independent_mondrian,4,1197,0.8095238095238095,1.6532999164578113,1.6532999164578113,0,0.0,0.0,0.6079789685575571,0.0,0,100
A_well_specified,10,15,independent_mondrian,1,1182,0.916243654822335,1.9467005076142132,1.9467005076142132,0,0.0,0.0,0.6333443353482078,0.0,0,100
A_well_specified,10,15,independent_mondrian,3,1195,0.9489539748953975,2.0652719665271966,2.0652719665271966,0,0.0,0.0,0.8585445500313433,0.0,0,100
A_well_specified,10,15,independent_mondrian,0,237,0.8734177215189873,1.5063291139240507,1.5063291139240507,0,0.0,0.0,0.47454230757068355,0.0,0,10
A_well_specified,10,15,ordinal_cluster,2,1189,0.9007569386038689,2.095878889823381,2.095878889823381,0,0.0,0.0,0.6587985836774851,0.0,0,100
A_well_specified,10,15,ordinal_cluster,4,1197,0.8429406850459482,1.481203007518797,1.481203007518797,0,0.0,0.0,0.6587985836774851,0.0,0,100
A_well_specified,10,15,ordinal_cluster,1,1182,0.9137055837563451,2.071912013536379,2.071912013536379,0,0.0,0.0,0.6165200139302006,0.0,0,100
A_well_specified,10,15,ordinal_cluster,3,1195,0.8694560669456067,2.0619246861924685,2.0619246861924685,0,0.0,0.0,0.6361811054276567,0.0,0,100
A_well_specified,10,15,ordinal_cluster,0,237,0.9240506329113924,1.5485232067510548,1.5485232067510548,0,0.0,0.0,0.6116087025674074,0.0,0,10
A_well_specified,10,15,input_dependent_nonordinal,2,1189,0.8788898233809924,2.061396131202691,2.061396131202691,0,0.6085090303520115,0.03347399485830061,-0.023199808479374362,0.03347399485830061,0,100
A_well_specified,10,15,input_dependent_nonordinal,4,1197,0.87468671679198,1.5889724310776943,1.5889724310776943,0,0.7537692419095072,0.0423207959767637,-0.03218440990290794,0.0423207959767637,0,100
A_well_specified,10,15,input_dependent_nonordinal,1,1182,0.9103214890016921,1.838409475465313,1.838409475465313,0,0.5328986028204926,0.03223161065291772,0.022109806857641856,0.03223161065291772,0,100
A_well_specified,10,15,input_dependent_nonordinal,3,1195,0.9380753138075314,2.062761506276151,2.062761506276151,0,0.6854996187857685,0.04564014745527935,0.08523687948541714,0.04564014745527935,0,100
A_well_specified,10,15,input_dependent_nonordinal,0,237,0.7932489451476793,1.248945147679325,1.248945147679325,0,0.5026184660532554,0.07371375362694188,-0.04968982295964225,0.07371375362694188,0,10
A_well_specified,10,15,input_dependent_ordinal,2,1189,0.8847771236333053,2.0706476030277545,2.0706476030277545,0,0.6033831884557544,0.038502396815221114,-0.006191633177142664,0.038502396815221114,0,100
A_well_specified,10,15,input_dependent_ordinal,4,1197,0.8713450292397661,1.5931495405179616,1.5931495405179616,0,0.7496228463086319,0.040835735871529055,-0.033887120790231984,0.04083573587152905,0,100
A_well_specified,10,15,input_dependent_ordinal,1,1182,0.9153976311336718,1.8197969543147208,1.8197969543147208,0,0.5440330780366969,0.03821597921609828,0.027966201781223998,0.03821597921609828,0,100
A_well_specified,10,15,input_dependent_ordinal,3,1195,0.9389121338912134,2.066945606694561,2.066945606694561,0,0.689148801374426,0.041357252012356994,0.07785576095132363,0.041357252012356994,0,100
A_well_specified,10,15,input_dependent_ordinal,0,237,0.8354430379746836,1.3248945147679325,1.3248945147679325,0,0.46402790814751793,0.0391076233639982,-0.03233973367323545,0.0391076233639982,0,10
A_well_specified,10,16,independent_mondrian,2,1241,0.8912167606768735,2.2312651087832394,2.2312651087832394,0,0.0,0.0,0.6412036933187455,0.0,0,100
A_well_specified,10,16,independent_mondrian,3,1143,0.9195100612423447,2.2449693788276464,2.2449693788276464,0,0.0,0.0,0.7654301364403584,0.0,0,100
A_well_specified,10,16,independent_mondrian,1,1190,0.8899159663865546,2.192436974789916,2.192436974789916,0,0.0,0.0,0.5348776735582335,0.0,0,100
A_well_specified,10,16,independent_mondrian,4,1196,0.9147157190635451,1.6555183946488294,1.6555183946488294,0,0.0,0.0,0.8555443989124508,0.0,0,100
A_well_specified,10,16,independent_mondrian,0,230,0.9652173913043478,1.3782608695652174,1.3782608695652174,0,0.0,0.0,0.711792314183948,0.0,0,10
A_well_specified,10,16,ordinal_cluster,2,1241,0.8807413376309428,2.1990330378726832,2.1990330378726832,0,0.0,0.0,0.6087947640828034,0.0,0,100
A_well_specified,10,16,ordinal_cluster,3,1143,0.9168853893263342,2.167979002624672,2.167979002624672,0,0.0,0.0,0.7555468651605104,0.0,0,100
A_well_specified,10,16,ordinal_cluster,1,1190,0.9058823529411765,1.9151260504201681,1.9151260504201681,0,0.0,0.0,0.5653803866076846,0.0,0,100
A_well_specified,10,16,ordinal_cluster,4,1196,0.8954849498327759,1.6178929765886287,1.6178929765886287,0,0.0,0.0,0.8043739121132513,0.0,0,100
A_well_specified,10,16,ordinal_cluster,0,230,0.9043478260869565,1.3695652173913044,1.3695652173913044,0,0.0,0.0,0.5348776735582335,0.0,0,10
A_well_specified,10,16,input_dependent_nonordinal,2,1241,0.9339242546333602,1.983078162771958,1.983078162771958,0,0.6090794431508368,0.03152444744199319,0.05917936701316856,0.03152444744199319,0,100
A_well_specified,10,16,input_dependent_nonordinal,3,1143,0.8836395450568679,2.036745406824147,2.036745406824147,0,0.6783082006405569,0.04008657951690478,-0.03661804325873996,0.04008657951690478,0,100
A_well_specified,10,16,input_dependent_nonordinal,1,1190,0.8949579831932774,1.8672268907563025,1.8672268907563025,0,0.5556934120037712,0.04314724787727431,-0.02093708794542895,0.04314724787727431,0,100
A_well_specified,10,16,input_dependent_nonordinal,4,1196,0.8704013377926422,1.4949832775919731,1.4949832775919731,0,0.7361114278850063,0.048016507266267244,-0.00867933527876763,0.048016507266267244,0,100
A_well_specified,10,16,input_dependent_nonordinal,0,230,0.9304347826086956,1.3956521739130434,1.3956521739130434,0,0.4577034849295694,0.03472911877902155,0.04274808481401604,0.03472911877902155,0,10
A_well_specified,10,16,input_dependent_ordinal,2,1241,0.9363416599516519,1.975825946817083,1.975825946817083,0,0.607424175871709,0.040345149711447474,0.05860599086968987,0.040345149711447474,0,100
A_well_specified,10,16,input_dependent_ordinal,3,1143,0.8818897637795275,2.0393700787401574,2.0393700787401574,0,0.677204719598311,0.040464882788428344,-0.03482820363469652,0.040464882788428344,0,100
A_well_specified,10,16,input_dependent_ordinal,1,1190,0.8941176470588236,1.8571428571428572,1.8571428571428572,0,0.5483901939394623,0.036531583617896234,-0.027258782860849956,0.03653158361789625,0,100
A_well_specified,10,16,input_dependent_ordinal,4,1196,0.8770903010033445,1.5066889632107023,1.5066889632107023,0,0.7397687009583848,0.044353648698708635,-0.004365899537001283,0.044353648698708635,0,100
A_well_specified,10,16,input_dependent_ordinal,0,230,0.9217391304347826,1.373913043478261,1.373913043478261,0,0.48736841153890487,0.0366271738537877,0.007384764589627002,0.0366271738537877,0,10
A_well_specified,10,17,independent_mondrian,1,1164,0.9286941580756014,2.2216494845360826,2.2216494845360826,0,0.0,0.0,0.634952388022269,0.0,0,100
A_well_specified,10,17,independent_mondrian,3,1198,0.9415692821368948,2.4858096828046743,2.4858096828046743,0,0.0,0.0,0.833475350479581,0.0,0,100
A_well_specified,10,17,independent_mondrian,4,1266,0.9612954186413902,1.8246445497630333,1.8246445497630333,0,0.0,0.0,0.9767819127485825,0.0,0,100
A_well_specified,10,17,independent_mondrian,2,1110,0.9216216216216216,2.5306306306306308,2.5306306306306308,0,0.0,0.0,0.705345666878377,0.0,0,100
A_well_specified,10,17,independent_mondrian,0,262,0.9541984732824428,1.5877862595419847,1.5877862595419847,0,0.0,0.0,0.6164620020920184,0.0,0,10
A_well_specified,10,17,ordinal_cluster,1,1164,0.9381443298969072,2.2079037800687287,2.2079037800687287,0,0.0,0.0,0.6511823412474206,0.0,0,100
A_well_specified,10,17,ordinal_cluster,3,1198,0.9415692821368948,2.4190317195325544,2.4190317195325544,0,0.0,0.0,0.833475350479581,0.0,0,100
A_well_specified,10,17,ordinal_cluster,4,1266,0.9399684044233807,1.7993680884676144,1.7993680884676144,0,0.0,0.0,0.8906403873337133,0.0,0,100
A_well_specified,10,17,ordinal_cluster,2,1110,0.918018018018018,2.4756756756756757,2.4756756756756757,0,0.0,0.0,0.6903287735077596,0.0,0,100
A_well_specified,10,17,ordinal_cluster,0,262,0.9541984732824428,1.6145038167938932,1.6145038167938932,0,0.0,0.0,0.6164620020920184,0.0,0,10
A_well_specified,10,17,input_dependent_nonordinal,1,1164,0.9432989690721649,1.902061855670103,1.902061855670103,0,0.5438814357485059,0.034431729598258395,0.052275451989308774,0.034431729598258395,0,100
A_well_specified,10,17,input_dependent_nonordinal,3,1198,0.9482470784641068,2.1235392320534223,2.1235392320534223,0,0.6899053309653048,0.03858248082638526,0.07509500766695498,0.03858248082638526,0,100
A_well_specified,10,17,input_dependent_nonordinal,4,1266,0.9265402843601895,1.6943127962085307,1.6943127962085307,0,0.7517663203122942,0.057317881308333464,0.022433604446442268,0.057317881308333464,0,100
A_well_specified,10,17,input_dependent_nonordinal,2,1110,0.9009009009009009,2.1693693693693694,2.1693693693693694,0,0.6375296042333793,0.054171060947307566,-0.018517369676054773,0.054171060947307566,0,100
A_well_specified,10,17,input_dependent_nonordinal,0,262,0.9312977099236641,1.5,1.5,0,0.418675295649364,0.016962537171094295,0.08263639498645348,0.016962537171094295,0,10
A_well_specified,10,17,input_dependent_ordinal,1,1164,0.9450171821305842,1.852233676975945,1.852233676975945,0,0.5445572655566906,0.036567332771615106,0.0569957783981444,0.036567332771615106,0,100
A_well_specified,10,17,input_dependent_ordinal,3,1198,0.9482470784641068,2.1118530884808013,2.1118530884808013,0,0.6907794801570208,0.0466582990452433,0.08381113643029642,0.0466582990452433,0,100
A_well_specified,10,17,input_dependent_ordinal,4,1266,0.9265402843601895,1.688783570300158,1.688783570300158,0,0.7629025303030564,0.05758500342909447,0.011846090240876905,0.05758500342909447,0,100
A_well_specified,10,17,input_dependent_ordinal,2,1110,0.9009009009009009,2.18018018018018,2.18018018018018,0,0.6137335304987854,0.0396965514226181,-0.012808098620323838,0.0396965514226181,0,100
A_well_specified,10,17,input_dependent_ordinal,0,262,0.8778625954198473,1.4198473282442747,1.4198473282442747,0,0.4859941654904872,0.03149017722704456,-0.026426498566097245,0.03149017722704456,0,10
A_well_specified,10,18,independent_mondrian,3,1211,0.9314616019818331,2.305532617671346,2.305532617671346,0,0.0,0.0,0.8147950186582364,0.0,0,100
A_well_specified,10,18,independent_mondrian,4,1225,0.9069387755102041,1.7453061224489796,1.7453061224489796,0,0.0,0.0,0.8288943773851937,0.0,0,100
A_well_specified,10,18,independent_mondrian,2,1144,0.9055944055944056,2.382867132867133,2.382867132867133,0,0.0,0.0,0.6537082924389216,0.0,0,100
A_well_specified,10,18,independent_mondrian,1,1167,0.9297343616109683,2.209083119108826,2.209083119108826,0,0.0,0.0,0.6274089330805084,0.0,0,100
A_well_specified,10,18,independent_mondrian,0,253,0.9486166007905138,1.5296442687747036,1.5296442687747036,0,0.0,0.0,0.6534113851363462,0.0,0,10
A_well_specified,10,18,ordinal_cluster,3,1211,0.8976052848885219,2.263418662262593,2.263418662262593,0,0.0,0.0,0.7149814766258192,0.0,0,100
A_well_specified,10,18,ordinal_cluster,4,1225,0.9036734693877551,1.6522448979591837,1.6522448979591837,0,0.0,0.0,0.8147950186582364,0.0,0,100
A_well_specified,10,18,ordinal_cluster,2,1144,0.9082167832167832,2.277097902097902,2.277097902097902,0,0.0,0.0,0.6573795174428875,0.0,0,100
A_well_specified,10,18,ordinal_cluster,1,1167,0.9297343616109683,2.139674378748929,2.139674378748929,0,0.0,0.0,0.6274089330805084,0.0,0,100
A_well_specified,10,18,ordinal_cluster,0,253,0.9446640316205533,1.5256916996047432,1.5256916996047432,0,0.0,0.0,0.6274089330805084,0.0,0,10
A_well_specified,10,18,input_dependent_nonordinal,3,1211,0.9413707679603633,2.1940545004128817,2.1940545004128817,0,0.6819498047530103,0.05288139567171119,0.09027380536356966,0.05288139567171119,0,100
A_well_specified,10,18,input_dependent_nonordinal,4,1225,0.8995918367346939,1.6816326530612244,1.6816326530612244,0,0.7265650799609612,0.041260344927918226,0.03272102003812716,0.041260344927918226,0,100
A_well_specified,10,18,input_dependent_nonordinal,2,1144,0.9379370629370629,2.2482517482517483,2.2482517482517483,0,0.6187137318453027,0.0365171171792144,0.05962300496988193,0.0365171171792144,0,100
A_well_specified,10,18,input_dependent_nonordinal,1,1167,0.9280205655526992,2.0985432733504714,2.0985432733504714,0,0.5263862175636946,0.04895016160393871,0.04942597068688881,0.04895016160393871,0,100
A_well_specified,10,18,input_dependent_nonordinal,0,253,0.9723320158102767,1.4901185770750989,1.4901185770750989,0,0.4709581836794937,0.03125815578633572,0.1721939071976279,0.03125815578633572,0,10
A_well_specified,10,18,input_dependent_ordinal,3,1211,0.9421965317919075,2.1734104046242773,2.1734104046242773,0,0.6709852175430453,0.04524105633154908,0.10293797552633588,0.04524105633154908,0,100
A_well_specified,10,18,input_dependent_ordinal,4,1225,0.9012244897959184,1.6816326530612244,1.6816326530612244,0,0.7376908737982251,0.04450316046475068,0.03121668085372331,0.04450316046475068,0,100
A_well_specified,10,18,input_dependent_ordinal,2,1144,0.9230769230769231,2.254370629370629,2.254370629370629,0,0.6101677662577994,0.04483904746441679,0.043940188099878985,0.04483904746441679,0,100
A_well_specified,10,18,input_dependent_ordinal,1,1167,0.9331619537275064,2.102827763496144,2.102827763496144,0,0.5363965980299819,0.0417717440233483,0.03483973146212477,0.0417717440233483,0,100
A_well_specified,10,18,input_dependent_ordinal,0,253,0.9802371541501976,1.4980237154150198,1.4980237154150198,0,0.47459870879910215,0.045171755482843946,0.20046565107590203,0.045171755482843946,0,10
A_well_specified,10,19,independent_mondrian,2,1222,0.9607201309328969,2.202127659574468,2.202127659574468,0,0.0,0.0,0.8207439856211384,0.0,0,100
A_well_specified,10,19,independent_mondrian,4,1150,0.8860869565217391,1.5947826086956522,1.5947826086956522,0,0.0,0.0,0.7695343766215863,0.0,0,100
A_well_specified,10,19,independent_mondrian,3,1183,0.8503803888419273,2.341504649196957,2.341504649196957,0,0.0,0.0,0.6132787548949281,0.0,0,100
A_well_specified,10,19,independent_mondrian,1,1182,0.949238578680203,1.9576988155668358,1.9576988155668358,0,0.0,0.0,0.6834390027990122,0.0,0,100
A_well_specified,10,19,independent_mondrian,0,263,0.8212927756653993,1.532319391634981,1.532319391634981,0,0.0,0.0,0.349295087924793,0.0,0,10
A_well_specified,10,19,ordinal_cluster,2,1222,0.9124386252045826,2.320785597381342,2.320785597381342,0,0.0,0.0,0.6741721135163549,0.0,0,100
A_well_specified,10,19,ordinal_cluster,4,1150,0.8469565217391304,1.5869565217391304,1.5869565217391304,0,0.0,0.0,0.6815925858200562,0.0,0,100
A_well_specified,10,19,ordinal_cluster,3,1183,0.8977176669484361,2.1589180050718513,2.1589180050718513,0,0.0,0.0,0.7183958864627472,0.0,0,100
A_well_specified,10,19,ordinal_cluster,1,1182,0.9500846023688664,2.149746192893401,2.149746192893401,0,0.0,0.0,0.7006620375626897,0.0,0,100
A_well_specified,10,19,ordinal_cluster,0,263,0.9543726235741445,1.6463878326996197,1.6463878326996197,0,0.0,0.0,0.6245271248705131,0.0,0,10
A_well_specified,10,19,input_dependent_nonordinal,2,1222,0.9378068739770867,2.1546644844517187,2.1546644844517187,0,0.6152031995864735,0.04149949420131763,0.07439860380513802,0.04149949420131763,0,100
A_well_specified,10,19,input_dependent_nonordinal,4,1150,0.9217391304347826,1.602608695652174,1.602608695652174,0,0.7735984087552648,0.0460386162126858,0.05058695140931113,0.0460386162126858,0,100
A_well_specified,10,19,input_dependent_nonordinal,3,1183,0.8765849535080305,2.15469146238377,2.15469146238377,0,0.6602421403814588,0.035769571039606346,-0.026595180300241994,0.035769571039606346,0,100
A_well_specified,10,19,input_dependent_nonordinal,1,1182,0.9382402707275804,1.910321489001692,1.910321489001692,0,0.5407326591986478,0.0344254928251662,0.0537834949839493,0.0344254928251662,0,100
A_well_specified,10,19,input_dependent_nonordinal,0,263,0.8517110266159695,1.3079847908745248,1.3079847908745248,0,0.45549041577762345,0.055584282407180566,0.0021296257568862997,0.055584282407180566,0,10
A_well_specified,10,19,input_dependent_ordinal,2,1222,0.9337152209492635,2.1178396072013093,2.1178396072013093,0,0.6193472396386466,0.039516143249573435,0.06347357768468259,0.039516143249573435,0,100
A_well_specified,10,19,input_dependent_ordinal,4,1150,0.9269565217391305,1.617391304347826,1.617391304347826,0,0.7633203221578743,0.042683763375276185,0.06540591776479943,0.042683763375276185,0,100
A_well_specified,10,19,input_dependent_ordinal,3,1183,0.8799661876584953,2.1453930684699913,2.1453930684699913,0,0.6719117042418493,0.03999197296772949,-0.02785910670155828,0.03999197296772948,0,100
A_well_specified,10,19,input_dependent_ordinal,1,1182,0.934010152284264,1.856175972927242,1.856175972927242,0,0.5368943015731935,0.038382519906467426,0.046453792142502975,0.03838251990646744,0,100
A_well_specified,10,19,input_dependent_ordinal,0,263,0.8250950570342205,1.273764258555133,1.273764258555133,0,0.44806451580672707,0.03817015013210162,-0.04605288194673984,0.03817015013210162,0,10
A_well_specified,10,20,independent_mondrian,2,1223,0.9394930498773508,1.9035159443990188,1.9035159443990188,0,0.0,0.0,0.7128846739195357,0.0,0,100
A_well_specified,10,20,independent_mondrian,1,1201,0.8975853455453788,1.704412989175687,1.704412989175687,0,0.0,0.0,0.5801855229231498,0.0,0,100
A_well_specified,10,20,independent_mondrian,4,1165,0.8163090128755365,1.4051502145922747,1.4051502145922747,0,0.0,0.0,0.593920315012111,0.0,0,100
A_well_specified,10,20,independent_mondrian,3,1143,0.8110236220472441,2.0017497812773404,2.0017497812773404,0,0.0,0.0,0.544682769504346,0.0,0,100
A_well_specified,10,20,independent_mondrian,0,268,0.5447761194029851,1.0932835820895523,1.0932835820895523,0,0.0,0.0,0.21178561872473828,0.0,0,10
A_well_specified,10,20,ordinal_cluster,2,1223,0.9125102207686018,2.0572363041700736,2.0572363041700736,0,0.0,0.0,0.613477834318714,0.0,0,100
A_well_specified,10,20,ordinal_cluster,1,1201,0.9159034138218152,1.9558701082431307,1.9558701082431307,0,0.0,0.0,0.6281406289869316,0.0,0,100
A_well_specified,10,20,ordinal_cluster,4,1165,0.8077253218884121,1.4394849785407726,1.4394849785407726,0,0.0,0.0,0.5804198195115616,0.0,0,100
A_well_specified,10,20,ordinal_cluster,3,1143,0.8600174978127734,1.936132983377078,1.936132983377078,0,0.0,0.0,0.6281406289869316,0.0,0,100
A_well_specified,10,20,ordinal_cluster,0,268,0.8992537313432836,1.492537313432836,1.492537313432836,0,0.0,0.0,0.5737221880251915,0.0,0,10
A_well_specified,10,20,input_dependent_nonordinal,2,1223,0.9304987735077678,1.938675388389207,1.938675388389207,0,0.6100834504631819,0.03841718329502563,0.013271437832711452,0.03841718329502563,0,100
A_well_specified,10,20,input_dependent_nonordinal,1,1201,0.8934221482098251,1.6952539550374688,1.6952539550374688,0,0.5267752691922349,0.04088996578905008,0.016867218318195265,0.04088996578905008,0,100
A_well_specified,10,20,input_dependent_nonordinal,4,1165,0.8626609442060086,1.5030042918454936,1.5030042918454936,0,0.7853894717624524,0.04753447251291384,-0.1146215993661242,0.04753447251291385,0,100
A_well_specified,10,20,input_dependent_nonordinal,3,1143,0.8775153105861767,1.9352580927384078,1.9352580927384078,0,0.6605259681720571,0.04710485347368591,-0.019796877613420416,0.04710485347368591,0,100
A_well_specified,10,20,input_dependent_nonordinal,0,268,0.6977611940298507,1.2388059701492538,1.2388059701492538,0,0.4568736631695186,0.026296200472319578,-0.11602102535736991,0.026296200472319578,0,10
A_well_specified,10,20,input_dependent_ordinal,2,1223,0.9313164349959117,1.9435813573180702,1.9435813573180702,0,0.600328487846116,0.03973937395741199,0.023628965781376854,0.03973937395741199,0,100
A_well_specified,10,20,input_dependent_ordinal,1,1201,0.8984179850124896,1.7327227310574522,1.7327227310574522,0,0.5248867856083919,0.0380630444940842,0.018299887508852364,0.0380630444940842,0,100
A_well_specified,10,20,input_dependent_ordinal,4,1165,0.863519313304721,1.5004291845493563,1.5004291845493563,0,0.7750950577641109,0.049534687133245006,-0.09818616951638698,0.049534687133245006,0,100
A_well_specified,10,20,input_dependent_ordinal,3,1143,0.8748906386701663,1.9387576552930883,1.9387576552930883,0,0.6806965620521596,0.044766355855261585,-0.04613543842165935,0.044766355855261585,0,100
A_well_specified,10,20,input_dependent_ordinal,0,268,0.746268656716418,1.294776119402985,1.294776119402985,0,0.4633757333975671,0.03411341190598946,-0.08241429920044999,0.03411341190598947,0,10
A_well_specified,10,21,independent_mondrian,3,1232,0.9204545454545454,2.239448051948052,2.239448051948052,0,0.0,0.0,0.7377468567365498,0.0,0,100
A_well_specified,10,21,independent_mondrian,4,1174,0.9403747870528109,1.6729131175468483,1.6729131175468483,0,0.0,0.0,0.9262815587329956,0.0,0,100
A_well_specified,10,21,independent_mondrian,0,225,0.8622222222222222,1.3911111111111112,1.3911111111111112,0,0.0,0.0,0.44718730881850766,0.0,0,10
A_well_specified,10,21,independent_mondrian,1,1166,0.9159519725557461,1.7564322469982847,1.7564322469982847,0,0.0,0.0,0.6052936310764437,0.0,0,100
A_well_specified,10,21,independent_mondrian,2,1203,0.8595178719866999,2.2618453865336656,2.2618453865336656,0,0.0,0.0,0.566293935312419,0.0,0,100
A_well_specified,10,21,ordinal_cluster,3,1232,0.9204545454545454,2.2142857142857144,2.2142857142857144,0,0.0,0.0,0.7377468567365498,0.0,0,100
A_well_specified,10,21,ordinal_cluster,4,1174,0.9122657580919932,1.661839863713799,1.661839863713799,0,0.0,0.0,0.8213460024624476,0.0,0,100
A_well_specified,10,21,ordinal_cluster,0,225,0.9644444444444444,1.4088888888888889,1.4088888888888889,0,0.0,0.0,0.5943747567037984,0.0,0,10
A_well_specified,10,21,ordinal_cluster,1,1166,0.8987993138936535,2.0042881646655233,2.0042881646655233,0,0.0,0.0,0.5724374204866669,0.0,0,100
A_well_specified,10,21,ordinal_cluster,2,1203,0.885286783042394,2.2136325852036576,2.2136325852036576,0,0.0,0.0,0.6179616178452623,0.0,0,100
A_well_specified,10,21,input_dependent_nonordinal,3,1232,0.900974025974026,2.211038961038961,2.211038961038961,0,0.6514874072980373,0.02825690651775725,0.02659089762887301,0.02825690651775725,0,100
A_well_specified,10,21,input_dependent_nonordinal,4,1174,0.9378194207836457,1.6294718909710393,1.6294718909710393,0,0.7352792564619853,0.03236683058865299,0.11773526676709134,0.03236683058865299,0,100
A_well_specified,10,21,input_dependent_nonordinal,0,225,0.8177777777777778,1.288888888888889,1.288888888888889,0,0.4647612650460781,0.041112527769385024,-0.05097765253626951,0.041112527769385024,0,10
A_well_specified,10,21,input_dependent_nonordinal,1,1166,0.9399656946826758,1.8181818181818181,1.8181818181818181,0,0.5492980893883815,0.04790003240872682,0.059423071097918,0.04790003240872682,0,100
A_well_specified,10,21,input_dependent_nonordinal,2,1203,0.9110556940980881,2.0955943474646714,2.0955943474646714,0,0.5985314875948552,0.033336159911928114,0.014489416502328267,0.033336159911928114,0,100
A_well_specified,10,21,input_dependent_ordinal,3,1232,0.9066558441558441,2.216720779220779,2.216720779220779,0,0.6710760994653389,0.03325302644985168,0.018056780072241763,0.03325302644985168,0,100
A_well_specified,10,21,input_dependent_ordinal,4,1174,0.9361158432708688,1.6277683134582623,1.6277683134582623,0,0.727226311304132,0.028858959055284388,0.1268964688473021,0.028858959055284388,0,100
A_well_specified,10,21,input_dependent_ordinal,0,225,0.8222222222222222,1.288888888888889,1.288888888888889,0,0.48031738609667773,0.04870873478782545,-0.0517092479019563,0.04870873478782545,0,10
A_well_specified,10,21,input_dependent_ordinal,1,1166,0.9313893653516295,1.8413379073756433,1.8413379073756433,0,0.5455926311992828,0.04124758853422791,0.050544511161468964,0.04124758853422791,0,100
A_well_specified,10,21,input_dependent_ordinal,2,1203,0.9118869492934331,2.1022443890274314,2.1022443890274314,0,0.5878806493693508,0.03637233380039583,0.029241130423871775,0.03637233380039583,0,100
A_well_specified,10,22,independent_mondrian,1,1131,0.9372236958443855,1.7922192749778956,1.7922192749778956,0,0.0,0.0,0.6658923219878121,0.0,0,100
A_well_specified,10,22,independent_mondrian,2,1203,0.9077306733167082,2.1238570241064005,2.1238570241064005,0,0.0,0.0,0.6312314375369145,0.0,0,100
A_well_specified,10,22,independent_mondrian,3,1145,0.8419213973799127,2.0838427947598253,2.0838427947598253,0,0.0,0.0,0.6158191333895928,0.0,0,100
A_well_specified,10,22,independent_mondrian,4,1288,0.8757763975155279,1.5,1.5,0,0.0,0.0,0.7169489968416249,0.0,0,100
A_well_specified,10,22,independent_mondrian,0,233,0.8111587982832618,1.4592274678111588,1.4592274678111588,0,0.0,0.0,0.4317042790249967,0.0,0,10
A_well_specified,10,22,ordinal_cluster,1,1131,0.9151193633952255,1.8983200707338639,1.8983200707338639,0,0.0,0.0,0.6076967973105082,0.0,0,100
A_well_specified,10,22,ordinal_cluster,2,1203,0.9002493765586035,2.083956774729842,2.083956774729842,0,0.0,0.0,0.6158191333895928,0.0,0,100
A_well_specified,10,22,ordinal_cluster,3,1145,0.8541484716157205,2.033187772925764,2.033187772925764,0,0.0,0.0,0.6447301475401191,0.0,0,100
A_well_specified,10,22,ordinal_cluster,4,1288,0.8625776397515528,1.5131987577639752,1.5131987577639752,0,0.0,0.0,0.6802521898461844,0.0,0,100
A_well_specified,10,22,ordinal_cluster,0,233,0.9098712446351931,1.4377682403433476,1.4377682403433476,0,0.0,0.0,0.5409512720257078,0.0,0,10
A_well_specified,10,22,input_dependent_nonordinal,1,1131,0.883289124668435,1.6772767462422635,1.6772767462422635,0,0.5351490187991782,0.040120404781834255,-0.012670227113132815,0.040120404781834255,0,100
A_well_specified,10,22,input_dependent_nonordinal,2,1203,0.9068994181213632,1.916043225270158,1.916043225270158,0,0.5799335714623088,0.04003892852840808,0.026204017863949214,0.04003892852840808,0,100
A_well_specified,10,22,input_dependent_nonordinal,3,1145,0.880349344978166,2.010480349344978,2.010480349344978,0,0.7014683776104027,0.05361279560579842,-0.02899268289177581,0.05361279560579842,0,100
A_well_specified,10,22,input_dependent_nonordinal,4,1288,0.890527950310559,1.5326086956521738,1.5326086956521738,0,0.7567092477211078,0.045917632303089616,-0.03407516025976853,0.045917632303089616,0,100
A_well_specified,10,22,input_dependent_nonordinal,0,233,0.721030042918455,1.1759656652360515,1.1759656652360515,0,0.4612857583885523,0.024647524242553877,-0.12309861192389643,0.024647524242553877,0,10
A_well_specified,10,22,input_dependent_ordinal,1,1131,0.8806366047745358,1.6613616268788682,1.6613616268788682,0,0.5269713790509819,0.03821940070065771,-0.012355547100989961,0.03821940070065771,0,100
A_well_specified,10,22,input_dependent_ordinal,2,1203,0.9077306733167082,1.9010806317539484,1.9010806317539484,0,0.5972428450977835,0.04032429386610551,0.008977257738581379,0.04032429386610551,0,100
A_well_specified,10,22,input_dependent_ordinal,3,1145,0.8733624454148472,1.9965065502183406,1.9965065502183406,0,0.6905706489332384,0.04838366765212651,-0.03603760345802853,0.04838366765212651,0,100
A_well_specified,10,22,input_dependent_ordinal,4,1288,0.8889751552795031,1.514751552795031,1.514751552795031,0,0.7583235417810975,0.050018805493945225,-0.03518893918395949,0.050018805493945225,0,100
A_well_specified,10,22,input_dependent_ordinal,0,233,0.6695278969957081,1.1158798283261802,1.1158798283261802,0,0.4636013685719155,0.03428639821015264,-0.14010510257554545,0.034286398210152655,0,10
A_well_specified,10,23,independent_mondrian,2,1182,0.9086294416243654,2.410321489001692,2.410321489001692,0,0.0,0.0,0.6695744640834698,0.0,0,100
A_well_specified,10,23,independent_mondrian,3,1160,0.95,2.2655172413793103,2.2655172413793103,0,0.0,0.0,0.823593391007921,0.0,0,100
A_well_specified,10,23,independent_mondrian,1,1185,0.9240506329113924,2.378902953586498,2.378902953586498,0,0.0,0.0,0.609118286497509,0.0,0,100
A_well_specified,10,23,independent_mondrian,4,1217,0.9104354971240756,1.761709120788825,1.761709120788825,0,0.0,0.0,0.7444819387028255,0.0,0,100
A_well_specified,10,23,independent_mondrian,0,256,0.98046875,1.56640625,1.56640625,0,0.0,0.0,0.8001223211239178,0.0,0,10
A_well_specified,10,23,ordinal_cluster,2,1182,0.9263959390862944,2.3409475465313028,2.3409475465313028,0,0.0,0.0,0.712308280653799,0.0,0,100
A_well_specified,10,23,ordinal_cluster,3,1160,0.928448275862069,2.3025862068965517,2.3025862068965517,0,0.0,0.0,0.749560344381222,0.0,0,100
A_well_specified,10,23,ordinal_cluster,1,1185,0.9367088607594937,2.207594936708861,2.207594936708861,0,0.0,0.0,0.6381546381595999,0.0,0,100
A_well_specified,10,23,ordinal_cluster,4,1217,0.9129005751848809,1.7058340180772391,1.7058340180772391,0,0.0,0.0,0.7525839102687303,0.0,0,100
A_well_specified,10,23,ordinal_cluster,0,256,0.953125,1.58203125,1.58203125,0,0.0,0.0,0.625163147955446,0.0,0,10
A_well_specified,10,23,input_dependent_nonordinal,2,1182,0.9467005076142132,2.188663282571912,2.188663282571912,0,0.6237156307313877,0.043499671622538406,0.08783349719800865,0.043499671622538406,0,100
A_well_specified,10,23,input_dependent_nonordinal,3,1160,0.9448275862068966,2.1344827586206896,2.1344827586206896,0,0.6432425293343901,0.02265148805483265,0.11313923575397578,0.02265148805483265,0,100
A_well_specified,10,23,input_dependent_nonordinal,1,1185,0.9333333333333333,1.9831223628691983,1.9831223628691983,0,0.5028394772257171,0.034344894807767784,0.06383834818991763,0.034344894807767784,0,100
A_well_specified,10,23,input_dependent_nonordinal,4,1217,0.8816762530813476,1.6746096959737058,1.6746096959737058,0,0.7679218365784511,0.0561493155608606,-0.06613502335099214,0.0561493155608606,0,100
A_well_specified,10,23,input_dependent_nonordinal,0,256,0.95703125,1.49609375,1.49609375,0,0.4384817871315931,0.030344046892994952,0.0977261958595309,0.030344046892994952,0,10
A_well_specified,10,23,input_dependent_ordinal,2,1182,0.9416243654822335,2.1353637901861253,2.1353637901861253,0,0.5963487546171875,0.0373400412386834,0.10184189585534442,0.0373400412386834,0,100
A_well_specified,10,23,input_dependent_ordinal,3,1160,0.9422413793103448,2.0905172413793105,2.0905172413793105,0,0.6757925473102343,0.0383543628591215,0.0675434427730468,0.0383543628591215,0,100
A_well_specified,10,23,input_dependent_ordinal,1,1185,0.9341772151898734,1.9831223628691983,1.9831223628691983,0,0.510974064299721,0.03320309230076179,0.05875758174498569,0.03320309230076179,0,100
A_well_specified,10,23,input_dependent_ordinal,4,1217,0.8693508627773213,1.6343467543138865,1.6343467543138865,0,0.7566324760808829,0.044521116519681984,-0.08802244345095972,0.04452111651968198,0,100
A_well_specified,10,23,input_dependent_ordinal,0,256,0.95703125,1.4921875,1.4921875,0,0.4376438475100076,0.028744685289711167,0.10561342503532634,0.028744685289711167,0,10
A_well_specified,10,24,independent_mondrian,2,1208,0.9114238410596026,1.9114238410596027,1.9114238410596027,0,0.0,0.0,0.66679952665523,0.0,0,100
A_well_specified,10,24,independent_mondrian,3,1091,0.8221814848762603,1.9871677360219981,1.9871677360219981,0,0.0,0.0,0.5692057040658194,0.0,0,100
A_well_specified,10,24,independent_mondrian,4,1229,0.855166802278275,1.417412530512612,1.417412530512612,0,0.0,0.0,0.6411928124382765,0.0,0,100
A_well_specified,10,24,independent_mondrian,1,1241,0.8694601128122482,1.8678485092667203,1.8678485092667203,0,0.0,0.0,0.5348902830424065,0.0,0,100
A_well_specified,10,24,independent_mondrian,0,231,0.8701298701298701,1.2727272727272727,1.2727272727272727,0,0.0,0.0,0.5090713537752627,0.0,0,10
A_well_specified,10,24,ordinal_cluster,2,1208,0.8683774834437086,1.9362582781456954,1.9362582781456954,0,0.0,0.0,0.5736136075180769,0.0,0,100
A_well_specified,10,24,ordinal_cluster,3,1091,0.8377635197066912,1.8405132905591202,1.8405132905591202,0,0.0,0.0,0.6015722569361481,0.0,0,100
A_well_specified,10,24,ordinal_cluster,4,1229,0.8144833197721725,1.385679414157852,1.385679414157852,0,0.0,0.0,0.5736136075180769,0.0,0,100
A_well_specified,10,24,ordinal_cluster,1,1241,0.9016921837228042,1.7808219178082192,1.7808219178082192,0,0.0,0.0,0.581558938210644,0.0,0,100
A_well_specified,10,24,ordinal_cluster,0,231,0.8701298701298701,1.3593073593073592,1.3593073593073592,0,0.0,0.0,0.5090713537752627,0.0,0,10
A_well_specified,10,24,input_dependent_nonordinal,2,1208,0.9387417218543046,1.9726821192052981,1.9726821192052981,0,0.6188009381464629,0.05065981002557559,0.08649036698373308,0.05065981002557559,0,100
A_well_specified,10,24,input_dependent_nonordinal,3,1091,0.846929422548121,1.9642529789184235,1.9642529789184235,0,0.6766179517793945,0.042998139265179515,-0.07515364919357809,0.042998139265179515,0,100
A_well_specified,10,24,input_dependent_nonordinal,4,1229,0.8689991863303499,1.4597233523189586,1.4597233523189586,0,0.7269221888879035,0.0572458560695397,-0.05209793402727492,0.0572458560695397,0,100
A_well_specified,10,24,input_dependent_nonordinal,1,1241,0.871071716357776,1.79129734085415,1.79129734085415,0,0.5450932711840952,0.039685591156888904,-0.027610330493977236,0.039685591156888904,0,100
A_well_specified,10,24,input_dependent_nonordinal,0,231,0.8917748917748918,1.3722943722943723,1.3722943722943723,0,0.4375415942984153,0.020974344077831775,0.024045762309388263,0.020974344077831775,0,10
A_well_specified,10,24,input_dependent_ordinal,2,1208,0.9304635761589404,1.9759933774834437,1.9759933774834437,0,0.6150858916198598,0.04345284372179088,0.06596894179303148,0.04345284372179088,0,100
A_well_specified,10,24,input_dependent_ordinal,3,1091,0.845096241979835,1.9440879926672778,1.9440879926672778,0,0.6752020857609705,0.04915546200555895,-0.06650895090972081,0.04915546200555895,0,100
A_well_specified,10,24,input_dependent_ordinal,4,1229,0.8681855166802278,1.4605370219690805,1.4605370219690805,0,0.7311795335418453,0.0569827773573612,-0.0571221884509871,0.0569827773573612,0,100
A_well_specified,10,24,input_dependent_ordinal,1,1241,0.8662369057211926,1.7751813053988719,1.7751813053988719,0,0.5381813294351453,0.03775921536336098,-0.028915869996359894,0.03775921536336098,0,100
A_well_specified,10,24,input_dependent_ordinal,0,231,0.8528138528138528,1.2987012987012987,1.2987012987012987,0,0.4683753448739936,0.03351378847553208,-0.019326595880370112,0.03351378847553208,0,10
A_well_specified,10,25,independent_mondrian,4,1099,0.8616924476797089,1.7333939945404913,1.7333939945404913,0,0.0,0.0,0.6880315880781883,0.0,0,100
A_well_specified,10,25,independent_mondrian,1,1162,0.9311531841652324,1.870051635111876,1.870051635111876,0,0.0,0.0,0.6538535972195376,0.0,0,100
A_well_specified,10,25,independent_mondrian,0,236,0.788135593220339,1.4364406779661016,1.4364406779661016,0,0.0,0.0,0.35461071807648775,0.0,0,10
A_well_specified,10,25,independent_mondrian,2,1252,0.9097444089456869,2.4001597444089455,2.4001597444089455,0,0.0,0.0,0.6659024627706339,0.0,0,100
A_well_specified,10,25,independent_mondrian,3,1251,0.9488409272581935,2.2014388489208634,2.2014388489208634,0,0.0,0.0,0.9073288663247918,0.0,0,100
A_well_specified,10,25,ordinal_cluster,4,1099,0.89171974522293,1.6114649681528663,1.6114649681528663,0,0.0,0.0,0.7440446741571725,0.0,0,100
A_well_specified,10,25,ordinal_cluster,1,1162,0.9302925989672978,2.1953528399311533,2.1953528399311533,0,0.0,0.0,0.6428657168535833,0.0,0,100
A_well_specified,10,25,ordinal_cluster,0,236,0.9364406779661016,1.5677966101694916,1.5677966101694916,0,0.0,0.0,0.6428657168535833,0.0,0,10
A_well_specified,10,25,ordinal_cluster,2,1252,0.9193290734824281,2.273961661341853,2.273961661341853,0,0.0,0.0,0.6976466554129804,0.0,0,100
A_well_specified,10,25,ordinal_cluster,3,1251,0.8832933653077538,2.2222222222222223,2.2222222222222223,0,0.0,0.0,0.7045186469064157,0.0,0,100
A_well_specified,10,25,input_dependent_nonordinal,4,1099,0.8680618744313012,1.6424021838034577,1.6424021838034577,0,0.7182557586175742,0.0351087724048794,-0.03501991984370639,0.0351087724048794,0,100
A_well_specified,10,25,input_dependent_nonordinal,1,1162,0.9182444061962134,1.8820998278829604,1.8820998278829604,0,0.5345038148816517,0.03343558521092189,0.004505981722751157,0.03343558521092189,0,100
A_well_specified,10,25,input_dependent_nonordinal,0,236,0.902542372881356,1.3771186440677967,1.3771186440677967,0,0.45974521538050483,0.026057202581431613,0.029484113640753346,0.026057202581431606,0,10
A_well_specified,10,25,input_dependent_nonordinal,2,1252,0.9329073482428115,2.1541533546325877,2.1541533546325877,0,0.6109481205435592,0.040960075414417485,0.04412418412499963,0.040960075414417485,0,100
A_well_specified,10,25,input_dependent_nonordinal,3,1251,0.9432454036770583,2.067146282973621,2.067146282973621,0,0.6798489475829936,0.041584618426006324,0.11793724587472992,0.04158461842600631,0,100
A_well_specified,10,25,input_dependent_ordinal,4,1099,0.8780709736123748,1.643312101910828,1.643312101910828,0,0.7321823329731068,0.04010918971392117,-0.03027423345450475,0.04010918971392117,0,100
A_well_specified,10,25,input_dependent_ordinal,1,1162,0.9225473321858864,1.9182444061962134,1.9182444061962134,0,0.5363111595815337,0.03530838321754277,0.005285345326222157,0.03530838321754277,0,100
A_well_specified,10,25,input_dependent_ordinal,0,236,0.923728813559322,1.402542372881356,1.402542372881356,0,0.47719756003128916,0.032939522557461284,0.04422048022412664,0.03293952255746127,0,10
A_well_specified,10,25,input_dependent_ordinal,2,1252,0.9369009584664537,2.1685303514377,2.1685303514377,0,0.608631249796167,0.036801732408030925,0.05467354297456095,0.036801732408030925,0,100
A_well_specified,10,25,input_dependent_ordinal,3,1251,0.9408473221422862,2.0895283772981617,2.0895283772981617,0,0.662423560008479,0.036839543736714706,0.12000784443629131,0.036839543736714706,0,100
A_well_specified,10,26,independent_mondrian,1,1183,0.9256128486897718,2.3305156382079457,2.3305156382079457,0,0.0,0.0,0.5988134827234649,0.0,0,100
A_well_specified,10,26,independent_mondrian,4,1190,0.8957983193277311,1.5848739495798319,1.5848739495798319,0,0.0,0.0,0.783910020901896,0.0,0,100
A_well_specified,10,26,independent_mondrian,3,1205,0.862240663900415,2.2937759336099584,2.2937759336099584,0,0.0,0.0,0.6306198228773341,0.0,0,100
A_well_specified,10,26,independent_mondrian,2,1163,0.9234737747205503,2.189165950128977,2.189165950128977,0,0.0,0.0,0.7507540069649098,0.0,0,100
A_well_specified,10,26,independent_mondrian,0,259,0.9806949806949807,1.555984555984556,1.555984555984556,0,0.0,0.0,0.7084555891183406,0.0,0,10
A_well_specified,10,26,ordinal_cluster,1,1183,0.9492814877430262,2.09636517328825,2.09636517328825,0,0.0,0.0,0.6807425525818985,0.0,0,100
A_well_specified,10,26,ordinal_cluster,4,1190,0.8470588235294118,1.5630252100840336,1.5630252100840336,0,0.0,0.0,0.6742767481858364,0.0,0,100
A_well_specified,10,26,ordinal_cluster,3,1205,0.8987551867219917,2.146887966804979,2.146887966804979,0,0.0,0.0,0.7105110086405318,0.0,0,100
A_well_specified,10,26,ordinal_cluster,2,1163,0.8907996560619088,2.247635425623388,2.247635425623388,0,0.0,0.0,0.6643110663861607,0.0,0,100
A_well_specified,10,26,ordinal_cluster,0,259,0.9227799227799228,1.606177606177606,1.606177606177606,0,0.0,0.0,0.5988134827234649,0.0,0,10
A_well_specified,10,26,input_dependent_nonordinal,1,1183,0.9433643279797126,1.951817413355875,1.951817413355875,0,0.5514864206964284,0.033794331165863854,0.05024103899448923,0.033794331165863854,0,100
A_well_specified,10,26,input_dependent_nonordinal,4,1190,0.907563025210084,1.5697478991596638,1.5697478991596638,0,0.7655957399750198,0.06050206979739651,0.03445119010458886,0.06050206979739651,0,100
A_well_specified,10,26,input_dependent_nonordinal,3,1205,0.8755186721991701,2.0672199170124483,2.0672199170124483,0,0.7073963901916126,0.05192318041492266,-0.060258368680018104,0.05192318041492266,0,100
A_well_specified,10,26,input_dependent_nonordinal,2,1163,0.9054170249355116,2.125537403267412,2.125537403267412,0,0.6296276361804902,0.04207704659513937,-0.0020519427454176453,0.04207704659513937,0,100
A_well_specified,10,26,input_dependent_nonordinal,0,259,0.972972972972973,1.5135135135135136,1.5135135135135136,0,0.5068843211962889,0.03228794289077381,0.09268626186820783,0.03228794289077381,0,10
A_well_specified,10,26,input_dependent_ordinal,1,1183,0.9425190194420964,1.974640743871513,1.974640743871513,0,0.5566983995350506,0.03603690084797435,0.04702395608008875,0.03603690084797435,0,100
A_well_specified,10,26,input_dependent_ordinal,4,1190,0.907563025210084,1.5697478991596638,1.5697478991596638,0,0.773102357886079,0.06007522477986742,0.02723413960373855,0.06007522477986742,0,100
A_well_specified,10,26,input_dependent_ordinal,3,1205,0.8755186721991701,2.066390041493776,2.066390041493776,0,0.6954738911281979,0.05084053423177478,-0.049352881496793066,0.05084053423177478,0,100
A_well_specified,10,26,input_dependent_ordinal,2,1163,0.9036973344797936,2.126397248495271,2.126397248495271,0,0.6310875593326019,0.04236254314107102,-0.0036919319336329304,0.04236254314107102,0,100
A_well_specified,10,26,input_dependent_ordinal,0,259,0.972972972972973,1.5212355212355213,1.5212355212355213,0,0.49875824533112956,0.026154953512887463,0.11169761638893994,0.026154953512887463,0,10
A_well_specified,10,27,independent_mondrian,4,1177,0.903143585386576,1.6083262531860663,1.6083262531860663,0,0.0,0.0,0.8245085932047961,0.0,0,100
A_well_specified,10,27,independent_mondrian,1,1171,0.9111870196413322,2.192997438087105,2.192997438087105,0,0.0,0.0,0.6143676238664016,0.0,0,100
A_well_specified,10,27,independent_mondrian,0,261,0.9540229885057471,1.5747126436781609,1.5747126436781609,0,0.0,0.0,0.7320442556802471,0.0,0,10
A_well_specified,10,27,independent_mondrian,2,1227,0.8891605541972291,2.2876935615321923,2.2876935615321923,0,0.0,0.0,0.6265759202414933,0.0,0,100
A_well_specified,10,27,independent_mondrian,3,1164,0.9175257731958762,2.236254295532646,2.236254295532646,0,0.0,0.0,0.7061461808563003,0.0,0,100
A_well_specified,10,27,ordinal_cluster,4,1177,0.881053525913339,1.6261682242990654,1.6261682242990654,0,0.0,0.0,0.782922084650016,0.0,0,100
A_well_specified,10,27,ordinal_cluster,1,1171,0.9111870196413322,2.081127241673783,2.081127241673783,0,0.0,0.0,0.6143676238664016,0.0,0,100
A_well_specified,10,27,ordinal_cluster,0,261,0.9157088122605364,1.5402298850574712,1.5402298850574712,0,0.0,0.0,0.6143676238664016,0.0,0,10
A_well_specified,10,27,ordinal_cluster,2,1227,0.8948655256723717,2.2876935615321923,2.2876935615321923,0,0.0,0.0,0.6434101801290105,0.0,0,100
A_well_specified,10,27,ordinal_cluster,3,1164,0.9304123711340206,2.2310996563573884,2.2310996563573884,0,0.0,0.0,0.7490952612020346,0.0,0,100
A_well_specified,10,27,input_dependent_nonordinal,4,1177,0.9252336448598131,1.5471537807986406,1.5471537807986406,0,0.770949450669282,0.034314757040433116,0.049638882645241855,0.034314757040433116,0,100
A_well_specified,10,27,input_dependent_nonordinal,1,1171,0.9385140905209223,1.9470538001707942,1.9470538001707942,0,0.5379115211725984,0.03943981316541993,0.06139281968977095,0.03943981316541993,0,100
A_well_specified,10,27,input_dependent_nonordinal,0,261,0.9808429118773946,1.5632183908045978,1.5632183908045978,0,0.486665214924048,0.03913810986092117,0.18865418174599824,0.03913810986092117,0,10
A_well_specified,10,27,input_dependent_nonordinal,2,1227,0.86960065199674,2.0594947025264876,2.0594947025264876,0,0.5884159270788266,0.03642012855852771,-0.026650210204684555,0.03642012855852771,0,100
A_well_specified,10,27,input_dependent_nonordinal,3,1164,0.872852233676976,2.1030927835051547,2.1030927835051547,0,0.6790003226785026,0.04906254671466047,-0.055708965467610616,0.04906254671466047,0,100
A_well_specified,10,27,input_dependent_ordinal,4,1177,0.9320305862361937,1.546304163126593,1.546304163126593,0,0.7591521283933307,0.038335378628773224,0.07686759993855635,0.03833537862877324,0,100
A_well_specified,10,27,input_dependent_ordinal,1,1171,0.9385140905209223,1.9419299743808711,1.9419299743808711,0,0.5298460094852185,0.03912480492959194,0.07021022146907041,0.03912480492959194,0,100
A_well_specified,10,27,input_dependent_ordinal,0,261,0.9808429118773946,1.5670498084291187,1.5670498084291187,0,0.4729779980789511,0.041037647588825145,0.200981159129468,0.041037647588825145,0,10
A_well_specified,10,27,input_dependent_ordinal,2,1227,0.8777506112469438,2.0700896495517522,2.0700896495517522,0,0.6023167234087667,0.04007240676538733,-0.027549718724878325,0.04007240676538733,0,100
A_well_specified,10,27,input_dependent_ordinal,3,1164,0.8745704467353952,2.1219931271477663,2.1219931271477663,0,0.6881110681327661,0.04006441089349508,-0.07748020418262247,0.04006441089349508,0,100
A_well_specified,10,28,independent_mondrian,1,1194,0.8768844221105527,1.83249581239531,1.83249581239531,0,0.0,0.0,0.5516517711693221,0.0,0,100
A_well_specified,10,28,independent_mondrian,0,231,0.8268398268398268,1.2813852813852813,1.2813852813852813,0,0.0,0.0,0.3793196261188902,0.0,0,10
A_well_specified,10,28,independent_mondrian,3,1207,0.9154929577464789,2.2568351284175643,2.2568351284175643,0,0.0,0.0,0.7900819632650552,0.0,0,100
A_well_specified,10,28,independent_mondrian,4,1158,0.9110535405872193,1.729706390328152,1.729706390328152,0,0.0,0.0,0.7841367815808367,0.0,0,100
A_well_specified,10,28,independent_mondrian,2,1210,0.9289256198347108,2.2264462809917354,2.2264462809917354,0,0.0,0.0,0.6818798333633878,0.0,0,100
A_well_specified,10,28,ordinal_cluster,1,1194,0.8936348408710217,1.963149078726968,1.963149078726968,0,0.0,0.0,0.5837334971242368,0.0,0,100
A_well_specified,10,28,ordinal_cluster,0,231,0.9090909090909091,1.3852813852813852,1.3852813852813852,0,0.0,0.0,0.5438434574328898,0.0,0,10
A_well_specified,10,28,ordinal_cluster,3,1207,0.9047224523612262,2.207953603976802,2.207953603976802,0,0.0,0.0,0.7606058785444315,0.0,0,100
A_well_specified,10,28,ordinal_cluster,4,1158,0.9110535405872193,1.6839378238341969,1.6839378238341969,0,0.0,0.0,0.7841367815808367,0.0,0,100
A_well_specified,10,28,ordinal_cluster,2,1210,0.9074380165289256,2.2462809917355373,2.2462809917355373,0,0.0,0.0,0.6362970552341767,0.0,0,100
A_well_specified,10,28,input_dependent_nonordinal,1,1194,0.88107202680067,1.7336683417085428,1.7336683417085428,0,0.54098299016842,0.04055856687737783,-0.015654657300936486,0.04055856687737782,0,100
A_well_specified,10,28,input_dependent_nonordinal,0,231,0.8484848484848485,1.2727272727272727,1.2727272727272727,0,0.5200551498504817,0.030124504070723705,-0.09368297766091324,0.030124504070723694,0,10
A_well_specified,10,28,input_dependent_nonordinal,3,1207,0.8674399337199669,2.0124275062137533,2.0124275062137533,0,0.6779182970913673,0.035098211166592695,-0.03779124378893067,0.035098211166592695,0,100
A_well_specified,10,28,input_dependent_nonordinal,4,1158,0.918825561312608,1.5829015544041452,1.5829015544041452,0,0.783970445512469,0.05266456165378315,0.0071330883887288365,0.05266456165378315,0,100
A_well_specified,10,28,input_dependent_nonordinal,2,1210,0.9140495867768595,1.990909090909091,1.990909090909091,0,0.5977259313261916,0.04629709195590922,0.018211805257530078,0.04629709195590922,0,100
A_well_specified,10,28,input_dependent_ordinal,1,1194,0.8785594639865997,1.7587939698492463,1.7587939698492463,0,0.5382036162162638,0.039395503561244716,-0.01685394656848102,0.039395503561244716,0,100
A_well_specified,10,28,input_dependent_ordinal,0,231,0.8571428571428571,1.2813852813852813,1.2813852813852813,0,0.4881938595457478,0.03440268099324945,-0.04519864340757665,0.03440268099324945,0,10
A_well_specified,10,28,input_dependent_ordinal,3,1207,0.87986743993372,2.019055509527755,2.019055509527755,0,0.6872854131567286,0.04530035955561329,-0.01821035901943996,0.045300359555613276,0,100
A_well_specified,10,28,input_dependent_ordinal,4,1158,0.9153713298791019,1.6062176165803108,1.6062176165803108,0,0.7703083080425993,0.04720587097449446,0.005610520239979766,0.04720587097449446,0,100
A_well_specified,10,28,input_dependent_ordinal,2,1210,0.915702479338843,2.005785123966942,2.005785123966942,0,0.6110770079324405,0.040685782033439075,0.0051624614085561404,0.040685782033439075,0,100
A_well_specified,10,29,independent_mondrian,4,1222,0.8911620294599017,1.641571194762684,1.641571194762684,0,0.0,0.0,0.7400334210834033,0.0,0,100
A_well_specified,10,29,independent_mondrian,2,1141,0.8921998247151621,2.1349693251533743,2.1349693251533743,0,0.0,0.0,0.6349663609494994,0.0,0,100
A_well_specified,10,29,independent_mondrian,1,1233,0.8742903487429035,1.9570154095701542,1.9570154095701542,0,0.0,0.0,0.5216747275149863,0.0,0,100
A_well_specified,10,29,independent_mondrian,0,260,0.926923076923077,1.3615384615384616,1.3615384615384616,0,0.0,0.0,0.5512323770780783,0.0,0,10
A_well_specified,10,29,independent_mondrian,3,1144,0.9117132867132867,2.160839160839161,2.160839160839161,0,0.0,0.0,0.7539206967114223,0.0,0,100
A_well_specified,10,29,ordinal_cluster,4,1222,0.8911620294599017,1.5564648117839608,1.5564648117839608,0,0.0,0.0,0.7400334210834033,0.0,0,100
A_well_specified,10,29,ordinal_cluster,2,1141,0.8764241893076249,2.0403155127081507,2.0403155127081507,0,0.0,0.0,0.5905615111005329,0.0,0,100
A_well_specified,10,29,ordinal_cluster,1,1233,0.8856447688564477,1.8256285482562855,1.8256285482562855,0,0.0,0.0,0.5361387298010654,0.0,0,100
A_well_specified,10,29,ordinal_cluster,0,260,0.9,1.3423076923076922,1.3423076923076922,0,0.0,0.0,0.5216747275149863,0.0,0,10
A_well_specified,10,29,ordinal_cluster,3,1144,0.8907342657342657,2.0795454545454546,2.0795454545454546,0,0.0,0.0,0.6750771790911627,0.0,0,100
A_well_specified,10,29,input_dependent_nonordinal,4,1222,0.9451718494271686,1.6563011456628478,1.6563011456628478,0,0.7583409083862761,0.05674407618488601,0.08813521965851812,0.05674407618488601,0,100
A_well_specified,10,29,input_dependent_nonordinal,2,1141,0.8694127957931639,1.9947414548641542,1.9947414548641542,0,0.6045967402613989,0.05261629972685072,-0.0012422582155071638,0.05261629972685072,0,100
A_well_specified,10,29,input_dependent_nonordinal,1,1233,0.8540145985401459,1.6747769667477697,1.6747769667477697,0,0.5622964680769695,0.04129744020047953,-0.07691605849966954,0.04129744020047953,0,100
A_well_specified,10,29,input_dependent_nonordinal,0,260,0.7807692307692308,1.1961538461538461,1.1961538461538461,0,0.47600943564653886,0.02354111513138523,-0.12343653196393711,0.02354111513138523,0,10
A_well_specified,10,29,input_dependent_nonordinal,3,1144,0.9291958041958042,2.1075174825174825,2.1075174825174825,0,0.6564563706181303,0.03348887882990306,0.04412695390650756,0.03348887882990306,0,100
A_well_specified,10,29,input_dependent_ordinal,4,1222,0.9410801963993454,1.6481178396072014,1.6481178396072014,0,0.7428036563461391,0.049790859413896174,0.08216284290378179,0.04979085941389616,0,100
A_well_specified,10,29,input_dependent_ordinal,2,1141,0.8913234005258545,2.0245398773006134,2.0245398773006134,0,0.6139068535535244,0.04424837308268841,0.003912177115467985,0.04424837308268841,0,100
A_well_specified,10,29,input_dependent_ordinal,1,1233,0.8669910786699108,1.7307380373073804,1.7307380373073804,0,0.5464508834126399,0.03818091630095413,-0.05158139382459892,0.03818091630095413,0,100
A_well_specified,10,29,input_dependent_ordinal,0,260,0.8076923076923077,1.2423076923076923,1.2423076923076923,0,0.4896841794913111,0.03370886525381612,-0.10479146047482282,0.033708865253816125,0,10
A_well_specified,10,29,input_dependent_ordinal,3,1144,0.923951048951049,2.105769230769231,2.105769230769231,0,0.6765840376230912,0.049618922919358786,0.030755542032069316,0.049618922919358786,0,100
A_well_specified,10,30,independent_mondrian,2,1177,0.9209855564995751,2.1469838572642312,2.1469838572642312,0,0.0,0.0,0.7055281352833854,0.0,0,100
A_well_specified,10,30,independent_mondrian,0,253,0.7984189723320159,1.3122529644268774,1.3122529644268774,0,0.0,0.0,0.36194348963853823,0.0,0,10
A_well_specified,10,30,independent_mondrian,1,1177,0.9048428207306712,1.8292268479184366,1.8292268479184366,0,0.0,0.0,0.5689012899638112,0.0,0,100
A_well_specified,10,30,independent_mondrian,4,1167,0.8808911739502999,1.6306769494430162,1.6306769494430162,0,0.0,0.0,0.7320983386785399,0.0,0,100
A_well_specified,10,30,independent_mondrian,3,1226,0.898042414355628,2.2071778140293636,2.2071778140293636,0,0.0,0.0,0.7214356062712486,0.0,0,100
A_well_specified,10,30,ordinal_cluster,2,1177,0.9158878504672897,2.2616822429906542,2.2616822429906542,0,0.0,0.0,0.6863674832778,0.0,0,100
A_well_specified,10,30,ordinal_cluster,0,253,0.9169960474308301,1.592885375494071,1.592885375494071,0,0.0,0.0,0.5650339306557247,0.0,0,10
A_well_specified,10,30,ordinal_cluster,1,1177,0.9379779099405268,2.0730671197960917,2.0730671197960917,0,0.0,0.0,0.656335611134682,0.0,0,100
A_well_specified,10,30,ordinal_cluster,4,1167,0.8783204798628963,1.6066838046272494,1.6066838046272494,0,0.0,0.0,0.7214356062712486,0.0,0,100
A_well_specified,10,30,ordinal_cluster,3,1226,0.8955954323001631,2.199021207177814,2.199021207177814,0,0.0,0.0,0.7091413856764917,0.0,0,100
A_well_specified,10,30,input_dependent_nonordinal,2,1177,0.9167374681393373,2.0067969413763804,2.0067969413763804,0,0.6249756543481048,0.03898986518538503,0.010703673711012385,0.03898986518538503,0,100
A_well_specified,10,30,input_dependent_nonordinal,0,253,0.8537549407114624,1.3043478260869565,1.3043478260869565,0,0.42879440119825085,0.03362538651805561,-0.0049655992773847135,0.03362538651805561,0,10
A_well_specified,10,30,input_dependent_nonordinal,1,1177,0.9184367034834324,1.7595581988105353,1.7595581988105353,0,0.5110165235288093,0.029387469305875418,0.020026799876684542,0.029387469305875418,0,100
A_well_specified,10,30,input_dependent_nonordinal,4,1167,0.8886032562125107,1.5149957155098543,1.5149957155098543,0,0.7415447505148677,0.05389573069269763,0.012258268407978612,0.05389573069269763,0,100
A_well_specified,10,30,input_dependent_nonordinal,3,1226,0.8849918433931484,2.0252854812398042,2.0252854812398042,0,0.6570826812058338,0.03697448658595439,-0.0065186661419618375,0.03697448658595439,0,100
A_well_specified,10,30,input_dependent_ordinal,2,1177,0.9124893797790994,1.9991503823279524,1.9991503823279524,0,0.6033393585788419,0.03709449216357508,0.02625792270518712,0.03709449216357508,0,100
A_well_specified,10,30,input_dependent_ordinal,0,253,0.8458498023715415,1.300395256916996,1.300395256916996,0,0.44115203951312815,0.029362034822584534,-0.029337936813750354,0.029362034822584534,0,10
A_well_specified,10,30,input_dependent_ordinal,1,1177,0.91928632115548,1.745964316057774,1.745964316057774,0,0.5176161174569743,0.030285634266308998,0.017659695007835763,0.030285634266308998,0,100
A_well_specified,10,30,input_dependent_ordinal,4,1167,0.8851756640959726,1.5089974293059125,1.5089974293059125,0,0.7410386243846178,0.05043151079138189,0.005268507279196921,0.05043151079138189,0,100
A_well_specified,10,30,input_dependent_ordinal,3,1226,0.8858075040783034,2.0228384991843393,2.0228384991843393,0,0.669904079969844,0.042209209661983924,-0.016754120135208994,0.042209209661983924,0,100
A_well_specified,10,31,independent_mondrian,1,1192,0.8959731543624161,1.9253355704697988,1.9253355704697988,0,0.0,0.0,0.5478895679059883,0.0,0,100
A_well_specified,10,31,independent_mondrian,4,1179,0.8761662425784563,1.7039864291772688,1.7039864291772688,0,0.0,0.0,0.7453568979145386,0.0,0,100
A_well_specified,10,31,independent_mondrian,3,1231,0.9488220958570268,2.223395613322502,2.223395613322502,0,0.0,0.0,0.8485452777249889,0.0,0,100
A_well_specified,10,31,independent_mondrian,2,1145,0.9179039301310044,2.2401746724890828,2.2401746724890828,0,0.0,0.0,0.6622075385495123,0.0,0,100
A_well_specified,10,31,independent_mondrian,0,253,0.857707509881423,1.3399209486166008,1.3399209486166008,0,0.0,0.0,0.4516385950428613,0.0,0,10
A_well_specified,10,31,ordinal_cluster,1,1192,0.9228187919463087,2.0838926174496644,2.0838926174496644,0,0.0,0.0,0.6161660040346997,0.0,0,100
A_well_specified,10,31,ordinal_cluster,4,1179,0.9067005937234945,1.719253604749788,1.719253604749788,0,0.0,0.0,0.8074809061777002,0.0,0,100
A_well_specified,10,31,ordinal_cluster,3,1231,0.9195775792038993,2.3606823720552397,2.3606823720552397,0,0.0,0.0,0.7590371340798462,0.0,0,100
A_well_specified,10,31,ordinal_cluster,2,1145,0.9475982532751092,2.3266375545851528,2.3266375545851528,0,0.0,0.0,0.7537653222046702,0.0,0,100
A_well_specified,10,31,ordinal_cluster,0,253,0.8972332015810277,1.5217391304347827,1.5217391304347827,0,0.0,0.0,0.5078884408739149,0.0,0,10
A_well_specified,10,31,input_dependent_nonordinal,1,1192,0.8582214765100671,1.8238255033557047,1.8238255033557047,0,0.5419956569963895,0.0398090851131132,-0.048952856934468825,0.0398090851131132,0,100
A_well_specified,10,31,input_dependent_nonordinal,4,1179,0.8430873621713316,1.5996607294317218,1.5996607294317218,0,0.7522528006175462,0.04455655685661965,-0.08070620635377468,0.04455655685661965,0,100
A_well_specified,10,31,input_dependent_nonordinal,3,1231,0.9463850528025995,2.000812347684809,2.000812347684809,0,0.6639837114089873,0.04223380014599582,0.09594976944002298,0.04223380014599582,0,100
A_well_specified,10,31,input_dependent_nonordinal,2,1145,0.903056768558952,2.062008733624454,2.062008733624454,0,0.5911677728661174,0.03491963783801108,0.015130222329257481,0.03491963783801108,0,100
A_well_specified,10,31,input_dependent_nonordinal,0,253,0.9407114624505929,1.359683794466403,1.359683794466403,0,0.5100600589755537,0.05844658751814377,0.027919926657323013,0.05844658751814377,0,10
A_well_specified,10,31,input_dependent_ordinal,1,1192,0.8598993288590604,1.8095637583892616,1.8095637583892616,0,0.5384384454113019,0.04225836110953116,-0.04260676524914575,0.04225836110953116,0,100
A_well_specified,10,31,input_dependent_ordinal,4,1179,0.8456318914334181,1.6157760814249365,1.6157760814249365,0,0.7422752412751504,0.042611122036814095,-0.06698073277853422,0.042611122036814095,0,100
A_well_specified,10,31,input_dependent_ordinal,3,1231,0.9439480097481722,2.0178716490658,2.0178716490658,0,0.6679422752707452,0.04049152174504179,0.09119899133351894,0.04049152174504179,0,100
A_well_specified,10,31,input_dependent_ordinal,2,1145,0.9100436681222708,2.050655021834061,2.050655021834061,0,0.6057297899746168,0.039651027425911346,0.017927207726162186,0.039651027425911346,0,100
A_well_specified,10,31,input_dependent_ordinal,0,253,0.932806324110672,1.3715415019762847,1.3715415019762847,0,0.4862321306859347,0.03958795440866519,0.01706825743637158,0.03958795440866519,0,10
A_well_specified,10,32,independent_mondrian,2,1192,0.9488255033557047,2.202181208053691,2.202181208053691,0,0.0,0.0,0.7558577212902966,0.0,0,100
A_well_specified,10,32,independent_mondrian,1,1176,0.923469387755102,1.745748299319728,1.745748299319728,0,0.0,0.0,0.6426582840307011,0.0,0,100
A_well_specified,10,32,independent_mondrian,4,1191,0.8933669185558354,1.614609571788413,1.614609571788413,0,0.0,0.0,0.7447065137358366,0.0,0,100
A_well_specified,10,32,independent_mondrian,3,1172,0.8993174061433447,2.258532423208191,2.258532423208191,0,0.0,0.0,0.68276484779065,0.0,0,100
A_well_specified,10,32,independent_mondrian,0,269,0.48698884758364314,1.1561338289962826,1.1561338289962826,0,0.0,0.0,0.1708624957905927,0.0,0,10
A_well_specified,10,32,ordinal_cluster,2,1192,0.9295302013422819,2.287751677852349,2.287751677852349,0,0.0,0.0,0.6806572679606819,0.0,0,100
A_well_specified,10,32,ordinal_cluster,1,1176,0.9319727891156463,2.1079931972789114,2.1079931972789114,0,0.0,0.0,0.6677248698721074,0.0,0,100
A_well_specified,10,32,ordinal_cluster,4,1191,0.873215785054576,1.5869017632241813,1.5869017632241813,0,0.0,0.0,0.7045994939646598,0.0,0,100
A_well_specified,10,32,ordinal_cluster,3,1172,0.9044368600682594,2.1621160409556315,2.1621160409556315,0,0.0,0.0,0.7084221627516982,0.0,0,100
A_well_specified,10,32,ordinal_cluster,0,269,0.9182156133828996,1.6096654275092936,1.6096654275092936,0,0.0,0.0,0.5960558186139727,0.0,0,10
A_well_specified,10,32,input_dependent_nonordinal,2,1192,0.9538590604026845,2.1124161073825505,2.1124161073825505,0,0.6024642067975405,0.03895760463350729,0.1062299099410538,0.03895760463350729,0,100
A_well_specified,10,32,input_dependent_nonordinal,1,1176,0.9447278911564626,1.875,1.875,0,0.5551105552671046,0.0431743021223474,0.051235599034302526,0.0431743021223474,0,100
A_well_specified,10,32,input_dependent_nonordinal,4,1191,0.9227539882451721,1.6263643996641477,1.6263643996641477,0,0.7577662722016039,0.054033899762339216,0.04778005287418591,0.0540338997623392,0,100
A_well_specified,10,32,input_dependent_nonordinal,3,1172,0.8967576791808873,2.214163822525597,2.214163822525597,0,0.674295157045502,0.04679814035029556,0.006111985833726852,0.04679814035029556,0,100
A_well_specified,10,32,input_dependent_nonordinal,0,269,0.7472118959107806,1.3494423791821561,1.3494423791821561,0,0.49650150326525816,0.04085227185172616,-0.10937193586215183,0.04085227185172616,0,10
A_well_specified,10,32,input_dependent_ordinal,2,1192,0.9572147651006712,2.101510067114094,2.101510067114094,0,0.6076356781632963,0.04276832593263322,0.11032977061845789,0.04276832593263322,0,100
A_well_specified,10,32,input_dependent_ordinal,1,1176,0.9421768707482994,1.8715986394557824,1.8715986394557824,0,0.5490640864791418,0.040465595452147396,0.0563482062743495,0.040465595452147396,0,100
A_well_specified,10,32,input_dependent_ordinal,4,1191,0.9210747271200672,1.6263643996641477,1.6263643996641477,0,0.7513386860360423,0.050645437506877986,0.04486966477145338,0.050645437506877986,0,100
A_well_specified,10,32,input_dependent_ordinal,3,1172,0.8967576791808873,2.205631399317406,2.205631399317406,0,0.6803976247204726,0.048988313815791266,-0.004154788173655,0.048988313815791266,0,100
A_well_specified,10,32,input_dependent_ordinal,0,269,0.7397769516728625,1.3494423791821561,1.3494423791821561,0,0.4979861692322062,0.03898691927726231,-0.11848897699440278,0.038986919277262326,0,10
A_well_specified,10,33,independent_mondrian,3,1179,0.9338422391857506,2.2332485156912636,2.2332485156912636,0,0.0,0.0,0.8298985208140083,0.0,0,100
A_well_specified,10,33,independent_mondrian,2,1188,0.930976430976431,2.180976430976431,2.180976430976431,0,0.0,0.0,0.6835475298897382,0.0,0,100
A_well_specified,10,33,independent_mondrian,1,1226,0.8221859706362153,2.227569331158238,2.227569331158238,0,0.0,0.0,0.4395432273208274,0.0,0,100
A_well_specified,10,33,independent_mondrian,4,1158,0.883419689119171,1.677029360967185,1.677029360967185,0,0.0,0.0,0.7678595643161455,0.0,0,100
A_well_specified,10,33,independent_mondrian,0,249,0.9678714859437751,1.2971887550200802,1.2971887550200802,0,0.0,0.0,0.7021811973707808,0.0,0,10
A_well_specified,10,33,ordinal_cluster,3,1179,0.910941475826972,2.2111959287531806,2.2111959287531806,0,0.0,0.0,0.760051255270124,0.0,0,100
A_well_specified,10,33,ordinal_cluster,2,1188,0.9183501683501684,2.2306397306397305,2.2306397306397305,0,0.0,0.0,0.6500611473114521,0.0,0,100
A_well_specified,10,33,ordinal_cluster,1,1226,0.9176182707993474,1.902120717781403,1.902120717781403,0,0.0,0.0,0.5883341297331551,0.0,0,100
A_well_specified,10,33,ordinal_cluster,4,1158,0.883419689119171,1.616580310880829,1.616580310880829,0,0.0,0.0,0.7680165598177798,0.0,0,100
A_well_specified,10,33,ordinal_cluster,0,249,0.8995983935742972,1.429718875502008,1.429718875502008,0,0.0,0.0,0.4730427022749815,0.0,0,10
A_well_specified,10,33,input_dependent_nonordinal,3,1179,0.9194232400339271,2.131467345207803,2.131467345207803,0,0.6697121979276701,0.03743316034736263,0.04135933599831498,0.03743316034736263,0,100
A_well_specified,10,33,input_dependent_nonordinal,2,1188,0.9335016835016835,2.1473063973063975,2.1473063973063975,0,0.591542575704694,0.023901708238434467,0.06477051341942563,0.023901708238434467,0,100
A_well_specified,10,33,input_dependent_nonordinal,1,1226,0.8817292006525286,2.033442088091354,2.033442088091354,0,0.5222638175375448,0.04434638756559975,-0.00388793493393369,0.04434638756559975,0,100
A_well_specified,10,33,input_dependent_nonordinal,4,1158,0.8955094991364422,1.5829015544041452,1.5829015544041452,0,0.754142829764818,0.05532597165242164,0.025138795981311524,0.05532597165242164,0,100
A_well_specified,10,33,input_dependent_nonordinal,0,249,0.9759036144578314,1.4457831325301205,1.4457831325301205,0,0.43470646943947705,0.03293195757269321,0.23281087110587945,0.03293195757269321,0,10
A_well_specified,10,33,input_dependent_ordinal,3,1179,0.917726887192536,2.099236641221374,2.099236641221374,0,0.6726403154173257,0.04246369589844592,0.030753442524069974,0.04246369589844592,0,100
A_well_specified,10,33,input_dependent_ordinal,2,1188,0.9284511784511784,2.079124579124579,2.079124579124579,0,0.5920640928005945,0.03582786889932735,0.05351049369976579,0.03582786889932735,0,100
A_well_specified,10,33,input_dependent_ordinal,1,1226,0.8686786296900489,2.00815660685155,2.00815660685155,0,0.5180046798538581,0.033848171897331025,-0.03166821422752475,0.033848171897331025,0,100
A_well_specified,10,33,input_dependent_ordinal,4,1158,0.8903281519861831,1.5682210708117443,1.5682210708117443,0,0.7520027195929067,0.046326557424402115,0.011552937508134242,0.046326557424402115,0,100
A_well_specified,10,33,input_dependent_ordinal,0,249,0.9759036144578314,1.4257028112449799,1.4257028112449799,0,0.43878238087109117,0.030254502898919122,0.23017395957604508,0.030254502898919122,0,10
A_well_specified,10,34,independent_mondrian,0,249,0.8514056224899599,1.4257028112449799,1.4257028112449799,0,0.0,0.0,0.4615386899707471,0.0,0,10
A_well_specified,10,34,independent_mondrian,1,1217,0.9408381265406738,1.7502054231717337,1.7502054231717337,0,0.0,0.0,0.6485532585625018,0.0,0,100
A_well_specified,10,34,independent_mondrian,4,1171,0.8906917164816396,1.5209222886421863,1.5209222886421863,0,0.0,0.0,0.7587670257576238,0.0,0,100
A_well_specified,10,34,independent_mondrian,2,1185,0.8649789029535865,2.120675105485232,2.120675105485232,0,0.0,0.0,0.5665808466710314,0.0,0,100
A_well_specified,10,34,independent_mondrian,3,1178,0.8709677419354839,2.0806451612903225,2.0806451612903225,0,0.0,0.0,0.6377300279126962,0.0,0,100
A_well_specified,10,34,ordinal_cluster,0,249,0.927710843373494,1.4257028112449799,1.4257028112449799,0,0.0,0.0,0.6244213611814138,0.0,0,10
A_well_specified,10,34,ordinal_cluster,1,1217,0.9186524239934265,2.0328677074774033,2.0328677074774033,0,0.0,0.0,0.6087547309611144,0.0,0,100
A_well_specified,10,34,ordinal_cluster,4,1171,0.8505550811272417,1.4893253629376602,1.4893253629376602,0,0.0,0.0,0.6870008256604131,0.0,0,100
A_well_specified,10,34,ordinal_cluster,2,1185,0.8953586497890296,2.10295358649789,2.10295358649789,0,0.0,0.0,0.61941225573681,0.0,0,100
A_well_specified,10,34,ordinal_cluster,3,1178,0.8709677419354839,2.0602716468590834,2.0602716468590834,0,0.0,0.0,0.6377300279126962,0.0,0,100
A_well_specified,10,34,input_dependent_nonordinal,0,249,0.8835341365461847,1.429718875502008,1.429718875502008,0,0.4659118479947809,0.025969965605273315,-0.023623171181631486,0.025969965605273315,0,10
A_well_specified,10,34,input_dependent_nonordinal,1,1217,0.9556285949055053,1.778964667214462,1.778964667214462,0,0.5310417719759584,0.02989280766784703,0.11051277580442848,0.02989280766784703,0,100
A_well_specified,10,34,input_dependent_nonordinal,4,1171,0.8847139197267293,1.5260461144321094,1.5260461144321094,0,0.7682119554992658,0.043439285650948595,-0.03636469766466255,0.043439285650948595,0,100
A_well_specified,10,34,input_dependent_nonordinal,2,1185,0.8978902953586498,2.0447257383966244,2.0447257383966244,0,0.6080859424305689,0.039340485679389824,-0.01748684736204459,0.039340485679389824,0,100
A_well_specified,10,34,input_dependent_nonordinal,3,1178,0.8947368421052632,2.007640067911715,2.007640067911715,0,0.6534808400684912,0.03062332712763358,-0.012298169172007656,0.03062332712763358,0,100
A_well_specified,10,34,input_dependent_ordinal,0,249,0.8835341365461847,1.4257028112449799,1.4257028112449799,0,0.4609542707533921,0.02917237770483073,-0.019817980760110876,0.02917237770483073,0,10
A_well_specified,10,34,input_dependent_ordinal,1,1217,0.9556285949055053,1.7830731306491372,1.7830731306491372,0,0.5308758397264858,0.029616368296747828,0.10931746023573935,0.029616368296747828,0,100
A_well_specified,10,34,input_dependent_ordinal,4,1171,0.8830059777967549,1.5166524338172502,1.5166524338172502,0,0.7551550275641227,0.04069163197755012,-0.028068826104847733,0.04069163197755012,0,100
A_well_specified,10,34,input_dependent_ordinal,2,1185,0.90042194092827,2.0362869198312237,2.0362869198312237,0,0.5979044745312059,0.0348013032718675,-0.007343033926782261,0.0348013032718675,0,100
A_well_specified,10,34,input_dependent_ordinal,3,1178,0.8938879456706282,2.00169779286927,2.00169779286927,0,0.679360416173277,0.03702294527365653,-0.04176461576095247,0.03702294527365653,0,100
A_well_specified,10,35,independent_mondrian,2,1182,0.9424703891708968,2.4196277495769882,2.4196277495769882,0,0.0,0.0,0.7728857779559194,0.0,0,100
A_well_specified,10,35,independent_mondrian,0,255,0.9490196078431372,1.6901960784313725,1.6901960784313725,0,0.0,0.0,0.5787042717820107,0.0,0,10
A_well_specified,10,35,independent_mondrian,3,1183,0.8765849535080305,2.456466610312764,2.456466610312764,0,0.0,0.0,0.6829760932530501,0.0,0,100
A_well_specified,10,35,independent_mondrian,1,1199,0.9482902418682235,2.200166805671393,2.200166805671393,0,0.0,0.0,0.7186778473562945,0.0,0,100
A_well_specified,10,35,independent_mondrian,4,1181,0.9364944961896697,1.7070279424216765,1.7070279424216765,0,0.0,0.0,0.8892189533016273,0.0,0,100
A_well_specified,10,35,ordinal_cluster,2,1182,0.9306260575296108,2.44585448392555,2.44585448392555,0,0.0,0.0,0.7321419303644161,0.0,0,100
A_well_specified,10,35,ordinal_cluster,0,255,0.9490196078431372,1.7058823529411764,1.7058823529411764,0,0.0,0.0,0.6122958371500429,0.0,0,10
A_well_specified,10,35,ordinal_cluster,3,1183,0.9137785291631445,2.327979712595097,2.327979712595097,0,0.0,0.0,0.7728268010815013,0.0,0,100
A_well_specified,10,35,ordinal_cluster,1,1199,0.9549624687239366,2.2452043369474564,2.2452043369474564,0,0.0,0.0,0.7366520287349841,0.0,0,100
A_well_specified,10,35,ordinal_cluster,4,1181,0.8806096528365792,1.7036409822184588,1.7036409822184588,0,0.0,0.0,0.7321419303644161,0.0,0,100
A_well_specified,10,35,input_dependent_nonordinal,2,1182,0.9103214890016921,2.0592216582064298,2.0592216582064298,0,0.5839416860651304,0.04245197450602728,0.03452376977103205,0.04245197450602728,0,100
A_well_specified,10,35,input_dependent_nonordinal,0,255,0.8784313725490196,1.2980392156862746,1.2980392156862746,0,0.4720129148331476,0.040629923788808094,-0.035139525274693356,0.040629923788808094,0,10
A_well_specified,10,35,input_dependent_nonordinal,3,1183,0.8605240912933221,2.09636517328825,2.09636517328825,0,0.6647073927502384,0.04465075559357237,-0.01829450358734691,0.04465075559357237,0,100
A_well_specified,10,35,input_dependent_nonordinal,1,1199,0.9341117597998332,1.8565471226021684,1.8565471226021684,0,0.5494473789501122,0.03439580703755806,0.028116979772978556,0.03439580703755806,0,100
A_well_specified,10,35,input_dependent_nonordinal,4,1181,0.9246401354784082,1.5783234546994074,1.5783234546994074,0,0.758746320699207,0.06115398132871738,0.05358824533706552,0.06115398132871738,0,100
A_well_specified,10,35,input_dependent_ordinal,2,1182,0.9103214890016921,2.0406091370558377,2.0406091370558377,0,0.6001911596269873,0.04320478320580937,0.020996659034614673,0.04320478320580937,0,100
A_well_specified,10,35,input_dependent_ordinal,0,255,0.8196078431372549,1.2470588235294118,1.2470588235294118,0,0.44589416182195435,0.025972460723872604,-0.07326786351344444,0.025972460723872604,0,10
A_well_specified,10,35,input_dependent_ordinal,3,1183,0.8698224852071006,2.09636517328825,2.09636517328825,0,0.678572472551986,0.048440832361789324,-0.01737296061323884,0.04844083236178931,0,100
A_well_specified,10,35,input_dependent_ordinal,1,1199,0.9366138448707256,1.7956630525437864,1.7956630525437864,0,0.5423581837589512,0.03742418164059442,0.04363384653860669,0.03742418164059442,0,100
A_well_specified,10,35,input_dependent_ordinal,4,1181,0.9204064352243861,1.5825571549534292,1.5825571549534292,0,0.7412745605599564,0.0564317581386804,0.056112029844206435,0.056431758138680385,0,100
A_well_specified,10,36,independent_mondrian,2,1205,0.9601659751037345,2.5286307053941908,2.5286307053941908,0,0.0,0.0,0.8079450779164141,0.0,0,100
A_well_specified,10,36,independent_mondrian,3,1168,0.9195205479452054,2.3827054794520546,2.3827054794520546,0,0.0,0.0,0.758822040140994,0.0,0,100
A_well_specified,10,36,independent_mondrian,1,1183,0.9256128486897718,2.666103127641589,2.666103127641589,0,0.0,0.0,0.6006545617783353,0.0,0,100
A_well_specified,10,36,independent_mondrian,4,1178,0.8887945670628183,1.7393887945670627,1.7393887945670627,0,0.0,0.0,0.7221726100756221,0.0,0,100
A_well_specified,10,36,independent_mondrian,0,266,1,1.5112781954887218,1.5112781954887218,0,0.0,0.0,1.036193848157087,0.0,0,10
A_well_specified,10,36,ordinal_cluster,2,1205,0.9070539419087137,2.2298755186721992,2.2298755186721992,0,0.0,0.0,0.6575173681669885,0.0,0,100
A_well_specified,10,36,ordinal_cluster,3,1168,0.9126712328767124,2.2200342465753424,2.2200342465753424,0,0.0,0.0,0.734996821599053,0.0,0,100
A_well_specified,10,36,ordinal_cluster,1,1183,0.9315300084530854,2.091293322062553,2.091293322062553,0,0.0,0.0,0.6185104726528079,0.0,0,100
A_well_specified,10,36,ordinal_cluster,4,1178,0.8938879456706282,1.630730050933786,1.630730050933786,0,0.0,0.0,0.734996821599053,0.0,0,100
A_well_specified,10,36,ordinal_cluster,0,266,0.9398496240601504,1.4398496240601504,1.4398496240601504,0,0.0,0.0,0.6006545617783353,0.0,0,10
A_well_specified,10,36,input_dependent_nonordinal,2,1205,0.9734439834024896,2.305394190871369,2.305394190871369,0,0.6464244905605662,0.05757006869377456,0.14793152885366245,0.05757006869377456,0,100
A_well_specified,10,36,input_dependent_nonordinal,3,1168,0.8647260273972602,2.316780821917808,2.316780821917808,0,0.6750271303671763,0.05745078745037033,-0.017888284471283433,0.05745078745037033,0,100
A_well_specified,10,36,input_dependent_nonordinal,1,1183,0.9425190194420964,2.4133558748943362,2.4133558748943362,0,0.5274234082013595,0.037117755250769505,0.05337975072942647,0.037117755250769505,0,100
A_well_specified,10,36,input_dependent_nonordinal,4,1178,0.9448217317487266,1.6757215619694397,1.6757215619694397,0,0.7632898357631108,0.03536348803482543,0.09691535234058574,0.035363488034825426,0,100
A_well_specified,10,36,input_dependent_nonordinal,0,266,1,1.537593984962406,1.537593984962406,0,0.4767817972995911,0.025119442006756164,0.3537658524676658,0.025119442006756164,0,10
A_well_specified,10,36,input_dependent_ordinal,2,1205,0.9676348547717842,2.2564315352697095,2.2564315352697095,0,0.6224843381388361,0.045587717105878334,0.1625422338166232,0.045587717105878334,0,100
A_well_specified,10,36,input_dependent_ordinal,3,1168,0.8707191780821918,2.287671232876712,2.287671232876712,0,0.687182131692893,0.04632208021925144,-0.0390627078551945,0.04632208021925144,0,100
A_well_specified,10,36,input_dependent_ordinal,1,1183,0.9425190194420964,2.31614539306847,2.31614539306847,0,0.5395609622888877,0.04108035248639613,0.041759419581675394,0.04108035248639613,0,100
A_well_specified,10,36,input_dependent_ordinal,4,1178,0.9354838709677419,1.6511035653650254,1.6511035653650254,0,0.7627948474956284,0.04697670516316743,0.07777458534856874,0.04697670516316743,0,100
A_well_specified,10,36,input_dependent_ordinal,0,266,1,1.5225563909774436,1.5225563909774436,0,0.47109793530488553,0.04144866917779633,0.300933521777757,0.04144866917779633,0,10
A_well_specified,10,37,independent_mondrian,2,1171,0.9163108454312553,2.167378309137489,2.167378309137489,0,0.0,0.0,0.6991486899089325,0.0,0,100
A_well_specified,10,37,independent_mondrian,4,1194,0.9154103852596315,1.6130653266331658,1.6130653266331658,0,0.0,0.0,0.8353071992659724,0.0,0,100
A_well_specified,10,37,independent_mondrian,3,1196,0.8971571906354515,2.2918060200668897,2.2918060200668897,0,0.0,0.0,0.6792451965750963,0.0,0,100
A_well_specified,10,37,independent_mondrian,1,1191,0.8774139378673383,1.9638958858102435,1.9638958858102435,0,0.0,0.0,0.5751821639655925,0.0,0,100
A_well_specified,10,37,independent_mondrian,0,248,0.907258064516129,1.4919354838709677,1.4919354838709677,0,0.0,0.0,0.5068222639978235,0.0,0,10
A_well_specified,10,37,ordinal_cluster,2,1171,0.9052092228864219,2.210930828351836,2.210930828351836,0,0.0,0.0,0.6660075684277541,0.0,0,100
A_well_specified,10,37,ordinal_cluster,4,1194,0.8844221105527639,1.6072026800670016,1.6072026800670016,0,0.0,0.0,0.7452532359165037,0.0,0,100
A_well_specified,10,37,ordinal_cluster,3,1196,0.9122073578595318,2.1956521739130435,2.1956521739130435,0,0.0,0.0,0.7165435815057493,0.0,0,100
A_well_specified,10,37,ordinal_cluster,1,1191,0.9051217464315701,2.0445004198152814,2.0445004198152814,0,0.0,0.0,0.6219826532132686,0.0,0,100
A_well_specified,10,37,ordinal_cluster,0,248,0.9274193548387096,1.560483870967742,1.560483870967742,0,0.0,0.0,0.5732350508342161,0.0,0,10
A_well_specified,10,37,input_dependent_nonordinal,2,1171,0.9094790777113578,2.085397096498719,2.085397096498719,0,0.5925365780836865,0.0373250656231133,0.03187480033745571,0.0373250656231133,0,100
A_well_specified,10,37,input_dependent_nonordinal,4,1194,0.9154103852596315,1.6289782244556115,1.6289782244556115,0,0.7362970243918112,0.04520845283373134,0.05651632493265635,0.04520845283373134,0,100
A_well_specified,10,37,input_dependent_nonordinal,3,1196,0.9297658862876255,2.1145484949832776,2.1145484949832776,0,0.6543475130258266,0.04459361398980674,0.08078631042101347,0.04459361398980674,0,100
A_well_specified,10,37,input_dependent_nonordinal,1,1191,0.8841309823677582,1.8413098236775818,1.8413098236775818,0,0.5081038075996109,0.03731958645562185,0.026837040140776813,0.03731958645562185,0,100
A_well_specified,10,37,input_dependent_nonordinal,0,248,0.8991935483870968,1.3790322580645162,1.3790322580645162,0,0.4147335604460821,0.01919255464906268,0.03919963632011336,0.01919255464906268,0,10
A_well_specified,10,37,input_dependent_ordinal,2,1171,0.9069171648163963,2.0964987190435527,2.0964987190435527,0,0.5823970647861356,0.03923599398513123,0.03457419856156929,0.03923599398513123,0,100
A_well_specified,10,37,input_dependent_ordinal,4,1194,0.916247906197655,1.6306532663316582,1.6306532663316582,0,0.7394254633110732,0.046881271905252625,0.057025152051625394,0.046881271905252625,0,100
A_well_specified,10,37,input_dependent_ordinal,3,1196,0.9280936454849499,2.109531772575251,2.109531772575251,0,0.6556212603436882,0.04208443180753551,0.07563267748326818,0.042084431807535516,0,100
A_well_specified,10,37,input_dependent_ordinal,1,1191,0.8900083963056256,1.8790931989924433,1.8790931989924433,0,0.5109797093871233,0.03456872932045561,0.025472634984818776,0.03456872932045561,0,100
A_well_specified,10,37,input_dependent_ordinal,0,248,0.9032258064516129,1.3870967741935485,1.3870967741935485,0,0.4273381474123801,0.027198126928549532,0.056554700449046647,0.027198126928549532,0,10
A_well_specified,10,38,independent_mondrian,1,1183,0.9475908706677938,1.7954353338968723,1.7954353338968723,0,0.0,0.0,0.6987951747249251,0.0,0,100
A_well_specified,10,38,independent_mondrian,2,1215,0.897119341563786,2.325925925925926,2.325925925925926,0,0.0,0.0,0.6670126353462428,0.0,0,100
A_well_specified,10,38,independent_mondrian,3,1172,0.9129692832764505,2.287542662116041,2.287542662116041,0,0.0,0.0,0.745984367764952,0.0,0,100
A_well_specified,10,38,independent_mondrian,4,1189,0.9217830109335576,1.6694701429772918,1.6694701429772918,0,0.0,0.0,0.7755006221287265,0.0,0,100
A_well_specified,10,38,independent_mondrian,0,241,0.7385892116182573,1.4398340248962656,1.4398340248962656,0,0.0,0.0,0.3268621267169688,0.0,0,10
A_well_specified,10,38,ordinal_cluster,1,1183,0.9425190194420964,2.260355029585799,2.260355029585799,0,0.0,0.0,0.6670126353462428,0.0,0,100
A_well_specified,10,38,ordinal_cluster,2,1215,0.908641975308642,2.3522633744855965,2.3522633744855965,0,0.0,0.0,0.7016509676663064,0.0,0,100
A_well_specified,10,38,ordinal_cluster,3,1172,0.9104095563139932,2.302047781569966,2.302047781569966,0,0.0,0.0,0.7388233700082443,0.0,0,100
A_well_specified,10,38,ordinal_cluster,4,1189,0.9142136248948697,1.6703111858704793,1.6703111858704793,0,0.0,0.0,0.7602045204374276,0.0,0,100
A_well_specified,10,38,ordinal_cluster,0,241,0.950207468879668,1.6224066390041494,1.6224066390041494,0,0.0,0.0,0.6828200814287526,0.0,0,10
A_well_specified,10,38,input_dependent_nonordinal,1,1183,0.9475908706677938,1.7109044801352493,1.7109044801352493,0,0.49903427222924807,0.03651992414268499,0.10096872164595816,0.03651992414268499,0,100
A_well_specified,10,38,input_dependent_nonordinal,2,1215,0.8855967078189301,2.033744855967078,2.033744855967078,0,0.6119391414345906,0.03959575294773019,0.0038011344998428176,0.03959575294773019,0,100
A_well_specified,10,38,input_dependent_nonordinal,3,1172,0.8916382252559727,2.013651877133106,2.013651877133106,0,0.6827492004960426,0.039713828410331234,-0.007758780488358985,0.039713828410331234,0,100
A_well_specified,10,38,input_dependent_nonordinal,4,1189,0.8519764507989908,1.490328006728343,1.490328006728343,0,0.7539488203127603,0.05515055555366043,-0.09576806261381066,0.05515055555366043,0,100
A_well_specified,10,38,input_dependent_nonordinal,0,241,0.6016597510373444,1.1410788381742738,1.1410788381742738,0,0.4976018975719505,0.052353024147146626,-0.14839166353298733,0.052353024147146626,0,10
A_well_specified,10,38,input_dependent_ordinal,1,1183,0.9459002535925612,1.698224852071006,1.698224852071006,0,0.5139230317291829,0.03864691078038291,0.08244735654141033,0.03864691078038291,0,100
A_well_specified,10,38,input_dependent_ordinal,2,1215,0.8864197530864197,2.0139917695473253,2.0139917695473253,0,0.6108224545798804,0.04051857448255375,0.006428119202124882,0.04051857448255375,0,100
A_well_specified,10,38,input_dependent_ordinal,3,1172,0.8890784982935154,2.000853242320819,2.000853242320819,0,0.6874525503357238,0.04262514530427028,-0.013520423556759031,0.04262514530427028,0,100
A_well_specified,10,38,input_dependent_ordinal,4,1189,0.8452481076534903,1.4777123633305298,1.4777123633305298,0,0.7475297630785316,0.05103625729506353,-0.0987468043580021,0.05103625729506353,0,100
A_well_specified,10,38,input_dependent_ordinal,0,241,0.6639004149377593,1.2033195020746887,1.2033195020746887,0,0.4427151072617169,0.03541413137561526,-0.09747244510625813,0.03541413137561526,0,10
A_well_specified,10,39,independent_mondrian,3,1190,0.957983193277311,2.2857142857142856,2.2857142857142856,0,0.0,0.0,0.9205977013911386,0.0,0,100
A_well_specified,10,39,independent_mondrian,1,1115,0.9103139013452914,2.2080717488789237,2.2080717488789237,0,0.0,0.0,0.6035758475805487,0.0,0,100
A_well_specified,10,39,independent_mondrian,2,1233,0.9091646390916464,2.413625304136253,2.413625304136253,0,0.0,0.0,0.6664351377448626,0.0,0,100
A_well_specified,10,39,independent_mondrian,4,1200,0.8991666666666667,1.7983333333333333,1.7983333333333333,0,0.0,0.0,0.7879958771378729,0.0,0,100
A_well_specified,10,39,independent_mondrian,0,262,0.9389312977099237,1.534351145038168,1.534351145038168,0,0.0,0.0,0.610667881745057,0.0,0,10
A_well_specified,10,39,ordinal_cluster,3,1190,0.9193277310924369,2.250420168067227,2.250420168067227,0,0.0,0.0,0.7663423311936827,0.0,0,100
A_well_specified,10,39,ordinal_cluster,1,1115,0.9130044843049328,2.1309417040358745,2.1309417040358745,0,0.0,0.0,0.6081903273774056,0.0,0,100
A_well_specified,10,39,ordinal_cluster,2,1233,0.9091646390916464,2.313057583130576,2.313057583130576,0,0.0,0.0,0.6665875377078557,0.0,0,100
A_well_specified,10,39,ordinal_cluster,4,1200,0.9008333333333334,1.6841666666666666,1.6841666666666666,0,0.0,0.0,0.789616703823857,0.0,0,100
A_well_specified,10,39,ordinal_cluster,0,262,0.9389312977099237,1.5305343511450382,1.5305343511450382,0,0.0,0.0,0.6035758475805487,0.0,0,10
A_well_specified,10,39,input_dependent_nonordinal,3,1190,0.9210084033613445,2.023529411764706,2.023529411764706,0,0.6857568221866583,0.036734478579098125,0.03430788208911051,0.036734478579098125,0,100
A_well_specified,10,39,input_dependent_nonordinal,1,1115,0.8896860986547085,1.7650224215246637,1.7650224215246637,0,0.5010917354303478,0.02665419592241913,0.01302482319277165,0.02665419592241913,0,100
A_well_specified,10,39,input_dependent_nonordinal,2,1233,0.8824006488240065,2.0413625304136254,2.0413625304136254,0,0.6246828093320683,0.047238931012604686,-0.038641496608161185,0.047238931012604686,0,100
A_well_specified,10,39,input_dependent_nonordinal,4,1200,0.91,1.6033333333333333,1.6033333333333333,0,0.7684524821766298,0.04303013017180892,-0.0025311684619303554,0.04303013017180892,0,100
A_well_specified,10,39,input_dependent_nonordinal,0,262,0.9236641221374046,1.3893129770992367,1.3893129770992367,0,0.40548622535823164,0.023008699496196088,0.07705064670023787,0.023008699496196088,0,10
A_well_specified,10,39,input_dependent_ordinal,3,1190,0.9201680672268907,2.0361344537815125,2.0361344537815125,0,0.6876618748988766,0.03869792537682571,0.03279945094998199,0.03869792537682571,0,100
A_well_specified,10,39,input_dependent_ordinal,1,1115,0.8995515695067264,1.7775784753363228,1.7775784753363228,0,0.5092694691660017,0.032031396925628376,0.01580668517589101,0.032031396925628376,0,100
A_well_specified,10,39,input_dependent_ordinal,2,1233,0.8921330089213301,2.061638280616383,2.061638280616383,0,0.6065341376647818,0.03572971542819,-0.013488343730203689,0.03572971542819,0,100
A_well_specified,10,39,input_dependent_ordinal,4,1200,0.9066666666666666,1.5958333333333334,1.5958333333333334,0,0.7740934112597156,0.04602748689563024,-0.013683690650427627,0.04602748689563024,0,100
A_well_specified,10,39,input_dependent_ordinal,0,262,0.9236641221374046,1.3931297709923665,1.3931297709923665,0,0.41590043746991023,0.025165509356430107,0.06076550764372113,0.025165509356430107,0,10
A_well_specified,10,40,independent_mondrian,0,279,0.967741935483871,1.4516129032258065,1.4516129032258065,0,0.0,0.0,0.6386246963815636,0.0,0,10
A_well_specified,10,40,independent_mondrian,2,1145,0.8427947598253275,1.9860262008733625,1.9860262008733625,0,0.0,0.0,0.5476144909630344,0.0,0,100
A_well_specified,10,40,independent_mondrian,4,1207,0.8724109362054681,1.4747307373653686,1.4747307373653686,0,0.0,0.0,0.7236908794329522,0.0,0,100
A_well_specified,10,40,independent_mondrian,1,1198,0.8831385642737897,1.9265442404006679,1.9265442404006679,0,0.0,0.0,0.5542517086303597,0.0,0,100
A_well_specified,10,40,independent_mondrian,3,1171,0.8684884713919727,2.0008539709649873,2.0008539709649873,0,0.0,0.0,0.6127425685426683,0.0,0,100
A_well_specified,10,40,ordinal_cluster,0,279,0.942652329749104,1.4157706093189963,1.4157706093189963,0,0.0,0.0,0.5542517086303597,0.0,0,10
A_well_specified,10,40,ordinal_cluster,2,1145,0.8602620087336245,1.977292576419214,1.977292576419214,0,0.0,0.0,0.5810679685927436,0.0,0,100
A_well_specified,10,40,ordinal_cluster,4,1207,0.8500414250207126,1.4805302402651201,1.4805302402651201,0,0.0,0.0,0.6715887445138881,0.0,0,100
A_well_specified,10,40,ordinal_cluster,1,1198,0.8781302170283807,1.8380634390651085,1.8380634390651085,0,0.0,0.0,0.5494234274593847,0.0,0,100
A_well_specified,10,40,ordinal_cluster,3,1171,0.8770281810418445,1.9854824935952178,1.9854824935952178,0,0.0,0.0,0.635276532754348,0.0,0,100
A_well_specified,10,40,input_dependent_nonordinal,0,279,0.8673835125448028,1.3082437275985663,1.3082437275985663,0,0.4272384002068525,0.02852870043073971,-0.007096872896597661,0.02852870043073971,0,10
A_well_specified,10,40,input_dependent_nonordinal,2,1145,0.8637554585152838,1.953711790393013,1.953711790393013,0,0.5587550408222042,0.029773020447470665,0.013210858591448438,0.029773020447470665,0,100
A_well_specified,10,40,input_dependent_nonordinal,4,1207,0.8815244407622204,1.5426677713338857,1.5426677713338857,0,0.7386418517769281,0.04221010789754553,-0.005303819780663077,0.04221010789754553,0,100
A_well_specified,10,40,input_dependent_nonordinal,1,1198,0.9031719532554258,1.7479131886477461,1.7479131886477461,0,0.5385705999985974,0.03642843176774279,0.01508977349845425,0.03642843176774279,0,100
A_well_specified,10,40,input_dependent_nonordinal,3,1171,0.9035012809564474,2.008539709649872,2.008539709649872,0,0.7106465600680042,0.0404575072643506,-0.027206045556058878,0.0404575072643506,0,100
A_well_specified,10,40,input_dependent_ordinal,0,279,0.8530465949820788,1.2831541218637992,1.2831541218637992,0,0.4339170254018477,0.02974764469983652,-0.018394237348415277,0.02974764469983652,0,10
A_well_specified,10,40,input_dependent_ordinal,2,1145,0.8602620087336245,1.9502183406113538,1.9502183406113538,0,0.5916307537284313,0.03415217702836438,-0.017935407208830134,0.03415217702836438,0,100
A_well_specified,10,40,input_dependent_ordinal,4,1207,0.8815244407622204,1.5418392709196354,1.5418392709196354,0,0.7492765885049937,0.042094841899813766,-0.01578450473867221,0.042094841899813766,0,100
A_well_specified,10,40,input_dependent_ordinal,1,1198,0.8973288814691152,1.7404006677796326,1.7404006677796326,0,0.5234083913840486,0.03304164567581266,0.019779214563560132,0.03304164567581266,0,100
A_well_specified,10,40,input_dependent_ordinal,3,1171,0.9043552519214346,2.0068317677198975,2.0068317677198975,0,0.6781658754944795,0.0380420113000235,0.007905700474524324,0.0380420113000235,0,100
A_well_specified,10,41,independent_mondrian,4,1216,0.90625,1.6842105263157894,1.6842105263157894,0,0.0,0.0,0.8101340635997877,0.0,0,100
A_well_specified,10,41,independent_mondrian,2,1149,0.9120974760661444,2.1688424717145343,2.1688424717145343,0,0.0,0.0,0.6595904096634541,0.0,0,100
A_well_specified,10,41,independent_mondrian,1,1183,0.8596787827557059,1.973795435333897,1.973795435333897,0,0.0,0.0,0.4726410850762126,0.0,0,100
A_well_specified,10,41,independent_mondrian,3,1182,0.9331641285956007,2.253807106598985,2.253807106598985,0,0.0,0.0,0.8026144949511027,0.0,0,100
A_well_specified,10,41,independent_mondrian,0,270,0.9444444444444444,1.2703703703703704,1.2703703703703704,0,0.0,0.0,0.537991423697015,0.0,0,10
A_well_specified,10,41,ordinal_cluster,4,1216,0.9037828947368421,1.6167763157894737,1.6167763157894737,0,0.0,0.0,0.8026144949511027,0.0,0,100
A_well_specified,10,41,ordinal_cluster,2,1149,0.8859878154917319,2.1679721496953874,2.1679721496953874,0,0.0,0.0,0.6163968773628,0.0,0,100
A_well_specified,10,41,ordinal_cluster,1,1183,0.8994082840236687,1.8300929839391378,1.8300929839391378,0,0.0,0.0,0.552216389278804,0.0,0,100
A_well_specified,10,41,ordinal_cluster,3,1182,0.9153976311336718,2.1895093062605753,2.1895093062605753,0,0.0,0.0,0.7492418021145755,0.0,0,100
A_well_specified,10,41,ordinal_cluster,0,270,0.9074074074074074,1.337037037037037,1.337037037037037,0,0.0,0.0,0.4726410850762126,0.0,0,10
A_well_specified,10,41,input_dependent_nonordinal,4,1216,0.8881578947368421,1.5879934210526316,1.5879934210526316,0,0.7230899433103829,0.050285929577790614,0.01775657925573043,0.050285929577790614,0,100
A_well_specified,10,41,input_dependent_nonordinal,2,1149,0.9208006962576153,2.2010443864229763,2.2010443864229763,0,0.6244560290256929,0.0330265210033269,0.015860882495691953,0.0330265210033269,0,100
A_well_specified,10,41,input_dependent_nonordinal,1,1183,0.8960270498732037,1.9551986475063399,1.9551986475063399,0,0.5371752134549177,0.03258177377718908,-0.03870677415409701,0.03258177377718908,0,100
A_well_specified,10,41,input_dependent_nonordinal,3,1182,0.94331641285956,2.0846023688663284,2.0846023688663284,0,0.6845781542150842,0.04730842428577488,0.09034682205507977,0.04730842428577488,0,100
A_well_specified,10,41,input_dependent_nonordinal,0,270,0.9814814814814815,1.385185185185185,1.385185185185185,0,0.4695041554649603,0.0416197085675084,0.10973997203478938,0.041619708567508386,0,10
A_well_specified,10,41,input_dependent_ordinal,4,1216,0.8881578947368421,1.578125,1.578125,0,0.7315450371100728,0.048660235299333575,0.007602209762332168,0.048660235299333575,0,100
A_well_specified,10,41,input_dependent_ordinal,2,1149,0.9155787641427328,2.1688424717145343,2.1688424717145343,0,0.6229050278260341,0.038886278301437954,0.0073698563688002205,0.038886278301437954,0,100
A_well_specified,10,41,input_dependent_ordinal,1,1183,0.8960270498732037,1.8858833474218089,1.8858833474218089,0,0.5446561929587602,0.03317772059714033,-0.045153498669724346,0.03317772059714033,0,100
A_well_specified,10,41,input_dependent_ordinal,3,1182,0.9416243654822335,2.0642978003384096,2.0642978003384096,0,0.672804042137338,0.0445676357626343,0.09446772152756927,0.0445676357626343,0,100
A_well_specified,10,41,input_dependent_ordinal,0,270,0.9666666666666667,1.3777777777777778,1.3777777777777778,0,0.4687810225488078,0.029258021905021563,0.05736593173597948,0.029258021905021563,0,10
A_well_specified,10,42,independent_mondrian,3,1197,0.9131161236424394,2.035923141186299,2.035923141186299,0,0.0,0.0,0.7211271108958888,0.0,0,100
A_well_specified,10,42,independent_mondrian,1,1159,0.907679033649698,1.6591889559965487,1.6591889559965487,0,0.0,0.0,0.5769129411317265,0.0,0,100
A_well_specified,10,42,independent_mondrian,0,250,0.84,1.28,1.28,0,0.0,0.0,0.4282800754427548,0.0,0,10
A_well_specified,10,42,independent_mondrian,2,1181,0.8721422523285352,2.08467400508044,2.08467400508044,0,0.0,0.0,0.5612181237536662,0.0,0,100
A_well_specified,10,42,independent_mondrian,4,1213,0.8928276999175597,1.5795548227535037,1.5795548227535037,0,0.0,0.0,0.6995461540679457,0.0,0,100
A_well_specified,10,42,ordinal_cluster,3,1197,0.9039264828738512,2.0969089390142024,2.0969089390142024,0,0.0,0.0,0.6818238168764565,0.0,0,100
A_well_specified,10,42,ordinal_cluster,1,1159,0.902502157031924,1.9404659188955997,1.9404659188955997,0,0.0,0.0,0.5612181237536662,0.0,0,100
A_well_specified,10,42,ordinal_cluster,0,250,0.92,1.352,1.352,0,0.0,0.0,0.5764047188104147,0.0,0,10
A_well_specified,10,42,ordinal_cluster,2,1181,0.8983911939034717,2.073666384419983,2.073666384419983,0,0.0,0.0,0.6188502263396168,0.0,0,100
A_well_specified,10,42,ordinal_cluster,4,1213,0.8936521022258862,1.5597691673536687,1.5597691673536687,0,0.0,0.0,0.701401026221862,0.0,0,100
A_well_specified,10,42,input_dependent_nonordinal,3,1197,0.9281537176274018,2.0133667502088555,2.0133667502088555,0,0.6722205644473038,0.02765105585464522,0.050514933479219815,0.02765105585464522,0,100
A_well_specified,10,42,input_dependent_nonordinal,1,1159,0.8757549611734253,1.8308886971527178,1.8308886971527178,0,0.5522043285154473,0.032991877630089574,-0.05713712497933471,0.032991877630089574,0,100
A_well_specified,10,42,input_dependent_nonordinal,0,250,0.964,1.38,1.38,0,0.4627737560214663,0.02530195580625123,0.12267601237824005,0.02530195580625123,0,10
A_well_specified,10,42,input_dependent_nonordinal,2,1181,0.9085520745131245,2.0584250635055037,2.0584250635055037,0,0.5878570971614347,0.036948176023330864,0.011049147038574292,0.036948176023330864,0,100
A_well_specified,10,42,input_dependent_nonordinal,4,1213,0.8961253091508656,1.5902720527617478,1.5902720527617478,0,0.7572578441055469,0.04330897322499366,-0.04858998591524605,0.04330897322499366,0,100
A_well_specified,10,42,input_dependent_ordinal,3,1197,0.9289891395154553,1.998329156223893,1.998329156223893,0,0.6742202802628282,0.03532399373831442,0.060919861765279415,0.03532399373831442,0,100
A_well_specified,10,42,input_dependent_ordinal,1,1159,0.8757549611734253,1.8472821397756687,1.8472821397756687,0,0.5330964321809964,0.03216602341041535,-0.041174823103138636,0.03216602341041535,0,100
A_well_specified,10,42,input_dependent_ordinal,0,250,0.964,1.372,1.372,0,0.4838533325213027,0.0264409509679468,0.1050950781422671,0.0264409509679468,0,10
A_well_specified,10,42,input_dependent_ordinal,2,1181,0.9093988145639289,2.0575783234546994,2.0575783234546994,0,0.6094628568309953,0.03318582089452581,-0.01410444847988962,0.03318582089452581,0,100
A_well_specified,10,42,input_dependent_ordinal,4,1213,0.8944765045342127,1.5935696619950537,1.5935696619950537,0,0.749738894769603,0.03839129681942465,-0.05154423220974769,0.03839129681942465,0,100
A_well_specified,10,43,independent_mondrian,2,1201,0.8742714404662781,2.1332223147377185,2.1332223147377185,0,0.0,0.0,0.6062009418489981,0.0,0,100
A_well_specified,10,43,independent_mondrian,3,1164,0.8187285223367697,2.1013745704467355,2.1013745704467355,0,0.0,0.0,0.562018449649435,0.0,0,100
A_well_specified,10,43,independent_mondrian,4,1203,0.913549459684123,1.4796342477140483,1.4796342477140483,0,0.0,0.0,0.7731712868775606,0.0,0,100
A_well_specified,10,43,independent_mondrian,1,1169,0.9315654405474765,2.2395209580838324,2.2395209580838324,0,0.0,0.0,0.6434991863992923,0.0,0,100
A_well_specified,10,43,independent_mondrian,0,263,0.9809885931558935,1.5361216730038023,1.5361216730038023,0,0.0,0.0,0.7991605567495002,0.0,0,10
A_well_specified,10,43,ordinal_cluster,2,1201,0.8742714404662781,2.1590341382181517,2.1590341382181517,0,0.0,0.0,0.6054579563336344,0.0,0,100
A_well_specified,10,43,ordinal_cluster,3,1164,0.865979381443299,2.0197594501718212,2.0197594501718212,0,0.0,0.0,0.6593619061664362,0.0,0,100
A_well_specified,10,43,ordinal_cluster,4,1203,0.8645054031587698,1.5245220282626766,1.5245220282626766,0,0.0,0.0,0.6659080324846102,0.0,0,100
A_well_specified,10,43,ordinal_cluster,1,1169,0.9315654405474765,2.0761334473909323,2.0761334473909323,0,0.0,0.0,0.6434991863992923,0.0,0,100
A_well_specified,10,43,ordinal_cluster,0,263,0.9657794676806084,1.520912547528517,1.520912547528517,0,0.0,0.0,0.6496515162977142,0.0,0,10
A_well_specified,10,43,input_dependent_nonordinal,2,1201,0.8709408825978351,1.9816819317235637,1.9816819317235637,0,0.5785541715569843,0.03290279683425383,-0.01698856674537874,0.03290279683425383,0,100
A_well_specified,10,43,input_dependent_nonordinal,3,1164,0.8865979381443299,1.981958762886598,1.981958762886598,0,0.6734470616695153,0.03714193709816212,-0.013573176068319648,0.03714193709816212,0,100
A_well_specified,10,43,input_dependent_nonordinal,4,1203,0.9085619285120532,1.5328345802161263,1.5328345802161263,0,0.7543477214914566,0.046051998332676015,-0.030949113838123488,0.046051998332676015,0,100
A_well_specified,10,43,input_dependent_nonordinal,1,1169,0.8785286569717707,1.8135158254918733,1.8135158254918733,0,0.508898358742791,0.042160796951042766,0.0060820001205513785,0.042160796951042766,0,100
A_well_specified,10,43,input_dependent_nonordinal,0,263,0.973384030418251,1.361216730038023,1.361216730038023,0,0.44090075095976167,0.023203075385985344,0.14841227591249362,0.023203075385985344,0,10
A_well_specified,10,43,input_dependent_ordinal,2,1201,0.8576186511240633,1.9833472106577852,1.9833472106577852,0,0.5864958304369359,0.03716943878461789,-0.03745688000186029,0.037169438784617884,0,100
A_well_specified,10,43,input_dependent_ordinal,3,1164,0.8943298969072165,1.981958762886598,1.981958762886598,0,0.6773977513917091,0.03999265077284332,-0.005574811087796283,0.039992650772843336,0,100
A_well_specified,10,43,input_dependent_ordinal,4,1203,0.9093931837073982,1.5436408977556109,1.5436408977556109,0,0.748689069038454,0.043009357139329366,-0.02320963170706347,0.043009357139329366,0,100
A_well_specified,10,43,input_dependent_ordinal,1,1169,0.9067579127459366,1.8100940975192472,1.8100940975192472,0,0.5050307317682932,0.03491081386831166,0.029820466477061602,0.03491081386831166,0,100
A_well_specified,10,43,input_dependent_ordinal,0,263,0.9581749049429658,1.349809885931559,1.349809885931559,0,0.433099411823966,0.0314700867324755,0.12167304440914373,0.0314700867324755,0,10
A_well_specified,10,44,independent_mondrian,4,1140,0.8956140350877193,1.6140350877192982,1.6140350877192982,0,0.0,0.0,0.7536700134102854,0.0,0,100
A_well_specified,10,44,independent_mondrian,2,1206,0.9203980099502488,2.3822553897180763,2.3822553897180763,0,0.0,0.0,0.664856527027907,0.0,0,100
A_well_specified,10,44,independent_mondrian,1,1199,0.9641367806505421,2.1851542952460385,2.1851542952460385,0,0.0,0.0,0.7475064966996802,0.0,0,100
A_well_specified,10,44,independent_mondrian,3,1198,0.8998330550918197,2.2612687813021703,2.2612687813021703,0,0.0,0.0,0.6990744020439665,0.0,0,100
A_well_specified,10,44,independent_mondrian,0,257,0.9571984435797666,1.7315175097276265,1.7315175097276265,0,0.0,0.0,0.6462123847453851,0.0,0,10
A_well_specified,10,44,ordinal_cluster,4,1140,0.887719298245614,1.6149122807017544,1.6149122807017544,0,0.0,0.0,0.7219440822702551,0.0,0,100
A_well_specified,10,44,ordinal_cluster,2,1206,0.9220563847429519,2.3117744610281923,2.3117744610281923,0,0.0,0.0,0.680417747792635,0.0,0,100
A_well_specified,10,44,ordinal_cluster,1,1199,0.9457881567973311,2.300250208507089,2.300250208507089,0,0.0,0.0,0.664856527027907,0.0,0,100
A_well_specified,10,44,ordinal_cluster,3,1198,0.9015025041736227,2.214524207011686,2.214524207011686,0,0.0,0.0,0.7028607210295806,0.0,0,100
A_well_specified,10,44,ordinal_cluster,0,257,0.9766536964980544,1.6264591439688716,1.6264591439688716,0,0.0,0.0,0.7252097192768343,0.0,0,10
A_well_specified,10,44,input_dependent_nonordinal,4,1140,0.9122807017543859,1.5763157894736841,1.5763157894736841,0,0.7372828142401013,0.042220593625002245,0.02831335704542004,0.042220593625002245,0,100
A_well_specified,10,44,input_dependent_nonordinal,2,1206,0.8922056384742952,2.1144278606965172,2.1144278606965172,0,0.6172442584572445,0.042568489477361214,-0.026346948777142443,0.042568489477361214,0,100
A_well_specified,10,44,input_dependent_nonordinal,1,1199,0.9524603836530442,1.7522935779816513,1.7522935779816513,0,0.523972660929719,0.03207381352934429,0.10911471948944568,0.03207381352934429,0,100
A_well_specified,10,44,input_dependent_nonordinal,3,1198,0.8898163606010017,2.028380634390651,2.028380634390651,0,0.6935160461418566,0.04995713809414804,-0.01670998483654773,0.04995713809414804,0,100
A_well_specified,10,44,input_dependent_nonordinal,0,257,0.8521400778210116,1.4085603112840468,1.4085603112840468,0,0.4551887993385412,0.03145300873799357,-0.06294910483926575,0.03145300873799357,0,10
A_well_specified,10,44,input_dependent_ordinal,4,1140,0.9070175438596492,1.5605263157894738,1.5605263157894738,0,0.7493868706614929,0.047666993906992715,0.016012019987979742,0.047666993906992715,0,100
A_well_specified,10,44,input_dependent_ordinal,2,1206,0.8897180762852405,2.101990049751244,2.101990049751244,0,0.6112931883983668,0.039173403787966236,-0.028613991019922125,0.039173403787966236,0,100
A_well_specified,10,44,input_dependent_ordinal,1,1199,0.9516263552960801,1.724770642201835,1.724770642201835,0,0.5280904332520606,0.03515379424576256,0.10514623221624012,0.035153794245762544,0,100
A_well_specified,10,44,input_dependent_ordinal,3,1198,0.8814691151919867,2.0091819699499167,2.0091819699499167,0,0.679016176708385,0.04356506643278428,-0.01967247104634462,0.04356506643278428,0,100
A_well_specified,10,44,input_dependent_ordinal,0,257,0.8132295719844358,1.3618677042801557,1.3618677042801557,0,0.4708736280536507,0.03445571078533426,-0.09048055445253966,0.03445571078533426,0,10
A_well_specified,10,45,independent_mondrian,1,1189,0.8788898233809924,2.178301093355761,2.178301093355761,0,0.0,0.0,0.5137533725288678,0.0,0,100
A_well_specified,10,45,independent_mondrian,3,1213,0.8821104699093157,2.154987633965375,2.154987633965375,0,0.0,0.0,0.6665219361574699,0.0,0,100
A_well_specified,10,45,independent_mondrian,2,1153,0.9210754553339116,2.061578490893322,2.061578490893322,0,0.0,0.0,0.6727898912840667,0.0,0,100
A_well_specified,10,45,independent_mondrian,4,1187,0.8803706823925863,1.5349620893007583,1.5349620893007583,0,0.0,0.0,0.724115247812656,0.0,0,100
A_well_specified,10,45,independent_mondrian,0,258,0.9689922480620154,1.3410852713178294,1.3410852713178294,0,0.0,0.0,0.7001579443076895,0.0,0,10
A_well_specified,10,45,ordinal_cluster,1,1189,0.8982338099243061,1.8317914213624895,1.8317914213624895,0,0.0,0.0,0.5719261136917727,0.0,0,100
A_well_specified,10,45,ordinal_cluster,3,1213,0.8911788953009069,2.0321516900247323,2.0321516900247323,0,0.0,0.0,0.6881745597823369,0.0,0,100
A_well_specified,10,45,ordinal_cluster,2,1153,0.8872506504770165,2.071986123156982,2.071986123156982,0,0.0,0.0,0.5860541947856507,0.0,0,100
A_well_specified,10,45,ordinal_cluster,4,1187,0.8719460825610783,1.518955349620893,1.518955349620893,0,0.0,0.0,0.7013569113519692,0.0,0,100
A_well_specified,10,45,ordinal_cluster,0,258,0.9031007751937985,1.375968992248062,1.375968992248062,0,0.0,0.0,0.5182967266085194,0.0,0,10
A_well_specified,10,45,input_dependent_nonordinal,1,1189,0.8292682926829268,1.7451640033641715,1.7451640033641715,0,0.5267639468054596,0.042885924710152346,-0.06071016137616572,0.04288592471015236,0,100
A_well_specified,10,45,input_dependent_nonordinal,3,1213,0.9084913437757626,1.9917559769167354,1.9917559769167354,0,0.693071513413595,0.03897724722552663,-0.021977974827213975,0.03897724722552663,0,100
A_well_specified,10,45,input_dependent_nonordinal,2,1153,0.9340849956634866,1.945359930615785,1.945359930615785,0,0.5900875863369046,0.031966799214749535,0.053326833125062256,0.031966799214749535,0,100
A_well_specified,10,45,input_dependent_nonordinal,4,1187,0.8374052232518955,1.464195450716091,1.464195450716091,0,0.7362736806565044,0.03757398082302288,-0.09231988604409413,0.03757398082302288,0,100
A_well_specified,10,45,input_dependent_nonordinal,0,258,0.8604651162790697,1.248062015503876,1.248062015503876,0,0.5175737765612158,0.05395169466524377,-0.0494286648356238,0.05395169466524377,0,10
A_well_specified,10,45,input_dependent_ordinal,1,1189,0.8250630782169891,1.7577796467619848,1.7577796467619848,0,0.5338262220097476,0.0411131616255322,-0.07433121231788739,0.0411131616255322,0,100
A_well_specified,10,45,input_dependent_ordinal,3,1213,0.909315746084089,1.980214344600165,1.980214344600165,0,0.6787082544212859,0.03864061733786281,-0.007685336856378622,0.03864061733786281,0,100
A_well_specified,10,45,input_dependent_ordinal,2,1153,0.9332176929748482,1.9323503902862098,1.9323503902862098,0,0.6018864094558151,0.038259961702912244,0.0469206466014398,0.038259961702912244,0,100
A_well_specified,10,45,input_dependent_ordinal,4,1187,0.8399326032013479,1.4692502106149958,1.4692502106149958,0,0.739632324069197,0.03508254417241558,-0.09732496438309035,0.03508254417241558,0,100
A_well_specified,10,45,input_dependent_ordinal,0,258,0.9031007751937985,1.2790697674418605,1.2790697674418605,0,0.48296875629049746,0.043447010828823227,0.008708826745697729,0.043447010828823227,0,10
A_well_specified,10,46,independent_mondrian,0,247,0.8704453441295547,1.388663967611336,1.388663967611336,0,0.0,0.0,0.4267605180532953,0.0,0,10
A_well_specified,10,46,independent_mondrian,1,1175,0.8953191489361703,1.9259574468085106,1.9259574468085106,0,0.0,0.0,0.5736704307726012,0.0,0,100
A_well_specified,10,46,independent_mondrian,2,1211,0.9339388934764657,2.087530966143683,2.087530966143683,0,0.0,0.0,0.7345996782666834,0.0,0,100
A_well_specified,10,46,independent_mondrian,3,1171,0.8838599487617421,2.25533731853117,2.25533731853117,0,0.0,0.0,0.6495973069081634,0.0,0,100
A_well_specified,10,46,independent_mondrian,4,1196,0.8837792642140468,1.5409698996655519,1.5409698996655519,0,0.0,0.0,0.7541873873176892,0.0,0,100
A_well_specified,10,46,ordinal_cluster,0,247,0.9473684210526315,1.562753036437247,1.562753036437247,0,0.0,0.0,0.5674935288468668,0.0,0,10
A_well_specified,10,46,ordinal_cluster,1,1175,0.916595744680851,2.006808510638298,2.006808510638298,0,0.0,0.0,0.6328595536088022,0.0,0,100
A_well_specified,10,46,ordinal_cluster,2,1211,0.8901734104046243,2.180842279108175,2.180842279108175,0,0.0,0.0,0.6342004537183638,0.0,0,100
A_well_specified,10,46,ordinal_cluster,3,1171,0.8983774551665243,2.1280956447480786,2.1280956447480786,0,0.0,0.0,0.7008943805516793,0.0,0,100
A_well_specified,10,46,ordinal_cluster,4,1196,0.8645484949832776,1.5459866220735785,1.5459866220735785,0,0.0,0.0,0.7008943805516793,0.0,0,100
A_well_specified,10,46,input_dependent_nonordinal,0,247,0.9392712550607287,1.4048582995951417,1.4048582995951417,0,0.4635240369241538,0.02177814683861508,0.012856769726198647,0.02177814683861508,0,10
A_well_specified,10,46,input_dependent_nonordinal,1,1175,0.8953191489361703,1.7846808510638297,1.7846808510638297,0,0.5217378788500272,0.030245187145855047,0.026456048354274064,0.030245187145855047,0,100
A_well_specified,10,46,input_dependent_nonordinal,2,1211,0.9132947976878613,2.003303055326177,2.003303055326177,0,0.6129887940777274,0.035643750837050146,0.005673319489125417,0.035643750837050146,0,100
A_well_specified,10,46,input_dependent_nonordinal,3,1171,0.8958155422715628,2.068317677198975,2.068317677198975,0,0.6694103327413927,0.03412490030655414,-0.03576710659773563,0.03412490030655414,0,100
A_well_specified,10,46,input_dependent_nonordinal,4,1196,0.9046822742474916,1.504180602006689,1.504180602006689,0,0.7287510968717298,0.03410373515477086,0.019673894554881333,0.03410373515477086,0,100
A_well_specified,10,46,input_dependent_ordinal,0,247,0.9554655870445344,1.417004048582996,1.417004048582996,0,0.46541331606292385,0.030453756275303136,0.04445652012594328,0.030453756275303136,0,10
A_well_specified,10,46,input_dependent_ordinal,1,1175,0.8961702127659574,1.8161702127659574,1.8161702127659574,0,0.5297163051039714,0.030099797545075954,0.018263796571430513,0.030099797545075954,0,100
A_well_specified,10,46,input_dependent_ordinal,2,1211,0.9108175061932288,2.0115606936416186,2.0115606936416186,0,0.6008505477772447,0.03174990069194919,0.012645078999100612,0.03174990069194919,0,100
A_well_specified,10,46,input_dependent_ordinal,3,1171,0.8958155422715628,2.070879590093937,2.070879590093937,0,0.6689867229054435,0.03464745521637349,-0.03417389421730299,0.03464745521637349,0,100
A_well_specified,10,46,input_dependent_ordinal,4,1196,0.9063545150501672,1.5,1.5,0,0.7332646535392457,0.035747483170536797,0.01725852160126584,0.035747483170536797,0,100
A_well_specified,10,47,independent_mondrian,1,1211,0.8645747316267548,1.866226259289843,1.866226259289843,0,0.0,0.0,0.4913954517696062,0.0,0,100
A_well_specified,10,47,independent_mondrian,4,1189,0.8780487804878049,1.695542472666106,1.695542472666106,0,0.0,0.0,0.7506130656721508,0.0,0,100
A_well_specified,10,47,independent_mondrian,2,1182,0.9289340101522843,2.1590524534686972,2.1590524534686972,0,0.0,0.0,0.7034399927349093,0.0,0,100
A_well_specified,10,47,independent_mondrian,3,1195,0.9188284518828452,2.23347280334728,2.23347280334728,0,0.0,0.0,0.7903537385869299,0.0,0,100
A_well_specified,10,47,independent_mondrian,0,223,0.8430493273542601,1.2062780269058295,1.2062780269058295,0,0.0,0.0,0.41380566238390726,0.0,0,10
A_well_specified,10,47,ordinal_cluster,1,1211,0.9009083402146986,1.8744838976052849,1.8744838976052849,0,0.0,0.0,0.5704193797741791,0.0,0,100
A_well_specified,10,47,ordinal_cluster,4,1189,0.8957106812447435,1.6450798990748527,1.6450798990748527,0,0.0,0.0,0.7823009489743319,0.0,0,100
A_well_specified,10,47,ordinal_cluster,2,1182,0.9018612521150592,2.1903553299492384,2.1903553299492384,0,0.0,0.0,0.6263346771321523,0.0,0,100
A_well_specified,10,47,ordinal_cluster,3,1195,0.9104602510460251,2.1958158995815897,2.1958158995815897,0,0.0,0.0,0.7457296128920542,0.0,0,100
A_well_specified,10,47,ordinal_cluster,0,223,0.9013452914798207,1.3542600896860986,1.3542600896860986,0,0.0,0.0,0.4897419644075841,0.0,0,10
A_well_specified,10,47,input_dependent_nonordinal,1,1211,0.8571428571428571,1.70355078447564,1.70355078447564,0,0.538494428916414,0.037086046576534824,-0.06243959720767733,0.037086046576534824,0,100
A_well_specified,10,47,input_dependent_nonordinal,4,1189,0.9142136248948697,1.592094196804037,1.592094196804037,0,0.7402099404460758,0.047661522476763966,0.044444185202538455,0.047661522476763966,0,100
A_well_specified,10,47,input_dependent_nonordinal,2,1182,0.8798646362098139,1.9475465313028766,1.9475465313028766,0,0.6221466256002957,0.03835374598720045,-0.03829182542247722,0.03835374598720045,0,100
A_well_specified,10,47,input_dependent_nonordinal,3,1195,0.9037656903765691,2.0259414225941423,2.0259414225941423,0,0.665058949760342,0.038386788528756606,0.005039342248071232,0.038386788528756606,0,100
A_well_specified,10,47,input_dependent_nonordinal,0,223,0.8340807174887892,1.201793721973094,1.201793721973094,0,0.4448001394530047,0.03071703751338452,-0.036657860645723656,0.03071703751338452,0,10
A_well_specified,10,47,input_dependent_ordinal,1,1211,0.8571428571428571,1.7027250206440958,1.7027250206440958,0,0.5427922770144198,0.03707496564012572,-0.0667455954570439,0.03707496564012572,0,100
A_well_specified,10,47,input_dependent_ordinal,4,1189,0.9125315391084945,1.5895710681244744,1.5895710681244744,0,0.7451488618573173,0.045663325148182624,0.03520299809121008,0.045663325148182624,0,100
A_well_specified,10,47,input_dependent_ordinal,2,1182,0.8815566835871405,1.9441624365482233,1.9441624365482233,0,0.6073421945652866,0.03716670281662227,-0.023412035399835218,0.03716670281662227,0,100
A_well_specified,10,47,input_dependent_ordinal,3,1195,0.902928870292887,2.019246861924686,2.019246861924686,0,0.6674489303882124,0.04160399909149087,0.0014598519044192182,0.04160399909149087,0,100
A_well_specified,10,47,input_dependent_ordinal,0,223,0.8340807174887892,1.201793721973094,1.201793721973094,0,0.4638618470418426,0.030929847539949373,-0.05485681977789422,0.030929847539949373,0,10
A_well_specified,10,48,independent_mondrian,1,1178,0.8675721561969439,2.3794567062818337,2.3794567062818337,0,0.0,0.0,0.48365366558771783,0.0,0,100
A_well_specified,10,48,independent_mondrian,4,1160,0.8646551724137931,1.7327586206896552,1.7327586206896552,0,0.0,0.0,0.688790185304552,0.0,0,100
A_well_specified,10,48,independent_mondrian,2,1196,0.9406354515050167,2.2433110367892977,2.2433110367892977,0,0.0,0.0,0.7593814634579721,0.0,0,100
A_well_specified,10,48,independent_mondrian,3,1227,0.9356153219233904,2.26161369193154,2.26161369193154,0,0.0,0.0,0.8499229664930704,0.0,0,100
A_well_specified,10,48,independent_mondrian,0,239,0.9623430962343096,1.3472803347280335,1.3472803347280335,0,0.0,0.0,0.7056947093242603,0.0,0,10
A_well_specified,10,48,ordinal_cluster,1,1178,0.898981324278438,1.8234295415959254,1.8234295415959254,0,0.0,0.0,0.5469608933197874,0.0,0,100
A_well_specified,10,48,ordinal_cluster,4,1160,0.8905172413793103,1.6051724137931034,1.6051724137931034,0,0.0,0.0,0.7499392756425827,0.0,0,100
A_well_specified,10,48,ordinal_cluster,2,1196,0.8846153846153846,2.1270903010033444,2.1270903010033444,0,0.0,0.0,0.5966508133449061,0.0,0,100
A_well_specified,10,48,ordinal_cluster,3,1227,0.9062754686226568,2.1312143439282805,2.1312143439282805,0,0.0,0.0,0.7499392756425827,0.0,0,100
A_well_specified,10,48,ordinal_cluster,0,239,0.895397489539749,1.3682008368200838,1.3682008368200838,0,0.0,0.0,0.4895098588596855,0.0,0,10
A_well_specified,10,48,input_dependent_nonordinal,1,1178,0.8930390492359932,1.9049235993208828,1.9049235993208828,0,0.543446314589361,0.03603013662656239,-0.022468592039518814,0.03603013662656239,0,100
A_well_specified,10,48,input_dependent_nonordinal,4,1160,0.8991379310344828,1.5655172413793104,1.5655172413793104,0,0.7241674396170272,0.03948087029606743,0.01282660059626628,0.03948087029606743,0,100
A_well_specified,10,48,input_dependent_nonordinal,2,1196,0.9297658862876255,2.016722408026756,2.016722408026756,0,0.5849079695039143,0.043429522948846014,0.0700209257564885,0.043429522948846014,0,100
A_well_specified,10,48,input_dependent_nonordinal,3,1227,0.895680521597392,2.0749796251018746,2.0749796251018746,0,0.6726620612102675,0.05005052182242495,0.016510364086824325,0.050050521822424934,0,100
A_well_specified,10,48,input_dependent_nonordinal,0,239,0.9330543933054394,1.3305439330543933,1.3305439330543933,0,0.46353937458343464,0.03313699689030277,0.0065936073822489005,0.03313699689030277,0,10
A_well_specified,10,48,input_dependent_ordinal,1,1178,0.8938879456706282,1.8777589134125636,1.8777589134125636,0,0.5436188462522605,0.03861344167884725,-0.02092488580847493,0.03861344167884725,0,100
A_well_specified,10,48,input_dependent_ordinal,4,1160,0.8991379310344828,1.5456896551724137,1.5456896551724137,0,0.7238598279746011,0.04454638368387478,0.023642718887392833,0.04454638368387478,0,100
A_well_specified,10,48,input_dependent_ordinal,2,1196,0.9297658862876255,1.9949832775919731,1.9949832775919731,0,0.598043608174089,0.040435816558066294,0.05071984096960025,0.040435816558066294,0,100
A_well_specified,10,48,input_dependent_ordinal,3,1227,0.8818255908720456,2.056234718826406,2.056234718826406,0,0.6634384799457227,0.043711555140645245,0.0004718142105261669,0.043711555140645245,0,100
A_well_specified,10,48,input_dependent_ordinal,0,239,0.9330543933054394,1.3347280334728033,1.3347280334728033,0,0.43701967124622415,0.03902114856093233,0.02675666379585151,0.03902114856093233,0,10
A_well_specified,10,49,independent_mondrian,4,1191,0.8782535684298909,1.672544080604534,1.672544080604534,0,0.0,0.0,0.743284827550613,0.0,0,100
A_well_specified,10,49,independent_mondrian,1,1186,0.8929173693086003,1.8330522765598651,1.8330522765598651,0,0.0,0.0,0.5417219661722239,0.0,0,100
A_well_specified,10,49,independent_mondrian,3,1187,0.9191238416175231,2.2266217354675653,2.2266217354675653,0,0.0,0.0,0.7787496027654612,0.0,0,100
A_well_specified,10,49,independent_mondrian,2,1164,0.9278350515463918,2.1597938144329896,2.1597938144329896,0,0.0,0.0,0.708449121155284,0.0,0,100
A_well_specified,10,49,independent_mondrian,0,272,0.8419117647058824,1.2610294117647058,1.2610294117647058,0,0.0,0.0,0.3469791976659907,0.0,0,10
A_well_specified,10,49,ordinal_cluster,4,1191,0.8900083963056256,1.6675062972292192,1.6675062972292192,0,0.0,0.0,0.7658311193410081,0.0,0,100
A_well_specified,10,49,ordinal_cluster,1,1186,0.9418212478920742,2.0860033726812817,2.0860033726812817,0,0.0,0.0,0.6507193504348979,0.0,0,100
A_well_specified,10,49,ordinal_cluster,3,1187,0.9115417017691659,2.2805391743892165,2.2805391743892165,0,0.0,0.0,0.7498055167068216,0.0,0,100
A_well_specified,10,49,ordinal_cluster,2,1164,0.9278350515463918,2.2938144329896906,2.2938144329896906,0,0.0,0.0,0.708449121155284,0.0,0,100
A_well_specified,10,49,ordinal_cluster,0,272,0.9595588235294118,1.5735294117647058,1.5735294117647058,0,0.0,0.0,0.528904708331007,0.0,0,10
A_well_specified,10,49,input_dependent_nonordinal,4,1191,0.8790931989924433,1.6087321578505458,1.6087321578505458,0,0.7431848005168225,0.04394748119699534,-0.015261639741942945,0.04394748119699534,0,100
A_well_specified,10,49,input_dependent_nonordinal,1,1186,0.9089376053962901,1.93929173693086,1.93929173693086,0,0.51862663401285,0.03654109701353526,0.012252638197265409,0.03654109701353526,0,100
A_well_specified,10,49,input_dependent_nonordinal,3,1187,0.9241786015164279,2.0741364785172705,2.0741364785172705,0,0.6906636094532601,0.04806792483377588,0.03627770953070719,0.04806792483377588,0,100
A_well_specified,10,49,input_dependent_nonordinal,2,1164,0.936426116838488,2.142611683848797,2.142611683848797,0,0.6035012020737545,0.03799072221891979,0.07847218716185139,0.03799072221891979,0,100
A_well_specified,10,49,input_dependent_nonordinal,0,272,0.9779411764705882,1.3602941176470589,1.3602941176470589,0,0.38410266009517924,0.042368155193397025,0.14980326955195622,0.042368155193397025,0,10
A_well_specified,10,49,input_dependent_ordinal,4,1191,0.8790931989924433,1.6129303106633082,1.6129303106633082,0,0.7544049423568379,0.04470417665023695,-0.02605263543226255,0.04470417665023695,0,100
A_well_specified,10,49,input_dependent_ordinal,1,1186,0.9072512647554806,1.9207419898819562,1.9207419898819562,0,0.5127991600653845,0.037965312242815595,0.016172442103378815,0.037965312242815595,0,100
A_well_specified,10,49,input_dependent_ordinal,3,1187,0.9267059814658803,2.0783487784330243,2.0783487784330243,0,0.676978598261453,0.04554295088028245,0.05032601137446646,0.04554295088028245,0,100
A_well_specified,10,49,input_dependent_ordinal,2,1164,0.9381443298969072,2.1417525773195876,2.1417525773195876,0,0.6046306196209805,0.03889634114723075,0.0807594946633694,0.03889634114723075,0,100
A_well_specified,10,49,input_dependent_ordinal,0,272,0.9779411764705882,1.3566176470588236,1.3566176470588236,0,0.4146800972494522,0.03773889311412221,0.10430285469508394,0.03773889311412221,0,10
A_well_specified,5,0,independent_mondrian,3,1196,0.8913043478260869,3.2433110367892977,4.573578595317726,0,0.0,0.0,0.6798042680026475,0.0,0,100
A_well_specified,5,0,independent_mondrian,4,1197,0.8721804511278195,2.6048454469507103,4.670843776106934,0,0.0,0.0,0.7512034282090898,0.0,0,100
A_well_specified,5,0,independent_mondrian,1,1219,0.9245283018867925,2.641509433962264,2.682526661197703,0,0.0,0.0,0.6365183612952675,0.0,0,100
A_well_specified,5,0,independent_mondrian,2,1138,0.9253075571177505,3.1432337434094904,3.646748681898067,0,0.0,0.0,0.6934249471100535,0.0,0,100
A_well_specified,5,0,independent_mondrian,0,250,1,1.66,1.66,0,0.0,0.0,inf,inf,1,5
A_well_specified,5,0,ordinal_cluster,3,1196,0.8946488294314381,2.1722408026755855,2.1722408026755855,0,0.0,0.0,0.6934249471100535,0.0,0,100
A_well_specified,5,0,ordinal_cluster,4,1197,0.858813700918964,1.5806182121971595,1.5806182121971595,0,0.0,0.0,0.7152552215404325,0.0,0,100
A_well_specified,5,0,ordinal_cluster,1,1219,0.9294503691550451,2.145200984413454,2.145200984413454,0,0.0,0.0,0.6501236480257561,0.0,0,100
A_well_specified,5,0,ordinal_cluster,2,1138,0.9086115992970123,2.2082601054481548,2.2082601054481548,0,0.0,0.0,0.6513906943998907,0.0,0,100
A_well_specified,5,0,ordinal_cluster,0,250,0.984,1.668,1.668,0,0.0,0.0,0.6365183612952675,0.0,0,5
A_well_specified,5,0,input_dependent_nonordinal,3,1196,0.8653846153846154,3.029264214046823,4.506688963210703,0.010869565217391304,0.6812406454051647,0.04040075223754376,-0.04387506250996687,0.04040075223754376,0,100
A_well_specified,5,0,input_dependent_nonordinal,4,1197,0.9147869674185464,2.558061821219716,4.775271512113617,0.005012531328320802,0.7708627759632195,0.05601950487489939,0.02097610046515197,0.05601950487489937,0,100
A_well_specified,5,0,input_dependent_nonordinal,1,1219,0.9204265791632485,2.479901558654635,2.5225594749794915,0.008203445447087777,0.5257241004051121,0.03177956108618987,0.02405164851469299,0.03177956108618987,0,100
A_well_specified,5,0,input_dependent_nonordinal,2,1138,0.9165202108963093,2.969244288224956,3.60896309314587,0.01845342706502636,0.5940343164915661,0.02458211313883808,0.011893776213960705,0.02458211313883808,0,100
A_well_specified,5,0,input_dependent_nonordinal,0,250,1,1.456,1.456,0,0.43591429584355024,0.01925998559969298,inf,inf,1,5
A_well_specified,5,0,input_dependent_ordinal,3,1196,0.8645484949832776,3.031772575250836,4.514214046822742,0.008361204013377926,0.684531643643104,0.04129348463648933,-0.04438525746369948,0.04129348463648933,0,100
A_well_specified,5,0,input_dependent_ordinal,4,1197,0.9164578111946533,2.5697577276524646,4.779448621553884,0.002506265664160401,0.7658062689865115,0.0508589139988829,0.03151721312014999,0.0508589139988829,0,100
A_well_specified,5,0,input_dependent_ordinal,1,1219,0.9204265791632485,2.4881050041017225,2.530762920426579,0.002461033634126333,0.5192667395420729,0.025294959273221715,0.035384703196016165,0.025294959273221715,0,100
A_well_specified,5,0,input_dependent_ordinal,2,1138,0.9147627416520211,2.9745166959578206,3.6072056239015815,0.014938488576449912,0.6004834079305148,0.03382441179817321,0.011251862662895962,0.03382441179817321,0,100
A_well_specified,5,0,input_dependent_ordinal,0,250,1,1.468,1.468,0,0.4408621527862175,0.019250847413462877,inf,inf,1,5
A_well_specified,5,1,independent_mondrian,1,1218,0.9211822660098522,2.5032840722495897,2.545977011494253,0,0.0,0.0,0.6084530025200274,0.0,0,100
A_well_specified,5,1,independent_mondrian,4,1157,0.8219533275713051,2.543647363872083,4.514261019878997,0,0.0,0.0,0.6193917682736686,0.0,0,100
A_well_specified,5,1,independent_mondrian,3,1209,0.9139784946236559,2.997518610421836,4.464846980976013,0,0.0,0.0,0.7427556787312335,0.0,0,100
A_well_specified,5,1,independent_mondrian,0,261,1,1.5402298850574712,1.5402298850574712,0,0.0,0.0,inf,inf,1,5
A_well_specified,5,1,independent_mondrian,2,1155,0.8606060606060606,3.1056277056277057,3.67012987012987,0,0.0,0.0,0.5913907611725279,0.0,0,100
A_well_specified,5,1,ordinal_cluster,1,1218,0.9211822660098522,2.1444991789819374,2.1444991789819374,0,0.0,0.0,0.60498054318953,0.0,0,100
A_well_specified,5,1,ordinal_cluster,4,1157,0.8401037165082109,1.4684528954191876,1.4684528954191876,0,0.0,0.0,0.6542384173489293,0.0,0,100
A_well_specified,5,1,ordinal_cluster,3,1209,0.8676592224979321,2.0372208436724564,2.0372208436724564,0,0.0,0.0,0.633702608026967,0.0,0,100
A_well_specified,5,1,ordinal_cluster,0,261,0.9616858237547893,1.4904214559386972,1.4904214559386972,0,0.0,0.0,0.6678586680053252,0.0,0,5
A_well_specified,5,1,ordinal_cluster,2,1155,0.8813852813852814,2.083116883116883,2.083116883116883,0,0.0,0.0,0.6381516557846287,0.0,0,100
A_well_specified,5,1,input_dependent_nonordinal,1,1218,0.9359605911330049,2.4129720853858787,2.447454844006568,0.0024630541871921183,0.5517502111101829,0.04686475748764998,0.03700879425581369,0.04686475748764999,0,100
A_well_specified,5,1,input_dependent_nonordinal,4,1157,0.8556611927398444,2.4796888504753674,4.60847018150389,0,0.7651735606555397,0.04269429615612903,-0.10744652220024298,0.04269429615612903,0,100
A_well_specified,5,1,input_dependent_nonordinal,3,1209,0.8990901571546733,2.9313482216708024,4.451612903225806,0.007444168734491315,0.670576276932977,0.03330494350593139,0.02559704463671053,0.03330494350593139,0,100
A_well_specified,5,1,input_dependent_nonordinal,0,261,1,1.4904214559386972,1.4904214559386972,0,0.49766290146262304,0.050958331292096704,inf,inf,1,5
A_well_specified,5,1,input_dependent_nonordinal,2,1155,0.812987012987013,2.8995670995670997,3.550649350649351,0.006060606060606061,0.5886998559160639,0.04774281740120837,-0.06455173235071393,0.04774281740120837,0,100
A_well_specified,5,1,input_dependent_ordinal,1,1218,0.9351395730706076,2.4154351395730704,2.4507389162561575,0.0016420361247947454,0.5403661650877142,0.04483588766781355,0.041200519533271446,0.04483588766781354,0,100
A_well_specified,5,1,input_dependent_ordinal,4,1157,0.8522039757994814,2.47104580812446,4.59723422644771,0,0.7478433813577636,0.03869701864324703,-0.10333011970904421,0.03869701864324703,0,100
A_well_specified,5,1,input_dependent_ordinal,3,1209,0.890818858560794,2.909015715467328,4.435070306038048,0.0024813895781637717,0.6879212402641987,0.04084015778639417,0.0031484870646422136,0.04084015778639417,0,100
A_well_specified,5,1,input_dependent_ordinal,0,261,1,1.4865900383141764,1.4865900383141764,0,0.4725749942010679,0.05302690442158013,inf,inf,1,5
A_well_specified,5,1,input_dependent_ordinal,2,1155,0.812987012987013,2.883982683982684,3.5402597402597404,0.004329004329004329,0.6058074592063892,0.04558435819156376,-0.08352573939262453,0.04558435819156376,0,100
A_well_specified,5,2,independent_mondrian,3,1162,0.9044750430292599,3.36144578313253,4.700516351118761,0,0.0,0.0,0.7191485882525809,0.0,0,100
A_well_specified,5,2,independent_mondrian,2,1197,0.9181286549707602,3.2548036758563073,3.8045112781954886,0,0.0,0.0,0.7032648100510706,0.0,0,100
A_well_specified,5,2,independent_mondrian,1,1179,0.926208651399491,2.6581849024597117,2.6980491942324005,0,0.0,0.0,0.6025100317658921,0.0,0,100
A_well_specified,5,2,independent_mondrian,0,244,1,1.5860655737704918,1.5860655737704918,0,0.0,0.0,inf,inf,1,5
A_well_specified,5,2,independent_mondrian,4,1218,0.9310344827586207,2.6945812807881775,4.793924466338259,0,0.0,0.0,0.8823350586375645,0.0,0,100
A_well_specified,5,2,ordinal_cluster,3,1162,0.9268502581755593,2.338209982788296,2.338209982788296,0,0.0,0.0,0.7735501845010687,0.0,0,100
A_well_specified,5,2,ordinal_cluster,2,1197,0.9081035923141186,2.380952380952381,2.380952380952381,0,0.0,0.0,0.6666959956159082,0.0,0,100
A_well_specified,5,2,ordinal_cluster,1,1179,0.9363867684478372,2.139100932994063,2.139100932994063,0,0.0,0.0,0.653174398808401,0.0,0,100
A_well_specified,5,2,ordinal_cluster,0,244,0.9139344262295082,1.5778688524590163,1.5778688524590163,0,0.0,0.0,0.6025100317658921,0.0,0,5
A_well_specified,5,2,ordinal_cluster,4,1218,0.916256157635468,1.7077175697865352,1.7077175697865352,0,0.0,0.0,0.8356861165831395,0.0,0,100
A_well_specified,5,2,input_dependent_nonordinal,3,1162,0.9173838209982789,3.2185886402753874,4.592082616179002,0.013769363166953529,0.6802425332676248,0.045360316100855544,0.02254175364651556,0.045360316100855544,0,100
A_well_specified,5,2,input_dependent_nonordinal,2,1197,0.9465329991645781,3.080200501253133,3.7218045112781954,0.014202172096908938,0.6078714168290237,0.032554650604465885,0.10565693013028155,0.032554650604465885,0,100
A_well_specified,5,2,input_dependent_nonordinal,1,1179,0.8982188295165394,2.5826972010178118,2.645462256149279,0.0033927056827820186,0.5353096098032287,0.04046809474781007,-0.01474711893211575,0.04046809474781005,0,100
A_well_specified,5,2,input_dependent_nonordinal,0,244,1,1.5081967213114753,1.5081967213114753,0,0.4946654398200794,0.02959292407489568,inf,inf,1,5
A_well_specified,5,2,input_dependent_nonordinal,4,1218,0.9334975369458128,2.654351395730706,4.817733990147783,0.003284072249589491,0.7779276440999114,0.04939198298487114,0.04715834212893388,0.04939198298487114,0,100
A_well_specified,5,2,input_dependent_ordinal,3,1162,0.9199655765920827,3.212564543889845,4.593803786574871,0.008605851979345954,0.6910801376963374,0.04206629188220804,0.014214309459787744,0.04206629188220804,0,100
A_well_specified,5,2,input_dependent_ordinal,2,1197,0.9465329991645781,3.0710108604845447,3.7251461988304095,0.010025062656641603,0.616951778340576,0.03980438960286524,0.09903504939969643,0.03980438960286524,0,100
A_well_specified,5,2,input_dependent_ordinal,1,1179,0.8837998303647159,2.5589482612383376,2.6276505513146735,0.0016963528413910093,0.5316980659744641,0.03561818476374309,-0.03085210571602548,0.03561818476374309,0,100
A_well_specified,5,2,input_dependent_ordinal,0,244,1,1.5,1.5,0,0.4725255237523075,0.03376896938148462,inf,inf,1,5
A_well_specified,5,2,input_dependent_ordinal,4,1218,0.9343185550082101,2.6666666666666665,4.818555008210181,0.003284072249589491,0.766376344853304,0.04912434923920215,0.058847165164738646,0.04912434923920215,0,100
A_well_specified,5,3,independent_mondrian,3,1164,0.8582474226804123,3.2740549828178693,4.600515463917525,0,0.0,0.0,0.6141739164791647,0.0,0,100
A_well_specified,5,3,independent_mondrian,1,1205,0.9195020746887966,2.6323651452282157,2.6730290456431534,0,0.0,0.0,0.603655560270023,0.0,0,100
A_well_specified,5,3,independent_mondrian,2,1171,0.9257045260461144,3.071733561058924,3.5807002561912893,0,0.0,0.0,0.7270880134425984,0.0,0,100
A_well_specified,5,3,independent_mondrian,0,261,1,1.6130268199233717,1.6130268199233717,0,0.0,0.0,inf,inf,1,5
A_well_specified,5,3,independent_mondrian,4,1199,0.9115929941618015,2.5362802335279397,4.783986655546289,0,0.0,0.0,0.7887819634506796,0.0,0,100
A_well_specified,5,3,ordinal_cluster,3,1164,0.9132302405498282,2.185567010309278,2.185567010309278,0,0.0,0.0,0.7394644190442253,0.0,0,100
A_well_specified,5,3,ordinal_cluster,1,1205,0.9360995850622407,2.0763485477178425,2.0763485477178425,0,0.0,0.0,0.6602597791679864,0.0,0,100
A_well_specified,5,3,ordinal_cluster,2,1171,0.8778821520068317,2.300597779675491,2.300597779675491,0,0.0,0.0,0.6214386664291536,0.0,0,100
A_well_specified,5,3,ordinal_cluster,0,261,0.9386973180076629,1.628352490421456,1.628352490421456,0,0.0,0.0,0.6214386664291536,0.0,0,5
A_well_specified,5,3,ordinal_cluster,4,1199,0.8940783986655546,1.6205170975813177,1.6205170975813177,0,0.0,0.0,0.7429927950728742,0.0,0,100
A_well_specified,5,3,input_dependent_nonordinal,3,1164,0.8565292096219931,2.9278350515463916,4.408075601374571,0.006872852233676976,0.6889231916200895,0.05036611238119402,-0.08344236071448674,0.05036611238119402,0,100
A_well_specified,5,3,input_dependent_nonordinal,1,1205,0.9178423236514522,2.444813278008299,2.4863070539419088,0,0.5197381819115299,0.029935139604267885,0.03464887648700371,0.029935139604267885,0,100
A_well_specified,5,3,input_dependent_nonordinal,2,1171,0.8753202391118702,2.8778821520068316,3.4970111016225447,0.004269854824935952,0.623464421142446,0.050232866831683515,-0.016220074585532318,0.050232866831683515,0,100
A_well_specified,5,3,input_dependent_nonordinal,0,261,1,1.4980842911877394,1.4980842911877394,0,0.4891020361097775,0.03963857093216927,inf,inf,1,5
A_well_specified,5,3,input_dependent_nonordinal,4,1199,0.8924103419516264,2.492910758965805,4.7347789824854045,0.0016680567139282735,0.722586977541712,0.04655396341500216,-0.016605397601544558,0.04655396341500216,0,100
A_well_specified,5,3,input_dependent_ordinal,3,1164,0.8565292096219931,2.920103092783505,4.408075601374571,0.00859106529209622,0.6727322218693988,0.04738798035958758,-0.07005713155161364,0.04738798035958758,0,100
A_well_specified,5,3,input_dependent_ordinal,1,1205,0.9203319502074688,2.422406639004149,2.4597510373443985,0.0008298755186721991,0.5344992315611334,0.03729347128104284,0.028786014547857897,0.03729347128104284,0,100
A_well_specified,5,3,input_dependent_ordinal,2,1171,0.8667805294619982,2.8812980358667803,3.4910333048676345,0.006831767719897523,0.6119657505438217,0.04163613640521509,-0.027201519950128317,0.04163613640521509,0,100
A_well_specified,5,3,input_dependent_ordinal,0,261,1,1.5057471264367817,1.5057471264367817,0,0.48334997733453544,0.03540452029544916,inf,inf,1,5
A_well_specified,5,3,input_dependent_ordinal,4,1199,0.8857381150959133,2.469557964970809,4.715596330275229,0.0016680567139282735,0.737467150466221,0.05164216865665877,-0.03345573893805498,0.05164216865665877,0,100
A_well_specified,5,4,independent_mondrian,1,1195,0.9297071129707113,2.5832635983263597,2.6184100418410043,0,0.0,0.0,0.6334288427799377,0.0,0,100
A_well_specified,5,4,independent_mondrian,3,1172,0.8916382252559727,3.349829351535836,4.748293515358362,0,0.0,0.0,0.6686140548499638,0.0,0,100
A_well_specified,5,4,independent_mondrian,2,1214,0.8871499176276771,3.242174629324547,3.767710049423394,0,0.0,0.0,0.642557305649828,0.0,0,100
A_well_specified,5,4,independent_mondrian,4,1162,0.9449225473321858,2.634251290877797,4.856282271944923,0,0.0,0.0,0.9540455318915155,0.0,0,100
A_well_specified,5,4,independent_mondrian,0,257,1,1.5719844357976653,1.575875486381323,0,0.0,0.0,inf,inf,1,5
A_well_specified,5,4,ordinal_cluster,1,1195,0.9297071129707113,2.101255230125523,2.101255230125523,0,0.0,0.0,0.6334288427799377,0.0,0,100
A_well_specified,5,4,ordinal_cluster,3,1172,0.9078498293515358,2.243174061433447,2.243174061433447,0,0.0,0.0,0.7129370770919351,0.0,0,100
A_well_specified,5,4,ordinal_cluster,2,1214,0.8830313014827018,2.2644151565074133,2.2644151565074133,0,0.0,0.0,0.6334288427799377,0.0,0,100
A_well_specified,5,4,ordinal_cluster,4,1162,0.9027538726333907,1.6342512908777969,1.6342512908777969,0,0.0,0.0,0.7870137403950141,0.0,0,100
A_well_specified,5,4,ordinal_cluster,0,257,0.9688715953307393,1.5408560311284047,1.5408560311284047,0,0.0,0.0,0.6334288427799377,0.0,0,5
A_well_specified,5,4,input_dependent_nonordinal,1,1195,0.9640167364016736,2.502092050209205,2.5196652719665273,0.014225941422594143,0.5571292546675176,0.032486156207387845,0.08578942980628163,0.032486156207387845,0,100
A_well_specified,5,4,input_dependent_nonordinal,3,1172,0.8822525597269625,3.1006825938566553,4.610068259385666,0.023890784982935155,0.6584453051514506,0.03859098846677512,-0.033092599162428016,0.03859098846677512,0,100
A_well_specified,5,4,input_dependent_nonordinal,2,1214,0.8640856672158155,3.039538714991763,3.6268533772652387,0.045304777594728174,0.6101181398952293,0.027730544514877453,-0.0451898149462992,0.027730544514877453,0,100
A_well_specified,5,4,input_dependent_nonordinal,4,1162,0.9311531841652324,2.5370051635111874,4.823580034423408,0.00774526678141136,0.7520880988674941,0.04782832843782471,0.11304587527594978,0.047828328437824696,0,100
A_well_specified,5,4,input_dependent_nonordinal,0,257,1,1.54863813229572,1.54863813229572,0.0038910505836575876,0.49255878378813317,0.03399550384081793,inf,inf,1,5
A_well_specified,5,4,input_dependent_ordinal,1,1195,0.9631799163179916,2.5154811715481173,2.533891213389121,0.012552301255230125,0.5501471205112882,0.02998657760301219,0.09037758449063016,0.02998657760301219,0,100
A_well_specified,5,4,input_dependent_ordinal,3,1172,0.8822525597269625,3.1160409556313993,4.609215017064846,0.01877133105802048,0.6763006274170412,0.03907879496049204,-0.04998992455032891,0.03907879496049204,0,100
A_well_specified,5,4,input_dependent_ordinal,2,1214,0.8797364085667215,3.0510708401976934,3.6301482701812193,0.039538714991762765,0.6122280502053496,0.03497651225486087,-0.025985086678241953,0.03497651225486087,0,100
A_well_specified,5,4,input_dependent_ordinal,4,1162,0.9311531841652324,2.5473321858864026,4.823580034423408,0.00774526678141136,0.7403002692753806,0.04389282781361898,0.12406671639142841,0.04389282781361898,0,100
A_well_specified,5,4,input_dependent_ordinal,0,257,1,1.54863813229572,1.54863813229572,0,0.49173609534174223,0.024268454572963786,inf,inf,1,5
A_well_specified,5,5,independent_mondrian,3,1147,0.951176983435048,3.2310374891020053,4.701830863121185,0,0.0,0.0,0.8792030341364185,0.0,0,100
A_well_specified,5,5,independent_mondrian,2,1211,0.884393063583815,3.30635838150289,3.8447563996696945,0,0.0,0.0,0.5831764076953383,0.0,0,100
A_well_specified,5,5,independent_mondrian,1,1177,0.9167374681393373,2.5497026338147832,2.5870858113848767,0,0.0,0.0,0.6186945613906942,0.0,0,100
A_well_specified,5,5,independent_mondrian,4,1219,0.9171452009844134,2.766201804757998,4.794093519278097,0,0.0,0.0,0.8269405748785553,0.0,0,100
A_well_specified,5,5,independent_mondrian,0,246,1,1.532520325203252,1.532520325203252,0,0.0,0.0,inf,inf,1,5
A_well_specified,5,5,ordinal_cluster,3,1147,0.9241499564080209,2.3452484742807322,2.3452484742807322,0,0.0,0.0,0.784142162132165,0.0,0,100
A_well_specified,5,5,ordinal_cluster,2,1211,0.9298100743187449,2.3212221304706855,2.3212221304706855,0,0.0,0.0,0.7025206550404862,0.0,0,100
A_well_specified,5,5,ordinal_cluster,1,1177,0.913338997451147,2.1758708581138486,2.1758708581138486,0,0.0,0.0,0.6074892342934011,0.0,0,100
A_well_specified,5,5,ordinal_cluster,4,1219,0.9171452009844134,1.7358490566037736,1.7358490566037736,0,0.0,0.0,0.8269405748785553,0.0,0,100
A_well_specified,5,5,ordinal_cluster,0,246,0.943089430894309,1.4796747967479675,1.4796747967479675,0,0.0,0.0,0.6186945613906942,0.0,0,5
A_well_specified,5,5,input_dependent_nonordinal,3,1147,0.9433304272013949,3.0374891020052313,4.578029642545771,0.008718395815170008,0.6698697512584326,0.03938008679636086,0.10389619030042674,0.03938008679636086,0,100
A_well_specified,5,5,input_dependent_nonordinal,2,1211,0.8967795210569777,3.0123864574731627,3.700247729149463,0.009083402146985962,0.6068474422934418,0.035390879957804176,-0.03823439090334746,0.035390879957804176,0,100
A_well_specified,5,5,input_dependent_nonordinal,1,1177,0.892948173322005,2.4536958368734068,2.4995751911639763,0.0033984706881903144,0.540503176010308,0.033734539081825575,-0.03505343181515752,0.033734539081825575,0,100
A_well_specified,5,5,input_dependent_nonordinal,4,1219,0.9146841673502871,2.67104183757178,4.798195242001641,0.0008203445447087777,0.7483226583794755,0.04348733193916222,0.039462856803327506,0.04348733193916222,0,100
A_well_specified,5,5,input_dependent_nonordinal,0,246,1,1.4024390243902438,1.4024390243902438,0,0.4723241481484073,0.027934447867118156,inf,inf,1,5
A_well_specified,5,5,input_dependent_ordinal,3,1147,0.9433304272013949,3.040104620749782,4.580645161290323,0.006974716652136007,0.6702925065402616,0.04100576867153492,0.0982205895461351,0.04100576867153492,0,100
A_well_specified,5,5,input_dependent_ordinal,2,1211,0.8976052848885219,3.009083402146986,3.6969446738232867,0.009083402146985962,0.6037687804504753,0.03571015109775696,-0.034206128248486956,0.035710151097756944,0,100
A_well_specified,5,5,input_dependent_ordinal,1,1177,0.892948173322005,2.45624468988955,2.502124044180119,0.0033984706881903144,0.5382864276962782,0.03401131796158899,-0.03203454454520793,0.03401131796158899,0,100
A_well_specified,5,5,input_dependent_ordinal,4,1219,0.9155045118949959,2.6661197703035273,4.799015586546349,0.0008203445447087777,0.7502340230397562,0.04199157848981807,0.039201000826180055,0.04199157848981807,0,100
A_well_specified,5,5,input_dependent_ordinal,0,246,1,1.4024390243902438,1.4024390243902438,0,0.48583660968080694,0.025501383828348174,inf,inf,1,5
A_well_specified,5,6,independent_mondrian,1,1197,0.8487886382623224,2.5588972431077694,2.6340852130325816,0,0.0,0.0,0.47227965266316996,0.0,0,100
A_well_specified,5,6,independent_mondrian,4,1203,0.8603491271820449,2.656691604322527,4.630091438071488,0,0.0,0.0,0.6917605311252181,0.0,0,100
A_well_specified,5,6,independent_mondrian,2,1171,0.9171648163962425,3.053800170794193,3.77198975234842,0,0.0,0.0,0.6664866277430382,0.0,0,100
A_well_specified,5,6,independent_mondrian,3,1189,0.9184188393608074,3.131202691337258,4.521446593776282,0,0.0,0.0,0.7899756682781779,0.0,0,100
A_well_specified,5,6,independent_mondrian,0,240,1,1.3291666666666666,1.3375,0,0.0,0.0,inf,inf,1,5
A_well_specified,5,6,ordinal_cluster,1,1197,0.9197994987468672,1.9841269841269842,1.9841269841269842,0,0.0,0.0,0.6070337979865063,0.0,0,100
A_well_specified,5,6,ordinal_cluster,4,1203,0.8944305901911886,1.6458852867830425,1.6458852867830425,0,0.0,0.0,0.7564968955932518,0.0,0,100
A_well_specified,5,6,ordinal_cluster,2,1171,0.9128949615713066,2.2391118701964134,2.2391118701964134,0,0.0,0.0,0.6483715537450019,0.0,0,100
A_well_specified,5,6,ordinal_cluster,3,1189,0.8931875525651808,2.2043734230445753,2.2043734230445753,0,0.0,0.0,0.7373061967451096,0.0,0,100
A_well_specified,5,6,ordinal_cluster,0,240,0.8833333333333333,1.45,1.45,0,0.0,0.0,0.5316983489049227,0.0,0,5
A_well_specified,5,6,input_dependent_nonordinal,1,1197,0.8721804511278195,2.507936507936508,2.565580618212197,0.005847953216374269,0.5409528788694701,0.03586030777956397,-0.051419190723558494,0.03586030777956397,0,100
A_well_specified,5,6,input_dependent_nonordinal,4,1203,0.8935993349958438,2.6101413133832088,4.71571072319202,0.0024937655860349127,0.7801388826579961,0.072820330732611,-0.011057522505599882,0.072820330732611,0,100
A_well_specified,5,6,input_dependent_nonordinal,2,1171,0.9120409906063194,3.0256191289496157,3.7284372331340734,0.012809564474807857,0.6350073672730099,0.0543297763885824,0.00013797776256452288,0.0543297763885824,0,100
A_well_specified,5,6,input_dependent_nonordinal,3,1189,0.9226240538267452,3.0605550883095036,4.540790580319596,0.010933557611438183,0.7030012517396405,0.04252251615681269,0.03555628467109162,0.04252251615681269,0,100
A_well_specified,5,6,input_dependent_nonordinal,0,240,1,1.3833333333333333,1.3875,0,0.41559327568598337,0.020322256778825532,inf,inf,1,5
A_well_specified,5,6,input_dependent_ordinal,1,1197,0.873015873015873,2.527986633249791,2.5864661654135337,0.005847953216374269,0.5425217801079724,0.035057499663286674,-0.05156499791340319,0.035057499663286674,0,100
A_well_specified,5,6,input_dependent_ordinal,4,1203,0.8902743142144638,2.6142975893599334,4.7049044056525355,0.0024937655860349127,0.7855416946327253,0.06693811874777982,-0.029470409713861834,0.06693811874777982,0,100
A_well_specified,5,6,input_dependent_ordinal,2,1171,0.9128949615713066,3.0341588385994878,3.734415029888984,0.010247651579846286,0.621677259483417,0.04580708049839023,0.006892478365280841,0.04580708049839023,0,100
A_well_specified,5,6,input_dependent_ordinal,3,1189,0.9327165685449958,3.0588730025231285,4.538267451640033,0.010092514718250631,0.703393346561118,0.054035518307494285,0.060008189477332996,0.054035518307494285,0,100
A_well_specified,5,6,input_dependent_ordinal,0,240,1,1.3708333333333333,1.375,0,0.446315625844575,0.027641472919236444,inf,inf,1,5
A_well_specified,5,7,independent_mondrian,1,1243,0.8535800482703138,2.399839098954143,2.4754625905068384,0,0.0,0.0,0.5117105823008553,0.0,0,100
A_well_specified,5,7,independent_mondrian,2,1188,0.8577441077441077,2.978956228956229,3.659090909090909,0,0.0,0.0,0.5727050133229443,0.0,0,100
A_well_specified,5,7,independent_mondrian,3,1162,0.9027538726333907,3.0705679862306368,4.605851979345955,0,0.0,0.0,0.7198490305079994,0.0,0,100
A_well_specified,5,7,independent_mondrian,0,262,1,1.4083969465648856,1.4122137404580153,0,0.0,0.0,inf,inf,1,5
A_well_specified,5,7,independent_mondrian,4,1145,0.8908296943231441,2.5868995633187772,4.7231441048034934,0,0.0,0.0,0.7409121897057175,0.0,0,100
A_well_specified,5,7,ordinal_cluster,1,1243,0.8656476267095736,1.8133547868061142,1.8133547868061142,0,0.0,0.0,0.5289001696747652,0.0,0,100
A_well_specified,5,7,ordinal_cluster,2,1188,0.8712121212121212,2.0143097643097643,2.0143097643097643,0,0.0,0.0,0.6038924372658335,0.0,0,100
A_well_specified,5,7,ordinal_cluster,3,1162,0.878657487091222,2.0791738382099827,2.0791738382099827,0,0.0,0.0,0.6759143052561767,0.0,0,100
A_well_specified,5,7,ordinal_cluster,0,262,0.916030534351145,1.366412213740458,1.366412213740458,0,0.0,0.0,0.5117105823008553,0.0,0,5
A_well_specified,5,7,ordinal_cluster,4,1145,0.8908296943231441,1.549344978165939,1.549344978165939,0,0.0,0.0,0.7373265816560877,0.0,0,100
A_well_specified,5,7,input_dependent_nonordinal,1,1243,0.8962188254223652,2.468222043443282,2.5197103781174577,0.0016090104585679806,0.5336736355560189,0.02998213141284779,-0.003583645477342745,0.02998213141284779,0,100
A_well_specified,5,7,input_dependent_nonordinal,2,1188,0.8930976430976431,2.9654882154882154,3.6304713804713806,0.003367003367003367,0.5839887222485436,0.03446330907470366,0.0033329284671324566,0.03446330907470366,0,100
A_well_specified,5,7,input_dependent_nonordinal,3,1162,0.9311531841652324,3.0387263339070567,4.549053356282272,0.0017211703958691911,0.6836647755698645,0.048059220333021006,0.0516724996856035,0.048059220333021006,0,100
A_well_specified,5,7,input_dependent_nonordinal,0,262,1,1.4427480916030535,1.4427480916030535,0,0.44301506526019757,0.03711476895500188,inf,inf,1,5
A_well_specified,5,7,input_dependent_nonordinal,4,1145,0.8908296943231441,2.554585152838428,4.737117903930131,0,0.7219589376270621,0.040470235681277535,-0.0053112224927139295,0.040470235681277535,0,100
A_well_specified,5,7,input_dependent_ordinal,1,1243,0.9050683829444891,2.484312148028962,2.5325824617860015,0.002413515687851971,0.5284572599774344,0.03364664797949477,0.015301655475316478,0.03364664797949477,0,100
A_well_specified,5,7,input_dependent_ordinal,2,1188,0.8939393939393939,3.024410774410774,3.6776094276094278,0.005892255892255892,0.5937337027414799,0.03532404406993108,-0.004688623273477521,0.03532404406993108,0,100
A_well_specified,5,7,input_dependent_ordinal,3,1162,0.9406196213425129,3.061962134251291,4.565404475043029,0.006024096385542169,0.6705976253383942,0.040458407099600385,0.09342492884843068,0.040458407099600385,0,100
A_well_specified,5,7,input_dependent_ordinal,0,262,1,1.4465648854961832,1.4465648854961832,0,0.4537556903444373,0.029871543946811466,inf,inf,1,5
A_well_specified,5,7,input_dependent_ordinal,4,1145,0.8943231441048035,2.587772925764192,4.7458515283842795,0.0008733624454148472,0.7271348842656561,0.04407187145074079,0.003540135527733357,0.04407187145074079,0,100
A_well_specified,5,8,independent_mondrian,1,1174,0.8798977853492334,2.5391822827938673,2.610732538330494,0,0.0,0.0,0.5337080815244378,0.0,0,100
A_well_specified,5,8,independent_mondrian,2,1214,0.8616144975288303,3.059308072487644,3.7042833607907744,0,0.0,0.0,0.6200792638875191,0.0,0,100
A_well_specified,5,8,independent_mondrian,3,1145,0.9126637554585153,3.131004366812227,4.5895196506550215,0,0.0,0.0,0.7493928959455234,0.0,0,100
A_well_specified,5,8,independent_mondrian,4,1234,0.8889789303079416,2.6320907617504052,4.700162074554295,0,0.0,0.0,0.7433378919694886,0.0,0,100
A_well_specified,5,8,independent_mondrian,0,233,1,1.4592274678111588,1.4592274678111588,0,0.0,0.0,inf,inf,1,5
A_well_specified,5,8,ordinal_cluster,1,1174,0.9011925042589438,1.9293015332197614,1.9293015332197614,0,0.0,0.0,0.5717090277985305,0.0,0,100
A_well_specified,5,8,ordinal_cluster,2,1214,0.8698517298187809,2.098846787479407,2.098846787479407,0,0.0,0.0,0.6390585124483381,0.0,0,100
A_well_specified,5,8,ordinal_cluster,3,1145,0.8829694323144105,2.14235807860262,2.14235807860262,0,0.0,0.0,0.6833837634511606,0.0,0,100
A_well_specified,5,8,ordinal_cluster,4,1234,0.8889789303079416,1.5696920583468394,1.5696920583468394,0,0.0,0.0,0.7433378919694886,0.0,0,100
A_well_specified,5,8,ordinal_cluster,0,233,0.9012875536480687,1.407725321888412,1.407725321888412,0,0.0,0.0,0.5337080815244378,0.0,0,5
A_well_specified,5,8,input_dependent_nonordinal,1,1174,0.8722316865417377,2.4574105621805793,2.517035775127768,0.0008517887563884157,0.531807373362035,0.04612881035956588,-0.015395525908139307,0.04612881035956588,0,100
A_well_specified,5,8,input_dependent_nonordinal,2,1214,0.8500823723228995,2.956342668863262,3.6309719934102143,0.012355848434925865,0.602403955158034,0.03814004885427972,-0.016114370520697308,0.03814004885427972,0,100
A_well_specified,5,8,input_dependent_nonordinal,3,1145,0.9126637554585153,3.013100436681223,4.540611353711791,0.005240174672489083,0.6761725575890283,0.03261183948088536,0.03274396633070009,0.03261183948088536,0,100
A_well_specified,5,8,input_dependent_nonordinal,4,1234,0.913290113452188,2.598865478119935,4.778768233387358,0.0016207455429497568,0.7475076383495685,0.03999650886248899,0.018543944128419865,0.03999650886248899,0,100
A_well_specified,5,8,input_dependent_nonordinal,0,233,1,1.4291845493562232,1.4291845493562232,0,0.4546085834925109,0.033982519040378495,inf,inf,1,5
A_well_specified,5,8,input_dependent_ordinal,1,1174,0.8713798977853492,2.4582623509369674,2.5195911413969334,0,0.5238457213971339,0.041270085754539276,-0.012439872320669981,0.04127008575453927,0,100
A_well_specified,5,8,input_dependent_ordinal,2,1214,0.8500823723228995,2.9316309719934104,3.610378912685338,0.008237232289950576,0.6092622188539679,0.03797187146954322,-0.023218612932271843,0.03797187146954322,0,100
A_well_specified,5,8,input_dependent_ordinal,3,1145,0.9039301310043668,3.0026200873362447,4.5379912663755455,0.004366812227074236,0.6749111497418114,0.03915025509782528,0.019371881615163067,0.03915025509782528,0,100
A_well_specified,5,8,input_dependent_ordinal,4,1234,0.9141004862236629,2.580226904376013,4.776337115072933,0.0008103727714748784,0.7469148517173213,0.03632722750797581,0.01806979457617075,0.03632722750797581,0,100
A_well_specified,5,8,input_dependent_ordinal,0,233,1,1.4291845493562232,1.4291845493562232,0,0.47021221396694124,0.04248212175037241,inf,inf,1,5
A_well_specified,5,9,independent_mondrian,1,1148,0.9277003484320557,2.538327526132404,2.577526132404181,0,0.0,0.0,0.6691839837702873,0.0,0,100
A_well_specified,5,9,independent_mondrian,4,1177,0.9014443500424809,2.6949872557349193,4.7340696686491075,0,0.0,0.0,0.7752904710888744,0.0,0,100
A_well_specified,5,9,independent_mondrian,3,1234,0.9416531604538088,3.1969205834683954,4.658833063209076,0,0.0,0.0,0.8235661014021662,0.0,0,100
A_well_specified,5,9,independent_mondrian,2,1199,0.8748957464553795,3.30442035029191,3.770642201834862,0,0.0,0.0,0.5878793769537001,0.0,0,100
A_well_specified,5,9,independent_mondrian,0,242,1,1.6198347107438016,1.6198347107438016,0,0.0,0.0,inf,inf,1,5
A_well_specified,5,9,ordinal_cluster,1,1148,0.9006968641114983,2.2125435540069684,2.2125435540069684,0,0.0,0.0,0.5934333878339677,0.0,0,100
A_well_specified,5,9,ordinal_cluster,4,1177,0.9065420560747663,1.6516567544604928,1.6516567544604928,0,0.0,0.0,0.7928115359728423,0.0,0,100
A_well_specified,5,9,ordinal_cluster,3,1234,0.9270664505672609,2.255267423014587,2.255267423014587,0,0.0,0.0,0.7481419628068284,0.0,0,100
A_well_specified,5,9,ordinal_cluster,2,1199,0.9107589658048374,2.261050875729775,2.261050875729775,0,0.0,0.0,0.6691839837702873,0.0,0,100
A_well_specified,5,9,ordinal_cluster,0,242,0.9504132231404959,1.4834710743801653,1.4834710743801653,0,0.0,0.0,0.6691839837702873,0.0,0,5
A_well_specified,5,9,input_dependent_nonordinal,1,1148,0.9259581881533101,2.6210801393728222,2.656794425087108,0.006097560975609756,0.5622562432691881,0.04167852698192877,0.03424954588291135,0.04167852698192877,0,100
A_well_specified,5,9,input_dependent_nonordinal,4,1177,0.9150382327952421,2.7366185216652505,4.768054375531011,0.00594732370433305,0.7455412493576042,0.04948281288307619,0.024718096725888206,0.04948281288307619,0,100
A_well_specified,5,9,input_dependent_nonordinal,3,1234,0.9667747163695299,3.113452188006483,4.586709886547812,0.014586709886547812,0.6884973890200954,0.03848041339134297,0.15684506516077634,0.03848041339134296,0,100
A_well_specified,5,9,input_dependent_nonordinal,2,1199,0.896580483736447,3.1943286071726438,3.800667222685571,0.02585487906588824,0.6308289037466671,0.0481992498892259,-0.003576326274396857,0.0481992498892259,0,100
A_well_specified,5,9,input_dependent_nonordinal,0,242,1,1.4834710743801653,1.4834710743801653,0,0.4847131775426138,0.031122215281033365,inf,inf,1,5
A_well_specified,5,9,input_dependent_ordinal,1,1148,0.9259581881533101,2.6280487804878048,2.6655052264808363,0.006097560975609756,0.5662794634128556,0.04090025643176353,0.02734753121939848,0.04090025643176353,0,100
A_well_specified,5,9,input_dependent_ordinal,4,1177,0.9141886151231946,2.7323704333050127,4.767204757858964,0.004248088360237893,0.751760243304529,0.047144231293654304,0.015173711489486208,0.047144231293654304,0,100
A_well_specified,5,9,input_dependent_ordinal,3,1234,0.9651539708265803,3.1094003241491084,4.585899513776337,0.011345218800648298,0.6829935301585474,0.04543367857934774,0.16766371943827174,0.04543367857934774,0,100
A_well_specified,5,9,input_dependent_ordinal,2,1199,0.896580483736447,3.189324437030859,3.7964970809007506,0.02335279399499583,0.6228794150817866,0.04312410005796897,0.0018743027229713993,0.04312410005796897,0,100
A_well_specified,5,9,input_dependent_ordinal,0,242,1,1.4669421487603307,1.4669421487603307,0,0.4950969858354345,0.03763323603079878,inf,inf,1,5
A_well_specified,5,10,independent_mondrian,3,1179,0.926208651399491,3.138252756573367,4.51314673452078,0,0.0,0.0,0.7446189796195207,0.0,0,100
A_well_specified,5,10,independent_mondrian,2,1163,0.9269131556319863,3.1478933791917454,3.7231298366294068,0,0.0,0.0,0.6932833749969775,0.0,0,100
A_well_specified,5,10,independent_mondrian,4,1240,0.8564516129032258,2.6225806451612903,4.630645161290323,0,0.0,0.0,0.658205097469063,0.0,0,100
A_well_specified,5,10,independent_mondrian,0,244,1,1.5081967213114753,1.5081967213114753,0,0.0,0.0,inf,inf,1,5
A_well_specified,5,10,independent_mondrian,1,1174,0.9080068143100511,2.647359454855196,2.6993185689948893,0,0.0,0.0,0.5892105511655511,0.0,0,100
A_well_specified,5,10,ordinal_cluster,3,1179,0.904156064461408,2.1119592875318065,2.1119592875318065,0,0.0,0.0,0.6878073909598367,0.0,0,100
A_well_specified,5,10,ordinal_cluster,2,1163,0.9140154772141015,2.165090283748925,2.165090283748925,0,0.0,0.0,0.6570096552968533,0.0,0,100
A_well_specified,5,10,ordinal_cluster,4,1240,0.875,1.575,1.575,0,0.0,0.0,0.6878073909598367,0.0,0,100
A_well_specified,5,10,ordinal_cluster,0,244,0.9426229508196722,1.5,1.5,0,0.0,0.0,0.5892105511655511,0.0,0,5
A_well_specified,5,10,ordinal_cluster,1,1174,0.9165247018739353,2.0502555366269166,2.0502555366269166,0,0.0,0.0,0.6101495393807863,0.0,0,100
A_well_specified,5,10,input_dependent_nonordinal,3,1179,0.926208651399491,2.9618320610687023,4.429177268871926,0,0.6772438780457577,0.04494096367565755,0.023684803056976567,0.044940963675657544,0,100
A_well_specified,5,10,input_dependent_nonordinal,2,1163,0.9363714531384351,2.932932072226999,3.6414445399828033,0,0.6113328486251057,0.033720773277643834,0.04481913589772424,0.033720773277643834,0,100
A_well_specified,5,10,input_dependent_nonordinal,4,1240,0.8225806451612904,2.4935483870967743,4.5435483870967746,0,0.7524771751573078,0.05180866513419718,-0.12361114222396907,0.05180866513419718,0,100
A_well_specified,5,10,input_dependent_nonordinal,0,244,1,1.3811475409836065,1.3811475409836065,0,0.45873877861544843,0.04393410191059888,inf,inf,1,5
A_well_specified,5,10,input_dependent_nonordinal,1,1174,0.84412265758092,2.5110732538330494,2.593696763202726,0,0.5426145782478896,0.03608308969715632,-0.052866199767218486,0.03608308969715632,0,100
A_well_specified,5,10,input_dependent_ordinal,3,1179,0.9253604749787956,2.94910941475827,4.4308736217133164,0,0.6811593461322517,0.04583979697595245,0.016956963983912887,0.04583979697595245,0,100
A_well_specified,5,10,input_dependent_ordinal,2,1163,0.9286328460877042,2.9191745485812555,3.6354256233877904,0,0.6045865581720514,0.038888811063318506,0.035754634941051466,0.038888811063318506,0,100
A_well_specified,5,10,input_dependent_ordinal,4,1240,0.8290322580645161,2.496774193548387,4.557258064516129,0,0.7510308296490567,0.04795848056745779,-0.11956203890104478,0.04795848056745779,0,100
A_well_specified,5,10,input_dependent_ordinal,0,244,1,1.3688524590163935,1.3688524590163935,0,0.4504107041150832,0.03236799353457232,inf,inf,1,5
A_well_specified,5,10,input_dependent_ordinal,1,1174,0.84412265758092,2.4897785349233392,2.5681431005110733,0,0.5493574437294639,0.035295146634184066,-0.06289029931922296,0.035295146634184066,0,100
A_well_specified,5,11,independent_mondrian,4,1169,0.8751069289991446,2.518391787852866,4.693755346449957,0,0.0,0.0,0.7434399461581104,0.0,0,100
A_well_specified,5,11,independent_mondrian,2,1198,0.840567612687813,3.2662771285475793,3.6068447412353923,0,0.0,0.0,0.5276794529900495,0.0,0,100
A_well_specified,5,11,independent_mondrian,3,1183,0.8740490278951818,3.0896027049873203,4.565511411665258,0,0.0,0.0,0.655793587362722,0.0,0,100
A_well_specified,5,11,independent_mondrian,0,258,1,1.8294573643410852,1.8294573643410852,0,0.0,0.0,inf,inf,1,5
A_well_specified,5,11,independent_mondrian,1,1192,0.9739932885906041,2.427013422818792,2.4454697986577183,0,0.0,0.0,0.8285788474612512,0.0,0,100
A_well_specified,5,11,ordinal_cluster,4,1169,0.8460222412318221,1.5166809238665526,1.5166809238665526,0,0.0,0.0,0.6942269929809582,0.0,0,100
A_well_specified,5,11,ordinal_cluster,2,1198,0.9140233722871453,2.2946577629382303,2.2946577629382303,0,0.0,0.0,0.6699263136981944,0.0,0,100
A_well_specified,5,11,ordinal_cluster,3,1183,0.8706677937447168,2.1496196111580725,2.1496196111580725,0,0.0,0.0,0.6449733323421941,0.0,0,100
A_well_specified,5,11,ordinal_cluster,0,258,0.9961240310077519,1.6511627906976745,1.6511627906976745,0,0.0,0.0,0.8285788474612512,0.0,0,5
A_well_specified,5,11,ordinal_cluster,1,1192,0.9488255033557047,2.384228187919463,2.384228187919463,0,0.0,0.0,0.6867721796721865,0.0,0,100
A_well_specified,5,11,input_dependent_nonordinal,4,1169,0.8845166809238666,2.4987168520102654,4.712574850299402,0.006843455945252352,0.7286011094219181,0.039176416224635253,0.011824076780082071,0.039176416224635253,0,100
A_well_specified,5,11,input_dependent_nonordinal,2,1198,0.9131886477462438,3.005008347245409,3.5525876460767947,0.015025041736227046,0.6133609124738866,0.04145052481559012,0.0053104043974990245,0.04145052481559012,0,100
A_well_specified,5,11,input_dependent_nonordinal,3,1183,0.8571428571428571,3,4.491969568892646,0.018596787827557058,0.6770570344415185,0.03602101795554621,-0.06892548964298645,0.03602101795554621,0,100
A_well_specified,5,11,input_dependent_nonordinal,0,258,1,1.5852713178294573,1.5852713178294573,0,0.47207892991353567,0.032951388885380524,inf,inf,1,5
A_well_specified,5,11,input_dependent_nonordinal,1,1192,0.964765100671141,2.5226510067114094,2.5411073825503356,0.006711409395973154,0.5176551281616457,0.0376409827338016,0.15220972126837862,0.0376409827338016,0,100
A_well_specified,5,11,input_dependent_ordinal,4,1169,0.88366124893071,2.502994011976048,4.711719418306244,0.005988023952095809,0.7392151500622515,0.038381544434321326,-0.0015646607932127132,0.038381544434321326,0,100
A_well_specified,5,11,input_dependent_ordinal,2,1198,0.9098497495826378,3.018363939899833,3.5717863105175294,0.015025041736227046,0.5949545988542756,0.03560081307721548,0.013912829106446534,0.03560081307721548,0,100
A_well_specified,5,11,input_dependent_ordinal,3,1183,0.8630600169061707,2.9949281487743025,4.492814877430262,0.0169061707523246,0.6689674824781884,0.04017273856412473,-0.044441112086693046,0.04017273856412473,0,100
A_well_specified,5,11,input_dependent_ordinal,0,258,1,1.565891472868217,1.565891472868217,0,0.4618909645102559,0.03424201618716407,inf,inf,1,5
A_well_specified,5,11,input_dependent_ordinal,1,1192,0.9630872483221476,2.5192953020134228,2.539429530201342,0.006711409395973154,0.5345294077813286,0.03960649537442468,0.12891316545746645,0.03960649537442468,0,100
A_well_specified,5,12,independent_mondrian,3,1205,0.9543568464730291,3.3858921161825726,4.681327800829876,0,0.0,0.0,0.8784845135599976,0.0,0,100
A_well_specified,5,12,independent_mondrian,1,1210,0.9181818181818182,2.7611570247933885,2.8057851239669422,0,0.0,0.0,0.6140144582682261,0.0,0,100
A_well_specified,5,12,independent_mondrian,2,1136,0.926056338028169,3.387323943661972,3.875,0,0.0,0.0,0.7440986771290174,0.0,0,100
A_well_specified,5,12,independent_mondrian,4,1199,0.9099249374478732,2.804003336113428,4.766472060050042,0,0.0,0.0,0.8157092401287752,0.0,0,100
A_well_specified,5,12,independent_mondrian,0,250,1,1.58,1.58,0,0.0,0.0,inf,inf,1,5
A_well_specified,5,12,ordinal_cluster,3,1205,0.9311203319502075,2.3983402489626555,2.3983402489626555,0,0.0,0.0,0.8009597562142391,0.0,0,100
A_well_specified,5,12,ordinal_cluster,1,1210,0.9247933884297521,2.2826446280991735,2.2826446280991735,0,0.0,0.0,0.6346101246101119,0.0,0,100
A_well_specified,5,12,ordinal_cluster,2,1136,0.9357394366197183,2.444542253521127,2.444542253521127,0,0.0,0.0,0.7663124853863978,0.0,0,100
A_well_specified,5,12,ordinal_cluster,4,1199,0.9099249374478732,1.7489574645537949,1.7489574645537949,0,0.0,0.0,0.8223773359159958,0.0,0,100
A_well_specified,5,12,ordinal_cluster,0,250,0.976,1.596,1.596,0,0.0,0.0,0.6140144582682261,0.0,0,5
A_well_specified,5,12,input_dependent_nonordinal,3,1205,0.9427385892116182,3.132780082987552,4.51701244813278,0.004979253112033195,0.6888208040907444,0.043225801399976296,0.04600434433662626,0.043225801399976296,0,100
A_well_specified,5,12,input_dependent_nonordinal,1,1210,0.9495867768595041,2.637190082644628,2.6636363636363636,0.005785123966942148,0.5447529406893769,0.034156609939935495,0.07214055624264137,0.034156609939935495,0,100
A_well_specified,5,12,input_dependent_nonordinal,2,1136,0.9445422535211268,3.129401408450704,3.6558098591549295,0.011443661971830986,0.6170620607158709,0.0359959734769564,0.08874074100197205,0.0359959734769564,0,100
A_well_specified,5,12,input_dependent_nonordinal,4,1199,0.8824020016680567,2.6055045871559632,4.713928273561301,0.003336113427856547,0.75906814999793,0.03833413322976833,-0.04171515631115491,0.03833413322976834,0,100
A_well_specified,5,12,input_dependent_nonordinal,0,250,1,1.496,1.496,0,0.4496757763680806,0.03308993555756841,inf,inf,1,5
A_well_specified,5,12,input_dependent_ordinal,3,1205,0.9410788381742738,3.141078838174274,4.526141078838174,0.010788381742738589,0.6886083474503075,0.03963835009958989,0.04651964110653273,0.0396383500995899,0,100
A_well_specified,5,12,input_dependent_ordinal,1,1210,0.9495867768595041,2.637190082644628,2.6636363636363636,0.006611570247933884,0.5391166524956861,0.034988833269002304,0.07895474000631858,0.034988833269002304,0,100
A_well_specified,5,12,input_dependent_ordinal,2,1136,0.9445422535211268,3.1346830985915495,3.660211267605634,0.014964788732394365,0.6187638819007345,0.03595499359957206,0.08709534207609215,0.03595499359957206,0,100
A_well_specified,5,12,input_dependent_ordinal,4,1199,0.8865721434528774,2.6121768140116766,4.725604670558799,0.004170141784820684,0.7593902399668447,0.04085372053010971,-0.033628045808542895,0.04085372053010971,0,100
A_well_specified,5,12,input_dependent_ordinal,0,250,1,1.5,1.5,0,0.46317593013491426,0.033787639365136346,inf,inf,1,5
A_well_specified,5,13,independent_mondrian,4,1203,0.8520365752285952,2.6242726517040733,4.640066500415627,0,0.0,0.0,0.7000111204803348,0.0,0,100
A_well_specified,5,13,independent_mondrian,0,238,1,1.3949579831932772,1.3949579831932772,0,0.0,0.0,inf,inf,1,5
A_well_specified,5,13,independent_mondrian,2,1227,0.8899755501222494,3.0733496332518335,3.7139364303178484,0,0.0,0.0,0.6492013010732055,0.0,0,100
A_well_specified,5,13,independent_mondrian,3,1178,0.9125636672325976,3.108658743633277,4.534804753820034,0,0.0,0.0,0.780145913769817,0.0,0,100
A_well_specified,5,13,independent_mondrian,1,1154,0.8630849220103987,2.5199306759098787,2.5831889081455808,0,0.0,0.0,0.5106475392211942,0.0,0,100
A_well_specified,5,13,ordinal_cluster,4,1203,0.8520365752285952,1.515378221113882,1.515378221113882,0,0.0,0.0,0.7000111204803348,0.0,0,100
A_well_specified,5,13,ordinal_cluster,0,238,0.9159663865546218,1.4453781512605042,1.4453781512605042,0,0.0,0.0,0.557864447389599,0.0,0,5
A_well_specified,5,13,ordinal_cluster,2,1227,0.8867155664221679,2.088834555827221,2.088834555827221,0,0.0,0.0,0.637737712663239,0.0,0,100
A_well_specified,5,13,ordinal_cluster,3,1178,0.8726655348047538,2.0882852292020373,2.0882852292020373,0,0.0,0.0,0.6641244591287221,0.0,0,100
A_well_specified,5,13,ordinal_cluster,1,1154,0.9116117850953206,1.959272097053726,1.959272097053726,0,0.0,0.0,0.5957833825893402,0.0,0,100
A_well_specified,5,13,input_dependent_nonordinal,4,1203,0.8985868661679135,2.574397339983375,4.734829592684954,0.004156275976724855,0.7454918658336851,0.05633185422003629,0.0409741451447766,0.05633185422003629,0,100
A_well_specified,5,13,input_dependent_nonordinal,0,238,1,1.3949579831932772,1.3949579831932772,0,0.46927356115595503,0.05117278123923157,inf,inf,1,5
A_well_specified,5,13,input_dependent_nonordinal,2,1227,0.876120619396903,2.9877750611246943,3.6519967400163,0.020374898125509373,0.6287137282727937,0.03006439988214621,-0.04708447557204454,0.03006439988214621,0,100
A_well_specified,5,13,input_dependent_nonordinal,3,1178,0.9100169779286927,3.033106960950764,4.549235993208828,0.011035653650254669,0.68236622228824,0.04972891177220421,0.04067073976163993,0.04972891177220421,0,100
A_well_specified,5,13,input_dependent_nonordinal,1,1154,0.9038128249566725,2.4731369150779896,2.5138648180242633,0.006932409012131715,0.5585175479040047,0.03906254905476779,-0.01913609762841928,0.03906254905476779,0,100
A_well_specified,5,13,input_dependent_ordinal,4,1203,0.8969243557772236,2.571072319201995,4.72568578553616,0.004156275976724855,0.7487279111814579,0.05332855515350014,0.03313124915857635,0.05332855515350014,0,100
A_well_specified,5,13,input_dependent_ordinal,0,238,1,1.403361344537815,1.403361344537815,0,0.4782520433572261,0.03395888916207232,inf,inf,1,5
A_well_specified,5,13,input_dependent_ordinal,2,1227,0.8720456397718012,2.965770171149144,3.6291768541157294,0.016299918500407497,0.622228960457635,0.04180504748561665,-0.03333897804232688,0.04180504748561665,0,100
A_well_specified,5,13,input_dependent_ordinal,3,1178,0.9015280135823429,3.019524617996604,4.544991511035653,0.008488964346349746,0.6809527925301293,0.045134958060709,0.027298393526426268,0.045134958060709,0,100
A_well_specified,5,13,input_dependent_ordinal,1,1154,0.9055459272097054,2.4740034662045063,2.5121317157712304,0.006065857885615251,0.5606687531983383,0.0371373404656432,-0.02458059745050617,0.0371373404656432,0,100
A_well_specified,5,14,independent_mondrian,2,1213,0.8664468260511129,3.150865622423743,3.711459192085738,0,0.0,0.0,0.5790605109268389,0.0,0,100
A_well_specified,5,14,independent_mondrian,4,1164,0.8067010309278351,2.5807560137457046,4.5034364261168385,0,0.0,0.0,0.5726621562807944,0.0,0,100
A_well_specified,5,14,independent_mondrian,3,1231,0.9358245329000813,2.9553208773354998,4.354183590576767,0,0.0,0.0,0.81014624610615,0.0,0,100
A_well_specified,5,14,independent_mondrian,1,1147,0.909328683522232,2.4603312990409765,2.5047951176983436,0,0.0,0.0,0.6021394800895674,0.0,0,100
A_well_specified,5,14,independent_mondrian,0,245,1,1.5714285714285714,1.5714285714285714,0,0.0,0.0,inf,inf,1,5
A_well_specified,5,14,ordinal_cluster,2,1213,0.9076669414674361,2.147568013190437,2.147568013190437,0,0.0,0.0,0.6642830362873102,0.0,0,100
A_well_specified,5,14,ordinal_cluster,4,1164,0.8737113402061856,1.5438144329896908,1.5438144329896908,0,0.0,0.0,0.7058321222108835,0.0,0,100
A_well_specified,5,14,ordinal_cluster,3,1231,0.8838342810722989,2.1324126726238832,2.1324126726238832,0,0.0,0.0,0.6749580569697594,0.0,0,100
A_well_specified,5,14,ordinal_cluster,1,1147,0.9084568439407149,2.044463818657367,2.044463818657367,0,0.0,0.0,0.5988576977955288,0.0,0,100
A_well_specified,5,14,ordinal_cluster,0,245,0.9306122448979591,1.4979591836734694,1.4979591836734694,0,0.0,0.0,0.6021394800895674,0.0,0,5
A_well_specified,5,14,input_dependent_nonordinal,2,1213,0.9233305853256389,3.117065127782358,3.7230008244023085,0.008244023083264633,0.6239560871248901,0.041294631334758816,-0.0068585925515944335,0.041294631334758816,0,100
A_well_specified,5,14,input_dependent_nonordinal,4,1164,0.8118556701030928,2.5558419243986252,4.506013745704467,0.002577319587628866,0.7632147226019494,0.06208848103969147,-0.1381354229106887,0.06208848103969147,0,100
A_well_specified,5,14,input_dependent_nonordinal,3,1231,0.9480097481722177,2.974817221770918,4.415109666937449,0.004061738424045491,0.6902067618517234,0.04669293541503403,0.11015760210432002,0.04669293541503403,0,100
A_well_specified,5,14,input_dependent_nonordinal,1,1147,0.9354838709677419,2.5257192676547517,2.5614646904969485,0.0017436791630340018,0.5379189283865113,0.030892822944026774,0.04887971891264431,0.030892822944026774,0,100
A_well_specified,5,14,input_dependent_nonordinal,0,245,1,1.493877551020408,1.493877551020408,0,0.4057022545818492,0.02081301765155961,inf,inf,1,5
A_well_specified,5,14,input_dependent_ordinal,2,1213,0.9167353668590272,3.1055234954657873,3.7155812036273703,0.00741962077493817,0.6209880262422712,0.039493515995912054,-0.01008465060140934,0.039493515995912054,0,100
A_well_specified,5,14,input_dependent_ordinal,4,1164,0.8109965635738832,2.5446735395189,4.505154639175258,0.002577319587628866,0.7641921013743568,0.06013263478068749,-0.13870351221325616,0.06013263478068749,0,100
A_well_specified,5,14,input_dependent_ordinal,3,1231,0.9480097481722177,2.9723801787164907,4.416734362307068,0.003249390739236393,0.6933309977717046,0.05067234843830362,0.10354586459558679,0.05067234843830362,0,100
A_well_specified,5,14,input_dependent_ordinal,1,1147,0.9354838709677419,2.5204882301656495,2.5562336530078467,0.0017436791630340018,0.5300932747244935,0.03033873337746198,0.05570453273299181,0.03033873337746198,0,100
A_well_specified,5,14,input_dependent_ordinal,0,245,1,1.493877551020408,1.493877551020408,0,0.43808217165831537,0.02256789191719853,inf,inf,1,5
A_well_specified,5,15,independent_mondrian,3,1131,0.9027409372236959,3.1149425287356323,4.597701149425287,0,0.0,0.0,0.7394060105043323,0.0,0,100
A_well_specified,5,15,independent_mondrian,4,1211,0.893476465730801,2.647398843930636,4.742361684558216,0,0.0,0.0,0.7849327455655825,0.0,0,100
A_well_specified,5,15,independent_mondrian,2,1212,0.8523102310231023,3.169141914191419,3.7095709570957096,0,0.0,0.0,0.5636112375511219,0.0,0,100
A_well_specified,5,15,independent_mondrian,1,1218,0.9203612479474549,2.455665024630542,2.4942528735632186,0,0.0,0.0,0.6054019442544107,0.0,0,100
A_well_specified,5,15,independent_mondrian,0,228,1,1.4912280701754386,1.4956140350877194,0,0.0,0.0,inf,inf,1,5
A_well_specified,5,15,ordinal_cluster,3,1131,0.883289124668435,2.099027409372237,2.099027409372237,0,0.0,0.0,0.6713848335455248,0.0,0,100
A_well_specified,5,15,ordinal_cluster,4,1211,0.884393063583815,1.5945499587118084,1.5945499587118084,0,0.0,0.0,0.7394060105043323,0.0,0,100
A_well_specified,5,15,ordinal_cluster,2,1212,0.886963696369637,2.152640264026403,2.152640264026403,0,0.0,0.0,0.6240096658602308,0.0,0,100
A_well_specified,5,15,ordinal_cluster,1,1218,0.9121510673234812,2.006568144499179,2.006568144499179,0,0.0,0.0,0.5914004718179622,0.0,0,100
A_well_specified,5,15,ordinal_cluster,0,228,0.9692982456140351,1.4429824561403508,1.4429824561403508,0,0.0,0.0,0.6054019442544107,0.0,0,5
A_well_specified,5,15,input_dependent_nonordinal,3,1131,0.9328028293545535,3.0406719717064545,4.540229885057471,0.007957559681697613,0.6800968357404107,0.0351260794012932,0.06657917896170384,0.0351260794012932,0,100
A_well_specified,5,15,input_dependent_nonordinal,4,1211,0.8959537572254336,2.642444260941371,4.752270850536746,0.002477291494632535,0.7623170849505622,0.05549244450762425,-0.021288692517305474,0.05549244450762425,0,100
A_well_specified,5,15,input_dependent_nonordinal,2,1212,0.8696369636963697,3.0156765676567656,3.66006600660066,0.006600660066006601,0.6130137946553931,0.03800956217673728,-0.041266103624481465,0.03800956217673728,0,100
A_well_specified,5,15,input_dependent_nonordinal,1,1218,0.909688013136289,2.454022988505747,2.4926108374384235,0.004105090311986864,0.5134157709805927,0.033822446128368815,0.03219348139600528,0.033822446128368815,0,100
A_well_specified,5,15,input_dependent_nonordinal,0,228,1,1.4254385964912282,1.4298245614035088,0,0.48369300227739115,0.03613332745418936,inf,inf,1,5
A_well_specified,5,15,input_dependent_ordinal,3,1131,0.9416445623342176,3.04420866489832,4.539345711759505,0.005305039787798408,0.687578424527594,0.04245276649003943,0.08481462477744162,0.04245276649003943,0,100
A_well_specified,5,15,input_dependent_ordinal,4,1211,0.8951279933938894,2.6597853014037987,4.752270850536746,0.0016515276630883566,0.7568633502582538,0.048930702803245595,-0.022776978696230854,0.048930702803245595,0,100
A_well_specified,5,15,input_dependent_ordinal,2,1212,0.8679867986798679,3.0181518151815183,3.6666666666666665,0.0024752475247524753,0.6069558124578436,0.03741202301931015,-0.0361676725103815,0.03741202301931015,0,100
A_well_specified,5,15,input_dependent_ordinal,1,1218,0.9088669950738916,2.464696223316913,2.5032840722495897,0.0024630541871921183,0.5243484711653817,0.03293973424349592,0.017533345397625744,0.03293973424349592,0,100
A_well_specified,5,15,input_dependent_ordinal,0,228,1,1.4210526315789473,1.4254385964912282,0,0.4464771037717878,0.030384205127905524,inf,inf,1,5
A_well_specified,5,16,independent_mondrian,3,1175,0.9225531914893617,3.3327659574468087,4.613617021276596,0,0.0,0.0,0.7501661939594619,0.0,0,100
A_well_specified,5,16,independent_mondrian,2,1147,0.948561464690497,3.158674803836094,3.7201394943330426,0,0.0,0.0,0.794273414874923,0.0,0,100
A_well_specified,5,16,independent_mondrian,4,1203,0.8711554447215295,2.6999168744804654,4.670822942643391,0,0.0,0.0,0.726346278430053,0.0,0,100
A_well_specified,5,16,independent_mondrian,1,1242,0.8969404186795491,2.746376811594203,2.793075684380032,0,0.0,0.0,0.5689856283648917,0.0,0,100
A_well_specified,5,16,independent_mondrian,0,233,1,1.553648068669528,1.55793991416309,0,0.0,0.0,inf,inf,1,5
A_well_specified,5,16,ordinal_cluster,3,1175,0.916595744680851,2.2995744680851065,2.2995744680851065,0,0.0,0.0,0.7340230256882823,0.0,0,100
A_well_specified,5,16,ordinal_cluster,2,1147,0.932868352223191,2.3600697471665213,2.3600697471665213,0,0.0,0.0,0.713732229122567,0.0,0,100
A_well_specified,5,16,ordinal_cluster,4,1203,0.8711554447215295,1.6650041562759768,1.6650041562759768,0,0.0,0.0,0.726346278430053,0.0,0,100
A_well_specified,5,16,ordinal_cluster,1,1242,0.9549114331723028,2.1626409017713364,2.1626409017713364,0,0.0,0.0,0.713732229122567,0.0,0,100
A_well_specified,5,16,ordinal_cluster,0,233,0.9055793991416309,1.6781115879828326,1.6781115879828326,0,0.0,0.0,0.5689856283648917,0.0,0,5
A_well_specified,5,16,input_dependent_nonordinal,3,1175,0.9302127659574468,2.9753191489361703,4.52595744680851,0.00425531914893617,0.6930527081820868,0.04499685051955308,0.019711711627818373,0.04499685051955308,0,100
A_well_specified,5,16,input_dependent_nonordinal,2,1147,0.8823016564952049,2.955536181342633,3.6198779424585874,0.006102877070619006,0.6064419737265445,0.04072029063592911,-0.021907914428008435,0.04072029063592911,0,100
A_well_specified,5,16,input_dependent_nonordinal,4,1203,0.8802992518703242,2.5818786367414797,4.691604322527016,0.0008312551953449709,0.75711554370733,0.04471075640687827,-0.025152487973088666,0.04471075640687827,0,100
A_well_specified,5,16,input_dependent_nonordinal,1,1242,0.8655394524959742,2.4484702093397748,2.504830917874396,0,0.5471866497810037,0.042392545020859,-0.044082758175178344,0.042392545020859,0,100
A_well_specified,5,16,input_dependent_nonordinal,0,233,1,1.3991416309012876,1.3991416309012876,0,0.4837210290112918,0.03714442153687132,inf,inf,1,5
A_well_specified,5,16,input_dependent_ordinal,3,1175,0.9302127659574468,2.9693617021276597,4.5251063829787235,0.001702127659574468,0.6797653176151582,0.04480521506894365,0.03275007575019995,0.04480521506894365,0,100
A_well_specified,5,16,input_dependent_ordinal,2,1147,0.8796861377506539,2.948561464690497,3.6181342632955538,0.0052310374891020054,0.6183807844298763,0.041845423718818615,-0.03557455849272628,0.041845423718818615,0,100
A_well_specified,5,16,input_dependent_ordinal,4,1203,0.8811305070656692,2.5810473815461346,4.692435577722361,0,0.7603878033037883,0.04447517652122183,-0.02843956444411344,0.04447517652122183,0,100
A_well_specified,5,16,input_dependent_ordinal,1,1242,0.8631239935587761,2.4460547504025767,2.50402576489533,0,0.5501903882989414,0.040797473642511295,-0.053023194348819414,0.040797473642511295,0,100
A_well_specified,5,16,input_dependent_ordinal,0,233,1,1.3991416309012876,1.3991416309012876,0,0.46452125637009684,0.03918172968537899,inf,inf,1,5
A_well_specified,5,17,independent_mondrian,4,1175,0.8808510638297873,2.582127659574468,4.679148936170213,0,0.0,0.0,0.7383674757795907,0.0,0,100
A_well_specified,5,17,independent_mondrian,3,1150,0.8817391304347826,3.163478260869565,4.560869565217391,0,0.0,0.0,0.6547750785851696,0.0,0,100
A_well_specified,5,17,independent_mondrian,2,1237,0.9151172190784155,2.9531123686337915,3.6071139854486662,0,0.0,0.0,0.6950498811851383,0.0,0,100
A_well_specified,5,17,independent_mondrian,1,1201,0.8676103247293921,2.5653621981681933,2.6402997502081598,0,0.0,0.0,0.5009368984394517,0.0,0,100
A_well_specified,5,17,independent_mondrian,0,237,1,1.4219409282700421,1.4219409282700421,0,0.0,0.0,inf,inf,1,5
A_well_specified,5,17,ordinal_cluster,4,1175,0.865531914893617,1.553191489361702,1.553191489361702,0,0.0,0.0,0.6939337054552447,0.0,0,100
A_well_specified,5,17,ordinal_cluster,3,1150,0.8956521739130435,2.0278260869565217,2.0278260869565217,0,0.0,0.0,0.6939337054552447,0.0,0,100
A_well_specified,5,17,ordinal_cluster,2,1237,0.8682295877122069,2.0751818916734033,2.0751818916734033,0,0.0,0.0,0.5790754883937861,0.0,0,100
A_well_specified,5,17,ordinal_cluster,1,1201,0.8984179850124896,1.8076602830974189,1.8076602830974189,0,0.0,0.0,0.5725388587502294,0.0,0,100
A_well_specified,5,17,ordinal_cluster,0,237,0.8945147679324894,1.3755274261603376,1.3755274261603376,0,0.0,0.0,0.5071871149084988,0.0,0,5
A_well_specified,5,17,input_dependent_nonordinal,4,1175,0.9012765957446809,2.519148936170213,4.754042553191489,0.003404255319148936,0.7436939605534865,0.050572370654406694,0.006917154400908121,0.050572370654406694,0,100
A_well_specified,5,17,input_dependent_nonordinal,3,1150,0.86,2.966086956521739,4.508695652173913,0.0034782608695652175,0.6600739083679131,0.02889568849484212,-0.050572540226560325,0.02889568849484212,0,100
A_well_specified,5,17,input_dependent_nonordinal,2,1237,0.8981406628940987,2.896523848019402,3.5392077607113985,0.012126111560226353,0.5908721096630705,0.03672205709921341,0.017276407929030846,0.03672205709921341,0,100
A_well_specified,5,17,input_dependent_nonordinal,1,1201,0.8925895087427144,2.457119067443797,2.514571190674438,0.004163197335553705,0.5275433778905666,0.037479425941240714,0.006450234433890034,0.037479425941240714,0,100
A_well_specified,5,17,input_dependent_nonordinal,0,237,1,1.459915611814346,1.459915611814346,0,0.5176210652898077,0.04130003337136511,inf,inf,1,5
A_well_specified,5,17,input_dependent_ordinal,4,1175,0.8987234042553192,2.530212765957447,4.747234042553192,0.002553191489361702,0.7315254679778883,0.041660817015765766,0.013669193082132769,0.041660817015765766,0,100
A_well_specified,5,17,input_dependent_ordinal,3,1150,0.8678260869565217,2.9782608695652173,4.507826086956522,0.0017391304347826088,0.6677090685708243,0.03922924603439102,-0.03505049961754769,0.03922924603439102,0,100
A_well_specified,5,17,input_dependent_ordinal,2,1237,0.898949070331447,2.9135004042037185,3.555375909458367,0.00889248181083266,0.5997690885007384,0.0382715098547234,0.012607188860051743,0.0382715098547234,0,100
A_well_specified,5,17,input_dependent_ordinal,1,1201,0.8925895087427144,2.4671107410491255,2.5253955037468776,0.0033305578684429643,0.532495987767511,0.03583686615818351,-0.0018649921340695985,0.03583686615818351,0,100
A_well_specified,5,17,input_dependent_ordinal,0,237,1,1.4683544303797469,1.4683544303797469,0,0.46526609430295085,0.03187510025075323,inf,inf,1,5
A_well_specified,5,18,independent_mondrian,2,1174,0.8858603066439523,3.196763202725724,3.7981260647359454,0,0.0,0.0,0.631274825468891,0.0,0,100
A_well_specified,5,18,independent_mondrian,4,1183,0.9188503803888419,2.69061707523246,4.784446322907861,0,0.0,0.0,0.8410804623666392,0.0,0,100
A_well_specified,5,18,independent_mondrian,3,1172,0.9180887372013652,3.25938566552901,4.69283276450512,0,0.0,0.0,0.7746009519508785,0.0,0,100
A_well_specified,5,18,independent_mondrian,1,1199,0.9074228523769808,2.548790658882402,2.5946622185154293,0,0.0,0.0,0.5748567571720302,0.0,0,100
A_well_specified,5,18,independent_mondrian,0,272,1,1.5147058823529411,1.5147058823529411,0,0.0,0.0,inf,inf,1,5
A_well_specified,5,18,ordinal_cluster,2,1174,0.8977853492333902,2.2683134582623508,2.2683134582623508,0,0.0,0.0,0.6630207401573412,0.0,0,100
A_well_specified,5,18,ordinal_cluster,4,1183,0.9137785291631445,1.654268808114962,1.654268808114962,0,0.0,0.0,0.8274272840561817,0.0,0,100
A_well_specified,5,18,ordinal_cluster,3,1172,0.9052901023890785,2.2849829351535837,2.2849829351535837,0,0.0,0.0,0.7263271283020223,0.0,0,100
A_well_specified,5,18,ordinal_cluster,1,1199,0.926605504587156,2.1175979983319433,2.1175979983319433,0,0.0,0.0,0.6153922553308582,0.0,0,100
A_well_specified,5,18,ordinal_cluster,0,272,0.9485294117647058,1.525735294117647,1.525735294117647,0,0.0,0.0,0.6153922553308582,0.0,0,5
A_well_specified,5,18,input_dependent_nonordinal,2,1174,0.8713798977853492,3.0724020442930153,3.749574105621806,0.007666098807495741,0.5988165001876881,0.03480683149042186,-0.009109104716701066,0.03480683149042186,0,100
A_well_specified,5,18,input_dependent_nonordinal,4,1183,0.9180050718512257,2.6779374471682162,4.787827557058327,0.00253592561284869,0.7671927749240727,0.04527476528984636,0.0066170897912534166,0.04527476528984636,0,100
A_well_specified,5,18,input_dependent_nonordinal,3,1172,0.9513651877133106,3.1032423208191124,4.578498293515358,0.013651877133105802,0.6646882315730205,0.032796379523740586,0.13875953961662968,0.032796379523740586,0,100
A_well_specified,5,18,input_dependent_nonordinal,1,1199,0.8840700583819849,2.470391993327773,2.5212677231025853,0.0016680567139282735,0.5304079056545832,0.040435124111765,-0.010051087102659562,0.040435124111765,0,100
A_well_specified,5,18,input_dependent_nonordinal,0,272,1,1.4154411764705883,1.4154411764705883,0,0.4748024406400575,0.055958319434466934,inf,inf,1,5
A_well_specified,5,18,input_dependent_ordinal,2,1174,0.8722316865417377,3.0425894378194207,3.7155025553662693,0.005110732538330494,0.6032837516743493,0.03926267605938032,-0.013454798671656443,0.03926267605938032,0,100
A_well_specified,5,18,input_dependent_ordinal,4,1183,0.9095519864750634,2.6525781910397295,4.759087066779374,0.00253592561284869,0.7510537673120576,0.03864788697743016,0.004660482909804364,0.03864788697743016,0,100
A_well_specified,5,18,input_dependent_ordinal,3,1172,0.9462457337883959,3.0844709897610922,4.558873720136519,0.008532423208191127,0.6838199720892983,0.038696491233134324,0.11034586741845431,0.038696491233134324,0,100
A_well_specified,5,18,input_dependent_ordinal,1,1199,0.8849040867389492,2.476230191826522,2.5262718932443704,0.0008340283569641367,0.5309193053664992,0.03960096769820206,-0.007588050870675267,0.03960096769820206,0,100
A_well_specified,5,18,input_dependent_ordinal,0,272,1,1.4154411764705883,1.4154411764705883,0,0.4436042775400857,0.04052114055278544,inf,inf,1,5
A_well_specified,5,19,independent_mondrian,4,1169,0.8939264328485885,2.6065012831479897,4.718562874251497,0,0.0,0.0,0.7738295195399325,0.0,0,100
A_well_specified,5,19,independent_mondrian,0,241,1,1.3941908713692945,1.3983402489626555,0,0.0,0.0,inf,inf,1,5
A_well_specified,5,19,independent_mondrian,2,1220,0.9155737704918033,3.0401639344262295,3.677049180327869,0,0.0,0.0,0.6967724327070081,0.0,0,100
A_well_specified,5,19,independent_mondrian,1,1203,0.8620116375727348,2.5544472152950957,2.6217788861180384,0,0.0,0.0,0.507023160184693,0.0,0,100
A_well_specified,5,19,independent_mondrian,3,1167,0.8868894601542416,3.2047986289631534,4.614395886889461,0,0.0,0.0,0.6945426984432247,0.0,0,100
A_well_specified,5,19,ordinal_cluster,4,1169,0.8810949529512404,1.6159110350727117,1.6159110350727117,0,0.0,0.0,0.7506889689888685,0.0,0,100
A_well_specified,5,19,ordinal_cluster,0,241,0.8962655601659751,1.4024896265560165,1.4024896265560165,0,0.0,0.0,0.5098017511204237,0.0,0,5
A_well_specified,5,19,ordinal_cluster,2,1220,0.8762295081967213,2.183606557377049,2.183606557377049,0,0.0,0.0,0.6238133479995711,0.0,0,100
A_well_specified,5,19,ordinal_cluster,1,1203,0.8902743142144638,1.8902743142144638,1.8902743142144638,0,0.0,0.0,0.5858886325593853,0.0,0,100
A_well_specified,5,19,ordinal_cluster,3,1167,0.9074550128534704,2.1568123393316196,2.1568123393316196,0,0.0,0.0,0.7385668894874964,0.0,0,100
A_well_specified,5,19,input_dependent_nonordinal,4,1169,0.9144568006843456,2.618477331052181,4.777587681779298,0.001710863986313088,0.7364216220236263,0.05420712855018396,0.0599971637748532,0.05420712855018396,0,100
A_well_specified,5,19,input_dependent_nonordinal,0,241,1,1.4190871369294606,1.4190871369294606,0,0.47543916998949615,0.03932237682549475,inf,inf,1,5
A_well_specified,5,19,input_dependent_nonordinal,2,1220,0.9327868852459016,2.9770491803278687,3.6672131147540985,0.006557377049180328,0.57621411794,0.03527904483872019,0.09677531981283805,0.03527904483872019,0,100
A_well_specified,5,19,input_dependent_nonordinal,1,1203,0.8528678304239401,2.5320033250207814,2.599334995843724,0.0033250207813798837,0.530040453180245,0.03345882230983793,-0.039077529211314965,0.03345882230983793,0,100
A_well_specified,5,19,input_dependent_nonordinal,3,1167,0.9168808911739503,3.1662382176520993,4.592973436161097,0.007712082262210797,0.6980872929795914,0.0590483142611872,0.02844565163196844,0.0590483142611872,0,100
A_well_specified,5,19,input_dependent_ordinal,4,1169,0.913601368691189,2.6090675791274593,4.7733105218135155,0.001710863986313088,0.7354958265289613,0.055350425542597,0.0619197543762281,0.055350425542597,0,100
A_well_specified,5,19,input_dependent_ordinal,0,241,1,1.4190871369294606,1.4190871369294606,0,0.45328010049016226,0.02917932379582718,inf,inf,1,5
A_well_specified,5,19,input_dependent_ordinal,2,1220,0.9377049180327869,2.9655737704918033,3.65655737704918,0.00819672131147541,0.5953227253740859,0.04199649330089895,0.08559799592251027,0.04199649330089895,0,100
A_well_specified,5,19,input_dependent_ordinal,1,1203,0.8503740648379052,2.5228595178719866,2.5893599334995843,0.0033250207813798837,0.528301075341754,0.03452005658890392,-0.03630612834664454,0.03452005658890392,0,100
A_well_specified,5,19,input_dependent_ordinal,3,1167,0.9074550128534704,3.1662382176520993,4.587832047986289,0.007712082262210797,0.6852480735768944,0.0508623511469648,0.022286260409651037,0.0508623511469648,0,100
A_well_specified,5,20,independent_mondrian,4,1237,0.8286176232821342,2.58447857720291,4.544058205335489,0,0.0,0.0,0.6546052480595307,0.0,0,100
A_well_specified,5,20,independent_mondrian,3,1132,0.9054770318021201,3.2597173144876326,4.5053003533568905,0,0.0,0.0,0.7041523082594512,0.0,0,100
A_well_specified,5,20,independent_mondrian,2,1195,0.9523012552301255,3.2192468619246863,3.6861924686192467,0,0.0,0.0,0.7988573178936413,0.0,0,100
A_well_specified,5,20,independent_mondrian,1,1184,0.9290540540540541,2.75,2.789695945945946,0,0.0,0.0,0.650788765130856,0.0,0,100
A_well_specified,5,20,independent_mondrian,0,252,1,1.5912698412698412,1.5912698412698412,0,0.0,0.0,inf,inf,1,5
A_well_specified,5,20,ordinal_cluster,4,1237,0.8286176232821342,1.5392077607113985,1.5392077607113985,0,0.0,0.0,0.6546052480595307,0.0,0,100
A_well_specified,5,20,ordinal_cluster,3,1132,0.9054770318021201,2.1943462897526502,2.1943462897526502,0,0.0,0.0,0.7041523082594512,0.0,0,100
A_well_specified,5,20,ordinal_cluster,2,1195,0.9221757322175732,2.311297071129707,2.311297071129707,0,0.0,0.0,0.7014970880121847,0.0,0,100
A_well_specified,5,20,ordinal_cluster,1,1184,0.9383445945945946,2.230574324324324,2.230574324324324,0,0.0,0.0,0.7014970880121847,0.0,0,100
A_well_specified,5,20,ordinal_cluster,0,252,0.9642857142857143,1.619047619047619,1.619047619047619,0,0.0,0.0,0.650788765130856,0.0,0,5
A_well_specified,5,20,input_dependent_nonordinal,4,1237,0.9029911075181891,2.5966046887631364,4.751010509296686,0.004042037186742118,0.7485284968256019,0.04614303270849513,0.03314583634832846,0.04614303270849513,0,100
A_well_specified,5,20,input_dependent_nonordinal,3,1132,0.9196113074204947,3.1263250883392226,4.548586572438163,0.006183745583038869,0.712798715373802,0.05267327972812395,-0.024554635088235466,0.05267327972812394,0,100
A_well_specified,5,20,input_dependent_nonordinal,2,1195,0.9364016736401674,3.001673640167364,3.6401673640167362,0.0066945606694560665,0.5969067464926175,0.03427161993791079,0.06921347748258344,0.03427161993791079,0,100
A_well_specified,5,20,input_dependent_nonordinal,1,1184,0.9307432432432432,2.5945945945945947,2.6326013513513513,0.004222972972972973,0.5341733686725043,0.035495018165495294,0.042461046665477786,0.035495018165495294,0,100
A_well_specified,5,20,input_dependent_nonordinal,0,252,1,1.3888888888888888,1.3888888888888888,0,0.45709713590413203,0.03223542505151639,inf,inf,1,5
A_well_specified,5,20,input_dependent_ordinal,4,1237,0.9078415521422797,2.5901374292643493,4.760711398544867,0.004850444624090542,0.7670679854821915,0.05142049824327831,0.021676235257258147,0.05142049824327831,0,100
A_well_specified,5,20,input_dependent_ordinal,3,1132,0.9169611307420494,3.107773851590106,4.548586572438163,0.01060070671378092,0.6802330172001965,0.04268241096950301,-0.003125854650606774,0.04268241096950301,0,100
A_well_specified,5,20,input_dependent_ordinal,2,1195,0.9305439330543933,2.99581589958159,3.6384937238493724,0.007531380753138075,0.6046299593953273,0.038992460596520846,0.046663492881196644,0.038992460596520846,0,100
A_well_specified,5,20,input_dependent_ordinal,1,1184,0.9298986486486487,2.5692567567567566,2.606418918918919,0.0059121621621621625,0.5419049033953901,0.03587629090397001,0.03408364116072271,0.03587629090397001,0,100
A_well_specified,5,20,input_dependent_ordinal,0,252,1,1.380952380952381,1.380952380952381,0,0.4485200489085478,0.030532161169559494,inf,inf,1,5
A_well_specified,5,21,independent_mondrian,0,251,1,1.6254980079681276,1.6254980079681276,0,0.0,0.0,inf,inf,1,5
A_well_specified,5,21,independent_mondrian,2,1125,0.9324444444444444,3.344,3.847111111111111,0,0.0,0.0,0.739753614157718,0.0,0,100
A_well_specified,5,21,independent_mondrian,1,1244,0.930064308681672,2.714630225080386,2.7467845659163985,0,0.0,0.0,0.6244113932451095,0.0,0,100
A_well_specified,5,21,independent_mondrian,3,1180,0.9169491525423729,3.4152542372881354,4.72457627118644,0,0.0,0.0,0.7591142678427064,0.0,0,100
A_well_specified,5,21,independent_mondrian,4,1200,0.9325,2.7283333333333335,4.838333333333333,0,0.0,0.0,0.9047605883013409,0.0,0,100
A_well_specified,5,21,ordinal_cluster,0,251,0.9681274900398407,1.7211155378486056,1.7211155378486056,0,0.0,0.0,0.6244113932451095,0.0,0,5
A_well_specified,5,21,ordinal_cluster,2,1125,0.9324444444444444,2.488,2.488,0,0.0,0.0,0.731492173621873,0.0,0,100
A_well_specified,5,21,ordinal_cluster,1,1244,0.952572347266881,2.2660771704180065,2.2660771704180065,0,0.0,0.0,0.7058888874180469,0.0,0,100
A_well_specified,5,21,ordinal_cluster,3,1180,0.926271186440678,2.411864406779661,2.411864406779661,0,0.0,0.0,0.7926613729654828,0.0,0,100
A_well_specified,5,21,ordinal_cluster,4,1200,0.91,1.7358333333333333,1.7358333333333333,0,0.0,0.0,0.8406077588282892,0.0,0,100
A_well_specified,5,21,input_dependent_nonordinal,0,251,1,1.4621513944223108,1.4621513944223108,0,0.47806458604586666,0.04865476165761665,inf,inf,1,5
A_well_specified,5,21,input_dependent_nonordinal,2,1125,0.88,2.966222222222222,3.606222222222222,0.015111111111111112,0.6088356073934601,0.04820017631376311,-0.008946788116673043,0.04820017631376311,0,100
A_well_specified,5,21,input_dependent_nonordinal,1,1244,0.930064308681672,2.4533762057877815,2.485530546623794,0.00482315112540193,0.5305482763750563,0.037300984956975064,0.03626207720055852,0.037300984956975064,0,100
A_well_specified,5,21,input_dependent_nonordinal,3,1180,0.8805084745762712,3.051694915254237,4.549152542372881,0.015254237288135594,0.6750862564501645,0.04304265893255508,-0.03305268683259355,0.04304265893255508,0,100
A_well_specified,5,21,input_dependent_nonordinal,4,1200,0.9166666666666666,2.5483333333333333,4.806666666666667,0.004166666666666667,0.7500810308243475,0.04328527529204786,0.04725502284969019,0.04328527529204786,0,100
A_well_specified,5,21,input_dependent_ordinal,0,251,1,1.454183266932271,1.454183266932271,0,0.45714828463975,0.04115576075072995,inf,inf,1,5
A_well_specified,5,21,input_dependent_ordinal,2,1125,0.8826666666666667,2.9635555555555557,3.615111111111111,0.016,0.6079905539693109,0.04291386391924755,-0.006240751653289078,0.04291386391924755,0,100
A_well_specified,5,21,input_dependent_ordinal,1,1244,0.9260450160771704,2.4541800643086815,2.489549839228296,0.005627009646302251,0.5368095261872232,0.041664003538616726,0.025019537504631706,0.041664003538616726,0,100
A_well_specified,5,21,input_dependent_ordinal,3,1180,0.8813559322033898,3.055084745762712,4.551694915254237,0.016101694915254237,0.6739906169899529,0.04457755753561362,-0.02982294890822046,0.04457755753561362,0,100
A_well_specified,5,21,input_dependent_ordinal,4,1200,0.9175,2.549166666666667,4.81,0.005,0.7496749555881272,0.04361096353728696,0.0489838726579464,0.04361096353728696,0,100
A_well_specified,5,22,independent_mondrian,2,1159,0.9275237273511648,3.1484037963761864,3.900776531492666,0,0.0,0.0,0.6655369310909903,0.0,0,100
A_well_specified,5,22,independent_mondrian,1,1189,0.8124474348191758,2.543313708999159,2.6492851135407904,0,0.0,0.0,0.43953147848953744,0.0,0,100
A_well_specified,5,22,independent_mondrian,4,1220,0.9418032786885245,2.739344262295082,4.866393442622951,0,0.0,0.0,0.9411519835011286,0.0,0,100
A_well_specified,5,22,independent_mondrian,3,1168,0.9357876712328768,3.3424657534246576,4.762842465753424,0,0.0,0.0,0.7621522805801397,0.0,0,100
A_well_specified,5,22,independent_mondrian,0,264,1,1.3522727272727273,1.3598484848484849,0,0.0,0.0,inf,inf,1,5
A_well_specified,5,22,ordinal_cluster,2,1159,0.9206212251941329,2.3287316652286454,2.3287316652286454,0,0.0,0.0,0.6514642466911581,0.0,0,100
A_well_specified,5,22,ordinal_cluster,1,1189,0.8923465096719932,1.8923465096719934,1.8923465096719934,0,0.0,0.0,0.5669793580785102,0.0,0,100
A_well_specified,5,22,ordinal_cluster,4,1220,0.9336065573770492,1.7877049180327869,1.7877049180327869,0,0.0,0.0,0.8973403915177868,0.0,0,100
A_well_specified,5,22,ordinal_cluster,3,1168,0.9486301369863014,2.3398972602739727,2.3398972602739727,0,0.0,0.0,0.8187681636349616,0.0,0,100
A_well_specified,5,22,ordinal_cluster,0,264,0.821969696969697,1.3674242424242424,1.3674242424242424,0,0.0,0.0,0.43953147848953744,0.0,0,5
A_well_specified,5,22,input_dependent_nonordinal,2,1159,0.9068162208800691,3.1147540983606556,3.789473684210526,0.02070750647109577,0.6253072193505439,0.043067528437036165,-0.026743601764017744,0.043067528437036165,0,100
A_well_specified,5,22,input_dependent_nonordinal,1,1189,0.8923465096719932,2.539108494533221,2.5979814970563497,0.007569386038687973,0.5493199267787198,0.036519165062270084,-0.03403282258731172,0.036519165062270084,0,100
A_well_specified,5,22,input_dependent_nonordinal,4,1220,0.9270491803278689,2.709016393442623,4.836065573770492,0.004918032786885246,0.7488562758698405,0.05442344923945626,0.0694149127105278,0.05442344923945626,0,100
A_well_specified,5,22,input_dependent_nonordinal,3,1168,0.9580479452054794,3.1284246575342465,4.612157534246576,0.019691780821917807,0.6591786412605596,0.04055496958364191,0.12988620780616278,0.04055496958364191,0,100
A_well_specified,5,22,input_dependent_nonordinal,0,264,1,1.5,1.5,0,0.4613722233089109,0.044394224743749613,inf,inf,1,5
A_well_specified,5,22,input_dependent_ordinal,2,1159,0.9068162208800691,3.1207937877480587,3.7946505608283,0.02070750647109577,0.6163000425566048,0.04228753350688904,-0.01949503896463789,0.04228753350688904,0,100
A_well_specified,5,22,input_dependent_ordinal,1,1189,0.8915054667788057,2.5424726661059713,2.6013456686291,0.008410428931875526,0.5479935392743523,0.03768351035613884,-0.031456976345703214,0.03768351035613884,0,100
A_well_specified,5,22,input_dependent_ordinal,4,1220,0.9311475409836065,2.7147540983606557,4.8475409836065575,0.004918032786885246,0.7445804976282728,0.05099684123219585,0.08284148411658077,0.05099684123219585,0,100
A_well_specified,5,22,input_dependent_ordinal,3,1168,0.958904109589041,3.1455479452054793,4.6284246575342465,0.019691780821917807,0.6719198220653384,0.04445413313563254,0.12449691317157874,0.04445413313563254,0,100
A_well_specified,5,22,input_dependent_ordinal,0,264,1,1.503787878787879,1.503787878787879,0,0.477923135063881,0.0354653935509682,inf,inf,1,5
A_well_specified,5,23,independent_mondrian,3,1212,0.8894389438943895,3.221122112211221,4.7004950495049505,0,0.0,0.0,0.6837294841030034,0.0,0,100
A_well_specified,5,23,independent_mondrian,4,1168,0.934931506849315,2.6164383561643834,4.830479452054795,0,0.0,0.0,0.891474360896361,0.0,0,100
A_well_specified,5,23,independent_mondrian,2,1191,0.8883291351805206,3.167926112510495,3.7455919395465993,0,0.0,0.0,0.5964984352775956,0.0,0,100
A_well_specified,5,23,independent_mondrian,1,1132,0.8895759717314488,2.4814487632508833,2.547703180212014,0,0.0,0.0,0.5985844425927703,0.0,0,100
A_well_specified,5,23,independent_mondrian,0,297,1,1.531986531986532,1.531986531986532,0,0.0,0.0,inf,inf,1,5
A_well_specified,5,23,ordinal_cluster,3,1212,0.9001650165016502,2.1567656765676566,2.1567656765676566,0,0.0,0.0,0.7100123394988005,0.0,0,100
A_well_specified,5,23,ordinal_cluster,4,1168,0.8886986301369864,1.6044520547945205,1.6044520547945205,0,0.0,0.0,0.7417244336748545,0.0,0,100
A_well_specified,5,23,ordinal_cluster,2,1191,0.8984047019311503,2.170445004198153,2.170445004198153,0,0.0,0.0,0.6283540894069833,0.0,0,100
A_well_specified,5,23,ordinal_cluster,1,1132,0.8869257950530035,2.0309187279151946,2.0309187279151946,0,0.0,0.0,0.5964984352775956,0.0,0,100
A_well_specified,5,23,ordinal_cluster,0,297,0.9528619528619529,1.4882154882154883,1.4882154882154883,0,0.0,0.0,0.5985844425927703,0.0,0,5
A_well_specified,5,23,input_dependent_nonordinal,3,1212,0.9216171617161716,3.0643564356435644,4.54042904290429,0.0165016501650165,0.6857927766102724,0.035393461449297635,0.02915091700725625,0.035393461449297635,0,100
A_well_specified,5,23,input_dependent_nonordinal,4,1168,0.9092465753424658,2.6164383561643834,4.779965753424658,0.005136986301369863,0.7646469756331488,0.05444735074122399,0.014912807289260699,0.05444735074122399,0,100
A_well_specified,5,23,input_dependent_nonordinal,2,1191,0.906801007556675,3.0696893366918556,3.6994122586062135,0.01595298068849706,0.6105245787201351,0.03932682552810623,-0.00320231171159141,0.03932682552810623,0,100
A_well_specified,5,23,input_dependent_nonordinal,1,1132,0.9187279151943463,2.5159010600706715,2.562720848056537,0.012367491166077738,0.5286432797988941,0.03508586504772162,0.0511873744781666,0.03508586504772162,0,100
A_well_specified,5,23,input_dependent_nonordinal,0,297,1,1.5387205387205387,1.5387205387205387,0,0.4486043312451645,0.030732370461364542,inf,inf,1,5
A_well_specified,5,23,input_dependent_ordinal,3,1212,0.9207920792079208,3.0594059405940595,4.541254125412541,0.014026402640264026,0.6846525239256633,0.04236012560140942,0.028612850760551756,0.04236012560140942,0,100
A_well_specified,5,23,input_dependent_ordinal,4,1168,0.9101027397260274,2.6113013698630136,4.783390410958904,0.005136986301369863,0.7654088770872477,0.049618812789942145,0.007636313500193781,0.049618812789942145,0,100
A_well_specified,5,23,input_dependent_ordinal,2,1191,0.9051217464315701,3.0554156171284634,3.686817800167926,0.014273719563392108,0.6075383076556311,0.038477195026165575,-0.00293161275320325,0.038477195026165575,0,100
A_well_specified,5,23,input_dependent_ordinal,1,1132,0.916077738515901,2.5141342756183747,2.5618374558303887,0.0088339222614841,0.5294793751745369,0.034399731404621395,0.04735648792336791,0.03439973140462138,0,100
A_well_specified,5,23,input_dependent_ordinal,0,297,1,1.531986531986532,1.531986531986532,0,0.4521648926613094,0.028060251587299533,inf,inf,1,5
A_well_specified,5,24,independent_mondrian,1,1167,0.9057412167952014,2.6872322193658955,2.7369323050556984,0,0.0,0.0,0.5580811253141426,0.0,0,100
A_well_specified,5,24,independent_mondrian,4,1207,0.9229494614747308,2.5716652858326428,4.783761391880696,0,0.0,0.0,0.7741728686104521,0.0,0,100
A_well_specified,5,24,independent_mondrian,2,1171,0.9436379163108455,3.0572160546541416,3.6362083689154567,0,0.0,0.0,0.7706988563558536,0.0,0,100
A_well_specified,5,24,independent_mondrian,0,270,1,1.4703703703703703,1.4703703703703703,0,0.0,0.0,inf,inf,1,5
A_well_specified,5,24,independent_mondrian,3,1185,0.9029535864978903,3.353586497890295,4.658227848101266,0,0.0,0.0,0.6469455907495838,0.0,0,100
A_well_specified,5,24,ordinal_cluster,1,1167,0.9237360754070265,1.9854327335047128,1.9854327335047128,0,0.0,0.0,0.6086852146771055,0.0,0,100
A_well_specified,5,24,ordinal_cluster,4,1207,0.8939519469759735,1.5633802816901408,1.5633802816901408,0,0.0,0.0,0.7002559110454096,0.0,0,100
A_well_specified,5,24,ordinal_cluster,2,1171,0.9009393680614859,2.1801878736122973,2.1801878736122973,0,0.0,0.0,0.6330161429766824,0.0,0,100
A_well_specified,5,24,ordinal_cluster,0,270,0.9074074074074074,1.462962962962963,1.462962962962963,0,0.0,0.0,0.5580811253141426,0.0,0,5
A_well_specified,5,24,ordinal_cluster,3,1185,0.920675105485232,2.1468354430379746,2.1468354430379746,0,0.0,0.0,0.7118293278016109,0.0,0,100
A_well_specified,5,24,input_dependent_nonordinal,1,1167,0.8766066838046273,2.5715509854327334,2.63324764353042,0.004284490145672665,0.5547252070006728,0.046679581072538036,-0.04634230684427737,0.046679581072538036,0,100
A_well_specified,5,24,input_dependent_nonordinal,4,1207,0.908036454018227,2.553438276719138,4.739022369511185,0.0008285004142502071,0.7344067215942949,0.040563190712925,0.0019139406413756221,0.040563190712925,0,100
A_well_specified,5,24,input_dependent_nonordinal,2,1171,0.9590093936806149,2.983774551665243,3.631084543125534,0.010247651579846286,0.5838962804623157,0.045496557129672176,0.14013017212622492,0.045496557129672176,0,100
A_well_specified,5,24,input_dependent_nonordinal,0,270,1,1.4666666666666666,1.4666666666666666,0,0.5077650316512188,0.04284153378642953,inf,inf,1,5
A_well_specified,5,24,input_dependent_nonordinal,3,1185,0.9232067510548523,3.1215189873417724,4.530801687763713,0.005063291139240506,0.6556336372656735,0.03695809920496482,0.013846257379831473,0.03695809920496482,0,100
A_well_specified,5,24,input_dependent_ordinal,1,1167,0.8740359897172236,2.570694087403599,2.6341045415595543,0.001713796058269066,0.5441261361171904,0.044993691191452155,-0.04041249556119003,0.044993691191452155,0,100
A_well_specified,5,24,input_dependent_ordinal,4,1207,0.9072079536039768,2.553438276719138,4.738193869096935,0.0008285004142502071,0.7225395043211705,0.03830578959392642,0.006490816985381231,0.03830578959392642,0,100
A_well_specified,5,24,input_dependent_ordinal,2,1171,0.9590093936806149,2.976088812980359,3.627668659265585,0.007685738684884714,0.603824611824945,0.043902433858717754,0.12102679291747853,0.043902433858717754,0,100
A_well_specified,5,24,input_dependent_ordinal,0,270,1,1.462962962962963,1.462962962962963,0,0.489062446294056,0.045552928478353835,inf,inf,1,5
A_well_specified,5,24,input_dependent_ordinal,3,1185,0.9232067510548523,3.1215189873417724,4.529957805907173,0.0033755274261603376,0.661961668720785,0.0411067440324892,0.009510382780029025,0.0411067440324892,0,100
A_well_specified,5,25,independent_mondrian,1,1148,0.9538327526132404,2.792682926829268,2.8205574912891986,0,0.0,0.0,0.7341535194725292,0.0,0,100
A_well_specified,5,25,independent_mondrian,4,1193,0.9321039396479464,2.7284157585917854,4.8357082984073765,0,0.0,0.0,0.8849666252474171,0.0,0,100
A_well_specified,5,25,independent_mondrian,3,1174,0.8977853492333902,3.48381601362862,4.719761499148211,0,0.0,0.0,0.7115742398221481,0.0,0,100
A_well_specified,5,25,independent_mondrian,2,1229,0.950366151342555,3.414971521562246,3.790073230268511,0,0.0,0.0,0.7876348917888142,0.0,0,100
A_well_specified,5,25,independent_mondrian,0,256,1,1.85546875,1.85546875,0,0.0,0.0,inf,inf,1,5
A_well_specified,5,25,ordinal_cluster,1,1148,0.9599303135888502,2.4390243902439024,2.4390243902439024,0,0.0,0.0,0.7587143448704557,0.0,0,100
A_well_specified,5,25,ordinal_cluster,4,1193,0.8860016764459346,1.6974015088013412,1.6974015088013412,0,0.0,0.0,0.7341922848059466,0.0,0,100
A_well_specified,5,25,ordinal_cluster,3,1174,0.9045996592844975,2.315161839863714,2.315161839863714,0,0.0,0.0,0.7395091772636153,0.0,0,100
A_well_specified,5,25,ordinal_cluster,2,1229,0.9406021155410903,2.497965825874695,2.497965825874695,0,0.0,0.0,0.7278415651871413,0.0,0,100
A_well_specified,5,25,ordinal_cluster,0,256,0.95703125,1.81640625,1.81640625,0,0.0,0.0,0.7497091059870166,0.0,0,5
A_well_specified,5,25,input_dependent_nonordinal,1,1148,0.9198606271777003,2.5513937282229966,2.592334494773519,0.006097560975609756,0.5280895603154578,0.03597380210463329,0.02343557776755345,0.03597380210463329,0,100
A_well_specified,5,25,input_dependent_nonordinal,4,1193,0.8868398994132439,2.592623637887678,4.739312657166806,0.002514668901927913,0.7602778456993705,0.05251426328798013,-0.021923982270802944,0.05251426328798013,0,100
A_well_specified,5,25,input_dependent_nonordinal,3,1174,0.903747870528109,3.0664395229982966,4.527257240204429,0.009369676320272573,0.694896176782347,0.04954733753118411,0.01283416312648089,0.04954733753118411,0,100
A_well_specified,5,25,input_dependent_nonordinal,2,1229,0.9186330349877949,2.9967453213995117,3.6403580146460537,0.010577705451586655,0.6310885889760998,0.0501069796532599,0.009319669244792439,0.0501069796532599,0,100
A_well_specified,5,25,input_dependent_nonordinal,0,256,1,1.515625,1.515625,0,0.4844772259442149,0.04263008257900905,inf,inf,1,5
A_well_specified,5,25,input_dependent_ordinal,1,1148,0.921602787456446,2.558362369337979,2.5993031358885017,0.0078397212543554,0.5385002260748653,0.04020767580402034,0.025671664300405517,0.04020767580402034,0,100
A_well_specified,5,25,input_dependent_ordinal,4,1193,0.8893545683151718,2.5909471919530596,4.7418273260687345,0.003352891869237217,0.7623596724522641,0.055051315312965955,-0.020515616704951167,0.055051315312965955,0,100
A_well_specified,5,25,input_dependent_ordinal,3,1174,0.903747870528109,3.0715502555366268,4.525553662691652,0.011073253833049404,0.6992596840894267,0.04867111326417295,0.006046867770187925,0.04867111326417295,0,100
A_well_specified,5,25,input_dependent_ordinal,2,1229,0.9243287225386493,3.015459723352319,3.64686737184703,0.014646053702196907,0.6135385349522666,0.04361464506559366,0.028248265819969864,0.04361464506559366,0,100
A_well_specified,5,25,input_dependent_ordinal,0,256,1,1.53125,1.53125,0,0.47964123991998786,0.03999912220181337,inf,inf,1,5
A_well_specified,5,26,independent_mondrian,1,1177,0.8878504672897196,2.5412064570943076,2.6040781648258284,0,0.0,0.0,0.5361798088113142,0.0,0,100
A_well_specified,5,26,independent_mondrian,4,1156,0.8875432525951558,2.4922145328719725,4.705882352941177,0,0.0,0.0,0.7774987587185999,0.0,0,100
A_well_specified,5,26,independent_mondrian,3,1242,0.8438003220611916,3.136070853462158,4.598228663446055,0,0.0,0.0,0.5827161092680048,0.0,0,100
A_well_specified,5,26,independent_mondrian,2,1167,0.9203084832904884,2.9108826049700087,3.5415595544130247,0,0.0,0.0,0.6760717050636863,0.0,0,100
A_well_specified,5,26,independent_mondrian,0,258,1,1.445736434108527,1.445736434108527,0,0.0,0.0,inf,inf,1,5
A_well_specified,5,26,ordinal_cluster,1,1177,0.923534409515718,2.0331350892098556,2.0331350892098556,0,0.0,0.0,0.6344296947353136,0.0,0,100
A_well_specified,5,26,ordinal_cluster,4,1156,0.8788927335640139,1.6228373702422145,1.6228373702422145,0,0.0,0.0,0.750620245689385,0.0,0,100
A_well_specified,5,26,ordinal_cluster,3,1242,0.9210950080515298,2.183574879227053,2.183574879227053,0,0.0,0.0,0.7341279549978847,0.0,0,100
A_well_specified,5,26,ordinal_cluster,2,1167,0.9065981148243359,2.2596401028277633,2.2596401028277633,0,0.0,0.0,0.6291431556490417,0.0,0,100
A_well_specified,5,26,ordinal_cluster,0,258,0.9263565891472868,1.5310077519379846,1.5310077519379846,0,0.0,0.0,0.5873078656320967,0.0,0,5
A_well_specified,5,26,input_dependent_nonordinal,1,1177,0.8853016142735769,2.5225148683092606,2.5870858113848767,0.004248088360237893,0.5362900329345639,0.03718330579695524,-0.01612476017569031,0.03718330579695524,0,100
A_well_specified,5,26,input_dependent_nonordinal,4,1156,0.8866782006920415,2.5484429065743943,4.703287197231834,0.004325259515570935,0.7547838431650632,0.05088927671404156,-0.03859593781244308,0.05088927671404156,0,100
A_well_specified,5,26,input_dependent_nonordinal,3,1242,0.9106280193236715,3.0088566827697263,4.498389694041868,0.004830917874396135,0.6535950066430405,0.03917799971716023,0.016442512442699786,0.03917799971716023,0,100
A_well_specified,5,26,input_dependent_nonordinal,2,1167,0.9331619537275064,2.9528706083976006,3.631533847472151,0.007712082262210797,0.5922588421672094,0.030663805232965188,0.053671639971865415,0.030663805232965188,0,100
A_well_specified,5,26,input_dependent_nonordinal,0,258,1,1.449612403100775,1.449612403100775,0,0.4566207183129895,0.02630101342577818,inf,inf,1,5
A_well_specified,5,26,input_dependent_ordinal,1,1177,0.8895497026338148,2.519966015293118,2.582837723024639,0.0033984706881903144,0.5317186664035687,0.03141717525533226,-0.018206032971531616,0.03141717525533226,0,100
A_well_specified,5,26,input_dependent_ordinal,4,1156,0.884083044982699,2.5441176470588234,4.698961937716263,0.0017301038062283738,0.7406203858495838,0.04677265163839313,-0.036823440918037686,0.04677265163839313,0,100
A_well_specified,5,26,input_dependent_ordinal,3,1242,0.9106280193236715,2.9919484702093397,4.491143317230274,0.001610305958132045,0.6702935047720313,0.04187054942354714,0.002694786341342792,0.04187054942354714,0,100
A_well_specified,5,26,input_dependent_ordinal,2,1167,0.9323050556983719,2.9331619537275064,3.6152527849185945,0.003427592116538132,0.5966139349534247,0.0368077791554386,0.04432328924438844,0.0368077791554386,0,100
A_well_specified,5,26,input_dependent_ordinal,0,258,1,1.4534883720930232,1.4534883720930232,0,0.44294307057537863,0.02788511790383699,inf,inf,1,5
A_well_specified,5,27,independent_mondrian,4,1143,0.9238845144356955,2.729658792650919,4.825021872265967,0,0.0,0.0,0.7976335634256818,0.0,0,100
A_well_specified,5,27,independent_mondrian,0,255,1,1.3529411764705883,1.3529411764705883,0,0.0,0.0,inf,inf,1,5
A_well_specified,5,27,independent_mondrian,2,1214,0.9168039538714992,3.184514003294893,3.8360790774299836,0,0.0,0.0,0.676991109997311,0.0,0,100
A_well_specified,5,27,independent_mondrian,1,1182,0.873942470389171,2.581218274111675,2.643824027072758,0,0.0,0.0,0.5228346590852917,0.0,0,100
A_well_specified,5,27,independent_mondrian,3,1206,0.9253731343283582,3.2495854063018244,4.644278606965174,0,0.0,0.0,0.8037109125436732,0.0,0,100
A_well_specified,5,27,ordinal_cluster,4,1143,0.9238845144356955,1.668416447944007,1.668416447944007,0,0.0,0.0,0.7976335634256818,0.0,0,100
A_well_specified,5,27,ordinal_cluster,0,255,0.9176470588235294,1.415686274509804,1.415686274509804,0,0.0,0.0,0.5228346590852917,0.0,0,5
A_well_specified,5,27,ordinal_cluster,2,1214,0.9126853377265239,2.260296540362438,2.260296540362438,0,0.0,0.0,0.6649189602082253,0.0,0,100
A_well_specified,5,27,ordinal_cluster,1,1182,0.9086294416243654,1.9661590524534687,1.9661590524534687,0,0.0,0.0,0.6098682573894939,0.0,0,100
A_well_specified,5,27,ordinal_cluster,3,1206,0.9096185737976783,2.2487562189054726,2.2487562189054726,0,0.0,0.0,0.7440572429850691,0.0,0,100
A_well_specified,5,27,input_dependent_nonordinal,4,1143,0.8880139982502188,2.6237970253718284,4.718285214348207,0,0.7462249761503557,0.034523424079789596,-0.0269352681907572,0.034523424079789596,0,100
A_well_specified,5,27,input_dependent_nonordinal,0,255,1,1.392156862745098,1.392156862745098,0,0.44695822874753993,0.020060795379261514,inf,inf,1,5
A_well_specified,5,27,input_dependent_nonordinal,2,1214,0.9316309719934102,3.032948929159802,3.7051070840197693,0.0008237232289950577,0.6127019335004574,0.04229971967921649,0.048325024942734496,0.04229971967921649,0,100
A_well_specified,5,27,input_dependent_nonordinal,1,1182,0.883248730964467,2.527072758037225,2.5795262267343486,0.001692047377326565,0.5340973624863333,0.03628467896969171,-0.018117256847206442,0.03628467896969171,0,100
A_well_specified,5,27,input_dependent_nonordinal,3,1206,0.9187396351575456,3.0779436152570483,4.5306799336650085,0,0.6764990117578836,0.04768259436132629,0.0674299686708707,0.04768259436132629,0,100
A_well_specified,5,27,input_dependent_ordinal,4,1143,0.8801399825021873,2.6132983377077865,4.694663167104112,0.0017497812773403325,0.7495403434171108,0.041587183713114005,-0.043124365563800615,0.041587183713114005,0,100
A_well_specified,5,27,input_dependent_ordinal,0,255,1,1.388235294117647,1.388235294117647,0,0.4637426597458672,0.0327171529501053,inf,inf,1,5
A_well_specified,5,27,input_dependent_ordinal,2,1214,0.9299835255354201,3.0313014827018123,3.7051070840197693,0.0016474464579901153,0.6032570695738149,0.037417149443983194,0.05897673066698361,0.037417149443983194,0,100
A_well_specified,5,27,input_dependent_ordinal,1,1182,0.883248730964467,2.521150592216582,2.5736040609137056,0.001692047377326565,0.534404041940525,0.036238140064890484,-0.01829211392476282,0.036238140064890484,0,100
A_well_specified,5,27,input_dependent_ordinal,3,1206,0.917910447761194,3.0646766169154227,4.514925373134329,0.0008291873963515755,0.6785813854587028,0.04078831224803994,0.06038202075765997,0.04078831224803994,0,100
A_well_specified,5,28,independent_mondrian,4,1141,0.8071866783523225,2.499561787905346,4.520595968448729,0,0.0,0.0,0.5920408587618349,0.0,0,100
A_well_specified,5,28,independent_mondrian,2,1224,0.821078431372549,3.0359477124183005,3.639705882352941,0,0.0,0.0,0.5072109782755232,0.0,0,100
A_well_specified,5,28,independent_mondrian,3,1186,0.9089376053962901,2.8650927487352447,4.425801011804385,0,0.0,0.0,0.718756580359664,0.0,0,100
A_well_specified,5,28,independent_mondrian,1,1187,0.9241786015164279,2.401853411962932,2.446503791069924,0,0.0,0.0,0.6197703052041815,0.0,0,100
A_well_specified,5,28,independent_mondrian,0,262,1,1.549618320610687,1.549618320610687,0,0.0,0.0,inf,inf,1,5
A_well_specified,5,28,ordinal_cluster,4,1141,0.8650306748466258,1.4417177914110428,1.4417177914110428,0,0.0,0.0,0.6990926190415667,0.0,0,100
A_well_specified,5,28,ordinal_cluster,2,1224,0.8709150326797386,1.9656862745098038,1.9656862745098038,0,0.0,0.0,0.6066664513962864,0.0,0,100
A_well_specified,5,28,ordinal_cluster,3,1186,0.8541315345699831,2.03035413153457,2.03035413153457,0,0.0,0.0,0.5920408587618349,0.0,0,100
A_well_specified,5,28,ordinal_cluster,1,1187,0.9005897219882055,1.97893850042123,1.97893850042123,0,0.0,0.0,0.5568842673840525,0.0,0,100
A_well_specified,5,28,ordinal_cluster,0,262,0.950381679389313,1.4427480916030535,1.4427480916030535,0,0.0,0.0,0.6197703052041815,0.0,0,5
A_well_specified,5,28,input_dependent_nonordinal,4,1141,0.8588957055214724,2.4688869412795795,4.624014022787029,0,0.7427052863570512,0.05571303493088343,-0.06065221298644441,0.05571303493088343,0,100
A_well_specified,5,28,input_dependent_nonordinal,2,1224,0.8169934640522876,2.8880718954248366,3.5776143790849675,0.0024509803921568627,0.6177893971120328,0.04873318612156844,-0.07266106543305628,0.04873318612156844,0,100
A_well_specified,5,28,input_dependent_nonordinal,3,1186,0.887858347386172,2.882799325463744,4.448566610455312,0.003372681281618887,0.6918649542515931,0.042592470603992925,-0.04049699750869329,0.042592470603992925,0,100
A_well_specified,5,28,input_dependent_nonordinal,1,1187,0.9233361415332771,2.46335299073294,2.501263689974726,0.002527379949452401,0.5116131107860467,0.02498136777891256,0.05131735038696689,0.02498136777891256,0,100
A_well_specified,5,28,input_dependent_nonordinal,0,262,1,1.5076335877862594,1.5076335877862594,0,0.4658931999160043,0.035517275912574815,inf,inf,1,5
A_well_specified,5,28,input_dependent_ordinal,4,1141,0.8624014022787029,2.4723926380368098,4.635407537248028,0.0035056967572304996,0.7551591182177612,0.056409435684584584,-0.07062695153107834,0.056409435684584584,0,100
A_well_specified,5,28,input_dependent_ordinal,2,1224,0.8251633986928104,2.9191176470588234,3.588235294117647,0.006535947712418301,0.6086624226866632,0.03926073494458864,-0.07408280609233042,0.03926073494458864,0,100
A_well_specified,5,28,input_dependent_ordinal,3,1186,0.887858347386172,2.881112984822934,4.445193929173693,0.005902192242833052,0.6749695647816599,0.0455112455070609,-0.023090182063690845,0.0455112455070609,0,100
A_well_specified,5,28,input_dependent_ordinal,1,1187,0.9275484414490311,2.4582982308340355,2.4919966301600676,0.004212299915754001,0.5271496329030453,0.03385651833079566,0.048878744082739456,0.03385651833079566,0,100
A_well_specified,5,28,input_dependent_ordinal,0,262,1,1.5114503816793894,1.5114503816793894,0,0.44853019755338436,0.023873501995071565,inf,inf,1,5
A_well_specified,5,29,independent_mondrian,0,240,1,1.3583333333333334,1.3583333333333334,0,0.0,0.0,inf,inf,1,5
A_well_specified,5,29,independent_mondrian,2,1154,0.92894280762565,3.069324090121317,3.731369150779896,0,0.0,0.0,0.7066777003589331,0.0,0,100
A_well_specified,5,29,independent_mondrian,4,1157,0.8980121002592912,2.669835782195333,4.745894554883319,0,0.0,0.0,0.7689051932750706,0.0,0,100
A_well_specified,5,29,independent_mondrian,1,1235,0.8777327935222672,2.554655870445344,2.5983805668016196,0,0.0,0.0,0.5087613653580155,0.0,0,100
A_well_specified,5,29,independent_mondrian,3,1214,0.8978583196046128,3.2075782537067545,4.611202635914333,0,0.0,0.0,0.7180230051918975,0.0,0,100
A_well_specified,5,29,ordinal_cluster,0,240,0.9625,1.4958333333333333,1.4958333333333333,0,0.0,0.0,0.5811344657523126,0.0,0,5
A_well_specified,5,29,ordinal_cluster,2,1154,0.912478336221837,2.2227036395147315,2.2227036395147315,0,0.0,0.0,0.6730236163584289,0.0,0,100
A_well_specified,5,29,ordinal_cluster,4,1157,0.8893690579083837,1.6508210890233361,1.6508210890233361,0,0.0,0.0,0.745334560290532,0.0,0,100
A_well_specified,5,29,ordinal_cluster,1,1235,0.9230769230769231,2.0445344129554655,2.0445344129554655,0,0.0,0.0,0.6050735469585807,0.0,0,100
A_well_specified,5,29,ordinal_cluster,3,1214,0.8986820428336079,2.1795716639209224,2.1795716639209224,0,0.0,0.0,0.721960519233731,0.0,0,100
A_well_specified,5,29,input_dependent_nonordinal,0,240,1,1.5,1.5,0,0.4243530250003785,0.020785774160064142,inf,inf,1,5
A_well_specified,5,29,input_dependent_nonordinal,2,1154,0.9072790294627383,3.1221837088388216,3.749566724436742,0.029462738301559793,0.6001950202757457,0.04725859100427203,0.003536791532976258,0.04725859100427203,0,100
A_well_specified,5,29,input_dependent_nonordinal,4,1157,0.9325842696629213,2.7087294727744164,4.821953327571305,0.00950734658599827,0.7858260527696936,0.05818044287576289,0.0513282047742718,0.05818044287576289,0,100
A_well_specified,5,29,input_dependent_nonordinal,1,1235,0.9497975708502024,2.5506072874493926,2.565991902834008,0.0072874493927125505,0.5462652877030232,0.032996144475302205,0.06525120085632902,0.032996144475302205,0,100
A_well_specified,5,29,input_dependent_nonordinal,3,1214,0.9456342668863262,3.170510708401977,4.630971993410214,0.027182866556836903,0.6745516543956478,0.0475279285367774,0.1035353239813897,0.047527928536777383,0,100
A_well_specified,5,29,input_dependent_ordinal,0,240,1,1.4958333333333333,1.4958333333333333,0,0.4283250669893819,0.027126343229808544,inf,inf,1,5
A_well_specified,5,29,input_dependent_ordinal,2,1154,0.8968804159445407,3.1187175043327557,3.750433275563258,0.029462738301559793,0.5996840928778313,0.041970660162911,-0.012039414821515382,0.041970660162911,0,100
A_well_specified,5,29,input_dependent_ordinal,4,1157,0.9325842696629213,2.699222126188418,4.821953327571305,0.00950734658599827,0.77392258486891,0.05871723661049146,0.06157928092273335,0.05871723661049146,0,100
A_well_specified,5,29,input_dependent_ordinal,1,1235,0.9497975708502024,2.536842105263158,2.552226720647773,0.0072874493927125505,0.5386024885197669,0.03345576035505811,0.07491111621338481,0.03345576035505811,0,100
A_well_specified,5,29,input_dependent_ordinal,3,1214,0.9481054365733114,3.1523887973640856,4.627677100494234,0.027182866556836903,0.6937570247430763,0.05081210428990241,0.09186890227135441,0.0508121042899024,0,100
A_well_specified,5,30,independent_mondrian,2,1201,0.9350541215653622,3.070774354704413,3.6727726894254786,0,0.0,0.0,0.7563895804190728,0.0,0,100
A_well_specified,5,30,independent_mondrian,3,1215,0.8732510288065843,3.270781893004115,4.596707818930041,0,0.0,0.0,0.6388336693615189,0.0,0,100
A_well_specified,5,30,independent_mondrian,0,235,1,1.4936170212765958,1.4936170212765958,0,0.0,0.0,inf,inf,1,5
A_well_specified,5,30,independent_mondrian,4,1142,0.8922942206654991,2.5796847635726796,4.739929947460595,0,0.0,0.0,0.7551207311100375,0.0,0,100
A_well_specified,5,30,independent_mondrian,1,1207,0.8980944490472246,2.656172328086164,2.704225352112676,0,0.0,0.0,0.5763584637665572,0.0,0,100
A_well_specified,5,30,ordinal_cluster,2,1201,0.9059117402164862,2.3197335553705245,2.3197335553705245,0,0.0,0.0,0.6597167169820515,0.0,0,100
A_well_specified,5,30,ordinal_cluster,3,1215,0.9193415637860082,2.2444444444444445,2.2444444444444445,0,0.0,0.0,0.730164688637781,0.0,0,100
A_well_specified,5,30,ordinal_cluster,0,235,0.9106382978723404,1.6212765957446809,1.6212765957446809,0,0.0,0.0,0.5763584637665572,0.0,0,5
A_well_specified,5,30,ordinal_cluster,4,1142,0.8835376532399299,1.6357267950963224,1.6357267950963224,0,0.0,0.0,0.730164688637781,0.0,0,100
A_well_specified,5,30,ordinal_cluster,1,1207,0.9428334714167357,2.067937033968517,2.067937033968517,0,0.0,0.0,0.6930222924712702,0.0,0,100
A_well_specified,5,30,input_dependent_nonordinal,2,1201,0.9109075770191507,2.9567027477102417,3.6011656952539552,0.00832639467110741,0.6244273307632336,0.045782840728460165,-0.00033284571769387483,0.045782840728460165,0,100
A_well_specified,5,30,input_dependent_nonordinal,3,1215,0.8831275720164609,2.94320987654321,4.42962962962963,0.00411522633744856,0.6717467856431034,0.03764963079876092,-0.0499105712366712,0.03764963079876092,0,100
A_well_specified,5,30,input_dependent_nonordinal,0,235,1,1.4893617021276595,1.4893617021276595,0,0.43485941993351024,0.028281523809243366,inf,inf,1,5
A_well_specified,5,30,input_dependent_nonordinal,4,1142,0.8537653239929948,2.4816112084063047,4.647985989492119,0.0035026269702276708,0.7764505277185423,0.04512771884042138,-0.10680476290967811,0.04512771884042138,0,100
A_well_specified,5,30,input_dependent_nonordinal,1,1207,0.932062966031483,2.5012427506213752,2.528583264291632,0.0016570008285004142,0.542703891390088,0.04289081667738453,0.05199626951354541,0.04289081667738453,0,100
A_well_specified,5,30,input_dependent_ordinal,2,1201,0.9075770191507078,2.9300582847626977,3.5903413821815153,0.005828476269775187,0.614691117793864,0.041700383249477946,0.003748393072059375,0.041700383249477946,0,100
A_well_specified,5,30,input_dependent_ordinal,3,1215,0.8765432098765432,2.927572016460905,4.420576131687243,0.0024691358024691358,0.6824437322163469,0.04354647881251109,-0.06514339655081652,0.04354647881251109,0,100
A_well_specified,5,30,input_dependent_ordinal,0,235,1,1.4851063829787234,1.4851063829787234,0,0.4529357358674046,0.03998868268398258,inf,inf,1,5
A_well_specified,5,30,input_dependent_ordinal,4,1142,0.8555166374781086,2.4763572679509633,4.6523642732049035,0.0017513134851138354,0.7735515492919456,0.04349697317551101,-0.10577293031839963,0.04349697317551101,0,100
A_well_specified,5,30,input_dependent_ordinal,1,1207,0.9270919635459818,2.4946147473073736,2.5269262634631318,0.0008285004142502071,0.5400582665136238,0.03967778990094648,0.044504711261531715,0.03967778990094648,0,100
A_well_specified,5,31,independent_mondrian,3,1161,0.9155900086132644,2.9086993970714903,4.606373815676141,0,0.0,0.0,0.737343705773912,0.0,0,100
A_well_specified,5,31,independent_mondrian,0,239,1,1.3221757322175731,1.3263598326359833,0,0.0,0.0,inf,inf,1,5
A_well_specified,5,31,independent_mondrian,1,1176,0.8214285714285714,2.2134353741496597,2.312925170068027,0,0.0,0.0,0.46143077512004144,0.0,0,100
A_well_specified,5,31,independent_mondrian,2,1205,0.7892116182572614,2.8688796680497926,3.6448132780082987,0,0.0,0.0,0.44766896361711817,0.0,0,100
A_well_specified,5,31,independent_mondrian,4,1219,0.8761279737489746,2.552912223133716,4.684167350287121,0,0.0,0.0,0.728454813339455,0.0,0,100
A_well_specified,5,31,ordinal_cluster,3,1161,0.8914728682170543,2.011197243755383,2.011197243755383,0,0.0,0.0,0.6703799692084169,0.0,0,100
A_well_specified,5,31,ordinal_cluster,0,239,0.8200836820083682,1.1589958158995817,1.1589958158995817,0,0.0,0.0,0.46143077512004144,0.0,0,5
A_well_specified,5,31,ordinal_cluster,1,1176,0.8154761904761905,1.6335034013605443,1.6335034013605443,0,0.0,0.0,0.45317999240553236,0.0,0,100
A_well_specified,5,31,ordinal_cluster,2,1205,0.8688796680497926,1.8887966804979253,1.8887966804979253,0,0.0,0.0,0.5543033921859559,0.0,0,100
A_well_specified,5,31,ordinal_cluster,4,1219,0.8761279737489746,1.5135356849876949,1.5135356849876949,0,0.0,0.0,0.728454813339455,0.0,0,100
A_well_specified,5,31,input_dependent_nonordinal,3,1161,0.905254091300603,2.8785529715762275,4.527993109388458,0.002583979328165375,0.6654040726921581,0.03926141845602874,-0.018621434059734043,0.03926141845602874,0,100
A_well_specified,5,31,input_dependent_nonordinal,0,239,1,1.397489539748954,1.401673640167364,0,0.4739190907112277,0.03137436292566776,inf,inf,1,5
A_well_specified,5,31,input_dependent_nonordinal,1,1176,0.8273809523809523,2.2857142857142856,2.3562925170068025,0.0017006802721088435,0.54335388943241,0.04204483802799483,-0.060834674510924086,0.04204483802799483,0,100
A_well_specified,5,31,input_dependent_nonordinal,2,1205,0.8315352697095436,2.8024896265560164,3.5112033195020746,0.0033195020746887966,0.5857054215251175,0.03432134732486676,-0.07857214948707486,0.03432134732486676,0,100
A_well_specified,5,31,input_dependent_nonordinal,4,1219,0.8900738310090238,2.494667760459393,4.707136997538966,0.0016406890894175555,0.7418806956640791,0.04474291338453825,-0.008358102212063123,0.04474291338453825,0,100
A_well_specified,5,31,input_dependent_ordinal,3,1161,0.9009474590869939,2.879414298018949,4.533161068044789,0.0008613264427217916,0.664541642640316,0.04030950021909494,-0.020319150025073895,0.04030950021909494,0,100
A_well_specified,5,31,input_dependent_ordinal,0,239,1,1.393305439330544,1.397489539748954,0,0.4678186666355887,0.03663046696144365,inf,inf,1,5
A_well_specified,5,31,input_dependent_ordinal,1,1176,0.8239795918367347,2.2865646258503403,2.360544217687075,0.0008503401360544217,0.5349442771022108,0.03821833806471828,-0.06238304000790229,0.03821833806471828,0,100
A_well_specified,5,31,input_dependent_ordinal,2,1205,0.8298755186721992,2.7892116182572613,3.5070539419087137,0.0016597510373443983,0.6008643574989035,0.037290963633458574,-0.08962630430939877,0.037290963633458574,0,100
A_well_specified,5,31,input_dependent_ordinal,4,1219,0.8949958982772764,2.4963084495488106,4.726825266611977,0.0008203445447087777,0.7367429617133716,0.04307592044386505,-0.0009496498120847852,0.04307592044386505,0,100
A_well_specified,5,32,independent_mondrian,0,251,1,1.5179282868525896,1.5179282868525896,0,0.0,0.0,inf,inf,1,5
A_well_specified,5,32,independent_mondrian,1,1193,0.8885163453478625,2.501257334450964,2.556580050293378,0,0.0,0.0,0.5840793600508349,0.0,0,100
A_well_specified,5,32,independent_mondrian,3,1187,0.8685762426284751,3.2679022746419544,4.732940185341196,0,0.0,0.0,0.6649812302791706,0.0,0,100
A_well_specified,5,32,independent_mondrian,4,1177,0.9430756159728122,2.5972812234494476,4.8513169073916735,0,0.0,0.0,0.9666806242627453,0.0,0,100
A_well_specified,5,32,independent_mondrian,2,1192,0.8817114093959731,3.1686241610738257,3.7416107382550337,0,0.0,0.0,0.6153340434419537,0.0,0,100
A_well_specified,5,32,ordinal_cluster,0,251,0.9203187250996016,1.4780876494023905,1.4780876494023905,0,0.0,0.0,0.5840793600508349,0.0,0,5
A_well_specified,5,32,ordinal_cluster,1,1193,0.8918692372170998,2.010896898575021,2.010896898575021,0,0.0,0.0,0.5942399429897548,0.0,0,100
A_well_specified,5,32,ordinal_cluster,3,1187,0.9106992417860151,2.236731255265375,2.236731255265375,0,0.0,0.0,0.7436950261721689,0.0,0,100
A_well_specified,5,32,ordinal_cluster,4,1177,0.9039932030586236,1.6423109600679695,1.6423109600679695,0,0.0,0.0,0.824927472206295,0.0,0,100
A_well_specified,5,32,ordinal_cluster,2,1192,0.889261744966443,2.2374161073825505,2.2374161073825505,0,0.0,0.0,0.6326157126339711,0.0,0,100
A_well_specified,5,32,input_dependent_nonordinal,0,251,1,1.4621513944223108,1.4621513944223108,0,0.3914905792688984,0.016933086643690254,inf,inf,1,5
A_well_specified,5,32,input_dependent_nonordinal,1,1193,0.8960603520536463,2.4886839899413244,2.538139145012573,0.010058675607711651,0.5220358425332017,0.028808891732370816,0.018316777791498817,0.028808891732370816,0,100
A_well_specified,5,32,input_dependent_nonordinal,3,1187,0.8896377422072451,3.097725358045493,4.601516427969671,0.009267059814658803,0.6782504573571603,0.041960673780105255,-0.011952804365882308,0.041960673780105255,0,100
A_well_specified,5,32,input_dependent_nonordinal,4,1177,0.9396771452846219,2.5879354290569245,4.850467289719626,0.0033984706881903144,0.7483750948916409,0.04151727908709342,0.09940747184166432,0.04151727908709342,0,100
A_well_specified,5,32,input_dependent_nonordinal,2,1192,0.8968120805369127,2.985738255033557,3.6317114093959733,0.015100671140939598,0.5928110273968917,0.03556645486093466,0.014880072179968729,0.03556645486093466,0,100
A_well_specified,5,32,input_dependent_ordinal,0,251,1,1.4581673306772909,1.4581673306772909,0,0.4195937855371072,0.02569472953454211,inf,inf,1,5
A_well_specified,5,32,input_dependent_ordinal,1,1193,0.8935456831517183,2.4811399832355407,2.531433361274099,0.009220452640402346,0.5175909526428544,0.02816324059277832,0.02122346455835794,0.02816324059277832,0,100
A_well_specified,5,32,input_dependent_ordinal,3,1187,0.8955349620893007,3.079191238416175,4.587194608256108,0.009267059814658803,0.6718307272051884,0.03942975904844058,0.005058615597452132,0.03942975904844058,0,100
A_well_specified,5,32,input_dependent_ordinal,4,1177,0.9388275276125744,2.5921835174171624,4.849617672047579,0.0033984706881903144,0.755197964592892,0.045015280892735945,0.08448997591625373,0.045015280892735945,0,100
A_well_specified,5,32,input_dependent_ordinal,2,1192,0.8951342281879194,2.9941275167785233,3.640939597315436,0.015100671140939598,0.5914714497786974,0.03328266571319903,0.0104448205992842,0.03328266571319903,0,100
A_well_specified,5,33,independent_mondrian,4,1209,0.9181141439205955,2.6716294458229943,4.803970223325062,0,0.0,0.0,0.8542232788236017,0.0,0,100
A_well_specified,5,33,independent_mondrian,3,1163,0.9329320722269991,3.1367153912295787,4.6723989681857265,0,0.0,0.0,0.796948129867481,0.0,0,100
A_well_specified,5,33,independent_mondrian,2,1177,0.8173322005097706,3.2047578589634664,3.820730671197961,0,0.0,0.0,0.49889056869485976,0.0,0,100
A_well_specified,5,33,independent_mondrian,1,1185,0.9012658227848102,2.3797468354430378,2.440506329113924,0,0.0,0.0,0.5895646421175413,0.0,0,100
A_well_specified,5,33,independent_mondrian,0,266,1,1.5263157894736843,1.5300751879699248,0,0.0,0.0,inf,inf,1,5
A_well_specified,5,33,ordinal_cluster,4,1209,0.9048800661703887,1.5814722911497106,1.5814722911497106,0,0.0,0.0,0.8103904838218712,0.0,0,100
A_well_specified,5,33,ordinal_cluster,3,1163,0.8787618228718831,2.188306104901118,2.188306104901118,0,0.0,0.0,0.672117791329001,0.0,0,100
A_well_specified,5,33,ordinal_cluster,2,1177,0.892948173322005,2.0900594732370434,2.0900594732370434,0,0.0,0.0,0.6287165545889606,0.0,0,100
A_well_specified,5,33,ordinal_cluster,1,1185,0.8725738396624473,1.9687763713080169,1.9687763713080169,0,0.0,0.0,0.5350074282977082,0.0,0,100
A_well_specified,5,33,ordinal_cluster,0,266,0.943609022556391,1.3721804511278195,1.3721804511278195,0,0.0,0.0,0.5895646421175413,0.0,0,5
A_well_specified,5,33,input_dependent_nonordinal,4,1209,0.8502894954507858,2.474772539288668,4.617866004962779,0.0008271298593879239,0.769973485003088,0.05192418836926752,-0.08561134187106434,0.05192418836926752,0,100
A_well_specified,5,33,input_dependent_nonordinal,3,1163,0.8959587274290628,2.9088564058469477,4.43250214961307,0.0034393809114359416,0.7095292104998911,0.055058542258580416,-0.03742041550047198,0.0550585422585804,0,100
A_well_specified,5,33,input_dependent_nonordinal,2,1177,0.8215802888700084,2.844519966015293,3.54035683942226,0.004248088360237893,0.6081599311811192,0.03935768951162388,-0.07865660286212933,0.03935768951162388,0,100
A_well_specified,5,33,input_dependent_nonordinal,1,1185,0.8860759493670886,2.3907172995780592,2.451476793248945,0.0008438818565400844,0.5406200616870392,0.038163902507882305,-0.01493322307961853,0.038163902507882305,0,100
A_well_specified,5,33,input_dependent_nonordinal,0,266,1,1.4248120300751879,1.4248120300751879,0.0037593984962406013,0.4353610464636019,0.022867837229059707,inf,inf,1,5
A_well_specified,5,33,input_dependent_ordinal,4,1209,0.837055417700579,2.4491315136476426,4.579818031430935,0.0008271298593879239,0.7718849206484117,0.05722886439406953,-0.09161499653182886,0.05722886439406953,0,100
A_well_specified,5,33,input_dependent_ordinal,3,1163,0.8916595012897678,2.8985382631126395,4.43250214961307,0.0025795356835769563,0.7015382811666036,0.04694277617539112,-0.04072398932609006,0.04694277617539113,0,100
A_well_specified,5,33,input_dependent_ordinal,2,1177,0.8181818181818182,2.8249787595581988,3.518266779949023,0.004248088360237893,0.6187491803150424,0.04185699294514785,-0.08795423532475027,0.04185699294514785,0,100
A_well_specified,5,33,input_dependent_ordinal,1,1185,0.880168776371308,2.378902953586498,2.440506329113924,0.0016877637130801688,0.5321668702600555,0.03625083216497475,-0.011218195858463453,0.03625083216497475,0,100
A_well_specified,5,33,input_dependent_ordinal,0,266,1,1.4248120300751879,1.4248120300751879,0.0037593984962406013,0.4480010809242581,0.03188343996816683,inf,inf,1,5
A_well_specified,5,34,independent_mondrian,4,1195,0.9196652719665271,2.507112970711297,4.793305439330544,0,0.0,0.0,0.8647321028180003,0.0,0,100
A_well_specified,5,34,independent_mondrian,3,1172,0.8438566552901023,3.160409556313993,4.671501706484642,0,0.0,0.0,0.5835322872818995,0.0,0,100
A_well_specified,5,34,independent_mondrian,1,1203,0.9185369908561929,2.453034081463009,2.491271820448878,0,0.0,0.0,0.5840401185523509,0.0,0,100
A_well_specified,5,34,independent_mondrian,2,1176,0.8741496598639455,3.010204081632653,3.6096938775510203,0,0.0,0.0,0.5919008053434055,0.0,0,100
A_well_specified,5,34,independent_mondrian,0,254,1,1.4960629921259843,1.4960629921259843,0,0.0,0.0,inf,inf,1,5
A_well_specified,5,34,ordinal_cluster,4,1195,0.8451882845188284,1.496234309623431,1.496234309623431,0,0.0,0.0,0.6694805324757492,0.0,0,100
A_well_specified,5,34,ordinal_cluster,3,1172,0.8754266211604096,2.005972696245734,2.005972696245734,0,0.0,0.0,0.6391365161202751,0.0,0,100
A_well_specified,5,34,ordinal_cluster,1,1203,0.9185369908561929,1.9218620116375726,1.9218620116375726,0,0.0,0.0,0.5840790618986,0.0,0,100
A_well_specified,5,34,ordinal_cluster,2,1176,0.8707482993197279,2.0314625850340136,2.0314625850340136,0,0.0,0.0,0.5840401185523509,0.0,0,100
A_well_specified,5,34,ordinal_cluster,0,254,0.9409448818897638,1.437007874015748,1.437007874015748,0,0.0,0.0,0.5840401185523509,0.0,0,5
A_well_specified,5,34,input_dependent_nonordinal,4,1195,0.9288702928870293,2.5414225941422592,4.8142259414225945,0.009205020920502092,0.7707988566059469,0.05317488665599885,0.05094871198006534,0.05317488665599885,0,100
A_well_specified,5,34,input_dependent_nonordinal,3,1172,0.8609215017064846,3.0563139931740615,4.560580204778157,0.011092150170648464,0.647456564133339,0.028913438985346932,-0.066068354364064,0.028913438985346932,0,100
A_well_specified,5,34,input_dependent_nonordinal,1,1203,0.9293433083956775,2.5045719035743974,2.541147132169576,0.006650041562759767,0.5473808279428701,0.038908924973126806,0.0016691500846944818,0.038908924973126806,0,100
A_well_specified,5,34,input_dependent_nonordinal,2,1176,0.9260204081632653,2.9668367346938775,3.616496598639456,0.025510204081632654,0.6033200758469859,0.03685521556716077,0.03856825125995189,0.03685521556716077,0,100
A_well_specified,5,34,input_dependent_nonordinal,0,254,1,1.4409448818897639,1.4409448818897639,0,0.45404557129790274,0.020166067733051227,inf,inf,1,5
A_well_specified,5,34,input_dependent_ordinal,4,1195,0.9280334728033472,2.521338912133891,4.807531380753138,0.005857740585774059,0.7526059663403336,0.04532981404126999,0.0661146936974848,0.04532981404126999,0,100
A_well_specified,5,34,input_dependent_ordinal,3,1172,0.8430034129692833,3.0409556313993176,4.5580204778157,0.006825938566552901,0.6740597389797873,0.04017560713985869,-0.1023503448424394,0.04017560713985869,0,100
A_well_specified,5,34,input_dependent_ordinal,1,1203,0.9210307564422278,2.5020781379883625,2.541147132169576,0.004987531172069825,0.5321056360121127,0.03258041080683823,0.0026789082760409477,0.03258041080683823,0,100
A_well_specified,5,34,input_dependent_ordinal,2,1176,0.9268707482993197,2.936224489795918,3.6003401360544216,0.017857142857142856,0.6084721976120787,0.03748609517047336,0.03535574683055942,0.03748609517047336,0,100
A_well_specified,5,34,input_dependent_ordinal,0,254,1,1.4291338582677164,1.4291338582677164,0,0.46420330252510933,0.026215111679109736,inf,inf,1,5
A_well_specified,5,35,independent_mondrian,2,1170,0.9487179487179487,3.124786324786325,3.6102564102564103,0,0.0,0.0,0.8289171378860757,0.0,0,100
A_well_specified,5,35,independent_mondrian,3,1224,0.8856209150326797,3.1495098039215685,4.389705882352941,0,0.0,0.0,0.660473354581511,0.0,0,100
A_well_specified,5,35,independent_mondrian,1,1141,0.9211218229623137,2.763365468886941,2.8045574057844,0,0.0,0.0,0.6292014056477803,0.0,0,100
A_well_specified,5,35,independent_mondrian,4,1212,0.7854785478547854,2.5643564356435644,4.471122112211221,0,0.0,0.0,0.5727547407264083,0.0,0,100
A_well_specified,5,35,independent_mondrian,0,253,1,1.6205533596837944,1.6245059288537549,0,0.0,0.0,inf,inf,1,5
A_well_specified,5,35,ordinal_cluster,2,1170,0.9034188034188034,2.258974358974359,2.258974358974359,0,0.0,0.0,0.686523504157283,0.0,0,100
A_well_specified,5,35,ordinal_cluster,3,1224,0.8856209150326797,2.119281045751634,2.119281045751634,0,0.0,0.0,0.660473354581511,0.0,0,100
A_well_specified,5,35,ordinal_cluster,1,1141,0.950920245398773,2.193689745836985,2.193689745836985,0,0.0,0.0,0.7108736728484677,0.0,0,100
A_well_specified,5,35,ordinal_cluster,4,1212,0.8217821782178217,1.5305280528052805,1.5305280528052805,0,0.0,0.0,0.6376835033287199,0.0,0,100
A_well_specified,5,35,ordinal_cluster,0,253,0.9565217391304348,1.6640316205533596,1.6640316205533596,0,0.0,0.0,0.6554575663701868,0.0,0,5
A_well_specified,5,35,input_dependent_nonordinal,2,1170,0.9376068376068376,2.91025641025641,3.557264957264957,0.002564102564102564,0.593293743915849,0.03325983863906972,0.11305989504640668,0.03325983863906972,0,100
A_well_specified,5,35,input_dependent_nonordinal,3,1224,0.8627450980392157,3.020424836601307,4.433006535947713,0.0032679738562091504,0.6614432261976309,0.03900808053802201,-0.06000941849834862,0.03900808053802201,0,100
A_well_specified,5,35,input_dependent_nonordinal,1,1141,0.9237510955302366,2.577563540753725,2.6108676599474148,0,0.5209750753594844,0.027513554755438877,0.033688326515482425,0.027513554755438877,0,100
A_well_specified,5,35,input_dependent_nonordinal,4,1212,0.834983498349835,2.4834983498349836,4.599009900990099,0,0.7598270644469075,0.05442108483734031,-0.09034698011279263,0.05442108483734031,0,100
A_well_specified,5,35,input_dependent_nonordinal,0,253,1,1.4703557312252964,1.4743083003952568,0,0.4647322349718942,0.03771688680642155,inf,inf,1,5
A_well_specified,5,35,input_dependent_ordinal,2,1170,0.9367521367521368,2.905128205128205,3.545299145299145,0.002564102564102564,0.5937992005828334,0.03582024659398793,0.1048246904378799,0.03582024659398793,0,100
A_well_specified,5,35,input_dependent_ordinal,3,1224,0.8594771241830066,2.994281045751634,4.417483660130719,0.0016339869281045752,0.6724544752227405,0.04221367173194495,-0.07531482781939847,0.04221367173194495,0,100
A_well_specified,5,35,input_dependent_ordinal,1,1141,0.9255039439088519,2.565293602103418,2.5977212971078,0,0.5241546737418488,0.029611945151852167,0.0332645213791638,0.029611945151852167,0,100
A_well_specified,5,35,input_dependent_ordinal,4,1212,0.8242574257425742,2.466996699669967,4.583333333333333,0.0008250825082508251,0.7510424608132192,0.04976298605139958,-0.09557114425491359,0.04976298605139958,0,100
A_well_specified,5,35,input_dependent_ordinal,0,253,1,1.4743083003952568,1.4782608695652173,0,0.4441931798783726,0.02381532206678497,inf,inf,1,5
A_well_specified,5,36,independent_mondrian,3,1163,0.9183147033533964,3.282029234737747,4.716251074806535,0,0.0,0.0,0.7310460212592542,0.0,0,100
A_well_specified,5,36,independent_mondrian,1,1262,0.9421553090332805,2.565768621236133,2.6038034865293187,0,0.0,0.0,0.6982062462166778,0.0,0,100
A_well_specified,5,36,independent_mondrian,2,1137,0.8918205804749341,3.3438874230430957,3.773966578715919,0,0.0,0.0,0.6167316136746757,0.0,0,100
A_well_specified,5,36,independent_mondrian,4,1189,0.9217830109335576,2.6686291000841043,4.810765349032801,0,0.0,0.0,0.8652089114753038,0.0,0,100
A_well_specified,5,36,independent_mondrian,0,249,1,1.678714859437751,1.678714859437751,0,0.0,0.0,inf,inf,1,5
A_well_specified,5,36,ordinal_cluster,3,1163,0.9157351676698194,2.2089423903697334,2.2089423903697334,0,0.0,0.0,0.7185177584492396,0.0,0,100
A_well_specified,5,36,ordinal_cluster,1,1262,0.9270998415213946,2.251188589540412,2.251188589540412,0,0.0,0.0,0.6438902145766452,0.0,0,100
A_well_specified,5,36,ordinal_cluster,2,1137,0.909410729991205,2.321020228671944,2.321020228671944,0,0.0,0.0,0.6704057339901344,0.0,0,100
A_well_specified,5,36,ordinal_cluster,4,1189,0.8780487804878049,1.6215306980656012,1.6215306980656012,0,0.0,0.0,0.7526282502050295,0.0,0,100
A_well_specified,5,36,ordinal_cluster,0,249,0.963855421686747,1.5783132530120483,1.5783132530120483,0,0.0,0.0,0.6982062462166778,0.0,0,5
A_well_specified,5,36,input_dependent_nonordinal,3,1163,0.9131556319862425,3.0877042132416164,4.521926053310404,0.019776440240756664,0.6609112660581205,0.035666312775330895,0.012740746140139814,0.035666312775330895,0,100
A_well_specified,5,36,input_dependent_nonordinal,1,1262,0.9524564183835182,2.615689381933439,2.6497622820919178,0.010301109350237718,0.5295176788251614,0.02909400954769921,0.09172083080117932,0.02909400954769921,0,100
A_well_specified,5,36,input_dependent_nonordinal,2,1137,0.9428320140721196,3.1011433597185576,3.657871591908531,0.013192612137203167,0.5935636537167516,0.030023936956170227,0.08796602126457947,0.030023936956170227,0,100
A_well_specified,5,36,input_dependent_nonordinal,4,1189,0.8763666947014298,2.5475189234650966,4.7073170731707314,0.005046257359125316,0.766207326049838,0.05499931772892289,-0.03576536414416587,0.05499931772892289,0,100
A_well_specified,5,36,input_dependent_nonordinal,0,249,1,1.5261044176706828,1.5261044176706828,0,0.44013136181504314,0.032136315344174625,inf,inf,1,5
A_well_specified,5,36,input_dependent_ordinal,3,1163,0.9217540842648323,3.0773860705073086,4.521926053310404,0.01633705932932072,0.6766092461965297,0.04088771734902782,0.013277841987288985,0.04088771734902782,0,100
A_well_specified,5,36,input_dependent_ordinal,1,1262,0.9532488114104596,2.5998415213946116,2.6339144215530905,0.006339144215530904,0.5227098428763907,0.027988939657196142,0.10178527351381716,0.027988939657196142,0,100
A_well_specified,5,36,input_dependent_ordinal,2,1137,0.9366754617414248,3.104661389621812,3.6613896218117854,0.010554089709762533,0.5999970781544798,0.03383529197492791,0.0673139407421468,0.03383529197492791,0,100
A_well_specified,5,36,input_dependent_ordinal,4,1189,0.8772077375946173,2.5542472666105973,4.713204373423045,0.004205214465937763,0.7530417403817427,0.048335127453866686,-0.02853272062224499,0.048335127453866686,0,100
A_well_specified,5,36,input_dependent_ordinal,0,249,1,1.5301204819277108,1.5301204819277108,0,0.4290652355109793,0.021728901054734243,inf,inf,1,5
A_well_specified,5,37,independent_mondrian,2,1161,0.9233419465977606,2.975021533161068,3.6752799310938844,0,0.0,0.0,0.6539134649297066,0.0,0,100
A_well_specified,5,37,independent_mondrian,1,1186,0.863406408094435,2.5075885328836427,2.57504215851602,0,0.0,0.0,0.48147515374287053,0.0,0,100
A_well_specified,5,37,independent_mondrian,4,1165,0.9356223175965666,2.5819742489270388,4.831759656652361,0,0.0,0.0,0.8456308914424373,0.0,0,100
A_well_specified,5,37,independent_mondrian,0,256,1,1.34375,1.34375,0,0.0,0.0,inf,inf,1,5
A_well_specified,5,37,independent_mondrian,3,1232,0.8709415584415584,3.1939935064935066,4.661525974025974,0,0.0,0.0,0.6442305606920492,0.0,0,100
A_well_specified,5,37,ordinal_cluster,2,1161,0.9061154177433247,2.236864771748493,2.236864771748493,0,0.0,0.0,0.6201482773345355,0.0,0,100
A_well_specified,5,37,ordinal_cluster,1,1186,0.9114671163575042,1.8827993254637436,1.8827993254637436,0,0.0,0.0,0.5832052430004951,0.0,0,100
A_well_specified,5,37,ordinal_cluster,4,1165,0.9175965665236051,1.6901287553648068,1.6901287553648068,0,0.0,0.0,0.7874746377933629,0.0,0,100
A_well_specified,5,37,ordinal_cluster,0,256,0.87890625,1.40625,1.40625,0,0.0,0.0,0.4997305762171205,0.0,0,5
A_well_specified,5,37,ordinal_cluster,3,1232,0.926948051948052,2.188311688311688,2.188311688311688,0,0.0,0.0,0.7749006842108552,0.0,0,100
A_well_specified,5,37,input_dependent_nonordinal,2,1161,0.8957795004306632,2.86046511627907,3.561584840654608,0.0008613264427217916,0.5786508702473561,0.03245558176022138,0.0026433176096553046,0.03245558176022138,0,100
A_well_specified,5,37,input_dependent_nonordinal,1,1186,0.8861720067453626,2.399662731871838,2.4527824620573355,0,0.5228211650164363,0.0320417356470812,-0.010328146765235025,0.0320417356470812,0,100
A_well_specified,5,37,input_dependent_nonordinal,4,1165,0.9081545064377683,2.511587982832618,4.755364806866953,0,0.7611989702155055,0.03556409377045966,-0.02359197878317576,0.03556409377045966,0,100
A_well_specified,5,37,input_dependent_nonordinal,0,256,1,1.4140625,1.4140625,0,0.4477894178977431,0.02971006369742608,inf,inf,1,5
A_well_specified,5,37,input_dependent_nonordinal,3,1232,0.8766233766233766,2.9886363636363638,4.5308441558441555,0.0008116883116883117,0.6651056811836203,0.038517587544637744,-0.03580386397375013,0.038517587544637744,0,100
A_well_specified,5,37,input_dependent_ordinal,2,1161,0.8975021533161068,2.8621877691645135,3.561584840654608,0.0017226528854435831,0.5896590771129988,0.03332630818380499,-0.004900051846189024,0.03332630818380499,0,100
A_well_specified,5,37,input_dependent_ordinal,1,1186,0.8861720067453626,2.397976391231029,2.4510961214165263,0,0.5155154746573241,0.032338536672198666,-0.002004844732409916,0.032338536672198666,0,100
A_well_specified,5,37,input_dependent_ordinal,4,1165,0.9072961373390558,2.511587982832618,4.753648068669528,0,0.7531795784273672,0.03714765947274442,-0.01743188410495289,0.03714765947274442,0,100
A_well_specified,5,37,input_dependent_ordinal,0,256,1,1.4140625,1.4140625,0,0.4392189283996321,0.029834474986003955,inf,inf,1,5
A_well_specified,5,37,input_dependent_ordinal,3,1232,0.8766233766233766,2.981331168831169,4.520292207792208,0.0008116883116883117,0.6707940427080447,0.035742116701409636,-0.04331583484500601,0.035742116701409636,0,100
A_well_specified,5,38,independent_mondrian,1,1172,0.8848122866894198,2.5469283276450514,2.6032423208191124,0,0.0,0.0,0.5625118187838393,0.0,0,100
A_well_specified,5,38,independent_mondrian,0,255,1,1.5176470588235293,1.5176470588235293,0,0.0,0.0,inf,inf,1,5
A_well_specified,5,38,independent_mondrian,2,1178,0.8616298811544991,3.263157894736842,3.8786078098471988,0,0.0,0.0,0.6060793217453998,0.0,0,100
A_well_specified,5,38,independent_mondrian,4,1228,0.9055374592833876,2.75814332247557,4.755700325732899,0,0.0,0.0,0.7786100532644515,0.0,0,100
A_well_specified,5,38,independent_mondrian,3,1167,0.9511568123393316,3.2185089974293057,4.655526992287918,0,0.0,0.0,0.8931275026323446,0.0,0,100
A_well_specified,5,38,ordinal_cluster,1,1172,0.8967576791808873,2.044368600682594,2.044368600682594,0,0.0,0.0,0.5819352105094757,0.0,0,100
A_well_specified,5,38,ordinal_cluster,0,255,0.9333333333333333,1.4901960784313726,1.4901960784313726,0,0.0,0.0,0.5625118187838393,0.0,0,5
A_well_specified,5,38,ordinal_cluster,2,1178,0.8998302207130731,2.235144312393888,2.235144312393888,0,0.0,0.0,0.6816169038899608,0.0,0,100
A_well_specified,5,38,ordinal_cluster,4,1228,0.9112377850162866,1.6661237785016287,1.6661237785016287,0,0.0,0.0,0.794413871126611,0.0,0,100
A_well_specified,5,38,ordinal_cluster,3,1167,0.9057412167952014,2.2887746358183376,2.2887746358183376,0,0.0,0.0,0.7523922374527218,0.0,0,100
A_well_specified,5,38,input_dependent_nonordinal,1,1172,0.8993174061433447,2.5409556313993176,2.590443686006826,0.0034129692832764505,0.5396204859816724,0.03285086398424554,-0.0005252059775294748,0.03285086398424554,0,100
A_well_specified,5,38,input_dependent_nonordinal,0,255,1,1.4784313725490197,1.4784313725490197,0,0.48008645544133066,0.04996987647899776,inf,inf,1,5
A_well_specified,5,38,input_dependent_nonordinal,2,1178,0.8760611205432938,3.098471986417657,3.7733446519524616,0.006791171477079796,0.6159527436961431,0.03735171074246812,-0.006737708026554712,0.03735171074246812,0,100
A_well_specified,5,38,input_dependent_nonordinal,4,1228,0.9022801302931596,2.6742671009771986,4.755700325732899,0.0016286644951140066,0.7436816169566779,0.03882311819482588,-0.0036764726602774855,0.03882311819482588,0,100
A_well_specified,5,38,input_dependent_nonordinal,3,1167,0.9580119965724079,3.0848329048843186,4.5424164524421595,0.001713796058269066,0.6711644322523701,0.04696817890477208,0.16200220094235807,0.04696817890477208,0,100
A_well_specified,5,38,input_dependent_ordinal,1,1172,0.878839590443686,2.515358361774744,2.5691126279863483,0.004266211604095563,0.54546151018853,0.036908586152616836,-0.021054722046488283,0.036908586152616836,0,100
A_well_specified,5,38,input_dependent_ordinal,0,255,1,1.4745098039215687,1.4745098039215687,0,0.45249426133182463,0.03708526360553093,inf,inf,1,5
A_well_specified,5,38,input_dependent_ordinal,2,1178,0.8786078098471987,3.0933786078098473,3.7767402376910018,0.007640067911714771,0.614634479326216,0.03852866735051946,-0.0009860690983263254,0.03852866735051946,0,100
A_well_specified,5,38,input_dependent_ordinal,4,1228,0.9030944625407166,2.6750814332247557,4.757328990228013,0.0016286644951140066,0.7345217789537622,0.041835020466049165,0.009310565459656028,0.041835020466049165,0,100
A_well_specified,5,38,input_dependent_ordinal,3,1167,0.9554413024850043,3.0848329048843186,4.5424164524421595,0.004284490145672665,0.6804233107912537,0.040968728242973346,0.14675630720812916,0.040968728242973346,0,100
A_well_specified,5,39,independent_mondrian,0,260,1,1.5576923076923077,1.5576923076923077,0,0.0,0.0,inf,inf,1,5
A_well_specified,5,39,independent_mondrian,2,1220,0.9,2.9918032786885247,3.566393442622951,0,0.0,0.0,0.6406798243355701,0.0,0,100
A_well_specified,5,39,independent_mondrian,4,1181,0.8890770533446232,2.5071972904318374,4.712108382726503,0,0.0,0.0,0.7449352461721019,0.0,0,100
A_well_specified,5,39,independent_mondrian,3,1183,0.8469991546914624,3.1048182586644124,4.538461538461538,0,0.0,0.0,0.6028726473122257,0.0,0,100
A_well_specified,5,39,independent_mondrian,1,1156,0.9065743944636678,2.527681660899654,2.5813148788927336,0,0.0,0.0,0.5903781388164113,0.0,0,100
A_well_specified,5,39,ordinal_cluster,0,260,0.9230769230769231,1.5153846153846153,1.5153846153846153,0,0.0,0.0,0.5903781388164113,0.0,0,5
A_well_specified,5,39,ordinal_cluster,2,1220,0.8811475409836066,2.1737704918032787,2.1737704918032787,0,0.0,0.0,0.6028726473122257,0.0,0,100
A_well_specified,5,39,ordinal_cluster,4,1181,0.8670618120237087,1.5664690939881456,1.5664690939881456,0,0.0,0.0,0.7003502113736426,0.0,0,100
A_well_specified,5,39,ordinal_cluster,3,1183,0.8867286559594252,2.0718512256973796,2.0718512256973796,0,0.0,0.0,0.6949669730535714,0.0,0,100
A_well_specified,5,39,ordinal_cluster,1,1156,0.921280276816609,1.991349480968858,1.991349480968858,0,0.0,0.0,0.6157893424520627,0.0,0,100
A_well_specified,5,39,input_dependent_nonordinal,0,260,1,1.4923076923076923,1.4923076923076923,0,0.40594068836900105,0.029628103159087538,inf,inf,1,5
A_well_specified,5,39,input_dependent_nonordinal,2,1220,0.9557377049180328,2.9770491803278687,3.6368852459016394,0.00819672131147541,0.6051246288649323,0.03764407419108208,0.1328745662940684,0.03764407419108208,0,100
A_well_specified,5,39,input_dependent_nonordinal,4,1181,0.8924640135478408,2.5469940728196443,4.740897544453853,0.002540220152413209,0.7542717973612703,0.05794802086376709,0.013858242668922771,0.05794802086376709,0,100
A_well_specified,5,39,input_dependent_nonordinal,3,1183,0.863905325443787,3.1259509721048184,4.50464919695689,0.01098901098901099,0.6930768454636522,0.03468587722762582,-0.07248706936100147,0.03468587722762582,0,100
A_well_specified,5,39,input_dependent_nonordinal,1,1156,0.8944636678200693,2.6038062283737022,2.660899653979239,0.006055363321799308,0.5225406842521166,0.03206633531847577,0.00033343784765149653,0.03206633531847577,0,100
A_well_specified,5,39,input_dependent_ordinal,0,260,1,1.4807692307692308,1.4807692307692308,0,0.4192096013025586,0.024273043319045267,inf,inf,1,5
A_well_specified,5,39,input_dependent_ordinal,2,1220,0.9557377049180328,2.984426229508197,3.6475409836065573,0.004918032786885246,0.6041818337317286,0.037526688473294004,0.13347829824741314,0.037526688473294004,0,100
A_well_specified,5,39,input_dependent_ordinal,4,1181,0.8966977138018628,2.562235393734124,4.750211685012701,0.001693480101608806,0.7607808832066495,0.050363751828429434,0.01053485633028639,0.050363751828429434,0,100
A_well_specified,5,39,input_dependent_ordinal,3,1183,0.8689771766694844,3.1377852916314453,4.517328825021132,0.0084530853761623,0.686093310362353,0.04448632300289224,-0.04367886973371926,0.04448632300289224,0,100
A_well_specified,5,39,input_dependent_ordinal,1,1156,0.8927335640138409,2.6072664359861593,2.6643598615916955,0.004325259515570935,0.5220770471115384,0.03106298823269038,-0.003588472019413591,0.03106298823269038,0,100
A_well_specified,5,40,independent_mondrian,1,1225,0.9485714285714286,2.4971428571428573,2.529795918367347,0,0.0,0.0,0.7077134269206888,0.0,0,100
A_well_specified,5,40,independent_mondrian,3,1170,0.8982905982905983,3.347008547008547,4.828205128205128,0,0.0,0.0,0.6805110093524632,0.0,0,100
A_well_specified,5,40,independent_mondrian,4,1140,0.9605263157894737,2.6184210526315788,4.892982456140351,0,0.0,0.0,1.0709188706164068,0.0,0,100
A_well_specified,5,40,independent_mondrian,2,1221,0.8845208845208845,3.438984438984439,3.868140868140868,0,0.0,0.0,0.5648922609676919,0.0,0,100
A_well_specified,5,40,independent_mondrian,0,244,1,1.7581967213114753,1.7581967213114753,0,0.0,0.0,inf,inf,1,5
A_well_specified,5,40,ordinal_cluster,1,1225,0.9191836734693878,2.230204081632653,2.230204081632653,0,0.0,0.0,0.6069689654716952,0.0,0,100
A_well_specified,5,40,ordinal_cluster,3,1170,0.9153846153846154,2.286324786324786,2.286324786324786,0,0.0,0.0,0.7340140687921106,0.0,0,100
A_well_specified,5,40,ordinal_cluster,4,1140,0.906140350877193,1.6377192982456141,1.6377192982456141,0,0.0,0.0,0.8361073708247053,0.0,0,100
A_well_specified,5,40,ordinal_cluster,2,1221,0.914004914004914,2.3235053235053234,2.3235053235053234,0,0.0,0.0,0.6458091142764384,0.0,0,100
A_well_specified,5,40,ordinal_cluster,0,244,0.9631147540983607,1.5778688524590163,1.5778688524590163,0,0.0,0.0,0.7077134269206888,0.0,0,5
A_well_specified,5,40,input_dependent_nonordinal,1,1225,0.9118367346938776,2.4938775510204083,2.535510204081633,0.015510204081632653,0.5261757152447397,0.04120674527034056,0.042676790904864426,0.04120674527034056,0,100
A_well_specified,5,40,input_dependent_nonordinal,3,1170,0.8888888888888888,3.169230769230769,4.658974358974359,0.02564102564102564,0.6888552095505992,0.047935687440143,-0.03857822499746233,0.047935687440143,0,100
A_well_specified,5,40,input_dependent_nonordinal,4,1140,0.9403508771929825,2.5657894736842106,4.844736842105263,0.007894736842105263,0.752397602328554,0.04510351428522317,0.1401636272418063,0.04510351428522317,0,100
A_well_specified,5,40,input_dependent_nonordinal,2,1221,0.9074529074529074,3.0073710073710074,3.6437346437346436,0.03521703521703522,0.5829187656088824,0.03523484520008728,0.005935356724161234,0.03523484520008728,0,100
A_well_specified,5,40,input_dependent_nonordinal,0,244,1,1.471311475409836,1.471311475409836,0,0.5006547238878717,0.057311781428363635,inf,inf,1,5
A_well_specified,5,40,input_dependent_ordinal,1,1225,0.9110204081632653,2.4946938775510206,2.535510204081633,0.015510204081632653,0.5362345180866113,0.041649397082363745,0.03184011299256451,0.041649397082363745,0,100
A_well_specified,5,40,input_dependent_ordinal,3,1170,0.888034188034188,3.1846153846153844,4.670940170940171,0.026495726495726495,0.6805011269882172,0.0455659839964296,-0.0359735160387879,0.0455659839964296,0,100
A_well_specified,5,40,input_dependent_ordinal,4,1140,0.9412280701754386,2.568421052631579,4.84561403508772,0.007894736842105263,0.74999426577834,0.04316360192209454,0.15006080182110537,0.04316360192209454,0,100
A_well_specified,5,40,input_dependent_ordinal,2,1221,0.9000819000819,2.9934479934479934,3.6265356265356266,0.03521703521703522,0.5946971862981313,0.04201477938823434,-0.0009256567965452156,0.04201477938823434,0,100
A_well_specified,5,40,input_dependent_ordinal,0,244,1,1.4754098360655739,1.4754098360655739,0,0.44771803713977687,0.04154664642807072,inf,inf,1,5
A_well_specified,5,41,independent_mondrian,3,1249,0.9047237790232185,3.200960768614892,4.536429143314652,0,0.0,0.0,0.7435463360326681,0.0,0,100
A_well_specified,5,41,independent_mondrian,1,1213,0.8837592745259687,2.6652926628194558,2.7197032151690026,0,0.0,0.0,0.545948161699981,0.0,0,100
A_well_specified,5,41,independent_mondrian,0,217,1,1.4976958525345623,1.4976958525345623,0,0.0,0.0,inf,inf,1,5
A_well_specified,5,41,independent_mondrian,4,1208,0.8567880794701986,2.6390728476821192,4.629966887417218,0,0.0,0.0,0.6816335801003659,0.0,0,100
A_well_specified,5,41,independent_mondrian,2,1113,0.9505840071877808,3.1302785265049415,3.711590296495957,0,0.0,0.0,0.7618795893812158,0.0,0,100
A_well_specified,5,41,ordinal_cluster,3,1249,0.9039231385108086,2.2049639711769418,2.2049639711769418,0,0.0,0.0,0.739254159378162,0.0,0,100
A_well_specified,5,41,ordinal_cluster,1,1213,0.9373454245671888,2.058532563891179,2.058532563891179,0,0.0,0.0,0.6578548884747711,0.0,0,100
A_well_specified,5,41,ordinal_cluster,0,217,0.9124423963133641,1.599078341013825,1.599078341013825,0,0.0,0.0,0.545948161699981,0.0,0,5
A_well_specified,5,41,ordinal_cluster,4,1208,0.8865894039735099,1.6299668874172186,1.6299668874172186,0,0.0,0.0,0.739254159378162,0.0,0,100
A_well_specified,5,41,ordinal_cluster,2,1113,0.9263252470799641,2.3000898472596587,2.3000898472596587,0,0.0,0.0,0.6804970193029886,0.0,0,100
A_well_specified,5,41,input_dependent_nonordinal,3,1249,0.8911128903122498,2.9391513210568454,4.452361889511609,0,0.6934724928556509,0.06680568896537903,0.009090399111099767,0.06680568896537903,0,100
A_well_specified,5,41,input_dependent_nonordinal,1,1213,0.8779884583676835,2.5136026380873866,2.5671887881286066,0,0.5328053655315734,0.032560445669379524,-0.026240453130927516,0.032560445669379524,0,100
A_well_specified,5,41,input_dependent_nonordinal,0,217,1,1.4838709677419355,1.4838709677419355,0,0.472677983898274,0.028962229317068613,inf,inf,1,5
A_well_specified,5,41,input_dependent_nonordinal,4,1208,0.8501655629139073,2.5306291390728477,4.629966887417218,0,0.7648100666156677,0.03624602464189948,-0.1119776793476922,0.03624602464189948,0,100
A_well_specified,5,41,input_dependent_nonordinal,2,1113,0.9326145552560647,2.9155435759209345,3.601078167115903,0,0.580064782001634,0.02261101536118982,0.06014006668057292,0.02261101536118982,0,100
A_well_specified,5,41,input_dependent_ordinal,3,1249,0.910328262610088,2.936749399519616,4.460368294635709,0,0.6798927795819831,0.04113287428302049,0.03149502135739657,0.04113287428302048,0,100
A_well_specified,5,41,input_dependent_ordinal,1,1213,0.8664468260511129,2.4657873042044516,2.5201978565539984,0,0.5267458971510391,0.02986161558475231,-0.03268556141909898,0.02986161558475232,0,100
A_well_specified,5,41,input_dependent_ordinal,0,217,1,1.4285714285714286,1.4285714285714286,0,0.45887937263246975,0.025891176248003033,inf,inf,1,5
A_well_specified,5,41,input_dependent_ordinal,4,1208,0.8377483443708609,2.5281456953642385,4.602649006622516,0,0.766453564593537,0.043755151468536924,-0.12011554357501941,0.043755151468536924,0,100
A_well_specified,5,41,input_dependent_ordinal,2,1113,0.9209344115004492,2.9236298292902068,3.6244384546271338,0,0.5998589673753851,0.03520914396189593,0.02821686229584175,0.03520914396189593,0,100
A_well_specified,5,42,independent_mondrian,2,1220,0.8786885245901639,3.077049180327869,3.5754098360655737,0,0.0,0.0,0.6175092148751997,0.0,0,100
A_well_specified,5,42,independent_mondrian,3,1162,0.8390705679862306,3.0826161790017212,4.596385542168675,0,0.0,0.0,0.6044596522247335,0.0,0,100
A_well_specified,5,42,independent_mondrian,1,1179,0.9228159457167091,2.47921967769296,2.519932145886344,0,0.0,0.0,0.6594084726715685,0.0,0,100
A_well_specified,5,42,independent_mondrian,4,1182,0.8959390862944162,2.483925549915398,4.714043993231811,0,0.0,0.0,0.7466072710208695,0.0,0,100
A_well_specified,5,42,independent_mondrian,0,257,1,1.575875486381323,1.575875486381323,0,0.0,0.0,inf,inf,1,5
A_well_specified,5,42,ordinal_cluster,2,1220,0.8803278688524591,2.128688524590164,2.128688524590164,0,0.0,0.0,0.6188967601850978,0.0,0,100
A_well_specified,5,42,ordinal_cluster,3,1162,0.8597246127366609,2.0266781411359727,2.0266781411359727,0,0.0,0.0,0.6446119706277348,0.0,0,100
A_well_specified,5,42,ordinal_cluster,1,1179,0.9151823579304496,2.0763358778625953,2.0763358778625953,0,0.0,0.0,0.6203826875563968,0.0,0,100
A_well_specified,5,42,ordinal_cluster,4,1182,0.8637901861252115,1.4983079526226735,1.4983079526226735,0,0.0,0.0,0.6742471424924031,0.0,0,100
A_well_specified,5,42,ordinal_cluster,0,257,0.9688715953307393,1.4669260700389104,1.4669260700389104,0,0.0,0.0,0.6594084726715685,0.0,0,5
A_well_specified,5,42,input_dependent_nonordinal,2,1220,0.8737704918032787,2.9434426229508195,3.5762295081967213,0.018032786885245903,0.6234863146147513,0.04233395519488039,-0.03557170135877924,0.04233395519488039,0,100
A_well_specified,5,42,input_dependent_nonordinal,3,1162,0.8820998278829604,3.0481927710843375,4.578313253012048,0.013769363166953529,0.7171922693754864,0.052262101012042345,-0.06039313319374118,0.052262101012042345,0,100
A_well_specified,5,42,input_dependent_nonordinal,1,1179,0.914334181509754,2.438507209499576,2.472434266327396,0.007633587786259542,0.5453807263029713,0.044794559561694224,0.02872361391045153,0.044794559561694224,0,100
A_well_specified,5,42,input_dependent_nonordinal,4,1182,0.9077834179357022,2.514382402707276,4.753807106598985,0.004230118443316413,0.7234032111965486,0.04294644786691569,0.0458290560919245,0.042946447866915705,0,100
A_well_specified,5,42,input_dependent_nonordinal,0,257,1,1.416342412451362,1.416342412451362,0,0.4890922812238563,0.03127178181650752,inf,inf,1,5
A_well_specified,5,42,input_dependent_ordinal,2,1220,0.8745901639344262,2.9475409836065576,3.5844262295081966,0.021311475409836064,0.6213406068749543,0.04397981290815476,-0.0289033897609855,0.04397981290815476,0,100
A_well_specified,5,42,input_dependent_ordinal,3,1162,0.8820998278829604,3.0654044750430294,4.593803786574871,0.0189328743545611,0.698379159046777,0.045457466206211695,-0.04499079725397315,0.045457466206211695,0,100
A_well_specified,5,42,input_dependent_ordinal,1,1179,0.914334181509754,2.4368108566581848,2.4707379134860052,0.008481764206955046,0.5522095429905237,0.04334908298128145,0.020222487921371046,0.04334908298128145,0,100
A_well_specified,5,42,input_dependent_ordinal,4,1182,0.9128595600676819,2.521150592216582,4.7639593908629445,0.004230118443316413,0.7348454460749118,0.0466958367548841,0.0481605978980692,0.046695836754884104,0,100
A_well_specified,5,42,input_dependent_ordinal,0,257,1,1.416342412451362,1.416342412451362,0,0.4879352484436448,0.03882102164285453,inf,inf,1,5
A_well_specified,5,43,independent_mondrian,3,1194,0.8986599664991625,3.1440536013400333,4.609715242881072,0,0.0,0.0,0.7266631347466149,0.0,0,100
A_well_specified,5,43,independent_mondrian,1,1144,0.9283216783216783,2.4361888111888113,2.477272727272727,0,0.0,0.0,0.639752205417451,0.0,0,100
A_well_specified,5,43,independent_mondrian,2,1253,0.8675179569034318,3.175578611332801,3.704708699122107,0,0.0,0.0,0.5636528376698233,0.0,0,100
A_well_specified,5,43,independent_mondrian,4,1173,0.9096334185848253,2.588235294117647,4.74765558397272,0,0.0,0.0,0.78921116769518,0.0,0,100
A_well_specified,5,43,independent_mondrian,0,236,1,1.6144067796610169,1.6144067796610169,0,0.0,0.0,inf,inf,1,5
A_well_specified,5,43,ordinal_cluster,3,1194,0.8869346733668342,2.1733668341708543,2.1733668341708543,0,0.0,0.0,0.7042368745279076,0.0,0,100
A_well_specified,5,43,ordinal_cluster,1,1144,0.9073426573426573,2.0882867132867133,2.0882867132867133,0,0.0,0.0,0.5832257527843813,0.0,0,100
A_well_specified,5,43,ordinal_cluster,2,1253,0.9058260175578612,2.1771747805267356,2.1771747805267356,0,0.0,0.0,0.639752205417451,0.0,0,100
A_well_specified,5,43,ordinal_cluster,4,1173,0.8976982097186701,1.5831202046035806,1.5831202046035806,0,0.0,0.0,0.7503804739270964,0.0,0,100
A_well_specified,5,43,ordinal_cluster,0,236,0.9491525423728814,1.478813559322034,1.478813559322034,0,0.0,0.0,0.639752205417451,0.0,0,5
A_well_specified,5,43,input_dependent_nonordinal,3,1194,0.8944723618090452,3.074539363484087,4.518425460636516,0.011725293132328308,0.6707966009034546,0.040051329684379515,0.00463393250189903,0.040051329684379515,0,100
A_well_specified,5,43,input_dependent_nonordinal,1,1144,0.9458041958041958,2.5087412587412588,2.5402097902097904,0.005244755244755245,0.5244109860567154,0.04078428914700917,0.08641062146417644,0.04078428914700917,0,100
A_well_specified,5,43,input_dependent_nonordinal,2,1253,0.9201915403032721,3.028731045490822,3.6001596169193935,0.01596169193934557,0.612051654794516,0.04550260872139775,0.016420268396851068,0.04550260872139775,0,100
A_well_specified,5,43,input_dependent_nonordinal,4,1173,0.9028132992327366,2.5294117647058822,4.734867860187554,0.005115089514066497,0.7440749189094449,0.04310089924771474,-0.012694541207707855,0.04310089924771474,0,100
A_well_specified,5,43,input_dependent_nonordinal,0,236,1,1.6271186440677967,1.6271186440677967,0,0.49199133859900507,0.029701600311419187,inf,inf,1,5
A_well_specified,5,43,input_dependent_ordinal,3,1194,0.8944723618090452,3.0678391959798996,4.516750418760469,0.011725293132328308,0.6773964433636903,0.0413881334348054,-0.0006278546105165095,0.0413881334348054,0,100
A_well_specified,5,43,input_dependent_ordinal,1,1144,0.9458041958041958,2.506993006993007,2.5384615384615383,0.005244755244755245,0.5272586930046413,0.0404993075843243,0.08366092154224136,0.0404993075843243,0,100
A_well_specified,5,43,input_dependent_ordinal,2,1253,0.9154030327214685,3.0255387071029527,3.6009577015163607,0.01596169193934557,0.6022376840730582,0.041859673949862376,0.02190126597744524,0.041859673949862376,0,100
A_well_specified,5,43,input_dependent_ordinal,4,1173,0.9028132992327366,2.5225916453537938,4.734867860187554,0.005115089514066497,0.7433252178743448,0.04396993445975359,-0.011602517223991304,0.04396993445975359,0,100
A_well_specified,5,43,input_dependent_ordinal,0,236,1,1.6271186440677967,1.6271186440677967,0,0.5021151333543633,0.03668262506877857,inf,inf,1,5
A_well_specified,5,44,independent_mondrian,1,1152,0.9123263888888888,2.5130208333333335,2.5477430555555554,0,0.0,0.0,0.5901581214646303,0.0,0,100
A_well_specified,5,44,independent_mondrian,4,1217,0.8972884141331142,2.609695973705834,4.745275267050123,0,0.0,0.0,0.7483644082358728,0.0,0,100
A_well_specified,5,44,independent_mondrian,3,1184,0.9028716216216216,3.126689189189189,4.611486486486487,0,0.0,0.0,0.6962186638661946,0.0,0,100
A_well_specified,5,44,independent_mondrian,2,1175,0.8868085106382979,3.094468085106383,3.665531914893617,0,0.0,0.0,0.628946728660162,0.0,0,100
A_well_specified,5,44,independent_mondrian,0,272,1,1.5514705882352942,1.5551470588235294,0,0.0,0.0,inf,inf,1,5
A_well_specified,5,44,ordinal_cluster,1,1152,0.9322916666666666,2.0434027777777777,2.0434027777777777,0,0.0,0.0,0.6237760121379339,0.0,0,100
A_well_specified,5,44,ordinal_cluster,4,1217,0.8907148726376335,1.6146261298274445,1.6146261298274445,0,0.0,0.0,0.7341983011913213,0.0,0,100
A_well_specified,5,44,ordinal_cluster,3,1184,0.9028716216216216,2.139358108108108,2.139358108108108,0,0.0,0.0,0.6967238924177331,0.0,0,100
A_well_specified,5,44,ordinal_cluster,2,1175,0.8970212765957447,2.195744680851064,2.195744680851064,0,0.0,0.0,0.6525862900784148,0.0,0,100
A_well_specified,5,44,ordinal_cluster,0,272,0.9485294117647058,1.5698529411764706,1.5698529411764706,0,0.0,0.0,0.5901581214646303,0.0,0,5
A_well_specified,5,44,input_dependent_nonordinal,1,1152,0.9105902777777778,2.4644097222222223,2.5043402777777777,0,0.5137806340313114,0.030536984750733402,0.04326350937978385,0.030536984750733402,0,100
A_well_specified,5,44,input_dependent_nonordinal,4,1217,0.9293344289235825,2.596548890714873,4.830731306491372,0.0049301561216105174,0.7637487059154575,0.04567344982256731,0.043309354017277424,0.04567344982256731,0,100
A_well_specified,5,44,input_dependent_nonordinal,3,1184,0.9079391891891891,3.045608108108108,4.585304054054054,0.008445945945945946,0.6527711195768862,0.043474797290683806,0.007925639181902533,0.04347479729068379,0,100
A_well_specified,5,44,input_dependent_nonordinal,2,1175,0.9055319148936171,2.971914893617021,3.617021276595745,0.016170212765957447,0.6189527122995352,0.03490022811575633,-0.013249618405063557,0.03490022811575633,0,100
A_well_specified,5,44,input_dependent_nonordinal,0,272,1,1.4595588235294117,1.4595588235294117,0,0.47594537912431434,0.025104109142358506,inf,inf,1,5
A_well_specified,5,44,input_dependent_ordinal,1,1152,0.9105902777777778,2.462673611111111,2.5026041666666665,0,0.5258151246073541,0.030599618261590727,0.03105047486155732,0.030599618261590727,0,100
A_well_specified,5,44,input_dependent_ordinal,4,1217,0.9293344289235825,2.5949055053410026,4.830731306491372,0.0049301561216105174,0.7553125870212051,0.04647239226052893,0.05230252592528273,0.04647239226052893,0,100
A_well_specified,5,44,input_dependent_ordinal,3,1184,0.90625,3.043074324324324,4.585304054054054,0.008445945945945946,0.6731719132611997,0.04249667076282536,-0.01567062201383007,0.04249667076282536,0,100
A_well_specified,5,44,input_dependent_ordinal,2,1175,0.9055319148936171,2.9685106382978725,3.6136170212765957,0.016170212765957447,0.5992526357858168,0.03503119067465217,0.00629310296636687,0.03503119067465217,0,100
A_well_specified,5,44,input_dependent_ordinal,0,272,1,1.4595588235294117,1.4595588235294117,0,0.45824585702537807,0.02599057277268661,inf,inf,1,5
A_well_specified,5,45,independent_mondrian,4,1177,0.9107901444350043,2.7230246389124892,4.760407816482583,0,0.0,0.0,0.836762935112232,0.0,0,100
A_well_specified,5,45,independent_mondrian,2,1145,0.914410480349345,3.34235807860262,3.8655021834061136,0,0.0,0.0,0.7086216036793719,0.0,0,100
A_well_specified,5,45,independent_mondrian,3,1146,0.9406631762652705,3.3795811518324608,4.69109947643979,0,0.0,0.0,0.8123778129082355,0.0,0,100
A_well_specified,5,45,independent_mondrian,1,1245,0.921285140562249,2.6779116465863453,2.7244979919678713,0,0.0,0.0,0.6124367128559269,0.0,0,100
A_well_specified,5,45,independent_mondrian,0,287,1,1.637630662020906,1.6411149825783973,0,0.0,0.0,inf,inf,1,5
A_well_specified,5,45,ordinal_cluster,4,1177,0.9005947323704333,1.6958368734069669,1.6958368734069669,0,0.0,0.0,0.8123778129082355,0.0,0,100
A_well_specified,5,45,ordinal_cluster,2,1145,0.914410480349345,2.4139737991266377,2.4139737991266377,0,0.0,0.0,0.7086216036793719,0.0,0,100
A_well_specified,5,45,ordinal_cluster,3,1146,0.9319371727748691,2.3664921465968587,2.3664921465968587,0,0.0,0.0,0.7822404518134181,0.0,0,100
A_well_specified,5,45,ordinal_cluster,1,1245,0.9365461847389558,2.2048192771084336,2.2048192771084336,0,0.0,0.0,0.6586724071749891,0.0,0,100
A_well_specified,5,45,ordinal_cluster,0,287,0.926829268292683,1.6202090592334495,1.6202090592334495,0,0.0,0.0,0.6124367128559269,0.0,0,5
A_well_specified,5,45,input_dependent_nonordinal,4,1177,0.9447748513169074,2.7289719626168223,4.8394222599830075,0.005097706032285472,0.786195353082413,0.0533997311258733,0.09846445992882324,0.0533997311258733,0,100
A_well_specified,5,45,input_dependent_nonordinal,2,1145,0.9065502183406113,3.2384279475982534,3.862008733624454,0.03318777292576419,0.6283129310872307,0.046355106364822124,0.01845734091508261,0.046355106364822124,0,100
A_well_specified,5,45,input_dependent_nonordinal,3,1146,0.9554973821989529,3.25043630017452,4.665794066317627,0.02181500872600349,0.6716518918022527,0.04284731765333984,0.1613040272127369,0.04284731765333984,0,100
A_well_specified,5,45,input_dependent_nonordinal,1,1245,0.9373493975903614,2.61285140562249,2.6506024096385543,0.015261044176706828,0.5275179265374474,0.02933545669293824,0.03443470078577815,0.02933545669293824,0,100
A_well_specified,5,45,input_dependent_nonordinal,0,287,1,1.529616724738676,1.529616724738676,0.003484320557491289,0.4501761920720045,0.031068034555532184,inf,inf,1,5
A_well_specified,5,45,input_dependent_ordinal,4,1177,0.9447748513169074,2.7315208156329653,4.8394222599830075,0.005097706032285472,0.7764541613749676,0.05326730507726405,0.1078824381030904,0.05326730507726405,0,100
A_well_specified,5,45,input_dependent_ordinal,2,1145,0.9048034934497816,3.2349344978165937,3.8707423580786027,0.03580786026200873,0.6162759123109118,0.0393054636736221,0.02079097555160092,0.0393054636736221,0,100
A_well_specified,5,45,input_dependent_ordinal,3,1146,0.9598603839441536,3.2539267015706805,4.666666666666667,0.02268760907504363,0.692981045741716,0.046523728887641044,0.1527005747992854,0.046523728887641044,0,100
A_well_specified,5,45,input_dependent_ordinal,1,1245,0.9293172690763052,2.606425702811245,2.647389558232932,0.015261044176706828,0.5301702045824049,0.03427750578615308,0.02169691705605048,0.03427750578615308,0,100
A_well_specified,5,45,input_dependent_ordinal,0,287,1,1.5017421602787457,1.5017421602787457,0.003484320557491289,0.4434144444669427,0.025749790719082163,inf,inf,1,5
A_well_specified,5,46,independent_mondrian,3,1185,0.8126582278481013,3.2059071729957807,4.594936708860759,0,0.0,0.0,0.5756017758126114,0.0,0,100
A_well_specified,5,46,independent_mondrian,1,1160,0.9060344827586206,2.560344827586207,2.6051724137931034,0,0.0,0.0,0.5804881539954907,0.0,0,100
A_well_specified,5,46,independent_mondrian,0,267,1,1.5393258426966292,1.5393258426966292,0,0.0,0.0,inf,inf,1,5
A_well_specified,5,46,independent_mondrian,2,1205,0.9302904564315353,3.016597510373444,3.603319502074689,0,0.0,0.0,0.6962534898810626,0.0,0,100
A_well_specified,5,46,independent_mondrian,4,1183,0.9349112426035503,2.5300084530853764,4.822485207100592,0,0.0,0.0,0.8436279350422672,0.0,0,100
A_well_specified,5,46,ordinal_cluster,3,1185,0.8869198312236287,2.049789029535865,2.049789029535865,0,0.0,0.0,0.6882910804655415,0.0,0,100
A_well_specified,5,46,ordinal_cluster,1,1160,0.9362068965517242,2.0068965517241377,2.0068965517241377,0,0.0,0.0,0.6643635766906657,0.0,0,100
A_well_specified,5,46,ordinal_cluster,0,267,0.9400749063670412,1.6142322097378277,1.6142322097378277,0,0.0,0.0,0.5967363648035383,0.0,0,5
A_well_specified,5,46,ordinal_cluster,2,1205,0.8962655601659751,2.195020746887967,2.195020746887967,0,0.0,0.0,0.6095659225826425,0.0,0,100
A_well_specified,5,46,ordinal_cluster,4,1183,0.8520710059171598,1.5139475908706679,1.5139475908706679,0,0.0,0.0,0.6424359610743358,0.0,0,100
A_well_specified,5,46,input_dependent_nonordinal,3,1185,0.8438818565400844,2.971308016877637,4.4379746835443035,0,0.7076724123250239,0.05781265459951701,-0.07531277509091466,0.057812654599517024,0,100
A_well_specified,5,46,input_dependent_nonordinal,1,1160,0.9,2.496551724137931,2.5448275862068965,0.002586206896551724,0.5399928446211737,0.03470225941203242,-0.006644373226170841,0.03470225941203242,0,100
A_well_specified,5,46,input_dependent_nonordinal,0,267,1,1.449438202247191,1.449438202247191,0,0.46085746470547667,0.029921957726965584,inf,inf,1,5
A_well_specified,5,46,input_dependent_nonordinal,2,1205,0.9219917012448133,2.878838174273859,3.5618257261410786,0.0016597510373443983,0.6090461480421908,0.0361401915760466,0.030010766909182474,0.0361401915760466,0,100
A_well_specified,5,46,input_dependent_nonordinal,4,1183,0.8850380388841927,2.511411665257819,4.693998309382925,0.0008453085376162299,0.7708057260959312,0.038675501412029474,-0.0769917606242928,0.038675501412029474,0,100
A_well_specified,5,46,input_dependent_ordinal,3,1185,0.8329113924050633,2.961181434599156,4.437130801687764,0.0008438818565400844,0.6930141529913417,0.04311806509906549,-0.08935860600152473,0.04311806509906549,0,100
A_well_specified,5,46,input_dependent_ordinal,1,1160,0.9,2.475862068965517,2.521551724137931,0.004310344827586207,0.5470457183700311,0.03600780760939054,-0.014575791089735168,0.03600780760939054,0,100
A_well_specified,5,46,input_dependent_ordinal,0,267,1,1.449438202247191,1.449438202247191,0,0.4481167643101714,0.03337977967576581,inf,inf,1,5
A_well_specified,5,46,input_dependent_ordinal,2,1205,0.9186721991701244,2.862240663900415,3.546887966804979,0.005809128630705394,0.612012546297731,0.03875795202449753,0.020043887847094988,0.03875795202449753,0,100
A_well_specified,5,46,input_dependent_ordinal,4,1183,0.893491124260355,2.500422654268808,4.71513102282333,0.0016906170752324597,0.7783533859573206,0.046716328180524895,-0.07150238665154984,0.046716328180524895,0,100
A_well_specified,5,47,independent_mondrian,4,1187,0.9123841617523167,2.695871946082561,4.7649536647009265,0,0.0,0.0,0.7863961283418791,0.0,0,100
A_well_specified,5,47,independent_mondrian,3,1212,0.9216171617161716,3.298679867986799,4.633663366336633,0,0.0,0.0,0.78152078667623,0.0,0,100
A_well_specified,5,47,independent_mondrian,1,1198,0.9315525876460768,2.704507512520868,2.7429048414023374,0,0.0,0.0,0.6258696648551355,0.0,0,100
A_well_specified,5,47,independent_mondrian,0,243,1,1.683127572016461,1.683127572016461,0,0.0,0.0,inf,inf,1,5
A_well_specified,5,47,independent_mondrian,2,1160,0.9275862068965517,3.299137931034483,3.8189655172413794,0,0.0,0.0,0.7129525981079118,0.0,0,100
A_well_specified,5,47,ordinal_cluster,4,1187,0.9106992417860151,1.6722830665543387,1.6722830665543387,0,0.0,0.0,0.784336539678274,0.0,0,100
A_well_specified,5,47,ordinal_cluster,3,1212,0.9166666666666666,2.273927392739274,2.273927392739274,0,0.0,0.0,0.7697250640766283,0.0,0,100
A_well_specified,5,47,ordinal_cluster,1,1198,0.9440734557595993,2.187813021702838,2.187813021702838,0,0.0,0.0,0.6629247420819765,0.0,0,100
A_well_specified,5,47,ordinal_cluster,0,243,0.934156378600823,1.6419753086419753,1.6419753086419753,0,0.0,0.0,0.6258696648551355,0.0,0,5
A_well_specified,5,47,ordinal_cluster,2,1160,0.9137931034482759,2.372413793103448,2.372413793103448,0,0.0,0.0,0.6800549486351852,0.0,0,100
A_well_specified,5,47,input_dependent_nonordinal,4,1187,0.8904802021903959,2.6183656276326874,4.7076663858466725,0.0008424599831508003,0.7431946255782588,0.04118791899415002,-0.018366028569341553,0.04118791899415002,0,100
A_well_specified,5,47,input_dependent_nonordinal,3,1212,0.9298679867986799,3.0107260726072607,4.485973597359736,0.0024752475247524753,0.6701832159002716,0.03893640748900103,0.08156079335813754,0.03893640748900103,0,100
A_well_specified,5,47,input_dependent_nonordinal,1,1198,0.8881469115191987,2.5158597662771287,2.5692821368948247,0,0.5305774231191008,0.03694651737824171,-0.020295027112089525,0.03694651737824171,0,100
A_well_specified,5,47,input_dependent_nonordinal,0,243,1,1.5020576131687242,1.5020576131687242,0,0.4942794924442165,0.03915287020187485,inf,inf,1,5
A_well_specified,5,47,input_dependent_nonordinal,2,1160,0.928448275862069,3.0991379310344827,3.757758620689655,0.007758620689655172,0.6091269332551902,0.03402174821958801,0.03176696927285516,0.03402174821958801,0,100
A_well_specified,5,47,input_dependent_ordinal,4,1187,0.8921651221566975,2.6225779275484413,4.714406065711879,0.0008424599831508003,0.7462873291673487,0.04030193052756895,-0.020789020574787376,0.04030193052756895,0,100
A_well_specified,5,47,input_dependent_ordinal,3,1212,0.929042904290429,3.0115511551155114,4.488448844884489,0.0024752475247524753,0.6626298784263357,0.037847526656026115,0.08597272038160236,0.037847526656026115,0,100
A_well_specified,5,47,input_dependent_ordinal,1,1198,0.8906510851419032,2.515025041736227,2.5667779632721204,0,0.5324815967465398,0.035862095617342715,-0.022500344368436842,0.035862095617342715,0,100
A_well_specified,5,47,input_dependent_ordinal,0,243,1,1.5102880658436213,1.5102880658436213,0,0.481350090842279,0.034646351565287996,inf,inf,1,5
A_well_specified,5,47,input_dependent_ordinal,2,1160,0.9275862068965517,3.097413793103448,3.757758620689655,0.006896551724137931,0.6145287256478125,0.03768713867883557,0.029632577565419482,0.03768713867883557,0,100
A_well_specified,5,48,independent_mondrian,0,259,1,1.5212355212355213,1.5212355212355213,0,0.0,0.0,inf,inf,1,5
A_well_specified,5,48,independent_mondrian,4,1211,0.8976052848885219,2.737407101568951,4.753922378199835,0,0.0,0.0,0.7839608718713409,0.0,0,100
A_well_specified,5,48,independent_mondrian,2,1214,0.8887973640856672,3.282537067545305,3.859143327841845,0,0.0,0.0,0.6028488555511324,0.0,0,100
A_well_specified,5,48,independent_mondrian,3,1140,0.9403508771929825,3.216666666666667,4.65438596491228,0,0.0,0.0,0.8432690927497626,0.0,0,100
A_well_specified,5,48,independent_mondrian,1,1176,0.9209183673469388,2.55187074829932,2.5977891156462585,0,0.0,0.0,0.5982354133136492,0.0,0,100
A_well_specified,5,48,ordinal_cluster,0,259,0.9498069498069498,1.4903474903474903,1.4903474903474903,0,0.0,0.0,0.5982354133136492,0.0,0,5
A_well_specified,5,48,ordinal_cluster,4,1211,0.9124690338563171,1.694467382328654,1.694467382328654,0,0.0,0.0,0.8220477271615926,0.0,0,100
A_well_specified,5,48,ordinal_cluster,2,1214,0.9209225700164745,2.2792421746293248,2.2792421746293248,0,0.0,0.0,0.6741552995175177,0.0,0,100
A_well_specified,5,48,ordinal_cluster,3,1140,0.9017543859649123,2.2850877192982457,2.2850877192982457,0,0.0,0.0,0.7312074908298425,0.0,0,100
A_well_specified,5,48,ordinal_cluster,1,1176,0.9209183673469388,2.116496598639456,2.116496598639456,0,0.0,0.0,0.5982354133136492,0.0,0,100
A_well_specified,5,48,input_dependent_nonordinal,0,259,1,1.4478764478764479,1.4478764478764479,0,0.4790510381626566,0.040513775276999064,inf,inf,1,5
A_well_specified,5,48,input_dependent_nonordinal,4,1211,0.9009083402146986,2.735755573905863,4.7613542526837325,0.00495458298926507,0.7715032500631207,0.044957413890964686,-0.008613424077255294,0.044957413890964686,0,100
A_well_specified,5,48,input_dependent_nonordinal,2,1214,0.8665568369028006,3.131795716639209,3.816309719934102,0.011532125205930808,0.587675358004947,0.04621547810143187,-0.022553040390413504,0.04621547810143187,0,100
A_well_specified,5,48,input_dependent_nonordinal,3,1140,0.9710526315789474,3.112280701754386,4.602631578947369,0.007017543859649123,0.6761606158847847,0.039197942613938226,0.20322392560272107,0.039197942613938226,0,100
A_well_specified,5,48,input_dependent_nonordinal,1,1176,0.9132653061224489,2.5357142857142856,2.5833333333333335,0.002551020408163265,0.530925482814365,0.03894472374130639,0.011080582002932826,0.03894472374130639,0,100
A_well_specified,5,48,input_dependent_ordinal,0,259,1,1.4555984555984556,1.4555984555984556,0,0.45214778105026976,0.040198003219001216,inf,inf,1,5
A_well_specified,5,48,input_dependent_ordinal,4,1211,0.9042113955408753,2.7208918249380676,4.7671345995045415,0.00495458298926507,0.7555704187358977,0.043731149305098735,0.009263437228470561,0.043731149305098735,0,100
A_well_specified,5,48,input_dependent_ordinal,2,1214,0.8673805601317958,3.110378912685338,3.7965403624382206,0.012355848434925865,0.599242898404484,0.041092941603649645,-0.03897488720806386,0.041092941603649645,0,100
A_well_specified,5,48,input_dependent_ordinal,3,1140,0.9701754385964912,3.1166666666666667,4.605263157894737,0.008771929824561403,0.6914235680366134,0.0427093812107656,0.1756528968262151,0.0427093812107656,0,100
A_well_specified,5,48,input_dependent_ordinal,1,1176,0.9132653061224489,2.5238095238095237,2.5714285714285716,0.002551020408163265,0.5256689743421299,0.04053949234148252,0.019191204157540054,0.04053949234148252,0,100
A_well_specified,5,49,independent_mondrian,2,1237,0.9029911075181891,3.235246564268391,3.845594179466451,0,0.0,0.0,0.6664483876892875,0.0,0,100
A_well_specified,5,49,independent_mondrian,3,1173,0.9292412617220801,3.316283034953112,4.711849957374254,0,0.0,0.0,0.8024453274952584,0.0,0,100
A_well_specified,5,49,independent_mondrian,1,1166,0.9030874785591767,2.590909090909091,2.6380789022298456,0,0.0,0.0,0.5580575256668124,0.0,0,100
A_well_specified,5,49,independent_mondrian,4,1187,0.9199663016006739,2.7405223251895534,4.83150800336984,0,0.0,0.0,0.8575743742636264,0.0,0,100
A_well_specified,5,49,independent_mondrian,0,237,1,1.4472573839662448,1.4472573839662448,0,0.0,0.0,inf,inf,1,5
A_well_specified,5,49,ordinal_cluster,2,1237,0.9029911075181891,2.3177041228779305,2.3177041228779305,0,0.0,0.0,0.6664483876892875,0.0,0,100
A_well_specified,5,49,ordinal_cluster,3,1173,0.9121909633418585,2.2847399829497017,2.2847399829497017,0,0.0,0.0,0.7657566492765104,0.0,0,100
A_well_specified,5,49,ordinal_cluster,1,1166,0.9331046312178388,2.0934819897084047,2.0934819897084047,0,0.0,0.0,0.6356188044530565,0.0,0,100
A_well_specified,5,49,ordinal_cluster,4,1187,0.9039595619208087,1.700084245998315,1.700084245998315,0,0.0,0.0,0.8101486356642974,0.0,0,100
A_well_specified,5,49,ordinal_cluster,0,237,0.9451476793248945,1.5527426160337552,1.5527426160337552,0,0.0,0.0,0.5834980351486988,0.0,0,5
A_well_specified,5,49,input_dependent_nonordinal,2,1237,0.8771220695230396,2.977364591754244,3.6725949878738886,0.00889248181083266,0.6081273389752189,0.039810768719202035,-0.00951343223146689,0.039810768719202035,0,100
A_well_specified,5,49,input_dependent_nonordinal,3,1173,0.9053708439897699,3.0144927536231885,4.545609548167093,0.0076726342710997444,0.6839902778997793,0.05080589167478885,0.022970279705853636,0.050805891674788835,0,100
A_well_specified,5,49,input_dependent_nonordinal,1,1166,0.8662092624356775,2.4108061749571186,2.4682675814751285,0.003430531732418525,0.5420019545436461,0.03784153472956439,-0.0535117375241205,0.03784153472956439,0,100
A_well_specified,5,49,input_dependent_nonordinal,4,1187,0.9115417017691659,2.602358887952822,4.815501263689975,0.005054759898904802,0.7864225141597195,0.05311899455807056,-0.009956920664611957,0.05311899455807056,0,100
A_well_specified,5,49,input_dependent_nonordinal,0,237,1,1.4303797468354431,1.4303797468354431,0,0.4222250593192197,0.024965162166149475,inf,inf,1,5
A_well_specified,5,49,input_dependent_ordinal,2,1237,0.8803556992724333,2.9805982215036377,3.6806790622473726,0.00889248181083266,0.6196861233814099,0.04046151150755425,-0.01843429090690679,0.04046151150755425,0,100
A_well_specified,5,49,input_dependent_ordinal,3,1173,0.907928388746803,3.028132992327366,4.551577152600171,0.0076726342710997444,0.6939151687236628,0.04883545468341734,0.013580356736237031,0.04883545468341734,0,100
A_well_specified,5,49,input_dependent_ordinal,1,1166,0.8593481989708405,2.4065180102915953,2.467409948542024,0.003430531732418525,0.520298138503204,0.03597762717815707,-0.03940031572426747,0.03597762717815706,0,100
A_well_specified,5,49,input_dependent_ordinal,4,1187,0.9140690817186183,2.6015164279696714,4.822240943555181,0.004212299915754001,0.7784643388073031,0.05503742508447637,0.0045972637249376835,0.05503742508447636,0,100
A_well_specified,5,49,input_dependent_ordinal,0,237,1,1.4135021097046414,1.4135021097046414,0,0.4544245907585395,0.029958702398479625,inf,inf,1,5
