rare_count,repetition,method,class_id,test_count,coverage,mean_set_size,mean_ordinal_span,mean_preliminary_threshold,preliminary_threshold_variance,mean_correction,correction_is_infinite,calibration_support
100,0,independent_mondrian,4,2414,0.9138359569179785,1.5658657829328915,1.5658657829328915,0.0,0.0,0.800598102838451,0,100
100,0,independent_mondrian,3,2455,0.8822810590631365,2.1478615071283094,2.1478615071283094,0.0,0.0,0.6599302235078836,0,100
100,0,independent_mondrian,2,2361,0.8962304108428631,2.101228293096146,2.101228293096146,0.0,0.0,0.6132870744505277,0,100
100,0,independent_mondrian,1,2309,0.895192724122997,1.7856214811606756,1.7856214811606756,0.0,0.0,0.5831722949328804,0,100
100,0,independent_mondrian,0,461,0.8655097613882863,1.3882863340563991,1.3882863340563991,0.0,0.0,0.45717258694951274,0,100
100,0,input_dependent_structured_mondrian,4,2414,0.9275062137531068,1.4983429991714996,1.4983429991714996,0.7551259065458636,0.05356463688532929,0.04017550316962204,0,100
100,0,input_dependent_structured_mondrian,3,2455,0.8562118126272913,1.9686354378818738,1.9686354378818738,0.6783544028587558,0.04930069629237348,-0.07015645442911622,0,100
100,0,input_dependent_structured_mondrian,2,2361,0.8602287166454892,1.8979246082168573,1.8979246082168573,0.6057381837806969,0.04381849798907236,-0.05301958146264141,0,100
100,0,input_dependent_structured_mondrian,1,2309,0.8722390645300996,1.6730186227804245,1.6730186227804245,0.5359295956799919,0.039303671678335664,-0.018800009841791976,0,100
100,0,input_dependent_structured_mondrian,0,461,0.8633405639913232,1.3405639913232104,1.3405639913232104,0.48013935345530456,0.03337556813374574,-0.045846898044056505,0,100
100,1,independent_mondrian,4,2398,0.8669724770642202,1.7322768974145122,1.7322768974145122,0.0,0.0,0.7067928514625537,0,100
100,1,independent_mondrian,2,2374,0.9191238416175231,2.3188711036225778,2.3188711036225778,0.0,0.0,0.7002449402434919,0,100
100,1,independent_mondrian,0,549,0.9253187613843351,1.4808743169398908,1.4808743169398908,0.0,0.0,0.557472048693666,0,100
100,1,independent_mondrian,3,2380,0.9525210084033613,2.242436974789916,2.242436974789916,0.0,0.0,0.8664554787874645,0,100
100,1,independent_mondrian,1,2299,0.9103958242714224,2.141800782949108,2.141800782949108,0.0,0.0,0.5887400664235715,0,100
100,1,input_dependent_structured_mondrian,4,2398,0.8932443703085905,1.6538782318598833,1.6538782318598833,0.740317871343308,0.052510323700469944,-0.0029055805830342507,0,100
100,1,input_dependent_structured_mondrian,2,2374,0.9056444818871103,2.0922493681550125,2.0922493681550125,0.6085886671992267,0.0424584767369207,0.026130995489465514,0,100
100,1,input_dependent_structured_mondrian,0,549,0.8743169398907104,1.3387978142076502,1.3387978142076502,0.477926607772752,0.03452756283105639,-0.050778341638666735,0,100
100,1,input_dependent_structured_mondrian,3,2380,0.9470588235294117,2.073529411764706,2.073529411764706,0.6685502024883587,0.04456843879866342,0.11399127048039115,0,100
100,1,input_dependent_structured_mondrian,1,2299,0.8755980861244019,1.823836450630709,1.823836450630709,0.5486858850095049,0.038504925407871406,-0.03242931537994431,0,100
100,2,independent_mondrian,1,2440,0.9168032786885246,1.9086065573770492,1.9086065573770492,0.0,0.0,0.6039552056616357,0,100
100,2,independent_mondrian,4,2331,0.8824538824538825,1.6872586872586872,1.6872586872586872,0.0,0.0,0.731562780728609,0,100
100,2,independent_mondrian,2,2395,0.911482254697286,2.2392484342379957,2.2392484342379957,0.0,0.0,0.6689206862013335,0,100
100,2,independent_mondrian,3,2366,0.9239222316145393,2.2037193575655114,2.2037193575655114,0.0,0.0,0.7670184504406551,0,100
100,2,independent_mondrian,0,468,0.8653846153846154,1.4102564102564104,1.4102564102564104,0.0,0.0,0.453620865660734,0,100
100,2,input_dependent_structured_mondrian,1,2440,0.8586065573770492,1.7536885245901639,1.7536885245901639,0.5447482370164247,0.040663320360345395,-0.04753463644966199,0,100
100,2,input_dependent_structured_mondrian,4,2331,0.8682968682968683,1.4869154869154868,1.4869154869154868,0.7437057202451762,0.04680066806955914,-0.07005491126050917,0,100
100,2,input_dependent_structured_mondrian,2,2395,0.9056367432150313,1.9014613778705636,1.9014613778705636,0.609947320091992,0.0430392869222232,-0.0006715208097499703,0,100
100,2,input_dependent_structured_mondrian,3,2366,0.8672865595942519,1.9459002535925614,1.9459002535925614,0.6755631939287575,0.043900781658383875,-0.05843645933762909,0,100
100,2,input_dependent_structured_mondrian,0,468,0.9081196581196581,1.3098290598290598,1.3098290598290598,0.4742528125712114,0.03612291222482457,0.017487011192818924,0,100
100,3,independent_mondrian,4,2344,0.8813993174061433,1.5251706484641638,1.5251706484641638,0.0,0.0,0.7377208426673091,0,100
100,3,independent_mondrian,2,2453,0.9294741133306156,2.100285364859356,2.100285364859356,0.0,0.0,0.7215167033475735,0,100
100,3,independent_mondrian,1,2284,0.9216287215411558,2.0529772329246936,2.0529772329246936,0.0,0.0,0.6338014747271509,0,100
100,3,independent_mondrian,3,2394,0.8458646616541353,2.210526315789474,2.210526315789474,0.0,0.0,0.5890541993344431,0,100
100,3,independent_mondrian,0,525,0.9180952380952381,1.5676190476190477,1.5676190476190477,0.0,0.0,0.5556462218698501,0,100
100,3,input_dependent_structured_mondrian,4,2344,0.8310580204778157,1.4735494880546076,1.4735494880546076,0.7583756962348945,0.04079303691384054,-0.12514403393215,0,100
100,3,input_dependent_structured_mondrian,2,2453,0.9412963717896453,1.9470036689767631,1.9470036689767631,0.6187287996297895,0.03981331967151938,0.06603421266110299,0,100
100,3,input_dependent_structured_mondrian,1,2284,0.8984238178633975,1.8502626970227671,1.8502626970227671,0.5479286458300615,0.03760813326064062,-0.002482509195589677,0,100
100,3,input_dependent_structured_mondrian,3,2394,0.8492063492063492,1.9477861319966583,1.9477861319966583,0.6830182875738238,0.040128118100889364,-0.08816717834378573,0,100
100,3,input_dependent_structured_mondrian,0,525,0.88,1.3523809523809525,1.3523809523809525,0.4642937782726266,0.03682661438682504,-0.004212665997638587,0,100
100,4,independent_mondrian,2,2375,0.8694736842105263,2.3444210526315787,2.3444210526315787,0.0,0.0,0.5584427510669231,0,100
100,4,independent_mondrian,4,2381,0.9034019319613608,1.5783284334313314,1.5783284334313314,0.0,0.0,0.7873787386377172,0,100
100,4,independent_mondrian,1,2362,0.9597798475867908,1.8365791701947503,1.8365791701947503,0.0,0.0,0.7742635418733175,0,100
100,4,independent_mondrian,3,2378,0.8915054667788057,2.174936921783011,2.174936921783011,0.0,0.0,0.6935613699740503,0,100
100,4,independent_mondrian,0,504,0.8849206349206349,1.6626984126984128,1.6626984126984128,0.0,0.0,0.5089319258116605,0,100
100,4,input_dependent_structured_mondrian,2,2375,0.8694736842105263,2.0522105263157893,2.0522105263157893,0.5940821069248293,0.034842486616129396,-0.04245426432926469,0,100
100,4,input_dependent_structured_mondrian,4,2381,0.8971020579588408,1.5506089878202436,1.5506089878202436,0.7513807917736748,0.0375456568655413,-0.0038725188955439638,0,100
100,4,input_dependent_structured_mondrian,1,2362,0.9525825571549534,1.7764606265876377,1.7764606265876377,0.5306264066403306,0.03481434192776907,0.11391956360395317,0,100
100,4,input_dependent_structured_mondrian,3,2378,0.9028595458368377,2.005466778805719,2.005466778805719,0.6685756252141636,0.03712414621416864,0.004785014593124859,0,100
100,4,input_dependent_structured_mondrian,0,504,0.876984126984127,1.4226190476190477,1.4226190476190477,0.46106726554518274,0.03064509204681141,-0.011096244316660842,0,100
100,5,independent_mondrian,2,2360,0.8766949152542373,2.1161016949152542,2.1161016949152542,0.0,0.0,0.5849265389827664,0,100
100,5,independent_mondrian,1,2447,0.9301185124642419,2.0159378831221906,2.0159378831221906,0.0,0.0,0.6468377553057164,0,100
100,5,independent_mondrian,3,2361,0.8487928843710292,2.094875052943668,2.094875052943668,0.0,0.0,0.60805855539754,0,100
100,5,independent_mondrian,0,491,0.9511201629327902,1.6313645621181263,1.6313645621181263,0.0,0.0,0.6419158855211252,0,100
100,5,independent_mondrian,4,2341,0.8889363519863306,1.4741563434429732,1.4741563434429732,0.0,0.0,0.7649722396745824,0,100
100,5,input_dependent_structured_mondrian,2,2360,0.9122881355932203,1.9673728813559321,1.9673728813559321,0.6105269714938704,0.03890001021783562,0.012572968624376846,0,100
100,5,input_dependent_structured_mondrian,1,2447,0.8843481814466694,1.7973028197793217,1.7973028197793217,0.5304233049061863,0.03520135991695448,-0.019611190506329923,0,100
100,5,input_dependent_structured_mondrian,3,2361,0.8881829733163914,2.026260059296908,2.026260059296908,0.7009213078973541,0.04334003113665,-0.0400758981739901,0,100
100,5,input_dependent_structured_mondrian,0,491,0.924643584521385,1.4256619144602851,1.4256619144602851,0.4657985664789857,0.03488586478885455,0.04243240544550575,0,100
100,5,input_dependent_structured_mondrian,4,2341,0.8718496369073045,1.5032037590773173,1.5032037590773173,0.7732600426113228,0.045662663524211416,-0.06172271615515923,0,100
100,6,independent_mondrian,4,2354,0.9167374681393373,1.667374681393373,1.667374681393373,0.0,0.0,0.8090631174188512,0,100
100,6,independent_mondrian,1,2305,0.9292841648590021,2.0286334056399133,2.0286334056399133,0.0,0.0,0.6512009707354577,0,100
100,6,independent_mondrian,2,2409,0.908675799086758,2.315483603154836,2.315483603154836,0.0,0.0,0.6653804727456162,0,100
100,6,independent_mondrian,0,534,0.9288389513108615,1.550561797752809,1.550561797752809,0.0,0.0,0.5445600193449653,0,100
100,6,independent_mondrian,3,2398,0.9203502919099249,2.2981651376146788,2.2981651376146788,0.0,0.0,0.749529832009882,0,100
100,6,input_dependent_structured_mondrian,4,2354,0.9566694987255735,1.5348343245539506,1.5348343245539506,0.7468736056953239,0.05614058575426047,0.14925238597323442,0,100
100,6,input_dependent_structured_mondrian,1,2305,0.9114967462039045,1.7900216919739695,1.7900216919739695,0.5136107747443083,0.02616944146354894,0.025351957819589988,0,100
100,6,input_dependent_structured_mondrian,2,2409,0.8891656288916563,2.0282274802822746,2.0282274802822746,0.5935874318042276,0.034416308301135644,0.01417739803307727,0,100
100,6,input_dependent_structured_mondrian,0,534,0.9194756554307116,1.3558052434456929,1.3558052434456929,0.42949191267168474,0.018294532761540052,0.03904094180125062,0,100
100,6,input_dependent_structured_mondrian,3,2398,0.8665554628857381,2.1326105087572977,2.1326105087572977,0.6707276064491374,0.043016462799183176,-0.05541647437500252,0,100
100,7,independent_mondrian,1,2357,0.9121764955451845,2.1972846839202376,2.1972846839202376,0.0,0.0,0.600622370138609,0,100
100,7,independent_mondrian,2,2379,0.9092055485498108,2.440521227406473,2.440521227406473,0.0,0.0,0.6486461895079634,0,100
100,7,independent_mondrian,3,2381,0.9252414951700966,2.374632507349853,2.374632507349853,0.0,0.0,0.7801664602595894,0,100
100,7,independent_mondrian,4,2386,0.9559932942162616,1.7053646269907796,1.7053646269907796,0.0,0.0,0.9744695824277334,0,100
100,7,independent_mondrian,0,497,0.9537223340040242,1.5251509054325956,1.5251509054325956,0.0,0.0,0.6778363375693621,0,100
100,7,input_dependent_structured_mondrian,1,2357,0.8502333474756045,1.8816291896478574,1.8816291896478574,0.5431153001891833,0.03981620829008505,-0.058094898764755154,0,100
100,7,input_dependent_structured_mondrian,2,2379,0.9281210592686002,2.140395124001681,2.140395124001681,0.6171521346901949,0.042940546805801796,0.04705525222614815,0,100
100,7,input_dependent_structured_mondrian,3,2381,0.9319613607727846,2.1982360352792942,2.1982360352792942,0.6730127581533416,0.045527990671896404,0.06585578837933359,0,100
100,7,input_dependent_structured_mondrian,4,2386,0.9480301760268232,1.6508801341156747,1.6508801341156747,0.7358419569362473,0.0491050862863163,0.12097404204649553,0,100
100,7,input_dependent_structured_mondrian,0,497,0.9456740442655935,1.3782696177062375,1.3782696177062375,0.4840042919458288,0.03581693235099159,0.04167002398767605,0,100
100,8,independent_mondrian,1,2460,0.9296747967479675,1.833739837398374,1.833739837398374,0.0,0.0,0.6259045031015729,0,100
100,8,independent_mondrian,4,2432,0.8889802631578947,1.6620065789473684,1.6620065789473684,0.0,0.0,0.7331834638761996,0,100
100,8,independent_mondrian,3,2333,0.9249892841834548,2.097728246892413,2.097728246892413,0.0,0.0,0.8046727003706031,0,100
100,8,independent_mondrian,2,2271,0.8524878907970057,2.2575957727873184,2.2575957727873184,0.0,0.0,0.5561769283633593,0,100
100,8,independent_mondrian,0,504,0.9027777777777778,1.5099206349206349,1.5099206349206349,0.0,0.0,0.4984307633267383,0,100
100,8,input_dependent_structured_mondrian,1,2460,0.9390243902439024,1.8252032520325203,1.8252032520325203,0.5373671448096577,0.03389101743780713,0.0470083081381264,0,100
100,8,input_dependent_structured_mondrian,4,2432,0.9399671052631579,1.674342105263158,1.674342105263158,0.7769842004929773,0.03737817229580083,0.03046267103821243,0,100
100,8,input_dependent_structured_mondrian,3,2333,0.9408486926703815,2.1525932276039432,2.1525932276039432,0.6974324668175581,0.03636849749577108,0.06583240740973006,0,100
100,8,input_dependent_structured_mondrian,2,2271,0.8859533245266402,2.13518273888155,2.13518273888155,0.6103249428497388,0.03671469111924694,-0.021114533662456192,0,100
100,8,input_dependent_structured_mondrian,0,504,0.8670634920634921,1.371031746031746,1.371031746031746,0.4511710638961377,0.03353486473321596,-0.018464173080222857,0,100
100,9,independent_mondrian,4,2298,0.8968668407310705,1.7040905134899913,1.7040905134899913,0.0,0.0,0.767174490186171,0,100
100,9,independent_mondrian,2,2377,0.9524610854017669,2.169962137147665,2.169962137147665,0.0,0.0,0.8326010020911014,0,100
100,9,independent_mondrian,1,2389,0.8865634156550858,2.2896609460025115,2.2896609460025115,0.0,0.0,0.5316302807802975,0,100
100,9,independent_mondrian,3,2447,0.8904781364936657,2.35022476501839,2.35022476501839,0.0,0.0,0.7077303292145617,0,100
100,9,independent_mondrian,0,489,0.9406952965235174,1.4417177914110428,1.4417177914110428,0.0,0.0,0.6328793210496527,0,100
100,9,input_dependent_structured_mondrian,4,2298,0.8990426457789382,1.621845082680592,1.621845082680592,0.7311597642693154,0.04474017284451569,7.950697806480278e-05,0,100
100,9,input_dependent_structured_mondrian,2,2377,0.9545645771981489,2.044594026083298,2.044594026083298,0.5856306241725353,0.034116700012741315,0.14843569431656523,0,100
100,9,input_dependent_structured_mondrian,1,2389,0.8978652155713688,1.90623691921306,1.90623691921306,0.5043733372966414,0.02874852059051948,0.01580522651439098,0,100
100,9,input_dependent_structured_mondrian,3,2447,0.8974254188802615,2.13363302002452,2.13363302002452,0.6622328852982133,0.040000169777070556,0.0319948792673308,0,100
100,9,input_dependent_structured_mondrian,0,489,0.8997955010224948,1.378323108384458,1.378323108384458,0.4428951808873529,0.02432347706208547,0.03736862773299035,0,100
100,10,independent_mondrian,2,2355,0.9235668789808917,2.1180467091295117,2.1180467091295117,0.0,0.0,0.6739435095232305,0,100
100,10,independent_mondrian,0,528,0.8806818181818182,1.2367424242424243,1.2367424242424243,0.0,0.0,0.4727240742714972,0,100
100,10,independent_mondrian,4,2349,0.9110259684972328,1.6836951894423158,1.6836951894423158,0.0,0.0,0.7988293826914428,0,100
100,10,independent_mondrian,3,2401,0.9067055393586005,2.228238234069138,2.228238234069138,0.0,0.0,0.7452231181286897,0,100
100,10,independent_mondrian,1,2367,0.8652302492606675,1.8876214617659484,1.8876214617659484,0.0,0.0,0.4897637184642812,0,100
100,10,input_dependent_structured_mondrian,2,2355,0.9163481953290871,2.09171974522293,2.09171974522293,0.6013271199877273,0.04016340516063335,0.006387345384992027,0,100
100,10,input_dependent_structured_mondrian,0,528,0.9015151515151515,1.331439393939394,1.331439393939394,0.4689356643797965,0.03114275149096532,-0.020385279184077815,0,100
100,10,input_dependent_structured_mondrian,4,2349,0.9391230310770541,1.6547467007237122,1.6547467007237122,0.7230306769749189,0.05001089718942567,0.1283069165059077,0,100
100,10,input_dependent_structured_mondrian,3,2401,0.9196168263223656,2.1524364847980006,2.1524364847980006,0.6631045630291779,0.04369898623569275,0.06983056528782522,0,100
100,10,input_dependent_structured_mondrian,1,2367,0.8825517532741868,1.785804816223067,1.785804816223067,0.5391805143783627,0.03423982213185891,-0.030568089000769016,0,100
100,11,independent_mondrian,1,2338,0.8832335329341318,1.8579982891360136,1.8579982891360136,0.0,0.0,0.5076871899407157,0,100
100,11,independent_mondrian,2,2349,0.8471690080885483,2.1596424010217112,2.1596424010217112,0.0,0.0,0.5492169531310945,0,100
100,11,independent_mondrian,4,2376,0.8699494949494949,1.6750841750841752,1.6750841750841752,0.0,0.0,0.7169568212196364,0,100
100,11,independent_mondrian,3,2458,0.9349064279902359,2.05939788445891,2.05939788445891,0.0,0.0,0.8680243083168361,0,100
100,11,independent_mondrian,0,479,0.9164926931106472,1.3215031315240084,1.3215031315240084,0.0,0.0,0.5400548689626532,0,100
100,11,input_dependent_structured_mondrian,1,2338,0.8691189050470488,1.7964071856287425,1.7964071856287425,0.5069314232748483,0.03185940575109958,-0.028023724716925213,0,100
100,11,input_dependent_structured_mondrian,2,2349,0.9212430821626224,2.029374201787995,2.029374201787995,0.6005815277801116,0.03491683720870389,0.03312773522661899,0,100
100,11,input_dependent_structured_mondrian,4,2376,0.8581649831649831,1.553030303030303,1.553030303030303,0.7579842917047266,0.0374994981420071,-0.07452494271107846,0,100
100,11,input_dependent_structured_mondrian,3,2458,0.9080553295362083,1.9959316517493897,1.9959316517493897,0.672713308209783,0.03624201211843243,0.03893532505672481,0,100
100,11,input_dependent_structured_mondrian,0,479,0.9373695198329853,1.361169102296451,1.361169102296451,0.42887005614800167,0.03071002514389992,0.08585175969763731,0,100
100,12,independent_mondrian,4,2391,0.9335006273525721,1.5595984943538268,1.5595984943538268,0.0,0.0,0.902049668403615,0,100
100,12,independent_mondrian,3,2403,0.850187265917603,2.2983770287141074,2.2983770287141074,0.0,0.0,0.6154876958985586,0,100
100,12,independent_mondrian,2,2346,0.9232736572890026,2.1278772378516626,2.1278772378516626,0.0,0.0,0.6917587711252869,0,100
100,12,independent_mondrian,1,2407,0.8969671790610719,1.9410054009140008,1.9410054009140008,0.0,0.0,0.5714227877078256,0,100
100,12,independent_mondrian,0,453,0.8940397350993378,1.4216335540838851,1.4216335540838851,0.0,0.0,0.49179243632011066,0,100
100,12,input_dependent_structured_mondrian,4,2391,0.931827687160184,1.5449602676704308,1.5449602676704308,0.7436243052281286,0.04832609344670454,0.08190599848268998,0,100
100,12,input_dependent_structured_mondrian,3,2403,0.8518518518518519,2.075738660008323,2.075738660008323,0.6800492372749617,0.04687081012163324,-0.058854279699571244,0,100
100,12,input_dependent_structured_mondrian,2,2346,0.9121909633418585,1.999147485080989,1.999147485080989,0.6140810070349066,0.04256240675239222,0.02376713639900807,0,100
100,12,input_dependent_structured_mondrian,1,2407,0.8737017033651848,1.7611134191940174,1.7611134191940174,0.535219374224121,0.03956757706005619,-0.027587894389345502,0,100
100,12,input_dependent_structured_mondrian,0,453,0.8565121412803532,1.3024282560706402,1.3024282560706402,0.4594399838658736,0.03726166196208621,-0.029709419201122717,0,100
100,13,independent_mondrian,1,2425,0.9208247422680412,1.97319587628866,1.97319587628866,0.0,0.0,0.6365054383235553,0,100
100,13,independent_mondrian,2,2345,0.9125799573560768,2.168869936034115,2.168869936034115,0.0,0.0,0.6853563705366091,0,100
100,13,independent_mondrian,4,2315,0.8868250539956803,1.591792656587473,1.591792656587473,0.0,0.0,0.7312451492656867,0,100
100,13,independent_mondrian,0,523,0.8852772466539197,1.479923518164436,1.479923518164436,0.0,0.0,0.501939207625877,0,100
100,13,independent_mondrian,3,2392,0.8821070234113713,2.172658862876254,2.172658862876254,0.0,0.0,0.6771957335597419,0,100
100,13,input_dependent_structured_mondrian,1,2425,0.8841237113402062,1.8144329896907216,1.8144329896907216,0.522776652410878,0.03066346089526341,-0.0043533822036000425,0,100
100,13,input_dependent_structured_mondrian,2,2345,0.9309168443496801,1.9373134328358208,1.9373134328358208,0.5872477195990736,0.0345527905381479,0.06643025958200166,0,100
100,13,input_dependent_structured_mondrian,4,2315,0.8285097192224622,1.4794816414686824,1.4794816414686824,0.7406206290160727,0.04324706032008257,-0.09574952456644237,0,100
100,13,input_dependent_structured_mondrian,0,523,0.9158699808795411,1.2906309751434035,1.2906309751434035,0.4393555257449476,0.0263548389040197,0.023904525158805867,0,100
100,13,input_dependent_structured_mondrian,3,2392,0.8770903010033445,1.9615384615384615,1.9615384615384615,0.6665455655373751,0.03966906349691089,-0.010599716626326638,0,100
100,14,independent_mondrian,3,2361,0.8695468022024566,2.1715374841168997,2.1715374841168997,0.0,0.0,0.647243504541839,0,100
100,14,independent_mondrian,0,503,0.9105367793240556,1.6242544731610338,1.6242544731610338,0.0,0.0,0.5544451635671048,0,100
100,14,independent_mondrian,1,2401,0.9375260308204915,2.0183256976259893,2.0183256976259893,0.0,0.0,0.6782013237784315,0,100
100,14,independent_mondrian,4,2366,0.8803888419273035,1.5621301775147929,1.5621301775147929,0.0,0.0,0.7252573561600735,0,100
100,14,independent_mondrian,2,2369,0.9109328830730266,2.20726044744618,2.20726044744618,0.0,0.0,0.6640850861647136,0,100
100,14,input_dependent_structured_mondrian,3,2361,0.9144430326132994,2.038542990258365,2.038542990258365,0.7001009606649519,0.0448632034254763,0.017118792573118213,0,100
100,14,input_dependent_structured_mondrian,0,503,0.9264413518886679,1.4532803180914513,1.4532803180914513,0.45475589072406547,0.0308417739531867,0.026564175598542183,0,100
100,14,input_dependent_structured_mondrian,1,2401,0.9300291545189504,1.845481049562682,1.845481049562682,0.5319362918043209,0.03748805205673143,0.05534443127144384,0,100
100,14,input_dependent_structured_mondrian,4,2366,0.8693998309382924,1.5617075232459847,1.5617075232459847,0.7694214571332062,0.05071199883644086,-0.0780872229950279,0,100
100,14,input_dependent_structured_mondrian,2,2369,0.9109328830730266,2.0878007598142676,2.0878007598142676,0.6129599052425764,0.041009799825115496,0.008670551562775741,0,100
100,15,independent_mondrian,3,2382,0.9290512174643157,2.1397984886649875,2.1397984886649875,0.0,0.0,0.8198781557503922,0,100
100,15,independent_mondrian,4,2341,0.915420760358821,1.6958564715933362,1.6958564715933362,0.0,0.0,0.833025262732592,0,100
100,15,independent_mondrian,2,2406,0.8183707398171238,2.20906068162926,2.20906068162926,0.0,0.0,0.5133675195530483,0,100
100,15,independent_mondrian,1,2402,0.8980016652789342,1.7206494587843464,1.7206494587843464,0.0,0.0,0.5714493218484448,0,100
100,15,independent_mondrian,0,469,0.8933901918976546,1.4307036247334755,1.4307036247334755,0.0,0.0,0.4698717827961546,0,100
100,15,input_dependent_structured_mondrian,3,2382,0.8988245172124265,2.0759865659109993,2.0759865659109993,0.6876112832768657,0.052081905580672695,0.010614629018568855,0,100
100,15,input_dependent_structured_mondrian,4,2341,0.9354976505766767,1.6232379325074755,1.6232379325074755,0.776151510840594,0.056407354798380556,0.07687222195101634,0,100
100,15,input_dependent_structured_mondrian,2,2406,0.8748960931005819,2.039900249376559,2.039900249376559,0.6070371569711661,0.043050539188897945,-0.03531012592080607,0,100
100,15,input_dependent_structured_mondrian,1,2402,0.8950874271440467,1.7926727726894254,1.7926727726894254,0.5355833450149705,0.04003913425180689,-0.0011884910820218475,0,100
100,15,input_dependent_structured_mondrian,0,469,0.9360341151385928,1.4051172707889126,1.4051172707889126,0.4457580448327292,0.03565444889434067,0.032397307351922616,0,100
100,16,independent_mondrian,1,2341,0.9034600598035027,2.202050405809483,2.202050405809483,0.0,0.0,0.5738717797788518,0,100
100,16,independent_mondrian,3,2365,0.9471458773784355,2.3175475687103595,2.3175475687103595,0.0,0.0,0.8837776288313066,0,100
100,16,independent_mondrian,2,2392,0.9343645484949833,2.3499163879598663,2.3499163879598663,0.0,0.0,0.7347300825775175,0,100
100,16,independent_mondrian,4,2414,0.876139188069594,1.780447390223695,1.780447390223695,0.0,0.0,0.7454101751600275,0,100
100,16,independent_mondrian,0,488,0.9262295081967213,1.459016393442623,1.459016393442623,0.0,0.0,0.5809116794409102,0,100
100,16,input_dependent_structured_mondrian,1,2341,0.9260999572832123,1.7962409226826144,1.7962409226826144,0.534923319636158,0.040114014328225436,0.0375067381214087,0,100
100,16,input_dependent_structured_mondrian,3,2365,0.9289640591966173,2.019027484143763,2.019027484143763,0.6776704692263553,0.042176424348128676,0.05953146644374452,0,100
100,16,input_dependent_structured_mondrian,2,2392,0.8896321070234113,2.072742474916388,2.072742474916388,0.6085119075486585,0.04164443422914576,-0.001883399299981825,0,100
100,16,input_dependent_structured_mondrian,4,2414,0.8666114333057167,1.5774647887323943,1.5774647887323943,0.7594224792945408,0.042330241672883025,-0.06391904401663051,0,100
100,16,input_dependent_structured_mondrian,0,488,0.8545081967213115,1.3586065573770492,1.3586065573770492,0.45207729305100647,0.04046679432281913,-0.028474800853318494,0,100
100,17,independent_mondrian,2,2418,0.8589743589743589,2.1137303556658393,2.1137303556658393,0.0,0.0,0.5696733771928664,0,100
100,17,independent_mondrian,3,2291,0.9052815364469664,2.2060235704932345,2.2060235704932345,0.0,0.0,0.7321453513077126,0,100
100,17,independent_mondrian,1,2352,0.8707482993197279,1.8643707482993197,1.8643707482993197,0.0,0.0,0.4977822460581954,0,100
100,17,independent_mondrian,4,2445,0.9284253578732107,1.622085889570552,1.622085889570552,0.0,0.0,0.8673992322356001,0,100
100,17,independent_mondrian,0,494,0.9311740890688259,1.311740890688259,1.311740890688259,0.0,0.0,0.5637733117139923,0,100
100,17,input_dependent_structured_mondrian,2,2418,0.8924731182795699,2.0595533498759306,2.0595533498759306,0.6211353299588146,0.03858027797228895,-0.02550406567926078,0,100
100,17,input_dependent_structured_mondrian,3,2291,0.8751636839807944,2.080750763858577,2.080750763858577,0.6694670634777631,0.03834838562514506,-0.036503969795557034,0,100
100,17,input_dependent_structured_mondrian,1,2352,0.9187925170068028,1.7789115646258504,1.7789115646258504,0.5542154414343242,0.03810648714139667,0.013790075412235037,0,100
100,17,input_dependent_structured_mondrian,4,2445,0.9374233128834356,1.532515337423313,1.532515337423313,0.7295286608740523,0.03619489086723647,0.0964682989086465,0,100
100,17,input_dependent_structured_mondrian,0,494,0.888663967611336,1.374493927125506,1.374493927125506,0.501873932049742,0.04190251336573188,-0.02999297784712801,0,100
100,18,independent_mondrian,3,2318,0.957290767903365,2.334339948231234,2.334339948231234,0.0,0.0,0.8763756342817278,0,100
100,18,independent_mondrian,2,2360,0.9419491525423729,2.291101694915254,2.291101694915254,0.0,0.0,0.7434666429284614,0,100
100,18,independent_mondrian,1,2417,0.8870500620604055,2.108398841539098,2.108398841539098,0.0,0.0,0.5333805756712362,0,100
100,18,independent_mondrian,4,2405,0.8997920997920998,1.7908523908523908,1.7908523908523908,0.0,0.0,0.7746561627918246,0,100
100,18,independent_mondrian,0,500,0.928,1.378,1.378,0.0,0.0,0.5178532779670219,0,100
100,18,input_dependent_structured_mondrian,3,2318,0.9603106125970664,2.202329594477998,2.202329594477998,0.6730670917757975,0.03927450930418271,0.14192172571794803,0,100
100,18,input_dependent_structured_mondrian,2,2360,0.9436440677966101,2.2427966101694916,2.2427966101694916,0.5916905461079792,0.034870519740446825,0.09200538304331796,0,100
100,18,input_dependent_structured_mondrian,1,2417,0.9234588332643773,1.9321472900289616,1.9321472900289616,0.5071981674893365,0.032071121921749414,0.052773766215133855,0,100
100,18,input_dependent_structured_mondrian,4,2405,0.9143451143451143,1.7097713097713099,1.7097713097713099,0.7501783758991335,0.04473194148886813,0.033574236033425686,0,100
100,18,input_dependent_structured_mondrian,0,500,0.902,1.346,1.346,0.4165357039773596,0.027326942784820382,0.038402459040656034,0,100
100,19,independent_mondrian,4,2371,0.8954027836355968,1.5432307043441587,1.5432307043441587,0.0,0.0,0.767756504000286,0,100
100,19,independent_mondrian,1,2345,0.9142857142857143,1.8673773987206823,1.8673773987206823,0.0,0.0,0.6147696590516867,0,100
100,19,independent_mondrian,2,2408,0.9240033222591362,2.134136212624585,2.134136212624585,0.0,0.0,0.7091815329637151,0,100
100,19,independent_mondrian,3,2363,0.8726195514176894,2.238256453660601,2.238256453660601,0.0,0.0,0.6404072416667921,0,100
100,19,independent_mondrian,0,513,0.8440545808966862,1.4113060428849902,1.4113060428849902,0.0,0.0,0.40057423413716264,0,100
100,19,input_dependent_structured_mondrian,4,2371,0.8941374947279629,1.5014761703922395,1.5014761703922395,0.7610674801472315,0.051246050885875645,-0.020533616111584663,0,100
100,19,input_dependent_structured_mondrian,1,2345,0.9164179104477612,1.8162046908315566,1.8162046908315566,0.5288420863641182,0.03662344054036379,0.044657143350652406,0,100
100,19,input_dependent_structured_mondrian,2,2408,0.9186046511627907,2.007059800664452,2.007059800664452,0.6054105867021169,0.04029048785560972,0.03964389959734388,0,100
100,19,input_dependent_structured_mondrian,3,2363,0.8683876428269149,2.01819720694033,2.01819720694033,0.6752021851988066,0.045453341056912025,-0.0587945576293637,0,100
100,19,input_dependent_structured_mondrian,0,513,0.8791423001949318,1.368421052631579,1.368421052631579,0.454737516843421,0.034057462682249066,-0.00572329234126534,0,100
100,20,independent_mondrian,3,2378,0.8994953742640874,2.039529015979815,2.039529015979815,0.0,0.0,0.7380137189823632,0,100
100,20,independent_mondrian,1,2383,0.9181703734788083,1.9353755770037768,1.9353755770037768,0.0,0.0,0.6238678499948921,0,100
100,20,independent_mondrian,2,2328,0.8827319587628866,2.1842783505154637,2.1842783505154637,0.0,0.0,0.6203292768240096,0,100
100,20,independent_mondrian,4,2370,0.8485232067510549,1.570886075949367,1.570886075949367,0.0,0.0,0.6496135108759631,0,100
100,20,independent_mondrian,0,541,0.9168207024029574,1.4528650646950092,1.4528650646950092,0.0,0.0,0.539519940879122,0,100
100,20,input_dependent_structured_mondrian,3,2378,0.8931875525651808,2.0235492010092515,2.0235492010092515,0.6825890857249033,0.04255200514716002,0.00044976294405352224,0,100
100,20,input_dependent_structured_mondrian,1,2383,0.9378934116659673,1.800251783466219,1.800251783466219,0.5356752864382538,0.0329784584310648,0.07131274454210568,0,100
100,20,input_dependent_structured_mondrian,2,2328,0.8810137457044673,2.0700171821305844,2.0700171821305844,0.6139205175122906,0.03675338005334158,-0.014190926267114934,0,100
100,20,input_dependent_structured_mondrian,4,2370,0.8890295358649789,1.5396624472573839,1.5396624472573839,0.7501770892808047,0.04861093112049016,-0.030400214595234176,0,100
100,20,input_dependent_structured_mondrian,0,541,0.9038817005545287,1.4251386321626618,1.4251386321626618,0.47245936743256994,0.029581019413609997,-0.007573421220155252,0,100
100,21,independent_mondrian,1,2437,0.9006975789905621,1.843660237997538,1.843660237997538,0.0,0.0,0.5697522130335451,0,100
100,21,independent_mondrian,3,2312,0.833044982698962,2.2106401384083045,2.2106401384083045,0.0,0.0,0.5613606864582997,0,100
100,21,independent_mondrian,2,2383,0.8816617708770458,2.029794376835921,2.029794376835921,0.0,0.0,0.6163779788599039,0,100
100,21,independent_mondrian,4,2371,0.9358920286798819,1.4934626739772248,1.4934626739772248,0.0,0.0,0.9118550562579257,0,100
100,21,independent_mondrian,0,497,0.9195171026156942,1.386317907444668,1.386317907444668,0.0,0.0,0.5125753128963999,0,100
100,21,input_dependent_structured_mondrian,1,2437,0.8830529339351662,1.7349199835863767,1.7349199835863767,0.5185550568935364,0.03094728670168361,-0.007534961006565699,0,100
100,21,input_dependent_structured_mondrian,3,2312,0.9048442906574394,2.037629757785467,2.037629757785467,0.6575953268452629,0.03887648865296255,0.001308990846596747,0,100
100,21,input_dependent_structured_mondrian,2,2383,0.8724297104490139,1.9773394880402853,1.9773394880402853,0.5923120185584303,0.03470438238582942,-0.015785928764746326,0,100
100,21,input_dependent_structured_mondrian,4,2371,0.9236609025727541,1.5541965415436525,1.5541965415436525,0.7340154757215706,0.04460078616031244,0.06250806831005684,0,100
100,21,input_dependent_structured_mondrian,0,497,0.9275653923541247,1.311871227364185,1.311871227364185,0.4482780451780115,0.027762103659949595,0.025058464160686966,0,100
100,22,independent_mondrian,1,2338,0.8952095808383234,1.937125748502994,1.937125748502994,0.0,0.0,0.5751954276526116,0,100
100,22,independent_mondrian,2,2442,0.9238329238329238,2.1203931203931203,2.1203931203931203,0.0,0.0,0.7156007250469044,0,100
100,22,independent_mondrian,3,2331,0.8867438867438867,2.1943371943371943,2.1943371943371943,0.0,0.0,0.688409421893874,0,100
100,22,independent_mondrian,0,500,0.876,1.4,1.4,0.0,0.0,0.4628548940551939,0,100
100,22,independent_mondrian,4,2389,0.8627040602762662,1.6086228547509418,1.6086228547509418,0.0,0.0,0.7132095350697264,0,100
100,22,input_dependent_structured_mondrian,1,2338,0.9247219846022241,1.8408896492728828,1.8408896492728828,0.5162286361463053,0.03471382002399838,0.051514794641786654,0,100
100,22,input_dependent_structured_mondrian,2,2442,0.9148239148239148,2.0004095004095004,2.0004095004095004,0.5939223091703587,0.036940721974890706,0.04642340204104295,0,100
100,22,input_dependent_structured_mondrian,3,2331,0.87001287001287,2.028743028743029,2.028743028743029,0.6852763146382835,0.044034368931631936,-0.05096087006964389,0,100
100,22,input_dependent_structured_mondrian,0,500,0.916,1.382,1.382,0.42412114669509937,0.02882967014110238,0.055142940996015466,0,100
100,22,input_dependent_structured_mondrian,4,2389,0.903306822938468,1.5663457513604018,1.5663457513604018,0.7708865622222721,0.04874852989062161,-0.012090035720287995,0,100
100,23,independent_mondrian,3,2391,0.9347553324968633,2.15349226265161,2.15349226265161,0.0,0.0,0.8089255488094683,0,100
100,23,independent_mondrian,1,2341,0.9478855190089706,1.9713797522426313,1.9713797522426313,0.0,0.0,0.6771700293168891,0,100
100,23,independent_mondrian,4,2365,0.879492600422833,1.6858350951374208,1.6858350951374208,0.0,0.0,0.7303828927874557,0,100
100,23,independent_mondrian,2,2389,0.8622854750941816,2.352867308497279,2.352867308497279,0.0,0.0,0.5771940200569817,0,100
100,23,independent_mondrian,0,514,0.9221789883268483,1.5583657587548638,1.5583657587548638,0.0,0.0,0.5607905580006877,0,100
100,23,input_dependent_structured_mondrian,3,2391,0.9109159347553325,2.0075282308657467,2.0075282308657467,0.6804045029286018,0.038505071485165285,0.009552958121215704,0,100
100,23,input_dependent_structured_mondrian,1,2341,0.9269542930371636,1.785561725758223,1.785561725758223,0.5163597711223303,0.030166719807469523,0.04351114090945396,0,100
100,23,input_dependent_structured_mondrian,4,2365,0.8892177589852008,1.5471458773784355,1.5471458773784355,0.7558190004641899,0.04380410412830591,-0.013645568693426036,0,100
100,23,input_dependent_structured_mondrian,2,2389,0.861029719547928,2.0179991628296357,2.0179991628296357,0.6015291956517281,0.03407735332094509,-0.04458862052763385,0,100
100,23,input_dependent_structured_mondrian,0,514,0.9396887159533074,1.3754863813229572,1.3754863813229572,0.44341880598892636,0.02655948452722073,0.08086920908945094,0,100
100,24,independent_mondrian,3,2457,0.8848188848188848,2.311762311762312,2.311762311762312,0.0,0.0,0.6764879237177007,0,100
100,24,independent_mondrian,2,2390,0.9322175732217574,2.1527196652719667,2.1527196652719667,0.0,0.0,0.7636956702843697,0,100
100,24,independent_mondrian,1,2339,0.9067977768277041,1.946985891406584,1.946985891406584,0.0,0.0,0.5887627716962633,0,100
100,24,independent_mondrian,4,2328,0.8900343642611683,1.6353092783505154,1.6353092783505154,0.0,0.0,0.7674933093452956,0,100
100,24,independent_mondrian,0,486,0.8251028806584362,1.4094650205761317,1.4094650205761317,0.0,0.0,0.41161620662680826,0,100
100,24,input_dependent_structured_mondrian,3,2457,0.8563288563288564,2.0260480260480263,2.0260480260480263,0.661465945660211,0.036253932910429026,-0.05592177774959617,0,100
100,24,input_dependent_structured_mondrian,2,2390,0.9301255230125522,1.9778242677824267,1.9778242677824267,0.5926034860873619,0.037109445925908924,0.07810960171380665,0,100
100,24,input_dependent_structured_mondrian,1,2339,0.9055151774262505,1.8516460025651988,1.8516460025651988,0.5270622809504815,0.03452834779885409,0.024356171633350576,0,100
100,24,input_dependent_structured_mondrian,4,2328,0.8986254295532646,1.5197594501718212,1.5197594501718212,0.7408118490797752,0.039365752692199385,-0.007401726571624967,0,100
100,24,input_dependent_structured_mondrian,0,486,0.8641975308641975,1.376543209876543,1.376543209876543,0.44408459785457177,0.03743024680631529,-0.006949572709603724,0,100
100,25,independent_mondrian,2,2487,0.8886208283071975,2.188982710092481,2.188982710092481,0.0,0.0,0.619911281828982,0,100
100,25,independent_mondrian,3,2365,0.8807610993657505,2.1306553911205075,2.1306553911205075,0.0,0.0,0.6857373866648512,0,100
100,25,independent_mondrian,4,2353,0.87972800679983,1.5682107947301318,1.5682107947301318,0.0,0.0,0.725608125865303,0,100
100,25,independent_mondrian,1,2319,0.9275549805950841,1.8822768434670116,1.8822768434670116,0.0,0.0,0.6516868410722597,0,100
100,25,independent_mondrian,0,476,0.9012605042016807,1.5084033613445378,1.5084033613445378,0.0,0.0,0.493582871133313,0,100
100,25,input_dependent_structured_mondrian,2,2487,0.8681141938078005,1.9557700040209087,1.9557700040209087,0.6065490609009054,0.03945901911499951,-0.040164663702287495,0,100
100,25,input_dependent_structured_mondrian,3,2365,0.8769556025369979,1.9446088794926004,1.9446088794926004,0.6870809643365737,0.044334138002914456,-0.03718103478486057,0,100
100,25,input_dependent_structured_mondrian,4,2353,0.8835529111772206,1.5053123671908202,1.5053123671908202,0.7607021634293369,0.049044298982571725,-0.047255962291978815,0,100
100,25,input_dependent_structured_mondrian,1,2319,0.9103061664510564,1.7761966364812418,1.7761966364812418,0.5411198690579425,0.03528162373681603,0.007005536900981435,0,100
100,25,input_dependent_structured_mondrian,0,476,0.9369747899159664,1.3802521008403361,1.3802521008403361,0.4568509208760578,0.031782663374247906,0.036025961882266755,0,100
100,26,independent_mondrian,2,2409,0.904524699045247,2.0514736405147365,2.0514736405147365,0.0,0.0,0.6656127788894481,0,100
100,26,independent_mondrian,3,2281,0.8855765015344147,2.224901359053047,2.224901359053047,0.0,0.0,0.6960310724608717,0,100
100,26,independent_mondrian,1,2448,0.8427287581699346,1.8092320261437909,1.8092320261437909,0.0,0.0,0.47250778309291314,0,100
100,26,independent_mondrian,4,2374,0.9149115417017691,1.6128896377422073,1.6128896377422073,0.0,0.0,0.8445093187079669,0,100
100,26,independent_mondrian,0,488,0.8483606557377049,1.209016393442623,1.209016393442623,0.0,0.0,0.4457054050255391,0,100
100,26,input_dependent_structured_mondrian,2,2409,0.8895807388958074,2.012038190120382,2.012038190120382,0.6146977573227038,0.04034587800449722,-0.0006623677037556064,0,100
100,26,input_dependent_structured_mondrian,3,2281,0.9088119245944761,2.047786058746164,2.047786058746164,0.6842561810168545,0.04271979949488742,0.0112597322683341,0,100
100,26,input_dependent_structured_mondrian,1,2448,0.872140522875817,1.7455065359477124,1.7455065359477124,0.5382992067337735,0.03645621014200817,-0.026518686466730723,0,100
100,26,input_dependent_structured_mondrian,4,2374,0.9031171019376579,1.5897219882055602,1.5897219882055602,0.7683001256308224,0.04887237102333851,0.00800836471413452,0,100
100,26,input_dependent_structured_mondrian,0,488,0.8442622950819673,1.2848360655737705,1.2848360655737705,0.4748339094600526,0.03144268984069222,-0.03749027955246351,0,100
100,27,independent_mondrian,2,2377,0.877576777450568,2.024400504838031,2.024400504838031,0.0,0.0,0.6028452511334788,0,100
100,27,independent_mondrian,3,2374,0.8706823925863522,2.2038753159224935,2.2038753159224935,0.0,0.0,0.6273330119219195,0,100
100,27,independent_mondrian,0,484,0.8842975206611571,1.2210743801652892,1.2210743801652892,0.0,0.0,0.44513270764513413,0,100
100,27,independent_mondrian,1,2381,0.8668626627467451,1.729105417891642,1.729105417891642,0.0,0.0,0.5166031413681768,0,100
100,27,independent_mondrian,4,2384,0.9370805369127517,1.5293624161073827,1.5293624161073827,0.0,0.0,0.8917478802493864,0,100
100,27,input_dependent_structured_mondrian,2,2377,0.9015565839293227,2.0290281867900717,2.0290281867900717,0.6175501697778389,0.039412264566042125,-0.0012986173863747674,0,100
100,27,input_dependent_structured_mondrian,3,2374,0.9090143218197135,2.064448188711036,2.064448188711036,0.671239532295272,0.04148952472131198,0.017134378697614028,0,100
100,27,input_dependent_structured_mondrian,0,484,0.9008264462809917,1.262396694214876,1.262396694214876,0.4798380925214365,0.035067377713283214,-0.029577962786383,0,100
100,27,input_dependent_structured_mondrian,1,2381,0.8668626627467451,1.7795044099118018,1.7795044099118018,0.5528631693264724,0.036449365127176024,-0.0429098751174562,0,100
100,27,input_dependent_structured_mondrian,4,2384,0.9156879194630873,1.5687919463087248,1.5687919463087248,0.7319004989014385,0.04536910322044805,0.03750555835857039,0,100
100,28,independent_mondrian,2,2383,0.9282417121275703,2.248845992446496,2.248845992446496,0.0,0.0,0.7393849169209208,0,100
100,28,independent_mondrian,4,2345,0.8767590618336887,1.6422174840085288,1.6422174840085288,0.0,0.0,0.7039512407543049,0,100
100,28,independent_mondrian,3,2361,0.8979246082168573,2.2498941126641254,2.2498941126641254,0.0,0.0,0.6937142922833801,0,100
100,28,independent_mondrian,0,500,0.928,1.574,1.574,0.0,0.0,0.5625212383169697,0,100
100,28,independent_mondrian,1,2411,0.9352965574450436,2.1343840729987558,2.1343840729987558,0.0,0.0,0.6611218091109162,0,100
100,28,input_dependent_structured_mondrian,2,2383,0.902224087284935,2.014687368862778,2.014687368862778,0.5916570041719272,0.03650093828660987,0.016573553235105565,0,100
100,28,input_dependent_structured_mondrian,4,2345,0.8754797441364606,1.5505330490405118,1.5505330490405118,0.7559611310620155,0.04608273191800458,-0.05574199986681028,0,100
100,28,input_dependent_structured_mondrian,3,2361,0.9102075391783143,1.9987293519695044,1.9987293519695044,0.6670589116231349,0.04041124249996122,0.0036658699678986384,0,100
100,28,input_dependent_structured_mondrian,0,500,0.926,1.38,1.38,0.4393076884004171,0.026103701076337055,0.0547587586219756,0,100
100,28,input_dependent_structured_mondrian,1,2411,0.9203649937785151,1.8307756117793448,1.8307756117793448,0.5169172020896509,0.03068274877170012,0.042979341677979566,0,100
100,29,independent_mondrian,3,2362,0.8924640135478408,2.274767146486029,2.274767146486029,0.0,0.0,0.7178910932281704,0,100
100,29,independent_mondrian,2,2369,0.89489235964542,2.3127902068383284,2.3127902068383284,0.0,0.0,0.6095587534685555,0,100
100,29,independent_mondrian,0,492,0.9085365853658537,1.5040650406504066,1.5040650406504066,0.0,0.0,0.48507200403042533,0,100
100,29,independent_mondrian,1,2385,0.9303983228511531,1.870440251572327,1.870440251572327,0.0,0.0,0.6540558691852747,0,100
100,29,independent_mondrian,4,2392,0.9389632107023411,1.649247491638796,1.649247491638796,0.0,0.0,0.9126678833080422,0,100
100,29,input_dependent_structured_mondrian,3,2362,0.8513971210838273,1.9546994072819643,1.9546994072819643,0.6663713279980024,0.03905133121497571,-0.061608619362791606,0,100
100,29,input_dependent_structured_mondrian,2,2369,0.8805403123680878,1.9223300970873787,1.9223300970873787,0.5979840618743912,0.035667419874953546,-0.03931183744009209,0,100
100,29,input_dependent_structured_mondrian,0,492,0.9186991869918699,1.3211382113821137,1.3211382113821137,0.46118418269589767,0.02558267303811906,-0.012009583111203648,0,100
100,29,input_dependent_structured_mondrian,1,2385,0.9027253668763102,1.6758909853249475,1.6758909853249475,0.5285802392415984,0.030414491558325357,0.01807109612023816,0,100
100,29,input_dependent_structured_mondrian,4,2392,0.9055183946488294,1.4669732441471572,1.4669732441471572,0.7275280450382303,0.046230881091618936,0.029058288455443226,0,100
100,30,independent_mondrian,4,2452,0.8601141924959217,1.6411092985318108,1.6411092985318108,0.0,0.0,0.6953795952350312,0,100
100,30,independent_mondrian,1,2338,0.8477331052181352,1.9285714285714286,1.9285714285714286,0.0,0.0,0.4899070618339131,0,100
100,30,independent_mondrian,2,2317,0.9287872248597324,2.0703495899870523,2.0703495899870523,0.0,0.0,0.7207961571447592,0,100
100,30,independent_mondrian,3,2407,0.9110926464478604,2.1794765267968423,2.1794765267968423,0.0,0.0,0.7390488702984235,0,100
100,30,independent_mondrian,0,486,0.9053497942386831,1.2469135802469136,1.2469135802469136,0.0,0.0,0.4688986030019745,0,100
100,30,input_dependent_structured_mondrian,4,2452,0.8968189233278956,1.647226753670473,1.647226753670473,0.7470125154231243,0.048594419214635615,-0.008129395145042628,0,100
100,30,input_dependent_structured_mondrian,1,2338,0.8857998289136013,1.8609923011120615,1.8609923011120615,0.5328022277577633,0.039868960955573886,-0.02310715449624573,0,100
100,30,input_dependent_structured_mondrian,2,2317,0.9434613724643937,2.0660336642209756,2.0660336642209756,0.6046079507958473,0.04251946122594279,0.0790188331078806,0,100
100,30,input_dependent_structured_mondrian,3,2407,0.9227253842958039,2.1051100955546325,2.1051100955546325,0.6716522098837981,0.04397209561829977,0.058182557960287595,0,100
100,30,input_dependent_structured_mondrian,0,486,0.8847736625514403,1.3106995884773662,1.3106995884773662,0.46057793819085047,0.03930218102568666,-0.020658277137381303,0,100
100,31,independent_mondrian,4,2315,0.9347732181425485,1.7572354211663066,1.7572354211663066,0.0,0.0,0.8664038863225391,0,100
100,31,independent_mondrian,3,2466,0.9290348742903487,2.346715328467153,2.346715328467153,0.0,0.0,0.8196094853475303,0,100
100,31,independent_mondrian,1,2408,0.917358803986711,2.0780730897009967,2.0780730897009967,0.0,0.0,0.595299660326426,0,100
100,31,independent_mondrian,2,2340,0.8948717948717949,2.3547008547008548,2.3547008547008548,0.0,0.0,0.665604902241743,0,100
100,31,independent_mondrian,0,471,0.9256900212314225,1.4288747346072186,1.4288747346072186,0.0,0.0,0.5666082491861195,0,100
100,31,input_dependent_structured_mondrian,4,2315,0.9455723542116631,1.5870410367170626,1.5870410367170626,0.7586984043252556,0.05558702726783124,0.10743841389315134,0,100
100,31,input_dependent_structured_mondrian,3,2466,0.8965936739659367,2.116382806163828,2.116382806163828,0.6893865181370191,0.047285796273040345,-0.003867026275166552,0,100
100,31,input_dependent_structured_mondrian,1,2408,0.8633720930232558,1.7890365448504983,1.7890365448504983,0.5304483464105944,0.03178041801460273,-0.059015728277255264,0,100
100,31,input_dependent_structured_mondrian,2,2340,0.8884615384615384,1.9982905982905983,1.9982905982905983,0.6006331975900351,0.039072500510452225,-0.004030273154335018,0,100
100,31,input_dependent_structured_mondrian,0,471,0.9490445859872612,1.29723991507431,1.29723991507431,0.44249547120966026,0.023700871828703403,0.07125686572292012,0,100
100,32,independent_mondrian,3,2419,0.9140140553947912,2.225713104588673,2.225713104588673,0.0,0.0,0.7516407632265637,0,100
100,32,independent_mondrian,2,2368,0.9016047297297297,2.2394425675675675,2.2394425675675675,0.0,0.0,0.6239440811073624,0,100
100,32,independent_mondrian,0,514,0.9163424124513618,1.4455252918287937,1.4455252918287937,0.0,0.0,0.501203623141214,0,100
100,32,independent_mondrian,1,2313,0.9092088197146563,1.894941634241245,1.894941634241245,0.0,0.0,0.6073899431736312,0,100
100,32,independent_mondrian,4,2386,0.9040234702430847,1.665129924559933,1.665129924559933,0.0,0.0,0.8037869336362773,0,100
100,32,input_dependent_structured_mondrian,3,2419,0.9276560562215792,2.0425795783381564,2.0425795783381564,0.7087871175045135,0.053341909907499666,0.047442614920216064,0,100
100,32,input_dependent_structured_mondrian,2,2368,0.8724662162162162,2.04222972972973,2.04222972972973,0.6117633815939512,0.04225492748072035,-0.05691735837141032,0,100
100,32,input_dependent_structured_mondrian,0,514,0.9319066147859922,1.3093385214007782,1.3093385214007782,0.40516343942263905,0.024774759775721234,0.04455553414956431,0,100
100,32,input_dependent_structured_mondrian,1,2313,0.8728923476005188,1.7570255079982706,1.7570255079982706,0.5201806109353162,0.032760051827300185,-0.024061228682289992,0,100
100,32,input_dependent_structured_mondrian,4,2386,0.9111483654652137,1.6341156747694887,1.6341156747694887,0.8089115130612708,0.06283009780098017,-0.00907372873427481,0,100
100,33,independent_mondrian,2,2316,0.9235751295336787,2.403713298791019,2.403713298791019,0.0,0.0,0.7382866235996033,0,100
100,33,independent_mondrian,3,2416,0.9399834437086093,2.406043046357616,2.406043046357616,0.0,0.0,0.807577473528768,0,100
100,33,independent_mondrian,1,2350,0.9442553191489361,2.1217021276595744,2.1217021276595744,0.0,0.0,0.644734921622345,0,100
100,33,independent_mondrian,4,2416,0.9213576158940397,1.7673841059602649,1.7673841059602649,0.0,0.0,0.8459456339853101,0,100
100,33,independent_mondrian,0,502,0.8804780876494024,1.5258964143426295,1.5258964143426295,0.0,0.0,0.503101565910719,0,100
100,33,input_dependent_structured_mondrian,2,2316,0.8907599309153713,2.011226252158895,2.011226252158895,0.607429272297789,0.03769005570004905,-0.0001076388939589279,0,100
100,33,input_dependent_structured_mondrian,3,2416,0.9110099337748344,1.9971026490066226,1.9971026490066226,0.6611036957279611,0.04760471519399192,0.02669985151731946,0,100
100,33,input_dependent_structured_mondrian,1,2350,0.902127659574468,1.7459574468085106,1.7459574468085106,0.5371697766427661,0.02937488327201518,-0.030040125407623186,0,100
100,33,input_dependent_structured_mondrian,4,2416,0.9039735099337748,1.5732615894039734,1.5732615894039734,0.7407375251261863,0.05462512145552623,0.021347634567838725,0,100
100,33,input_dependent_structured_mondrian,0,502,0.8386454183266933,1.2609561752988048,1.2609561752988048,0.4698232358248368,0.021927685276714175,-0.06803850159375346,0,100
100,34,independent_mondrian,3,2305,0.927114967462039,2.226898047722343,2.226898047722343,0.0,0.0,0.756019002547596,0,100
100,34,independent_mondrian,4,2448,0.8966503267973857,1.6482843137254901,1.6482843137254901,0.0,0.0,0.7562447210456464,0,100
100,34,independent_mondrian,2,2389,0.9271661783172875,2.1808287986605275,2.1808287986605275,0.0,0.0,0.6834413341101814,0,100
100,34,independent_mondrian,0,470,0.925531914893617,1.3617021276595744,1.3617021276595744,0.0,0.0,0.5476196228581005,0,100
100,34,independent_mondrian,1,2388,0.8731155778894473,2.012562814070352,2.012562814070352,0.0,0.0,0.5352617092024495,0,100
100,34,input_dependent_structured_mondrian,3,2305,0.8828633405639913,2.0724511930585683,2.0724511930585683,0.6810153464096135,0.04755746728776516,-0.03953995908799102,0,100
100,34,input_dependent_structured_mondrian,4,2448,0.920751633986928,1.5531045751633987,1.5531045751633987,0.7554093020199815,0.04846271305456227,0.018176828667504585,0,100
100,34,input_dependent_structured_mondrian,2,2389,0.9380493930514859,2.0100460443700294,2.0100460443700294,0.6046918117452122,0.04651052408610176,0.05585112296292394,0,100
100,34,input_dependent_structured_mondrian,0,470,0.9212765957446809,1.3446808510638297,1.3446808510638297,0.4278523296101007,0.047024124574049524,0.04607055250621643,0,100
100,34,input_dependent_structured_mondrian,1,2388,0.8747906197654941,1.8630653266331658,1.8630653266331658,0.5401637668441519,0.049677301466607336,-0.013723210198665736,0,100
100,35,independent_mondrian,3,2415,0.9416149068322981,2.339958592132505,2.339958592132505,0.0,0.0,0.836248654988407,0,100
100,35,independent_mondrian,2,2398,0.9036697247706422,2.354045037531276,2.354045037531276,0.0,0.0,0.6538937653553576,0,100
100,35,independent_mondrian,1,2356,0.8985568760611206,1.900679117147708,1.900679117147708,0.0,0.0,0.5695804485589487,0,100
100,35,independent_mondrian,4,2349,0.935291613452533,1.7692635163899533,1.7692635163899533,0.0,0.0,0.8966695992963657,0,100
100,35,independent_mondrian,0,482,0.8858921161825726,1.3713692946058091,1.3713692946058091,0.0,0.0,0.439324660331984,0,100
100,35,input_dependent_structured_mondrian,3,2415,0.8873706004140787,1.9962732919254658,1.9962732919254658,0.687397983965206,0.043246280650779886,-0.03210562742746342,0,100
100,35,input_dependent_structured_mondrian,2,2398,0.8427856547122602,1.9916597164303587,1.9916597164303587,0.6156101905514443,0.03924035898820702,-0.08144709746672807,0,100
100,35,input_dependent_structured_mondrian,1,2356,0.8875212224108658,1.7156196943972835,1.7156196943972835,0.5347599915350636,0.03593283515542913,-0.010484929291412648,0,100
100,35,input_dependent_structured_mondrian,4,2349,0.9318859088974032,1.5487441464452958,1.5487441464452958,0.7725430113704881,0.04821913568923469,0.044666930012731254,0,100
100,35,input_dependent_structured_mondrian,0,482,0.9128630705394191,1.3443983402489628,1.3443983402489628,0.44490695927487534,0.03209544496569407,0.013188993405799126,0,100
100,36,independent_mondrian,2,2376,0.8762626262626263,2.1763468013468015,2.1763468013468015,0.0,0.0,0.5878131697459692,0,100
100,36,independent_mondrian,4,2370,0.8835443037974684,1.589451476793249,1.589451476793249,0.0,0.0,0.74891322168075,0,100
100,36,independent_mondrian,1,2395,0.9148225469728601,1.9741127348643006,1.9741127348643006,0.0,0.0,0.5960210063455511,0,100
100,36,independent_mondrian,3,2370,0.9033755274261603,2.108860759493671,2.108860759493671,0.0,0.0,0.7123101139702639,0,100
100,36,independent_mondrian,0,489,0.9427402862985685,1.4846625766871167,1.4846625766871167,0.0,0.0,0.602723659519873,0,100
100,36,input_dependent_structured_mondrian,2,2376,0.9090909090909091,2.050084175084175,2.050084175084175,0.6074896363969039,0.041266953061900216,0.02148464637786207,0,100
100,36,input_dependent_structured_mondrian,4,2370,0.8451476793248945,1.5312236286919831,1.5312236286919831,0.7451301594475902,0.048838059784888754,-0.0760182440352859,0,100
100,36,input_dependent_structured_mondrian,1,2395,0.9152400835073069,1.8964509394572024,1.8964509394572024,0.5306924827083823,0.03807793396888245,0.018512393848336417,0,100
100,36,input_dependent_structured_mondrian,3,2370,0.9071729957805907,1.9886075949367088,1.9886075949367088,0.6775954197925034,0.044811786891555766,0.028849876058654134,0,100
100,36,input_dependent_structured_mondrian,0,489,0.9631901840490797,1.4294478527607362,1.4294478527607362,0.45748133857906914,0.034008597340947036,0.09068641919940801,0,100
100,37,independent_mondrian,3,2356,0.9303904923599321,2.219439728353141,2.219439728353141,0.0,0.0,0.7675446533961738,0,100
100,37,independent_mondrian,4,2405,0.9367983367983368,1.67983367983368,1.67983367983368,0.0,0.0,0.8825745089940937,0,100
100,37,independent_mondrian,1,2351,0.8762228838792003,1.7890259464057847,1.7890259464057847,0.0,0.0,0.5252397798809822,0,100
100,37,independent_mondrian,2,2349,0.8603661132396765,2.1779480630055343,2.1779480630055343,0.0,0.0,0.5530547314145016,0,100
100,37,independent_mondrian,0,539,0.8849721706864564,1.3116883116883118,1.3116883116883118,0.0,0.0,0.5009026209754894,0,100
100,37,input_dependent_structured_mondrian,3,2356,0.9435483870967742,2.129881154499151,2.129881154499151,0.6811989650593281,0.0389683152940194,0.07989529605443774,0,100
100,37,input_dependent_structured_mondrian,4,2405,0.9130977130977131,1.6602910602910603,1.6602910602910603,0.7538209327855308,0.0399964930668858,0.009117030422974959,0,100
100,37,input_dependent_structured_mondrian,1,2351,0.8702679710761378,1.842194810718843,1.842194810718843,0.5316055430895542,0.03664576242282977,-0.03366951278479691,0,100
100,37,input_dependent_structured_mondrian,2,2349,0.9246487867177522,2.092805449127288,2.092805449127288,0.6015329367777086,0.03875154538054475,0.0427824628088917,0,100
100,37,input_dependent_structured_mondrian,0,539,0.8701298701298701,1.3413729128014842,1.3413729128014842,0.4562597151567103,0.034985752365422486,0.004540244265939464,0,100
100,38,independent_mondrian,4,2339,0.910645575032065,1.592988456605387,1.592988456605387,0.0,0.0,0.805888699468251,0,100
100,38,independent_mondrian,2,2419,0.9181479950392725,2.194708557255064,2.194708557255064,0.0,0.0,0.6659494409189398,0,100
100,38,independent_mondrian,1,2403,0.920099875156055,1.8610070744902205,1.8610070744902205,0.0,0.0,0.6264198146879976,0,100
100,38,independent_mondrian,3,2343,0.890738369611609,2.250533504054631,2.250533504054631,0.0,0.0,0.6733990330246521,0,100
100,38,independent_mondrian,0,496,0.8669354838709677,1.5141129032258065,1.5141129032258065,0.0,0.0,0.43455075440950297,0,100
100,38,input_dependent_structured_mondrian,4,2339,0.9093629756306114,1.5241556220607098,1.5241556220607098,0.767164581960229,0.049421819100021865,-0.00022404597806335858,0,100
100,38,input_dependent_structured_mondrian,2,2419,0.9400578751550227,1.9743695742042167,1.9743695742042167,0.6033822066825091,0.04255311734656553,0.046755170002823365,0,100
100,38,input_dependent_structured_mondrian,1,2403,0.910528506034124,1.8044111527257594,1.8044111527257594,0.52536087312416,0.04091285934627519,0.020081920906597883,0,100
100,38,input_dependent_structured_mondrian,3,2343,0.8570209133589415,2.045241143832693,2.045241143832693,0.6882617690150908,0.043481675018559034,-0.08149988257901086,0,100
100,38,input_dependent_structured_mondrian,0,496,0.8770161290322581,1.3951612903225807,1.3951612903225807,0.4477379579015551,0.03550246391721382,-0.0040795896890356564,0,100
100,39,independent_mondrian,4,2353,0.9349766255843603,1.6523586910327241,1.6523586910327241,0.0,0.0,0.8836475515519443,0,100
100,39,independent_mondrian,2,2396,0.9131886477462438,2.2479131886477464,2.2479131886477464,0.0,0.0,0.6707249064855515,0,100
100,39,independent_mondrian,1,2441,0.9270790659565752,1.868086849651782,1.868086849651782,0.0,0.0,0.6164146216943266,0,100
100,39,independent_mondrian,0,502,0.8585657370517928,1.450199203187251,1.450199203187251,0.0,0.0,0.42444855674238685,0,100
100,39,independent_mondrian,3,2308,0.902946273830156,2.3253899480069324,2.3253899480069324,0.0,0.0,0.7103897471027955,0,100
100,39,input_dependent_structured_mondrian,4,2353,0.9294517637059073,1.5618359541011475,1.5618359541011475,0.734021692673344,0.04257848047976994,0.07997449948211466,0,100
100,39,input_dependent_structured_mondrian,2,2396,0.9378130217028381,2.0709515859766277,2.0709515859766277,0.6078002374972358,0.040872266936003834,0.06740418553149563,0,100
100,39,input_dependent_structured_mondrian,1,2441,0.9139696845555101,1.8385907414993854,1.8385907414993854,0.538761880323889,0.03934219240964495,0.005134148765950308,0,100
100,39,input_dependent_structured_mondrian,0,502,0.8824701195219123,1.3804780876494025,1.3804780876494025,0.48482802767829136,0.03949615193675021,-0.028402623383641856,0,100
100,39,input_dependent_structured_mondrian,3,2308,0.889948006932409,2.1633448873483534,2.1633448873483534,0.6747793883426505,0.041851360726465114,-0.019388877210689603,0,100
100,40,independent_mondrian,1,2398,0.853628023352794,2.1517931609674728,2.1517931609674728,0.0,0.0,0.4848549620786951,0,100
100,40,independent_mondrian,3,2405,0.8773388773388774,2.3575883575883574,2.3575883575883574,0.0,0.0,0.6568870398234223,0,100
100,40,independent_mondrian,2,2405,0.9255717255717256,2.123076923076923,2.123076923076923,0.0,0.0,0.7279257352064825,0,100
100,40,independent_mondrian,4,2312,0.9498269896193772,1.6587370242214532,1.6587370242214532,0.0,0.0,0.9221517978857678,0,100
100,40,independent_mondrian,0,480,0.94375,1.3208333333333333,1.3208333333333333,0.0,0.0,0.6265656967187363,0,100
100,40,input_dependent_structured_mondrian,1,2398,0.9174311926605505,1.8319432860717264,1.8319432860717264,0.5461633719901398,0.0416228607175039,0.016684082914737386,0,100
100,40,input_dependent_structured_mondrian,3,2405,0.9143451143451143,2.059043659043659,2.059043659043659,0.6772785450283595,0.04298929637912609,0.03335030330410149,0,100
100,40,input_dependent_structured_mondrian,2,2405,0.8769230769230769,2.0723492723492725,2.0723492723492725,0.6138204703777844,0.04175759480287027,-0.024401878144515887,0,100
100,40,input_dependent_structured_mondrian,4,2312,0.9221453287197232,1.6141868512110726,1.6141868512110726,0.745338054215006,0.042325667984914855,0.029423521845896583,0,100
100,40,input_dependent_structured_mondrian,0,480,0.8895833333333333,1.35625,1.35625,0.4670967539976635,0.04581735913471293,0.012762689636436009,0,100
100,41,independent_mondrian,3,2397,0.9086357947434293,2.3692115143929913,2.3692115143929913,0.0,0.0,0.71187544421699,0,100
100,41,independent_mondrian,4,2348,0.9522998296422487,1.6771720613287904,1.6771720613287904,0.0,0.0,0.9897077572461789,0,100
100,41,independent_mondrian,1,2381,0.9445611087778244,2.007139857202856,2.007139857202856,0.0,0.0,0.6959674245257882,0,100
100,41,independent_mondrian,2,2357,0.8896902842596521,2.449724225710649,2.449724225710649,0.0,0.0,0.6113543623698086,0,100
100,41,independent_mondrian,0,517,0.9129593810444874,1.5783365570599612,1.5783365570599612,0.0,0.0,0.57917563468336,0,100
100,41,input_dependent_structured_mondrian,3,2397,0.9044639132248644,2.124322069253233,2.124322069253233,0.6653832892550502,0.041723998757408794,0.01274796086838137,0,100
100,41,input_dependent_structured_mondrian,4,2348,0.932282793867121,1.614565587734242,1.614565587734242,0.7297356416371049,0.04355597251780663,0.10577885237657947,0,100
100,41,input_dependent_structured_mondrian,1,2381,0.9395212095758085,1.8408231835363293,1.8408231835363293,0.5510648505156304,0.03967941785694464,0.05861743901097949,0,100
100,41,input_dependent_structured_mondrian,2,2357,0.8994484514212983,2.15485787017395,2.15485787017395,0.6180936765636018,0.03865550249679422,-0.004700472497821906,0,100
100,41,input_dependent_structured_mondrian,0,517,0.90715667311412,1.4216634429400388,1.4216634429400388,0.5051333898720796,0.03489658022287303,-0.0076026142005121145,0,100
100,42,independent_mondrian,3,2353,0.9077773055673608,2.2545686357841053,2.2545686357841053,0.0,0.0,0.7149969699218269,0,100
100,42,independent_mondrian,2,2341,0.8816744980777446,2.248611704399829,2.248611704399829,0.0,0.0,0.5955356759855199,0,100
100,42,independent_mondrian,1,2400,0.9120833333333334,1.8320833333333333,1.8320833333333333,0.0,0.0,0.5972100827634587,0,100
100,42,independent_mondrian,4,2412,0.9361525704809287,1.6326699834162521,1.6326699834162521,0.0,0.0,0.9138576030265463,0,100
100,42,independent_mondrian,0,494,0.8987854251012146,1.4635627530364372,1.4635627530364372,0.0,0.0,0.4823400329339196,0,100
100,42,input_dependent_structured_mondrian,3,2353,0.8665533361665958,1.980875478113047,1.980875478113047,0.6923171676882235,0.043357322417316393,-0.06824056576479792,0,100
100,42,input_dependent_structured_mondrian,2,2341,0.8641606151217428,1.969243912857753,1.969243912857753,0.6212978520658691,0.04004982703312508,-0.056563055208113694,0,100
100,42,input_dependent_structured_mondrian,1,2400,0.90125,1.7316666666666667,1.7316666666666667,0.5371586196535559,0.036662014388641154,9.139084402542963e-05,0,100
100,42,input_dependent_structured_mondrian,4,2412,0.917910447761194,1.5120232172470978,1.5120232172470978,0.7785138936213215,0.04497459439586503,0.012898277278681314,0,100
100,42,input_dependent_structured_mondrian,0,494,0.8906882591093117,1.3502024291497976,1.3502024291497976,0.4505124088417478,0.03870704564514427,-0.000569459543530132,0,100
100,43,independent_mondrian,2,2419,0.9003720545680033,2.2108309218685407,2.2108309218685407,0.0,0.0,0.6371873739668616,0,100
100,43,independent_mondrian,1,2408,0.8596345514950167,2.007059800664452,2.007059800664452,0.0,0.0,0.49520254132652397,0,100
100,43,independent_mondrian,4,2314,0.9299913569576491,1.7065687121866897,1.7065687121866897,0.0,0.0,0.892018998341998,0,100
100,43,independent_mondrian,3,2376,0.922979797979798,2.2925084175084174,2.2925084175084174,0.0,0.0,0.7673084168238883,0,100
100,43,independent_mondrian,0,483,0.9233954451345756,1.2401656314699794,1.2401656314699794,0.0,0.0,0.5981943663404526,0,100
100,43,input_dependent_structured_mondrian,2,2419,0.899131872674659,2.2484497726333195,2.2484497726333195,0.5892198504975573,0.044896005947504675,0.02268894074223815,0,100
100,43,input_dependent_structured_mondrian,1,2408,0.9140365448504983,1.944767441860465,1.944767441860465,0.5017471632753288,0.040725190358604474,0.04918318369870761,0,100
100,43,input_dependent_structured_mondrian,4,2314,0.9369057908383751,1.7878133102852205,1.7878133102852205,0.7870591054404981,0.05063073656535905,0.08199705542351354,0,100
100,43,input_dependent_structured_mondrian,3,2376,0.9675925925925926,2.2234848484848486,2.2234848484848486,0.6878918510766242,0.04777493964119837,0.15968202843211454,0,100
100,43,input_dependent_structured_mondrian,0,483,0.9358178053830227,1.3643892339544514,1.3643892339544514,0.41786484225217935,0.038022072451117335,0.09694625564320158,0,100
100,44,independent_mondrian,4,2389,0.9485140226035998,1.7082461280870658,1.7082461280870658,0.0,0.0,0.9240569367758167,0,100
100,44,independent_mondrian,2,2410,0.924896265560166,2.4232365145228214,2.4232365145228214,0.0,0.0,0.7027903404753688,0,100
100,44,independent_mondrian,1,2352,0.9447278911564626,1.9383503401360545,1.9383503401360545,0.0,0.0,0.6889058380893966,0,100
100,44,independent_mondrian,3,2348,0.8982112436115843,2.4084327086882453,2.4084327086882453,0.0,0.0,0.7276282599878663,0,100
100,44,independent_mondrian,0,501,0.8323353293413174,1.5209580838323353,1.5209580838323353,0.0,0.0,0.42036490655491243,0,100
100,44,input_dependent_structured_mondrian,4,2389,0.9271661783172875,1.6182503139388866,1.6182503139388866,0.7494248577631881,0.047402258310365576,0.03397622228592451,0,100
100,44,input_dependent_structured_mondrian,2,2410,0.9074688796680498,2.0526970954356845,2.0526970954356845,0.599257300259252,0.03930801629890024,0.011537765034905334,0,100
100,44,input_dependent_structured_mondrian,1,2352,0.9009353741496599,1.7585034013605443,1.7585034013605443,0.5243705196564598,0.035835984733639616,0.012453690910027293,0,100
100,44,input_dependent_structured_mondrian,3,2348,0.9156729131175468,2.1196763202725726,2.1196763202725726,0.6883405964032574,0.04236841299733616,0.03857527100922287,0,100
100,44,input_dependent_structured_mondrian,0,501,0.8343313373253493,1.2634730538922156,1.2634730538922156,0.4493717212464436,0.031103707004430145,-0.0338978994601733,0,100
100,45,independent_mondrian,0,511,0.9119373776908023,1.6125244618395302,1.6125244618395302,0.0,0.0,0.49724583422651664,0,100
100,45,independent_mondrian,1,2289,0.9331585845347313,1.8833551769331587,1.8833551769331587,0.0,0.0,0.6766227391791874,0,100
100,45,independent_mondrian,2,2364,0.8866328257191202,2.3401015228426396,2.3401015228426396,0.0,0.0,0.6051228025213825,0,100
100,45,independent_mondrian,4,2401,0.9008746355685131,1.677634319033736,1.677634319033736,0.0,0.0,0.7851181339039175,0,100
100,45,independent_mondrian,3,2435,0.9240246406570842,2.2057494866529774,2.2057494866529774,0.0,0.0,0.7683131281918727,0,100
100,45,input_dependent_structured_mondrian,0,511,0.9119373776908023,1.4050880626223092,1.4050880626223092,0.48030441295300974,0.040673793191928063,0.003936197981436518,0,100
100,45,input_dependent_structured_mondrian,1,2289,0.9130624726955002,1.855395369156837,1.855395369156837,0.5533432622111693,0.040419136267867826,0.014816268908044883,0,100
100,45,input_dependent_structured_mondrian,2,2364,0.9153976311336718,2.1032148900169205,2.1032148900169205,0.6103196534170753,0.04176102072140058,0.013675754736745427,0,100
100,45,input_dependent_structured_mondrian,4,2401,0.9004581424406497,1.616826322365681,1.616826322365681,0.7298064014783467,0.04077795801613708,0.003188517503703303,0,100
100,45,input_dependent_structured_mondrian,3,2435,0.9203285420944558,2.062833675564682,2.062833675564682,0.6714424010949576,0.04120416897627233,0.05602511740782434,0,100
100,46,independent_mondrian,3,2393,0.9226911826159633,2.3493522774759716,2.3493522774759716,0.0,0.0,0.7517721629524499,0,100
100,46,independent_mondrian,2,2345,0.9053304904051173,2.3100213219616204,2.3100213219616204,0.0,0.0,0.6625471431841196,0,100
100,46,independent_mondrian,4,2364,0.9213197969543148,1.6802030456852792,1.6802030456852792,0.0,0.0,0.8880172364640921,0,100
100,46,independent_mondrian,0,468,0.8653846153846154,1.3952991452991452,1.3952991452991452,0.0,0.0,0.43192950759873505,0,100
100,46,independent_mondrian,1,2430,0.9189300411522634,1.8666666666666667,1.8666666666666667,0.0,0.0,0.5998124072308075,0,100
100,46,input_dependent_structured_mondrian,3,2393,0.8775595486836607,2.2106142916840787,2.2106142916840787,0.6983095533204081,0.03992295965624977,-0.07548860338765395,0,100
100,46,input_dependent_structured_mondrian,2,2345,0.9245202558635395,2.062686567164179,2.062686567164179,0.6183766065235856,0.03559487869624422,0.05606040867194889,0,100
100,46,input_dependent_structured_mondrian,4,2364,0.950507614213198,1.5710659898477157,1.5710659898477157,0.7757280513899516,0.04381241779582574,0.11605952559070515,0,100
100,46,input_dependent_structured_mondrian,0,468,0.8418803418803419,1.2606837606837606,1.2606837606837606,0.44014802248286394,0.03111875542676814,-0.048939812667206206,0,100
100,46,input_dependent_structured_mondrian,1,2430,0.9131687242798354,1.7983539094650205,1.7983539094650205,0.5310861604010665,0.03534150279619419,0.005885303104923079,0,100
100,47,independent_mondrian,4,2445,0.8952965235173824,1.6323108384458078,1.6323108384458078,0.0,0.0,0.7660137277942985,0,100
100,47,independent_mondrian,3,2292,0.9197207678883071,2.1732111692844676,2.1732111692844676,0.0,0.0,0.7359573107520933,0,100
100,47,independent_mondrian,2,2405,0.898960498960499,2.105197505197505,2.105197505197505,0.0,0.0,0.6349082452761905,0,100
100,47,independent_mondrian,1,2318,0.8869715271786023,2.0392579810181193,2.0392579810181193,0.0,0.0,0.5042342074455701,0,100
100,47,independent_mondrian,0,540,0.95,1.298148148148148,1.298148148148148,0.0,0.0,0.6138312932675937,0,100
100,47,input_dependent_structured_mondrian,4,2445,0.910838445807771,1.6241308793456033,1.6241308793456033,0.7446612404545455,0.04289173328097996,0.031786327976182416,0,100
100,47,input_dependent_structured_mondrian,3,2292,0.9402268760907504,2.1230366492146597,2.1230366492146597,0.6785113712098366,0.041444067412698425,0.06548369308788415,0,100
100,47,input_dependent_structured_mondrian,2,2405,0.9106029106029107,2.068191268191268,2.068191268191268,0.6030698818285958,0.036667765002757646,0.008308648016885911,0,100
100,47,input_dependent_structured_mondrian,1,2318,0.9016393442622951,1.8226919758412425,1.8226919758412425,0.5287121564377573,0.03482107181953357,-0.02066094261230822,0,100
100,47,input_dependent_structured_mondrian,0,540,0.9185185185185185,1.325925925925926,1.325925925925926,0.4609075927579925,0.03056741439098771,0.04113344558341936,0,100
100,48,independent_mondrian,0,492,0.8841463414634146,1.3800813008130082,1.3800813008130082,0.0,0.0,0.46099048757476385,0,100
100,48,independent_mondrian,3,2320,0.9137931034482759,2.0012931034482757,2.0012931034482757,0.0,0.0,0.7379834642197566,0,100
100,48,independent_mondrian,4,2322,0.8535745047372955,1.5641688199827735,1.5641688199827735,0.0,0.0,0.6777079270085898,0,100
100,48,independent_mondrian,1,2381,0.8891222175556489,1.743805123897522,1.743805123897522,0.0,0.0,0.5861602330870013,0,100
100,48,independent_mondrian,2,2485,0.8579476861167002,2.1022132796780686,2.1022132796780686,0.0,0.0,0.5496124510315763,0,100
100,48,input_dependent_structured_mondrian,0,492,0.8963414634146342,1.3699186991869918,1.3699186991869918,0.45334589941962466,0.02611221058336916,-0.0030229099115915425,0,100
100,48,input_dependent_structured_mondrian,3,2320,0.9004310344827586,1.9693965517241379,1.9693965517241379,0.6753658336202295,0.03934834654727802,0.0008484508630368093,0,100
100,48,input_dependent_structured_mondrian,4,2322,0.875968992248062,1.5193798449612403,1.5193798449612403,0.7431566199836269,0.043673018432595134,-0.046486370366319196,0,100
100,48,input_dependent_structured_mondrian,1,2381,0.9189416211675766,1.7887442251154977,1.7887442251154977,0.5357326467043828,0.02982486219370205,0.04527608838772473,0,100
100,48,input_dependent_structured_mondrian,2,2485,0.8748490945674045,1.9911468812877264,1.9911468812877264,0.598086448475305,0.0352205440814157,-0.02852739414493244,0,100
100,49,independent_mondrian,2,2282,0.9075372480280456,2.2554776511831727,2.2554776511831727,0.0,0.0,0.6848482401013356,0,100
100,49,independent_mondrian,3,2440,0.8848360655737705,2.319262295081967,2.319262295081967,0.0,0.0,0.6912803366972136,0,100
100,49,independent_mondrian,0,502,0.9123505976095617,1.3745019920318724,1.3745019920318724,0.0,0.0,0.5676505709310814,0,100
100,49,independent_mondrian,1,2391,0.9071518193224593,2.043078209953994,2.043078209953994,0.0,0.0,0.5931498796966437,0,100
100,49,independent_mondrian,4,2385,0.9350104821802935,1.6654088050314466,1.6654088050314466,0.0,0.0,0.8835298353390161,0,100
100,49,input_dependent_structured_mondrian,2,2282,0.9136722173531989,2.0245398773006134,2.0245398773006134,0.6026117370212529,0.039037874687523635,0.029990697866660476,0,100
100,49,input_dependent_structured_mondrian,3,2440,0.8610655737704918,2.068032786885246,2.068032786885246,0.6737857575789233,0.04455586623369694,-0.052515912303723655,0,100
100,49,input_dependent_structured_mondrian,0,502,0.9223107569721115,1.3386454183266931,1.3386454183266931,0.46252676003555704,0.029445617201090513,0.03695390338292348,0,100
100,49,input_dependent_structured_mondrian,1,2391,0.890840652446675,1.7862818904224174,1.7862818904224174,0.5233454533190591,0.03427115798451678,0.00015333901366243463,0,100
100,49,input_dependent_structured_mondrian,4,2385,0.9287211740041929,1.5668763102725367,1.5668763102725367,0.7451470032056776,0.04891625429700844,0.06849761142812083,0,100
50,0,independent_mondrian,2,2401,0.9037900874635568,2.2365680966264057,2.2365680966264057,0.0,0.0,0.6433191059352068,0,100
50,0,independent_mondrian,0,536,0.9291044776119403,1.5690298507462686,1.5690298507462686,0.0,0.0,0.5376182210517617,0,50
50,0,independent_mondrian,3,2445,0.903476482617587,2.1231083844580776,2.1231083844580776,0.0,0.0,0.7156516949008872,0,100
50,0,independent_mondrian,4,2311,0.8511466897446993,1.5594980527909996,1.5594980527909996,0.0,0.0,0.6739743737020425,0,100
50,0,independent_mondrian,1,2307,0.9440832249674902,1.9809276116168184,1.9809276116168184,0.0,0.0,0.6716701589339327,0,100
50,0,input_dependent_structured_mondrian,2,2401,0.9037900874635568,1.9987505206164098,1.9987505206164098,0.5939046932602549,0.03255591453720065,0.0010050158348408056,0,100
50,0,input_dependent_structured_mondrian,0,536,0.9272388059701493,1.462686567164179,1.462686567164179,0.4624035239283195,0.02675391024385348,0.023414226760301915,0,50
50,0,input_dependent_structured_mondrian,3,2445,0.8797546012269939,1.9938650306748467,1.9938650306748467,0.6802566775488512,0.03616470891356007,-0.04444506573547097,0,100
50,0,input_dependent_structured_mondrian,4,2311,0.8550411077455647,1.4465599307659023,1.4465599307659023,0.7511636367896,0.03832204976942736,-0.07731942124535135,0,100
50,0,input_dependent_structured_mondrian,1,2307,0.9575205895101864,1.8053749458170785,1.8053749458170785,0.5264546321419814,0.030557388334891245,0.10766326905876644,0,100
50,1,independent_mondrian,3,2385,0.8947589098532495,2.2763102725366875,2.2763102725366875,0.0,0.0,0.6902443199871,0,100
50,1,independent_mondrian,4,2436,0.9014778325123153,1.6350574712643677,1.6350574712643677,0.0,0.0,0.8136347690571805,0,100
50,1,independent_mondrian,2,2326,0.9329320722269991,2.236457437661221,2.236457437661221,0.0,0.0,0.7000308470860787,0,100
50,1,independent_mondrian,1,2355,0.9091295116772824,2.1630573248407643,2.1630573248407643,0.0,0.0,0.5965226428041295,0,100
50,1,independent_mondrian,0,498,0.9618473895582329,1.465863453815261,1.465863453815261,0.0,0.0,0.6319223813161221,0,50
50,1,input_dependent_structured_mondrian,3,2385,0.8964360587002096,2.092243186582809,2.092243186582809,0.6654588140896518,0.04210369871258869,0.0063491468410217244,0,100
50,1,input_dependent_structured_mondrian,4,2436,0.9105090311986864,1.5788177339901477,1.5788177339901477,0.7326459192313322,0.0505949199171892,0.05242387674604454,0,100
50,1,input_dependent_structured_mondrian,2,2326,0.9239036973344797,2.0343938091143596,2.0343938091143596,0.589185510180401,0.03572793607118725,0.05402318319803656,0,100
50,1,input_dependent_structured_mondrian,1,2355,0.8768577494692145,1.8611464968152867,1.8611464968152867,0.5174310274098043,0.030538088229530698,-0.026233956824895044,0,100
50,1,input_dependent_structured_mondrian,0,498,0.9578313253012049,1.3614457831325302,1.3614457831325302,0.4410204981746082,0.02400469303320306,0.10067747743213559,0,50
50,2,independent_mondrian,1,2414,0.8748964374482188,1.7891466445733222,1.7891466445733222,0.0,0.0,0.5275346552986983,0,100
50,2,independent_mondrian,2,2349,0.9161345253299277,1.9604086845466155,1.9604086845466155,0.0,0.0,0.6602640611623817,0,100
50,2,independent_mondrian,4,2397,0.8740091781393409,1.493116395494368,1.493116395494368,0.0,0.0,0.7087182598239157,0,100
50,2,independent_mondrian,3,2318,0.8740293356341674,2.1052631578947367,2.1052631578947367,0.0,0.0,0.6299686241738678,0,100
50,2,independent_mondrian,0,522,0.8582375478927203,1.2758620689655173,1.2758620689655173,0.0,0.0,0.42872185397417506,0,50
50,2,input_dependent_structured_mondrian,1,2414,0.8699254349627175,1.75973487986744,1.75973487986744,0.5482299049500454,0.03596544420698195,-0.06519607375242942,0,100
50,2,input_dependent_structured_mondrian,2,2349,0.8974031502767135,1.8842060451255853,1.8842060451255853,0.6105850893519852,0.03807455754313792,-0.025264341175290528,0,100
50,2,input_dependent_structured_mondrian,4,2397,0.8631622861910722,1.4564038381309972,1.4564038381309972,0.7525819455119078,0.045580300698372316,-0.049232804566806454,0,100
50,2,input_dependent_structured_mondrian,3,2318,0.869283865401208,1.9106988783433996,1.9106988783433996,0.6777933068292022,0.04155337508298665,-0.061928508135943416,0,100
50,2,input_dependent_structured_mondrian,0,522,0.9444444444444444,1.3697318007662835,1.3697318007662835,0.4775423586575018,0.03500851349683843,0.04005254253227486,0,50
50,3,independent_mondrian,2,2357,0.9015697921086127,2.3729316928298685,2.3729316928298685,0.0,0.0,0.6369669280100277,0,100
50,3,independent_mondrian,1,2349,0.9638143891017454,1.8829289059174117,1.8829289059174117,0.0,0.0,0.7813299476671373,0,100
50,3,independent_mondrian,3,2376,0.8943602693602694,2.1957070707070705,2.1957070707070705,0.0,0.0,0.714612324245018,0,100
50,3,independent_mondrian,4,2411,0.8780588967233514,1.6113645790128577,1.6113645790128577,0.0,0.0,0.7189847661738118,0,100
50,3,independent_mondrian,0,507,0.8560157790927022,1.6706114398422092,1.6706114398422092,0.0,0.0,0.4396784879506353,0,50
50,3,input_dependent_structured_mondrian,2,2357,0.9232074671192193,2.1022486211285534,2.1022486211285534,0.6078456870676779,0.04146119759919303,0.04757382703823132,0,100
50,3,input_dependent_structured_mondrian,1,2349,0.9587058322690507,1.8629203916560237,1.8629203916560237,0.5329771070669004,0.03589294320001525,0.10803237124470544,0,100
50,3,input_dependent_structured_mondrian,3,2376,0.8804713804713805,2.0555555555555554,2.0555555555555554,0.680806892412829,0.04731593248049476,-0.034708059678832004,0,100
50,3,input_dependent_structured_mondrian,4,2411,0.8880132725010369,1.5271671505599336,1.5271671505599336,0.7453661388372053,0.05415552474711729,-0.01714520024067434,0,100
50,3,input_dependent_structured_mondrian,0,507,0.873767258382643,1.4240631163708086,1.4240631163708086,0.4538947893043615,0.03259018607059089,-0.019577498347501887,0,50
50,4,independent_mondrian,4,2455,0.8586558044806517,1.6435845213849287,1.6435845213849287,0.0,0.0,0.666720637994149,0,100
50,4,independent_mondrian,3,2366,0.9234995773457312,1.9792899408284024,1.9792899408284024,0.0,0.0,0.8327373916656253,0,100
50,4,independent_mondrian,1,2311,0.8983124188662917,1.9463435742102986,1.9463435742102986,0.0,0.0,0.5750245056311319,0,100
50,4,independent_mondrian,2,2348,0.8475298126064736,2.2031516183986373,2.2031516183986373,0.0,0.0,0.5255939485926092,0,100
50,4,independent_mondrian,0,520,0.9634615384615385,1.3903846153846153,1.3903846153846153,0.0,0.0,0.6131481244961041,0,50
50,4,input_dependent_structured_mondrian,4,2455,0.8700610997963341,1.5364562118126273,1.5364562118126273,0.7318870198971722,0.04304879822993817,-0.0481233858172484,0,100
50,4,input_dependent_structured_mondrian,3,2366,0.8972950126796281,1.9420963651732883,1.9420963651732883,0.676272676780492,0.03722140304040704,0.0432926568633904,0,100
50,4,input_dependent_structured_mondrian,1,2311,0.8926871484205972,1.7918649935093034,1.7918649935093034,0.5322860252229439,0.029665070312651448,-0.006181113411918626,0,100
50,4,input_dependent_structured_mondrian,2,2348,0.8539182282793867,1.9821124361158433,1.9821124361158433,0.6013071931952853,0.03396391867536391,-0.07060704637520698,0,100
50,4,input_dependent_structured_mondrian,0,520,0.9711538461538461,1.3288461538461538,1.3288461538461538,0.4676441408896645,0.025247317696586048,0.09446933496664,0,50
50,5,independent_mondrian,2,2396,0.9040066777963273,2.102253756260434,2.102253756260434,0.0,0.0,0.6410113319309934,0,100
50,5,independent_mondrian,4,2338,0.9281437125748503,1.5637296834901626,1.5637296834901626,0.0,0.0,0.8646678243190058,0,100
50,5,independent_mondrian,1,2407,0.8961362692147902,1.8674698795180722,1.8674698795180722,0.0,0.0,0.5756638324835286,0,100
50,5,independent_mondrian,3,2378,0.8675357443229604,2.2266610597140453,2.2266610597140453,0.0,0.0,0.6204819780571771,0,100
50,5,independent_mondrian,0,481,0.9106029106029107,1.471933471933472,1.471933471933472,0.0,0.0,0.49365972264591457,0,50
50,5,input_dependent_structured_mondrian,2,2396,0.9202838063439065,2.0409015025041737,2.0409015025041737,0.6156733909273424,0.038076013030792416,0.023731233320938627,0,100
50,5,input_dependent_structured_mondrian,4,2338,0.8896492728828058,1.5953806672369546,1.5953806672369546,0.7840824412629428,0.050016191476594536,-0.06584738273265045,0,100
50,5,input_dependent_structured_mondrian,1,2407,0.891566265060241,1.8516825924387204,1.8516825924387204,0.533816309902255,0.03164292322330844,-0.006072618401284702,0,100
50,5,input_dependent_structured_mondrian,3,2378,0.9251471825063078,2.030277544154752,2.030277544154752,0.6960508691467505,0.04405925607543108,0.011360256839894167,0,100
50,5,input_dependent_structured_mondrian,0,481,0.9355509355509356,1.4137214137214138,1.4137214137214138,0.4403625509534264,0.02601149242402604,0.053569877279528,0,50
50,6,independent_mondrian,4,2414,0.9196354598177299,1.7096106048053024,1.7096106048053024,0.0,0.0,0.831570105314629,0,100
50,6,independent_mondrian,0,469,0.9701492537313433,1.394456289978678,1.394456289978678,0.0,0.0,0.6764457221630849,0,50
50,6,independent_mondrian,3,2396,0.916110183639399,2.3217863105175294,2.3217863105175294,0.0,0.0,0.7414767142638581,0,100
50,6,independent_mondrian,1,2361,0.8759000423549343,2.216010165184244,2.216010165184244,0.0,0.0,0.5374400568763636,0,100
50,6,independent_mondrian,2,2360,0.9305084745762712,2.2389830508474575,2.2389830508474575,0.0,0.0,0.7087059566680061,0,100
50,6,input_dependent_structured_mondrian,4,2414,0.9316487158243579,1.6532725766362883,1.6532725766362883,0.7407346076181325,0.0538438020275602,0.08425902540857927,0,100
50,6,input_dependent_structured_mondrian,0,469,0.9509594882729211,1.3176972281449892,1.3176972281449892,0.4627994058223017,0.022233099286917676,0.0780320534421502,0,50
50,6,input_dependent_structured_mondrian,3,2396,0.9398998330550918,2.0980801335559267,2.0980801335559267,0.6663775549516628,0.0447791120650883,0.07780896276077881,0,100
50,6,input_dependent_structured_mondrian,1,2361,0.8204150783566285,1.8310038119440915,1.8310038119440915,0.5362374883007092,0.0308811117349893,-0.0753207269233846,0,100
50,6,input_dependent_structured_mondrian,2,2360,0.9050847457627119,2.0305084745762714,2.0305084745762714,0.5911382678949963,0.03683329585327311,0.001755648722819192,0,100
50,7,independent_mondrian,3,2405,0.9197505197505198,2.0095634095634094,2.0095634095634094,0.0,0.0,0.765657090191509,0,100
50,7,independent_mondrian,1,2417,0.9176665287546545,2.0260653702937526,2.0260653702937526,0.0,0.0,0.5754242309256058,0,100
50,7,independent_mondrian,4,2371,0.8418388865457613,1.574441164065795,1.574441164065795,0.0,0.0,0.6626374596520771,0,100
50,7,independent_mondrian,2,2315,0.854427645788337,2.1654427645788337,2.1654427645788337,0.0,0.0,0.5549436954100486,0,100
50,7,independent_mondrian,0,492,0.9369918699186992,1.4634146341463414,1.4634146341463414,0.0,0.0,0.6603200608762598,0,50
50,7,input_dependent_structured_mondrian,3,2405,0.9293139293139293,1.9617463617463617,1.9617463617463617,0.671037468185936,0.0419178557807661,0.06585241442554035,0,100
50,7,input_dependent_structured_mondrian,1,2417,0.9462143152668597,1.8849813818783616,1.8849813818783616,0.5388879847631137,0.040217662673933535,0.06464667369847626,0,100
50,7,input_dependent_structured_mondrian,4,2371,0.83171657528469,1.5381695487136229,1.5381695487136229,0.7462164468601461,0.04273032031927923,-0.10223716617943501,0,100
50,7,input_dependent_structured_mondrian,2,2315,0.8786177105831533,2.117062634989201,2.117062634989201,0.6138242691625576,0.041347751790934466,-0.02730828514072875,0,100
50,7,input_dependent_structured_mondrian,0,492,0.9349593495934959,1.4390243902439024,1.4390243902439024,0.4520835492505352,0.038029586329498766,0.05977520296543831,0,50
50,8,independent_mondrian,2,2389,0.8417748011720385,2.1331100879028884,2.1331100879028884,0.0,0.0,0.5493814999108023,0,100
50,8,independent_mondrian,1,2389,0.9284219338635412,1.7873587275010465,1.7873587275010465,0.0,0.0,0.6370677291041389,0,100
50,8,independent_mondrian,3,2377,0.8830458561211612,2.092553639040808,2.092553639040808,0.0,0.0,0.6715001565650689,0,100
50,8,independent_mondrian,4,2328,0.8951890034364262,1.5622852233676976,1.5622852233676976,0.0,0.0,0.7779222479241186,0,100
50,8,independent_mondrian,0,517,0.8916827852998066,1.4584139264990328,1.4584139264990328,0.0,0.0,0.5133334091070675,0,50
50,8,input_dependent_structured_mondrian,2,2389,0.8166596902469653,1.977396400167434,1.977396400167434,0.6172429321669203,0.039271975809322804,-0.0906861028031693,0,100
50,8,input_dependent_structured_mondrian,1,2389,0.9083298451234826,1.743825868564253,1.743825868564253,0.5460433145742177,0.038113466282964054,-0.0059770850569333955,0,100
50,8,input_dependent_structured_mondrian,3,2377,0.9040807740849811,1.9755994951619689,1.9755994951619689,0.6801978199941219,0.04126467328583659,0.011235338908213599,0,100
50,8,input_dependent_structured_mondrian,4,2328,0.8908934707903781,1.5382302405498283,1.5382302405498283,0.7327648477554899,0.044670405544658696,0.00854294471866901,0,100
50,8,input_dependent_structured_mondrian,0,517,0.9323017408123792,1.367504835589942,1.367504835589942,0.4854250166585735,0.03648332594887761,0.03503625245961606,0,50
50,9,independent_mondrian,4,2448,0.8921568627450981,1.5743464052287581,1.5743464052287581,0.0,0.0,0.7457855901939189,0,100
50,9,independent_mondrian,2,2319,0.8727899956877965,2.0564898663216904,2.0564898663216904,0.0,0.0,0.5921395391519229,0,100
50,9,independent_mondrian,3,2404,0.8905990016638935,2.111064891846922,2.111064891846922,0.0,0.0,0.6862206736235467,0,100
50,9,independent_mondrian,1,2316,0.8955094991364422,1.7521588946459412,1.7521588946459412,0.0,0.0,0.5610891991771638,0,100
50,9,independent_mondrian,0,513,0.8947368421052632,1.3703703703703705,1.3703703703703705,0.0,0.0,0.45357689389324324,0,50
50,9,input_dependent_structured_mondrian,4,2448,0.8782679738562091,1.6123366013071896,1.6123366013071896,0.7293730370837355,0.0352152327110942,-0.03729915710801884,0,100
50,9,input_dependent_structured_mondrian,2,2319,0.9184993531694696,2.0853816300129364,2.0853816300129364,0.6052452810555334,0.038905937994057636,0.029664191264035078,0,100
50,9,input_dependent_structured_mondrian,3,2404,0.9384359400998337,2.057404326123128,2.057404326123128,0.6660646055369879,0.03537308026909428,0.09155849947658917,0,100
50,9,input_dependent_structured_mondrian,1,2316,0.8518998272884283,1.8894645941278065,1.8894645941278065,0.5472090441342955,0.04075361952262762,-0.053869787262841445,0,100
50,9,input_dependent_structured_mondrian,0,513,0.9746588693957114,1.4015594541910332,1.4015594541910332,0.4742132277579304,0.04463706059365457,0.0712811058535675,0,50
50,10,independent_mondrian,1,2478,0.8071025020177562,1.9358353510895885,1.9358353510895885,0.0,0.0,0.42326697499091637,0,100
50,10,independent_mondrian,4,2361,0.8470986869970352,1.5154595510376958,1.5154595510376958,0.0,0.0,0.6666355685379706,0,100
50,10,independent_mondrian,3,2357,0.9041154009333899,1.979210861264319,1.979210861264319,0.0,0.0,0.704113139424943,0,100
50,10,independent_mondrian,0,505,0.9465346534653465,1.205940594059406,1.205940594059406,0.0,0.0,0.6682740699442004,0,50
50,10,independent_mondrian,2,2299,0.8712483688560244,1.9434536755110918,1.9434536755110918,0.0,0.0,0.5743489630132635,0,100
50,10,input_dependent_structured_mondrian,1,2478,0.8914447134786118,1.7929782082324455,1.7929782082324455,0.5505099412468832,0.0403223562068154,-0.025738724935134516,0,100
50,10,input_dependent_structured_mondrian,4,2361,0.8847945785684033,1.5192714951291826,1.5192714951291826,0.7555104846448312,0.05086162331592542,-0.028049495192628227,0,100
50,10,input_dependent_structured_mondrian,3,2357,0.9083580823080186,1.9906661009758166,1.9906661009758166,0.6846315103676391,0.04587346918870112,0.008433243113970423,0,100
50,10,input_dependent_structured_mondrian,0,505,0.8772277227722772,1.2851485148514852,1.2851485148514852,0.468457222835521,0.03741295324728704,-0.0047640143616034525,0,50
50,10,input_dependent_structured_mondrian,2,2299,0.8912570682905611,1.9695519791213572,1.9695519791213572,0.6078688442277507,0.04282818377761687,-0.02209642216570351,0,100
50,11,independent_mondrian,4,2375,0.8825263157894737,1.5541052631578947,1.5541052631578947,0.0,0.0,0.7205123328096151,0,100
50,11,independent_mondrian,3,2382,0.8576826196473551,2.170864819479429,2.170864819479429,0.0,0.0,0.6235081683882355,0,100
50,11,independent_mondrian,2,2345,0.9189765458422174,2.0371002132196163,2.0371002132196163,0.0,0.0,0.715476995501665,0,100
50,11,independent_mondrian,1,2410,0.8908713692946059,1.9257261410788382,1.9257261410788382,0.0,0.0,0.5606004107631282,0,100
50,11,independent_mondrian,0,488,0.8811475409836066,1.3442622950819672,1.3442622950819672,0.0,0.0,0.4690573435957106,0,50
50,11,input_dependent_structured_mondrian,4,2375,0.8947368421052632,1.6366315789473684,1.6366315789473684,0.7356043621051261,0.045522186949203396,0.0016143182557527003,0,100
50,11,input_dependent_structured_mondrian,3,2382,0.9332493702770781,2.0449202350965576,2.0449202350965576,0.6772106571917335,0.04304186816188988,0.09740808650181876,0,100
50,11,input_dependent_structured_mondrian,2,2345,0.8639658848614072,2.061407249466951,2.061407249466951,0.6069694549617828,0.0383236493890321,-0.02245035570291437,0,100
50,11,input_dependent_structured_mondrian,1,2410,0.9012448132780083,1.7381742738589212,1.7381742738589212,0.5390536169187566,0.0355174521165205,-0.009499189155082521,0,100
50,11,input_dependent_structured_mondrian,0,488,0.7991803278688525,1.194672131147541,1.194672131147541,0.4609996491343142,0.033154137678682916,-0.08655901769615287,0,50
50,12,independent_mondrian,2,2318,0.9327006039689387,2.3822260569456426,2.3822260569456426,0.0,0.0,0.7498364448374539,0,100
50,12,independent_mondrian,1,2419,0.9470855725506407,2.0318313352625053,2.0318313352625053,0.0,0.0,0.6973575420252153,0,100
50,12,independent_mondrian,3,2379,0.8781000420344682,2.4312736443883987,2.4312736443883987,0.0,0.0,0.6763782732410115,0,100
50,12,independent_mondrian,4,2392,0.9385451505016722,1.6563545150501673,1.6563545150501673,0.0,0.0,0.9051369774797441,0,100
50,12,independent_mondrian,0,492,0.8902439024390244,1.613821138211382,1.613821138211382,0.0,0.0,0.470243869967292,0,50
50,12,input_dependent_structured_mondrian,2,2318,0.9167385677308024,2.1449525452976705,2.1449525452976705,0.6196414460073685,0.033828975285032654,0.029040695205410194,0,100
50,12,input_dependent_structured_mondrian,1,2419,0.9503927242662257,1.8797023563455975,1.8797023563455975,0.5445654289563218,0.02854818403145413,0.08195182021360092,0,100
50,12,input_dependent_structured_mondrian,3,2379,0.8894493484657419,2.1063472047078604,2.1063472047078604,0.6879454245539829,0.04081394100396627,-0.012321576319080596,0,100
50,12,input_dependent_structured_mondrian,4,2392,0.9130434782608695,1.5944816053511706,1.5944816053511706,0.7652579683964971,0.045065312346498715,0.01514887079074334,0,100
50,12,input_dependent_structured_mondrian,0,492,0.9288617886178862,1.4410569105691058,1.4410569105691058,0.4706201501057729,0.024785677851593958,0.0012490132515062813,0,50
50,13,independent_mondrian,2,2382,0.9156171284634761,2.0579345088161207,2.0579345088161207,0.0,0.0,0.677190173253135,0,100
50,13,independent_mondrian,3,2353,0.9014024649383765,2.2498937526561837,2.2498937526561837,0.0,0.0,0.7179082443967476,0,100
50,13,independent_mondrian,4,2382,0.8967254408060453,1.63727959697733,1.63727959697733,0.0,0.0,0.8114676433419422,0,100
50,13,independent_mondrian,1,2406,0.8466334164588528,1.7660016625103907,1.7660016625103907,0.0,0.0,0.47648054610348667,0,100
50,13,independent_mondrian,0,477,0.8197064989517819,1.1635220125786163,1.1635220125786163,0.0,0.0,0.39204119533211107,0,50
50,13,input_dependent_structured_mondrian,2,2382,0.8761544920235097,1.9668345927791773,1.9668345927791773,0.6021658395086862,0.03910289107385086,-0.0230529971154792,0,100
50,13,input_dependent_structured_mondrian,3,2353,0.894177645558861,2.0331491712707184,2.0331491712707184,0.6828261668160862,0.045512832946220286,-0.008703696901491698,0,100
50,13,input_dependent_structured_mondrian,4,2382,0.9122586062132662,1.5591939546599496,1.5591939546599496,0.7516429210971299,0.04834646157782865,0.0486800623133013,0,100
50,13,input_dependent_structured_mondrian,1,2406,0.8877805486284289,1.7518703241895262,1.7518703241895262,0.5352475573016412,0.03543383139497243,-0.024752230479204385,0,100
50,13,input_dependent_structured_mondrian,0,477,0.8763102725366876,1.3081761006289307,1.3081761006289307,0.4642345269709929,0.031080444928431563,-0.012522618517284367,0,50
50,14,independent_mondrian,1,2417,0.9176665287546545,1.915184112536202,1.915184112536202,0.0,0.0,0.6009392178541691,0,100
50,14,independent_mondrian,3,2395,0.9302713987473904,2.177035490605428,2.177035490605428,0.0,0.0,0.8120089878252003,0,100
50,14,independent_mondrian,2,2425,0.8808247422680412,2.276701030927835,2.276701030927835,0.0,0.0,0.6027624590538172,0,100
50,14,independent_mondrian,4,2252,0.8903197158081705,1.6709591474245116,1.6709591474245116,0.0,0.0,0.7570534230649477,0,100
50,14,independent_mondrian,0,511,0.9256360078277887,1.4148727984344422,1.4148727984344422,0.0,0.0,0.5251621764426666,0,50
50,14,input_dependent_structured_mondrian,1,2417,0.8949110467521721,1.8237484484898634,1.8237484484898634,0.5365134384582946,0.038477893054951987,-0.007422872708686079,0,100
50,14,input_dependent_structured_mondrian,3,2395,0.8964509394572026,1.961169102296451,1.961169102296451,0.6684124391507898,0.04094120431644582,0.0016705704008829203,0,100
50,14,input_dependent_structured_mondrian,2,2425,0.8985567010309279,1.9538144329896907,1.9538144329896907,0.5955240427543875,0.038997658504480615,0.020614624567707462,0,100
50,14,input_dependent_structured_mondrian,4,2252,0.844582593250444,1.491563055062167,1.491563055062167,0.7333841032556523,0.041342516889872886,-0.072741378267905,0,100
50,14,input_dependent_structured_mondrian,0,511,0.9608610567514677,1.3307240704500978,1.3307240704500978,0.4812562156164936,0.039761491062237996,0.05808676078139052,0,50
50,15,independent_mondrian,1,2341,0.9530115335326783,2.1550619393421613,2.1550619393421613,0.0,0.0,0.718559077276604,0,100
50,15,independent_mondrian,2,2346,0.9467178175618073,2.2949701619778344,2.2949701619778344,0.0,0.0,0.769435437422049,0,100
50,15,independent_mondrian,4,2390,0.906276150627615,1.590794979079498,1.590794979079498,0.0,0.0,0.7664472088070254,0,100
50,15,independent_mondrian,3,2408,0.8617109634551495,2.338455149501661,2.338455149501661,0.0,0.0,0.6361324204407104,0,100
50,15,independent_mondrian,0,515,0.9398058252427185,1.6990291262135921,1.6990291262135921,0.0,0.0,0.5499729968801484,0,50
50,15,input_dependent_structured_mondrian,1,2341,0.9521571977787271,1.8598889363519864,1.8598889363519864,0.5269851893383639,0.033745509901935145,0.11361667477493437,0,100
50,15,input_dependent_structured_mondrian,2,2346,0.9386189258312021,2.0997442455242967,2.0997442455242967,0.6028069598956032,0.037394044429456916,0.06686017602500638,0,100
50,15,input_dependent_structured_mondrian,4,2390,0.9125523012552301,1.5401673640167364,1.5401673640167364,0.75819002383275,0.04267338256239483,-0.0019326970529858212,0,100
50,15,input_dependent_structured_mondrian,3,2408,0.8824750830564784,2.1312292358803986,2.1312292358803986,0.6884524201527951,0.039802552706709626,-0.0533395982148705,0,100
50,15,input_dependent_structured_mondrian,0,515,0.8854368932038835,1.3980582524271845,1.3980582524271845,0.4397996441257599,0.031265800410756425,-0.010112750805679499,0,50
50,16,independent_mondrian,3,2366,0.9196956889264581,2.1120033812341505,2.1120033812341505,0.0,0.0,0.7850211891430171,0,100
50,16,independent_mondrian,4,2393,0.8570831592143753,1.637275386544087,1.637275386544087,0.0,0.0,0.6860447724124692,0,100
50,16,independent_mondrian,1,2295,0.9403050108932461,2.026579520697168,2.026579520697168,0.0,0.0,0.6541183130779531,0,100
50,16,independent_mondrian,2,2438,0.8900738310090238,2.305988515176374,2.305988515176374,0.0,0.0,0.6270269469135207,0,100
50,16,independent_mondrian,0,508,0.9094488188976378,1.5492125984251968,1.5492125984251968,0.0,0.0,0.5658041520827405,0,50
50,16,input_dependent_structured_mondrian,3,2366,0.9087066779374472,1.9721048182586645,1.9721048182586645,0.6734742421568617,0.03825125396717586,0.01472769262953555,0,100
50,16,input_dependent_structured_mondrian,4,2393,0.885499373171751,1.5394901796907647,1.5394901796907647,0.747091366285345,0.040040924497454194,-0.030227304654876663,0,100
50,16,input_dependent_structured_mondrian,1,2295,0.9398692810457516,1.7481481481481482,1.7481481481481482,0.5271015130015181,0.03645094149818884,0.05810948606062827,0,100
50,16,input_dependent_structured_mondrian,2,2438,0.850287120590648,2.0123051681706317,2.0123051681706317,0.5997348287371201,0.0369433748227076,-0.059998318887131696,0,100
50,16,input_dependent_structured_mondrian,0,508,0.8700787401574803,1.3681102362204725,1.3681102362204725,0.4563079742228737,0.03490372607509966,0.010465553630759072,0,50
50,17,independent_mondrian,1,2435,0.8969199178644763,1.7207392197125257,1.7207392197125257,0.0,0.0,0.5530290303456787,0,100
50,17,independent_mondrian,2,2423,0.8625670656211308,2.1782913743293437,2.1782913743293437,0.0,0.0,0.5670256533314874,0,100
50,17,independent_mondrian,4,2284,0.9369527145359019,1.6549912434325744,1.6549912434325744,0.0,0.0,0.8836812690615338,0,100
50,17,independent_mondrian,3,2383,0.9118757868233319,2.185900125891733,2.185900125891733,0.0,0.0,0.745274852260968,0,100
50,17,independent_mondrian,0,475,0.8652631578947368,1.328421052631579,1.328421052631579,0.0,0.0,0.4458934265916776,0,50
50,17,input_dependent_structured_mondrian,1,2435,0.913347022587269,1.740451745379877,1.740451745379877,0.5072858861799125,0.035401277070618326,0.03052120195260022,0,100
50,17,input_dependent_structured_mondrian,2,2423,0.8786628146925299,2.028889806025588,2.028889806025588,0.5982117403730141,0.03859447573455571,-0.020154323531095808,0,100
50,17,input_dependent_structured_mondrian,4,2284,0.9119964973730298,1.5656742556917689,1.5656742556917689,0.754434869206162,0.04828194040991511,0.021549573123558208,0,100
50,17,input_dependent_structured_mondrian,3,2383,0.9152328997062527,2.044901384809064,2.044901384809064,0.6777956815080671,0.042677707018554216,0.020329894393385284,0,100
50,17,input_dependent_structured_mondrian,0,475,0.9031578947368422,1.3389473684210527,1.3389473684210527,0.43461642896975855,0.031929888307100605,0.0217391014922389,0,50
50,18,independent_mondrian,1,2345,0.8805970149253731,1.7654584221748402,1.7654584221748402,0.0,0.0,0.5367269380670979,0,100
50,18,independent_mondrian,4,2421,0.9107806691449815,1.644361833952912,1.644361833952912,0.0,0.0,0.7740336406727281,0,100
50,18,independent_mondrian,0,503,0.852882703777336,1.294234592445328,1.294234592445328,0.0,0.0,0.4441148455141411,0,50
50,18,independent_mondrian,3,2397,0.919482686691698,2.130162703379224,2.130162703379224,0.0,0.0,0.7659923208121066,0,100
50,18,independent_mondrian,2,2334,0.8650385604113111,2.122107969151671,2.122107969151671,0.0,0.0,0.5796824122489423,0,100
50,18,input_dependent_structured_mondrian,1,2345,0.8929637526652452,1.7505330490405118,1.7505330490405118,0.5311126992929915,0.033813081337397195,-0.003244952868192541,0,100
50,18,input_dependent_structured_mondrian,4,2421,0.9120198265179678,1.5456422965716645,1.5456422965716645,0.7150748546227296,0.03998971078223427,0.053234695296624446,0,100
50,18,input_dependent_structured_mondrian,0,503,0.8548707753479126,1.320079522862823,1.320079522862823,0.4657952646543553,0.03297694305037835,-0.02860570109562177,0,50
50,18,input_dependent_structured_mondrian,3,2397,0.9128076762619941,2.021276595744681,2.021276595744681,0.6594916576145795,0.0388905616168205,0.03421152568659569,0,100
50,18,input_dependent_structured_mondrian,2,2334,0.8740359897172236,1.9952870608397602,1.9952870608397602,0.5909418702038062,0.03584541162468416,-0.029475851083377025,0,100
50,19,independent_mondrian,2,2391,0.9322459222082811,2.124634044332915,2.124634044332915,0.0,0.0,0.7184713806509643,0,100
50,19,independent_mondrian,3,2343,0.9150661545027742,2.335040546308152,2.335040546308152,0.0,0.0,0.7740815927139547,0,100
50,19,independent_mondrian,4,2401,0.914618908788005,1.6947105372761349,1.6947105372761349,0.0,0.0,0.8554328545892989,0,100
50,19,independent_mondrian,1,2366,0.8427726120033813,1.8047337278106508,1.8047337278106508,0.0,0.0,0.45738573192386567,0,100
50,19,independent_mondrian,0,499,0.7855711422845691,1.1102204408817635,1.1102204408817635,0.0,0.0,0.3481809212113072,0,50
50,19,input_dependent_structured_mondrian,2,2391,0.9401923881221247,2.117942283563363,2.117942283563363,0.619557721362306,0.04176971714787115,0.06081452700110357,0,100
50,19,input_dependent_structured_mondrian,3,2343,0.9274434485702091,2.1895006402048653,2.1895006402048653,0.6804884885489189,0.04556551279039778,0.08825420773037834,0,100
50,19,input_dependent_structured_mondrian,4,2401,0.9341940857975843,1.688463140358184,1.688463140358184,0.7350455546329636,0.0507893359324507,0.0977989866967599,0,100
50,19,input_dependent_structured_mondrian,1,2366,0.8364327979712595,1.8398140321217245,1.8398140321217245,0.5616370197681515,0.039394659233659333,-0.09642027945291298,0,100
50,19,input_dependent_structured_mondrian,0,499,0.9158316633266533,1.308617234468938,1.308617234468938,0.4999698563613229,0.03515222729746027,-0.026416260743216124,0,50
50,20,independent_mondrian,3,2472,0.9182847896440129,2.1516990291262137,2.1516990291262137,0.0,0.0,0.755353724632314,0,100
50,20,independent_mondrian,2,2376,0.8682659932659933,2.191077441077441,2.191077441077441,0.0,0.0,0.5720273643651753,0,100
50,20,independent_mondrian,1,2320,0.8974137931034483,1.993103448275862,1.993103448275862,0.0,0.0,0.5489270214343467,0,100
50,20,independent_mondrian,4,2345,0.915138592750533,1.64136460554371,1.64136460554371,0.0,0.0,0.8029876875604193,0,100
50,20,independent_mondrian,0,487,0.946611909650924,1.375770020533881,1.375770020533881,0.0,0.0,0.6341461105296082,0,50
50,20,input_dependent_structured_mondrian,3,2472,0.9215210355987055,2.025485436893204,2.025485436893204,0.6737354776352704,0.03817009955471971,0.019363745004592037,0,100
50,20,input_dependent_structured_mondrian,2,2376,0.9065656565656566,2.037878787878788,2.037878787878788,0.6049319777011182,0.03507729653464076,0.02041246231796323,0,100
50,20,input_dependent_structured_mondrian,1,2320,0.9258620689655173,1.8625,1.8625,0.5301581461795429,0.032389779812231526,0.029222236869878904,0,100
50,20,input_dependent_structured_mondrian,4,2345,0.8601279317697228,1.5347547974413647,1.5347547974413647,0.7426924178682486,0.04052047092398037,-0.07115083773032627,0,100
50,20,input_dependent_structured_mondrian,0,487,0.9322381930184805,1.3983572895277208,1.3983572895277208,0.4614746106435761,0.029900463867680197,0.04899164382790622,0,50
50,21,independent_mondrian,1,2354,0.867034834324554,2.0531011045029737,2.0531011045029737,0.0,0.0,0.5105795958655271,0,100
50,21,independent_mondrian,3,2376,0.9187710437710438,2.2436868686868685,2.2436868686868685,0.0,0.0,0.7569301094073236,0,100
50,21,independent_mondrian,2,2336,0.8698630136986302,2.2076198630136985,2.2076198630136985,0.0,0.0,0.5858286768796443,0,100
50,21,independent_mondrian,4,2401,0.941274468971262,1.65847563515202,1.65847563515202,0.0,0.0,0.9084708052600953,0,100
50,21,independent_mondrian,0,533,0.9549718574108818,1.3302063789868668,1.3302063789868668,0.0,0.0,0.6829977327378823,0,50
50,21,input_dependent_structured_mondrian,1,2354,0.9099405267629567,1.840696686491079,1.840696686491079,0.5537409254606356,0.03943711981035541,-0.0009300518665001367,0,100
50,21,input_dependent_structured_mondrian,3,2376,0.9124579124579124,2.0673400673400675,2.0673400673400675,0.6742401379425245,0.03900125358705718,0.014908633805113758,0,100
50,21,input_dependent_structured_mondrian,2,2336,0.894263698630137,2.054366438356164,2.054366438356164,0.6155973944836213,0.040834010731559796,-0.021784584779937832,0,100
50,21,input_dependent_structured_mondrian,4,2401,0.9137859225322782,1.5556018325697627,1.5556018325697627,0.7427375513166673,0.03840633599304593,0.036740724685641046,0,100
50,21,input_dependent_structured_mondrian,0,533,0.9155722326454033,1.3564727954971858,1.3564727954971858,0.4815132838030717,0.04449077421129838,0.02185585657937761,0,50
50,22,independent_mondrian,1,2362,0.8920406435224386,1.5093141405588484,1.5093141405588484,0.0,0.0,0.5379817137687154,0,100
50,22,independent_mondrian,0,499,0.8617234468937875,1.2745490981963927,1.2745490981963927,0.0,0.0,0.42350502109305005,0,50
50,22,independent_mondrian,2,2391,0.7766624843161857,1.8954412379757424,1.8954412379757424,0.0,0.0,0.44574201891249743,0,100
50,22,independent_mondrian,4,2322,0.880275624461671,1.483204134366925,1.483204134366925,0.0,0.0,0.7241536511165297,0,100
50,22,independent_mondrian,3,2426,0.8713932399010718,1.8903544929925804,1.8903544929925804,0.0,0.0,0.6589671416689475,0,100
50,22,input_dependent_structured_mondrian,1,2362,0.9178662150719729,1.7286198137171889,1.7286198137171889,0.545883231095691,0.03579931422988629,0.01696269767388653,0,100
50,22,input_dependent_structured_mondrian,0,499,0.9078156312625251,1.3587174348697395,1.3587174348697395,0.4770384179088102,0.032329570050418636,-0.017106022004123922,0,50
50,22,input_dependent_structured_mondrian,2,2391,0.823086574654956,1.9113341698034296,1.9113341698034296,0.6126874665876072,0.03737420307804189,-0.08964014860412284,0,100
50,22,input_dependent_structured_mondrian,4,2322,0.8109388458225667,1.4177433247200688,1.4177433247200688,0.7489079474524862,0.0443886701946666,-0.14320162009421278,0,100
50,22,input_dependent_structured_mondrian,3,2426,0.8928276999175597,1.841714756801319,1.841714756801319,0.6795641831371902,0.043610645824456035,-0.005893482133650818,0,100
50,23,independent_mondrian,4,2317,0.8998705222270177,1.581355200690548,1.581355200690548,0.0,0.0,0.7649009730269383,0,100
50,23,independent_mondrian,1,2374,0.9208087615838247,1.9224936815501263,1.9224936815501263,0.0,0.0,0.6111751207518514,0,100
50,23,independent_mondrian,2,2364,0.9153976311336718,2.1324027072758036,2.1324027072758036,0.0,0.0,0.6927687692221728,0,100
50,23,independent_mondrian,3,2423,0.8534874122988031,2.1902600082542305,2.1902600082542305,0.0,0.0,0.6469547696992228,0,100
50,23,independent_mondrian,0,522,0.8850574712643678,1.4616858237547892,1.4616858237547892,0.0,0.0,0.469409392520508,0,50
50,23,input_dependent_structured_mondrian,4,2317,0.8580060422960725,1.5351747949935262,1.5351747949935262,0.7405624848303098,0.039987555888433,-0.058529426419705155,0,100
50,23,input_dependent_structured_mondrian,1,2374,0.9342881213142376,1.820977253580455,1.820977253580455,0.5284090626781026,0.0385374342123525,0.047671931065259465,0,100
50,23,input_dependent_structured_mondrian,2,2364,0.9103214890016921,2.0274957698815568,2.0274957698815568,0.5959471569297138,0.038596386017815724,0.03313217278530023,0,100
50,23,input_dependent_structured_mondrian,3,2423,0.8823772183243912,1.9946347503095336,1.9946347503095336,0.6714784446509768,0.04052550157130342,-0.0038526831463682187,0,100
50,23,input_dependent_structured_mondrian,0,522,0.8869731800766284,1.4406130268199233,1.4406130268199233,0.474305737152109,0.037027857362983564,0.0018607762590776566,0,50
50,24,independent_mondrian,2,2373,0.8541930046354825,2.1597134428992835,2.1597134428992835,0.0,0.0,0.5316176442426274,0,100
50,24,independent_mondrian,4,2354,0.8793542905692439,1.5488530161427359,1.5488530161427359,0.0,0.0,0.7307763287543446,0,100
50,24,independent_mondrian,1,2395,0.934446764091858,1.718580375782881,1.718580375782881,0.0,0.0,0.6690368833312704,0,100
50,24,independent_mondrian,0,487,0.8767967145790554,1.5071868583162218,1.5071868583162218,0.0,0.0,0.4539300498730359,0,50
50,24,independent_mondrian,3,2391,0.8858218318695107,2.0342952739439566,2.0342952739439566,0.0,0.0,0.684202005629017,0,100
50,24,input_dependent_structured_mondrian,2,2373,0.8727349346818374,1.9709228824273073,1.9709228824273073,0.5954526691733174,0.035211450585205015,-0.0425901742245377,0,100
50,24,input_dependent_structured_mondrian,4,2354,0.9218351741716228,1.566270178419711,1.566270178419711,0.7619763901070563,0.053202800435165266,0.054707578417993785,0,100
50,24,input_dependent_structured_mondrian,1,2395,0.8993736951983299,1.6977035490605428,1.6977035490605428,0.524000600082619,0.028090466933113664,0.012588951265559478,0,100
50,24,input_dependent_structured_mondrian,0,487,0.8562628336755647,1.2792607802874743,1.2792607802874743,0.44020803704342903,0.02089299232278569,-0.041635159035992075,0,50
50,24,input_dependent_structured_mondrian,3,2391,0.8979506482643246,2.0510246758678377,2.0510246758678377,0.6832461039297811,0.04540974486055655,-0.008251708771796484,0,100
50,25,independent_mondrian,2,2333,0.8469781397342477,2.1697385340762967,2.1697385340762967,0.0,0.0,0.5333539706139793,0,100
50,25,independent_mondrian,4,2285,0.9514223194748359,1.65164113785558,1.65164113785558,0.0,0.0,0.9934823218486217,0,100
50,25,independent_mondrian,3,2454,0.9111654441727791,2.2290138549307255,2.2290138549307255,0.0,0.0,0.7446306154781169,0,100
50,25,independent_mondrian,0,539,0.9276437847866419,1.1855287569573283,1.1855287569573283,0.0,0.0,0.5649690500660597,0,50
50,25,independent_mondrian,1,2389,0.8329845123482629,1.7827542904981164,1.7827542904981164,0.0,0.0,0.4494482607435349,0,100
50,25,input_dependent_structured_mondrian,2,2333,0.8221174453493356,1.9579939991427346,1.9579939991427346,0.6196703315859822,0.04394783620172461,-0.10656309434780187,0,100
50,25,input_dependent_structured_mondrian,4,2285,0.9487964989059081,1.5229759299781183,1.5229759299781183,0.7546265794149938,0.04891179087431569,0.13761312590086838,0,100
50,25,input_dependent_structured_mondrian,3,2454,0.8524857375713122,2.0566422167889162,2.0566422167889162,0.6895489162608783,0.04545692698410644,-0.07655903437316436,0,100
50,25,input_dependent_structured_mondrian,0,539,0.9294990723562152,1.3673469387755102,1.3673469387755102,0.505330357907072,0.04029607760004578,0.042284843913237835,0,50
50,25,input_dependent_structured_mondrian,1,2389,0.9007953118459606,1.7450816241105065,1.7450816241105065,0.5523524610367402,0.043033512094778105,-0.014027082134741131,0,100
50,26,independent_mondrian,3,2290,0.9458515283842794,2.2362445414847163,2.2362445414847163,0.0,0.0,0.8434434955603768,0,100
50,26,independent_mondrian,4,2399,0.9253855773238849,1.7278032513547312,1.7278032513547312,0.0,0.0,0.8392936980086148,0,100
50,26,independent_mondrian,0,518,0.9324324324324325,1.3918918918918919,1.3918918918918919,0.0,0.0,0.5573812927690963,0,50
50,26,independent_mondrian,1,2392,0.8971571906354515,1.967809364548495,1.967809364548495,0.0,0.0,0.56461894492991,0,100
50,26,independent_mondrian,2,2401,0.8858808829654311,2.3077884214910456,2.3077884214910456,0.0,0.0,0.6003422774367555,0,100
50,26,input_dependent_structured_mondrian,3,2290,0.9493449781659389,2.01353711790393,2.01353711790393,0.6945812029654551,0.04654380809265366,0.08696779559677714,0,100
50,26,input_dependent_structured_mondrian,4,2399,0.8782826177573989,1.5994164235097958,1.5994164235097958,0.7626329119076228,0.048321264249024984,-0.06515725413965967,0,100
50,26,input_dependent_structured_mondrian,0,518,0.9227799227799228,1.359073359073359,1.359073359073359,0.4700293711112123,0.04053554626679012,0.042170256829885455,0,50
50,26,input_dependent_structured_mondrian,1,2392,0.8566053511705686,1.8323578595317727,1.8323578595317727,0.5473168198140994,0.04212562460202737,-0.04675453513740535,0,100
50,26,input_dependent_structured_mondrian,2,2401,0.8979591836734694,2.1041232819658475,2.1041232819658475,0.6238615613948069,0.04430419681367219,-0.01784039908755508,0,100
50,27,independent_mondrian,0,520,0.8730769230769231,1.5923076923076922,1.5923076923076922,0.0,0.0,0.42856182871833154,0,50
50,27,independent_mondrian,1,2365,0.9539112050739957,1.9391120507399577,1.9391120507399577,0.0,0.0,0.7346229819503972,0,100
50,27,independent_mondrian,3,2390,0.9615062761506277,2.2552301255230125,2.2552301255230125,0.0,0.0,0.9369714169388234,0,100
50,27,independent_mondrian,2,2380,0.8836134453781512,2.5168067226890756,2.5168067226890756,0.0,0.0,0.604241078336112,0,100
50,27,independent_mondrian,4,2345,0.8976545842217484,1.7816631130063967,1.7816631130063967,0.0,0.0,0.767158185592189,0,100
50,27,input_dependent_structured_mondrian,0,520,0.8673076923076923,1.25,1.25,0.43947775978363,0.0266122164118259,-0.022117785910498622,0,50
50,27,input_dependent_structured_mondrian,1,2365,0.9010570824524313,1.7268498942917547,1.7268498942917547,0.5210440917498746,0.030669711245167847,0.012064488103547877,0,100
50,27,input_dependent_structured_mondrian,3,2390,0.9397489539748954,2.0577405857740585,2.0577405857740585,0.6691740892504541,0.03866511216195076,0.0784641752744838,0,100
50,27,input_dependent_structured_mondrian,2,2380,0.8710084033613446,2.070588235294118,2.070588235294118,0.6000157237917882,0.03576635214140555,-0.04073241395680549,0,100
50,27,input_dependent_structured_mondrian,4,2345,0.9232409381663113,1.6260127931769723,1.6260127931769723,0.7504995725843975,0.04341839525566406,0.042888383191050816,0,100
50,28,independent_mondrian,3,2411,0.9307341352136043,2.270012442969722,2.270012442969722,0.0,0.0,0.8077278558078261,0,100
50,28,independent_mondrian,1,2317,0.9154078549848943,2.0763918860595596,2.0763918860595596,0.0,0.0,0.5957457177140312,0,100
50,28,independent_mondrian,4,2360,0.9334745762711865,1.7067796610169492,1.7067796610169492,0.0,0.0,0.8851731540744651,0,100
50,28,independent_mondrian,2,2378,0.8805719091673675,2.3658536585365852,2.3658536585365852,0.0,0.0,0.5878261959722695,0,100
50,28,independent_mondrian,0,534,0.9588014981273408,1.4775280898876404,1.4775280898876404,0.0,0.0,0.650599536445503,0,50
50,28,input_dependent_structured_mondrian,3,2411,0.8747407714641228,2.128162588137702,2.128162588137702,0.676944395085753,0.04803876251891681,-0.030522174547326864,0,100
50,28,input_dependent_structured_mondrian,1,2317,0.946914113077255,1.8485110056107035,1.8485110056107035,0.5327307797954818,0.04131237548257018,0.0826592410745427,0,100
50,28,input_dependent_structured_mondrian,4,2360,0.9542372881355933,1.5716101694915254,1.5716101694915254,0.750656683543199,0.052539012165790704,0.14596714731046,0,100
50,28,input_dependent_structured_mondrian,2,2378,0.8603868797308662,2.097560975609756,2.097560975609756,0.6021663708387927,0.044929336489694445,-0.03975257278982475,0,100
50,28,input_dependent_structured_mondrian,0,534,0.9531835205992509,1.4569288389513109,1.4569288389513109,0.46180079999161644,0.038613003420991776,0.07200355773546929,0,50
50,29,independent_mondrian,2,2400,0.89875,2.2129166666666666,2.2129166666666666,0.0,0.0,0.6301748102963007,0,100
50,29,independent_mondrian,1,2310,0.9212121212121213,1.9731601731601731,1.9731601731601731,0.0,0.0,0.6347514782610297,0,100
50,29,independent_mondrian,3,2459,0.9089060593737291,2.1085807238714924,2.1085807238714924,0.0,0.0,0.7285054810865058,0,100
50,29,independent_mondrian,4,2345,0.857995735607676,1.5590618336886994,1.5590618336886994,0.0,0.0,0.6821560445340697,0,100
50,29,independent_mondrian,0,486,0.9176954732510288,1.5041152263374487,1.5041152263374487,0.0,0.0,0.5440288993965529,0,50
50,29,input_dependent_structured_mondrian,2,2400,0.8891666666666667,2.1175,2.1175,0.594740533739842,0.03766805974465706,-0.016038648829467927,0,100
50,29,input_dependent_structured_mondrian,1,2310,0.9242424242424242,1.802164502164502,1.802164502164502,0.5134343115084162,0.03292383199475423,0.06354121060310802,0,100
50,29,input_dependent_structured_mondrian,3,2459,0.9361529076860512,2.0406669377795854,2.0406669377795854,0.6599058028105437,0.042190945249184424,0.07994623815719831,0,100
50,29,input_dependent_structured_mondrian,4,2345,0.9142857142857143,1.6008528784648188,1.6008528784648188,0.7477446473945337,0.04615113916440502,0.03836877256897325,0,100
50,29,input_dependent_structured_mondrian,0,486,0.9012345679012346,1.3641975308641976,1.3641975308641976,0.4375239319108173,0.028959995693153676,0.025408948846161655,0,50
50,30,independent_mondrian,2,2406,0.8819617622610141,2.158354114713217,2.158354114713217,0.0,0.0,0.6033842173811088,0,100
50,30,independent_mondrian,4,2306,0.9210754553339116,1.6339982653946228,1.6339982653946228,0.0,0.0,0.8390474768168106,0,100
50,30,independent_mondrian,3,2370,0.9189873417721519,2.217299578059072,2.217299578059072,0.0,0.0,0.7270988782848721,0,100
50,30,independent_mondrian,1,2404,0.8864392678868552,1.7104825291181365,1.7104825291181365,0.0,0.0,0.5608889339737003,0,100
50,30,independent_mondrian,0,514,0.7976653696498055,1.2762645914396886,1.2762645914396886,0.0,0.0,0.3886902203579765,0,50
50,30,input_dependent_structured_mondrian,2,2406,0.8802992518703242,2.002493765586035,2.002493765586035,0.6129299203751624,0.044618918249294946,-0.029097664726559835,0,100
50,30,input_dependent_structured_mondrian,4,2306,0.883347788378144,1.5485689505637468,1.5485689505637468,0.7500888982829405,0.04868535815506399,-0.013501784180157184,0,100
50,30,input_dependent_structured_mondrian,3,2370,0.9172995780590717,2.009282700421941,2.009282700421941,0.6814670929531219,0.04670188835206676,0.010832250562049062,0,100
50,30,input_dependent_structured_mondrian,1,2404,0.9009983361064892,1.7516638935108153,1.7516638935108153,0.5444474878881375,0.04101619851470967,-0.004485051187532396,0,100
50,30,input_dependent_structured_mondrian,0,514,0.8365758754863813,1.2879377431906616,1.2879377431906616,0.4879191185494437,0.03931192677975791,-0.03907543422337448,0,50
50,31,independent_mondrian,1,2418,0.8511166253101737,1.837055417700579,1.837055417700579,0.0,0.0,0.4829260294262277,0,100
50,31,independent_mondrian,2,2421,0.9045848822800495,2.24122263527468,2.24122263527468,0.0,0.0,0.6528157797212423,0,100
50,31,independent_mondrian,4,2360,0.910593220338983,1.7915254237288136,1.7915254237288136,0.0,0.0,0.8222718784218872,0,100
50,31,independent_mondrian,3,2329,0.9433233147273508,2.253327608415629,2.253327608415629,0.0,0.0,0.8853367375286055,0,100
50,31,independent_mondrian,0,472,0.8432203389830508,1.1779661016949152,1.1779661016949152,0.0,0.0,0.4250124580299134,0,50
50,31,input_dependent_structured_mondrian,1,2418,0.87055417700579,1.6778329197684037,1.6778329197684037,0.5321415461300605,0.03706524873522429,-0.04270907313561001,0,100
50,31,input_dependent_structured_mondrian,2,2421,0.8773234200743495,1.9273027674514662,1.9273027674514662,0.6116426293355635,0.04014622507219586,-0.034683992825383925,0,100
50,31,input_dependent_structured_mondrian,4,2360,0.8292372881355933,1.511864406779661,1.511864406779661,0.7729558769045785,0.04889142883616004,-0.1368421130079649,0,100
50,31,input_dependent_structured_mondrian,3,2329,0.9136968656075569,1.896951481322456,1.896951481322456,0.6913322171528582,0.046711589467167865,0.018551951029900704,0,100
50,31,input_dependent_structured_mondrian,0,472,0.8220338983050848,1.1991525423728813,1.1991525423728813,0.45493339012995004,0.033814491720640286,-0.0401022434085791,0,50
50,32,independent_mondrian,1,2394,0.8905597326649958,1.9532163742690059,1.9532163742690059,0.0,0.0,0.5432648930165173,0,100
50,32,independent_mondrian,3,2367,0.90198563582594,2.211237853823405,2.211237853823405,0.0,0.0,0.7378032059169097,0,100
50,32,independent_mondrian,4,2325,0.8761290322580645,1.6434408602150539,1.6434408602150539,0.0,0.0,0.7174628375025365,0,100
50,32,independent_mondrian,2,2425,0.928659793814433,2.1484536082474226,2.1484536082474226,0.0,0.0,0.7259984924062158,0,100
50,32,independent_mondrian,0,489,0.8404907975460123,1.3701431492842535,1.3701431492842535,0.0,0.0,0.4650980769033357,0,50
50,32,input_dependent_structured_mondrian,1,2394,0.8600668337510443,1.786549707602339,1.786549707602339,0.5388121126074396,0.04348279741402706,-0.04334143292441778,0,100
50,32,input_dependent_structured_mondrian,3,2367,0.9252217997465145,2.0629488804393747,2.0629488804393747,0.6820626630066282,0.044356124595307876,0.053281067349260636,0,100
50,32,input_dependent_structured_mondrian,4,2325,0.8679569892473118,1.573763440860215,1.573763440860215,0.7420459992796173,0.045556648984230445,-0.03052655611171573,0,100
50,32,input_dependent_structured_mondrian,2,2425,0.9092783505154639,2.0630927835051547,2.0630927835051547,0.6155793458885086,0.04564934139826715,0.031471881545625746,0,100
50,32,input_dependent_structured_mondrian,0,489,0.8507157464212679,1.3231083844580778,1.3231083844580778,0.47596483376933835,0.04128154882650538,-0.019608288334154345,0,50
50,33,independent_mondrian,1,2373,0.943952802359882,1.9852507374631267,1.9852507374631267,0.0,0.0,0.6626843165798704,0,100
50,33,independent_mondrian,3,2309,0.8830662624512776,2.3196188826331747,2.3196188826331747,0.0,0.0,0.6676250351617519,0,100
50,33,independent_mondrian,2,2465,0.901419878296146,2.304665314401623,2.304665314401623,0.0,0.0,0.645410636138004,0,100
50,33,independent_mondrian,4,2380,0.9428571428571428,1.6071428571428572,1.6071428571428572,0.0,0.0,0.9050409506454955,0,100
50,33,independent_mondrian,0,473,0.9217758985200846,1.6046511627906976,1.6046511627906976,0.0,0.0,0.5394140629733932,0,50
50,33,input_dependent_structured_mondrian,1,2373,0.9207753898019385,1.7694900969237253,1.7694900969237253,0.5371936496338418,0.03977176960429972,0.018136227831860613,0,100
50,33,input_dependent_structured_mondrian,3,2309,0.9250757903854483,2.068427890861845,2.068427890861845,0.6995628377834165,0.0510647599942547,0.03165197964296573,0,100
50,33,input_dependent_structured_mondrian,2,2465,0.883975659229209,2.0782961460446248,2.0782961460446248,0.619677495100012,0.046594045280413054,-0.03781177193929994,0,100
50,33,input_dependent_structured_mondrian,4,2380,0.9134453781512605,1.5945378151260505,1.5945378151260505,0.7674415756116273,0.05643382898237846,0.0004685829515826967,0,100
50,33,input_dependent_structured_mondrian,0,473,0.904862579281184,1.4355179704016914,1.4355179704016914,0.47818358651439924,0.03439274657076531,-0.017204734384881293,0,50
50,34,independent_mondrian,1,2314,0.9533275713050994,2.029818496110631,2.029818496110631,0.0,0.0,0.7244825253721454,0,100
50,34,independent_mondrian,3,2367,0.8973384030418251,2.3312209547950995,2.3312209547950995,0.0,0.0,0.7018745877399502,0,100
50,34,independent_mondrian,4,2339,0.927319367250962,1.6690893544249679,1.6690893544249679,0.0,0.0,0.867424975447756,0,100
50,34,independent_mondrian,2,2494,0.9069767441860465,2.3989574979951884,2.3989574979951884,0.0,0.0,0.6651193078493891,0,100
50,34,independent_mondrian,0,486,0.8909465020576132,1.6337448559670782,1.6337448559670782,0.0,0.0,0.5340092576156679,0,50
50,34,input_dependent_structured_mondrian,1,2314,0.9520311149524633,1.9075194468452896,1.9075194468452896,0.5270098301926653,0.03458123249952898,0.10053642751580827,0,100
50,34,input_dependent_structured_mondrian,3,2367,0.9273341782847486,2.098859315589354,2.098859315589354,0.6663923029201144,0.03740842558533139,0.06193026895182696,0,100
50,34,input_dependent_structured_mondrian,4,2339,0.8747327917913639,1.6348867037195383,1.6348867037195383,0.7388329523422207,0.039205120540750954,-0.04087570252185879,0,100
50,34,input_dependent_structured_mondrian,2,2494,0.9342421812349639,2.14915797914996,2.14915797914996,0.5913376540221249,0.036183501204872535,0.08901035648882805,0,100
50,34,input_dependent_structured_mondrian,0,486,0.8539094650205762,1.4218106995884774,1.4218106995884774,0.45448595450156287,0.0323337986721797,-0.031134724954473114,0,50
50,35,independent_mondrian,3,2406,0.8935993349958438,2.2901080631753947,2.2901080631753947,0.0,0.0,0.7093881860887886,0,100
50,35,independent_mondrian,0,508,0.9291338582677166,1.5216535433070866,1.5216535433070866,0.0,0.0,0.5764458007611593,0,50
50,35,independent_mondrian,1,2308,0.9202772963604853,2.102253032928943,2.102253032928943,0.0,0.0,0.6210230186932811,0,100
50,35,independent_mondrian,2,2371,0.9211303247574862,2.2526360185575705,2.2526360185575705,0.0,0.0,0.701664570575659,0,100
50,35,independent_mondrian,4,2407,0.906938097216452,1.6422933111757374,1.6422933111757374,0.0,0.0,0.7988712733369036,0,100
50,35,input_dependent_structured_mondrian,3,2406,0.9484621778886118,2.1080631753948462,2.1080631753948462,0.6660840056381655,0.043489423357287595,0.1088427798732155,0,100
50,35,input_dependent_structured_mondrian,0,508,0.937007874015748,1.421259842519685,1.421259842519685,0.44437839986827427,0.02408625300019282,0.06160868003813902,0,50
50,35,input_dependent_structured_mondrian,1,2308,0.9120450606585788,1.8617850953206239,1.8617850953206239,0.5166746883532018,0.029583029323816595,0.034119937775309084,0,100
50,35,input_dependent_structured_mondrian,2,2371,0.9029945170814002,2.125263601855757,2.125263601855757,0.5881221984520926,0.036623661798803706,0.02486056692396227,0,100
50,35,input_dependent_structured_mondrian,4,2407,0.9081844619858745,1.6427087660988782,1.6427087660988782,0.738925341584973,0.05015953485725218,0.025677373150211902,0,100
50,36,independent_mondrian,3,2346,0.8393009377664109,2.1717817561807333,2.1717817561807333,0.0,0.0,0.5897615501555563,0,100
50,36,independent_mondrian,0,499,0.9138276553106213,1.5050100200400802,1.5050100200400802,0.0,0.0,0.5681470146780397,0,50
50,36,independent_mondrian,1,2419,0.9049193881769326,2.0611823067383215,2.0611823067383215,0.0,0.0,0.6004098993657496,0,100
50,36,independent_mondrian,4,2358,0.8986429177268872,1.5284139100932994,1.5284139100932994,0.0,0.0,0.7575730940282409,0,100
50,36,independent_mondrian,2,2378,0.9146341463414634,2.0685449957947855,2.0685449957947855,0.0,0.0,0.7106257531379764,0,100
50,36,input_dependent_structured_mondrian,3,2346,0.8742540494458653,1.9705882352941178,1.9705882352941178,0.6724014354843632,0.040644291726555835,-0.04104207239403013,0,100
50,36,input_dependent_structured_mondrian,0,499,0.8777555110220441,1.3867735470941884,1.3867735470941884,0.4595545912699005,0.031721721145896484,-0.003480888255687431,0,50
50,36,input_dependent_structured_mondrian,1,2419,0.8941711451012815,1.7784208350558082,1.7784208350558082,0.5211836030727791,0.03398731301097695,0.02228002451848149,0,100
50,36,input_dependent_structured_mondrian,4,2358,0.863019508057676,1.486429177268872,1.486429177268872,0.7440558606350883,0.04235896077077277,-0.056060435620768345,0,100
50,36,input_dependent_structured_mondrian,2,2378,0.9179983179142136,1.9865433137089992,1.9865433137089992,0.5987676550219238,0.037167059486124254,0.048938427484070846,0,100
50,37,independent_mondrian,3,2390,0.9401673640167364,2.2221757322175733,2.2221757322175733,0.0,0.0,0.847134671334544,0,100
50,37,independent_mondrian,1,2404,0.9155574043261231,2.038685524126456,2.038685524126456,0.0,0.0,0.6174999748198143,0,100
50,37,independent_mondrian,4,2393,0.8946928541579607,1.7187630589218554,1.7187630589218554,0.0,0.0,0.7481122141827448,0,100
50,37,independent_mondrian,2,2351,0.9013185878349639,2.355593364525734,2.355593364525734,0.0,0.0,0.6424314927004016,0,100
50,37,independent_mondrian,0,462,0.9307359307359307,1.4956709956709957,1.4956709956709957,0.0,0.0,0.5549758106661588,0,50
50,37,input_dependent_structured_mondrian,3,2390,0.9087866108786611,2.0351464435146442,2.0351464435146442,0.6776173920755063,0.03991653094752895,0.036378442386306165,0,100
50,37,input_dependent_structured_mondrian,1,2404,0.8980865224625624,1.8306988352745424,1.8306988352745424,0.5543806841808513,0.039441384665096994,-0.010654941660836748,0,100
50,37,input_dependent_structured_mondrian,4,2393,0.8984538236523193,1.57709987463435,1.57709987463435,0.7324758823366891,0.040295676950689974,-0.0032166533289581523,0,100
50,37,input_dependent_structured_mondrian,2,2351,0.9017439387494683,2.0829434283283708,2.0829434283283708,0.6209101871570845,0.03839671235954889,-0.012377691403389846,0,100
50,37,input_dependent_structured_mondrian,0,462,0.9329004329004329,1.3658008658008658,1.3658008658008658,0.48295591530751697,0.0365800608746329,0.023772508226597044,0,50
50,38,independent_mondrian,2,2403,0.9117769454848107,2.408655846858094,2.408655846858094,0.0,0.0,0.6649336364817037,0,100
50,38,independent_mondrian,4,2311,0.9606231068801385,1.7594115101687582,1.7594115101687582,0.0,0.0,0.978587627396927,0,100
50,38,independent_mondrian,1,2368,0.9108952702702703,1.8927364864864864,1.8927364864864864,0.0,0.0,0.6048127906761199,0,100
50,38,independent_mondrian,3,2427,0.9204779563246807,2.3971981870622168,2.3971981870622168,0.0,0.0,0.7979187141894111,0,100
50,38,independent_mondrian,0,491,0.8778004073319755,1.4052953156822812,1.4052953156822812,0.0,0.0,0.43287518889489623,0,50
50,38,input_dependent_structured_mondrian,2,2403,0.8976279650436954,2.2426133999167708,2.2426133999167708,0.5993640179125415,0.03479067570874024,-0.0082639634966305,0,100
50,38,input_dependent_structured_mondrian,4,2311,0.9692773691042839,1.701427953266984,1.701427953266984,0.754945373228246,0.034697644760515796,0.18749732745381464,0,100
50,38,input_dependent_structured_mondrian,1,2368,0.934543918918919,1.8154560810810811,1.8154560810810811,0.5208538207185113,0.03628993466454954,0.06269680671724742,0,100
50,38,input_dependent_structured_mondrian,3,2427,0.9398434281005357,2.2752369180057683,2.2752369180057683,0.687553494012875,0.03551106688803609,0.10336914475035941,0,100
50,38,input_dependent_structured_mondrian,0,491,0.8655804480651731,1.354378818737271,1.354378818737271,0.45456870444477127,0.036935675930865386,-0.013788110891998828,0,50
50,39,independent_mondrian,3,2386,0.8470243084660519,2.203688181056161,2.203688181056161,0.0,0.0,0.595470544234091,0,100
50,39,independent_mondrian,0,474,0.9050632911392406,1.4451476793248945,1.4451476793248945,0.0,0.0,0.5219754903557688,0,50
50,39,independent_mondrian,2,2377,0.9070256625999159,2.1081194783340345,2.1081194783340345,0.0,0.0,0.6449246650070428,0,100
50,39,independent_mondrian,4,2338,0.91830624465355,1.5316509837467922,1.5316509837467922,0.0,0.0,0.8367280066341171,0,100
50,39,independent_mondrian,1,2425,0.9158762886597939,1.9117525773195876,1.9117525773195876,0.0,0.0,0.6159974507879254,0,100
50,39,input_dependent_structured_mondrian,3,2386,0.8893545683151718,2.09010896898575,2.09010896898575,0.6747010188416666,0.03935868820620315,-0.026802342918235134,0,100
50,39,input_dependent_structured_mondrian,0,474,0.9240506329113924,1.3481012658227849,1.3481012658227849,0.4683858576730402,0.03541477642570621,0.038356780508648214,0,50
50,39,input_dependent_structured_mondrian,2,2377,0.8901977282288599,2.0130416491375684,2.0130416491375684,0.6011926494834513,0.03755339839841819,-0.017887151768079756,0,100
50,39,input_dependent_structured_mondrian,4,2338,0.9285714285714286,1.5650128314798974,1.5650128314798974,0.7393964387385572,0.040692786493009586,0.08557764177370064,0,100
50,39,input_dependent_structured_mondrian,1,2425,0.8997938144329897,1.7818556701030928,1.7818556701030928,0.5322387111989719,0.0361992873347455,0.0023885381722641985,0,100
50,40,independent_mondrian,4,2350,0.8859574468085106,1.6536170212765957,1.6536170212765957,0.0,0.0,0.7564472749270863,0,100
50,40,independent_mondrian,1,2383,0.9303399076793957,2.138480906420478,2.138480906420478,0.0,0.0,0.6577016040236484,0,100
50,40,independent_mondrian,2,2471,0.9255362201537839,2.295831647106435,2.295831647106435,0.0,0.0,0.7153446988285517,0,100
50,40,independent_mondrian,3,2289,0.9183049366535605,2.284840541721276,2.284840541721276,0.0,0.0,0.7208271100791489,0,100
50,40,independent_mondrian,0,507,0.9191321499013807,1.5502958579881656,1.5502958579881656,0.0,0.0,0.568092812494184,0,50
50,40,input_dependent_structured_mondrian,4,2350,0.8982978723404256,1.582127659574468,1.582127659574468,0.7636261856844043,0.05485710294520323,-0.00982561196572973,0,100
50,40,input_dependent_structured_mondrian,1,2383,0.8967687788501888,1.8161980696600923,1.8161980696600923,0.5268852121715685,0.033446001275350204,-0.0038233976181212825,0,100
50,40,input_dependent_structured_mondrian,2,2471,0.9214892755969243,2.0105220558478347,2.0105220558478347,0.6029264164432586,0.04001652135687945,0.045107489648455124,0,100
50,40,input_dependent_structured_mondrian,3,2289,0.8999563128003495,2.049366535605068,2.049366535605068,0.6798435400303826,0.04601612603513119,-0.006343514914724624,0,100
50,40,input_dependent_structured_mondrian,0,507,0.8856015779092702,1.3412228796844181,1.3412228796844181,0.45744317863888995,0.029710766207130396,0.011987011875269182,0,50
50,41,independent_mondrian,4,2356,0.9282682512733447,1.5848896434634974,1.5848896434634974,0.0,0.0,0.922786088196798,0,100
50,41,independent_mondrian,1,2434,0.9239934264585046,2.1064092029580936,2.1064092029580936,0.0,0.0,0.6198249011149342,0,100
50,41,independent_mondrian,3,2322,0.8492678725236865,2.2751937984496124,2.2751937984496124,0.0,0.0,0.6220875576969396,0,100
50,41,independent_mondrian,2,2422,0.9079273327828241,2.2378199834847234,2.2378199834847234,0.0,0.0,0.6619062989365156,0,100
50,41,independent_mondrian,0,466,0.9506437768240343,1.5064377682403434,1.5064377682403434,0.0,0.0,0.6303357965353474,0,50
50,41,input_dependent_structured_mondrian,4,2356,0.8769100169779287,1.5589983022071308,1.5589983022071308,0.7501352624759837,0.038323257470591655,-0.003179553549952807,0,100
50,41,input_dependent_structured_mondrian,1,2434,0.9297452752670501,1.8783894823336071,1.8783894823336071,0.5199646148516921,0.03873699581743652,0.053341452442632775,0,100
50,41,input_dependent_structured_mondrian,3,2322,0.8768303186907838,2.02885443583118,2.02885443583118,0.670308946262423,0.040316278525559565,-0.018826718928764696,0,100
50,41,input_dependent_structured_mondrian,2,2422,0.9273327828241124,2.05532617671346,2.05532617671346,0.5963697434779753,0.040212893069210824,0.044830278461091166,0,100
50,41,input_dependent_structured_mondrian,0,466,0.907725321888412,1.3948497854077253,1.3948497854077253,0.4363001733233842,0.036470939126128865,0.05833474640449143,0,50
50,42,independent_mondrian,4,2400,0.9125,1.6833333333333333,1.6833333333333333,0.0,0.0,0.814081835210406,0,100
50,42,independent_mondrian,3,2380,0.9180672268907563,2.288235294117647,2.288235294117647,0.0,0.0,0.752637571232478,0,100
50,42,independent_mondrian,2,2319,0.9172056921086675,2.2522639068564034,2.2522639068564034,0.0,0.0,0.6676402522655713,0,100
50,42,independent_mondrian,1,2408,0.90656146179402,1.9061461794019934,1.9061461794019934,0.0,0.0,0.5910457919909806,0,100
50,42,independent_mondrian,0,493,0.8600405679513184,1.4016227180527383,1.4016227180527383,0.0,0.0,0.4604911771556717,0,50
50,42,input_dependent_structured_mondrian,4,2400,0.9195833333333333,1.6020833333333333,1.6020833333333333,0.7527658190206781,0.04015501602644167,0.029725016529478676,0,100
50,42,input_dependent_structured_mondrian,3,2380,0.9079831932773109,2.1100840336134454,2.1100840336134454,0.6669134528215281,0.036161577071260546,0.02313823007572735,0,100
50,42,input_dependent_structured_mondrian,2,2319,0.92496765847348,2.116860715825787,2.116860715825787,0.5829987097038598,0.034276678403037386,0.045333100864050124,0,100
50,42,input_dependent_structured_mondrian,1,2408,0.9306478405315615,1.9019933554817277,1.9019933554817277,0.5093088009898282,0.03289501068206913,0.08233368181989031,0,100
50,42,input_dependent_structured_mondrian,0,493,0.949290060851927,1.4279918864097363,1.4279918864097363,0.4340405876500701,0.03159745285276817,0.09466034803894874,0,50
50,43,independent_mondrian,1,2396,0.904424040066778,1.8497495826377295,1.8497495826377295,0.0,0.0,0.6063039118948381,0,100
50,43,independent_mondrian,4,2388,0.9032663316582915,1.5422948073701843,1.5422948073701843,0.0,0.0,0.8216971981282868,0,100
50,43,independent_mondrian,3,2325,0.8550537634408603,2.2206451612903226,2.2206451612903226,0.0,0.0,0.6229459814064751,0,100
50,43,independent_mondrian,0,494,0.8866396761133604,1.4615384615384615,1.4615384615384615,0.0,0.0,0.45871738538798085,0,50
50,43,independent_mondrian,2,2397,0.9065498539841469,2.105548602419691,2.105548602419691,0.0,0.0,0.663543997833436,0,100
50,43,input_dependent_structured_mondrian,1,2396,0.919449081803005,1.7833889816360602,1.7833889816360602,0.518726696033013,0.029751667514310756,0.040613880851297246,0,100
50,43,input_dependent_structured_mondrian,4,2388,0.916247906197655,1.597571189279732,1.597571189279732,0.7673058201441897,0.0600498868663317,0.062492549657752416,0,100
50,43,input_dependent_structured_mondrian,3,2325,0.8894623655913978,2.097204301075269,2.097204301075269,0.6728450088940141,0.048151107860065864,-0.0034684547201471183,0,100
50,43,input_dependent_structured_mondrian,0,494,0.8481781376518218,1.3421052631578947,1.3421052631578947,0.43842168632273465,0.022532823206819035,-0.04890692196244967,0,50
50,43,input_dependent_structured_mondrian,2,2397,0.9119732999582811,2.06174384647476,2.06174384647476,0.5999411715681809,0.039267654251695976,0.04142429987031104,0,100
50,44,independent_mondrian,1,2309,0.9047206582936336,1.9601559116500649,1.9601559116500649,0.0,0.0,0.604473228354208,0,100
50,44,independent_mondrian,3,2402,0.9009159034138218,2.13488759367194,2.13488759367194,0.0,0.0,0.7142120473691436,0,100
50,44,independent_mondrian,2,2400,0.8975,2.1791666666666667,2.1791666666666667,0.0,0.0,0.6519086152864123,0,100
50,44,independent_mondrian,4,2376,0.8657407407407407,1.5740740740740742,1.5740740740740742,0.0,0.0,0.7043055600524739,0,100
50,44,independent_mondrian,0,513,0.9142300194931774,1.4580896686159843,1.4580896686159843,0.0,0.0,0.5301233535758698,0,50
50,44,input_dependent_structured_mondrian,1,2309,0.895192724122997,1.779125162407969,1.779125162407969,0.5321196477365472,0.03568406386017458,0.013953524110240756,0,100
50,44,input_dependent_structured_mondrian,3,2402,0.8201498751040799,1.9666944213155704,1.9666944213155704,0.664112238214618,0.0439108793846958,-0.09976748169179162,0,100
50,44,input_dependent_structured_mondrian,2,2400,0.9175,1.9579166666666667,1.9579166666666667,0.603337312431754,0.03826495184341175,0.034749845792937495,0,100
50,44,input_dependent_structured_mondrian,4,2376,0.9031986531986532,1.478956228956229,1.478956228956229,0.7502838469072515,0.04744065930294964,0.009791206361393745,0,100
50,44,input_dependent_structured_mondrian,0,513,0.8908382066276803,1.345029239766082,1.345029239766082,0.4548049074941856,0.030497721259735138,-0.016284484760604928,0,50
50,45,independent_mondrian,3,2309,0.9423993070593331,2.3113902122130794,2.3113902122130794,0.0,0.0,0.8606648831629485,0,100
50,45,independent_mondrian,2,2379,0.8957545187053384,2.253467843631778,2.253467843631778,0.0,0.0,0.6354617608562837,0,100
50,45,independent_mondrian,4,2373,0.9372102823430257,1.766961651917404,1.766961651917404,0.0,0.0,0.9065479085774758,0,100
50,45,independent_mondrian,1,2454,0.8459657701711492,1.7775061124694376,1.7775061124694376,0.0,0.0,0.48073123798811074,0,100
50,45,independent_mondrian,0,485,0.7958762886597938,1.1298969072164948,1.1298969072164948,0.0,0.0,0.3848103680726469,0,50
50,45,input_dependent_structured_mondrian,3,2309,0.9116500649631876,2.1134690342139453,2.1134690342139453,0.6632551135036528,0.037509663777929324,0.0365302082591919,0,100
50,45,input_dependent_structured_mondrian,2,2379,0.898276586801177,2.0054644808743167,2.0054644808743167,0.5893043737945869,0.03749144377267934,0.013562779022822546,0,100
50,45,input_dependent_structured_mondrian,4,2373,0.9338390223345976,1.6089338390223347,1.6089338390223347,0.7372853135138693,0.03877909614057377,0.09870095699474224,0,100
50,45,input_dependent_structured_mondrian,1,2454,0.8329258353708231,1.6621841890790545,1.6621841890790545,0.5206880221010988,0.03648400369332057,-0.045274278663795575,0,100
50,45,input_dependent_structured_mondrian,0,485,0.7793814432989691,1.1587628865979382,1.1587628865979382,0.43715755194396316,0.03437896912091368,-0.0681166055403144,0,50
50,46,independent_mondrian,1,2365,0.9137420718816067,1.9175475687103594,1.9175475687103594,0.0,0.0,0.5958752882572124,0,100
50,46,independent_mondrian,4,2356,0.8637521222410866,1.531409168081494,1.531409168081494,0.0,0.0,0.7029606369885849,0,100
50,46,independent_mondrian,2,2392,0.907608695652174,2.0948996655518393,2.0948996655518393,0.0,0.0,0.6573522271310589,0,100
50,46,independent_mondrian,0,501,0.9101796407185628,1.401197604790419,1.401197604790419,0.0,0.0,0.5073283728205252,0,50
50,46,independent_mondrian,3,2386,0.8893545683151718,2.128667225481978,2.128667225481978,0.0,0.0,0.6561510603723726,0,100
50,46,input_dependent_structured_mondrian,1,2365,0.9145877378435519,1.8190274841437633,1.8190274841437633,0.5249981379015275,0.031350088319531136,0.023288568412749733,0,100
50,46,input_dependent_structured_mondrian,4,2356,0.8607809847198642,1.5560271646859083,1.5560271646859083,0.7277370145803146,0.04762864510990568,-0.03618403785631763,0,100
50,46,input_dependent_structured_mondrian,2,2392,0.9201505016722408,2.072324414715719,2.072324414715719,0.6008140034493992,0.03727213079448741,0.0434771972782822,0,100
50,46,input_dependent_structured_mondrian,0,501,0.9101796407185628,1.3652694610778444,1.3652694610778444,0.45716695207895613,0.025413893200742735,-0.01585102109960701,0,50
50,46,input_dependent_structured_mondrian,3,2386,0.9249790444258172,2.0305951383067895,2.0305951383067895,0.660970603857162,0.041614455995674836,0.05524301861789227,0,100
50,47,independent_mondrian,1,2359,0.8855447223399746,1.9215769393810938,1.9215769393810938,0.0,0.0,0.5456853091869103,0,100
50,47,independent_mondrian,0,505,0.9386138613861386,1.3603960396039605,1.3603960396039605,0.0,0.0,0.5585165055387027,0,50
50,47,independent_mondrian,2,2371,0.9004639392661324,1.931674398987769,1.931674398987769,0.0,0.0,0.638365542755898,0,100
50,47,independent_mondrian,4,2380,0.853781512605042,1.4247899159663866,1.4247899159663866,0.0,0.0,0.6740038582585381,0,100
50,47,independent_mondrian,3,2385,0.8280922431865828,2.0129979035639414,2.0129979035639414,0.0,0.0,0.5807464875870773,0,100
50,47,input_dependent_structured_mondrian,1,2359,0.8554472233997457,1.642645188639254,1.642645188639254,0.5078750216563297,0.024089734852794465,-0.03720285610656099,0,100
50,47,input_dependent_structured_mondrian,0,505,0.902970297029703,1.2792079207920792,1.2792079207920792,0.4259293021848452,0.01835350723210526,0.019999513290143822,0,50
50,47,input_dependent_structured_mondrian,2,2371,0.8743146351750316,1.845634753268663,1.845634753268663,0.5896405448616162,0.034739157501001525,-0.028908716047834182,0,100
50,47,input_dependent_structured_mondrian,4,2380,0.8794117647058823,1.438235294117647,1.438235294117647,0.7642733112128254,0.05654156148320173,-0.05402785543579125,0,100
50,47,input_dependent_structured_mondrian,3,2385,0.8733752620545073,1.9144654088050315,1.9144654088050315,0.6899257261731947,0.04326588759690757,-0.06165314868108629,0,100
50,48,independent_mondrian,3,2357,0.8408994484514213,2.1294017819261772,2.1294017819261772,0.0,0.0,0.5805685758040753,0,100
50,48,independent_mondrian,1,2372,0.9258010118043845,1.9165261382799326,1.9165261382799326,0.0,0.0,0.6220086362190002,0,100
50,48,independent_mondrian,0,459,0.8976034858387799,1.4901960784313726,1.4901960784313726,0.0,0.0,0.5005463213925115,0,50
50,48,independent_mondrian,2,2426,0.9101401483924155,2.0523495465787303,2.0523495465787303,0.0,0.0,0.6654554244077175,0,100
50,48,independent_mondrian,4,2386,0.8889354568315172,1.4719195305951382,1.4719195305951382,0.0,0.0,0.7344095192364102,0,100
50,48,input_dependent_structured_mondrian,3,2357,0.8985999151463725,2.09291472210437,2.09291472210437,0.6851253726842779,0.04377338700623031,-0.02849051333520214,0,100
50,48,input_dependent_structured_mondrian,1,2372,0.9220067453625632,1.827150084317032,1.827150084317032,0.5272766957701863,0.03702553825041939,0.039236827394417806,0,100
50,48,input_dependent_structured_mondrian,0,459,0.9084967320261438,1.4509803921568627,1.4509803921568627,0.4656857321435307,0.033222798542239244,0.007548156355433766,0,50
50,48,input_dependent_structured_mondrian,2,2426,0.9187963726298434,2.078318219291014,2.078318219291014,0.6106650033126392,0.03995555327395762,0.022997087101060076,0,100
50,48,input_dependent_structured_mondrian,4,2386,0.922883487007544,1.5607711651299245,1.5607711651299245,0.7602990983583873,0.05156165195012565,0.02130444060623593,0,100
50,49,independent_mondrian,2,2421,0.8888888888888888,2.13424204874019,2.13424204874019,0.0,0.0,0.608967926486471,0,100
50,49,independent_mondrian,3,2354,0.8903993203058623,2.0938827527612576,2.0938827527612576,0.0,0.0,0.6687022977880767,0,100
50,49,independent_mondrian,0,489,0.9325153374233128,1.4826175869120655,1.4826175869120655,0.0,0.0,0.5574403298500256,0,50
50,49,independent_mondrian,1,2427,0.915121549237742,1.9361351462711167,1.9361351462711167,0.0,0.0,0.6170846289316071,0,100
50,49,independent_mondrian,4,2309,0.8713728886964054,1.5275010827197921,1.5275010827197921,0.0,0.0,0.719462839143708,0,100
50,49,input_dependent_structured_mondrian,2,2421,0.8467575382073523,1.9504337050805451,1.9504337050805451,0.5977872347164003,0.03804704647628328,-0.065753774667001,0,100
50,49,input_dependent_structured_mondrian,3,2354,0.9137638062871708,1.93160577740017,1.93160577740017,0.677206474121028,0.0428972333390179,-3.26943419827197e-05,0,100
50,49,input_dependent_structured_mondrian,0,489,0.9222903885480572,1.3333333333333333,1.3333333333333333,0.4288069148682872,0.028983325605998672,0.03786989979165323,0,50
50,49,input_dependent_structured_mondrian,1,2427,0.8928718582612278,1.7210548001648125,1.7210548001648125,0.5164403048462075,0.03270216403217032,0.013277386755740306,0,100
50,49,input_dependent_structured_mondrian,4,2309,0.8873971416197488,1.5041143352100477,1.5041143352100477,0.7621763720393844,0.04909933435026098,-0.04345848914050121,0,100
20,0,independent_mondrian,4,2312,0.9381487889273357,1.7201557093425606,1.7201557093425606,0.0,0.0,0.9086717707126719,0,100
20,0,independent_mondrian,3,2461,0.9158878504672897,2.432750914262495,2.432750914262495,0.0,0.0,0.764400878274477,0,100
20,0,independent_mondrian,2,2462,0.9289195775792038,2.4147034930950446,2.4147034930950446,0.0,0.0,0.7200363931143703,0,100
20,0,independent_mondrian,0,456,0.9495614035087719,1.581140350877193,1.581140350877193,0.0,0.0,0.6074888706745213,0,20
20,0,independent_mondrian,1,2309,0.9268081420528367,2.1957557384148982,2.1957557384148982,0.0,0.0,0.6390534730713647,0,100
20,0,input_dependent_structured_mondrian,4,2312,0.9286332179930796,1.606833910034602,1.606833910034602,0.7656462742769269,0.05069611835247049,0.05949506559696294,0,100
20,0,input_dependent_structured_mondrian,3,2461,0.9028850060950833,2.1332791548151158,2.1332791548151158,0.6825203850525794,0.0466691938965912,0.0006708742482687824,0,100
20,0,input_dependent_structured_mondrian,2,2462,0.920796100731113,2.0755483346872463,2.0755483346872463,0.6046050579586657,0.042110568794944576,0.031198460610063372,0,100
20,0,input_dependent_structured_mondrian,0,456,0.8245614035087719,1.337719298245614,1.337719298245614,0.4584954866060222,0.03439867581220627,-0.05181368322513952,0,20
20,0,input_dependent_structured_mondrian,1,2309,0.9294066695539195,1.7929839757470767,1.7929839757470767,0.5299941680379456,0.03616737850581327,0.04835779014510544,0,100
20,1,independent_mondrian,4,2373,0.8419721871049305,1.3855878634639696,1.3855878634639696,0.0,0.0,0.6623666111242456,0,100
20,1,independent_mondrian,2,2367,0.8326996197718631,1.8956485002112378,1.8956485002112378,0.0,0.0,0.5115687462934244,0,100
20,1,independent_mondrian,1,2365,0.9137420718816067,1.7517970401691332,1.7517970401691332,0.0,0.0,0.585222984599247,0,100
20,1,independent_mondrian,0,529,0.9149338374291115,1.4310018903591681,1.4310018903591681,0.0,0.0,0.5523297139067838,0,20
20,1,independent_mondrian,3,2366,0.8398140321217245,1.8816568047337279,1.8816568047337279,0.0,0.0,0.5764486160831879,0,100
20,1,input_dependent_structured_mondrian,4,2373,0.8798988621997471,1.438685208596713,1.438685208596713,0.7483882252749704,0.05079229478478208,-0.0390526416512027,0,100
20,1,input_dependent_structured_mondrian,2,2367,0.8415716096324461,1.8918462188424165,1.8918462188424165,0.6014745218628156,0.04387643746948329,-0.06306704994134316,0,100
20,1,input_dependent_structured_mondrian,1,2365,0.919661733615222,1.809725158562368,1.809725158562368,0.5342830277673442,0.04099236708717703,0.03060747302511696,0,100
20,1,input_dependent_structured_mondrian,0,529,0.9621928166351607,1.4253308128544424,1.4253308128544424,0.4662381336399777,0.038108582481985315,0.11020020006492853,0,20
20,1,input_dependent_structured_mondrian,3,2366,0.8224852071005917,1.878698224852071,1.878698224852071,0.6740649136034517,0.04882234583482488,-0.09478629791356774,0,100
20,2,independent_mondrian,4,2409,0.8555417185554172,1.469074304690743,1.469074304690743,0.0,0.0,0.6937802306843096,0,100
20,2,independent_mondrian,2,2382,0.8942065491183879,2.184298908480269,2.184298908480269,0.0,0.0,0.6177327206646631,0,100
20,2,independent_mondrian,1,2349,0.9582801191996594,1.9033631332481906,1.9033631332481906,0.0,0.0,0.7227750610020124,0,100
20,2,independent_mondrian,3,2325,0.8731182795698925,2.115698924731183,2.115698924731183,0.0,0.0,0.6266319291873593,0,100
20,2,independent_mondrian,0,535,0.897196261682243,1.6205607476635513,1.6205607476635513,0.0,0.0,0.5108673625088848,0,20
20,2,input_dependent_structured_mondrian,4,2409,0.8655043586550436,1.3914487339144874,1.3914487339144874,0.7361464181526229,0.0327422103643571,-0.04776263447486928,0,100
20,2,input_dependent_structured_mondrian,2,2382,0.8308144416456759,1.929471032745592,1.929471032745592,0.6054907861789663,0.03466435017125897,-0.08187605763978123,0,100
20,2,input_dependent_structured_mondrian,1,2349,0.966794380587484,1.7313750532141337,1.7313750532141337,0.5335199296193541,0.03738844164327154,0.13004216285753356,0,100
20,2,input_dependent_structured_mondrian,3,2325,0.8133333333333334,1.853763440860215,1.853763440860215,0.6612398284726568,0.03419467461339067,-0.11989045328240264,0,100
20,2,input_dependent_structured_mondrian,0,535,0.908411214953271,1.4616822429906542,1.4616822429906542,0.4730353970487636,0.039902321819661975,0.014056697047649891,0,20
20,3,independent_mondrian,3,2425,0.9323711340206186,2.279175257731959,2.279175257731959,0.0,0.0,0.7972329715545257,0,100
20,3,independent_mondrian,0,482,0.7219917012448133,1.1763485477178424,1.1763485477178424,0.0,0.0,0.28539710127120804,0,20
20,3,independent_mondrian,2,2392,0.9168060200668896,2.220735785953177,2.220735785953177,0.0,0.0,0.6841153014714653,0,100
20,3,independent_mondrian,1,2421,0.8938455183808344,1.7525815778603884,1.7525815778603884,0.0,0.0,0.5490752679146813,0,100
20,3,independent_mondrian,4,2280,0.9083333333333333,1.7236842105263157,1.7236842105263157,0.0,0.0,0.7790764476862351,0,100
20,3,input_dependent_structured_mondrian,3,2425,0.9249484536082474,2.0523711340206185,2.0523711340206185,0.6799450202974275,0.038122926787597614,0.041544713523220866,0,100
20,3,input_dependent_structured_mondrian,0,482,0.9066390041493776,1.3755186721991701,1.3755186721991701,0.4928879299812624,0.044073654705274135,-0.024306116728377986,0,20
20,3,input_dependent_structured_mondrian,2,2392,0.895066889632107,2.065635451505017,2.065635451505017,0.6115871819514227,0.039637545004242804,-0.005636760323725287,0,100
20,3,input_dependent_structured_mondrian,1,2421,0.9149111937216027,1.8083436596447748,1.8083436596447748,0.5518065342124032,0.04052366454743935,0.011340512723761742,0,100
20,3,input_dependent_structured_mondrian,4,2280,0.9026315789473685,1.6105263157894736,1.6105263157894736,0.7428534877651567,0.03939231702757852,-0.01394713544655718,0,100
20,4,independent_mondrian,2,2366,0.9404057480980558,2.10989010989011,2.10989010989011,0.0,0.0,0.7550614958291322,0,100
20,4,independent_mondrian,1,2366,0.8524936601859678,2.061707523245985,2.061707523245985,0.0,0.0,0.495266275528074,0,100
20,4,independent_mondrian,3,2418,0.9263854425144747,2.248552522746071,2.248552522746071,0.0,0.0,0.7410045016333981,0,100
20,4,independent_mondrian,4,2358,0.871501272264631,1.6649703138252756,1.6649703138252756,0.0,0.0,0.7114025995093395,0,100
20,4,independent_mondrian,0,492,0.9390243902439024,1.3475609756097562,1.3475609756097562,0.0,0.0,0.542586691665991,0,20
20,4,input_dependent_structured_mondrian,2,2366,0.9163144547759933,2.043533389687236,2.043533389687236,0.6158048629665309,0.03653759329859306,0.012859060624803909,0,100
20,4,input_dependent_structured_mondrian,1,2366,0.8926458157227388,1.8461538461538463,1.8461538461538463,0.5583956211214675,0.03601780590611811,-0.022913380056649613,0,100
20,4,input_dependent_structured_mondrian,3,2418,0.9181141439205955,2.035980148883375,2.035980148883375,0.6617310961345894,0.03848661562676416,0.010324074015586437,0,100
20,4,input_dependent_structured_mondrian,4,2358,0.8901611535199322,1.5640373197625106,1.5640373197625106,0.7273379403575947,0.03835204998550831,-0.0040528757377473745,0,100
20,4,input_dependent_structured_mondrian,0,492,0.943089430894309,1.3516260162601625,1.3516260162601625,0.4745687831013101,0.035196760408130294,0.017638694317049897,0,20
20,5,independent_mondrian,1,2411,0.9477395271671506,2.307341352136043,2.307341352136043,0.0,0.0,0.7114413177101696,0,100
20,5,independent_mondrian,3,2333,0.9348478354050579,2.32233176168024,2.32233176168024,0.0,0.0,0.8122923761539864,0,100
20,5,independent_mondrian,4,2388,0.8873534338358459,1.7005862646566163,1.7005862646566163,0.0,0.0,0.7541547990759729,0,100
20,5,independent_mondrian,2,2374,0.9245998315080034,2.479780960404381,2.479780960404381,0.0,0.0,0.7038891455028076,0,100
20,5,independent_mondrian,0,494,0.9635627530364372,1.6700404858299596,1.6700404858299596,0.0,0.0,0.6508695721589659,0,20
20,5,input_dependent_structured_mondrian,1,2411,0.9245126503525508,1.9535462463708004,1.9535462463708004,0.5530915153466451,0.04484889599541457,0.020660294326217354,0,100
20,5,input_dependent_structured_mondrian,3,2333,0.9481354479211316,2.113159022717531,2.113159022717531,0.6768706417953655,0.04331239395566525,0.10066118364371768,0,100
20,5,input_dependent_structured_mondrian,4,2388,0.8777219430485762,1.6436348408710217,1.6436348408710217,0.7517486884027671,0.04353945289456486,-0.04968709237031488,0,100
20,5,input_dependent_structured_mondrian,2,2374,0.9380791912384162,2.1630160067396798,2.1630160067396798,0.6156558193104288,0.0435813733535808,0.06529910838721042,0,100
20,5,input_dependent_structured_mondrian,0,494,0.917004048582996,1.4109311740890689,1.4109311740890689,0.4934392705149736,0.04122167760913569,0.003993170654281619,0,20
20,6,independent_mondrian,1,2378,0.9222035323801514,1.7010092514718251,1.7010092514718251,0.0,0.0,0.6223224280664742,0,100
20,6,independent_mondrian,4,2368,0.8872466216216216,1.6258445945945945,1.6258445945945945,0.0,0.0,0.7850278205966088,0,100
20,6,independent_mondrian,3,2357,0.9185405176071277,2.1607976240984303,2.1607976240984303,0.0,0.0,0.7508738253408747,0,100
20,6,independent_mondrian,2,2390,0.8811715481171548,2.22510460251046,2.22510460251046,0.0,0.0,0.5837199807615614,0,100
20,6,independent_mondrian,0,507,0.7988165680473372,1.349112426035503,1.349112426035503,0.0,0.0,0.3619477754577655,0,20
20,6,input_dependent_structured_mondrian,1,2378,0.9179983179142136,1.7964676198486123,1.7964676198486123,0.554746273517636,0.04287493475425972,0.009646818034897253,0,100
20,6,input_dependent_structured_mondrian,4,2368,0.9016047297297297,1.5747466216216217,1.5747466216216217,0.7580704464052904,0.041405305876000546,0.020992029892483055,0,100
20,6,input_dependent_structured_mondrian,3,2357,0.8973271107339839,2.082732286805261,2.082732286805261,0.6894061088884647,0.040841785716826645,-0.012179751653886406,0,100
20,6,input_dependent_structured_mondrian,2,2390,0.9121338912133892,2.0451882845188285,2.0451882845188285,0.6176158285607956,0.04007214974671057,0.0029294110874345525,0,100
20,6,input_dependent_structured_mondrian,0,507,0.8382642998027613,1.2899408284023668,1.2899408284023668,0.4848524753201702,0.04085271234660553,-0.07442471309472806,0,20
20,7,independent_mondrian,4,2358,0.9130619168787107,1.751908396946565,1.751908396946565,0.0,0.0,0.8131979079681921,0,100
20,7,independent_mondrian,3,2432,0.9198190789473685,2.4161184210526314,2.4161184210526314,0.0,0.0,0.7960891603556736,0,100
20,7,independent_mondrian,1,2389,0.9037254081205526,2.6090414399330264,2.6090414399330264,0.0,0.0,0.5895030831775854,0,100
20,7,independent_mondrian,2,2316,0.9529360967184801,2.495250431778929,2.495250431778929,0.0,0.0,0.7797842911121952,0,100
20,7,independent_mondrian,0,505,0.9920792079207921,1.491089108910891,1.491089108910891,0.0,0.0,0.921723699156416,0,20
20,7,input_dependent_structured_mondrian,4,2358,0.8931297709923665,1.4987277353689568,1.4987277353689568,0.7330645540948273,0.03826357362532613,0.007613817100841691,0,100
20,7,input_dependent_structured_mondrian,3,2432,0.865953947368421,2.0345394736842106,2.0345394736842106,0.6777658146810254,0.03580582022583492,-0.037303025006028334,0,100
20,7,input_dependent_structured_mondrian,1,2389,0.8987023859355379,1.9388865634156551,1.9388865634156551,0.5375139776650188,0.031492638326480686,-0.012304664019768818,0,100
20,7,input_dependent_structured_mondrian,2,2316,0.9097582037996546,1.9956822107081174,1.9956822107081174,0.6012808900781877,0.03422274394106903,0.0023589783199957637,0,100
20,7,input_dependent_structured_mondrian,0,505,0.9821782178217822,1.382178217821782,1.382178217821782,0.4811274154188068,0.030474367064658385,0.18130505618963433,0,20
20,8,independent_mondrian,2,2340,0.8683760683760684,2.2115384615384617,2.2115384615384617,0.0,0.0,0.5761861189907258,0,100
20,8,independent_mondrian,3,2379,0.9016393442622951,2.1832702816309375,2.1832702816309375,0.0,0.0,0.7059717276294629,0,100
20,8,independent_mondrian,0,487,0.9219712525667351,1.4969199178644763,1.4969199178644763,0.0,0.0,0.5551206189802782,0,20
20,8,independent_mondrian,1,2408,0.9339700996677741,1.9169435215946844,1.9169435215946844,0.0,0.0,0.6383812283128754,0,100
20,8,independent_mondrian,4,2386,0.9111483654652137,1.5917854149203687,1.5917854149203687,0.0,0.0,0.8237899368140679,0,100
20,8,input_dependent_structured_mondrian,2,2340,0.8987179487179487,2.0525641025641024,2.0525641025641024,0.5928985775495684,0.037492954085972495,0.0249378697293538,0,100
20,8,input_dependent_structured_mondrian,3,2379,0.9113072719630096,2.1416561580496007,2.1416561580496007,0.6830801923130321,0.03862926365738347,0.005915868811137703,0,100
20,8,input_dependent_structured_mondrian,0,487,0.9014373716632443,1.3470225872689938,1.3470225872689938,0.4211414380003105,0.033323700496250934,0.05316896047043029,0,20
20,8,input_dependent_structured_mondrian,1,2408,0.9107142857142857,1.8280730897009967,1.8280730897009967,0.5096681308336006,0.035439128072520844,0.034798398425494814,0,100
20,8,input_dependent_structured_mondrian,4,2386,0.9312657166806371,1.5766974015088013,1.5766974015088013,0.7613367508068261,0.03978044268700758,0.05742363072722667,0,100
20,9,independent_mondrian,1,2289,0.9602446483180428,1.872433377020533,1.872433377020533,0.0,0.0,0.748540060347168,0,100
20,9,independent_mondrian,4,2354,0.9022939677145284,1.6214953271028036,1.6214953271028036,0.0,0.0,0.7491538964795076,0,100
20,9,independent_mondrian,2,2464,0.942775974025974,2.262581168831169,2.262581168831169,0.0,0.0,0.7482660425545979,0,100
20,9,independent_mondrian,3,2399,0.8691121300541892,2.299708211754898,2.299708211754898,0.0,0.0,0.642084273945594,0,100
20,9,independent_mondrian,0,494,0.7591093117408907,1.5769230769230769,1.5769230769230769,0.0,0.0,0.3108050052311532,0,20
20,9,input_dependent_structured_mondrian,1,2289,0.9462647444298821,1.8584534731323723,1.8584534731323723,0.5451678537808108,0.04057978881083832,0.0638285514258678,0,100
20,9,input_dependent_structured_mondrian,4,2354,0.9413763806287171,1.6622769753610875,1.6622769753610875,0.7360178424503954,0.03312584265637274,0.07447135755264028,0,100
20,9,input_dependent_structured_mondrian,2,2464,0.9103084415584416,2.1412337662337664,2.1412337662337664,0.599257002687681,0.037509258550336974,0.0014104325942216889,0,100
20,9,input_dependent_structured_mondrian,3,2399,0.9303876615256357,2.153814089203835,2.153814089203835,0.6695444013862669,0.035172643345295664,0.06423888128009347,0,100
20,9,input_dependent_structured_mondrian,0,494,0.9129554655870445,1.4352226720647774,1.4352226720647774,0.4857183987469134,0.044158160663174593,-0.014985176569752068,0,20
20,10,independent_mondrian,4,2374,0.8407750631844987,1.6364785172704297,1.6364785172704297,0.0,0.0,0.6675669047944284,0,100
20,10,independent_mondrian,2,2386,0.9174350377200335,2.4015088013411567,2.4015088013411567,0.0,0.0,0.6594432498125289,0,100
20,10,independent_mondrian,1,2387,0.9585253456221198,2.0892333472978635,2.0892333472978635,0.0,0.0,0.7498606031867062,0,100
20,10,independent_mondrian,3,2391,0.9188624006691761,2.1974069427017984,2.1974069427017984,0.0,0.0,0.7677920602947123,0,100
20,10,independent_mondrian,0,462,0.9458874458874459,1.7467532467532467,1.7467532467532467,0.0,0.0,0.5689581335949725,0,20
20,10,input_dependent_structured_mondrian,4,2374,0.8744734625105307,1.5467565290648695,1.5467565290648695,0.775122620399567,0.045055320311471206,-0.0547651114957336,0,100
20,10,input_dependent_structured_mondrian,2,2386,0.8981559094719195,1.9706621961441744,1.9706621961441744,0.5952795799066011,0.03629997546979083,-0.026230829643852593,0,100
20,10,input_dependent_structured_mondrian,1,2387,0.9275240888144114,1.7482195224130708,1.7482195224130708,0.5264668709930445,0.03238236473066444,0.04895190748491829,0,100
20,10,input_dependent_structured_mondrian,3,2391,0.8866583019657047,1.959012965286491,1.959012965286491,0.6842856081995464,0.041204724683714715,-0.023918371841893493,0,100
20,10,input_dependent_structured_mondrian,0,462,0.8831168831168831,1.3874458874458875,1.3874458874458875,0.45517661264389414,0.028390982362167527,-0.0171452024835429,0,20
20,11,independent_mondrian,0,505,0.906930693069307,1.398019801980198,1.398019801980198,0.0,0.0,0.5390937100720621,0,20
20,11,independent_mondrian,3,2370,0.9105485232067511,2.0371308016877636,2.0371308016877636,0.0,0.0,0.7453928396089827,0,100
20,11,independent_mondrian,1,2311,0.8978797057550844,1.916486369536997,1.916486369536997,0.0,0.0,0.5541603039111354,0,100
20,11,independent_mondrian,2,2356,0.884974533106961,2.1052631578947367,2.1052631578947367,0.0,0.0,0.6118699250666162,0,100
20,11,independent_mondrian,4,2458,0.8307567127746135,1.5593978844589096,1.5593978844589096,0.0,0.0,0.6531388578383235,0,100
20,11,input_dependent_structured_mondrian,0,505,0.7920792079207921,1.2613861386138614,1.2613861386138614,0.45760298613028927,0.037226306662890896,-0.05704348921408825,0,20
20,11,input_dependent_structured_mondrian,3,2370,0.9421940928270042,2.10042194092827,2.10042194092827,0.7062449411145503,0.053072321159182194,0.08241745915640097,0,100
20,11,input_dependent_structured_mondrian,1,2311,0.8797057550843791,1.8178277801817395,1.8178277801817395,0.5349221314047711,0.04061181223437681,-0.029139320224787935,0,100
20,11,input_dependent_structured_mondrian,2,2356,0.9235993208828522,2.127334465195246,2.127334465195246,0.624918800590269,0.04690843963257376,0.02970242091528813,0,100
20,11,input_dependent_structured_mondrian,4,2458,0.8816110659072417,1.6399511798209927,1.6399511798209927,0.7900090460075947,0.06288729992138636,-0.03813060761343823,0,100
20,12,independent_mondrian,1,2381,0.8723225535489291,1.8450230995380092,1.8450230995380092,0.0,0.0,0.5327092527326599,0,100
20,12,independent_mondrian,3,2342,0.9487617421007686,2.2993168232280103,2.2993168232280103,0.0,0.0,0.8770144983834617,0,100
20,12,independent_mondrian,4,2423,0.9162195625257945,1.7746595130004128,1.7746595130004128,0.0,0.0,0.8428148178241482,0,100
20,12,independent_mondrian,0,484,0.8140495867768595,1.1983471074380165,1.1983471074380165,0.0,0.0,0.3751471397395131,0,20
20,12,independent_mondrian,2,2370,0.9067510548523207,2.30168776371308,2.30168776371308,0.0,0.0,0.663049417068938,0,100
20,12,input_dependent_structured_mondrian,1,2381,0.9193616127677446,1.8135237295254094,1.8135237295254094,0.5377412615779347,0.03665776050866483,0.04376857535170553,0,100
20,12,input_dependent_structured_mondrian,3,2342,0.9368061485909479,2.1280956447480786,2.1280956447480786,0.6733542212693795,0.04200957493033121,0.10850112716756366,0,100
20,12,input_dependent_structured_mondrian,4,2423,0.9290136194799835,1.6557985967808502,1.6557985967808502,0.741498274177396,0.0476533194038062,0.07745779260623437,0,100
20,12,input_dependent_structured_mondrian,0,484,0.8429752066115702,1.2830578512396693,1.2830578512396693,0.4608537642683249,0.03181819692435038,-0.05099621916908367,0,20
20,12,input_dependent_structured_mondrian,2,2370,0.8763713080168777,2.1654008438818564,2.1654008438818564,0.6041129445476683,0.03877343923183893,-0.015155916864528884,0,100
20,13,independent_mondrian,2,2340,0.9115384615384615,2.323931623931624,2.323931623931624,0.0,0.0,0.6706086745734863,0,100
20,13,independent_mondrian,3,2414,0.9125932062966031,2.311930405965203,2.311930405965203,0.0,0.0,0.7672327102357835,0,100
20,13,independent_mondrian,1,2350,0.9251063829787234,1.896595744680851,1.896595744680851,0.0,0.0,0.6330226029296798,0,100
20,13,independent_mondrian,4,2411,0.9203649937785151,1.7104935711323102,1.7104935711323102,0.0,0.0,0.8576963335386919,0,100
20,13,independent_mondrian,0,485,0.8494845360824742,1.4618556701030927,1.4618556701030927,0.0,0.0,0.43075341133241535,0,20
20,13,input_dependent_structured_mondrian,2,2340,0.8764957264957265,2.055128205128205,2.055128205128205,0.5900330303701268,0.035513152857277255,-0.03509456374482889,0,100
20,13,input_dependent_structured_mondrian,3,2414,0.9117647058823529,2.0376967688483845,2.0376967688483845,0.6703507435735707,0.04054574164154996,0.027573845019004617,0,100
20,13,input_dependent_structured_mondrian,1,2350,0.9348936170212766,1.696595744680851,1.696595744680851,0.5060494869865014,0.03109216508925807,0.07217618272141624,0,100
20,13,input_dependent_structured_mondrian,4,2411,0.926171712982165,1.613023641642472,1.613023641642472,0.7515090686877506,0.044094478588145095,0.050346140003287077,0,100
20,13,input_dependent_structured_mondrian,0,485,0.8123711340206186,1.2969072164948454,1.2969072164948454,0.44453195280955277,0.028941738885882924,-0.03921062375193948,0,20
20,14,independent_mondrian,3,2402,0.8713572023313905,2.0524562864279767,2.0524562864279767,0.0,0.0,0.6622394780290992,0,100
20,14,independent_mondrian,4,2394,0.8558897243107769,1.4995822890559733,1.4995822890559733,0.0,0.0,0.6779123704185184,0,100
20,14,independent_mondrian,1,2336,0.9199486301369864,1.882277397260274,1.882277397260274,0.0,0.0,0.6090308020232815,0,100
20,14,independent_mondrian,2,2365,0.8913319238900634,2.0980972515856235,2.0980972515856235,0.0,0.0,0.612189720680349,0,100
20,14,independent_mondrian,0,503,0.9224652087475149,1.4413518886679921,1.4413518886679921,0.0,0.0,0.5287903147856486,0,20
20,14,input_dependent_structured_mondrian,3,2402,0.8684429641965029,1.9891756869275603,1.9891756869275603,0.6648581200276267,0.03356813035510953,-0.026267888841251974,0,100
20,14,input_dependent_structured_mondrian,4,2394,0.9193817878028404,1.5,1.5,0.7281804632326472,0.030614036680842567,0.03325977794267798,0,100
20,14,input_dependent_structured_mondrian,1,2336,0.9092465753424658,1.7178938356164384,1.7178938356164384,0.5133843467724853,0.039259530585968476,0.030810964031214083,0,100
20,14,input_dependent_structured_mondrian,2,2365,0.8536997885835095,1.9742071881606766,1.9742071881606766,0.5968838222171967,0.035085609960403843,-0.04912791102489478,0,100
20,14,input_dependent_structured_mondrian,0,503,0.9125248508946322,1.3399602385685885,1.3399602385685885,0.45798909939085086,0.041171860877527194,0.036916301669531026,0,20
20,15,independent_mondrian,4,2308,0.854419410745234,1.697573656845754,1.697573656845754,0.0,0.0,0.7019287641461552,0,100
20,15,independent_mondrian,0,499,0.9939879759519038,1.5991983967935872,1.5991983967935872,0.0,0.0,0.947963121412546,0,20
20,15,independent_mondrian,2,2353,0.8754781130471738,2.517637059073523,2.517637059073523,0.0,0.0,0.6024305508297787,0,100
20,15,independent_mondrian,3,2360,0.9491525423728814,2.1529661016949153,2.1529661016949153,0.0,0.0,0.87895510387125,0,100
20,15,independent_mondrian,1,2480,0.9254032258064516,2.4346774193548386,2.4346774193548386,0.0,0.0,0.6220088229117887,0,100
20,15,input_dependent_structured_mondrian,4,2308,0.8691507798960139,1.5632582322357018,1.5632582322357018,0.7459585878013639,0.04390775954280281,-0.03295428137305301,0,100
20,15,input_dependent_structured_mondrian,0,499,0.9759519038076152,1.4849699398797596,1.4849699398797596,0.4726025538137074,0.037808493173291796,0.17504031726974467,0,20
20,15,input_dependent_structured_mondrian,2,2353,0.9137271568210795,2.0994475138121547,2.0994475138121547,0.5973202032471063,0.040232216602553945,0.03982493135306042,0,100
20,15,input_dependent_structured_mondrian,3,2360,0.9161016949152543,2.048305084745763,2.048305084745763,0.6701498800337877,0.04224767134692434,0.03931502030311368,0,100
20,15,input_dependent_structured_mondrian,1,2480,0.907258064516129,1.9959677419354838,1.9959677419354838,0.5319375267710384,0.03805140450646312,0.01961215930178417,0,100
20,16,independent_mondrian,3,2386,0.9077954735959766,2.341994970662196,2.341994970662196,0.0,0.0,0.7140071834207883,0,100
20,16,independent_mondrian,2,2340,0.9517094017094017,2.3264957264957267,2.3264957264957267,0.0,0.0,0.7841729762020467,0,100
20,16,independent_mondrian,4,2374,0.8816343723673126,1.6592249368155012,1.6592249368155012,0.0,0.0,0.7391479976922126,0,100
20,16,independent_mondrian,1,2406,0.9243557772236076,2.4334995843724023,2.4334995843724023,0.0,0.0,0.6306185095770412,0,100
20,16,independent_mondrian,0,494,0.9838056680161943,1.5647773279352226,1.5647773279352226,0.0,0.0,0.7437359701762027,0,20
20,16,input_dependent_structured_mondrian,3,2386,0.8952221290863369,2.044844928751048,2.044844928751048,0.6833240713283059,0.04805014049341487,-0.012948311103073429,0,100
20,16,input_dependent_structured_mondrian,2,2340,0.9474358974358974,2.092735042735043,2.092735042735043,0.6050626273489078,0.04118661721940664,0.08197334968085712,0,100
20,16,input_dependent_structured_mondrian,4,2374,0.8374052232518955,1.512636899747262,1.512636899747262,0.7501334263308523,0.05891875822764342,-0.09031390681426266,0,100
20,16,input_dependent_structured_mondrian,1,2406,0.9376558603491272,2.011221945137157,2.011221945137157,0.5327288945260489,0.034799932363969534,0.05851962472472394,0,100
20,16,input_dependent_structured_mondrian,0,494,0.979757085020243,1.4554655870445343,1.4554655870445343,0.4527682189362776,0.02891135823136244,0.1299645968003475,0,20
20,17,independent_mondrian,3,2438,0.9241181296144381,2.2420016406890895,2.2420016406890895,0.0,0.0,0.7605158349132942,0,100
20,17,independent_mondrian,4,2352,0.9111394557823129,1.6564625850340136,1.6564625850340136,0.0,0.0,0.8433743136326161,0,100
20,17,independent_mondrian,2,2346,0.9032395566922421,2.1986359761295824,2.1986359761295824,0.0,0.0,0.6233655869407982,0,100
20,17,independent_mondrian,1,2352,0.8652210884353742,2.11437074829932,2.11437074829932,0.0,0.0,0.49756588794401485,0,100
20,17,independent_mondrian,0,512,0.97265625,1.32421875,1.32421875,0.0,0.0,0.6834902709255235,0,20
20,17,input_dependent_structured_mondrian,3,2438,0.9056603773584906,2.119360131255127,2.119360131255127,0.678609940987932,0.050040108395437176,0.0032848965956518983,0,100
20,17,input_dependent_structured_mondrian,4,2352,0.9251700680272109,1.584608843537415,1.584608843537415,0.7598277239005534,0.05484542808479539,0.06314430117375625,0,100
20,17,input_dependent_structured_mondrian,2,2346,0.9347826086956522,2.0332480818414322,2.0332480818414322,0.6124057434845204,0.04304426867095363,0.04118411392163024,0,100
20,17,input_dependent_structured_mondrian,1,2352,0.8090986394557823,1.7767857142857142,1.7767857142857142,0.5405354206917548,0.039927270570203205,-0.09376190574997073,0,100
20,17,input_dependent_structured_mondrian,0,512,0.919921875,1.24609375,1.24609375,0.45469036295702303,0.03608831760282777,0.010889130809129705,0,20
20,18,independent_mondrian,2,2358,0.909245122985581,2.1136556403731976,2.1136556403731976,0.0,0.0,0.67985966736941,0,100
20,18,independent_mondrian,4,2331,0.8811668811668811,1.6241956241956241,1.6241956241956241,0.0,0.0,0.7367535849887171,0,100
20,18,independent_mondrian,1,2440,0.8729508196721312,2.091393442622951,2.091393442622951,0.0,0.0,0.5196147481358335,0,100
20,18,independent_mondrian,3,2341,0.9107219137120889,2.2037590773173856,2.2037590773173856,0.0,0.0,0.7166404414008537,0,100
20,18,independent_mondrian,0,530,0.9415094339622642,1.3415094339622642,1.3415094339622642,0.0,0.0,0.6196284398610465,0,20
20,18,input_dependent_structured_mondrian,2,2358,0.9079728583545378,2.0916030534351147,2.0916030534351147,0.599347801213733,0.037162222108628434,0.024857953351113515,0,100
20,18,input_dependent_structured_mondrian,4,2331,0.8983268983268984,1.613899613899614,1.613899613899614,0.7453464110974249,0.040820030026183535,-0.0064981002809415545,0,100
20,18,input_dependent_structured_mondrian,1,2440,0.9299180327868852,1.844672131147541,1.844672131147541,0.5264854798464995,0.033171323414403965,0.0562055532861771,0,100
20,18,input_dependent_structured_mondrian,3,2341,0.9137120888509184,2.0756087142246904,2.0756087142246904,0.6730771687449039,0.037351339126666536,0.03128802145381959,0,100
20,18,input_dependent_structured_mondrian,0,530,0.9075471698113208,1.3830188679245283,1.3830188679245283,0.44484369059059065,0.0331029825483102,0.02191271162027353,0,20
20,19,independent_mondrian,1,2369,0.8737864077669902,2.0160405234276064,2.0160405234276064,0.0,0.0,0.5176382663176574,0,100
20,19,independent_mondrian,2,2358,0.8893129770992366,2.162849872773537,2.162849872773537,0.0,0.0,0.6122317594226532,0,100
20,19,independent_mondrian,3,2399,0.8987077949145478,2.201333889120467,2.201333889120467,0.0,0.0,0.7284514027697897,0,100
20,19,independent_mondrian,0,489,0.9570552147239264,1.359918200408998,1.359918200408998,0.0,0.0,0.6341636322449203,0,20
20,19,independent_mondrian,4,2385,0.9169811320754717,1.6515723270440252,1.6515723270440252,0.0,0.0,0.8454423084712539,0,100
20,19,input_dependent_structured_mondrian,1,2369,0.8877163360067539,1.81680033769523,1.81680033769523,0.5377461165081299,0.036550746988638194,-0.02493119973963953,0,100
20,19,input_dependent_structured_mondrian,2,2358,0.861323155216285,2.0004240882103477,2.0004240882103477,0.6054219685782981,0.04056776753132951,-0.04364921269994804,0,100
20,19,input_dependent_structured_mondrian,3,2399,0.8999583159649854,2.026677782409337,2.026677782409337,0.6853225450769226,0.04525883525343785,0.0013006710354028783,0,100
20,19,input_dependent_structured_mondrian,0,489,0.9693251533742331,1.3824130879345604,1.3824130879345604,0.4747327313224719,0.032514564758154785,0.11078118159946371,0,20
20,19,input_dependent_structured_mondrian,4,2385,0.9274633123689727,1.60041928721174,1.60041928721174,0.7602370506453512,0.04692654448975904,0.03325591308211906,0,100
20,20,independent_mondrian,3,2315,0.8479481641468682,2.148596112311015,2.148596112311015,0.0,0.0,0.6026187223228555,0,100
20,20,independent_mondrian,2,2381,0.868122637547249,2.0587988240235195,2.0587988240235195,0.0,0.0,0.5706043084414271,0,100
20,20,independent_mondrian,4,2347,0.9173412867490414,1.5091606305922454,1.5091606305922454,0.0,0.0,0.8472283633497932,0,100
20,20,independent_mondrian,1,2406,0.9156275976724855,1.656691604322527,1.656691604322527,0.0,0.0,0.6227335676953019,0,100
20,20,independent_mondrian,0,551,0.8348457350272233,1.3647912885662432,1.3647912885662432,0.0,0.0,0.3929840339106574,0,20
20,20,input_dependent_structured_mondrian,3,2315,0.8609071274298056,2.039308855291577,2.039308855291577,0.6732645889714626,0.04072336059990586,-0.05356384888973109,0,100
20,20,input_dependent_structured_mondrian,2,2381,0.8903821923561529,1.9315413691726167,1.9315413691726167,0.6020865777064882,0.035315559054436056,-0.00814885213559935,0,100
20,20,input_dependent_structured_mondrian,4,2347,0.9224541968470388,1.5351512569237324,1.5351512569237324,0.7522754076864181,0.05065872746016782,0.07130563727061612,0,100
20,20,input_dependent_structured_mondrian,1,2406,0.8798836242726517,1.6263507896924356,1.6263507896924356,0.535254229999702,0.030461973412544294,-0.025952209867278198,0,100
20,20,input_dependent_structured_mondrian,0,551,0.7386569872958257,1.1070780399274047,1.1070780399274047,0.45882529130379934,0.02361186105582236,-0.1341939825427809,0,20
20,21,independent_mondrian,1,2402,0.921315570358035,2.096586178184846,2.096586178184846,0.0,0.0,0.641647869211051,0,100
20,21,independent_mondrian,2,2312,0.9186851211072664,2.324826989619377,2.324826989619377,0.0,0.0,0.7355322046590318,0,100
20,21,independent_mondrian,3,2453,0.9135752140236445,2.311455360782715,2.311455360782715,0.0,0.0,0.7529220065515932,0,100
20,21,independent_mondrian,4,2358,0.8859202714164546,1.691687871077184,1.691687871077184,0.0,0.0,0.7684369535514731,0,100
20,21,independent_mondrian,0,475,0.9326315789473684,1.5494736842105263,1.5494736842105263,0.0,0.0,0.5390854025143363,0,20
20,21,input_dependent_structured_mondrian,1,2402,0.9071606994171524,1.8380516236469608,1.8380516236469608,0.5196406030944111,0.03822920538606208,0.028036768087105535,0,100
20,21,input_dependent_structured_mondrian,2,2312,0.9186851211072664,2.1405709342560555,2.1405709342560555,0.6058342004656732,0.04206031374864152,0.06770174411429586,0,100
20,21,input_dependent_structured_mondrian,3,2453,0.9278434569914391,2.154504688136975,2.154504688136975,0.6766022586444316,0.044693187484933776,0.05760855367269846,0,100
20,21,input_dependent_structured_mondrian,4,2358,0.9219677692960135,1.638676844783715,1.638676844783715,0.7452127046191306,0.04920620181301121,0.04842035416846613,0,100
20,21,input_dependent_structured_mondrian,0,475,0.8105263157894737,1.3073684210526315,1.3073684210526315,0.45102825995111523,0.034815783603951156,-0.03995947206458622,0,20
20,22,independent_mondrian,3,2375,0.8913684210526316,2.222736842105263,2.222736842105263,0.0,0.0,0.6975191818875314,0,100
20,22,independent_mondrian,4,2361,0.9178314273612876,1.6238881829733165,1.6238881829733165,0.0,0.0,0.8571493609505692,0,100
20,22,independent_mondrian,2,2386,0.893964794635373,2.122799664710813,2.122799664710813,0.0,0.0,0.6237053007188933,0,100
20,22,independent_mondrian,1,2391,0.8548724383103304,1.9795064826432456,1.9795064826432456,0.0,0.0,0.5009620332376866,0,100
20,22,independent_mondrian,0,487,0.946611909650924,1.3655030800821355,1.3655030800821355,0.0,0.0,0.6078367181156769,0,20
20,22,input_dependent_structured_mondrian,3,2375,0.8762105263157894,2.132631578947368,2.132631578947368,0.688023812909575,0.04141387999431841,-0.039275964112491846,0,100
20,22,input_dependent_structured_mondrian,4,2361,0.9368911478187208,1.5815332486234646,1.5815332486234646,0.7501666011616601,0.050251762452884784,0.10993100043192366,0,100
20,22,input_dependent_structured_mondrian,2,2386,0.9212070410729254,2.038139145012573,2.038139145012573,0.6158087167892198,0.03524317887289775,0.033810201557585406,0,100
20,22,input_dependent_structured_mondrian,1,2391,0.8820577164366374,1.7310748640736093,1.7310748640736093,0.5401238379868957,0.030819188045496194,-0.02590012782279294,0,100
20,22,input_dependent_structured_mondrian,0,487,0.7987679671457906,1.2833675564681726,1.2833675564681726,0.4667792609108259,0.025869766978418397,-0.09612229101989145,0,20
20,23,independent_mondrian,3,2385,0.9039832285115303,2.2666666666666666,2.2666666666666666,0.0,0.0,0.7382928462971509,0,100
20,23,independent_mondrian,4,2368,0.8965371621621622,1.6596283783783783,1.6596283783783783,0.0,0.0,0.7936099316367606,0,100
20,23,independent_mondrian,2,2394,0.9197994987468672,2.2138680033416875,2.2138680033416875,0.0,0.0,0.6970696896636164,0,100
20,23,independent_mondrian,1,2327,0.9067468844005157,2.087236785560808,2.087236785560808,0.0,0.0,0.5611857699967124,0,100
20,23,independent_mondrian,0,526,0.9543726235741445,1.3935361216730038,1.3935361216730038,0.0,0.0,0.5764183486518291,0,20
20,23,input_dependent_structured_mondrian,3,2385,0.8863731656184486,2.051991614255765,2.051991614255765,0.6739892894942422,0.038483340867420494,-0.008861507462313623,0,100
20,23,input_dependent_structured_mondrian,4,2368,0.8982263513513513,1.5599662162162162,1.5599662162162162,0.7396576398435588,0.039967298875027084,-0.0006464783024638376,0,100
20,23,input_dependent_structured_mondrian,2,2394,0.9110275689223057,2.0593149540517963,2.0593149540517963,0.6048946910549093,0.03769700574523509,0.029000957643788627,0,100
20,23,input_dependent_structured_mondrian,1,2327,0.8951439621830684,1.9733562526858617,1.9733562526858617,0.5331217509947522,0.03696660304635239,-0.005957013007027667,0,100
20,23,input_dependent_structured_mondrian,0,526,0.9885931558935361,1.4372623574144487,1.4372623574144487,0.4725661587227672,0.03432935533675342,0.18855525090881942,0,20
20,24,independent_mondrian,2,2356,0.8365874363327674,1.9431239388794568,1.9431239388794568,0.0,0.0,0.5198240939063312,0,100
20,24,independent_mondrian,4,2413,0.8528802320762536,1.5002072109407376,1.5002072109407376,0.0,0.0,0.6798138539246389,0,100
20,24,independent_mondrian,1,2370,0.8784810126582279,1.770464135021097,1.770464135021097,0.0,0.0,0.5229490806245368,0,100
20,24,independent_mondrian,3,2358,0.8719253604749788,1.9223918575063612,1.9223918575063612,0.0,0.0,0.6671916181629709,0,100
20,24,independent_mondrian,0,503,0.9324055666003976,1.3101391650099403,1.3101391650099403,0.0,0.0,0.5641990138808123,0,20
20,24,input_dependent_structured_mondrian,2,2356,0.8875212224108658,1.9274193548387097,1.9274193548387097,0.5951883902014765,0.03339796335868344,-0.018286690285752805,0,100
20,24,input_dependent_structured_mondrian,4,2413,0.8433485288023208,1.4637380853709077,1.4637380853709077,0.7366976463785554,0.041534463526994934,-0.07148505524256976,0,100
20,24,input_dependent_structured_mondrian,1,2370,0.9172995780590717,1.710126582278481,1.710126582278481,0.52653049605806,0.02929540999568093,0.027246284064302184,0,100
20,24,input_dependent_structured_mondrian,3,2358,0.8723494486853266,1.8922815945716709,1.8922815945716709,0.6614403276569029,0.03806191655460005,-0.03438998399246196,0,100
20,24,input_dependent_structured_mondrian,0,503,0.8707753479125249,1.345924453280318,1.345924453280318,0.4688351117707448,0.026242581597375313,-0.03132361416897014,0,20
20,25,independent_mondrian,3,2360,0.8283898305084746,2.0072033898305084,2.0072033898305084,0.0,0.0,0.5536933821895402,0,100
20,25,independent_mondrian,4,2352,0.8490646258503401,1.4183673469387754,1.4183673469387754,0.0,0.0,0.6871179167241908,0,100
20,25,independent_mondrian,2,2410,0.8879668049792531,1.8979253112033194,1.8979253112033194,0.0,0.0,0.6308317567626722,0,100
20,25,independent_mondrian,1,2390,0.8782426778242678,1.8271966527196652,1.8271966527196652,0.0,0.0,0.5543464939331963,0,100
20,25,independent_mondrian,0,488,0.9241803278688525,1.3668032786885247,1.3668032786885247,0.0,0.0,0.5019473324259656,0,20
20,25,input_dependent_structured_mondrian,3,2360,0.872457627118644,1.9533898305084745,1.9533898305084745,0.6862214958024134,0.04460807320616125,-0.04448064812908942,0,100
20,25,input_dependent_structured_mondrian,4,2352,0.9022108843537415,1.5089285714285714,1.5089285714285714,0.7616302190875678,0.054838504035500925,-0.0034590801231751955,0,100
20,25,input_dependent_structured_mondrian,2,2410,0.8510373443983402,1.9273858921161826,1.9273858921161826,0.6124838837928728,0.03697230728419702,-0.05961271065712781,0,100
20,25,input_dependent_structured_mondrian,1,2390,0.8635983263598327,1.6728033472803348,1.6728033472803348,0.5243143673630918,0.031202634230979753,-0.03457490511560096,0,100
20,25,input_dependent_structured_mondrian,0,488,0.9180327868852459,1.2745901639344261,1.2745901639344261,0.43767406035691225,0.02409347478832251,-0.0016627914300368918,0,20
20,26,independent_mondrian,4,2383,0.8820814099874108,1.507343684431389,1.507343684431389,0.0,0.0,0.7121485990063022,0,100
20,26,independent_mondrian,2,2395,0.8855949895615867,2.0204592901878913,2.0204592901878913,0.0,0.0,0.6183631533612322,0,100
20,26,independent_mondrian,3,2406,0.8632585203657522,2.06857855361596,2.06857855361596,0.0,0.0,0.6305571431131399,0,100
20,26,independent_mondrian,1,2339,0.9119281744335186,1.682342881573322,1.682342881573322,0.0,0.0,0.5968191803302509,0,100
20,26,independent_mondrian,0,477,0.779874213836478,1.2893081761006289,1.2893081761006289,0.0,0.0,0.3449163228014594,0,20
20,26,input_dependent_structured_mondrian,4,2383,0.8711707931179186,1.4767100293747377,1.4767100293747377,0.7443297143014775,0.04455019441119125,-0.053596604610926746,0,100
20,26,input_dependent_structured_mondrian,2,2395,0.8972860125260961,1.8968684759916492,1.8968684759916492,0.5834995302412435,0.03500036027457644,0.026115872360160997,0,100
20,26,input_dependent_structured_mondrian,3,2406,0.8782211138819618,1.9368246051537823,1.9368246051537823,0.6627203586871917,0.03942781065648002,-0.026649332450185748,0,100
20,26,input_dependent_structured_mondrian,1,2339,0.844377939290295,1.6742197520307824,1.6742197520307824,0.49895695246603866,0.030555281425815223,-0.02751137657787084,0,100
20,26,input_dependent_structured_mondrian,0,477,0.8574423480083857,1.1970649895178198,1.1970649895178198,0.41725181127981303,0.023615758750494143,0.007230531105205856,0,20
20,27,independent_mondrian,1,2300,0.9139130434782609,2.108260869565217,2.108260869565217,0.0,0.0,0.6124687919514324,0,100
20,27,independent_mondrian,4,2392,0.9251672240802675,1.6433946488294315,1.6433946488294315,0.0,0.0,0.8696837221650134,0,100
20,27,independent_mondrian,3,2424,0.8502475247524752,2.3853135313531353,2.3853135313531353,0.0,0.0,0.6247128263541543,0,100
20,27,independent_mondrian,2,2406,0.9505403158769742,2.2032418952618453,2.2032418952618453,0.0,0.0,0.8081924184228418,0,100
20,27,independent_mondrian,0,478,0.9142259414225942,1.5794979079497908,1.5794979079497908,0.0,0.0,0.509229289040007,0,20
20,27,input_dependent_structured_mondrian,1,2300,0.9013043478260869,2.0634782608695654,2.0634782608695654,0.5174173412840468,0.03006877474223605,0.03200453816306101,0,100
20,27,input_dependent_structured_mondrian,4,2392,0.9264214046822743,1.6241638795986622,1.6241638795986622,0.7923272353560136,0.04673196831586004,0.022805895431706857,0,100
20,27,input_dependent_structured_mondrian,3,2424,0.8849009900990099,2.2207095709570956,2.2207095709570956,0.6978424643356252,0.041166312364352975,-0.03941948288116476,0,100
20,27,input_dependent_structured_mondrian,2,2406,0.9600997506234414,2.14380714879468,2.14380714879468,0.6126950757657752,0.036105840826211835,0.14788902060318687,0,100
20,27,input_dependent_structured_mondrian,0,478,0.9644351464435147,1.4748953974895398,1.4748953974895398,0.40486921647531376,0.025824114501446574,0.15633441914052337,0,20
20,28,independent_mondrian,4,2320,0.8969827586206897,1.626293103448276,1.626293103448276,0.0,0.0,0.8080967003290735,0,100
20,28,independent_mondrian,3,2339,0.9046601111586148,2.13852073535699,2.13852073535699,0.0,0.0,0.7316344312743311,0,100
20,28,independent_mondrian,2,2425,0.8548453608247423,2.1488659793814433,2.1488659793814433,0.0,0.0,0.5672164521460353,0,100
20,28,independent_mondrian,1,2394,0.8863826232247285,1.9527986633249792,1.9527986633249792,0.0,0.0,0.547217835521184,0,100
20,28,independent_mondrian,0,522,0.9482758620689655,1.3831417624521072,1.3831417624521072,0.0,0.0,0.6256159365213362,0,20
20,28,input_dependent_structured_mondrian,4,2320,0.9116379310344828,1.532758620689655,1.532758620689655,0.759192224489273,0.04721046029987623,0.03449193552149632,0,100
20,28,input_dependent_structured_mondrian,3,2339,0.8456605386917486,2.0384779820436085,2.0384779820436085,0.6859695556657065,0.042226958996891564,-0.08453003651696439,0,100
20,28,input_dependent_structured_mondrian,2,2425,0.9055670103092783,2.0301030927835053,2.0301030927835053,0.613228915478129,0.0377694547082566,0.024127025040085015,0,100
20,28,input_dependent_structured_mondrian,1,2394,0.8784461152882206,1.9845446950710108,1.9845446950710108,0.5337311567798851,0.035744054656545926,-0.031802450264161286,0,100
20,28,input_dependent_structured_mondrian,0,522,0.9846743295019157,1.4195402298850575,1.4195402298850575,0.457762069675926,0.032705788969450734,0.2339756434383175,0,20
20,29,independent_mondrian,3,2360,0.9139830508474577,2.2915254237288134,2.2915254237288134,0.0,0.0,0.7469283261795759,0,100
20,29,independent_mondrian,1,2445,0.9484662576687116,1.9476482617586912,1.9476482617586912,0.0,0.0,0.7020641959772123,0,100
20,29,independent_mondrian,4,2359,0.9194573972022043,1.6956337431114878,1.6956337431114878,0.0,0.0,0.8695096104678637,0,100
20,29,independent_mondrian,2,2328,0.9024914089347079,2.3805841924398625,2.3805841924398625,0.0,0.0,0.6250090475965729,0,100
20,29,independent_mondrian,0,508,0.90748031496063,1.6200787401574803,1.6200787401574803,0.0,0.0,0.49958428529749555,0,20
20,29,input_dependent_structured_mondrian,3,2360,0.9021186440677966,2.047457627118644,2.047457627118644,0.677032294168733,0.04100082978717382,0.01723295786943657,0,100
20,29,input_dependent_structured_mondrian,1,2445,0.9296523517382413,1.7644171779141105,1.7644171779141105,0.5192381035985688,0.033039466213928455,0.051161292538886294,0,100
20,29,input_dependent_structured_mondrian,4,2359,0.9126748622297584,1.6036456125476897,1.6036456125476897,0.7552571672513464,0.045779068956424036,0.02582124651265283,0,100
20,29,input_dependent_structured_mondrian,2,2328,0.8874570446735395,2.0489690721649483,2.0489690721649483,0.6032565099999071,0.036944128222287154,-0.018012259049832002,0,100
20,29,input_dependent_structured_mondrian,0,508,0.8720472440944882,1.358267716535433,1.358267716535433,0.44586440013157785,0.02639721902202622,-0.01324200738350012,0,20
20,30,independent_mondrian,2,2449,0.8815843201306656,2.1559820334830544,2.1559820334830544,0.0,0.0,0.6063222338988028,0,100
20,30,independent_mondrian,3,2350,0.8612765957446809,2.1114893617021275,2.1114893617021275,0.0,0.0,0.6316337442584263,0,100
20,30,independent_mondrian,1,2315,0.9356371490280777,1.9209503239740822,1.9209503239740822,0.0,0.0,0.6656335066918221,0,100
20,30,independent_mondrian,4,2361,0.8869123252858958,1.508259212198221,1.508259212198221,0.0,0.0,0.7380470439487739,0,100
20,30,independent_mondrian,0,525,0.9104761904761904,1.5295238095238095,1.5295238095238095,0.0,0.0,0.5473611442889836,0,20
20,30,input_dependent_structured_mondrian,2,2449,0.9228256431196407,1.9465087790935076,1.9465087790935076,0.6057717891893883,0.037113156748068435,0.034301556343657946,0,100
20,30,input_dependent_structured_mondrian,3,2350,0.882127659574468,1.9702127659574469,1.9702127659574469,0.6783838490989644,0.04016465831213762,-0.027054452301104703,0,100
20,30,input_dependent_structured_mondrian,1,2315,0.9045356371490281,1.7922246220302376,1.7922246220302376,0.5384063777254097,0.03325906115099161,-0.0020247614457180596,0,100
20,30,input_dependent_structured_mondrian,4,2361,0.8365099534095722,1.468869123252859,1.468869123252859,0.7417914992964803,0.04473097160190844,-0.109848391452943,0,100
20,30,input_dependent_structured_mondrian,0,525,0.8971428571428571,1.3561904761904762,1.3561904761904762,0.4788387914530359,0.0304170272292208,-0.007644915324208357,0,20
20,31,independent_mondrian,4,2368,0.910472972972973,1.557010135135135,1.557010135135135,0.0,0.0,0.8206521243328733,0,100
20,31,independent_mondrian,3,2388,0.8731155778894473,2.190954773869347,2.190954773869347,0.0,0.0,0.665223795430694,0,100
20,31,independent_mondrian,2,2347,0.8887942053685556,2.1529612270984235,2.1529612270984235,0.0,0.0,0.614901311336994,0,100
20,31,independent_mondrian,1,2362,0.9208298052497883,1.68077900084674,1.68077900084674,0.0,0.0,0.6273980629371667,0,100
20,31,independent_mondrian,0,535,0.7831775700934579,1.3214953271028038,1.3214953271028038,0.0,0.0,0.3325927088962167,0,20
20,31,input_dependent_structured_mondrian,4,2368,0.9075168918918919,1.5595439189189189,1.5595439189189189,0.7624280728403611,0.049641823698166346,0.0005727215999818958,0,100
20,31,input_dependent_structured_mondrian,3,2388,0.8936348408710217,2.0573701842546064,2.0573701842546064,0.6934884835986033,0.047048633080800505,-0.02371429549832582,0,100
20,31,input_dependent_structured_mondrian,2,2347,0.9245845760545377,2.0340860673199828,2.0340860673199828,0.619505643758113,0.04199217682874671,0.028200760988053797,0,100
20,31,input_dependent_structured_mondrian,1,2362,0.8878069432684166,1.8217612193056731,1.8217612193056731,0.544983287698593,0.03934218922166103,-0.020940980003817833,0,100
20,31,input_dependent_structured_mondrian,0,535,0.8990654205607477,1.3196261682242991,1.3196261682242991,0.4647102807553688,0.03643865806849016,0.0011188748580421293,0,20
20,32,independent_mondrian,1,2417,0.9321472900289616,2.3930492345883327,2.3930492345883327,0.0,0.0,0.6718022398383536,0,100
20,32,independent_mondrian,2,2404,0.908485856905158,2.5682196339434276,2.5682196339434276,0.0,0.0,0.6513469767263922,0,100
20,32,independent_mondrian,0,494,0.9939271255060729,1.6477732793522266,1.6477732793522266,0.0,0.0,0.8649552968620055,0,20
20,32,independent_mondrian,4,2356,0.9342105263157895,1.727504244482173,1.727504244482173,0.0,0.0,0.9217717705462478,0,100
20,32,independent_mondrian,3,2329,0.9149849720910261,2.3915843709746674,2.3915843709746674,0.0,0.0,0.7761647020749576,0,100
20,32,input_dependent_structured_mondrian,1,2417,0.8961522548613984,1.9106330161357055,1.9106330161357055,0.524415351521639,0.035345769827006886,0.013466602296731356,0,100
20,32,input_dependent_structured_mondrian,2,2404,0.9143094841930116,2.040765391014975,2.040765391014975,0.5922018334776015,0.040415318406174065,0.03401582371985584,0,100
20,32,input_dependent_structured_mondrian,0,494,0.9757085020242915,1.3825910931174088,1.3825910931174088,0.4490826975329173,0.030221640416345726,0.12581515551894928,0,20
20,32,input_dependent_structured_mondrian,4,2356,0.9019524617996605,1.5492359932088284,1.5492359932088284,0.7318656076636973,0.05300552954024945,0.025482881303922622,0,100
20,32,input_dependent_structured_mondrian,3,2329,0.8823529411764706,2.0455130957492487,2.0455130957492487,0.6687389629764944,0.046785575816616416,-0.011980706417032416,0,100
20,33,independent_mondrian,4,2335,0.9169164882226981,1.5503211991434689,1.5503211991434689,0.0,0.0,0.8174156602899015,0,100
20,33,independent_mondrian,3,2408,0.8600498338870431,2.1872923588039868,2.1872923588039868,0.0,0.0,0.6254048711017761,0,100
20,33,independent_mondrian,2,2434,0.891125718981101,2.2243221035332787,2.2243221035332787,0.0,0.0,0.6219976898760344,0,100
20,33,independent_mondrian,1,2295,0.9176470588235294,2.30239651416122,2.30239651416122,0.0,0.0,0.6108754171408483,0,100
20,33,independent_mondrian,0,528,0.9886363636363636,1.5170454545454546,1.5170454545454546,0.0,0.0,0.8369698277416017,0,20
20,33,input_dependent_structured_mondrian,4,2335,0.8967880085653105,1.531049250535332,1.531049250535332,0.7584541604227446,0.04563997615851719,-0.0163806497965977,0,100
20,33,input_dependent_structured_mondrian,3,2408,0.875,2.000830564784053,2.000830564784053,0.6785416641104336,0.040523893217401116,-0.049685918774950544,0,100
20,33,input_dependent_structured_mondrian,2,2434,0.8972884141331142,2.059161873459326,2.059161873459326,0.6016786272288634,0.03730300211628675,0.004132822030527394,0,100
20,33,input_dependent_structured_mondrian,1,2295,0.9215686274509803,2.056209150326797,2.056209150326797,0.5275439790902599,0.03147573354373314,0.04551995653722779,0,100
20,33,input_dependent_structured_mondrian,0,528,0.9886363636363636,1.4356060606060606,1.4356060606060606,0.4456918942089537,0.028926736125295307,0.26518300734453826,0,20
20,34,independent_mondrian,3,2364,0.9217428087986463,2.1006768189509306,2.1006768189509306,0.0,0.0,0.7520576257328518,0,100
20,34,independent_mondrian,1,2439,0.9102091020910209,1.8220582205822058,1.8220582205822058,0.0,0.0,0.5876598951989415,0,100
20,34,independent_mondrian,4,2365,0.8245243128964059,1.5885835095137422,1.5885835095137422,0.0,0.0,0.6244288812034227,0,100
20,34,independent_mondrian,2,2319,0.9241052177662785,2.164294954721863,2.164294954721863,0.0,0.0,0.6854281616528033,0,100
20,34,independent_mondrian,0,513,0.8031189083820662,1.3742690058479532,1.3742690058479532,0.0,0.0,0.3654166762009344,0,20
20,34,input_dependent_structured_mondrian,3,2364,0.9217428087986463,1.986040609137056,1.986040609137056,0.6829462167627315,0.04485725346234337,0.03261087380957506,0,100
20,34,input_dependent_structured_mondrian,1,2439,0.9446494464944649,1.8208282082820828,1.8208282082820828,0.5309483235826661,0.03766998337715936,0.07512331701364516,0,100
20,34,input_dependent_structured_mondrian,4,2365,0.8346723044397463,1.544186046511628,1.544186046511628,0.7732557023699521,0.05047139939846484,-0.1263198769054208,0,100
20,34,input_dependent_structured_mondrian,2,2319,0.9241052177662785,2.0810694264769296,2.0810694264769296,0.6064114762719781,0.041290374166476816,0.03291242243920356,0,100
20,34,input_dependent_structured_mondrian,0,513,0.834307992202729,1.4171539961013646,1.4171539961013646,0.4505479775131004,0.03182706360341876,-0.04561835466970793,0,20
20,35,independent_mondrian,2,2380,0.8983193277310925,2.0365546218487394,2.0365546218487394,0.0,0.0,0.6448671160484039,0,100
20,35,independent_mondrian,1,2399,0.9012088370154231,1.6894539391413088,1.6894539391413088,0.0,0.0,0.582407498802367,0,100
20,35,independent_mondrian,3,2310,0.8268398268398268,2.2064935064935063,2.2064935064935063,0.0,0.0,0.5719722870559322,0,100
20,35,independent_mondrian,4,2381,0.9382612347753045,1.517009659806804,1.517009659806804,0.0,0.0,0.8875353425837857,0,100
20,35,independent_mondrian,0,530,0.8226415094339623,1.3584905660377358,1.3584905660377358,0.0,0.0,0.3529102010971231,0,20
20,35,input_dependent_structured_mondrian,2,2380,0.8781512605042017,1.8764705882352941,1.8764705882352941,0.5966922134732192,0.0362250258475172,-0.02134532752592766,0,100
20,35,input_dependent_structured_mondrian,1,2399,0.8499374739474781,1.6431846602751146,1.6431846602751146,0.5224285432421515,0.02920676011541307,-0.044893932379365786,0,100
20,35,input_dependent_structured_mondrian,3,2310,0.8402597402597403,1.9610389610389611,1.9610389610389611,0.6746800954554991,0.042964185466963914,-0.08186637943634872,0,100
20,35,input_dependent_structured_mondrian,4,2381,0.9223015539689207,1.4876102477950441,1.4876102477950441,0.759913101850761,0.050395262675029626,0.030778105255904298,0,100
20,35,input_dependent_structured_mondrian,0,530,0.8603773584905661,1.1943396226415095,1.1943396226415095,0.4295235650387613,0.021775862736798147,-0.032390105254850754,0,20
20,36,independent_mondrian,4,2401,0.8750520616409829,1.5651811745106206,1.5651811745106206,0.0,0.0,0.7173292706584272,0,100
20,36,independent_mondrian,2,2415,0.9002070393374741,2.0728778467908904,2.0728778467908904,0.0,0.0,0.6244103468215171,0,100
20,36,independent_mondrian,1,2346,0.9049445865302643,1.988064791133845,1.988064791133845,0.0,0.0,0.5607897310072955,0,100
20,36,independent_mondrian,3,2344,0.8886518771331058,2.1075085324232083,2.1075085324232083,0.0,0.0,0.6737716720119826,0,100
20,36,independent_mondrian,0,494,0.9331983805668016,1.394736842105263,1.394736842105263,0.0,0.0,0.5928882426018888,0,20
20,36,input_dependent_structured_mondrian,4,2401,0.8979591836734694,1.5739275301957518,1.5739275301957518,0.7608637846366963,0.05080765860634883,-0.010158133054687213,0,100
20,36,input_dependent_structured_mondrian,2,2415,0.8960662525879918,1.9979296066252588,1.9979296066252588,0.5982483509975542,0.03831596139244088,-0.006022000494463664,0,100
20,36,input_dependent_structured_mondrian,1,2346,0.9173060528559249,1.7647058823529411,1.7647058823529411,0.5192402502099641,0.03335976047343206,0.026472868993884402,0,100
20,36,input_dependent_structured_mondrian,3,2344,0.8929180887372014,2.0281569965870307,2.0281569965870307,0.6827637271718774,0.04661143406214229,-0.007373168299148858,0,100
20,36,input_dependent_structured_mondrian,0,494,0.8927125506072875,1.3502024291497976,1.3502024291497976,0.4682667526730294,0.028640888089433703,0.02410576531672559,0,20
20,37,independent_mondrian,2,2312,0.9117647058823529,2.3360726643598615,2.3360726643598615,0.0,0.0,0.657357725046096,0,100
20,37,independent_mondrian,3,2353,0.9116022099447514,2.31619209519762,2.31619209519762,0.0,0.0,0.7391051257672131,0,100
20,37,independent_mondrian,4,2390,0.9267782426778243,1.6748953974895398,1.6748953974895398,0.0,0.0,0.8566542967573918,0,100
20,37,independent_mondrian,1,2413,0.9237463738085371,2.1541649399088274,2.1541649399088274,0.0,0.0,0.618131291994197,0,100
20,37,independent_mondrian,0,532,0.9417293233082706,1.5169172932330828,1.5169172932330828,0.0,0.0,0.6475171290927647,0,20
20,37,input_dependent_structured_mondrian,2,2312,0.9126297577854672,1.9987024221453287,1.9987024221453287,0.5957333798564408,0.03753008832353887,0.017981937460316177,0,100
20,37,input_dependent_structured_mondrian,3,2353,0.8924776880577986,2.0140246493837655,2.0140246493837655,0.663746302507856,0.03934625423911257,-0.02354335314621231,0,100
20,37,input_dependent_structured_mondrian,4,2390,0.894142259414226,1.5430962343096235,1.5430962343096235,0.7488161715463589,0.04133500753411361,-0.013053004078567021,0,100
20,37,input_dependent_structured_mondrian,1,2413,0.9088271860754248,1.7699958557811852,1.7699958557811852,0.5289815197437258,0.036418386119225536,0.02800311350539142,0,100
20,37,input_dependent_structured_mondrian,0,532,0.8552631578947368,1.2932330827067668,1.2932330827067668,0.4459412206866046,0.03371565026158364,-0.014068276628314696,0,20
20,38,independent_mondrian,1,2297,0.9608184588593818,1.7723117109272966,1.7723117109272966,0.0,0.0,0.7648603852954121,0,100
20,38,independent_mondrian,4,2345,0.8959488272921109,1.6422174840085288,1.6422174840085288,0.0,0.0,0.7614146691597644,0,100
20,38,independent_mondrian,2,2398,0.9032527105921602,2.425771476230192,2.425771476230192,0.0,0.0,0.6234337230746442,0,100
20,38,independent_mondrian,3,2483,0.9154248892468788,2.2444623439387836,2.2444623439387836,0.0,0.0,0.7622801706527442,0,100
20,38,independent_mondrian,0,477,0.7442348008385744,1.5744234800838575,1.5744234800838575,0.0,0.0,0.3330635353263892,0,20
20,38,input_dependent_structured_mondrian,1,2297,0.9542882020026121,1.890291684806269,1.890291684806269,0.5473921709789324,0.04061561715923767,0.10241224337487226,0,100
20,38,input_dependent_structured_mondrian,4,2345,0.8716417910447761,1.4869936034115139,1.4869936034115139,0.7198774195139384,0.04043934386077447,-0.023363813487361718,0,100
20,38,input_dependent_structured_mondrian,2,2398,0.9161801501251042,2.0758965804837364,2.0758965804837364,0.6004476331746997,0.04151747129043513,0.02496639015537616,0,100
20,38,input_dependent_structured_mondrian,3,2483,0.8799838904550946,2.0583971002819172,2.0583971002819172,0.672473404358714,0.038856578767646414,-0.026421182544869692,0,100
20,38,input_dependent_structured_mondrian,0,477,0.9161425576519916,1.4863731656184487,1.4863731656184487,0.4717149626048524,0.041651660978016265,0.021965144813140297,0,20
20,39,independent_mondrian,4,2296,0.8893728222996515,1.583623693379791,1.583623693379791,0.0,0.0,0.7456196085991225,0,100
20,39,independent_mondrian,3,2424,0.8997524752475248,2.152227722772277,2.152227722772277,0.0,0.0,0.7023894299597958,0,100
20,39,independent_mondrian,2,2375,0.8934736842105263,2.2058947368421054,2.2058947368421054,0.0,0.0,0.6141421262003774,0,100
20,39,independent_mondrian,1,2390,0.9276150627615063,1.9217573221757323,1.9217573221757323,0.0,0.0,0.6481708523022971,0,100
20,39,independent_mondrian,0,515,0.9320388349514563,1.5378640776699029,1.5378640776699029,0.0,0.0,0.5270138803961814,0,20
20,39,input_dependent_structured_mondrian,4,2296,0.9324912891986062,1.595383275261324,1.595383275261324,0.7567954729996663,0.04600331595397623,0.055831788378719605,0,100
20,39,input_dependent_structured_mondrian,3,2424,0.9001650165016502,2.148927392739274,2.148927392739274,0.6864698208849822,0.03892913122288343,-0.00652257776105114,0,100
20,39,input_dependent_structured_mondrian,2,2375,0.9178947368421052,2.111157894736842,2.111157894736842,0.6067268503505535,0.0344203812288777,0.025447004583965538,0,100
20,39,input_dependent_structured_mondrian,1,2390,0.9317991631799163,1.9422594142259415,1.9422594142259415,0.5371563763122517,0.0298316968155334,0.06330218128582621,0,100
20,39,input_dependent_structured_mondrian,0,515,0.9572815533980582,1.4640776699029125,1.4640776699029125,0.4614909510984392,0.026007739259016078,0.0861678271046572,0,20
20,40,independent_mondrian,0,522,0.867816091954023,1.3275862068965518,1.3275862068965518,0.0,0.0,0.445864378966633,0,20
20,40,independent_mondrian,4,2403,0.9342488555971702,1.7128589263420724,1.7128589263420724,0.0,0.0,0.8789349717765822,0,100
20,40,independent_mondrian,2,2372,0.8857504215851602,2.2272344013490724,2.2272344013490724,0.0,0.0,0.6040096848291946,0,100
20,40,independent_mondrian,1,2379,0.8965952080706179,1.799915931063472,1.799915931063472,0.0,0.0,0.5481477765695341,0,100
20,40,independent_mondrian,3,2324,0.9272805507745266,2.2452667814113596,2.2452667814113596,0.0,0.0,0.7796597772357041,0,100
20,40,input_dependent_structured_mondrian,0,522,0.8601532567049809,1.21455938697318,1.21455938697318,0.4390008569352543,0.03196361734682253,-0.039907385226956804,0,20
20,40,input_dependent_structured_mondrian,4,2403,0.9159384103204328,1.6487723678734916,1.6487723678734916,0.747390008458688,0.04331653995740589,0.025592299724297995,0,100
20,40,input_dependent_structured_mondrian,2,2372,0.8988195615514334,2.0345699831365938,2.0345699831365938,0.6015418122095059,0.0369284568912091,0.0016245770658607217,0,100
20,40,input_dependent_structured_mondrian,1,2379,0.8545607398066415,1.728457335014712,1.728457335014712,0.5296941887317503,0.03415267477962521,-0.05400457780060153,0,100
20,40,input_dependent_structured_mondrian,3,2324,0.9401893287435457,2.0744406196213423,2.0744406196213423,0.67837241477853,0.03930201620549392,0.08270357713134646,0,100
20,41,independent_mondrian,1,2420,0.8359504132231405,1.6330578512396694,1.6330578512396694,0.0,0.0,0.46379436274750985,0,100
20,41,independent_mondrian,3,2396,0.830550918196995,2.065525876460768,2.065525876460768,0.0,0.0,0.5653249890201828,0,100
20,41,independent_mondrian,4,2312,0.9000865051903114,1.4519896193771626,1.4519896193771626,0.0,0.0,0.7520346287109785,0,100
20,41,independent_mondrian,2,2407,0.9023680930619028,1.8147071042791858,1.8147071042791858,0.0,0.0,0.6401476533972112,0,100
20,41,independent_mondrian,0,465,0.7677419354838709,1.0688172043010753,1.0688172043010753,0.0,0.0,0.3462538707442001,0,20
20,41,input_dependent_structured_mondrian,1,2420,0.8929752066115703,1.653305785123967,1.653305785123967,0.5164084547159516,0.03425696808507107,0.010299930212181119,0,100
20,41,input_dependent_structured_mondrian,3,2396,0.8743739565943238,1.9148580968280466,1.9148580968280466,0.6711645584924817,0.03898518725852503,-0.04767404174466694,0,100
20,41,input_dependent_structured_mondrian,4,2312,0.9005190311418685,1.481833910034602,1.481833910034602,0.7523514223628335,0.043842580492239276,-0.01413156551294259,0,100
20,41,input_dependent_structured_mondrian,2,2407,0.8392189447444952,1.8745326132114666,1.8745326132114666,0.5913476265711638,0.03680172918680231,-0.06597172206280072,0,100
20,41,input_dependent_structured_mondrian,0,465,0.832258064516129,1.2,1.2,0.43378647093977474,0.030580373788949712,-0.024046259138877035,0,20
20,42,independent_mondrian,4,2457,0.9129019129019129,1.6715506715506716,1.6715506715506716,0.0,0.0,0.8299974962527279,0,100
20,42,independent_mondrian,1,2358,0.8969465648854962,2.039440203562341,2.039440203562341,0.0,0.0,0.5588036408018238,0,100
20,42,independent_mondrian,2,2325,0.9195698924731183,2.2421505376344086,2.2421505376344086,0.0,0.0,0.663023921722319,0,100
20,42,independent_mondrian,3,2391,0.9008782936010038,2.275198661647846,2.275198661647846,0.0,0.0,0.7397568785012293,0,100
20,42,independent_mondrian,0,469,0.9530916844349681,1.439232409381663,1.439232409381663,0.0,0.0,0.5712242199672845,0,20
20,42,input_dependent_structured_mondrian,4,2457,0.8632478632478633,1.5437525437525437,1.5437525437525437,0.718128449961053,0.04134257937234318,-0.03976076803237005,0,100
20,42,input_dependent_structured_mondrian,1,2358,0.871501272264631,1.8070398642917727,1.8070398642917727,0.5400470108148099,0.03654155245470741,-0.052360664481725994,0,100
20,42,input_dependent_structured_mondrian,2,2325,0.9118279569892473,1.9939784946236558,1.9939784946236558,0.5991777497666249,0.037141995993998846,0.020092258565389987,0,100
20,42,input_dependent_structured_mondrian,3,2391,0.9142618151401087,1.9924717691342535,1.9924717691342535,0.6619755471655722,0.03968153416904271,0.04693062950578436,0,100
20,42,input_dependent_structured_mondrian,0,469,0.9232409381663113,1.3155650319829424,1.3155650319829424,0.46495430790741393,0.03483840685923275,0.010874373554480177,0,20
20,43,independent_mondrian,2,2394,0.9177109440267335,2.354636591478697,2.354636591478697,0.0,0.0,0.7006454886560529,0,100
20,43,independent_mondrian,1,2383,0.9324381032312211,2.240453210239194,2.240453210239194,0.0,0.0,0.6503435121271844,0,100
20,43,independent_mondrian,4,2372,0.9317032040472175,1.6715851602023608,1.6715851602023608,0.0,0.0,0.8388088242398125,0,100
20,43,independent_mondrian,3,2345,0.908315565031983,2.344136460554371,2.344136460554371,0.0,0.0,0.72167052441794,0,100
20,43,independent_mondrian,0,506,0.9545454545454546,1.6146245059288538,1.6146245059288538,0.0,0.0,0.6530884939225633,0,20
20,43,input_dependent_structured_mondrian,2,2394,0.9377610693400167,2.178780284043442,2.178780284043442,0.6009228973367927,0.034853619954768204,0.07611665843578524,0,100
20,43,input_dependent_structured_mondrian,1,2383,0.9471254720939991,1.9488040285354595,1.9488040285354595,0.529508382566601,0.03069327307653041,0.10591834723144633,0,100
20,43,input_dependent_structured_mondrian,4,2372,0.9435075885328836,1.5994940978077572,1.5994940978077572,0.7378352270278107,0.04245828324579678,0.10229953956869031,0,100
20,43,input_dependent_structured_mondrian,3,2345,0.8823027718550107,2.1701492537313434,2.1701492537313434,0.6634074520537933,0.03840202737591664,-0.020130975448626076,0,100
20,43,input_dependent_structured_mondrian,0,506,0.9426877470355731,1.5395256916996047,1.5395256916996047,0.47148685437204396,0.027105252108546165,0.06584762798244004,0,20
20,44,independent_mondrian,3,2411,0.9357113231024471,2.168394856905848,2.168394856905848,0.0,0.0,0.8562375006176524,0,100
20,44,independent_mondrian,1,2360,0.9233050847457627,1.9682203389830508,1.9682203389830508,0.0,0.0,0.6090882656928058,0,100
20,44,independent_mondrian,0,523,0.887189292543021,1.430210325047801,1.430210325047801,0.0,0.0,0.4924580084481738,0,20
20,44,independent_mondrian,4,2327,0.8586162440911044,1.7185217017619252,1.7185217017619252,0.0,0.0,0.6984801473989543,0,100
20,44,independent_mondrian,2,2379,0.9075241698192518,2.308953341740227,2.308953341740227,0.0,0.0,0.6403986712511816,0,100
20,44,input_dependent_structured_mondrian,3,2411,0.9257569473247615,2.0091248444628786,2.0091248444628786,0.6825092382463166,0.050395317257447836,0.0646153051703574,0,100
20,44,input_dependent_structured_mondrian,1,2360,0.9538135593220339,1.8906779661016948,1.8906779661016948,0.53407780888027,0.03677307366186256,0.09250300297959274,0,100
20,44,input_dependent_structured_mondrian,0,523,0.9330783938814532,1.4531548757170172,1.4531548757170172,0.45234472400045017,0.030042868927923155,0.04567208301860076,0,20
20,44,input_dependent_structured_mondrian,4,2327,0.86377309840997,1.6106574989256552,1.6106574989256552,0.7685078547730555,0.058706736978913626,-0.06963921278336793,0,100
20,44,input_dependent_structured_mondrian,2,2379,0.8940731399747793,2.16057166876839,2.16057166876839,0.6115242287895358,0.04355683917277639,-0.01079309130909406,0,100
20,45,independent_mondrian,1,2396,0.8927378964941569,1.6715358931552589,1.6715358931552589,0.0,0.0,0.5528720617426699,0,100
20,45,independent_mondrian,4,2379,0.9024800336275746,1.5241698192517865,1.5241698192517865,0.0,0.0,0.7566799680293029,0,100
20,45,independent_mondrian,2,2339,0.9072253099615221,2.0111158614792646,2.0111158614792646,0.0,0.0,0.6303181649465538,0,100
20,45,independent_mondrian,3,2367,0.8512885509083228,2.122095479509928,2.122095479509928,0.0,0.0,0.6303427379477441,0,100
20,45,independent_mondrian,0,519,0.8092485549132948,1.2909441233140655,1.2909441233140655,0.0,0.0,0.33759875735401984,0,20
20,45,input_dependent_structured_mondrian,1,2396,0.8848080133555927,1.7120200333889817,1.7120200333889817,0.5153342216269419,0.031898816004935396,-0.005043456412266334,0,100
20,45,input_dependent_structured_mondrian,4,2379,0.9461958806221101,1.5687263556116016,1.5687263556116016,0.7622007476632526,0.049232642628601476,0.08022940125317873,0,100
20,45,input_dependent_structured_mondrian,2,2339,0.8670371953826421,1.9940145361265498,1.9940145361265498,0.5987130526551246,0.03669315098456233,-0.04957200371474613,0,100
20,45,input_dependent_structured_mondrian,3,2367,0.8905787917194762,2.0485847063793834,2.0485847063793834,0.6771010303818782,0.044641705371565414,-0.012513221205830927,0,100
20,45,input_dependent_structured_mondrian,0,519,0.8747591522157996,1.2620423892100192,1.2620423892100192,0.42702681215239685,0.028783364288871592,0.002901896595230602,0,20
20,46,independent_mondrian,4,2286,0.9151356080489939,1.6076115485564304,1.6076115485564304,0.0,0.0,0.8091684653223326,0,100
20,46,independent_mondrian,3,2393,0.8984538236523193,2.126619306310071,2.126619306310071,0.0,0.0,0.7091056870264101,0,100
20,46,independent_mondrian,0,543,0.8434622467771639,1.2523020257826887,1.2523020257826887,0.0,0.0,0.4095014813923626,0,20
20,46,independent_mondrian,1,2425,0.8684536082474227,1.6523711340206186,1.6523711340206186,0.0,0.0,0.5227611389592921,0,100
20,46,independent_mondrian,2,2353,0.8601784955376116,2.053548661283468,2.053548661283468,0.0,0.0,0.5608292836662416,0,100
20,46,input_dependent_structured_mondrian,4,2286,0.8941382327209099,1.5227471566054243,1.5227471566054243,0.7302739582283362,0.03453862186921673,-0.00030963868879929635,0,100
20,46,input_dependent_structured_mondrian,3,2393,0.8604262432093607,2.0380275804429586,2.0380275804429586,0.6760607894918471,0.03871740817842481,-0.0602994962339663,0,100
20,46,input_dependent_structured_mondrian,0,543,0.9502762430939227,1.5046040515653776,1.5046040515653776,0.5212468467853884,0.04950462386306668,0.08963389127322322,0,20
20,46,input_dependent_structured_mondrian,1,2425,0.8824742268041237,1.8890721649484536,1.8890721649484536,0.5521206850070343,0.042831485120682924,-0.013492095592346987,0,100
20,46,input_dependent_structured_mondrian,2,2353,0.9205269868253294,2.019124521886953,2.019124521886953,0.6165722414638289,0.04169635462269406,0.027411485858948537,0,100
20,47,independent_mondrian,4,2354,0.883177570093458,1.5458793542905693,1.5458793542905693,0.0,0.0,0.7380624487463251,0,100
20,47,independent_mondrian,3,2406,0.8832086450540316,2.058187863674148,2.058187863674148,0.0,0.0,0.6763564163025311,0,100
20,47,independent_mondrian,2,2431,0.8543809132044426,2.16330728095434,2.16330728095434,0.0,0.0,0.5344079555047873,0,100
20,47,independent_mondrian,1,2312,0.9390138408304498,1.8529411764705883,1.8529411764705883,0.0,0.0,0.660004712585581,0,100
20,47,independent_mondrian,0,497,0.9295774647887324,1.5633802816901408,1.5633802816901408,0.0,0.0,0.5670079574524133,0,20
20,47,input_dependent_structured_mondrian,4,2354,0.9005947323704333,1.5794392523364487,1.5794392523364487,0.7727521623389771,0.061723309683939145,0.005945371575955205,0,100
20,47,input_dependent_structured_mondrian,3,2406,0.9081463009143808,2.0482128013300085,2.0482128013300085,0.6912128686904333,0.0492384170593566,0.011999889958671073,0,100
20,47,input_dependent_structured_mondrian,2,2431,0.8704236939531057,2.088852324146442,2.088852324146442,0.6028848300323091,0.039433762218862585,-0.044153748765159206,0,100
20,47,input_dependent_structured_mondrian,1,2312,0.9493944636678201,1.9152249134948096,1.9152249134948096,0.5310172707885877,0.03003997829489084,0.08421339391048455,0,100
20,47,input_dependent_structured_mondrian,0,497,0.971830985915493,1.4869215291750504,1.4869215291750504,0.458665737719893,0.021898942038006606,0.12858384162016323,0,20
20,48,independent_mondrian,3,2319,0.9128934885726606,2.3579128934885727,2.3579128934885727,0.0,0.0,0.7307734335186575,0,100
20,48,independent_mondrian,1,2410,0.8871369294605809,2.371369294605809,2.371369294605809,0.0,0.0,0.5375352230077325,0,100
20,48,independent_mondrian,4,2339,0.9179136383069688,1.6797776827704147,1.6797776827704147,0.0,0.0,0.8465652791956751,0,100
20,48,independent_mondrian,2,2428,0.9386326194398682,2.290362438220758,2.290362438220758,0.0,0.0,0.7131999540325088,0,100
20,48,independent_mondrian,0,504,0.9801587301587301,1.4365079365079365,1.4365079365079365,0.0,0.0,0.774208171886001,0,20
20,48,input_dependent_structured_mondrian,3,2319,0.9085812850366537,1.9620526088831394,1.9620526088831394,0.6678959695060698,0.0371752902736728,0.020081004944794922,0,100
20,48,input_dependent_structured_mondrian,1,2410,0.8983402489626556,1.9477178423236514,1.9477178423236514,0.5225703902836767,0.03442982858219677,0.012382993976990747,0,100
20,48,input_dependent_structured_mondrian,4,2339,0.8713125267208208,1.5480974775545104,1.5480974775545104,0.7434598441708343,0.03867649242509349,-0.05952223731145878,0,100
20,48,input_dependent_structured_mondrian,2,2428,0.8978583196046128,2.0650741350906094,2.0650741350906094,0.6000747835366047,0.035240685686577206,-0.00717726527402085,0,100
20,48,input_dependent_structured_mondrian,0,504,0.9801587301587301,1.4305555555555556,1.4305555555555556,0.45069198732076976,0.033374656084737345,0.21471000941756924,0,20
20,49,independent_mondrian,1,2398,0.8944954128440367,2.433694745621351,2.433694745621351,0.0,0.0,0.5628971136584592,0,100
20,49,independent_mondrian,3,2343,0.911651728553137,2.346137430644473,2.346137430644473,0.0,0.0,0.7339611976256429,0,100
20,49,independent_mondrian,2,2414,0.9337199668599834,2.326843413421707,2.326843413421707,0.0,0.0,0.7391925557427524,0,100
20,49,independent_mondrian,0,510,0.9764705882352941,1.4509803921568627,1.4509803921568627,0.0,0.0,0.8162314635997906,0,20
20,49,independent_mondrian,4,2335,0.9122055674518201,1.684796573875803,1.684796573875803,0.0,0.0,0.8185446778231,0,100
20,49,input_dependent_structured_mondrian,1,2398,0.9111759799833195,2.102585487906589,2.102585487906589,0.5226465376066035,0.03261107942165067,0.02913793962695216,0,100
20,49,input_dependent_structured_mondrian,3,2343,0.9325650874946649,2.1673068715322237,2.1673068715322237,0.6902672066277058,0.045221453024267014,0.04992287507909876,0,100
20,49,input_dependent_structured_mondrian,2,2414,0.9540182270091135,2.1772990886495442,2.1772990886495442,0.6020730600184064,0.03948133395891302,0.13111937248377692,0,100
20,49,input_dependent_structured_mondrian,0,510,0.9627450980392157,1.503921568627451,1.503921568627451,0.4341325322418912,0.027673226448628546,0.17072212794755748,0,20
20,49,input_dependent_structured_mondrian,4,2335,0.8899357601713062,1.6389721627408993,1.6389721627408993,0.7808415318605174,0.0523164203501917,-0.029131046309012587,0,100
10,0,independent_mondrian,3,2363,0.8899703766398646,2.1337283114684724,2.1337283114684724,0.0,0.0,0.6875337372660245,0,100
10,0,independent_mondrian,1,2459,0.9178527856852379,1.7466449776331843,1.7466449776331843,0.0,0.0,0.6142090167496284,0,100
10,0,independent_mondrian,2,2339,0.8691748610517315,2.1244121419410003,2.1244121419410003,0.0,0.0,0.5763923607123871,0,100
10,0,independent_mondrian,4,2333,0.8996999571367338,1.5936562366052294,1.5936562366052294,0.0,0.0,0.7806818499575753,0,100
10,0,independent_mondrian,0,506,0.8952569169960475,1.4466403162055337,1.4466403162055337,0.0,0.0,0.46638811895131155,0,10
10,0,input_dependent_structured_mondrian,3,2363,0.9035124841303428,1.9272111722386795,1.9272111722386795,0.6984039904948572,0.04324809121575179,-0.005780519264081185,0,100
10,0,input_dependent_structured_mondrian,1,2459,0.9215128100854005,1.6392842618950794,1.6392842618950794,0.5340140853109401,0.039290364349944214,0.026065597471953694,0,100
10,0,input_dependent_structured_mondrian,2,2339,0.827704147071398,1.9375801624625908,1.9375801624625908,0.6164681506834645,0.04097652042285837,-0.09079493631071589,0,100
10,0,input_dependent_structured_mondrian,4,2333,0.864123446206601,1.5246463780540078,1.5246463780540078,0.7747977904101391,0.04269491992859959,-0.10414147575261656,0,100
10,0,input_dependent_structured_mondrian,0,506,0.8102766798418972,1.2628458498023716,1.2628458498023716,0.4638037118485129,0.03551324085226783,-0.07500772266956324,0,10
10,1,independent_mondrian,3,2371,0.9506537326022775,2.3842260649514975,2.3842260649514975,0.0,0.0,0.8807036423480658,0,100
10,1,independent_mondrian,1,2428,0.9411037891268533,2.028830313014827,2.028830313014827,0.0,0.0,0.6675577448030705,0,100
10,1,independent_mondrian,4,2388,0.9472361809045227,1.8023450586264658,1.8023450586264658,0.0,0.0,0.9696572975594447,0,100
10,1,independent_mondrian,2,2328,0.8913230240549829,2.56872852233677,2.56872852233677,0.0,0.0,0.600194065583578,0,100
10,1,independent_mondrian,0,485,0.8927835051546392,1.5670103092783505,1.5670103092783505,0.0,0.0,0.5421469787146919,0,10
10,1,input_dependent_structured_mondrian,3,2371,0.9544495993251793,2.1303247574862927,2.1303247574862927,0.6853077958342034,0.04374114783424096,0.1278033527314048,0,100
10,1,input_dependent_structured_mondrian,1,2428,0.9402800658978583,1.8212520593080725,1.8212520593080725,0.5382913562787627,0.033608489524400875,0.05001542309709128,0,100
10,1,input_dependent_structured_mondrian,4,2388,0.9183417085427136,1.6909547738693467,1.6909547738693467,0.7497184353854853,0.0515256415113912,0.039452690202172735,0,100
10,1,input_dependent_structured_mondrian,2,2328,0.8921821305841925,2.191151202749141,2.191151202749141,0.6123736143618906,0.03944078486801506,-0.029360173007607626,0,100
10,1,input_dependent_structured_mondrian,0,485,0.845360824742268,1.3938144329896907,1.3938144329896907,0.478994734275076,0.027140741036145527,-0.04682646526683831,0,10
10,2,independent_mondrian,1,2409,0.8692403486924035,2.0024906600249066,2.0024906600249066,0.0,0.0,0.5104627670971946,0,100
10,2,independent_mondrian,4,2370,0.9286919831223629,1.5856540084388187,1.5856540084388187,0.0,0.0,0.8750646624789163,0,100
10,2,independent_mondrian,2,2354,0.9231096006796942,2.0603228547153782,2.0603228547153782,0.0,0.0,0.6758031694466654,0,100
10,2,independent_mondrian,3,2366,0.8689771766694844,2.2666948436179206,2.2666948436179206,0.0,0.0,0.6301091777134519,0,100
10,2,independent_mondrian,0,501,0.936127744510978,1.347305389221557,1.347305389221557,0.0,0.0,0.5870251197938168,0,10
10,2,input_dependent_structured_mondrian,1,2409,0.9306766293067663,1.9232046492320465,1.9232046492320465,0.5474373706334826,0.03496473485860846,0.031973290087176254,0,100
10,2,input_dependent_structured_mondrian,4,2370,0.9067510548523207,1.559915611814346,1.559915611814346,0.7540189857503578,0.0520008316094546,0.012569284280921744,0,100
10,2,input_dependent_structured_mondrian,2,2354,0.921410365335599,2.0573491928632115,2.0573491928632115,0.613796230781013,0.03900734844259518,0.015165229170356453,0,100
10,2,input_dependent_structured_mondrian,3,2366,0.8753169907016061,2.0346576500422655,2.0346576500422655,0.6773208098779843,0.044247089331947556,-0.04043372259537814,0,100
10,2,input_dependent_structured_mondrian,0,501,0.9560878243512974,1.467065868263473,1.467065868263473,0.4681032068683902,0.029353744636762207,0.07275715659222504,0,10
10,3,independent_mondrian,2,2362,0.9530059271803556,2.318797629127858,2.318797629127858,0.0,0.0,0.8087994363632995,0,100
10,3,independent_mondrian,4,2314,0.9364736387208298,1.8245462402765773,1.8245462402765773,0.0,0.0,0.8940961480018108,0,100
10,3,independent_mondrian,0,495,0.8141414141414142,1.2484848484848485,1.2484848484848485,0.0,0.0,0.36654282229689333,0,10
10,3,independent_mondrian,3,2458,0.9328722538649309,2.480878763222132,2.480878763222132,0.0,0.0,0.8341392082453295,0,100
10,3,independent_mondrian,1,2371,0.8764234500210881,1.9569801771404471,1.9569801771404471,0.0,0.0,0.5275318937358119,0,100
10,3,input_dependent_structured_mondrian,2,2362,0.9424216765453006,2.1248941574936495,2.1248941574936495,0.6003076490475169,0.036755520221959444,0.07462245839816367,0,100
10,3,input_dependent_structured_mondrian,4,2314,0.9144338807260155,1.6469317199654279,1.6469317199654279,0.7644229306686657,0.04864023470824345,0.018587732059654027,0,100
10,3,input_dependent_structured_mondrian,0,495,0.804040404040404,1.2525252525252526,1.2525252525252526,0.43529190450848665,0.02787371329492338,-0.06382842435454156,0,10
10,3,input_dependent_structured_mondrian,3,2458,0.9255492270138324,2.1383238405207488,2.1383238405207488,0.6802458452916167,0.043445227343965824,0.05151135888766978,0,100
10,3,input_dependent_structured_mondrian,1,2371,0.9312526360185576,1.827498945592577,1.827498945592577,0.5201119731161548,0.03145198534901068,0.04182422031823363,0,100
10,4,independent_mondrian,0,495,0.9939393939393939,1.5434343434343434,1.5434343434343434,0.0,0.0,0.9380719624918893,0,10
10,4,independent_mondrian,1,2372,0.9270657672849916,2.315345699831366,2.315345699831366,0.0,0.0,0.6137329360040233,0,100
10,4,independent_mondrian,4,2370,0.8704641350210971,1.5312236286919831,1.5312236286919831,0.0,0.0,0.7031323857126592,0,100
10,4,independent_mondrian,3,2447,0.8839395177768696,2.060073559460564,2.060073559460564,0.0,0.0,0.6778772523634341,0,100
10,4,independent_mondrian,2,2316,0.8760794473229706,2.283678756476684,2.283678756476684,0.0,0.0,0.5737225425022993,0,100
10,4,input_dependent_structured_mondrian,0,495,0.997979797979798,1.4747474747474747,1.4747474747474747,0.4488352981708601,0.030235376144074438,0.3982459998825464,0,10
10,4,input_dependent_structured_mondrian,1,2372,0.9203204047217538,2.161045531197302,2.161045531197302,0.5183832519646302,0.03232902209015061,0.04329782526051762,0,100
10,4,input_dependent_structured_mondrian,4,2370,0.870042194092827,1.519409282700422,1.519409282700422,0.7484313819953639,0.039987918097516166,-0.05222400840632424,0,100
10,4,input_dependent_structured_mondrian,3,2447,0.8872088271352677,1.953412341642828,1.953412341642828,0.6652784580773257,0.037851981913916866,-0.010327607800322602,0,100
10,4,input_dependent_structured_mondrian,2,2316,0.886873920552677,2.086355785837651,2.086355785837651,0.5882616684754776,0.0346376576129924,-0.01649335675550062,0,100
10,5,independent_mondrian,4,2391,0.917189460476788,1.5792555416143872,1.5792555416143872,0.0,0.0,0.7896352781150098,0,100
10,5,independent_mondrian,1,2360,0.9593220338983051,2.354237288135593,2.354237288135593,0.0,0.0,0.7220878207165117,0,100
10,5,independent_mondrian,2,2337,0.8925973470261018,2.4167736414206247,2.4167736414206247,0.0,0.0,0.6368928425673787,0,100
10,5,independent_mondrian,3,2381,0.8849223015539689,2.253254934901302,2.253254934901302,0.0,0.0,0.6653409855351631,0,100
10,5,independent_mondrian,0,531,0.9849340866290018,1.7062146892655368,1.7062146892655368,0.0,0.0,0.8413745262200208,0,10
10,5,input_dependent_structured_mondrian,4,2391,0.8987871183605186,1.5855290673358426,1.5855290673358426,0.73841928117123,0.04431297126645301,-0.009579466148227411,0,100
10,5,input_dependent_structured_mondrian,1,2360,0.951271186440678,1.9860169491525423,1.9860169491525423,0.5521065068935024,0.034580042230413686,0.08326966965981053,0,100
10,5,input_dependent_structured_mondrian,2,2337,0.899443731279418,2.2062473256311512,2.2062473256311512,0.6155051329688931,0.0381749475050218,0.013562599308552803,0,100
10,5,input_dependent_structured_mondrian,3,2381,0.9319613607727846,2.1104577908441833,2.1104577908441833,0.6797612419009308,0.040130267840066645,0.052143139113922654,0,100
10,5,input_dependent_structured_mondrian,0,531,0.9529190207156308,1.4896421845574388,1.4896421845574388,0.4849189466364051,0.03445313174021769,0.09225439067946295,0,10
10,6,independent_mondrian,4,2312,0.9152249134948097,1.8416955017301038,1.8416955017301038,0.0,0.0,0.8260430156218931,0,100
10,6,independent_mondrian,1,2373,0.8790560471976401,2.102402022756005,2.102402022756005,0.0,0.0,0.5372935037493445,0,100
10,6,independent_mondrian,0,515,0.8601941747572815,1.370873786407767,1.370873786407767,0.0,0.0,0.4863723707852882,0,10
10,6,independent_mondrian,2,2378,0.9402859545836838,2.330529857022708,2.330529857022708,0.0,0.0,0.7759990309302696,0,100
10,6,independent_mondrian,3,2422,0.9467382328654005,2.4178364987613543,2.4178364987613543,0.0,0.0,0.8872092668461081,0,100
10,6,input_dependent_structured_mondrian,4,2312,0.9411764705882353,1.814446366782007,1.814446366782007,0.7569643137797638,0.049869618849166214,0.10873206864975082,0,100
10,6,input_dependent_structured_mondrian,1,2373,0.9304677623261695,2.191740412979351,2.191740412979351,0.538255202223931,0.037766707131442305,0.05231127888672149,0,100
10,6,input_dependent_structured_mondrian,0,515,0.945631067961165,1.5980582524271845,1.5980582524271845,0.4800463899159136,0.034214672329089424,0.05859820642216451,0,10
10,6,input_dependent_structured_mondrian,2,2378,0.9751892346509672,2.3637510513036166,2.3637510513036166,0.6074114083264807,0.04099794889403422,0.21065692369100475,0,100
10,6,input_dependent_structured_mondrian,3,2422,0.9529314616019818,2.4042113955408753,2.4042113955408753,0.6859769057654004,0.04652142352741114,0.15471708237447612,0,100
10,7,independent_mondrian,3,2304,0.9578993055555556,2.2955729166666665,2.2955729166666665,0.0,0.0,0.9106022473020984,0,100
10,7,independent_mondrian,2,2450,0.8857142857142857,2.433061224489796,2.433061224489796,0.0,0.0,0.6142792430294346,0,100
10,7,independent_mondrian,4,2366,0.8998309382924767,1.7738799661876585,1.7738799661876585,0.0,0.0,0.8251660413654767,0,100
10,7,independent_mondrian,1,2371,0.9401096583719949,2.072121467735133,2.072121467735133,0.0,0.0,0.6504098948346703,0,100
10,7,independent_mondrian,0,509,0.9214145383104125,1.5029469548133596,1.5029469548133596,0.0,0.0,0.5625861714859253,0,10
10,7,input_dependent_structured_mondrian,3,2304,0.9618055555555556,1.9774305555555556,1.9774305555555556,0.6984436563918444,0.0438638614119284,0.12286258688001861,0,100
10,7,input_dependent_structured_mondrian,2,2450,0.8636734693877551,2.076734693877551,2.076734693877551,0.61355472638323,0.04083501586744887,-0.042057548297880665,0,100
10,7,input_dependent_structured_mondrian,4,2366,0.8330515638207946,1.60989010989011,1.60989010989011,0.7896614072360137,0.04731263237393096,-0.12062867135246336,0,100
10,7,input_dependent_structured_mondrian,1,2371,0.8932939687895403,1.691269506537326,1.691269506537326,0.5250572852001494,0.03663951355915378,0.003925103640838479,0,100
10,7,input_dependent_structured_mondrian,0,509,0.6856581532416502,1.1139489194499017,1.1139489194499017,0.44581752668906743,0.033661268325964395,-0.11586691200159716,0,10
10,8,independent_mondrian,2,2352,0.8528911564625851,2.0756802721088436,2.0756802721088436,0.0,0.0,0.5261333712899784,0,100
10,8,independent_mondrian,4,2396,0.912771285475793,1.5642737896494157,1.5642737896494157,0.0,0.0,0.8224139998858391,0,100
10,8,independent_mondrian,0,488,0.9795081967213115,1.3073770491803278,1.3073770491803278,0.0,0.0,0.7416486248546844,0,10
10,8,independent_mondrian,3,2375,0.9002105263157895,2.088421052631579,2.088421052631579,0.0,0.0,0.6926071671735713,0,100
10,8,independent_mondrian,1,2389,0.8652155713687736,2.016743407283382,2.016743407283382,0.0,0.0,0.500111483967569,0,100
10,8,input_dependent_structured_mondrian,2,2352,0.8852040816326531,2.050170068027211,2.050170068027211,0.6083424147019422,0.039802705275056846,-0.03332170323098016,0,100
10,8,input_dependent_structured_mondrian,4,2396,0.8939899833055092,1.5350584307178632,1.5350584307178632,0.7471676007300186,0.05029955334607109,0.011003868138943385,0,100
10,8,input_dependent_structured_mondrian,0,488,0.9672131147540983,1.334016393442623,1.334016393442623,0.45131061545998374,0.028364905258046413,0.1603361391893081,0,10
10,8,input_dependent_structured_mondrian,3,2375,0.9103157894736842,2.032421052631579,2.032421052631579,0.6767442426668924,0.04427497175622592,0.01133882047666357,0,100
10,8,input_dependent_structured_mondrian,1,2389,0.8827961490163249,1.8945165341146923,1.8945165341146923,0.5334058822515897,0.03422920660152944,-0.025274906555654064,0,100
10,9,independent_mondrian,3,2342,0.8915456874466268,2.2971818958155423,2.2971818958155423,0.0,0.0,0.6821345411638325,0,100
10,9,independent_mondrian,1,2413,0.8926647326978865,1.7828429341069207,1.7828429341069207,0.0,0.0,0.5483283301995648,0,100
10,9,independent_mondrian,2,2403,0.9467332501040366,2.1115272575946733,2.1115272575946733,0.0,0.0,0.7573483618488493,0,100
10,9,independent_mondrian,4,2360,0.9067796610169492,1.6347457627118644,1.6347457627118644,0.0,0.0,0.7904938745128555,0,100
10,9,independent_mondrian,0,482,0.6390041493775933,1.170124481327801,1.170124481327801,0.0,0.0,0.23546952109215447,0,10
10,9,input_dependent_structured_mondrian,3,2342,0.9248505550811272,2.0371477369769426,2.0371477369769426,0.6760033586349334,0.04568219041477536,0.05067205275646236,0,100
10,9,input_dependent_structured_mondrian,1,2413,0.8752590136759221,1.7716535433070866,1.7716535433070866,0.5277437739930406,0.0361829023023119,-0.033819033245687025,0,100
10,9,input_dependent_structured_mondrian,2,2403,0.9259259259259259,2.013732833957553,2.013732833957553,0.6003011342450308,0.041892370223328236,0.04559762120213551,0,100
10,9,input_dependent_structured_mondrian,4,2360,0.8813559322033898,1.5978813559322034,1.5978813559322034,0.7560689944063667,0.05174150231048582,-0.04574195516881574,0,100
10,9,input_dependent_structured_mondrian,0,482,0.8568464730290456,1.338174273858921,1.338174273858921,0.47711600750971056,0.03354332077631622,-0.03519014974280826,0,10
10,10,independent_mondrian,4,2341,0.9538658692866296,1.7454079453225118,1.7454079453225118,0.0,0.0,0.9659764522294153,0,100
10,10,independent_mondrian,3,2278,0.9108867427568043,2.429762949956102,2.429762949956102,0.0,0.0,0.7602947385759168,0,100
10,10,independent_mondrian,2,2463,0.9216402760860739,2.505481120584653,2.505481120584653,0.0,0.0,0.7090074028856328,0,100
10,10,independent_mondrian,1,2386,0.9170159262363788,2.468985750209556,2.468985750209556,0.0,0.0,0.5930395656975184,0,100
10,10,independent_mondrian,0,532,0.9906015037593985,1.5206766917293233,1.5206766917293233,0.0,0.0,0.872862680088188,0,10
10,10,input_dependent_structured_mondrian,4,2341,0.9137120888509184,1.6394703118325502,1.6394703118325502,0.7579252593930416,0.0505162968666754,0.02286698073928456,0,100
10,10,input_dependent_structured_mondrian,3,2278,0.9236172080772608,2.1444249341527657,2.1444249341527657,0.6933096080566792,0.04824033039219993,0.05397230292209293,0,100
10,10,input_dependent_structured_mondrian,2,2463,0.9317904993909866,2.161185546082014,2.161185546082014,0.6211585885781991,0.04103388856615153,0.047516415361103626,0,100
10,10,input_dependent_structured_mondrian,1,2386,0.9006705783738475,2.0184409052808046,2.0184409052808046,0.5509256064914878,0.03513230175429348,-0.013677986085644522,0,100
10,10,input_dependent_structured_mondrian,0,532,0.9680451127819549,1.4041353383458646,1.4041353383458646,0.4747591800582382,0.03175588088245254,0.12560099781271805,0,10
10,11,independent_mondrian,3,2375,0.9098947368421053,2.328,2.328,0.0,0.0,0.7156862376619101,0,100
10,11,independent_mondrian,4,2417,0.916839056681837,1.678113363673976,1.678113363673976,0.0,0.0,0.8596063763537464,0,100
10,11,independent_mondrian,2,2356,0.934634974533107,2.0861629881154498,2.0861629881154498,0.0,0.0,0.7210081185025979,0,100
10,11,independent_mondrian,1,2367,0.8288973384030418,1.8948035487959443,1.8948035487959443,0.0,0.0,0.45151207082933414,0,100
10,11,independent_mondrian,0,485,0.8845360824742268,1.1958762886597938,1.1958762886597938,0.0,0.0,0.4732974321065556,0,10
10,11,input_dependent_structured_mondrian,3,2375,0.9216842105263158,2.1566315789473682,2.1566315789473682,0.6817952211894047,0.04296214202334016,0.025494895064422263,0,100
10,11,input_dependent_structured_mondrian,4,2417,0.9172527927182458,1.6483243690525444,1.6483243690525444,0.7618461696749833,0.047771162759746834,0.03325430799758422,0,100
10,11,input_dependent_structured_mondrian,2,2356,0.934634974533107,2.039049235993209,2.039049235993209,0.5993629203033239,0.03984020744752346,0.07487228021622871,0,100
10,11,input_dependent_structured_mondrian,1,2367,0.8749471905365441,1.7389100126742711,1.7389100126742711,0.5284984965929577,0.03622352095266178,-0.02550848627248764,0,100
10,11,input_dependent_structured_mondrian,0,485,0.5896907216494846,1.0082474226804123,1.0082474226804123,0.44773228456685377,0.031775842236038916,-0.15590893305295667,0,10
10,12,independent_mondrian,2,2429,0.9592424866200082,2.4553314121037464,2.4553314121037464,0.0,0.0,0.8693965504703892,0,100
10,12,independent_mondrian,3,2335,0.9241970021413276,2.5383297644539615,2.5383297644539615,0.0,0.0,0.7725915243002105,0,100
10,12,independent_mondrian,1,2411,0.8987971795935297,2.5715470759021155,2.5715470759021155,0.0,0.0,0.6015280494200004,0,100
10,12,independent_mondrian,4,2302,0.923110338835795,1.8132059079061686,1.8132059079061686,0.0,0.0,0.8636547072485378,0,100
10,12,independent_mondrian,0,523,0.9847036328871893,1.5946462715105163,1.5946462715105163,0.0,0.0,0.7904392759430976,0,10
10,12,input_dependent_structured_mondrian,2,2429,0.9505969534787979,2.1008645533141213,2.1008645533141213,0.6021416402650894,0.0341530881545586,0.11022997198277218,0,100
10,12,input_dependent_structured_mondrian,3,2335,0.89593147751606,2.164882226980728,2.164882226980728,0.6776575385021701,0.03748374176092655,-0.022791161422884954,0,100
10,12,input_dependent_structured_mondrian,1,2411,0.8589796764827873,2.077561177934467,2.077561177934467,0.521880628148241,0.030470255136276613,-0.03210424890344343,0,100
10,12,input_dependent_structured_mondrian,4,2302,0.9165942658557776,1.5868809730668985,1.5868809730668985,0.7620908117917791,0.03803434512788258,0.02610528264532075,0,100
10,12,input_dependent_structured_mondrian,0,523,0.988527724665392,1.407265774378585,1.407265774378585,0.4362196998208151,0.026020044946334305,0.25519288232700177,0,10
10,13,independent_mondrian,4,2361,0.8945362134688691,1.5976281236764083,1.5976281236764083,0.0,0.0,0.7461200963033349,0,100
10,13,independent_mondrian,3,2334,0.8791773778920309,2.2373607540702656,2.2373607540702656,0.0,0.0,0.6432359012694139,0,100
10,13,independent_mondrian,1,2345,0.8985074626865671,1.9637526652452026,1.9637526652452026,0.0,0.0,0.5671527544887041,0,100
10,13,independent_mondrian,2,2453,0.9351814105177334,2.0807174887892375,2.0807174887892375,0.0,0.0,0.748581112103342,0,100
10,13,independent_mondrian,0,507,0.8619329388560157,1.3865877712031558,1.3865877712031558,0.0,0.0,0.46277899583279325,0,10
10,13,input_dependent_structured_mondrian,4,2361,0.8712409995764506,1.5044472681067345,1.5044472681067345,0.74454149983393,0.044549535846409825,-0.05924628605534227,0,100
10,13,input_dependent_structured_mondrian,3,2334,0.9001713796058269,1.9460154241645244,1.9460154241645244,0.6793498351894977,0.04065474153254775,0.0013530944873647588,0,100
10,13,input_dependent_structured_mondrian,1,2345,0.879317697228145,1.68955223880597,1.68955223880597,0.5288508573317866,0.03253563214605605,-0.019275617324869404,0,100
10,13,input_dependent_structured_mondrian,2,2453,0.874439461883408,1.927843456991439,1.927843456991439,0.6002048198548517,0.03617213475486597,-0.03293127082162195,0,100
10,13,input_dependent_structured_mondrian,0,507,0.8856015779092702,1.2662721893491125,1.2662721893491125,0.45103377241584397,0.03062038675822403,-0.01960189977412441,0,10
10,14,independent_mondrian,4,2379,0.9247583018074821,1.7961328289197143,1.7961328289197143,0.0,0.0,0.8238500888948814,0,100
10,14,independent_mondrian,1,2443,0.8931641424478101,2.4113794514940645,2.4113794514940645,0.0,0.0,0.5527145471488414,0,100
10,14,independent_mondrian,3,2333,0.9541363051864552,2.302614659237034,2.302614659237034,0.0,0.0,0.8566514774723064,0,100
10,14,independent_mondrian,2,2380,0.9109243697478991,2.4252100840336133,2.4252100840336133,0.0,0.0,0.6571955022445263,0,100
10,14,independent_mondrian,0,465,0.9870967741935484,1.4817204301075269,1.4817204301075269,0.0,0.0,0.8526681999293032,0,10
10,14,input_dependent_structured_mondrian,4,2379,0.9184531315678857,1.6376628835645228,1.6376628835645228,0.7601378845178629,0.04848702098193458,0.014945374235776021,0,100
10,14,input_dependent_structured_mondrian,1,2443,0.8939828080229226,1.864101514531314,1.864101514531314,0.5319908431270297,0.042731601044678526,-0.0036792178718245694,0,100
10,14,input_dependent_structured_mondrian,3,2333,0.9232747535362195,2.083154736390913,2.083154736390913,0.6872569267746352,0.046401177377722286,0.03113938503979974,0,100
10,14,input_dependent_structured_mondrian,2,2380,0.8932773109243698,2.077731092436975,2.077731092436975,0.6127290131187777,0.04457485693576625,-0.019332409550050333,0,100
10,14,input_dependent_structured_mondrian,0,465,0.9505376344086022,1.4150537634408602,1.4150537634408602,0.45625702519665057,0.04379218469780995,0.11022845025842289,0,10
10,15,independent_mondrian,3,2426,0.9027205276174773,2.2481450948062656,2.2481450948062656,0.0,0.0,0.7160248442596978,0,100
10,15,independent_mondrian,4,2344,0.9189419795221843,1.6348122866894197,1.6348122866894197,0.0,0.0,0.8432955969100548,0,100
10,15,independent_mondrian,2,2339,0.9089354424967935,2.165882855921334,2.165882855921334,0.0,0.0,0.6505602988810794,0,100
10,15,independent_mondrian,1,2384,0.8410234899328859,2.2495805369127515,2.2495805369127515,0.0,0.0,0.46705559637369815,0,100
10,15,independent_mondrian,0,507,0.9861932938856016,1.3116370808678501,1.3116370808678501,0.0,0.0,0.811741499752463,0,10
10,15,input_dependent_structured_mondrian,3,2426,0.9101401483924155,2.040395713107997,2.040395713107997,0.6612896832323553,0.04223734654593293,0.04115544751567113,0,100
10,15,input_dependent_structured_mondrian,4,2344,0.9031569965870307,1.569112627986348,1.569112627986348,0.7159497458493987,0.045415811330360885,0.038443834635034646,0,100
10,15,input_dependent_structured_mondrian,2,2339,0.8858486532706284,2.026507054296708,2.026507054296708,0.5955227326936775,0.040315531545354374,-0.006997276606779179,0,100
10,15,input_dependent_structured_mondrian,1,2384,0.8863255033557047,1.876258389261745,1.876258389261745,0.5398506054515145,0.03644841957530003,-0.02933597470575211,0,100
10,15,input_dependent_structured_mondrian,0,507,0.980276134122288,1.4043392504930967,1.4043392504930967,0.4960225207941346,0.0351632520074164,0.1185095938654196,0,10
10,16,independent_mondrian,4,2438,0.8277276456111566,1.6833470057424118,1.6833470057424118,0.0,0.0,0.6079789685575571,0,100
10,16,independent_mondrian,1,2435,0.9305954825462013,1.9351129363449693,1.9351129363449693,0.0,0.0,0.6333443353482078,0,100
10,16,independent_mondrian,2,2334,0.8933161953727506,2.3071979434447303,2.3071979434447303,0.0,0.0,0.630189455820293,0,100
10,16,independent_mondrian,3,2300,0.9439130434782609,2.0717391304347825,2.0717391304347825,0.0,0.0,0.8585445500313433,0,100
10,16,independent_mondrian,0,493,0.8924949290060852,1.488843813387424,1.488843813387424,0.0,0.0,0.47454230757068355,0,10
10,16,input_dependent_structured_mondrian,4,2438,0.8822805578342904,1.6251025430680885,1.6251025430680885,0.751776871109724,0.04253344219335664,-0.033887120790231984,0,100
10,16,input_dependent_structured_mondrian,1,2435,0.9219712525667351,1.8131416837782341,1.8131416837782341,0.5377205037764976,0.03661710806667781,0.027966201781223998,0,100
10,16,input_dependent_structured_mondrian,2,2334,0.9031705227077977,2.112682090831191,2.112682090831191,0.6173132280894005,0.03959802441104234,-0.006191633177142664,0,100
10,16,input_dependent_structured_mondrian,3,2300,0.9426086956521739,2.053478260869565,2.053478260869565,0.6785044798598029,0.04217314513728676,0.07785576095132363,0,100
10,16,input_dependent_structured_mondrian,0,493,0.8742393509127789,1.3448275862068966,1.3448275862068966,0.47773232035569185,0.03741946044018912,-0.03233973367323545,0,10
10,17,independent_mondrian,3,2381,0.9181016379672406,2.286854262914742,2.286854262914742,0.0,0.0,0.7654301364403584,0,100
10,17,independent_mondrian,1,2342,0.8787361229718189,2.2023911187019642,2.2023911187019642,0.0,0.0,0.5348776735582335,0,100
10,17,independent_mondrian,4,2389,0.9183758894935119,1.7074089577228966,1.7074089577228966,0.0,0.0,0.8555443989124508,0,100
10,17,independent_mondrian,2,2362,0.9022015241320914,2.264606265876376,2.264606265876376,0.0,0.0,0.6412036933187455,0,100
10,17,independent_mondrian,0,526,0.9505703422053232,1.391634980988593,1.391634980988593,0.0,0.0,0.711792314183948,0,10
10,17,input_dependent_structured_mondrian,3,2381,0.868962620747585,2.0478790424191518,2.0478790424191518,0.6714690618782574,0.041032418106828825,-0.03482820363469652,0,100
10,17,input_dependent_structured_mondrian,1,2342,0.8936806148590948,1.860802732707088,1.860802732707088,0.5496564066865329,0.037370299879072706,-0.027258782860849956,0,100
10,17,input_dependent_structured_mondrian,4,2389,0.8861448304730013,1.5600669736291335,1.5600669736291335,0.7427443164585831,0.044904720582244664,-0.004365899537001283,0,100
10,17,input_dependent_structured_mondrian,2,2362,0.9314140558848434,1.9864521591871296,1.9864521591871296,0.6117577892424811,0.03968283214460286,0.05860599086968987,0,100
10,17,input_dependent_structured_mondrian,0,526,0.9068441064638784,1.3897338403041826,1.3897338403041826,0.4826938282599373,0.0371780773143771,0.007384764589627002,0,10
10,18,independent_mondrian,3,2447,0.9456477319166327,2.4756845116469144,2.4756845116469144,0.0,0.0,0.833475350479581,0,100
10,18,independent_mondrian,4,2380,0.9474789915966386,1.8201680672268907,1.8201680672268907,0.0,0.0,0.9767819127485825,0,100
10,18,independent_mondrian,1,2399,0.9312213422259275,2.2175906627761566,2.2175906627761566,0.0,0.0,0.634952388022269,0,100
10,18,independent_mondrian,2,2274,0.9291996481970096,2.530782761653474,2.530782761653474,0.0,0.0,0.705345666878377,0,100
10,18,independent_mondrian,0,500,0.942,1.522,1.522,0.0,0.0,0.6164620020920184,0,10
10,18,input_dependent_structured_mondrian,3,2447,0.9489170412750306,2.125051082958725,2.125051082958725,0.6955880423228926,0.049636642643790106,0.08381113643029642,0,100
10,18,input_dependent_structured_mondrian,4,2380,0.9088235294117647,1.6651260504201681,1.6651260504201681,0.7699502015148838,0.057396259922334984,0.011846090240876905,0,100
10,18,input_dependent_structured_mondrian,1,2399,0.9395581492288454,1.8457690704460192,1.8457690704460192,0.5437783708694705,0.03693637409717398,0.0569957783981444,0,100
10,18,input_dependent_structured_mondrian,2,2274,0.9129287598944591,2.1952506596306067,2.1952506596306067,0.6220613068819303,0.041788070405393916,-0.012808098620323838,0,100
10,18,input_dependent_structured_mondrian,0,500,0.886,1.384,1.384,0.49195134623490544,0.03035747354390349,-0.026426498566097245,0,10
10,19,independent_mondrian,1,2338,0.9238665526090676,2.205731394354149,2.205731394354149,0.0,0.0,0.6274089330805084,0,100
10,19,independent_mondrian,2,2371,0.9097427245887811,2.4048924504428513,2.4048924504428513,0.0,0.0,0.6537082924389216,0,100
10,19,independent_mondrian,4,2407,0.9085999169090154,1.7602825093477357,1.7602825093477357,0.0,0.0,0.8288943773851937,0,100
10,19,independent_mondrian,3,2375,0.9317894736842105,2.294736842105263,2.294736842105263,0.0,0.0,0.8147950186582364,0,100
10,19,independent_mondrian,0,509,0.9292730844793713,1.5638506876227898,1.5638506876227898,0.0,0.0,0.6534113851363462,0,10
10,19,input_dependent_structured_mondrian,1,2338,0.9217279726261762,2.078699743370402,2.078699743370402,0.5323063349963174,0.04351426858166279,0.03483973146212477,0,100
10,19,input_dependent_structured_mondrian,2,2371,0.9219738506959089,2.239139603542809,2.239139603542809,0.603214251765013,0.04268951057630228,0.043940188099878985,0,100
10,19,input_dependent_structured_mondrian,4,2407,0.9081844619858745,1.7008724553385957,1.7008724553385957,0.7435750023625717,0.04585021440557567,0.03121668085372331,0,100
10,19,input_dependent_structured_mondrian,3,2375,0.9372631578947368,2.159157894736842,2.159157894736842,0.6745157211903363,0.04420682403119549,0.10293797552633588,0,100
10,19,input_dependent_structured_mondrian,0,509,0.9744597249508841,1.5579567779960708,1.5579567779960708,0.48206232969616436,0.04271650917776518,0.20046565107590203,0,10
10,20,independent_mondrian,0,466,0.7896995708154506,1.5278969957081545,1.5278969957081545,0.0,0.0,0.349295087924793,0,10
10,20,independent_mondrian,2,2379,0.9541824295922656,2.1920975199663726,2.1920975199663726,0.0,0.0,0.8207439856211384,0,100
10,20,independent_mondrian,3,2411,0.854417254251348,2.35462463708005,2.35462463708005,0.0,0.0,0.6132787548949281,0,100
10,20,independent_mondrian,4,2363,0.8950486669487939,1.6009310198899704,1.6009310198899704,0.0,0.0,0.7695343766215863,0,100
10,20,independent_mondrian,1,2381,0.9336413271734565,1.9554808903821923,1.9554808903821923,0.0,0.0,0.6834390027990122,0,100
10,20,input_dependent_structured_mondrian,0,466,0.8669527896995708,1.3690987124463518,1.3690987124463518,0.466757384586989,0.03716538638385124,-0.04605288194673984,0,10
10,20,input_dependent_structured_mondrian,2,2379,0.9352669188734762,2.0765027322404372,2.0765027322404372,0.6066703695369611,0.040462029005471696,0.06347357768468259,0,100
10,20,input_dependent_structured_mondrian,3,2411,0.8768145997511406,2.133969307341352,2.133969307341352,0.6745335388432598,0.041486540763851,-0.02785910670155828,0,100
10,20,input_dependent_structured_mondrian,4,2363,0.9259415996614473,1.6013542107490477,1.6013542107490477,0.7550978605371268,0.042377828212986815,0.06540591776479943,0,100
10,20,input_dependent_structured_mondrian,1,2381,0.9239815203695926,1.855942881142377,1.855942881142377,0.5355540559125725,0.03844532943428314,0.046453792142502975,0,100
10,21,independent_mondrian,4,2347,0.8086919471665956,1.3804857264593098,1.3804857264593098,0.0,0.0,0.593920315012111,0,100
10,21,independent_mondrian,2,2397,0.9244889445139758,1.8961201501877347,1.8961201501877347,0.0,0.0,0.7128846739195357,0,100
10,21,independent_mondrian,3,2420,0.8264462809917356,2.0041322314049586,2.0041322314049586,0.0,0.0,0.544682769504346,0,100
10,21,independent_mondrian,1,2359,0.9075879610004239,1.671894870707927,1.671894870707927,0.0,0.0,0.5801855229231498,0,100
10,21,independent_mondrian,0,477,0.5744234800838575,1.119496855345912,1.119496855345912,0.0,0.0,0.21178561872473828,0,10
10,21,input_dependent_structured_mondrian,4,2347,0.8414997869620793,1.4772049424797613,1.4772049424797613,0.7692062223742442,0.04762769185193466,-0.09818616951638698,0,100
10,21,input_dependent_structured_mondrian,2,2397,0.9115561118064247,1.9319983312473925,1.9319983312473925,0.602959717522112,0.041678855375020536,0.023628965781376854,0,100
10,21,input_dependent_structured_mondrian,3,2420,0.8855371900826446,1.940909090909091,1.940909090909091,0.6813528837215935,0.04542118412677343,-0.04613543842165935,0,100
10,21,input_dependent_structured_mondrian,1,2359,0.9054684188215345,1.7202204323866046,1.7202204323866046,0.5265654166250808,0.03865219239031741,0.018299887508852364,0,100
10,21,input_dependent_structured_mondrian,0,477,0.7756813417190775,1.2578616352201257,1.2578616352201257,0.4515770290785447,0.03393205526347967,-0.08241429920044999,0,10
10,22,independent_mondrian,4,2346,0.9347826086956522,1.6713554987212276,1.6713554987212276,0.0,0.0,0.9262815587329956,0,100
10,22,independent_mondrian,2,2410,0.8568464730290456,2.271784232365145,2.271784232365145,0.0,0.0,0.566293935312419,0,100
10,22,independent_mondrian,3,2515,0.9089463220675944,2.2461232604373755,2.2461232604373755,0.0,0.0,0.7377468567365498,0,100
10,22,independent_mondrian,1,2267,0.9011910013233349,1.752536391707102,1.752536391707102,0.0,0.0,0.6052936310764437,0,100
10,22,independent_mondrian,0,462,0.8766233766233766,1.4047619047619047,1.4047619047619047,0.0,0.0,0.44718730881850766,0,10
10,22,input_dependent_structured_mondrian,4,2346,0.9386189258312021,1.639386189258312,1.639386189258312,0.7269034187484932,0.028450940248955947,0.1268964688473021,0,100
10,22,input_dependent_structured_mondrian,2,2410,0.9145228215767635,2.1398340248962655,2.1398340248962655,0.6018509757273851,0.03660148414940708,0.029241130423871775,0,100
10,22,input_dependent_structured_mondrian,3,2515,0.9093439363817097,2.204373757455268,2.204373757455268,0.6696159890157942,0.03239543461550623,0.018056780072241763,0,100
10,22,input_dependent_structured_mondrian,1,2267,0.9250110277900309,1.799735333039259,1.799735333039259,0.5334338784214959,0.04130603063283174,0.050544511161468964,0,100
10,22,input_dependent_structured_mondrian,0,462,0.8333333333333334,1.3376623376623376,1.3376623376623376,0.4620291330438803,0.04658771055991549,-0.0517092479019563,0,10
10,23,independent_mondrian,1,2322,0.9375538329026701,1.806201550387597,1.806201550387597,0.0,0.0,0.6658923219878121,0,100
10,23,independent_mondrian,3,2379,0.8537200504413619,2.08995376208491,2.08995376208491,0.0,0.0,0.6158191333895928,0,100
10,23,independent_mondrian,2,2379,0.8902900378310215,2.1080285834384194,2.1080285834384194,0.0,0.0,0.6312314375369145,0,100
10,23,independent_mondrian,4,2425,0.8721649484536083,1.4931958762886597,1.4931958762886597,0.0,0.0,0.7169489968416249,0,100
10,23,independent_mondrian,0,495,0.8505050505050505,1.4707070707070706,1.4707070707070706,0.0,0.0,0.4317042790249967,0,10
10,23,input_dependent_structured_mondrian,1,2322,0.8888888888888888,1.6757105943152455,1.6757105943152455,0.5299089982087031,0.037224790720478795,-0.012355547100989961,0,100
10,23,input_dependent_structured_mondrian,3,2379,0.8738965952080706,1.9852879361076083,1.9852879361076083,0.6876949938888584,0.04704530448555384,-0.03603760345802853,0,100
10,23,input_dependent_structured_mondrian,2,2379,0.9087852038671711,1.94619588062211,1.94619588062211,0.6126255935958559,0.04135722928590808,0.008977257738581379,0,100
10,23,input_dependent_structured_mondrian,4,2425,0.8911340206185567,1.5274226804123712,1.5274226804123712,0.7639431025140595,0.05222736988100921,-0.03518893918395949,0,100
10,23,input_dependent_structured_mondrian,0,495,0.6363636363636364,1.0606060606060606,1.0606060606060606,0.4401535114130229,0.03348411551340969,-0.14010510257554545,0,10
10,24,independent_mondrian,1,2428,0.9209225700164745,2.3887973640856672,2.3887973640856672,0.0,0.0,0.609118286497509,0,100
10,24,independent_mondrian,2,2431,0.9123817359111477,2.4204031262854793,2.4204031262854793,0.0,0.0,0.6695744640834698,0,100
10,24,independent_mondrian,4,2287,0.8815041539134237,1.710100568430258,1.710100568430258,0.0,0.0,0.7444819387028255,0,100
10,24,independent_mondrian,3,2396,0.9357262103505843,2.234974958263773,2.234974958263773,0.0,0.0,0.823593391007921,0,100
10,24,independent_mondrian,0,458,0.982532751091703,1.5240174672489082,1.5240174672489082,0.0,0.0,0.8001223211239178,0,10
10,24,input_dependent_structured_mondrian,1,2428,0.9225700164744646,1.9995881383855025,1.9995881383855025,0.515087434789977,0.033593675692134874,0.05875758174498569,0,100
10,24,input_dependent_structured_mondrian,2,2431,0.9489921842863019,2.1649526943644593,2.1649526943644593,0.5973968431324073,0.03692358231595757,0.10184189585534442,0,100
10,24,input_dependent_structured_mondrian,4,2287,0.8539571491036292,1.5955400087450808,1.5955400087450808,0.7550687450663095,0.04353072706476532,-0.08802244345095972,0,100
10,24,input_dependent_structured_mondrian,3,2396,0.9323873121869783,2.0709515859766277,2.0709515859766277,0.6741703870928631,0.040975037534619875,0.0675434427730468,0,100
10,24,input_dependent_structured_mondrian,0,458,0.962882096069869,1.4585152838427948,1.4585152838427948,0.43549644124857073,0.030145135507447934,0.10561342503532634,0,10
10,25,independent_mondrian,3,2333,0.833690527218174,1.9905700814402056,1.9905700814402056,0.0,0.0,0.5692057040658194,0,100
10,25,independent_mondrian,4,2431,0.8371040723981901,1.4241053064582476,1.4241053064582476,0.0,0.0,0.6411928124382765,0,100
10,25,independent_mondrian,1,2343,0.8792146820315835,1.8903115663679044,1.8903115663679044,0.0,0.0,0.5348902830424065,0,100
10,25,independent_mondrian,2,2398,0.9111759799833195,1.8919933277731442,1.8919933277731442,0.0,0.0,0.66679952665523,0,100
10,25,independent_mondrian,0,495,0.8949494949494949,1.2949494949494949,1.2949494949494949,0.0,0.0,0.5090713537752627,0,10
10,25,input_dependent_structured_mondrian,3,2333,0.8465495070724389,1.9459922846120874,1.9459922846120874,0.6732238230570813,0.05132783189372532,-0.06650895090972081,0,100
10,25,input_dependent_structured_mondrian,4,2431,0.8605512134923899,1.5018510900863842,1.5018510900863842,0.748179008388871,0.05593531649889145,-0.0571221884509871,0,100
10,25,input_dependent_structured_mondrian,1,2343,0.8787878787878788,1.8032437046521554,1.8032437046521554,0.5384743304059277,0.03780150308294274,-0.028915869996359894,0,100
10,25,input_dependent_structured_mondrian,2,2398,0.9336947456213511,1.921184320266889,1.921184320266889,0.6020674460212877,0.044077385931932035,0.06596894179303148,0,100
10,25,input_dependent_structured_mondrian,0,495,0.8808080808080808,1.2828282828282829,1.2828282828282829,0.4665443935278993,0.033087594819308105,-0.019326595880370112,0,10
10,26,independent_mondrian,2,2380,0.907563025210084,2.396638655462185,2.396638655462185,0.0,0.0,0.6659024627706339,0,100
10,26,independent_mondrian,4,2328,0.8702749140893471,1.7461340206185567,1.7461340206185567,0.0,0.0,0.6880315880781883,0,100
10,26,independent_mondrian,1,2426,0.9340478153338829,1.914674361088211,1.914674361088211,0.0,0.0,0.6538535972195376,0,100
10,26,independent_mondrian,0,496,0.782258064516129,1.409274193548387,1.409274193548387,0.0,0.0,0.35461071807648775,0,10
10,26,independent_mondrian,3,2370,0.9658227848101266,2.208438818565401,2.208438818565401,0.0,0.0,0.9073288663247918,0,100
10,26,input_dependent_structured_mondrian,2,2380,0.9235294117647059,2.1592436974789915,2.1592436974789915,0.6076535052970313,0.03554523794656169,0.05467354297456095,0,100
10,26,input_dependent_structured_mondrian,4,2328,0.8848797250859106,1.6447594501718212,1.6447594501718212,0.7254313881470589,0.0399089398500035,-0.03027423345450475,0,100
10,26,input_dependent_structured_mondrian,1,2426,0.9154987633965375,1.9633140972794725,1.9633140972794725,0.5448578472567736,0.034747132822769845,0.005285345326222157,0,100
10,26,input_dependent_structured_mondrian,0,496,0.9314516129032258,1.3689516129032258,1.3689516129032258,0.47446436413952037,0.033700132391393293,0.04422048022412664,0,10
10,26,input_dependent_structured_mondrian,3,2370,0.9540084388185655,2.087763713080169,2.087763713080169,0.662240188949116,0.036459843212825846,0.12000784443629131,0,100
10,27,independent_mondrian,1,2381,0.9080218395632087,2.3095338093238134,2.3095338093238134,0.0,0.0,0.5988134827234649,0,100
10,27,independent_mondrian,2,2381,0.9374212515749685,2.1784964300713985,2.1784964300713985,0.0,0.0,0.7507540069649098,0,100
10,27,independent_mondrian,3,2330,0.8493562231759657,2.251931330472103,2.251931330472103,0.0,0.0,0.6306198228773341,0,100
10,27,independent_mondrian,4,2427,0.899876390605686,1.6184590028842192,1.6184590028842192,0.0,0.0,0.783910020901896,0,100
10,27,independent_mondrian,0,481,0.9792099792099792,1.5426195426195426,1.5426195426195426,0.0,0.0,0.7084555891183406,0,10
10,27,input_dependent_structured_mondrian,1,2381,0.9391012179756405,1.9827803443931122,1.9827803443931122,0.5591476282794108,0.03512674358399245,0.04702395608008875,0,100
10,27,input_dependent_structured_mondrian,2,2381,0.9084418311633767,2.106257874842503,2.106257874842503,0.6244995267779815,0.04266239233961171,-0.0036919319336329304,0,100
10,27,input_dependent_structured_mondrian,3,2330,0.871244635193133,2.086695278969957,2.086695278969957,0.7012305066777488,0.05042257832837305,-0.049352881496793066,0,100
10,27,input_dependent_structured_mondrian,4,2427,0.9159456118665018,1.5908529048207665,1.5908529048207665,0.7702620642553215,0.058253295016672216,0.02723413960373855,0,100
10,27,input_dependent_structured_mondrian,0,481,0.975051975051975,1.4553014553014554,1.4553014553014554,0.4841398896668675,0.029624279329562797,0.11169761638893994,0,10
10,28,independent_mondrian,2,2355,0.905307855626327,2.2772823779193208,2.2772823779193208,0.0,0.0,0.6265759202414933,0,100
10,28,independent_mondrian,4,2355,0.8929936305732484,1.6191082802547772,1.6191082802547772,0.0,0.0,0.8245085932047961,0,100
10,28,independent_mondrian,3,2433,0.906288532675709,2.247842170160296,2.247842170160296,0.0,0.0,0.7061461808563003,0,100
10,28,independent_mondrian,1,2366,0.9171597633136095,2.220625528317836,2.220625528317836,0.0,0.0,0.6143676238664016,0,100
10,28,independent_mondrian,0,491,0.9775967413441955,1.539714867617108,1.539714867617108,0.0,0.0,0.7320442556802471,0,10
10,28,input_dependent_structured_mondrian,2,2355,0.8938428874734607,2.066666666666667,2.066666666666667,0.6047293604403033,0.0393349553600045,-0.027549718724878325,0,100
10,28,input_dependent_structured_mondrian,4,2355,0.9227176220806794,1.5473460721868366,1.5473460721868366,0.7529619531643341,0.038278224801603054,0.07686759993855635,0,100
10,28,input_dependent_structured_mondrian,3,2433,0.8532675709001233,2.109330045211673,2.109330045211673,0.6839769990183399,0.038826533144868086,-0.07748020418262247,0,100
10,28,input_dependent_structured_mondrian,1,2366,0.9370245139475909,1.9505494505494505,1.9505494505494505,0.5338124689067064,0.0398712104575148,0.07021022146907041,0,100
10,28,input_dependent_structured_mondrian,0,491,0.9898167006109979,1.5010183299389002,1.5010183299389002,0.4811114107570494,0.04231094366674724,0.200981159129468,0,10
10,29,independent_mondrian,4,2422,0.9050371593724195,1.7188274153592074,1.7188274153592074,0.0,0.0,0.7841367815808367,0,100
10,29,independent_mondrian,2,2307,0.9206762028608583,2.2162982228001735,2.2162982228001735,0.0,0.0,0.6818798333633878,0,100
10,29,independent_mondrian,0,486,0.8127572016460906,1.2962962962962963,1.2962962962962963,0.0,0.0,0.3793196261188902,0,10
10,29,independent_mondrian,1,2305,0.8889370932754881,1.8308026030368763,1.8308026030368763,0.0,0.0,0.5516517711693221,0,100
10,29,independent_mondrian,3,2480,0.9298387096774193,2.256048387096774,2.256048387096774,0.0,0.0,0.7900819632650552,0,100
10,29,input_dependent_structured_mondrian,4,2422,0.911643270024773,1.5718414533443434,1.5718414533443434,0.7592607228982667,0.048422012194144444,0.005610520239979766,0,100
10,29,input_dependent_structured_mondrian,2,2307,0.905938448201127,2.0195058517555267,2.0195058517555267,0.614985063177333,0.04040105659387896,0.0051624614085561404,0,100
10,29,input_dependent_structured_mondrian,0,486,0.8559670781893004,1.316872427983539,1.316872427983539,0.4753431963608231,0.03611354335401989,-0.04519864340757665,0,10
10,29,input_dependent_structured_mondrian,1,2305,0.8750542299349241,1.7266811279826464,1.7266811279826464,0.5391554816498352,0.03922991280806093,-0.01685394656848102,0,100
10,29,input_dependent_structured_mondrian,3,2480,0.896774193548387,2.0733870967741934,2.0733870967741934,0.6906221626470935,0.044715170601208186,-0.01821035901943996,0,100
10,30,independent_mondrian,3,2388,0.9149916247906198,2.1499162479061975,2.1499162479061975,0.0,0.0,0.7539206967114223,0,100
10,30,independent_mondrian,2,2349,0.9084716900808855,2.1247339293316303,2.1247339293316303,0.0,0.0,0.6349663609494994,0,100
10,30,independent_mondrian,1,2378,0.8784693019343986,1.9449116904962154,1.9449116904962154,0.0,0.0,0.5216747275149863,0,100
10,30,independent_mondrian,4,2384,0.8905201342281879,1.6388422818791946,1.6388422818791946,0.0,0.0,0.7400334210834033,0,100
10,30,independent_mondrian,0,501,0.908183632734531,1.311377245508982,1.311377245508982,0.0,0.0,0.5512323770780783,0,10
10,30,input_dependent_structured_mondrian,3,2388,0.9066164154103853,2.0896147403685092,2.0896147403685092,0.6758023208606564,0.04709820140486249,0.030755542032069316,0,100
10,30,input_dependent_structured_mondrian,2,2349,0.9148573861217539,2.0383141762452106,2.0383141762452106,0.6080466735265058,0.04368896608620201,0.003912177115467985,0,100
10,30,input_dependent_structured_mondrian,1,2378,0.8654331370899916,1.7279226240538268,1.7279226240538268,0.5510265043301745,0.03952950081385289,-0.05158139382459892,0,100
10,30,input_dependent_structured_mondrian,4,2384,0.9370805369127517,1.6216442953020134,1.6216442953020134,0.7431792173547148,0.0511765465534564,0.08216284290378179,0,100
10,30,input_dependent_structured_mondrian,0,501,0.8043912175648703,1.2275449101796407,1.2275449101796407,0.48902631512513933,0.03711349770205624,-0.10479146047482282,0,10
10,31,independent_mondrian,2,2381,0.9315413691726165,2.156656866862663,2.156656866862663,0.0,0.0,0.7055281352833854,0,100
10,31,independent_mondrian,4,2420,0.8793388429752066,1.631404958677686,1.631404958677686,0.0,0.0,0.7320983386785399,0,100
10,31,independent_mondrian,3,2368,0.9138513513513513,2.2183277027027026,2.2183277027027026,0.0,0.0,0.7214356062712486,0,100
10,31,independent_mondrian,1,2356,0.8994057724957555,1.8399830220713074,1.8399830220713074,0.0,0.0,0.5689012899638112,0,100
10,31,independent_mondrian,0,475,0.8084210526315789,1.2989473684210526,1.2989473684210526,0.0,0.0,0.36194348963853823,0,10
10,31,input_dependent_structured_mondrian,2,2381,0.9147417051658967,1.9630407391852163,1.9630407391852163,0.588189488579275,0.03695949138485128,0.02625792270518712,0,100
10,31,input_dependent_structured_mondrian,4,2420,0.8987603305785123,1.5491735537190083,1.5491735537190083,0.7449838165870195,0.04857371197392928,0.005268507279196921,0,100
10,31,input_dependent_structured_mondrian,3,2368,0.8940033783783784,2.03125,2.03125,0.6705191100155593,0.042847196776436204,-0.016754120135208994,0,100
10,31,input_dependent_structured_mondrian,1,2356,0.902376910016978,1.750848896434635,1.750848896434635,0.5212593227467596,0.03169562986799836,0.017659695007835763,0,100
10,31,input_dependent_structured_mondrian,0,475,0.8757894736842106,1.3178947368421052,1.3178947368421052,0.4549045300827502,0.026092504901892126,-0.029337936813750354,0,10
10,32,independent_mondrian,4,2390,0.8820083682008368,1.7376569037656904,1.7376569037656904,0.0,0.0,0.7453568979145386,0,100
10,32,independent_mondrian,3,2362,0.9424216765453006,2.2095681625740897,2.2095681625740897,0.0,0.0,0.8485452777249889,0,100
10,32,independent_mondrian,1,2335,0.8792291220556745,1.9053533190578158,1.9053533190578158,0.0,0.0,0.5478895679059883,0,100
10,32,independent_mondrian,2,2400,0.9145833333333333,2.2425,2.2425,0.0,0.0,0.6622075385495123,0,100
10,32,independent_mondrian,0,513,0.8693957115009746,1.3333333333333333,1.3333333333333333,0.0,0.0,0.4516385950428613,0,10
10,32,input_dependent_structured_mondrian,4,2390,0.8506276150627615,1.593305439330544,1.593305439330544,0.73410965030124,0.04120174878919029,-0.06698073277853422,0,100
10,32,input_dependent_structured_mondrian,3,2362,0.9398814563928873,2.0029635901778153,2.0029635901778153,0.6679078841354767,0.04255325692530148,0.09119899133351894,0,100
10,32,input_dependent_structured_mondrian,1,2335,0.8659528907922912,1.8376873661670237,1.8376873661670237,0.5517132805291819,0.04009854678003892,-0.04260676524914575,0,100
10,32,input_dependent_structured_mondrian,2,2400,0.9141666666666667,2.0608333333333335,2.0608333333333335,0.6099119395731146,0.04197204728226483,0.017927207726162186,0,100
10,32,input_dependent_structured_mondrian,0,513,0.9142300194931774,1.3801169590643274,1.3801169590643274,0.49427621108922964,0.03985316315330454,0.01706825743637158,0,10
10,33,independent_mondrian,3,2393,0.8800668616798997,2.2728792310906814,2.2728792310906814,0.0,0.0,0.68276484779065,0,100
10,33,independent_mondrian,2,2409,0.9327521793275217,2.194686591946866,2.194686591946866,0.0,0.0,0.7558577212902966,0,100
10,33,independent_mondrian,0,510,0.5372549019607843,1.1549019607843136,1.1549019607843136,0.0,0.0,0.1708624957905927,0,10
10,33,independent_mondrian,4,2357,0.8756894357233772,1.601187950784896,1.601187950784896,0.0,0.0,0.7447065137358366,0,100
10,33,independent_mondrian,1,2331,0.924924924924925,1.7889317889317888,1.7889317889317888,0.0,0.0,0.6426582840307011,0,100
10,33,input_dependent_structured_mondrian,3,2393,0.8863351441704973,2.1809444212285833,2.1809444212285833,0.6813840954585109,0.048331506600452045,-0.004154788173655,0,100
10,33,input_dependent_structured_mondrian,2,2409,0.9456205894562059,2.107928601079286,2.107928601079286,0.6113952455423382,0.04400273270106409,0.11032977061845789,0,100
10,33,input_dependent_structured_mondrian,0,510,0.7392156862745098,1.2843137254901962,1.2843137254901962,0.48596977853037027,0.0352787571313182,-0.11848897699440278,0,10
10,33,input_dependent_structured_mondrian,4,2357,0.9121764955451845,1.6194314806957997,1.6194314806957997,0.7462004660180488,0.05082077517323839,0.04486966477145338,0,100
10,33,input_dependent_structured_mondrian,1,2331,0.9386529386529386,1.8815958815958815,1.8815958815958815,0.5454386662971039,0.04027230952208649,0.0563482062743495,0,100
10,34,independent_mondrian,4,2378,0.8894028595458369,1.7375946173254837,1.7375946173254837,0.0,0.0,0.7678595643161455,0,100
10,34,independent_mondrian,3,2333,0.9438491213030433,2.243891984569224,2.243891984569224,0.0,0.0,0.8298985208140083,0,100
10,34,independent_mondrian,1,2397,0.8181059657905716,2.206090947017105,2.206090947017105,0.0,0.0,0.4395432273208274,0,100
10,34,independent_mondrian,2,2372,0.9165261382799326,2.1770657672849913,2.1770657672849913,0.0,0.0,0.6835475298897382,0,100
10,34,independent_mondrian,0,520,0.9769230769230769,1.2596153846153846,1.2596153846153846,0.0,0.0,0.7021811973707808,0,10
10,34,input_dependent_structured_mondrian,4,2378,0.9058031959629941,1.6139613120269134,1.6139613120269134,0.754166395526923,0.046155983530984594,0.011552937508134242,0,100
10,34,input_dependent_structured_mondrian,3,2333,0.9164166309472782,2.0792970424346335,2.0792970424346335,0.6636206925872941,0.042025109917901475,0.030753442524069974,0,100
10,34,input_dependent_structured_mondrian,1,2397,0.8598247809762203,2.012098456403838,2.012098456403838,0.5186271405902633,0.03307306521935817,-0.03166821422752475,0,100
10,34,input_dependent_structured_mondrian,2,2372,0.9215851602023609,2.0649241146711637,2.0649241146711637,0.5941978713904977,0.03747009089021126,0.05351049369976579,0,100
10,34,input_dependent_structured_mondrian,0,520,0.9923076923076923,1.3942307692307692,1.3942307692307692,0.45066962893468815,0.028836937423901855,0.23017395957604508,0,10
10,35,independent_mondrian,0,514,0.8560311284046692,1.482490272373541,1.482490272373541,0.0,0.0,0.4615386899707471,0,10
10,35,independent_mondrian,4,2382,0.8849706129303107,1.5083963056255247,1.5083963056255247,0.0,0.0,0.7587670257576238,0,100
10,35,independent_mondrian,3,2387,0.8659405111018014,2.0724759111855886,2.0724759111855886,0.0,0.0,0.6377300279126962,0,100
10,35,independent_mondrian,2,2367,0.8538234051542036,2.089564850021124,2.089564850021124,0.0,0.0,0.5665808466710314,0,100
10,35,independent_mondrian,1,2350,0.9148936170212766,1.7570212765957447,1.7570212765957447,0.0,0.0,0.6485532585625018,0,100
10,35,input_dependent_structured_mondrian,0,514,0.877431906614786,1.4027237354085602,1.4027237354085602,0.4529987100255274,0.028211265142837123,-0.019817980760110876,0,10
10,35,input_dependent_structured_mondrian,4,2382,0.8845507976490344,1.5109151973131822,1.5109151973131822,0.7467668480768563,0.04101577260498137,-0.028068826104847733,0,100
10,35,input_dependent_structured_mondrian,3,2387,0.8789275240888144,2.0180142438206956,2.0180142438206956,0.6805149163628944,0.037474879601233614,-0.04176461576095247,0,100
10,35,input_dependent_structured_mondrian,2,2367,0.8977608787494719,2.037600337980566,2.037600337980566,0.5973699415725162,0.033540138591132765,-0.007343033926782261,0,100
10,35,input_dependent_structured_mondrian,1,2350,0.9472340425531914,1.7940425531914894,1.7940425531914894,0.5303671830005339,0.029928075470874102,0.10931746023573935,0,100
10,36,independent_mondrian,3,2479,0.891085114965712,2.463493344090359,2.463493344090359,0.0,0.0,0.6829760932530501,0,100
10,36,independent_mondrian,1,2354,0.9443500424808836,2.2225998300764656,2.2225998300764656,0.0,0.0,0.7186778473562945,0,100
10,36,independent_mondrian,2,2346,0.9428815004262575,2.407075873827792,2.407075873827792,0.0,0.0,0.7728857779559194,0,100
10,36,independent_mondrian,4,2362,0.9267569856054191,1.6964436917866215,1.6964436917866215,0.0,0.0,0.8892189533016273,0,100
10,36,independent_mondrian,0,459,0.9389978213507625,1.6797385620915033,1.6797385620915033,0.0,0.0,0.5787042717820107,0,10
10,36,input_dependent_structured_mondrian,3,2479,0.8805970149253731,2.0475998386446146,2.0475998386446146,0.6669732276846375,0.04997929297129674,-0.01737296061323884,0,100
10,36,input_dependent_structured_mondrian,1,2354,0.9260832625318607,1.7697536108751062,1.7697536108751062,0.5311510330196715,0.03641582700444382,0.04363384653860669,0,100
10,36,input_dependent_structured_mondrian,2,2346,0.9057971014492754,2.0515771526001707,2.0515771526001707,0.6041940628230179,0.04226474844871982,0.020996659034614673,0,100
10,36,input_dependent_structured_mondrian,4,2362,0.9009314140558848,1.5558848433530905,1.5558848433530905,0.7496242624600653,0.05498069153663173,0.056112029844206435,0,100
10,36,input_dependent_structured_mondrian,0,459,0.8061002178649237,1.2854030501089324,1.2854030501089324,0.4698408361389026,0.031029420657151304,-0.07326786351344444,0,10
10,37,independent_mondrian,3,2432,0.9214638157894737,2.3766447368421053,2.3766447368421053,0.0,0.0,0.758822040140994,0,100
10,37,independent_mondrian,2,2380,0.9588235294117647,2.5210084033613445,2.5210084033613445,0.0,0.0,0.8079450779164141,0,100
10,37,independent_mondrian,4,2363,0.8760050782903089,1.7257723233178164,1.7257723233178164,0.0,0.0,0.7221726100756221,0,100
10,37,independent_mondrian,1,2328,0.9218213058419243,2.683419243986254,2.683419243986254,0.0,0.0,0.6006545617783353,0,100
10,37,independent_mondrian,0,497,1,1.579476861167002,1.579476861167002,0.0,0.0,1.036193848157087,0,10
10,37,input_dependent_structured_mondrian,3,2432,0.8885690789473685,2.2882401315789473,2.2882401315789473,0.6860487077775876,0.04560415254041309,-0.0390627078551945,0,100
10,37,input_dependent_structured_mondrian,2,2380,0.9697478991596639,2.242016806722689,2.242016806722689,0.6137829472967753,0.0430874132967072,0.1625422338166232,0,100
10,37,input_dependent_structured_mondrian,4,2363,0.9403300888700804,1.652983495556496,1.652983495556496,0.7622642109302158,0.04837018530888057,0.07777458534856874,0,100
10,37,input_dependent_structured_mondrian,1,2328,0.936426116838488,2.320446735395189,2.320446735395189,0.5510704726353824,0.04115580438859873,0.041759419581675394,0,100
10,37,input_dependent_structured_mondrian,0,497,0.993963782696177,1.5472837022132797,1.5472837022132797,0.462078730745431,0.04024263470689054,0.300933521777757,0,10
10,38,independent_mondrian,4,2391,0.9063153492262651,1.6152237557507318,1.6152237557507318,0.0,0.0,0.8353071992659724,0,100
10,38,independent_mondrian,1,2414,0.8968516984258492,1.9751449875724938,1.9751449875724938,0.0,0.0,0.5751821639655925,0,100
10,38,independent_mondrian,2,2320,0.9211206896551725,2.172844827586207,2.172844827586207,0.0,0.0,0.6991486899089325,0,100
10,38,independent_mondrian,3,2388,0.8974036850921273,2.3023450586264658,2.3023450586264658,0.0,0.0,0.6792451965750963,0,100
10,38,independent_mondrian,0,487,0.9014373716632443,1.433264887063655,1.433264887063655,0.0,0.0,0.5068222639978235,0,10
10,38,input_dependent_structured_mondrian,4,2391,0.9201171058134672,1.6185696361355082,1.6185696361355082,0.7358024209847356,0.047677795321431723,0.057025152051625394,0,100
10,38,input_dependent_structured_mondrian,1,2414,0.90016570008285,1.872825186412593,1.872825186412593,0.5128336285477431,0.03371092815663762,0.025472634984818776,0,100
10,38,input_dependent_structured_mondrian,2,2320,0.905603448275862,2.116810344827586,2.116810344827586,0.591062184641724,0.03708714735858148,0.03457419856156929,0,100
10,38,input_dependent_structured_mondrian,3,2388,0.931323283082077,2.086683417085427,2.086683417085427,0.6569355248560599,0.04415270450699707,0.07563267748326818,0,100
10,38,input_dependent_structured_mondrian,0,487,0.9260780287474333,1.3613963039014374,1.3613963039014374,0.4333911863546636,0.030837134100133057,0.056554700449046647,0,10
10,39,independent_mondrian,3,2414,0.9138359569179785,2.2460646230323116,2.2460646230323116,0.0,0.0,0.745984367764952,0,100
10,39,independent_mondrian,2,2348,0.9075809199318569,2.3581771720613287,2.3581771720613287,0.0,0.0,0.6670126353462428,0,100
10,39,independent_mondrian,4,2379,0.8944934846574191,1.6397646069777216,1.6397646069777216,0.0,0.0,0.7755006221287265,0,100
10,39,independent_mondrian,1,2384,0.9542785234899329,1.8120805369127517,1.8120805369127517,0.0,0.0,0.6987951747249251,0,100
10,39,independent_mondrian,0,475,0.7578947368421053,1.48,1.48,0.0,0.0,0.3268621267169688,0,10
10,39,input_dependent_structured_mondrian,3,2414,0.891880695940348,1.9548467274233636,1.9548467274233636,0.6864347787716509,0.045285459867515455,-0.013520423556759031,0,100
10,39,input_dependent_structured_mondrian,2,2348,0.8939522998296422,2.0072402044293014,2.0072402044293014,0.6041245550632508,0.04197816923654556,0.006428119202124882,0,100
10,39,input_dependent_structured_mondrian,4,2379,0.8402690205968895,1.490962589323245,1.490962589323245,0.7619984600863832,0.048918763250695434,-0.0987468043580021,0,100
10,39,input_dependent_structured_mondrian,1,2384,0.949244966442953,1.7093120805369129,1.7093120805369129,0.5130969775040719,0.03595387356019877,0.08244735654141033,0,100
10,39,input_dependent_structured_mondrian,0,475,0.7221052631578947,1.2463157894736843,1.2463157894736843,0.44187433346397076,0.03479273552736071,-0.09747244510625813,0,10
10,40,independent_mondrian,3,2465,0.9565922920892495,2.3075050709939147,2.3075050709939147,0.0,0.0,0.9205977013911386,0,100
10,40,independent_mondrian,1,2412,0.9195688225538972,2.213101160862355,2.213101160862355,0.0,0.0,0.6035758475805487,0,100
10,40,independent_mondrian,4,2313,0.9053177691309987,1.8123648940769563,1.8123648940769563,0.0,0.0,0.7879958771378729,0,100
10,40,independent_mondrian,2,2329,0.8935165306998711,2.421640188922284,2.421640188922284,0.0,0.0,0.6664351377448626,0,100
10,40,independent_mondrian,0,481,0.9272349272349273,1.4906444906444907,1.4906444906444907,0.0,0.0,0.610667881745057,0,10
10,40,input_dependent_structured_mondrian,3,2465,0.9221095334685598,2.055578093306288,2.055578093306288,0.6900667971895674,0.03999899110312208,0.03279945094998199,0,100
10,40,input_dependent_structured_mondrian,1,2412,0.8934494195688225,1.7819237147595357,1.7819237147595357,0.5098595989205831,0.029903558473343424,0.01580668517589101,0,100
10,40,input_dependent_structured_mondrian,4,2313,0.9130998702983139,1.6074362300043235,1.6074362300043235,0.7769545152522498,0.04803737195286046,-0.013683690650427627,0,100
10,40,input_dependent_structured_mondrian,2,2329,0.8784886217260627,2.0412194074710177,2.0412194074710177,0.598558732120638,0.034625342136878866,-0.013488343730203689,0,100
10,40,input_dependent_structured_mondrian,0,481,0.9064449064449065,1.3471933471933473,1.3471933471933473,0.4248142245262599,0.027360720907529154,0.06076550764372113,0,10
10,41,independent_mondrian,2,2454,0.8659331703341483,1.965362673186634,1.965362673186634,0.0,0.0,0.5476144909630344,0,100
10,41,independent_mondrian,3,2259,0.8570163789287295,1.989818503762727,1.989818503762727,0.0,0.0,0.6127425685426683,0,100
10,41,independent_mondrian,1,2366,0.8960270498732037,1.9239222316145392,1.9239222316145392,0.0,0.0,0.5542517086303597,0,100
10,41,independent_mondrian,4,2447,0.8814875357580712,1.4711892112791174,1.4711892112791174,0.0,0.0,0.7236908794329522,0,100
10,41,independent_mondrian,0,474,0.9514767932489452,1.3860759493670887,1.3860759493670887,0.0,0.0,0.6386246963815636,0,10
10,41,input_dependent_structured_mondrian,2,2454,0.8883455582722086,1.9612876935615322,1.9612876935615322,0.5915757803014786,0.03615451533152993,-0.017935407208830134,0,100
10,41,input_dependent_structured_mondrian,3,2259,0.9017264276228419,2.017706949977866,2.017706949977866,0.675704264676393,0.03929270713926242,0.007905700474524324,0,100
10,41,input_dependent_structured_mondrian,1,2366,0.9053254437869822,1.7409129332206255,1.7409129332206255,0.5227006143773808,0.033406995103322255,0.019779214563560132,0,100
10,41,input_dependent_structured_mondrian,4,2447,0.898242746219861,1.553330608908868,1.553330608908868,0.7482893587470619,0.042703587268542065,-0.01578450473867221,0,100
10,41,input_dependent_structured_mondrian,0,474,0.8586497890295358,1.2721518987341771,1.2721518987341771,0.45275102968942355,0.030582502930166393,-0.018394237348415277,0,10
10,42,independent_mondrian,4,2250,0.9115555555555556,1.7195555555555555,1.7195555555555555,0.0,0.0,0.8101340635997877,0,100
10,42,independent_mondrian,2,2401,0.9075385256143274,2.1349437734277386,2.1349437734277386,0.0,0.0,0.6595904096634541,0,100
10,42,independent_mondrian,1,2455,0.8456211812627291,1.9515274949083503,1.9515274949083503,0.0,0.0,0.4726410850762126,0,100
10,42,independent_mondrian,3,2382,0.936607892527288,2.2644836272040303,2.2644836272040303,0.0,0.0,0.8026144949511027,0,100
10,42,independent_mondrian,0,512,0.921875,1.263671875,1.263671875,0.0,0.0,0.537991423697015,0,10
10,42,input_dependent_structured_mondrian,4,2250,0.9013333333333333,1.6457777777777778,1.6457777777777778,0.7420403131271135,0.05094597029858584,0.007602209762332168,0,100
10,42,input_dependent_structured_mondrian,2,2401,0.897542690545606,2.0882965431070386,2.0882965431070386,0.6059912097842584,0.04016918374094261,0.0073698563688002205,0,100
10,42,input_dependent_structured_mondrian,1,2455,0.8700610997963341,1.8566191446028513,1.8566191446028513,0.5412367577566779,0.03275557931753648,-0.045153498669724346,0,100
10,42,input_dependent_structured_mondrian,3,2382,0.9483627204030227,2.0801847187237614,2.0801847187237614,0.676853727042469,0.044182676568883264,0.09446772152756927,0,100
10,42,input_dependent_structured_mondrian,0,512,0.947265625,1.361328125,1.361328125,0.47858673340152513,0.02866885245649409,0.05736593173597948,0,10
10,43,independent_mondrian,1,2399,0.9045435598165903,1.6832013338891205,1.6832013338891205,0.0,0.0,0.5769129411317265,0,100
10,43,independent_mondrian,2,2389,0.8580996232733361,2.0879028882377564,2.0879028882377564,0.0,0.0,0.5612181237536662,0,100
10,43,independent_mondrian,4,2350,0.8719148936170212,1.568936170212766,1.568936170212766,0.0,0.0,0.6995461540679457,0,100
10,43,independent_mondrian,3,2322,0.892334194659776,2.0133505598621877,2.0133505598621877,0.0,0.0,0.7211271108958888,0,100
10,43,independent_mondrian,0,540,0.837037037037037,1.3166666666666667,1.3166666666666667,0.0,0.0,0.4282800754427548,0,10
10,43,input_dependent_structured_mondrian,1,2399,0.877865777407253,1.8290954564401833,1.8290954564401833,0.5308807614597941,0.032276979582815925,-0.041174823103138636,0,100
10,43,input_dependent_structured_mondrian,2,2389,0.8869820008371704,2.0426956885726244,2.0426956885726244,0.6096886248555107,0.033659328628389405,-0.01410444847988962,0,100
10,43,input_dependent_structured_mondrian,4,2350,0.8825531914893617,1.596595744680851,1.596595744680851,0.7526269084032804,0.03741138233874589,-0.05154423220974769,0,100
10,43,input_dependent_structured_mondrian,3,2322,0.9220499569336779,2.005167958656331,2.005167958656331,0.6852539031910961,0.03559890671073043,0.060919861765279415,0,100
10,43,input_dependent_structured_mondrian,0,540,0.9703703703703703,1.337037037037037,1.337037037037037,0.46222326174701533,0.029165881236705642,0.1050950781422671,0,10
10,44,independent_mondrian,1,2430,0.9366255144032922,2.2358024691358023,2.2358024691358023,0.0,0.0,0.6434991863992923,0,100
10,44,independent_mondrian,4,2340,0.9025641025641026,1.4816239316239317,1.4816239316239317,0.0,0.0,0.7731712868775606,0,100
10,44,independent_mondrian,2,2395,0.8784968684759916,2.1336116910229643,2.1336116910229643,0.0,0.0,0.6062009418489981,0,100
10,44,independent_mondrian,3,2353,0.8295792605184871,2.12027199320017,2.12027199320017,0.0,0.0,0.562018449649435,0,100
10,44,independent_mondrian,0,482,0.9896265560165975,1.5829875518672198,1.5829875518672198,0.0,0.0,0.7991605567495002,0,10
10,44,input_dependent_structured_mondrian,1,2430,0.9209876543209876,1.8082304526748971,1.8082304526748971,0.5138044147635574,0.035708066994610065,0.029820466477061602,0,100
10,44,input_dependent_structured_mondrian,4,2340,0.8952991452991453,1.5427350427350428,1.5427350427350428,0.7478598600216193,0.04253910287335178,-0.02320963170706347,0,100
10,44,input_dependent_structured_mondrian,2,2395,0.8526096033402922,1.9782881002087682,1.9782881002087682,0.5921806306361117,0.038354414969470875,-0.03745688000186029,0,100
10,44,input_dependent_structured_mondrian,3,2353,0.8924776880577986,1.965575860603485,1.965575860603485,0.6625495439552355,0.03897342727494808,-0.005574811087796283,0,100
10,44,input_dependent_structured_mondrian,0,482,0.9605809128630706,1.4398340248962656,1.4398340248962656,0.43917081415046627,0.030848105292274466,0.12167304440914373,0,10
10,45,independent_mondrian,4,2381,0.8891222175556489,1.625367492650147,1.625367492650147,0.0,0.0,0.7536700134102854,0,100
10,45,independent_mondrian,1,2399,0.9553980825343893,2.177157148812005,2.177157148812005,0.0,0.0,0.7475064966996802,0,100
10,45,independent_mondrian,2,2256,0.9091312056737588,2.377659574468085,2.377659574468085,0.0,0.0,0.664856527027907,0,100
10,45,independent_mondrian,3,2427,0.9081170168932838,2.2781211372064276,2.2781211372064276,0.0,0.0,0.6990744020439665,0,100
10,45,independent_mondrian,0,537,0.9590316573556797,1.7094972067039107,1.7094972067039107,0.0,0.0,0.6462123847453851,0,10
10,45,input_dependent_structured_mondrian,4,2381,0.9084418311633767,1.5632087358252835,1.5632087358252835,0.7561818580290443,0.04518884510773896,0.016012019987979742,0,100
10,45,input_dependent_structured_mondrian,1,2399,0.9558149228845352,1.7265527303042933,1.7265527303042933,0.535073852263062,0.036993678515674845,0.10514623221624012,0,100
10,45,input_dependent_structured_mondrian,2,2256,0.8736702127659575,2.027482269503546,2.027482269503546,0.5987467528101752,0.039788765855072426,-0.028613991019922125,0,100
10,45,input_dependent_structured_mondrian,3,2427,0.900288421920066,2.046559538524928,2.046559538524928,0.6698294391050617,0.04180957475791903,-0.01967247104634462,0,100
10,45,input_dependent_structured_mondrian,0,537,0.8156424581005587,1.3743016759776536,1.3743016759776536,0.4751649418910832,0.03357477699650583,-0.09048055445253966,0,10
10,46,independent_mondrian,3,2340,0.8794871794871795,2.137179487179487,2.137179487179487,0.0,0.0,0.6665219361574699,0,100
10,46,independent_mondrian,1,2394,0.8763575605680869,2.1888053467000836,2.1888053467000836,0.0,0.0,0.5137533725288678,0,100
10,46,independent_mondrian,0,507,0.9566074950690335,1.3925049309664694,1.3925049309664694,0.0,0.0,0.7001579443076895,0,10
10,46,independent_mondrian,4,2417,0.8713280926768722,1.5568887050062061,1.5568887050062061,0.0,0.0,0.724115247812656,0,100
10,46,independent_mondrian,2,2342,0.9077711357813835,2.068317677198975,2.068317677198975,0.0,0.0,0.6727898912840667,0,100
10,46,input_dependent_structured_mondrian,3,2340,0.8982905982905983,1.9572649572649572,1.9572649572649572,0.663897894142987,0.037707401186913,-0.007685336856378622,0,100
10,46,input_dependent_structured_mondrian,1,2394,0.835421888053467,1.7627401837928154,1.7627401837928154,0.5413821964152818,0.04097054207627743,-0.07433121231788739,0,100
10,46,input_dependent_structured_mondrian,0,507,0.9092702169625246,1.3293885601577908,1.3293885601577908,0.4783231777095231,0.043141293762186124,0.008708826745697729,0,10
10,46,input_dependent_structured_mondrian,4,2417,0.844435250310302,1.5130326851468763,1.5130326851468763,0.7404452036508271,0.03662802607573495,-0.09732496438309035,0,100
10,46,input_dependent_structured_mondrian,2,2342,0.928266438941076,1.9538855678906917,1.9538855678906917,0.6127424320502297,0.03787537725434409,0.0469206466014398,0,100
10,47,independent_mondrian,1,2424,0.8972772277227723,1.9195544554455446,1.9195544554455446,0.0,0.0,0.5736704307726012,0,100
10,47,independent_mondrian,3,2380,0.8777310924369748,2.2281512605042018,2.2281512605042018,0.0,0.0,0.6495973069081634,0,100
10,47,independent_mondrian,2,2285,0.9273522975929979,2.089277899343545,2.089277899343545,0.0,0.0,0.7345996782666834,0,100
10,47,independent_mondrian,4,2411,0.8784736623807549,1.572791372874326,1.572791372874326,0.0,0.0,0.7541873873176892,0,100
10,47,independent_mondrian,0,500,0.858,1.382,1.382,0.0,0.0,0.4267605180532953,0,10
10,47,input_dependent_structured_mondrian,1,2424,0.9154290429042904,1.8325082508250825,1.8325082508250825,0.5357189092714634,0.031933687132424365,0.018263796571430513,0,100
10,47,input_dependent_structured_mondrian,3,2380,0.8663865546218488,2.003361344537815,2.003361344537815,0.661371627060648,0.03335178616367988,-0.03417389421730299,0,100
10,47,input_dependent_structured_mondrian,2,2285,0.9032822757111597,1.986433260393873,1.986433260393873,0.6005349460618108,0.03303497415399127,0.012645078999100612,0,100
10,47,input_dependent_structured_mondrian,4,2411,0.8958938199917047,1.5304852758191623,1.5304852758191623,0.7360146970938695,0.03516771059790671,0.01725852160126584,0,100
10,47,input_dependent_structured_mondrian,0,500,0.942,1.402,1.402,0.4669137847956279,0.027539946919295778,0.04445652012594328,0,10
10,48,independent_mondrian,3,2419,0.9231087226126499,2.2331541959487393,2.2331541959487393,0.0,0.0,0.7903537385869299,0,100
10,48,independent_mondrian,1,2287,0.8587669435942282,1.865763008307827,1.865763008307827,0.0,0.0,0.4913954517696062,0,100
10,48,independent_mondrian,2,2397,0.9265748852732583,2.136837713808928,2.136837713808928,0.0,0.0,0.7034399927349093,0,100
10,48,independent_mondrian,4,2382,0.8895885810243492,1.711167086481948,1.711167086481948,0.0,0.0,0.7506130656721508,0,100
10,48,independent_mondrian,0,515,0.8699029126213592,1.2446601941747573,1.2446601941747573,0.0,0.0,0.41380566238390726,0,10
10,48,input_dependent_structured_mondrian,3,2419,0.8999586606035552,2.020669698222406,2.020669698222406,0.6764146098821181,0.04249008710935466,0.0014598519044192182,0,100
10,48,input_dependent_structured_mondrian,1,2287,0.8434630520332314,1.6886751202448622,1.6886751202448622,0.5464749853347068,0.036338079982223055,-0.0667455954570439,0,100
10,48,input_dependent_structured_mondrian,2,2397,0.8886107634543179,1.9595327492699208,1.9595327492699208,0.6080055856569696,0.03874754477562175,-0.023412035399835218,0,100
10,48,input_dependent_structured_mondrian,4,2382,0.9118387909319899,1.5806045340050379,1.5806045340050379,0.7409852900518276,0.044523850919043075,0.03520299809121008,0,100
10,48,input_dependent_structured_mondrian,0,515,0.8757281553398059,1.2679611650485436,1.2679611650485436,0.4671538402300235,0.03277572677937085,-0.05485681977789422,0,10
10,49,independent_mondrian,1,2363,0.8671180702496826,2.3626745662293693,2.3626745662293693,0.0,0.0,0.48365366558771783,0,100
10,49,independent_mondrian,2,2421,0.9380421313506815,2.243700950020653,2.243700950020653,0.0,0.0,0.7593814634579721,0,100
10,49,independent_mondrian,4,2349,0.8578118348233291,1.7488292890591741,1.7488292890591741,0.0,0.0,0.688790185304552,0,100
10,49,independent_mondrian,3,2351,0.9413015737983836,2.2339430029774565,2.2339430029774565,0.0,0.0,0.8499229664930704,0,100
10,49,independent_mondrian,0,516,0.9767441860465116,1.3488372093023255,1.3488372093023255,0.0,0.0,0.7056947093242603,0,10
10,49,input_dependent_structured_mondrian,1,2363,0.8887008040626323,1.8404570461278036,1.8404570461278036,0.5343091076374852,0.03801432913389705,-0.02092488580847493,0,100
10,49,input_dependent_structured_mondrian,2,2421,0.9277158199091284,2.0115654688145392,2.0115654688145392,0.5964581833371881,0.041814038409044144,0.05071984096960025,0,100
10,49,input_dependent_structured_mondrian,4,2349,0.9042145593869731,1.5670498084291187,1.5670498084291187,0.725676046868557,0.04498750551742404,0.023642718887392833,0,100
10,49,input_dependent_structured_mondrian,3,2351,0.8940876222883879,2.0769885155253083,2.0769885155253083,0.6696757196299938,0.04295697937037511,0.0004718142105261669,0,100
10,49,input_dependent_structured_mondrian,0,516,0.937984496124031,1.3430232558139534,1.3430232558139534,0.46380032998183596,0.0351171508223512,0.02675666379585151,0,10
5,0,independent_mondrian,1,2435,0.8825462012320329,2.462833675564682,2.524845995893224,0.0,0.0,0.534557539815044,0,100
5,0,independent_mondrian,3,2388,0.8919597989949749,3.1712730318257956,4.685929648241206,0.0,0.0,0.7169433924526615,0,100
5,0,independent_mondrian,2,2354,0.8840271877655055,3.094732370433305,3.7506372132540355,0.0,0.0,0.5866369418591035,0,100
5,0,independent_mondrian,0,511,1,1.3835616438356164,1.3874755381604698,0.0,0.0,inf,1,5
5,0,independent_mondrian,4,2312,0.9156574394463668,2.573529411764706,4.763840830449827,0.0,0.0,0.849124608980121,0,100
5,0,input_dependent_structured_mondrian,1,2435,0.859958932238193,2.5367556468172485,2.6053388090349077,0.5321839630512667,0.03091878909173897,-0.05663429999400055,0,100
5,0,input_dependent_structured_mondrian,3,2388,0.9066164154103853,3.136097152428811,4.589614740368509,0.66480340248144,0.03921824975264679,0.04271808752832801,0,100
5,0,input_dependent_structured_mondrian,2,2354,0.9426508071367884,3.0067969413763804,3.7128292268479184,0.5981313875158514,0.035535425266449754,0.08715335656460999,0,100
5,0,input_dependent_structured_mondrian,0,511,1,1.3287671232876712,1.3307240704500978,0.4465157842662178,0.02796110987951159,inf,1,5
5,0,input_dependent_structured_mondrian,4,2312,0.9208477508650519,2.58477508650519,4.784169550173011,0.7274741404068834,0.04457393920755129,0.06203037082828766,0,100
5,1,independent_mondrian,4,2400,0.8745833333333334,2.577916666666667,4.661666666666667,0.0,0.0,0.7512034282090898,0,100
5,1,independent_mondrian,1,2326,0.9290627687016337,2.622957867583835,2.655631986242476,0.0,0.0,0.6365183612952675,0,100
5,1,independent_mondrian,3,2374,0.8828980623420387,3.2257792754844146,4.5741364785172705,0.0,0.0,0.6798042680026475,0,100
5,1,independent_mondrian,2,2412,0.9245439469320066,3.156301824212272,3.646351575456053,0.0,0.0,0.6934249471100535,0,100
5,1,independent_mondrian,0,488,1,1.639344262295082,1.639344262295082,0.0,0.0,inf,1,5
5,1,input_dependent_structured_mondrian,4,2400,0.9125,2.5225,4.775833333333333,0.7638072041760509,0.051938911704305236,0.03151721312014999,0,100
5,1,input_dependent_structured_mondrian,1,2326,0.9243336199484092,2.47463456577816,2.5090283748925195,0.5206296897064113,0.026421950913550155,0.035384703196016165,0,100
5,1,input_dependent_structured_mondrian,3,2374,0.8677337826453243,3.040016849199663,4.545071609098568,0.6797929825509769,0.04197815202149288,-0.04438525746369948,0,100
5,1,input_dependent_structured_mondrian,2,2412,0.9129353233830846,2.9519071310116085,3.5849917081260365,0.6039026665976176,0.033139514696496924,0.011251862662895962,0,100
5,1,input_dependent_structured_mondrian,0,488,1,1.4979508196721312,1.4979508196721312,0.45197062193514714,0.017592678299111267,inf,1,5
5,2,independent_mondrian,2,2280,0.8982456140350877,3.129385964912281,3.6767543859649123,0.0,0.0,0.5913907611725279,0,100
5,2,independent_mondrian,1,2464,0.9200487012987013,2.49025974025974,2.534090909090909,0.0,0.0,0.6084530025200274,0,100
5,2,independent_mondrian,3,2358,0.910941475826972,2.984732824427481,4.467769296013571,0.0,0.0,0.7427556787312335,0,100
5,2,independent_mondrian,4,2392,0.8210702341137124,2.551839464882943,4.551839464882943,0.0,0.0,0.6193917682736686,0,100
5,2,independent_mondrian,0,506,1,1.5138339920948616,1.5138339920948616,0.0,0.0,inf,1,5
5,2,input_dependent_structured_mondrian,2,2280,0.8442982456140351,2.918859649122807,3.5486842105263157,0.6154994615378662,0.04355564936539576,-0.08352573939262453,0,100
5,2,input_dependent_structured_mondrian,1,2464,0.9237012987012987,2.4111201298701297,2.4464285714285716,0.5435223438181691,0.04696776693448126,0.041200519533271446,0,100
5,2,input_dependent_structured_mondrian,3,2358,0.9147582697201018,2.8863443596268024,4.447837150127226,0.6742622573433473,0.04171963810930074,0.0031484870646422136,0,100
5,2,input_dependent_structured_mondrian,4,2392,0.8340301003344481,2.4857859531772575,4.566889632107023,0.749813056767594,0.03778012739903318,-0.10333011970904421,0,100
5,2,input_dependent_structured_mondrian,0,506,1,1.41699604743083,1.41699604743083,0.4594928911907583,0.05132745426152889,inf,1,5
5,3,independent_mondrian,3,2393,0.90513999164229,3.351859590472211,4.70748015043878,0.0,0.0,0.7191485882525809,0,100
5,3,independent_mondrian,1,2347,0.9152109075415424,2.6634000852151685,2.709416276097145,0.0,0.0,0.6025100317658921,0,100
5,3,independent_mondrian,2,2361,0.9229140194832698,3.2227869546802204,3.7505294366793733,0.0,0.0,0.7032648100510706,0,100
5,3,independent_mondrian,4,2383,0.9265631556861099,2.6793957196810743,4.810742761225346,0.0,0.0,0.8823350586375645,0,100
5,3,independent_mondrian,0,516,1,1.5949612403100775,1.5949612403100775,0.0,0.0,inf,1,5
5,3,input_dependent_structured_mondrian,3,2393,0.9176765566234851,3.194316757208525,4.605933974091099,0.6868438933318278,0.04468023306499341,0.014214309459787744,0,100
5,3,input_dependent_structured_mondrian,1,2347,0.8768640818065616,2.584149978696208,2.6484874307626756,0.534907033517299,0.03485084165431189,-0.03085210571602548,0,100
5,3,input_dependent_structured_mondrian,2,2361,0.9423972892842016,3.038542990258365,3.692926725963575,0.6182214088519717,0.040618134839674996,0.09903504939969643,0,100
5,3,input_dependent_structured_mondrian,4,2383,0.9307595467897608,2.6479227864036927,4.827947964750314,0.7618927714058896,0.04721801147664326,0.058847165164738646,0,100
5,3,input_dependent_structured_mondrian,0,516,1,1.494186046511628,1.494186046511628,0.4663091971434677,0.03190301847241333,inf,1,5
5,4,independent_mondrian,1,2348,0.90587734241908,2.6298977853492334,2.676746166950596,0.0,0.0,0.603655560270023,0,100
5,4,independent_mondrian,2,2421,0.9219330855018587,3.060718711276332,3.5923172242874846,0.0,0.0,0.7270880134425984,0,100
5,4,independent_mondrian,3,2399,0.8599416423509796,3.259274697790746,4.613588995414756,0.0,0.0,0.6141739164791647,0,100
5,4,independent_mondrian,4,2363,0.9123994921709692,2.575962759204401,4.757511637748625,0.0,0.0,0.7887819634506796,0,100
5,4,independent_mondrian,0,469,1,1.5501066098081024,1.5501066098081024,0.0,0.0,inf,1,5
5,4,input_dependent_structured_mondrian,1,2348,0.9195059625212947,2.4557069846678026,2.491482112436116,0.5463037800898748,0.03893276246126775,0.028786014547857897,0,100
5,4,input_dependent_structured_mondrian,2,2421,0.8868236266005782,2.8740190004130524,3.503097893432466,0.6056734604001812,0.042805373308373786,-0.027201519950128317,0,100
5,4,input_dependent_structured_mondrian,3,2399,0.8470195914964569,2.8949562317632345,4.439349729053772,0.6680522359793378,0.04681799707487256,-0.07005713155161364,0,100
5,4,input_dependent_structured_mondrian,4,2363,0.8747355057130766,2.45366060093102,4.676682183664833,0.7386450765490408,0.049075628000466616,-0.03345573893805498,0,100
5,4,input_dependent_structured_mondrian,0,469,1,1.4498933901918976,1.4498933901918976,0.4707011729115959,0.03795121148981219,inf,1,5
5,5,independent_mondrian,4,2338,0.957656116338751,2.646278870829769,4.889649272882806,0.0,0.0,0.9540455318915155,0,100
5,5,independent_mondrian,1,2399,0.9228845352230096,2.55231346394331,2.594414339308045,0.0,0.0,0.6334288427799377,0,100
5,5,independent_mondrian,3,2411,0.8693488179178764,3.3148071339693073,4.734135213604314,0.0,0.0,0.6686140548499638,0,100
5,5,independent_mondrian,2,2357,0.9062367416207043,3.2524395417904115,3.75222740772168,0.0,0.0,0.642557305649828,0,100
5,5,independent_mondrian,0,495,1,1.614141414141414,1.614141414141414,0.0,0.0,inf,1,5
5,5,input_dependent_structured_mondrian,4,2338,0.9503849443969205,2.5667236954662105,4.870829769033362,0.7421884140793211,0.044029871351647314,0.12406671639142841,0,100
5,5,input_dependent_structured_mondrian,1,2399,0.9483117965819091,2.494789495623176,2.5260525218841186,0.5468149952735257,0.030012296328824732,0.09037758449063016,0,100
5,5,input_dependent_structured_mondrian,3,2411,0.8506843633347159,3.0883450850269596,4.599336374948154,0.6770812133171217,0.0385956503162105,-0.04998992455032891,0,100
5,5,input_dependent_structured_mondrian,2,2357,0.8858718710224862,3.0148493848112006,3.5825201527365294,0.607193122858093,0.03581026448287546,-0.025985086678241953,0,100
5,5,input_dependent_structured_mondrian,0,495,1,1.5454545454545454,1.5454545454545454,0.47189132869822975,0.025465573237297243,inf,1,5
5,6,independent_mondrian,1,2410,0.9099585062240664,2.5539419087136928,2.604149377593361,0.0,0.0,0.6186945613906942,0,100
5,6,independent_mondrian,2,2423,0.8848534874122989,3.3520429219975236,3.9083780437474207,0.0,0.0,0.5831764076953383,0,100
5,6,independent_mondrian,0,517,1,1.5686653771760155,1.5686653771760155,0.0,0.0,inf,1,5
5,6,independent_mondrian,4,2284,0.9168126094570929,2.7898423817863396,4.815674255691769,0.0,0.0,0.8269405748785553,0,100
5,6,independent_mondrian,3,2366,0.9475908706677938,3.224852071005917,4.683431952662722,0.0,0.0,0.8792030341364185,0,100
5,6,input_dependent_structured_mondrian,1,2410,0.8688796680497926,2.458091286307054,2.521991701244813,0.5416480613585293,0.03302786763101551,-0.03203454454520793,0,100
5,6,input_dependent_structured_mondrian,2,2423,0.8922822946760215,3.044985555096987,3.7453569954601735,0.607020489596058,0.036121788051857597,-0.034206128248486956,0,100
5,6,input_dependent_structured_mondrian,0,517,1,1.4119922630560928,1.4119922630560928,0.4682998711923416,0.028630638947740136,inf,1,5
5,6,input_dependent_structured_mondrian,4,2284,0.9176882661996497,2.676882661996497,4.808669001751314,0.7439588374151724,0.04406775951664749,0.039201000826180055,0,100
5,6,input_dependent_structured_mondrian,3,2366,0.9416737109044802,3.0579036348267117,4.565511411665258,0.6744670721752933,0.03957776356460923,0.0982205895461351,0,100
5,7,independent_mondrian,2,2407,0.9119235562941421,3.0502700457000413,3.7565434150394683,0.0,0.0,0.6664866277430382,0,100
5,7,independent_mondrian,3,2328,0.927405498281787,3.1481958762886597,4.537371134020619,0.0,0.0,0.7899756682781779,0,100
5,7,independent_mondrian,1,2402,0.8513738551207327,2.5407993338884265,2.6207327227310575,0.0,0.0,0.47227965266316996,0,100
5,7,independent_mondrian,4,2369,0.8628113127902068,2.659772055719713,4.653862389193753,0.0,0.0,0.6917605311252181,0,100
5,7,independent_mondrian,0,494,1,1.3421052631578947,1.3481781376518218,0.0,0.0,inf,1,5
5,7,input_dependent_structured_mondrian,2,2407,0.9235562941420856,3.0382218529289573,3.7245533859576234,0.6270395737294869,0.04352158142031072,0.006892478365280841,0,100
5,7,input_dependent_structured_mondrian,3,2328,0.9398625429553265,3.077749140893471,4.5395189003436425,0.70576032423352,0.05537299958114595,0.060008189477332996,0,100
5,7,input_dependent_structured_mondrian,1,2402,0.8638634471273938,2.4837635303913403,2.5453788509575355,0.5344269591080149,0.03554109566245443,-0.05156499791340319,0,100
5,7,input_dependent_structured_mondrian,4,2369,0.8894048121570283,2.6209371042634024,4.718446601941747,0.7784588621012547,0.06507427990749177,-0.029470409713861834,0,100
5,7,input_dependent_structured_mondrian,0,494,1,1.408906882591093,1.408906882591093,0.46563217144030455,0.03002953547848779,inf,1,5
5,8,independent_mondrian,1,2358,0.8672603901611535,2.415606446140797,2.4944868532654794,0.0,0.0,0.5117105823008553,0,100
5,8,independent_mondrian,3,2397,0.8994576554025866,3.0688360450563206,4.583646224447226,0.0,0.0,0.7198490305079994,0,100
5,8,independent_mondrian,2,2396,0.8752086811352254,3.0008347245409017,3.6757095158597664,0.0,0.0,0.5727050133229443,0,100
5,8,independent_mondrian,4,2298,0.881201044386423,2.567449956483899,4.697127937336814,0.0,0.0,0.7409121897057175,0,100
5,8,independent_mondrian,0,551,1,1.3956442831215972,1.3956442831215972,0.0,0.0,inf,1,5
5,8,input_dependent_structured_mondrian,1,2358,0.904156064461408,2.4796437659033077,2.5292620865139948,0.5210569777766929,0.03423076005038794,0.015301655475316478,0,100
5,8,input_dependent_structured_mondrian,3,2397,0.9328327075511056,3.036295369211514,4.540675844806008,0.6603426362742049,0.03987980307377611,0.09342492884843068,0,100
5,8,input_dependent_structured_mondrian,2,2396,0.8927378964941569,3.020033388981636,3.6832220367278796,0.5932971886662676,0.036964622862407696,-0.004688623273477521,0,100
5,8,input_dependent_structured_mondrian,4,2298,0.8899042645778938,2.599651871192341,4.716710182767624,0.7272535084326084,0.04415372898729304,0.003540135527733357,0,100
5,8,input_dependent_structured_mondrian,0,551,1,1.471869328493648,1.471869328493648,0.46200508079170227,0.02870710328890749,inf,1,5
5,9,independent_mondrian,1,2359,0.8885120813904197,2.529461636286562,2.5849936413734635,0.0,0.0,0.5337080815244378,0,100
5,9,independent_mondrian,3,2361,0.914019483269801,3.1435832274459976,4.600592969080898,0.0,0.0,0.7493928959455234,0,100
5,9,independent_mondrian,2,2344,0.9023037542662116,3.0870307167235493,3.707764505119454,0.0,0.0,0.6200792638875191,0,100
5,9,independent_mondrian,4,2410,0.8730290456431535,2.607883817427386,4.660580912863071,0.0,0.0,0.7433378919694886,0,100
5,9,independent_mondrian,0,526,1,1.376425855513308,1.376425855513308,0.0,0.0,inf,1,5
5,9,input_dependent_structured_mondrian,1,2359,0.8834251801610852,2.446799491309877,2.4980924120389996,0.5363615835516491,0.04065426060023229,-0.012439872320669981,0,100
5,9,input_dependent_structured_mondrian,3,2361,0.9131723845828039,3.025412960609911,4.546802202456586,0.6716663028743852,0.03719439570334754,0.019371881615163067,0,100
5,9,input_dependent_structured_mondrian,2,2344,0.8882252559726962,2.9347269624573378,3.6036689419795223,0.5995346021584617,0.04046779454486798,-0.023218612932271843,0,100
5,9,input_dependent_structured_mondrian,4,2410,0.891286307053942,2.5626556016597513,4.719917012448133,0.7503604087552375,0.03738365503198826,0.01806979457617075,0,100
5,9,input_dependent_structured_mondrian,0,526,1,1.3954372623574145,1.3954372623574145,0.4585127020104932,0.04368689820918574,inf,1,5
5,10,independent_mondrian,2,2463,0.8733252131546894,3.3284612261469753,3.806739748274462,0.0,0.0,0.5878793769537001,0,100
5,10,independent_mondrian,4,2318,0.8895599654874892,2.6842105263157894,4.70060396893874,0.0,0.0,0.7752904710888744,0,100
5,10,independent_mondrian,1,2353,0.9358266043348916,2.5609859753506163,2.600084997875053,0.0,0.0,0.6691839837702873,0,100
5,10,independent_mondrian,3,2363,0.9377909437156158,3.18874312314854,4.616165890816759,0.0,0.0,0.8235661014021662,0,100
5,10,independent_mondrian,0,503,1,1.6978131212723657,1.6978131212723657,0.0,0.0,inf,1,5
5,10,input_dependent_structured_mondrian,2,2463,0.9106780349167681,3.198132358911896,3.8193260251725536,0.6250166398419369,0.0437133920628715,0.0018743027229713993,0,100
5,10,input_dependent_structured_mondrian,4,2318,0.9081104400345125,2.718723037100949,4.762726488352028,0.7529762844636125,0.046582413716332864,0.015173711489486208,0,100
5,10,input_dependent_structured_mondrian,1,2353,0.9256268593285167,2.595410114747131,2.635784105397365,0.5597669794159492,0.04094266481166296,0.02734753121939848,0,100
5,10,input_dependent_structured_mondrian,3,2363,0.96191282268303,3.1311891663140075,4.57130765975455,0.686095155897759,0.04376036288193523,0.16766371943827174,0,100
5,10,input_dependent_structured_mondrian,0,503,1,1.536779324055666,1.536779324055666,0.48970507891240966,0.04040395595088291,inf,1,5
5,11,independent_mondrian,4,2363,0.8578078713499788,2.599661447312738,4.628015234870927,0.0,0.0,0.658205097469063,0,100
5,11,independent_mondrian,2,2372,0.9270657672849916,3.152192242833052,3.685919055649241,0.0,0.0,0.6932833749969775,0,100
5,11,independent_mondrian,0,531,1,1.5103578154425612,1.5103578154425612,0.0,0.0,inf,1,5
5,11,independent_mondrian,3,2335,0.9109207708779443,3.143468950749465,4.480942184154175,0.0,0.0,0.7446189796195207,0,100
5,11,independent_mondrian,1,2399,0.9112130054189246,2.6281784076698624,2.674030846185911,0.0,0.0,0.5892105511655511,0,100
5,11,input_dependent_structured_mondrian,4,2363,0.8328396106644097,2.5082522217520102,4.565382987727465,0.7537950776699263,0.049972604177975055,-0.11956203890104478,0,100
5,11,input_dependent_structured_mondrian,2,2372,0.9266441821247892,2.881112984822934,3.57504215851602,0.6038596069877241,0.04132710978481881,0.035754634941051466,0,100
5,11,input_dependent_structured_mondrian,0,531,1,1.384180790960452,1.384180790960452,0.46238859760588286,0.03091071359023117,inf,1,5
5,11,input_dependent_structured_mondrian,3,2335,0.9053533190578158,2.961456102783726,4.398286937901499,0.6881195644633806,0.043097583023958205,0.016956963983912887,0,100
5,11,input_dependent_structured_mondrian,1,2399,0.8599416423509796,2.4693622342642767,2.5302209253855774,0.5431320926831426,0.035772298070291815,-0.06289029931922296,0,100
5,12,independent_mondrian,1,2311,0.9697100822154912,2.426655127650368,2.446127217654695,0.0,0.0,0.8285788474612512,0,100
5,12,independent_mondrian,4,2383,0.8820814099874108,2.522870331514897,4.703734788082249,0.0,0.0,0.7434399461581104,0,100
5,12,independent_mondrian,3,2372,0.8672006745362564,3.112141652613828,4.552276559865093,0.0,0.0,0.655793587362722,0,100
5,12,independent_mondrian,2,2403,0.8506034124011652,3.2634207240948814,3.585518102372035,0.0,0.0,0.5276794529900495,0,100
5,12,independent_mondrian,0,531,1,1.7947269303201507,1.7947269303201507,0.0,0.0,inf,1,5
5,12,input_dependent_structured_mondrian,1,2311,0.9549978364344439,2.5032453483340547,2.526611856339247,0.5302223154042672,0.036286587539958684,0.12891316545746645,0,100
5,12,input_dependent_structured_mondrian,4,2383,0.8908938313050776,2.520772135963072,4.7163239613932015,0.7317085079052253,0.039478832645371144,-0.0015646607932127132,0,100
5,12,input_dependent_structured_mondrian,3,2372,0.8558178752107926,3.02318718381113,4.484401349072512,0.6685147883217099,0.03956024756796728,-0.044441112086693046,0,100
5,12,input_dependent_structured_mondrian,2,2403,0.9026217228464419,3.015813566375364,3.5534748231377447,0.5999745892205625,0.03841466290033072,0.013912829106446534,0,100
5,12,input_dependent_structured_mondrian,0,531,1,1.5310734463276836,1.5310734463276836,0.45892504396609607,0.03614471345699306,inf,1,5
5,13,independent_mondrian,3,2332,0.9446826758147513,3.3795025728987995,4.670668953687821,0.0,0.0,0.8784845135599976,0,100
5,13,independent_mondrian,4,2437,0.9191629052113254,2.8243742306114075,4.802215839146491,0.0,0.0,0.8157092401287752,0,100
5,13,independent_mondrian,2,2368,0.9277871621621622,3.3716216216216215,3.894847972972973,0.0,0.0,0.7440986771290174,0,100
5,13,independent_mondrian,1,2324,0.9143717728055077,2.7637693631669533,2.810671256454389,0.0,0.0,0.6140144582682261,0,100
5,13,independent_mondrian,0,539,1,1.588126159554731,1.588126159554731,0.0,0.0,inf,1,5
5,13,input_dependent_structured_mondrian,3,2332,0.9146655231560892,3.12778730703259,4.5102915951972555,0.6880560504402847,0.03905428345300062,0.04651964110653273,0,100
5,13,input_dependent_structured_mondrian,4,2437,0.8810012310217481,2.6475174394747643,4.706196142798523,0.7612560309860167,0.041056270072445444,-0.033628045808542895,0,100
5,13,input_dependent_structured_mondrian,2,2368,0.9375,3.105152027027027,3.6727195945945947,0.6115103310982121,0.03793994855503588,0.08709534207609215,0,100
5,13,input_dependent_structured_mondrian,1,2324,0.9496557659208261,2.635972461273666,2.6626506024096384,0.5434574004890712,0.034989133946719195,0.07895474000631858,0,100
5,13,input_dependent_structured_mondrian,0,539,1,1.5677179962894248,1.5677179962894248,0.4775023445381868,0.03467932533944035,inf,1,5
5,14,independent_mondrian,1,2311,0.8675897879705755,2.570315880571181,2.6334919948074424,0.0,0.0,0.5106475392211942,0,100
5,14,independent_mondrian,4,2480,0.8661290322580645,2.6181451612903226,4.64758064516129,0.0,0.0,0.7000111204803348,0,100
5,14,independent_mondrian,3,2306,0.9171725932350391,3.11968777103209,4.535125758889852,0.0,0.0,0.780145913769817,0,100
5,14,independent_mondrian,2,2375,0.904,3.0913684210526315,3.7646315789473683,0.0,0.0,0.6492013010732055,0,100
5,14,independent_mondrian,0,528,1,1.3825757575757576,1.384469696969697,0.0,0.0,inf,1,5
5,14,input_dependent_structured_mondrian,1,2311,0.8961488533102553,2.4872349632193855,2.534833405452185,0.557893981959765,0.03736440604985795,-0.02458059745050617,0,100
5,14,input_dependent_structured_mondrian,4,2480,0.9108870967741935,2.5745967741935485,4.77741935483871,0.7472772563120241,0.05114047096734521,0.03313124915857635,0,100
5,14,input_dependent_structured_mondrian,3,2306,0.9202081526452732,3.0537727666955767,4.5615784908933215,0.6889082802058092,0.045847875242428164,0.027298393526426268,0,100
5,14,input_dependent_structured_mondrian,2,2375,0.8833684210526316,2.989894736842105,3.680842105263158,0.6196295535192358,0.04169663939137549,-0.03333897804232688,0,100
5,14,input_dependent_structured_mondrian,0,528,1,1.4261363636363635,1.4261363636363635,0.4870931307600198,0.0326177384722859,inf,1,5
5,15,independent_mondrian,3,2407,0.9318653926049024,2.961362692147902,4.377648525135023,0.0,0.0,0.81014624610615,0,100
5,15,independent_mondrian,1,2415,0.9159420289855073,2.4944099378881988,2.5445134575569357,0.0,0.0,0.6021394800895674,0,100
5,15,independent_mondrian,4,2341,0.7915420760358821,2.5826569841947884,4.487825715506194,0.0,0.0,0.5726621562807944,0,100
5,15,independent_mondrian,0,473,1,1.5560253699788584,1.5560253699788584,0.0,0.0,inf,1,5
5,15,independent_mondrian,2,2364,0.8570219966159053,3.1548223350253806,3.720389170896785,0.0,0.0,0.5790605109268389,0,100
5,15,input_dependent_structured_mondrian,3,2407,0.950976319069381,2.9887827170751975,4.421271292064811,0.6924630826739938,0.04842864879492226,0.10354586459558679,0,100
5,15,input_dependent_structured_mondrian,1,2415,0.9329192546583851,2.5445134575569357,2.579296066252588,0.524883228092691,0.02999582324984218,0.05570453273299181,0,100
5,15,input_dependent_structured_mondrian,4,2341,0.815036309269543,2.5929090132422044,4.545493378897907,0.7767360166287167,0.06221727770008034,-0.13870351221325616,0,100
5,15,input_dependent_structured_mondrian,0,473,1,1.5835095137420718,1.5835095137420718,0.46227275791993827,0.021676113850454575,inf,1,5
5,15,input_dependent_structured_mondrian,2,2364,0.8904399323181049,3.0710659898477157,3.692047377326565,0.6147936299745662,0.039347863098001964,-0.01008465060140934,0,100
5,16,independent_mondrian,4,2392,0.8938127090301003,2.5907190635451505,4.710284280936455,0.0,0.0,0.7849327455655825,0,100
5,16,independent_mondrian,2,2410,0.8701244813278008,3.163900414937759,3.740663900414938,0.0,0.0,0.5636112375511219,0,100
5,16,independent_mondrian,1,2335,0.9237687366167023,2.4462526766595287,2.4856531049250536,0.0,0.0,0.6054019442544107,0,100
5,16,independent_mondrian,3,2407,0.8990444536767761,3.1100955546323226,4.641877856252597,0.0,0.0,0.7394060105043323,0,100
5,16,independent_mondrian,0,456,1,1.530701754385965,1.5328947368421053,0.0,0.0,inf,1,5
5,16,input_dependent_structured_mondrian,4,2392,0.8887959866220736,2.57943143812709,4.697324414715719,0.7488531241152118,0.046575695795271876,-0.022776978696230854,0,100
5,16,input_dependent_structured_mondrian,2,2410,0.8734439834024896,3.0103734439834025,3.695020746887967,0.6005748114727288,0.03789465307969923,-0.0361676725103815,0,100
5,16,input_dependent_structured_mondrian,1,2335,0.9267665952890792,2.484796573875803,2.523340471092077,0.5295687387231913,0.03254419152271087,0.017533345397625744,0,100
5,16,input_dependent_structured_mondrian,3,2407,0.9389281262982966,3.041130037390943,4.556294142085584,0.6926825342782542,0.043615694392596216,0.08481462477744162,0,100
5,16,input_dependent_structured_mondrian,0,456,1,1.480263157894737,1.4824561403508771,0.45889964165116165,0.031103602766844218,inf,1,5
5,17,independent_mondrian,0,498,1,1.5080321285140563,1.5100401606425702,0.0,0.0,inf,1,5
5,17,independent_mondrian,3,2393,0.9118261596322608,3.3125783535311326,4.57041370664438,0.0,0.0,0.7501661939594619,0,100
5,17,independent_mondrian,2,2414,0.9507042253521126,3.1897265948632976,3.748135874067937,0.0,0.0,0.794273414874923,0,100
5,17,independent_mondrian,4,2329,0.8772005152425933,2.6891369686560758,4.6994418205238295,0.0,0.0,0.726346278430053,0,100
5,17,independent_mondrian,1,2366,0.9019442096365173,2.7371090448013526,2.7920540997464074,0.0,0.0,0.5689856283648917,0,100
5,17,input_dependent_structured_mondrian,0,498,1,1.4317269076305221,1.4337349397590362,0.4892350100128606,0.0390315495672317,inf,1,5
5,17,input_dependent_structured_mondrian,3,2393,0.9084830756372754,2.995821145006268,4.5068951107396575,0.6912127577693258,0.04328929530902563,0.03275007575019995,0,100
5,17,input_dependent_structured_mondrian,2,2414,0.8802816901408451,2.935791217895609,3.6499585749792876,0.6117261435525619,0.043740822130601556,-0.03557455849272628,0,100
5,17,input_dependent_structured_mondrian,4,2329,0.8866466294547016,2.5736367539716616,4.7230571060541005,0.759755636905123,0.04621917957747162,-0.02843956444411344,0,100
5,17,input_dependent_structured_mondrian,1,2366,0.8668639053254438,2.4285714285714284,2.489010989010989,0.5425753986410927,0.04131725412918982,-0.053023194348819414,0,100
5,18,independent_mondrian,3,2347,0.8696207925010652,3.163613123135918,4.569237324243716,0.0,0.0,0.6547750785851696,0,100
5,18,independent_mondrian,2,2398,0.9228523769808173,2.9666388657214346,3.6321934945788157,0.0,0.0,0.6950498811851383,0,100
5,18,independent_mondrian,1,2397,0.8656654151022111,2.5519399249061325,2.6211931581143095,0.0,0.0,0.5009368984394517,0,100
5,18,independent_mondrian,4,2353,0.8848278793030174,2.5597110072248195,4.705057373565661,0.0,0.0,0.7383674757795907,0,100
5,18,independent_mondrian,0,505,1,1.3683168316831684,1.3683168316831684,0.0,0.0,inf,1,5
5,18,input_dependent_structured_mondrian,3,2347,0.8615253515125693,3.010225820195995,4.526203664252237,0.6767095039406069,0.04030428891486831,-0.03505049961754769,0,100
5,18,input_dependent_structured_mondrian,2,2398,0.9070058381984988,2.8890742285237696,3.553794829024187,0.5937720222473303,0.036886297812321174,0.012607188860051743,0,100
5,18,input_dependent_structured_mondrian,1,2397,0.8894451397580309,2.4313725490196076,2.483521068001669,0.522705111614073,0.035371798155574966,-0.0018649921340695985,0,100
5,18,input_dependent_structured_mondrian,4,2353,0.9060773480662984,2.5142371440713984,4.774330641733957,0.7364653322555946,0.03911185598771022,0.013669193082132769,0,100
5,18,input_dependent_structured_mondrian,0,505,1,1.388118811881188,1.388118811881188,0.456064476144444,0.033877704057760416,inf,1,5
5,19,independent_mondrian,2,2249,0.9012894619831036,3.228990662516674,3.8105824811027125,0.0,0.0,0.631274825468891,0,100
5,19,independent_mondrian,4,2318,0.9184641932700603,2.676876617773943,4.7894736842105265,0.0,0.0,0.8410804623666392,0,100
5,19,independent_mondrian,3,2492,0.9301765650080257,3.272873194221509,4.714686998394863,0.0,0.0,0.7746009519508785,0,100
5,19,independent_mondrian,1,2439,0.8958589585895859,2.5264452644526445,2.5768757687576875,0.0,0.0,0.5748567571720302,0,100
5,19,independent_mondrian,0,502,1,1.4920318725099602,1.4920318725099602,0.0,0.0,inf,1,5
5,19,input_dependent_structured_mondrian,2,2249,0.8937305469097376,3.056914184081814,3.730102267674522,0.5998734914724331,0.040350556264640305,-0.013454798671656443,0,100
5,19,input_dependent_structured_mondrian,4,2318,0.9063848144952545,2.6363244176013807,4.772217428817947,0.7444148114374047,0.037976074901200974,0.004660482909804364,0,100
5,19,input_dependent_structured_mondrian,3,2492,0.9466292134831461,3.076243980738363,4.582263242375602,0.682429144690044,0.03780531066919883,0.11034586741845431,0,100
5,19,input_dependent_structured_mondrian,1,2439,0.8917589175891759,2.4756047560475607,2.5215252152521526,0.532994869521784,0.039740386506725414,-0.007588050870675267,0,100
5,19,input_dependent_structured_mondrian,0,502,1,1.4262948207171315,1.4262948207171315,0.4397224383656994,0.04035028131368177,inf,1,5
5,20,independent_mondrian,3,2376,0.8956228956228957,3.2175925925925926,4.622474747474747,0.0,0.0,0.6945426984432247,0,100
5,20,independent_mondrian,1,2326,0.8598452278589854,2.554170249355116,2.6190885640584693,0.0,0.0,0.507023160184693,0,100
5,20,independent_mondrian,2,2372,0.9325463743676222,3.0375210792580103,3.6943507588532882,0.0,0.0,0.6967724327070081,0,100
5,20,independent_mondrian,4,2451,0.9024887800897593,2.627090983272134,4.73765809873521,0.0,0.0,0.7738295195399325,0,100
5,20,independent_mondrian,0,475,1,1.3305263157894738,1.3326315789473684,0.0,0.0,inf,1,5
5,20,input_dependent_structured_mondrian,3,2376,0.906986531986532,3.1178451178451176,4.572811447811448,0.6668959141208674,0.049601780237503626,0.022286260409651037,0,100
5,20,input_dependent_structured_mondrian,1,2326,0.8624247635425624,2.5197764402407565,2.5808254514187445,0.5313987575171009,0.03519946164176457,-0.03630612834664454,0,100
5,20,input_dependent_structured_mondrian,2,2372,0.9468802698145026,2.980185497470489,3.665682967959528,0.592411533215719,0.04061298466562656,0.08559799592251027,0,100
5,20,input_dependent_structured_mondrian,4,2451,0.9261525907792738,2.6152590779273766,4.820481436148511,0.7395213756546924,0.05703543201964394,0.0619197543762281,0,100
5,20,input_dependent_structured_mondrian,0,475,1,1.3894736842105264,1.3894736842105264,0.4503858734570142,0.030417141717463098,inf,1,5
5,21,independent_mondrian,3,2460,0.8951219512195122,3.243089430894309,4.494715447154472,0.0,0.0,0.7041523082594512,0,100
5,21,independent_mondrian,2,2356,0.9516129032258065,3.217741935483871,3.702886247877759,0.0,0.0,0.7988573178936413,0,100
5,21,independent_mondrian,4,2365,0.8431289640591966,2.6224101479915434,4.59492600422833,0.0,0.0,0.6546052480595307,0,100
5,21,independent_mondrian,1,2341,0.9303716360529688,2.7629218282785133,2.79666809055959,0.0,0.0,0.650788765130856,0,100
5,21,independent_mondrian,0,478,1,1.6820083682008369,1.6820083682008369,0.0,0.0,inf,1,5
5,21,input_dependent_structured_mondrian,3,2460,0.8939024390243903,3.0947154471544716,4.553252032520326,0.6849917252334851,0.04555705439506426,-0.003125854650606774,0,100
5,21,input_dependent_structured_mondrian,2,2356,0.9316638370118846,3.0657894736842106,3.6901528013582343,0.6133567428582772,0.03920647706007933,0.046663492881196644,0,100
5,21,input_dependent_structured_mondrian,4,2365,0.9137420718816067,2.5873150105708245,4.7805496828752645,0.7544254757361791,0.0501547361020778,0.021676235257258147,0,100
5,21,input_dependent_structured_mondrian,1,2341,0.923964117898334,2.5523280649295175,2.588637334472448,0.5363750370594476,0.03551684040834688,0.03408364116072271,0,100
5,21,input_dependent_structured_mondrian,0,478,1,1.5125523012552302,1.5125523012552302,0.4746686214609021,0.029707731433179316,inf,1,5
5,22,independent_mondrian,4,2353,0.9413514662133446,2.760305992350191,4.85550361240969,0.0,0.0,0.9047605883013409,0,100
5,22,independent_mondrian,0,483,1,1.6107660455486543,1.6107660455486543,0.0,0.0,inf,1,5
5,22,independent_mondrian,2,2490,0.9397590361445783,3.346987951807229,3.8265060240963855,0.0,0.0,0.739753614157718,0,100
5,22,independent_mondrian,3,2322,0.9130060292850991,3.4190353143841516,4.743755383290267,0.0,0.0,0.7591142678427064,0,100
5,22,independent_mondrian,1,2352,0.9141156462585034,2.723639455782313,2.7729591836734695,0.0,0.0,0.6244113932451095,0,100
5,22,input_dependent_structured_mondrian,4,2353,0.9311517212069699,2.5860603484912876,4.823629409264768,0.755033079413431,0.04497752279483782,0.0489838726579464,0,100
5,22,input_dependent_structured_mondrian,0,483,1,1.4989648033126295,1.4989648033126295,0.47657264423430235,0.03909527508548661,inf,1,5
5,22,input_dependent_structured_mondrian,2,2490,0.9,2.9566265060240964,3.578714859437751,0.6057114871674039,0.04360171492382047,-0.006240751653289078,0,100
5,22,input_dependent_structured_mondrian,3,2322,0.8875968992248062,3.049526270456503,4.567614125753661,0.6710006471740656,0.04414488055679866,-0.02982294890822046,0,100
5,22,input_dependent_structured_mondrian,1,2352,0.9183673469387755,2.498299319727891,2.5365646258503403,0.5406054204332368,0.04294088735231144,0.025019537504631706,0,100
5,23,independent_mondrian,3,2348,0.9186541737649063,3.323253833049404,4.739778534923339,0.0,0.0,0.7621522805801397,0,100
5,23,independent_mondrian,1,2418,0.8192721257237386,2.5235732009925558,2.6145574855252276,0.0,0.0,0.43953147848953744,0,100
5,23,independent_mondrian,4,2320,0.9491379310344827,2.6974137931034483,4.862068965517241,0.0,0.0,0.9411519835011286,0,100
5,23,independent_mondrian,2,2384,0.9077181208053692,3.1401006711409396,3.8989093959731544,0.0,0.0,0.6655369310909903,0,100
5,23,independent_mondrian,0,530,1,1.2622641509433963,1.2660377358490567,0.0,0.0,inf,1,5
5,23,input_dependent_structured_mondrian,3,2348,0.9459114139693356,3.126916524701874,4.606473594548552,0.6853448666932621,0.04655472347452075,0.12449691317157874,0,100
5,23,input_dependent_structured_mondrian,1,2418,0.8808933002481389,2.47601323407775,2.5281224152191895,0.5352322666866717,0.038512047061062774,-0.031456976345703214,0,100
5,23,input_dependent_structured_mondrian,4,2320,0.9288793103448276,2.676293103448276,4.803879310344827,0.7530999386145171,0.04827499497943848,0.08284148411658077,0,100
5,23,input_dependent_structured_mondrian,2,2384,0.8942953020134228,3.074244966442953,3.7818791946308723,0.6065449702488891,0.04256383013794072,-0.01949503896463789,0,100
5,23,input_dependent_structured_mondrian,0,530,1,1.4037735849056603,1.4037735849056603,0.48047111329039294,0.036467373968034074,inf,1,5
5,24,independent_mondrian,2,2376,0.8800505050505051,3.1843434343434343,3.763888888888889,0.0,0.0,0.5964984352775956,0,100
5,24,independent_mondrian,4,2392,0.9322742474916388,2.5990802675585285,4.826923076923077,0.0,0.0,0.891474360896361,0,100
5,24,independent_mondrian,1,2349,0.9203916560238399,2.4691358024691357,2.5095785440613025,0.0,0.0,0.5985844425927703,0,100
5,24,independent_mondrian,3,2379,0.8986969314838167,3.2433795712484237,4.709962168978563,0.0,0.0,0.6837294841030034,0,100
5,24,independent_mondrian,0,504,1,1.505952380952381,1.505952380952381,0.0,0.0,inf,1,5
5,24,input_dependent_structured_mondrian,2,2376,0.9002525252525253,3.0521885521885523,3.6902356902356903,0.6098196515757307,0.03889315032653681,-0.00293161275320325,0,100
5,24,input_dependent_structured_mondrian,4,2392,0.9105351170568562,2.580267558528428,4.775501672240803,0.7554915053760295,0.04919502005819624,0.007636313500193781,0,100
5,24,input_dependent_structured_mondrian,1,2349,0.9399744572158365,2.5121328224776502,2.5402298850574714,0.5345172743860891,0.03426961949978784,0.04735648792336791,0,100
5,24,input_dependent_structured_mondrian,3,2379,0.9100462379150904,3.0559058427910886,4.53635981504834,0.6777814868689596,0.04492371741400718,0.028612850760551756,0,100
5,24,input_dependent_structured_mondrian,0,504,1,1.4682539682539681,1.4682539682539681,0.45599380798766614,0.030333780972338187,inf,1,5
5,25,independent_mondrian,2,2403,0.9508947149396587,3.064086558468581,3.634207240948814,0.0,0.0,0.7706988563558536,0,100
5,25,independent_mondrian,1,2486,0.8966210780370072,2.672566371681416,2.7264682220434433,0.0,0.0,0.5580811253141426,0,100
5,25,independent_mondrian,4,2294,0.902353966870096,2.6277244986922406,4.758064516129032,0.0,0.0,0.7741728686104521,0,100
5,25,independent_mondrian,3,2356,0.8820033955857386,3.2826825127334467,4.598896434634974,0.0,0.0,0.6469455907495838,0,100
5,25,independent_mondrian,0,461,1,1.420824295010846,1.420824295010846,0.0,0.0,inf,1,5
5,25,input_dependent_structured_mondrian,2,2403,0.9592176446109031,2.973366625052018,3.621306699958385,0.6055756744395288,0.04165933974886753,0.12102679291747853,0,100
5,25,input_dependent_structured_mondrian,1,2486,0.8672566371681416,2.5458567980691873,2.602976669348351,0.5429065713893471,0.044788353507302134,-0.04041249556119003,0,100
5,25,input_dependent_structured_mondrian,4,2294,0.8966870095902354,2.6120313862249347,4.751525719267654,0.7267080648327136,0.03652186966948813,0.006490816985381231,0,100
5,25,input_dependent_structured_mondrian,3,2356,0.9002546689303905,3.129881154499151,4.5191001697792865,0.6656919329110281,0.04135130120346267,0.009510382780029025,0,100
5,25,input_dependent_structured_mondrian,0,461,1,1.3882863340563991,1.3882863340563991,0.4921553169446508,0.0468221656957095,inf,1,5
5,26,independent_mondrian,3,2352,0.8843537414965986,3.45578231292517,4.694727891156463,0.0,0.0,0.7115742398221481,0,100
5,26,independent_mondrian,1,2418,0.9536807278742763,2.7841191066997517,2.8093465674110836,0.0,0.0,0.7341535194725292,0,100
5,26,independent_mondrian,4,2375,0.9271578947368421,2.6930526315789476,4.805894736842105,0.0,0.0,0.8849666252474171,0,100
5,26,independent_mondrian,0,476,1,1.819327731092437,1.819327731092437,0.0,0.0,inf,1,5
5,26,independent_mondrian,2,2379,0.9537620849096259,3.4417822614543927,3.810424548129466,0.0,0.0,0.7876348917888142,0,100
5,26,input_dependent_structured_mondrian,3,2352,0.9000850340136054,3.0625,4.4978741496598635,0.6932710308563756,0.05033944153311573,0.006046867770187925,0,100
5,26,input_dependent_structured_mondrian,1,2418,0.9185277088502894,2.544251447477254,2.5818858560794045,0.5471321869265651,0.03914334438741995,0.025671664300405517,0,100
5,26,input_dependent_structured_mondrian,4,2375,0.8766315789473684,2.544842105263158,4.669894736842105,0.7613346835641543,0.055826753525268454,-0.020515616704951167,0,100
5,26,input_dependent_structured_mondrian,0,476,1,1.5063025210084033,1.5063025210084033,0.46949541643344245,0.035933681515916895,inf,1,5
5,26,input_dependent_structured_mondrian,2,2379,0.9247583018074821,3.015973097940311,3.6418663303909207,0.6178135332906236,0.04482046020730779,0.028248265819969864,0,100
5,27,independent_mondrian,2,2383,0.9185900125891733,2.935795216114142,3.5631556861099454,0.0,0.0,0.6760717050636863,0,100
5,27,independent_mondrian,1,2372,0.8752107925801011,2.5370994940978076,2.6024451939291735,0.0,0.0,0.5361798088113142,0,100
5,27,independent_mondrian,4,2363,0.9039356749894202,2.5251798561151078,4.763436309775709,0.0,0.0,0.7774987587185999,0,100
5,27,independent_mondrian,3,2361,0.8373570520965693,3.1524777636594665,4.600592969080898,0.0,0.0,0.5827161092680048,0,100
5,27,independent_mondrian,0,521,1,1.4510556621881,1.4510556621881,0.0,0.0,inf,1,5
5,27,input_dependent_structured_mondrian,2,2383,0.9274024339068401,2.9324381032312212,3.5988250104909776,0.5982384366467542,0.03724085358300323,0.04432328924438844,0,100
5,27,input_dependent_structured_mondrian,1,2372,0.8705733558178752,2.4793423271500843,2.5425801011804383,0.5225655448390572,0.030177744502726117,-0.018206032971531616,0,100
5,27,input_dependent_structured_mondrian,4,2363,0.8916631400761743,2.5890816758358017,4.739314430808294,0.7525320486818974,0.049358398574672835,-0.036823440918037686,0,100
5,27,input_dependent_structured_mondrian,3,2361,0.8962304108428631,2.981787378229564,4.484116899618805,0.668739299425985,0.04139954403599421,0.002694786341342792,0,100
5,27,input_dependent_structured_mondrian,0,521,1,1.433781190019194,1.433781190019194,0.4606356676692358,0.02647847768837393,inf,1,5
5,28,independent_mondrian,2,2411,0.9108253836582331,3.182082123600166,3.81625881377022,0.0,0.0,0.676991109997311,0,100
5,28,independent_mondrian,4,2339,0.8986746472851646,2.7229585292860197,4.748182984181274,0.0,0.0,0.7976335634256818,0,100
5,28,independent_mondrian,1,2393,0.8708733806936899,2.5733389051399915,2.6376932720434603,0.0,0.0,0.5228346590852917,0,100
5,28,independent_mondrian,3,2346,0.9296675191815856,3.2587382779198637,4.644927536231884,0.0,0.0,0.8037109125436732,0,100
5,28,independent_mondrian,0,511,1,1.4148727984344422,1.4148727984344422,0.0,0.0,inf,1,5
5,28,input_dependent_structured_mondrian,2,2411,0.92907507258399,3.014516798009125,3.673164661965989,0.6027687922513271,0.0395889301711972,0.05897673066698361,0,100
5,28,input_dependent_structured_mondrian,4,2339,0.8687473279179136,2.60239418554938,4.665241556220607,0.7505052210631629,0.042372009393675844,-0.043124365563800615,0,100
5,28,input_dependent_structured_mondrian,1,2393,0.8813205181780193,2.531132469703301,2.5825323861262013,0.5306150185734171,0.03543101154437767,-0.01829211392476282,0,100
5,28,input_dependent_structured_mondrian,3,2346,0.9254049445865302,3.032395566922421,4.491474850809889,0.6733537326930147,0.040035171018483875,0.06038202075765997,0,100
5,28,input_dependent_structured_mondrian,0,511,1,1.4109589041095891,1.4109589041095891,0.4517208110985803,0.03443152049933221,inf,1,5
5,29,independent_mondrian,1,2471,0.9182517199514366,2.371509510319709,2.41440712262242,0.0,0.0,0.6197703052041815,0,100
5,29,independent_mondrian,2,2325,0.8227956989247311,3.035268817204301,3.5935483870967744,0.0,0.0,0.5072109782755232,0,100
5,29,independent_mondrian,3,2322,0.8975021533161068,2.850129198966408,4.403531438415159,0.0,0.0,0.718756580359664,0,100
5,29,independent_mondrian,4,2350,0.8153191489361702,2.517872340425532,4.540425531914893,0.0,0.0,0.5920408587618349,0,100
5,29,independent_mondrian,0,532,1,1.531954887218045,1.531954887218045,0.0,0.0,inf,1,5
5,29,input_dependent_structured_mondrian,1,2471,0.9263456090651558,2.406717927964387,2.4386887899635776,0.5248664932004712,0.032568006823457264,0.048878744082739456,0,100
5,29,input_dependent_structured_mondrian,2,2325,0.8374193548387097,2.858064516129032,3.5101075268817206,0.5989844247648389,0.04019850018819918,-0.07408280609233042,0,100
5,29,input_dependent_structured_mondrian,3,2322,0.8798449612403101,2.880275624461671,4.446597760551249,0.6786943190685034,0.04619023071121588,-0.023090182063690845,0,100
5,29,input_dependent_structured_mondrian,4,2350,0.8519148936170213,2.471489361702128,4.639148936170213,0.749872777582198,0.0543133836459329,-0.07062695153107834,0,100
5,29,input_dependent_structured_mondrian,0,532,1,1.4304511278195489,1.4304511278195489,0.4423653309234607,0.02609995886268011,inf,1,5
5,30,independent_mondrian,1,2390,0.8665271966527197,2.610041841004184,2.684518828451883,0.0,0.0,0.5087613653580155,0,100
5,30,independent_mondrian,4,2329,0.8973808501502791,2.6496350364963503,4.7535422928295405,0.0,0.0,0.7689051932750706,0,100
5,30,independent_mondrian,3,2370,0.9021097046413502,3.2388185654008437,4.638396624472574,0.0,0.0,0.7180230051918975,0,100
5,30,independent_mondrian,2,2424,0.91996699669967,3.0585808580858087,3.6943069306930694,0.0,0.0,0.7066777003589331,0,100
5,30,independent_mondrian,0,487,1,1.4004106776180698,1.4004106776180698,0.0,0.0,inf,1,5
5,30,input_dependent_structured_mondrian,1,2390,0.9439330543933054,2.5635983263598328,2.597907949790795,0.5287694560052374,0.034772308063423525,0.07491111621338481,0,100
5,30,input_dependent_structured_mondrian,4,2329,0.935594675826535,2.6972949763847143,4.851009016745384,0.7781190023744439,0.05780817789208632,0.06157928092273335,0,100
5,30,input_dependent_structured_mondrian,3,2370,0.9421940928270042,3.1291139240506327,4.626160337552743,0.6905191335328542,0.049513989016416134,0.09186890227135441,0,100
5,30,input_dependent_structured_mondrian,2,2424,0.8857260726072608,3.106023102310231,3.7145214521452146,0.6044462464819835,0.041502089689619125,-0.012039414821515382,0,100
5,30,input_dependent_structured_mondrian,0,487,1,1.51129363449692,1.51129363449692,0.4524305962669425,0.027203951865166196,inf,1,5
5,31,independent_mondrian,3,2388,0.8555276381909548,3.2604690117252932,4.5540201005025125,0.0,0.0,0.6388336693615189,0,100
5,31,independent_mondrian,2,2358,0.9351145038167938,3.0474978795589482,3.6310432569974553,0.0,0.0,0.7563895804190728,0,100
5,31,independent_mondrian,4,2337,0.8943089430894309,2.5661103979460846,4.7201540436456995,0.0,0.0,0.7551207311100375,0,100
5,31,independent_mondrian,1,2399,0.9024593580658608,2.666110879533139,2.7177990829512297,0.0,0.0,0.5763584637665572,0,100
5,31,independent_mondrian,0,518,1,1.557915057915058,1.5598455598455598,0.0,0.0,inf,1,5
5,31,input_dependent_structured_mondrian,3,2388,0.8676716917922948,2.9292294807370185,4.396984924623116,0.690254212700205,0.04253670955191452,-0.06514339655081652,0,100
5,31,input_dependent_structured_mondrian,2,2358,0.8986429177268872,2.905852417302799,3.5364715860899065,0.6142292896607607,0.04077000939628113,0.003748393072059375,0,100
5,31,input_dependent_structured_mondrian,4,2337,0.8557980316645272,2.451005562687206,4.624732563115105,0.7646545245831216,0.04153020826456899,-0.10577293031839963,0,100
5,31,input_dependent_structured_mondrian,1,2399,0.9258024176740308,2.498541058774489,2.5377240516882034,0.5354330358589404,0.04009465923605662,0.044504711261531715,0,100
5,31,input_dependent_structured_mondrian,0,518,1,1.5250965250965252,1.5250965250965252,0.45464922794414253,0.039562230206492355,inf,1,5
5,32,independent_mondrian,4,2434,0.8886606409202958,2.558751027115859,4.723911257189811,0.0,0.0,0.728454813339455,0,100
5,32,independent_mondrian,1,2382,0.8455079764903443,2.2019311502938708,2.2741393786733837,0.0,0.0,0.46143077512004144,0,100
5,32,independent_mondrian,3,2318,0.903364969801553,2.907679033649698,4.571182053494391,0.0,0.0,0.737343705773912,0,100
5,32,independent_mondrian,0,524,1,1.2690839694656488,1.2690839694656488,0.0,0.0,inf,1,5
5,32,independent_mondrian,2,2342,0.7796754910333049,2.8659265584970113,3.6396242527754055,0.0,0.0,0.44766896361711817,0,100
5,32,input_dependent_structured_mondrian,4,2434,0.8919474116680361,2.49835661462613,4.729252259654889,0.7409962436207046,0.04350851515147168,-0.0009496498120847852,0,100
5,32,input_dependent_structured_mondrian,1,2382,0.8358522250209908,2.27455919395466,2.3337531486146097,0.5348568456204016,0.03743544271372713,-0.06238304000790229,0,100
5,32,input_dependent_structured_mondrian,3,2318,0.8830888697152718,2.907679033649698,4.512079378774806,0.6702298583690237,0.041497663670852586,-0.020319150025073895,0,100
5,32,input_dependent_structured_mondrian,0,524,1,1.333969465648855,1.333969465648855,0.45592219400464484,0.03680123324146884,inf,1,5
5,32,input_dependent_structured_mondrian,2,2342,0.8168232280102476,2.802305721605465,3.5132365499573015,0.6046979537603853,0.03870142038543367,-0.08962630430939877,0,100
5,33,independent_mondrian,3,2397,0.8744263662911973,3.2757613683771383,4.743012098456404,0.0,0.0,0.6649812302791706,0,100
5,33,independent_mondrian,4,2385,0.9534591194968554,2.610901467505241,4.874633123689727,0.0,0.0,0.9666806242627453,0,100
5,33,independent_mondrian,1,2393,0.9009611366485583,2.513163393230255,2.5704137066443793,0.0,0.0,0.5840793600508349,0,100
5,33,independent_mondrian,2,2296,0.8867595818815331,3.1855400696864113,3.7621951219512195,0.0,0.0,0.6153340434419537,0,100
5,33,independent_mondrian,0,529,1,1.5255198487712665,1.5255198487712665,0.0,0.0,inf,1,5
5,33,input_dependent_structured_mondrian,3,2397,0.8982060909470171,3.0947017104714227,4.604088443888194,0.6688623763613432,0.03889603217042118,0.005058615597452132,0,100
5,33,input_dependent_structured_mondrian,4,2385,0.9404612159329141,2.5949685534591196,4.843186582809224,0.7497394342549532,0.04391893658797616,0.08448997591625373,0,100
5,33,input_dependent_structured_mondrian,1,2393,0.8984538236523193,2.47430004178855,2.5286251567070623,0.5099410891430026,0.02924810802339974,0.02122346455835794,0,100
5,33,input_dependent_structured_mondrian,2,2296,0.8902439024390244,3.0135017421602788,3.6563588850174216,0.5980680945035325,0.03449844213454861,0.0104448205992842,0,100
5,33,input_dependent_structured_mondrian,0,529,1,1.45179584120983,1.45179584120983,0.42103076770426406,0.025193176162010285,inf,1,5
5,34,independent_mondrian,2,2365,0.8228329809725159,3.187737843551797,3.7843551797040167,0.0,0.0,0.49889056869485976,0,100
5,34,independent_mondrian,4,2400,0.9145833333333333,2.66,4.782916666666667,0.0,0.0,0.8542232788236017,0,100
5,34,independent_mondrian,3,2422,0.9273327828241124,3.1271676300578033,4.6816680429397195,0.0,0.0,0.796948129867481,0,100
5,34,independent_mondrian,1,2308,0.9116117850953206,2.3596187175043326,2.401646447140381,0.0,0.0,0.5895646421175413,0,100
5,34,independent_mondrian,0,505,1,1.510891089108911,1.510891089108911,0.0,0.0,inf,1,5
5,34,input_dependent_structured_mondrian,2,2365,0.8456659619450317,2.8308668076109935,3.5103594080338265,0.6155474727116932,0.042647473178048644,-0.08795423532475027,0,100
5,34,input_dependent_structured_mondrian,4,2400,0.855,2.47625,4.645,0.7802894501651048,0.05828694631089103,-0.09161499653182886,0,100
5,34,input_dependent_structured_mondrian,3,2422,0.879851362510322,2.8732452518579685,4.4293971924029725,0.7023938084654902,0.047775303708960666,-0.04072398932609006,0,100
5,34,input_dependent_structured_mondrian,1,2308,0.8968804159445407,2.3557192374350087,2.3981802426343153,0.5288608937772092,0.03470772542460449,-0.011218195858463453,0,100
5,34,input_dependent_structured_mondrian,0,505,1,1.4257425742574257,1.4257425742574257,0.45665910720998676,0.030766822010165177,inf,1,5
5,35,independent_mondrian,4,2329,0.9321597252039502,2.5096607986260198,4.820953198797767,0.0,0.0,0.8647321028180003,0,100
5,35,independent_mondrian,1,2412,0.9050580431177446,2.425373134328358,2.470149253731343,0.0,0.0,0.5840401185523509,0,100
5,35,independent_mondrian,3,2403,0.8426966292134831,3.151061173533084,4.6446109030378695,0.0,0.0,0.5835322872818995,0,100
5,35,independent_mondrian,2,2396,0.8823038397328882,3.011686143572621,3.5959933222036726,0.0,0.0,0.5919008053434055,0,100
5,35,independent_mondrian,0,460,1,1.508695652173913,1.508695652173913,0.0,0.0,inf,1,5
5,35,input_dependent_structured_mondrian,4,2329,0.927007299270073,2.5268355517389436,4.815371404036067,0.7562178617379708,0.045645563737385,0.0661146936974848,0,100
5,35,input_dependent_structured_mondrian,1,2412,0.8959369817578773,2.4523217247097846,2.5024875621890548,0.5260614460407472,0.032512010936348486,0.0026789082760409477,0,100
5,35,input_dependent_structured_mondrian,3,2403,0.8214731585518102,3.040782355389097,4.536828963795256,0.6748820087744165,0.04176989375889716,-0.1023503448424394,0,100
5,35,input_dependent_structured_mondrian,2,2396,0.9252921535893155,2.9348914858096826,3.5780467445742903,0.6085436937088377,0.03671727579636026,0.03535574683055942,0,100
5,35,input_dependent_structured_mondrian,0,460,1,1.4369565217391305,1.4369565217391305,0.45270974007266457,0.029471273929462718,inf,1,5
5,36,independent_mondrian,4,2400,0.80375,2.564583333333333,4.50375,0.0,0.0,0.5727547407264083,0,100
5,36,independent_mondrian,2,2400,0.96125,3.1008333333333336,3.595833333333333,0.0,0.0,0.8289171378860757,0,100
5,36,independent_mondrian,1,2357,0.9227831989817564,2.7564700890963088,2.7950784896054306,0.0,0.0,0.6292014056477803,0,100
5,36,independent_mondrian,3,2377,0.8721076987799747,3.1522928060580564,4.355490113588557,0.0,0.0,0.660473354581511,0,100
5,36,independent_mondrian,0,466,1,1.6051502145922747,1.6051502145922747,0.0,0.0,inf,1,5
5,36,input_dependent_structured_mondrian,4,2400,0.8416666666666667,2.4720833333333334,4.600416666666667,0.7491520953231077,0.05067898836014898,-0.09557114425491359,0,100
5,36,input_dependent_structured_mondrian,2,2400,0.9445833333333333,2.9408333333333334,3.5454166666666667,0.6023934191177549,0.03518088898450529,0.1048246904378799,0,100
5,36,input_dependent_structured_mondrian,1,2357,0.9185405176071277,2.5596096733135343,2.6016122189223587,0.5233255876817936,0.030398963971772143,0.0332645213791638,0,100
5,36,input_dependent_structured_mondrian,3,2377,0.8346655448043753,2.9941102229701304,4.392932267564157,0.6740979895110819,0.04093851452633282,-0.07531482781939847,0,100
5,36,input_dependent_structured_mondrian,0,466,1,1.4957081545064377,1.4957081545064377,0.45069714973971464,0.024908955219187286,inf,1,5
5,37,independent_mondrian,3,2409,0.9107513491075135,3.294728102947281,4.704856787048568,0.0,0.0,0.7310460212592542,0,100
5,37,independent_mondrian,1,2357,0.9431480695799745,2.5608824777259227,2.592278319898176,0.0,0.0,0.6982062462166778,0,100
5,37,independent_mondrian,4,2353,0.9290267743306417,2.6740331491712706,4.814279643008925,0.0,0.0,0.8652089114753038,0,100
5,37,independent_mondrian,2,2382,0.892527287993283,3.3144416456759025,3.759026028547439,0.0,0.0,0.6167316136746757,0,100
5,37,independent_mondrian,0,499,1,1.6452905811623246,1.6452905811623246,0.0,0.0,inf,1,5
5,37,input_dependent_structured_mondrian,3,2409,0.9036944790369448,3.066832710668327,4.508094645080947,0.6737311542159818,0.04108800439379281,0.013277841987288985,0,100
5,37,input_dependent_structured_mondrian,1,2357,0.9473907509546033,2.590156979210861,2.618582944420874,0.5184367824017173,0.028332194410060418,0.10178527351381716,0,100
5,37,input_dependent_structured_mondrian,4,2353,0.8878028049298767,2.562260943476413,4.712707182320442,0.742192543337605,0.04960485218296553,-0.02853272062224499,0,100
5,37,input_dependent_structured_mondrian,2,2382,0.9336691855583543,3.08144416456759,3.6469353484466835,0.599799977847606,0.03443492994914507,0.0673139407421468,0,100
5,37,input_dependent_structured_mondrian,0,499,1,1.5390781563126252,1.5390781563126252,0.4412084356485743,0.02095480935586999,inf,1,5
5,38,independent_mondrian,3,2304,0.8780381944444444,3.2235243055555554,4.666666666666667,0.0,0.0,0.6442305606920492,0,100
5,38,independent_mondrian,4,2350,0.9208510638297872,2.5872340425531917,4.796595744680851,0.0,0.0,0.8456308914424373,0,100
5,38,independent_mondrian,2,2467,0.9071747061207945,2.974868261045805,3.6700445885691124,0.0,0.0,0.6539134649297066,0,100
5,38,independent_mondrian,0,521,1,1.3666026871401151,1.3666026871401151,0.0,0.0,inf,1,5
5,38,independent_mondrian,1,2358,0.8519932145886344,2.467345207803223,2.539440203562341,0.0,0.0,0.48147515374287053,0,100
5,38,input_dependent_structured_mondrian,3,2304,0.8763020833333334,2.9535590277777777,4.494357638888889,0.6711206960842732,0.035626828291948874,-0.04331583484500601,0,100
5,38,input_dependent_structured_mondrian,4,2350,0.8825531914893617,2.4948936170212765,4.7042553191489365,0.748451400361401,0.037082696814094984,-0.01743188410495289,0,100
5,38,input_dependent_structured_mondrian,2,2467,0.892176732873936,2.882853668423186,3.573976489663559,0.5965352305826385,0.033838303652031124,-0.004900051846189024,0,100
5,38,input_dependent_structured_mondrian,0,521,1,1.4261036468330135,1.4261036468330135,0.4392710271685349,0.029684002842516207,inf,1,5
5,38,input_dependent_structured_mondrian,1,2358,0.8863443596268024,2.3952502120441053,2.446564885496183,0.5119912547079408,0.031308274606215866,-0.002004844732409916,0,100
5,39,independent_mondrian,4,2388,0.8953098827470687,2.7721943048576216,4.741624790619765,0.0,0.0,0.7786100532644515,0,100
5,39,independent_mondrian,3,2375,0.9465263157894737,3.202526315789474,4.649684210526316,0.0,0.0,0.8931275026323446,0,100
5,39,independent_mondrian,1,2382,0.8967254408060453,2.568429890848027,2.6175482787573467,0.0,0.0,0.5625118187838393,0,100
5,39,independent_mondrian,0,521,1,1.4952015355086372,1.4971209213051824,0.0,0.0,inf,1,5
5,39,independent_mondrian,2,2334,0.8877463581833762,3.257497857754927,3.850471293916024,0.0,0.0,0.6060793217453998,0,100
5,39,input_dependent_structured_mondrian,4,2388,0.9041038525963149,2.709798994974874,4.775544388609715,0.7470209760884563,0.043048606054166785,0.009310565459656028,0,100
5,39,input_dependent_structured_mondrian,3,2375,0.9536842105263158,3.0854736842105264,4.564210526315789,0.6768756629924674,0.03870094493964768,0.14675630720812916,0,100
5,39,input_dependent_structured_mondrian,1,2382,0.887489504617968,2.510915197313182,2.561712846347607,0.5422046477215928,0.037543711910505324,-0.021054722046488283,0,100
5,39,input_dependent_structured_mondrian,0,521,1,1.4779270633397312,1.4779270633397312,0.481835249489911,0.03609033845124076,inf,1,5
5,39,input_dependent_structured_mondrian,2,2334,0.9070265638389031,3.083547557840617,3.757497857754927,0.6045860034049204,0.0383069798600471,-0.0009860690983263254,0,100
5,40,independent_mondrian,2,2379,0.9092055485498108,2.980243799915931,3.539302227826818,0.0,0.0,0.6406798243355701,0,100
5,40,independent_mondrian,3,2347,0.8551342138900724,3.1273966766084365,4.557307200681722,0.0,0.0,0.6028726473122257,0,100
5,40,independent_mondrian,4,2365,0.8820295983086681,2.495137420718816,4.696405919661734,0.0,0.0,0.7449352461721019,0,100
5,40,independent_mondrian,1,2368,0.9070945945945946,2.5152027027027026,2.5629222972972974,0.0,0.0,0.5903781388164113,0,100
5,40,independent_mondrian,0,541,1,1.5397412199630314,1.5397412199630314,0.0,0.0,inf,1,5
5,40,input_dependent_structured_mondrian,2,2379,0.9592265657839428,2.9445145018915513,3.598150483396385,0.5948117232122496,0.03713318536396244,0.13347829824741314,0,100
5,40,input_dependent_structured_mondrian,3,2347,0.8789944610140605,3.126118449083937,4.513421389007243,0.6789288652539508,0.043830140279977926,-0.04367886973371926,0,100
5,40,input_dependent_structured_mondrian,4,2365,0.905708245243129,2.5805496828752643,4.764482029598309,0.7672247367165947,0.051226412544917624,0.01053485633028639,0,100
5,40,input_dependent_structured_mondrian,1,2368,0.8918918918918919,2.579814189189189,2.630489864864865,0.5192373351792159,0.030240044180487195,-0.003588472019413591,0,100
5,40,input_dependent_structured_mondrian,0,541,1,1.5231053604436229,1.5231053604436229,0.44886241739429344,0.023941176255346586,inf,1,5
5,41,independent_mondrian,0,539,1,1.7346938775510203,1.7346938775510203,0.0,0.0,inf,1,5
5,41,independent_mondrian,2,2378,0.8692178301093356,3.449537426408747,3.893187552565181,0.0,0.0,0.5648922609676919,0,100
5,41,independent_mondrian,3,2343,0.8813486982501068,3.3341869398207424,4.7981220657277,0.0,0.0,0.6805110093524632,0,100
5,41,independent_mondrian,1,2401,0.9579341940857976,2.4681382757184505,2.4914618908788007,0.0,0.0,0.7077134269206888,0,100
5,41,independent_mondrian,4,2339,0.9705002137665669,2.626763574176999,4.914493373236426,0.0,0.0,1.0709188706164068,0,100
5,41,input_dependent_structured_mondrian,0,539,1,1.5176252319109462,1.5176252319109462,0.47679703338284546,0.041571641485821854,inf,1,5
5,41,input_dependent_structured_mondrian,2,2378,0.9028595458368377,3.016820857863751,3.653490328006728,0.6018910067014612,0.04278048783988014,-0.0009256567965452156,0,100
5,41,input_dependent_structured_mondrian,3,2343,0.8587281263337602,3.1203585147247117,4.624413145539906,0.6644788038705065,0.04310573202009381,-0.0359735160387879,0,100
5,41,input_dependent_structured_mondrian,1,2401,0.9287796751353603,2.479800083298626,2.51228654727197,0.5358379951157755,0.04189039157348801,0.03184011299256451,0,100
5,41,input_dependent_structured_mondrian,4,2339,0.9546814878153057,2.5681915348439506,4.88157332193245,0.7381032319877262,0.04297625361064657,0.15006080182110537,0,100
5,42,independent_mondrian,2,2373,0.9452170248630426,3.1053518752633797,3.7050147492625367,0.0,0.0,0.7618795893812158,0,100
5,42,independent_mondrian,3,2395,0.9127348643006263,3.2288100208768267,4.520250521920668,0.0,0.0,0.7435463360326681,0,100
5,42,independent_mondrian,1,2337,0.897732135216089,2.696191698759093,2.753530166880616,0.0,0.0,0.545948161699981,0,100
5,42,independent_mondrian,4,2407,0.8566680515164105,2.6393851267137514,4.649356044869132,0.0,0.0,0.6816335801003659,0,100
5,42,independent_mondrian,0,488,1,1.5,1.5020491803278688,0.0,0.0,inf,1,5
5,42,input_dependent_structured_mondrian,2,2373,0.9199325747998315,2.922039612305099,3.618204804045512,0.604309555605351,0.0348609736449424,0.02821686229584175,0,100
5,42,input_dependent_structured_mondrian,3,2395,0.9152400835073069,2.9473903966597077,4.42713987473904,0.6845516606419372,0.0403122620951516,0.03149502135739657,0,100
5,42,input_dependent_structured_mondrian,1,2337,0.8707744972186564,2.4762516046213094,2.5464270432178004,0.5256207600954054,0.030067839098309058,-0.03268556141909898,0,100
5,42,input_dependent_structured_mondrian,4,2407,0.8408807644370586,2.532613211466556,4.611965101786456,0.7720790750217582,0.0465306485950248,-0.12011554357501941,0,100
5,42,input_dependent_structured_mondrian,0,488,1,1.4282786885245902,1.430327868852459,0.44781266226859706,0.023864207038935895,inf,1,5
5,43,independent_mondrian,0,526,1,1.6140684410646389,1.6159695817490494,0.0,0.0,inf,1,5
5,43,independent_mondrian,4,2444,0.8833878887070377,2.4967266775777412,4.702945990180033,0.0,0.0,0.7466072710208695,0,100
5,43,independent_mondrian,2,2279,0.8894251864853006,3.0776656428258007,3.5743747257569107,0.0,0.0,0.6175092148751997,0,100
5,43,independent_mondrian,3,2332,0.8503430531732419,3.1119210977701544,4.557032590051458,0.0,0.0,0.6044596522247335,0,100
5,43,independent_mondrian,1,2419,0.9243489045059942,2.506821000413394,2.5502273666804465,0.0,0.0,0.6594084726715685,0,100
5,43,input_dependent_structured_mondrian,0,526,1,1.4334600760456273,1.4334600760456273,0.4770039399008079,0.04547925771075299,inf,1,5
5,43,input_dependent_structured_mondrian,4,2444,0.9177577741407529,2.545417348608838,4.783960720130933,0.7397662281189457,0.04708677892522039,0.0481605978980692,0,100
5,43,input_dependent_structured_mondrian,2,2279,0.8894251864853006,2.949100482667837,3.598069328652918,0.617966504232463,0.04369123269788975,-0.0289033897609855,0,100
5,43,input_dependent_structured_mondrian,3,2332,0.8653516295025729,3.0604631217838767,4.545883361921097,0.6864900314566075,0.04543179217800259,-0.04499079725397315,0,100
5,43,input_dependent_structured_mondrian,1,2419,0.9148408433236874,2.479536998759818,2.518396031417941,0.5616544928645113,0.043395679404132435,0.020222487921371046,0,100
5,44,independent_mondrian,2,2430,0.8600823045267489,3.162962962962963,3.694650205761317,0.0,0.0,0.5636528376698233,0,100
5,44,independent_mondrian,0,522,1,1.60727969348659,1.60727969348659,0.0,0.0,inf,1,5
5,44,independent_mondrian,4,2322,0.8953488372093024,2.59603789836348,4.729112833763996,0.0,0.0,0.78921116769518,0,100
5,44,independent_mondrian,3,2330,0.9072961373390558,3.139055793991416,4.63862660944206,0.0,0.0,0.7266631347466149,0,100
5,44,independent_mondrian,1,2396,0.9336393989983306,2.458263772954925,2.4920701168614356,0.0,0.0,0.639752205417451,0,100
5,44,input_dependent_structured_mondrian,2,2430,0.9061728395061729,3.0320987654320986,3.623456790123457,0.6041368997075428,0.04107174632599577,0.02190126597744524,0,100
5,44,input_dependent_structured_mondrian,0,522,1,1.5574712643678161,1.5574712643678161,0.46437830501093785,0.03965122387517613,inf,1,5
5,44,input_dependent_structured_mondrian,4,2322,0.8858742463393626,2.545650301464255,4.693367786391042,0.741973017519652,0.04263007996594825,-0.011602517223991304,0,100
5,44,input_dependent_structured_mondrian,3,2330,0.9051502145922746,3.076824034334764,4.529613733905579,0.6798234819993227,0.04166288443873687,-0.0006278546105165095,0,100
5,44,input_dependent_structured_mondrian,1,2396,0.9449081803005008,2.5275459098497497,2.5559265442404007,0.5327575252711848,0.04032085527931121,0.08366092154224136,0,100
5,45,independent_mondrian,4,2370,0.8818565400843882,2.579746835443038,4.709704641350211,0.0,0.0,0.7483644082358728,0,100
5,45,independent_mondrian,1,2413,0.90302527973477,2.5130542892664733,2.5573974305843348,0.0,0.0,0.5901581214646303,0,100
5,45,independent_mondrian,2,2395,0.890187891440501,3.097703549060543,3.672651356993737,0.0,0.0,0.628946728660162,0,100
5,45,independent_mondrian,3,2348,0.903747870528109,3.163543441226576,4.584327086882453,0.0,0.0,0.6962186638661946,0,100
5,45,independent_mondrian,0,474,1,1.521097046413502,1.5232067510548524,0.0,0.0,inf,1,5
5,45,input_dependent_structured_mondrian,4,2370,0.9232067510548523,2.557805907172996,4.817299578059072,0.7513189038338492,0.0458350832026731,0.05230252592528273,0,100
5,45,input_dependent_structured_mondrian,1,2413,0.9196021549937837,2.489432242022379,2.5279734769995854,0.5325577772772462,0.03049182840799241,0.03105047486155732,0,100
5,45,input_dependent_structured_mondrian,2,2395,0.9139874739039666,3.0008350730688935,3.651356993736952,0.6073524922548383,0.03536894884334115,0.00629310296636687,0,100
5,45,input_dependent_structured_mondrian,3,2348,0.9101362862010222,3.094548551959114,4.585604770017036,0.6759960381933564,0.04119655536474599,-0.01567062201383007,0,100
5,45,input_dependent_structured_mondrian,0,474,1,1.4852320675105486,1.4873417721518987,0.44801436050099464,0.02496005651836065,inf,1,5
5,46,independent_mondrian,2,2446,0.9399018806214228,3.3413736713000817,3.848323793949305,0.0,0.0,0.7086216036793719,0,100
5,46,independent_mondrian,4,2264,0.9249116607773852,2.7720848056537104,4.809187279151944,0.0,0.0,0.836762935112232,0,100
5,46,independent_mondrian,1,2411,0.9216092907507258,2.671505599336375,2.7063459145582747,0.0,0.0,0.6124367128559269,0,100
5,46,independent_mondrian,0,510,1,1.5960784313725491,1.5960784313725491,0.0,0.0,inf,1,5
5,46,independent_mondrian,3,2369,0.9257070493879274,3.3486703250316587,4.689742507387083,0.0,0.0,0.8123778129082355,0,100
5,46,input_dependent_structured_mondrian,2,2446,0.9215044971381848,3.2035977105478333,3.8409648405560097,0.6053546510995471,0.04067408044791017,0.02079097555160092,0,100
5,46,input_dependent_structured_mondrian,4,2264,0.9536219081272085,2.7698763250883394,4.888250883392226,0.7708187481407194,0.05346276288893678,0.1078824381030904,0,100
5,46,input_dependent_structured_mondrian,1,2411,0.9075072583990046,2.5756947324761508,2.616756532559104,0.5308187150296768,0.03338914701648316,0.02169691705605048,0,100
5,46,input_dependent_structured_mondrian,0,510,1,1.4823529411764707,1.4823529411764707,0.4479604898394769,0.027501849782935083,inf,1,5
5,46,input_dependent_structured_mondrian,3,2369,0.9603208104685521,3.1996623047699453,4.666948079358379,0.6842134829966501,0.046120371006576004,0.1527005747992854,0,100
5,47,independent_mondrian,3,2353,0.8406289842753931,3.248618784530387,4.644708882277943,0.0,0.0,0.5756017758126114,0,100
5,47,independent_mondrian,1,2351,0.9038706933219907,2.573798383666525,2.623139089749043,0.0,0.0,0.5804881539954907,0,100
5,47,independent_mondrian,2,2388,0.923785594639866,2.9983249581239533,3.5829145728643215,0.0,0.0,0.6962534898810626,0,100
5,47,independent_mondrian,4,2419,0.91649441918148,2.50103348491112,4.761471682513435,0.0,0.0,0.8436279350422672,0,100
5,47,independent_mondrian,0,489,1,1.49079754601227,1.49079754601227,0.0,0.0,inf,1,5
5,47,input_dependent_structured_mondrian,3,2353,0.8682532936676584,2.9655758606034848,4.449213769655759,0.695288058729829,0.0443144488278862,-0.08935860600152473,0,100
5,47,input_dependent_structured_mondrian,1,2351,0.887707358570821,2.4521480221182475,2.504466184602297,0.5353101428120165,0.03569302271586254,-0.014575791089735168,0,100
5,47,input_dependent_structured_mondrian,2,2388,0.9179229480737019,2.8685092127303182,3.542294807370184,0.6134174858370061,0.03846414317316917,0.020043887847094988,0,100
5,47,input_dependent_structured_mondrian,4,2419,0.8739148408433237,2.461761058288549,4.673005374121538,0.7874598216369351,0.047337930723699705,-0.07150238665154984,0,100
5,47,input_dependent_structured_mondrian,0,489,1,1.4110429447852761,1.4110429447852761,0.44890906058664914,0.03278155757913307,inf,1,5
5,48,independent_mondrian,3,2413,0.9220886862826357,3.2975549108992954,4.640696228760879,0.0,0.0,0.78152078667623,0,100
5,48,independent_mondrian,2,2305,0.9262472885032538,3.284164859002169,3.7817787418655096,0.0,0.0,0.7129525981079118,0,100
5,48,independent_mondrian,1,2411,0.9178763998340937,2.66860223973455,2.7104935711323104,0.0,0.0,0.6258696648551355,0,100
5,48,independent_mondrian,4,2376,0.906986531986532,2.728956228956229,4.779461279461279,0.0,0.0,0.7863961283418791,0,100
5,48,independent_mondrian,0,495,1,1.5696969696969696,1.5696969696969696,0.0,0.0,inf,1,5
5,48,input_dependent_structured_mondrian,3,2413,0.9457107335267302,3.0820555325321175,4.544964774140075,0.6794639213342816,0.03872612528350528,0.08597272038160236,0,100
5,48,input_dependent_structured_mondrian,2,2305,0.9162689804772234,3.0351409978308026,3.710629067245119,0.6067783920685871,0.036659176231308446,0.029632577565419482,0,100
5,48,input_dependent_structured_mondrian,1,2411,0.8676897552882621,2.470344255495645,2.531729572791373,0.525234074918715,0.03484689275178811,-0.022500344368436842,0,100
5,48,input_dependent_structured_mondrian,4,2376,0.8947811447811448,2.6565656565656566,4.754208754208754,0.7484942759066717,0.041945224086875885,-0.020789020574787376,0,100
5,48,input_dependent_structured_mondrian,0,495,1,1.4141414141414141,1.4141414141414141,0.46162870547205587,0.03487290952414472,inf,1,5
5,49,independent_mondrian,2,2331,0.8811668811668811,3.257400257400257,3.81981981981982,0.0,0.0,0.6028488555511324,0,100
5,49,independent_mondrian,1,2462,0.913484971567831,2.5438667749796915,2.5901705930138097,0.0,0.0,0.5982354133136492,0,100
5,49,independent_mondrian,3,2374,0.9443976411120472,3.1975568660488625,4.642375737152485,0.0,0.0,0.8432690927497626,0,100
5,49,independent_mondrian,4,2333,0.8988426918131162,2.7316759537076725,4.747535362194599,0.0,0.0,0.7839608718713409,0,100
5,49,independent_mondrian,0,500,1,1.57,1.57,0.0,0.0,inf,1,5
5,49,input_dependent_structured_mondrian,2,2331,0.8777348777348777,3.141141141141141,3.794079794079794,0.6071989661144599,0.040910297324620176,-0.03897488720806386,0,100
5,49,input_dependent_structured_mondrian,1,2462,0.9073923639317628,2.514622258326564,2.558489033306255,0.5222551537945722,0.04029498146433851,0.019191204157540054,0,100
5,49,input_dependent_structured_mondrian,3,2374,0.9650379106992418,3.082982308340354,4.572451558550969,0.6831901956617673,0.04307709466128664,0.1756528968262151,0,100
5,49,input_dependent_structured_mondrian,4,2333,0.916845263609087,2.740248606943849,4.795542220317188,0.7626745778019168,0.04391639784650943,0.009263437228470561,0,100
5,49,input_dependent_structured_mondrian,0,500,1,1.496,1.496,0.4469469569304294,0.03438902459561011,inf,1,5
