rare_count,repetition,method,class_id,test_count,coverage,mean_set_size,mean_ordinal_span,threshold,threshold_is_infinite,preliminary_threshold,correction,correction_is_infinite,final_support
100,0,independent_mondrian,0,479,0.9311064718162839,0.9311064718162839,0.9311064718162839,0.3279595786772648,0,,,0,
100,0,independent_mondrian,1,2377,0.8636937315944467,0.8691628102650399,0.8691628102650399,0.3378835388685469,0,,,0,
100,0,independent_mondrian,2,2403,0.8639200998751561,0.9375780274656679,0.9375780274656679,0.40526299197214355,0,,,0,
100,0,independent_mondrian,3,2310,0.935064935064935,1.0735930735930737,1.0735930735930737,0.5820138645215598,0,,,0,
100,0,independent_mondrian,4,2431,0.9078568490333196,1.025503907856849,1.025503907856849,0.6027279118877275,0,,,0,
100,0,ordinal_cluster,0,479,0.9352818371607515,0.9352818371607515,0.9352818371607515,0.32959391360611945,0,,,0,
100,0,ordinal_cluster,1,2377,0.8931426167437947,0.9023979806478755,0.9023979806478755,0.3586808579338131,0,,,0,
100,0,ordinal_cluster,2,2403,0.8951310861423221,0.9521431543903454,0.9521431543903454,0.4485195678036303,0,,,0,
100,0,ordinal_cluster,3,2310,0.90995670995671,1.0415584415584416,1.0415584415584416,0.5354123462206325,0,,,0,
100,0,ordinal_cluster,4,2431,0.8988070752776635,0.9921842863019333,0.9921842863019333,0.5847242654317362,0,,,0,
100,0,linear_structured_final_mondrian,0,479,0.9352818371607515,0.9352818371607515,0.9352818371607515,0.32959391360611945,0,0.296427976397137,0.03316593720898242,0,50
100,0,linear_structured_final_mondrian,1,2377,0.8754732856541859,0.8801009676062264,0.8801009676062264,0.346687015017874,0,0.361427976397137,-0.014740961379262951,0,50
100,0,linear_structured_final_mondrian,2,2403,0.8218893050353725,0.8980441115272576,0.8980441115272576,0.364945498668396,0,0.4264279763971369,-0.061482477728740936,0,50
100,0,linear_structured_final_mondrian,3,2310,0.935930735930736,1.1363636363636365,1.1363636363636365,0.5859368337581414,0,0.49142797639713687,0.09450885736100456,0,50
100,0,linear_structured_final_mondrian,4,2431,0.9502262443438914,1.06993006993007,1.06993006993007,0.6983447279488334,0,0.5564279763971368,0.14191675155169658,0,50
100,1,independent_mondrian,0,479,0.9123173277661796,0.9123173277661796,0.9123173277661796,0.2967016602121552,0,,,0,
100,1,independent_mondrian,1,2375,0.8930526315789473,0.9170526315789473,0.9170526315789473,0.3629535498241881,0,,,0,
100,1,independent_mondrian,2,2377,0.9570887673538073,0.9928481278923013,0.9928481278923013,0.5283189760547863,0,,,0,
100,1,independent_mondrian,3,2370,0.8932489451476793,1.0350210970464135,1.0350210970464135,0.4998689033860412,0,,,0,
100,1,independent_mondrian,4,2399,0.8766152563568154,0.9578991246352647,0.9578991246352647,0.5604269484138628,0,,,0,
100,1,ordinal_cluster,0,479,0.9206680584551148,0.9206680584551148,0.9206680584551148,0.3077486481524118,0,,,0,
100,1,ordinal_cluster,1,2375,0.9178947368421052,0.9305263157894736,0.9305263157894736,0.39367198894333805,0,,,0,
100,1,ordinal_cluster,2,2377,0.9200673117374842,0.9697097181320993,0.9697097181320993,0.4651364408556836,0,,,0,
100,1,ordinal_cluster,3,2370,0.9109704641350211,1.0147679324894514,1.0147679324894514,0.5238349949865058,0,,,0,
100,1,ordinal_cluster,4,2399,0.8511879949979158,0.9424760316798666,0.9424760316798666,0.5238349949865058,0,,,0,
100,1,linear_structured_final_mondrian,0,479,0.9081419624217119,0.9081419624217119,0.9081419624217119,0.2930318233939376,0,0.34384412477756504,-0.05081230138362747,0,50
100,1,linear_structured_final_mondrian,1,2375,0.8652631578947368,0.8930526315789473,0.8930526315789473,0.33204904617916825,0,0.40134412477756515,-0.0692950785983969,0,50
100,1,linear_structured_final_mondrian,2,2377,0.9638199411022297,0.9886411442995372,0.9886411442995372,0.5471305187003029,0,0.45884412477756525,0.08828639392273768,0,50
100,1,linear_structured_final_mondrian,3,2370,0.8675105485232067,1.0552742616033755,1.0552742616033755,0.4651364408556836,0,0.5163441247775653,-0.051207683921881686,0,50
100,1,linear_structured_final_mondrian,4,2399,0.9220508545227178,0.9899958315964985,0.9899958315964985,0.6378636945812061,0,0.5738441247775654,0.06401956980364065,0,50
100,2,independent_mondrian,0,484,0.9152892561983471,0.9152892561983471,0.9152892561983471,0.29282030637220463,0,,,0,
100,2,independent_mondrian,1,2335,0.9074946466809422,0.9147751605995718,0.9147751605995718,0.3761209269035077,0,,,0,
100,2,independent_mondrian,2,2360,0.9127118644067796,0.9559322033898305,0.9559322033898305,0.4546411224161909,0,,,0,
100,2,independent_mondrian,3,2429,0.8937834499794154,1.0625771922601894,1.0625771922601894,0.51118105950533,0,,,0,
100,2,independent_mondrian,4,2392,0.9243311036789298,1.015468227424749,1.015468227424749,0.630232004300373,0,,,0,
100,2,ordinal_cluster,0,484,0.9628099173553719,0.9628099173553719,0.9628099173553719,0.35955605519184863,0,,,0,
100,2,ordinal_cluster,1,2335,0.928051391862955,0.9361884368308351,0.9361884368308351,0.3945126163969354,0,,,0,
100,2,ordinal_cluster,2,2360,0.9127118644067796,0.9639830508474576,0.9639830508474576,0.4546411224161909,0,,,0,
100,2,ordinal_cluster,3,2429,0.9114862083161795,1.0477562783038288,1.0477562783038288,0.5346324072797374,0,,,0,
100,2,ordinal_cluster,4,2392,0.8946488294314381,0.995819397993311,0.995819397993311,0.5803453966934699,0,,,0,
100,2,linear_structured_final_mondrian,0,484,0.9338842975206612,0.9338842975206612,0.9338842975206612,0.3096597709722735,0,0.2826769374505419,0.026982833521731586,0,50
100,2,linear_structured_final_mondrian,1,2335,0.9665952890792291,0.9773019271948609,0.9773019271948609,0.472311707049832,0,0.36267693745054197,0.10963476959929003,0,50
100,2,linear_structured_final_mondrian,2,2360,0.9351694915254237,0.9800847457627119,0.9800847457627119,0.4936505664706431,0,0.44267693745054204,0.05097362902010105,0,50
100,2,linear_structured_final_mondrian,3,2429,0.8513791683820502,1.0662824207492796,1.0662824207492796,0.45682536050849387,0,0.5226769374505421,-0.06585157694204824,0,50
100,2,linear_structured_final_mondrian,4,2392,0.9448160535117057,1.0133779264214047,1.0133779264214047,0.6674001726486509,0,0.6026769374505422,0.06472323519810874,0,50
100,3,independent_mondrian,0,506,0.9110671936758893,0.9110671936758893,0.9110671936758893,0.28981261393937296,0,,,0,
100,3,independent_mondrian,1,2334,0.8680377035132819,0.8753213367609255,0.8753213367609255,0.3525928370266135,0,,,0,
100,3,independent_mondrian,2,2361,0.8818297331639136,0.9085133418043202,0.9085133418043202,0.420325778451557,0,,,0,
100,3,independent_mondrian,3,2442,0.8484848484848485,0.9733824733824734,0.9733824733824734,0.46028430000283643,0,,,0,
100,3,independent_mondrian,4,2357,0.9015697921086127,0.9635129401781927,0.9635129401781927,0.57455167293263,0,,,0,
100,3,ordinal_cluster,0,506,0.9426877470355731,0.9426877470355731,0.9426877470355731,0.32817237054000736,0,,,0,
100,3,ordinal_cluster,1,2334,0.8680377035132819,0.8757497857754927,0.8757497857754927,0.3525928370266135,0,,,0,
100,3,ordinal_cluster,2,2361,0.8818297331639136,0.9135959339263025,0.9135959339263025,0.420325778451557,0,,,0,
100,3,ordinal_cluster,3,2442,0.8648648648648649,0.9819819819819819,0.9819819819819819,0.47769591971414216,0,,,0,
100,3,ordinal_cluster,4,2357,0.8879932117098006,0.9567246499787866,0.9567246499787866,0.5567067286950012,0,,,0,
100,3,linear_structured_final_mondrian,0,506,0.8853754940711462,0.8893280632411067,0.8893280632411067,0.2658074326514269,0,0.2903257784515571,-0.02451834580013018,0,50
100,3,linear_structured_final_mondrian,1,2334,0.9511568123393316,0.9524421593830334,0.9524421593830334,0.4505211572765532,0,0.35532577845155705,0.09519537882499612,0,50
100,3,linear_structured_final_mondrian,2,2361,0.8166031342651419,0.8767471410419314,0.8767471410419314,0.35272444776962397,0,0.420325778451557,-0.06760133068193303,0,50
100,3,linear_structured_final_mondrian,3,2442,0.8984438984438985,1.0454545454545454,1.0454545454545454,0.5281697707925002,0,0.48532577845155694,0.042843992340943216,0,50
100,3,linear_structured_final_mondrian,4,2357,0.9372083156554942,1.0280016970725498,1.0280016970725498,0.6458196194070623,0,0.550325778451557,0.0954938409555054,0,50
100,4,independent_mondrian,0,494,0.8623481781376519,0.8643724696356275,0.8643724696356275,0.26837376166065796,0,,,0,
100,4,independent_mondrian,1,2411,0.9435918705931149,0.9655744504355039,0.9655744504355039,0.4195705637972531,0,,,0,
100,4,independent_mondrian,2,2342,0.96199829205807,1.0290350128095644,1.0290350128095644,0.5472305247304556,0,,,0,
100,4,independent_mondrian,3,2345,0.9347547974413646,1.1432835820895522,1.1432835820895522,0.581556536702029,0,,,0,
100,4,independent_mondrian,4,2408,0.9372923588039868,1.0502491694352158,1.0502491694352158,0.6447673069282265,0,,,0,
100,4,ordinal_cluster,0,494,0.9392712550607287,0.9412955465587044,0.9412955465587044,0.32485299317434946,0,,,0,
100,4,ordinal_cluster,1,2411,0.9419328079635007,0.9531314807133969,0.9531314807133969,0.41409497037102433,0,,,0,
100,4,ordinal_cluster,2,2342,0.9359521776259607,0.9970111016225448,0.9970111016225448,0.49013464378965693,0,,,0,
100,4,ordinal_cluster,3,2345,0.9270788912579957,1.0750533049040512,1.0750533049040512,0.5691168312651531,0,,,0,
100,4,ordinal_cluster,4,2408,0.9069767441860465,1.0116279069767442,1.0116279069767442,0.5891344983701599,0,,,0,
100,4,linear_structured_final_mondrian,0,494,0.8825910931174089,0.8866396761133604,0.8866396761133604,0.28723532757518927,0,0.2688986044553468,0.01833672311984247,0,50
100,4,linear_structured_final_mondrian,1,2411,0.9514724180837827,0.9738697635835752,0.9738697635835752,0.43724224371613263,0,0.3688986044553469,0.06834363926078574,0,50
100,4,linear_structured_final_mondrian,2,2342,0.9628522630230573,1.0350128095644748,1.0350128095644748,0.5495560938026798,0,0.468898604455347,0.0806574893473328,0,50
100,4,linear_structured_final_mondrian,3,2345,0.9377398720682303,1.086993603411514,1.086993603411514,0.5899106490254499,0,0.568898604455347,0.02101204457010286,0,50
100,4,linear_structured_final_mondrian,4,2408,0.8783222591362126,0.997093023255814,0.997093023255814,0.5476049432878433,0,0.6688986044553471,-0.12129366116750384,0,50
100,5,independent_mondrian,0,535,0.9383177570093458,0.9383177570093458,0.9383177570093458,0.3401602337104592,0,,,0,
100,5,independent_mondrian,1,2399,0.8903709879116298,0.8962067528136723,0.8962067528136723,0.3662662552680775,0,,,0,
100,5,independent_mondrian,2,2427,0.8908117016893284,0.9513803049031726,0.9513803049031726,0.42622636318805507,0,,,0,
100,5,independent_mondrian,3,2285,0.926039387308534,1.0708971553610502,1.0708971553610502,0.5621638722010839,0,,,0,
100,5,independent_mondrian,4,2354,0.9141886151231946,1.0254885301614274,1.0254885301614274,0.6146384934304259,0,,,0,
100,5,ordinal_cluster,0,535,0.9532710280373832,0.9532710280373832,0.9532710280373832,0.3512681276619779,0,,,0,
100,5,ordinal_cluster,1,2399,0.8870362651104627,0.8932888703626511,0.8932888703626511,0.3624410324907545,0,,,0,
100,5,ordinal_cluster,2,2427,0.8838071693448702,0.9443757725587144,0.9443757725587144,0.4194799325613631,0,,,0,
100,5,ordinal_cluster,3,2285,0.926039387308534,1.0595185995623633,1.0595185995623633,0.5621638722010839,0,,,0,
100,5,ordinal_cluster,4,2354,0.9061172472387425,1.0174171622769754,1.0174171622769754,0.5957540267359017,0,,,0,
100,5,linear_structured_final_mondrian,0,535,0.9532710280373832,0.9532710280373832,0.9532710280373832,0.35170689560759694,0,0.3160120324897433,0.03569486311785364,0,50
100,5,linear_structured_final_mondrian,1,2399,0.8903709879116298,0.9041267194664444,0.9041267194664444,0.3662662552680775,0,0.39101203248974326,-0.024745777221665766,0,50
100,5,linear_structured_final_mondrian,2,2427,0.9381953028430161,0.9641532756489494,0.9641532756489494,0.5050825350260659,0,0.4660120324897432,0.039070502536322715,0,50
100,5,linear_structured_final_mondrian,3,2285,0.8214442013129103,0.9960612691466083,0.9960612691466083,0.4194799325613631,0,0.5410120324897432,-0.12153209992838004,0,50
100,5,linear_structured_final_mondrian,4,2354,0.9226847918436704,0.9740866610025488,0.9740866610025488,0.6335424982008782,0,0.6160120324897431,0.017530465711135035,0,50
100,6,independent_mondrian,0,510,0.903921568627451,0.903921568627451,0.903921568627451,0.29065644481235714,0,,,0,
100,6,independent_mondrian,1,2356,0.9044991511035654,0.9087436332767402,0.9087436332767402,0.3695966814659989,0,,,0,
100,6,independent_mondrian,2,2439,0.8470684706847068,0.9077490774907749,0.9077490774907749,0.38863522578040216,0,,,0,
100,6,independent_mondrian,3,2374,0.9056444818871103,1.0303285593934288,1.0303285593934288,0.5369162948343852,0,,,0,
100,6,independent_mondrian,4,2321,0.9086600603188281,0.997845756139595,0.997845756139595,0.5872727757343197,0,,,0,
100,6,ordinal_cluster,0,510,0.9607843137254902,0.9607843137254902,0.9607843137254902,0.34960058308441955,0,,,0,
100,6,ordinal_cluster,1,2356,0.9049235993208828,0.9108658743633277,0.9108658743633277,0.37088216288591164,0,,,0,
100,6,ordinal_cluster,2,2439,0.8741287412874129,0.922509225092251,0.922509225092251,0.41507378805975365,0,,,0,
100,6,ordinal_cluster,3,2374,0.8845829823083403,1.0016849199663016,1.0016849199663016,0.5036620220945318,0,,,0,
100,6,ordinal_cluster,4,2321,0.8853942266264541,0.960361912968548,0.960361912968548,0.557410171631681,0,,,0,
100,6,linear_structured_final_mondrian,0,510,0.9705882352941176,0.9705882352941176,0.9705882352941176,0.36444480177169375,0,0.24808496060505403,0.11635984116663972,0,50
100,6,linear_structured_final_mondrian,1,2356,0.9129881154499151,0.9185059422750425,0.9185059422750425,0.38080523260110677,0,0.33058496060505405,0.05022027199605272,0,50
100,6,linear_structured_final_mondrian,2,2439,0.8622386223862238,0.9348093480934809,0.9348093480934809,0.40193877723974086,0,0.41308496060505406,-0.0111461833653132,0,50
100,6,linear_structured_final_mondrian,3,2374,0.9275484414490311,1.04212299915754,1.04212299915754,0.5775052775822286,0,0.4955849606050541,0.0819203169771745,0,50
100,6,linear_structured_final_mondrian,4,2321,0.8853942266264541,0.998707453683757,0.998707453683757,0.557410171631681,0,0.5780849606050541,-0.02067478897337305,0,50
100,7,independent_mondrian,0,516,0.877906976744186,0.8798449612403101,0.8798449612403101,0.27087014442863433,0,,,0,
100,7,independent_mondrian,1,2456,0.9100162866449512,0.9173452768729642,0.9173452768729642,0.3738919064000931,0,,,0,
100,7,independent_mondrian,2,2378,0.9192598822539949,0.9495374264087468,0.9495374264087468,0.4635759870052023,0,,,0,
100,7,independent_mondrian,3,2340,0.8521367521367521,0.961965811965812,0.961965811965812,0.4585461610332175,0,,,0,
100,7,independent_mondrian,4,2310,0.8705627705627705,0.9307359307359307,0.9307359307359307,0.5394163093401256,0,,,0,
100,7,ordinal_cluster,0,516,0.939922480620155,0.9418604651162791,0.9418604651162791,0.33675366406885926,0,,,0,
100,7,ordinal_cluster,1,2456,0.8990228013029316,0.9039087947882736,0.9039087947882736,0.3630505506267416,0,,,0,
100,7,ordinal_cluster,2,2378,0.875946173254836,0.9129520605550883,0.9129520605550883,0.41338026117095633,0,,,0,
100,7,ordinal_cluster,3,2340,0.8888888888888888,0.9709401709401709,0.9709401709401709,0.49494669813375813,0,,,0,
100,7,ordinal_cluster,4,2310,0.8523809523809524,0.9268398268398268,0.9268398268398268,0.5123376203901969,0,,,0,
100,7,linear_structured_final_mondrian,0,516,0.8294573643410853,0.8333333333333334,0.8333333333333334,0.23536624832245015,0,0.29386282003549824,-0.05849657171304809,0,50
100,7,linear_structured_final_mondrian,1,2456,0.9238599348534202,0.9258957654723127,0.9258957654723127,0.3881868756397636,0,0.3638628200354983,0.024324055604265316,0,50
100,7,linear_structured_final_mondrian,2,2378,0.8355761143818334,0.872161480235492,0.872161480235492,0.37603591589299656,0,0.43386282003549836,-0.0578269041425018,0,50
100,7,linear_structured_final_mondrian,3,2340,0.8773504273504273,0.947008547008547,0.947008547008547,0.4816582372959374,0,0.5038628200354984,-0.022204582739561052,0,50
100,7,linear_structured_final_mondrian,4,2310,0.8389610389610389,0.9090909090909091,0.9090909090909091,0.49494669813375813,0,0.5738628200354985,-0.07891612190174035,0,50
100,8,independent_mondrian,0,485,0.8824742268041237,0.8824742268041237,0.8824742268041237,0.29399223522499834,0,,,0,
100,8,independent_mondrian,1,2387,0.8604943443653121,0.870548806032677,0.870548806032677,0.3372654226706304,0,,,0,
100,8,independent_mondrian,2,2421,0.9182156133828996,0.9491945477075588,0.9491945477075588,0.44928832787198286,0,,,0,
100,8,independent_mondrian,3,2421,0.889301941346551,1.0194134655101197,1.0194134655101197,0.5102537296654542,0,,,0,
100,8,independent_mondrian,4,2286,0.8797025371828522,0.9623797025371829,0.9623797025371829,0.5575943825258524,0,,,0,
100,8,ordinal_cluster,0,485,0.9072164948453608,0.9072164948453608,0.9072164948453608,0.3134606792610648,0,,,0,
100,8,ordinal_cluster,1,2387,0.8651026392961877,0.8730624214495182,0.8730624214495182,0.3428619837255292,0,,,0,
100,8,ordinal_cluster,2,2421,0.9000413052457662,0.9301941346551011,0.9301941346551011,0.424208962266615,0,,,0,
100,8,ordinal_cluster,3,2421,0.8810408921933085,0.9917389508467576,0.9917389508467576,0.5030860105498773,0,,,0,
100,8,ordinal_cluster,4,2286,0.8613298337707787,0.9422572178477691,0.9422572178477691,0.5305658906847716,0,,,0,
100,8,linear_structured_final_mondrian,0,485,0.8886597938144329,0.8886597938144329,0.8886597938144329,0.29841196691425315,0,0.2775068782653738,0.020905088648879355,0,50
100,8,linear_structured_final_mondrian,1,2387,0.880184331797235,0.8948470883954754,0.8948470883954754,0.3568568056402139,0,0.34250687826537374,0.014349927374840143,0,50
100,8,linear_structured_final_mondrian,2,2421,0.9409334985543164,0.9954564229657167,0.9954564229657167,0.48672618823478336,0,0.4075068782653737,0.07921930996940968,0,50
100,8,linear_structured_final_mondrian,3,2421,0.9281288723667905,1.0673275505989261,1.0673275505989261,0.5761862647890601,0,0.47250687826537363,0.10367938652368647,0,50
100,8,linear_structured_final_mondrian,4,2286,0.8797025371828522,0.9938757655293088,0.9938757655293088,0.5575943825258524,0,0.5375068782653736,0.020087504260478783,0,50
100,9,independent_mondrian,0,507,0.8777120315581854,0.8777120315581854,0.8777120315581854,0.2818329053722858,0,,,0,
100,9,independent_mondrian,1,2418,0.8924731182795699,0.9069478908188585,0.9069478908188585,0.35515810133177783,0,,,0,
100,9,independent_mondrian,2,2398,0.926605504587156,0.9833194328607172,0.9833194328607172,0.5021306689118815,0,,,0,
100,9,independent_mondrian,3,2333,0.921988855550793,1.037719674239177,1.037719674239177,0.5436932522863612,0,,,0,
100,9,independent_mondrian,4,2344,0.8613481228668942,0.962457337883959,0.962457337883959,0.528257886895311,0,,,0,
100,9,ordinal_cluster,0,507,0.9349112426035503,0.9368836291913215,0.9368836291913215,0.32647904258652094,0,,,0,
100,9,ordinal_cluster,1,2418,0.9160463192721258,0.9296939619520265,0.9296939619520265,0.38485201067324304,0,,,0,
100,9,ordinal_cluster,2,2398,0.9132610508757297,0.9683069224353628,0.9683069224353628,0.47323863009823025,0,,,0,
100,9,ordinal_cluster,3,2333,0.9087012430347192,1.0167166738105444,1.0167166738105444,0.520411634853424,0,,,0,
100,9,ordinal_cluster,4,2344,0.8613481228668942,0.9505119453924915,0.9505119453924915,0.528257886895311,0,,,0,
100,9,linear_structured_final_mondrian,0,507,0.9526627218934911,0.9546351084812623,0.9546351084812623,0.3431178485616895,0,0.27291163485342396,0.07020621370826552,0,50
100,9,linear_structured_final_mondrian,1,2418,0.912737799834574,0.9330024813895782,0.9330024813895782,0.3795763452119858,0,0.355411634853424,0.024164710358561825,0,50
100,9,linear_structured_final_mondrian,2,2398,0.9382819015846539,0.9833194328607172,0.9833194328607172,0.5278195021105954,0,0.437911634853424,0.08990786725717137,0,50
100,9,linear_structured_final_mondrian,3,2333,0.876553793399057,1.1598799828546935,1.1598799828546935,0.478172194208013,0,0.520411634853424,-0.04223944064541102,0,50
100,9,linear_structured_final_mondrian,4,2344,0.962457337883959,1.0349829351535835,1.0349829351535835,0.7521881731695415,0,0.602911634853424,0.14927653831611742,0,50
100,10,independent_mondrian,0,492,0.8678861788617886,0.8678861788617886,0.8678861788617886,0.27963686224314166,0,,,0,
100,10,independent_mondrian,1,2418,0.9098428453267163,0.923490488006617,0.923490488006617,0.3765945803861791,0,,,0,
100,10,independent_mondrian,2,2372,0.9123102866779089,0.9991568296795953,0.9991568296795953,0.4813002588838758,0,,,0,
100,10,independent_mondrian,3,2412,0.9419568822553898,1.1264510779436152,1.1264510779436152,0.5836018803343297,0,,,0,
100,10,independent_mondrian,4,2306,0.9340849956634866,1.0498699045967042,1.0498699045967042,0.6538476910300078,0,,,0,
100,10,ordinal_cluster,0,492,0.9105691056910569,0.9105691056910569,0.9105691056910569,0.3146852111499964,0,,,0,
100,10,ordinal_cluster,1,2418,0.9081885856079405,0.9222497932175352,0.9222497932175352,0.3724140955786069,0,,,0,
100,10,ordinal_cluster,2,2372,0.9207419898819561,1.0008431703204048,1.0008431703204048,0.4923284665202994,0,,,0,
100,10,ordinal_cluster,3,2412,0.9365671641791045,1.086235489220564,1.086235489220564,0.5706301506104775,0,,,0,
100,10,ordinal_cluster,4,2306,0.9041630529054641,1.0143104943625325,1.0143104943625325,0.594793959998828,0,,,0,
100,10,linear_structured_final_mondrian,0,492,0.8983739837398373,0.8983739837398373,0.8983739837398373,0.30584616269078424,0,0.2527608527930013,0.05308530989778293,0,50
100,10,linear_structured_final_mondrian,1,2418,0.9156327543424317,0.9325889164598842,0.9325889164598842,0.38449475522321513,0,0.3477608527930013,0.03673390243021385,0,50
100,10,linear_structured_final_mondrian,2,2372,0.9312816188870152,1.0838954468802697,1.0838954468802697,0.5116120506660061,0,0.44276085279300126,0.06885119787300487,0,50
100,10,linear_structured_final_mondrian,3,2412,0.9771973466003316,1.1297678275290215,1.1297678275290215,0.6947959051454546,0,0.5377608527930012,0.1570350523524534,0,50
100,10,linear_structured_final_mondrian,4,2306,0.9006938421509106,1.088031222896791,1.088031222896791,0.5884198423507481,0,0.6327608527930012,-0.04434101044225314,0,50
100,11,independent_mondrian,0,481,0.893970893970894,0.893970893970894,0.893970893970894,0.29175830578538936,0,,,0,
100,11,independent_mondrian,1,2465,0.8888438133874239,0.8977687626774847,0.8977687626774847,0.36197656660590727,0,,,0,
100,11,independent_mondrian,2,2332,0.9206689536878216,0.9922813036020584,0.9922813036020584,0.47729736915583215,0,,,0,
100,11,independent_mondrian,3,2342,0.9393680614859095,1.073868488471392,1.073868488471392,0.5958650704826537,0,,,0,
100,11,independent_mondrian,4,2380,0.8819327731092437,1.0134453781512605,1.0134453781512605,0.5766544725462178,0,,,0,
100,11,ordinal_cluster,0,481,0.9501039501039501,0.9501039501039501,0.9501039501039501,0.33467386771412977,0,,,0,
100,11,ordinal_cluster,1,2465,0.896551724137931,0.9054766734279919,0.9054766734279919,0.3679400309076913,0,,,0,
100,11,ordinal_cluster,2,2332,0.9138078902229846,0.9716981132075472,0.9716981132075472,0.4614861077311734,0,,,0,
100,11,ordinal_cluster,3,2342,0.9205807002561913,1.051665243381725,1.051665243381725,0.5555926938509949,0,,,0,
100,11,ordinal_cluster,4,2380,0.8819327731092437,0.992436974789916,0.992436974789916,0.5766544725462178,0,,,0,
100,11,linear_structured_final_mondrian,0,481,0.893970893970894,0.893970893970894,0.893970893970894,0.29175830578538936,0,0.30148610773117324,-0.009727801945783876,0,50
100,11,linear_structured_final_mondrian,1,2465,0.8880324543610547,0.8933062880324544,0.8933062880324544,0.3616402606876489,0,0.3814861077311733,-0.019845847043524434,0,50
100,11,linear_structured_final_mondrian,2,2332,0.902229845626072,0.9909948542024014,0.9909948542024014,0.4374690800297518,0,0.4614861077311734,-0.024017027701421556,0,50
100,11,linear_structured_final_mondrian,3,2342,0.9487617421007686,1.073868488471392,1.073868488471392,0.6230086122278,0,0.5414861077311734,0.08152250449662657,0,50
100,11,linear_structured_final_mondrian,4,2380,0.880672268907563,1.0281512605042016,1.0281512605042016,0.5751373145379001,0,0.6214861077311735,-0.04634879319327345,0,50
100,12,independent_mondrian,0,504,0.9087301587301587,0.9087301587301587,0.9087301587301587,0.31357455641347304,0,,,0,
100,12,independent_mondrian,1,2377,0.9082877576777451,0.9204880100967606,0.9204880100967606,0.3751983164876897,0,,,0,
100,12,independent_mondrian,2,2322,0.9306632213608957,0.959086993970715,0.959086993970715,0.4857132847490199,0,,,0,
100,12,independent_mondrian,3,2464,0.8380681818181818,1.0024350649350648,1.0024350649350648,0.44306243893056063,0,,,0,
100,12,independent_mondrian,4,2333,0.9177025289327047,0.9867123874839263,0.9867123874839263,0.6190104526110131,0,,,0,
100,12,ordinal_cluster,0,504,0.9226190476190477,0.9226190476190477,0.9226190476190477,0.3314065419311247,0,,,0,
100,12,ordinal_cluster,1,2377,0.9280605805637357,0.9343710559528818,0.9343710559528818,0.40103329312353886,0,,,0,
100,12,ordinal_cluster,2,2322,0.8910422049956934,0.9409991386735572,0.9409991386735572,0.42680170873094087,0,,,0,
100,12,ordinal_cluster,3,2464,0.900974025974026,1.0267857142857142,1.0267857142857142,0.5231080773812986,0,,,0,
100,12,ordinal_cluster,4,2333,0.8894127732533219,0.994856408058294,0.994856408058294,0.5708370849238903,0,,,0,
100,12,linear_structured_final_mondrian,0,504,0.9087301587301587,0.9087301587301587,0.9087301587301587,0.31357455641347304,0,0.3133261691315494,0.00024838728192361215,0,50
100,12,linear_structured_final_mondrian,1,2377,0.8161548169962137,0.8308792595708877,0.8308792595708877,0.3004358251090703,0,0.38582616913154943,-0.08539034402247914,0,50
100,12,linear_structured_final_mondrian,2,2322,0.9444444444444444,0.9633936261843239,0.9633936261843239,0.5162469688946165,0,0.45832616913154944,0.05792079976306708,0,50
100,12,linear_structured_final_mondrian,3,2464,0.8031655844155844,0.9797077922077922,0.9797077922077922,0.4091443641761857,0,0.5308261691315495,-0.12168180495536374,0,50
100,12,linear_structured_final_mondrian,4,2333,0.9177025289327047,0.9734247749678525,0.9734247749678525,0.6190104526110131,0,0.6033261691315495,0.0156842834794636,0,50
100,13,independent_mondrian,0,517,0.8820116054158608,0.8820116054158608,0.8820116054158608,0.2898246343991637,0,,,0,
100,13,independent_mondrian,1,2354,0.9095157179269329,0.913338997451147,0.913338997451147,0.3775892180285056,0,,,0,
100,13,independent_mondrian,2,2340,0.8653846153846154,0.9414529914529914,0.9414529914529914,0.40793143303216656,0,,,0,
100,13,independent_mondrian,3,2359,0.9385332768122086,1.1097922848664687,1.1097922848664687,0.5906550218982813,0,,,0,
100,13,independent_mondrian,4,2430,0.9288065843621399,1.051440329218107,1.051440329218107,0.6643541995364636,0,,,0,
100,13,ordinal_cluster,0,517,0.9381044487427466,0.9381044487427466,0.9381044487427466,0.34856312964512354,0,,,0,
100,13,ordinal_cluster,1,2354,0.9010195412064571,0.9099405267629567,0.9099405267629567,0.36913157051965095,0,,,0,
100,13,ordinal_cluster,2,2340,0.8901709401709401,0.9504273504273504,0.9504273504273504,0.4433512566993152,0,,,0,
100,13,ordinal_cluster,3,2359,0.9181856718948707,1.0644340822382365,1.0644340822382365,0.5442078817551095,0,,,0,
100,13,ordinal_cluster,4,2430,0.9082304526748971,1.008230452674897,1.008230452674897,0.617724879441941,0,,,0,
100,13,linear_structured_final_mondrian,0,517,0.8878143133462283,0.8878143133462283,0.8878143133462283,0.2975606808894534,0,0.2722783978720812,0.02528228301737223,0,50
100,13,linear_structured_final_mondrian,1,2354,0.9290569243840272,0.9337298215802888,0.9337298215802888,0.40611586471145117,0,0.3697783978720811,0.03633746683937006,0,50
100,13,linear_structured_final_mondrian,2,2340,0.8653846153846154,0.9452991452991453,0.9452991452991453,0.40793143303216656,0,0.46727839787208103,-0.05934696483991447,0,50
100,13,linear_structured_final_mondrian,3,2359,0.937261551504875,1.112335735481136,1.112335735481136,0.5880507538986549,0,0.564778397872081,0.02327235602657396,0,50
100,13,linear_structured_final_mondrian,4,2430,0.9292181069958848,1.051028806584362,1.051028806584362,0.6683757833438748,0,0.6622783978720809,0.006097385471793948,0,50
100,14,independent_mondrian,0,521,0.8963531669865643,0.8982725527831094,0.8982725527831094,0.28779446479069587,0,,,0,
100,14,independent_mondrian,1,2387,0.9354838709677419,0.9405111018014244,0.9405111018014244,0.42120900655469606,0,,,0,
100,14,independent_mondrian,2,2251,0.8867170146601511,0.9324744557974234,0.9324744557974234,0.4315547742886485,0,,,0,
100,14,independent_mondrian,3,2396,0.8697829716193656,1.0254590984974958,1.0254590984974958,0.48188025152375513,0,,,0,
100,14,independent_mondrian,4,2445,0.9112474437627812,0.9856850715746421,0.9856850715746421,0.6252438279770853,0,,,0,
100,14,ordinal_cluster,0,521,0.9654510556621881,0.9673704414587332,0.9673704414587332,0.3711392512101454,0,,,0,
100,14,ordinal_cluster,1,2387,0.9132802681189778,0.922077922077922,0.922077922077922,0.3940632150579519,0,,,0,
100,14,ordinal_cluster,2,2251,0.8987116836961351,0.9475788538427365,0.9475788538427365,0.44461104661045264,0,,,0,
100,14,ordinal_cluster,3,2396,0.8906510851419032,1.0091819699499165,1.0091819699499165,0.510247439255926,0,,,0,
100,14,ordinal_cluster,4,2445,0.8629856850715747,0.9505112474437628,0.9505112474437628,0.5451788354473869,0,,,0,
100,14,linear_structured_final_mondrian,0,521,0.8963531669865643,0.8982725527831094,0.8982725527831094,0.28779446479069587,0,0.3139611647838275,-0.026166699993131648,0,50
100,14,linear_structured_final_mondrian,1,2387,0.9229157938835358,0.9279430247172182,0.9279430247172182,0.40426285269009066,0,0.40146116478382743,0.0028016879062632283,0,50
100,14,linear_structured_final_mondrian,2,2251,0.8867170146601511,0.9240337627721013,0.9240337627721013,0.4315547742886485,0,0.48896116478382734,-0.057406390495178816,0,50
100,14,linear_structured_final_mondrian,3,2396,0.8430717863105175,0.9745409015025042,0.9745409015025042,0.4540940864034659,0,0.5764611647838273,-0.12236707838036137,0,50
100,14,linear_structured_final_mondrian,4,2445,0.8850715746421268,0.9476482617586912,0.9476482617586912,0.582302932369683,0,0.6639611647838272,-0.08165823241414416,0,50
100,15,independent_mondrian,0,452,0.8230088495575221,0.8230088495575221,0.8230088495575221,0.24416549953037991,0,,,0,
100,15,independent_mondrian,1,2373,0.809102402022756,0.8183733670459334,0.8183733670459334,0.29287445484203856,0,,,0,
100,15,independent_mondrian,2,2353,0.9269018274543136,0.9634509137271569,0.9634509137271569,0.4981589049128825,0,,,0,
100,15,independent_mondrian,3,2451,0.8984088127294981,0.9983680130558955,0.9983680130558955,0.5074066223807437,0,,,0,
100,15,independent_mondrian,4,2371,0.8114719527625475,0.9097427245887811,0.9097427245887811,0.4783816835984372,0,,,0,
100,15,ordinal_cluster,0,452,0.8672566371681416,0.8672566371681416,0.8672566371681416,0.2700166625598264,0,,,0,
100,15,ordinal_cluster,1,2373,0.8900126422250316,0.8963337547408344,0.8963337547408344,0.3493085528212691,0,,,0,
100,15,ordinal_cluster,2,2353,0.9014024649383765,0.9396515087122822,0.9396515087122822,0.4577141786858191,0,,,0,
100,15,ordinal_cluster,3,2451,0.8841289269685843,0.9718482252141983,0.9718482252141983,0.48893131122145617,0,,,0,
100,15,ordinal_cluster,4,2371,0.8207507380851962,0.9126950653732602,0.9126950653732602,0.48893131122145617,0,,,0,
100,15,linear_structured_final_mondrian,0,452,0.7920353982300885,0.7920353982300885,0.7920353982300885,0.22835849640768413,0,0.2567709045491801,-0.02841240814149598,0,50
100,15,linear_structured_final_mondrian,1,2373,0.8390223345975558,0.8584070796460177,0.8584070796460177,0.3104195632252963,0,0.33177090454918007,-0.021351341323883777,0,50
100,15,linear_structured_final_mondrian,2,2353,0.9579260518487038,1.0225244368890778,1.0225244368890778,0.5627237260693774,0,0.40677090454918,0.15595282152019735,0,50
100,15,linear_structured_final_mondrian,3,2451,0.9330885352917176,1.0636474908200735,1.0636474908200735,0.5724579354778132,0,0.48177090454918,0.09068703092863323,0,50
100,15,linear_structured_final_mondrian,4,2371,0.8207507380851962,0.948544917756221,0.948544917756221,0.48893131122145617,0,0.55677090454918,-0.06783959332772382,0,50
100,16,independent_mondrian,0,539,0.9239332096474954,0.9239332096474954,0.9239332096474954,0.3186522743922128,0,,,0,
100,16,independent_mondrian,1,2282,0.8321647677475899,0.8453111305872042,0.8453111305872042,0.31761508259913435,0,,,0,
100,16,independent_mondrian,2,2359,0.8783382789317508,0.9342941924544298,0.9342941924544298,0.4183291652370329,0,,,0,
100,16,independent_mondrian,3,2474,0.9191592562651576,1.0226354082457558,1.0226354082457558,0.5544345507715767,0,,,0,
100,16,independent_mondrian,4,2346,0.8601875532821824,0.9620630861040068,0.9620630861040068,0.5300834863620805,0,,,0,
100,16,ordinal_cluster,0,539,0.9239332096474954,0.9239332096474954,0.9239332096474954,0.3179642726673682,0,,,0,
100,16,ordinal_cluster,1,2282,0.8764241893076249,0.8895705521472392,0.8895705521472392,0.3587092330064286,0,,,0,
100,16,ordinal_cluster,2,2359,0.8817295464179737,0.9147944044086477,0.9147944044086477,0.4227811881100951,0,,,0,
100,16,ordinal_cluster,3,2474,0.8621665319320938,0.9741309620048505,0.9741309620048505,0.47493270246719604,0,,,0,
100,16,ordinal_cluster,4,2346,0.8699914748508099,0.9364876385336743,0.9364876385336743,0.5446660915124856,0,,,0,
100,16,linear_structured_final_mondrian,0,539,0.9294990723562152,0.9294990723562152,0.9294990723562152,0.3242843140782791,0,0.3114182509417002,0.012866063136578898,0,50
100,16,linear_structured_final_mondrian,1,2282,0.8242769500438212,0.8422436459246275,0.8422436459246275,0.31270042488093835,0,0.3489182509417003,-0.03621782606076196,0,50
100,16,linear_structured_final_mondrian,2,2359,0.9215769393810936,0.9775328529037728,0.9775328529037728,0.46853410411451224,0,0.3864182509417004,0.08211585317281184,0,50
100,16,linear_structured_final_mondrian,3,2474,0.9191592562651576,1.1257073565076798,1.1257073565076798,0.5544345507715767,0,0.4239182509417005,0.13051629982987617,0,50
100,16,linear_structured_final_mondrian,4,2346,0.9369138959931799,1.0392156862745099,1.0392156862745099,0.6740377231827476,0,0.4614182509417006,0.212619472241047,0,50
100,17,independent_mondrian,0,464,0.853448275862069,0.853448275862069,0.853448275862069,0.2697292277454213,0,,,0,
100,17,independent_mondrian,1,2429,0.9127212844792095,0.9180732811856731,0.9180732811856731,0.3794987945062222,0,,,0,
100,17,independent_mondrian,2,2387,0.8952660242982824,0.9447004608294931,0.9447004608294931,0.4429329091099072,0,,,0,
100,17,independent_mondrian,3,2385,0.919916142557652,1.0763102725366875,1.0763102725366875,0.5311255514721211,0,,,0,
100,17,independent_mondrian,4,2335,0.9323340471092078,1.03982869379015,1.03982869379015,0.6534132408758758,0,,,0,
100,17,ordinal_cluster,0,464,0.9525862068965517,0.9525862068965517,0.9525862068965517,0.3418191278799686,0,,,0,
100,17,ordinal_cluster,1,2429,0.8946068340881022,0.901605599011939,0.901605599011939,0.36083696961120354,0,,,0,
100,17,ordinal_cluster,2,2387,0.9049015500628403,0.9505655634687893,0.9505655634687893,0.4550647852261738,0,,,0,
100,17,ordinal_cluster,3,2385,0.9073375262054507,1.0348008385744234,1.0348008385744234,0.5185366003041402,0,,,0,
100,17,ordinal_cluster,4,2335,0.9066381156316916,1.0077087794432549,1.0077087794432549,0.5979706930514745,0,,,0,
100,17,linear_structured_final_mondrian,0,464,0.8836206896551724,0.8836206896551724,0.8836206896551724,0.29109885983131045,0,0.2843054120317833,0.006793447799527175,0,50
100,17,linear_structured_final_mondrian,1,2429,0.914368052696583,0.9221902017291066,0.9221902017291066,0.3807494147496236,0,0.3568054120317833,0.023944002717840307,0,50
100,17,linear_structured_final_mondrian,2,2387,0.9128613322161709,0.9551738583996648,0.9551738583996648,0.4656214272160053,0,0.4293054120317833,0.036316015184222006,0,50
100,17,linear_structured_final_mondrian,3,2385,0.89979035639413,1.0746331236897275,1.0746331236897275,0.49584842221798453,0,0.5018054120317833,-0.005956989813798774,0,50
100,17,linear_structured_final_mondrian,4,2335,0.9366167023554604,1.0261241970021413,1.0261241970021413,0.6678065854822937,0,0.5743054120317833,0.09350117345051034,0,50
100,18,independent_mondrian,0,526,0.876425855513308,0.876425855513308,0.876425855513308,0.28067517452100743,0,,,0,
100,18,independent_mondrian,1,2325,0.9286021505376344,0.9535483870967741,0.9535483870967741,0.4015415130433433,0,,,0,
100,18,independent_mondrian,2,2390,0.9652719665271966,0.999581589958159,0.999581589958159,0.5678289554382283,0,,,0,
100,18,independent_mondrian,3,2352,0.8452380952380952,1.0637755102040816,1.0637755102040816,0.45144503326839935,0,,,0,
100,18,independent_mondrian,4,2407,0.9181553801412546,0.987120897382634,0.987120897382634,0.6363016416055577,0,,,0,
100,18,ordinal_cluster,0,526,0.9296577946768061,0.9315589353612167,0.9315589353612167,0.34098239770228317,0,,,0,
100,18,ordinal_cluster,1,2325,0.9376344086021505,0.9453763440860216,0.9453763440860216,0.41451011862189974,0,,,0,
100,18,ordinal_cluster,2,2390,0.898326359832636,0.9698744769874477,0.9698744769874477,0.45144503326839935,0,,,0,
100,18,ordinal_cluster,3,2352,0.9226190476190477,1.0429421768707483,1.0429421768707483,0.5531757957649157,0,,,0,
100,18,ordinal_cluster,4,2407,0.8691316992106356,0.9833818030743664,0.9833818030743664,0.5531757957649157,0,,,0,
100,18,linear_structured_final_mondrian,0,526,0.8098859315589354,0.8098859315589354,0.8098859315589354,0.24521716824775916,0,0.2822770330668045,-0.03705986481904536,0,50
100,18,linear_structured_final_mondrian,1,2325,0.9165591397849462,0.9591397849462365,0.9591397849462365,0.3858404140146935,0,0.3597770330668044,0.02606338094788907,0,50
100,18,linear_structured_final_mondrian,2,2390,0.9820083682008368,1.0133891213389121,1.0133891213389121,0.628587546452864,0,0.4372770330668043,0.19131051338605964,0,50
100,18,linear_structured_final_mondrian,3,2352,0.8452380952380952,1.0786564625850341,1.0786564625850341,0.45144503326839935,0,0.5147770330668042,-0.06333199979840487,0,50
100,18,linear_structured_final_mondrian,4,2407,0.9056917324470295,0.9746572496884088,0.9746572496884088,0.6126360395109035,0,0.5922770330668041,0.02035900644409938,0,50
100,19,independent_mondrian,0,530,0.8811320754716981,0.8811320754716981,0.8811320754716981,0.29070666788280425,0,,,0,
100,19,independent_mondrian,1,2394,0.934001670843776,0.9431913116123642,0.9431913116123642,0.4084392535953372,0,,,0,
100,19,independent_mondrian,2,2320,0.9012931034482758,0.9426724137931034,0.9426724137931034,0.4341282272191615,0,,,0,
100,19,independent_mondrian,3,2357,0.8913873568095037,1.078489605430632,1.078489605430632,0.5022921126590101,0,,,0,
100,19,independent_mondrian,4,2399,0.9374739474781159,1.023759899958316,1.023759899958316,0.6711499889318143,0,,,0,
100,19,ordinal_cluster,0,530,0.9490566037735849,0.9490566037735849,0.9490566037735849,0.34518540615274923,0,,,0,
100,19,ordinal_cluster,1,2394,0.9197994987468672,0.931077694235589,0.931077694235589,0.38859995549987125,0,,,0,
100,19,ordinal_cluster,2,2320,0.915948275862069,0.9650862068965518,0.9650862068965518,0.456569200308179,0,,,0,
100,19,ordinal_cluster,3,2357,0.9096308867204073,1.03097157403479,1.03097157403479,0.5345211618353564,0,,,0,
100,19,ordinal_cluster,4,2399,0.8749478949562317,0.9758232596915382,0.9758232596915382,0.5665770236785479,0,,,0,
100,19,linear_structured_final_mondrian,0,530,0.8056603773584906,0.8056603773584906,0.8056603773584906,0.24433876131383628,0,0.289460735035713,-0.045121973721876735,0,50
100,19,linear_structured_final_mondrian,1,2394,0.9569757727652465,0.9632414369256475,0.9632414369256475,0.45849119124431903,0,0.3894607350357131,0.06903045620860593,0,50
100,19,linear_structured_final_mondrian,2,2320,0.881896551724138,0.9280172413793103,0.9280172413793103,0.4139435807611298,0,0.4894607350357132,-0.07551715427458339,0,50
100,19,linear_structured_final_mondrian,3,2357,0.8841747984726347,0.9949087823504454,0.9949087823504454,0.4937175768590568,0,0.5894607350357133,-0.09574315817665646,0,50
100,19,linear_structured_final_mondrian,4,2399,0.8749478949562317,0.9566486035848271,0.9566486035848271,0.5665770236785479,0,0.6894607350357134,-0.12288371135716547,0,50
100,20,independent_mondrian,0,477,0.8951781970649895,0.8951781970649895,0.8951781970649895,0.30028804800893744,0,,,0,
100,20,independent_mondrian,1,2343,0.8753734528382415,0.8860435339308579,0.8860435339308579,0.3477383751083848,0,,,0,
100,20,independent_mondrian,2,2413,0.905511811023622,0.9386655615416494,0.9386655615416494,0.45748884865251843,0,,,0,
100,20,independent_mondrian,3,2395,0.8617954070981211,0.9657620041753654,0.9657620041753654,0.4607594183356838,0,,,0,
100,20,independent_mondrian,4,2372,0.856239460370995,0.9215851602023609,0.9215851602023609,0.5186618628660185,0,,,0,
100,20,ordinal_cluster,0,477,0.9161425576519916,0.9161425576519916,0.9161425576519916,0.3234539702086791,0,,,0,
100,20,ordinal_cluster,1,2343,0.8967136150234741,0.9035424669227486,0.9035424669227486,0.37238130205172193,0,,,0,
100,20,ordinal_cluster,2,2413,0.8798176543721509,0.918773311230833,0.918773311230833,0.42356290861404733,0,,,0,
100,20,ordinal_cluster,3,2395,0.872651356993737,0.9549060542797495,0.9549060542797495,0.47560259724753706,0,,,0,
100,20,ordinal_cluster,4,2372,0.8288364249578415,0.9017706576728499,0.9017706576728499,0.48284654866462967,0,,,0,
100,20,linear_structured_final_mondrian,0,477,0.8951781970649895,0.8951781970649895,0.8951781970649895,0.30028804800893744,0,0.2794658912141985,0.020822156794738922,0,50
100,20,linear_structured_final_mondrian,1,2343,0.8792146820315835,0.8924455825864277,0.8924455825864277,0.35287389455386575,0,0.3419658912141985,0.010908003339667238,0,50
100,20,linear_structured_final_mondrian,2,2413,0.9299627020306672,0.9635308744301699,0.9635308744301699,0.4952318452263678,0,0.4044658912141985,0.0907659540121693,0,50
100,20,linear_structured_final_mondrian,3,2395,0.8617954070981211,0.9678496868475992,0.9678496868475992,0.4607594183356838,0,0.4669658912141985,-0.006206472878514724,0,50
100,20,linear_structured_final_mondrian,4,2372,0.842327150084317,0.907672849915683,0.907672849915683,0.4967828880042051,0,0.5294658912141985,-0.0326830032099934,0,50
100,21,independent_mondrian,0,523,0.8967495219885278,0.8967495219885278,0.8967495219885278,0.29500714288910795,0,,,0,
100,21,independent_mondrian,1,2364,0.866751269035533,0.8862098138747885,0.8862098138747885,0.3444368397212318,0,,,0,
100,21,independent_mondrian,2,2335,0.9533190578158458,0.9948608137044967,0.9948608137044967,0.528962493701612,0,,,0,
100,21,independent_mondrian,3,2404,0.8814475873544093,1.0449251247920133,1.0449251247920133,0.5035316926506068,0,,,0,
100,21,independent_mondrian,4,2374,0.8660488626790227,0.9540859309182814,0.9540859309182814,0.5663505336626559,0,,,0,
100,21,ordinal_cluster,0,523,0.9082217973231358,0.9101338432122371,0.9101338432122371,0.3107846883275931,0,,,0,
100,21,ordinal_cluster,1,2364,0.9111675126903553,0.9242808798646363,0.9242808798646363,0.387203490410479,0,,,0,
100,21,ordinal_cluster,2,2335,0.9276231263383298,0.9811563169164882,0.9811563169164882,0.48175312806072174,0,,,0,
100,21,ordinal_cluster,3,2404,0.9118136439267887,1.0490848585690515,1.0490848585690515,0.5421807635850551,0,,,0,
100,21,ordinal_cluster,4,2374,0.8525695029486099,0.9549283909014322,0.9549283909014322,0.5470626800800584,0,,,0,
100,21,linear_structured_final_mondrian,0,523,0.9082217973231358,0.9101338432122371,0.9101338432122371,0.3115473909023649,0,0.29132088954496743,0.020226501357397453,0,50
100,21,linear_structured_final_mondrian,1,2364,0.9111675126903553,0.9263959390862944,0.9263959390862944,0.387203490410479,0,0.3813208895449675,0.005882600865511511,0,50
100,21,linear_structured_final_mondrian,2,2335,0.9383297644539614,0.9815845824411135,0.9815845824411135,0.5018438687824991,0,0.4713208895449676,0.0305229792375315,0,50
100,21,linear_structured_final_mondrian,3,2404,0.8777038269550749,0.9920965058236273,0.9920965058236273,0.49914474923793806,0,0.5613208895449677,-0.06217614030702967,0,50
100,21,linear_structured_final_mondrian,4,2374,0.7898062342038753,0.8753159224936815,0.8753159224936815,0.4754118425602694,0,0.6513208895449678,-0.1759090469846984,0,50
100,22,independent_mondrian,0,489,0.9161554192229039,0.918200408997955,0.918200408997955,0.30429201560296376,0,,,0,
100,22,independent_mondrian,1,2375,0.9246315789473685,0.9322105263157895,0.9322105263157895,0.3930202401144443,0,,,0,
100,22,independent_mondrian,2,2350,0.9170212765957447,0.9957446808510638,0.9957446808510638,0.47599144497419865,0,,,0,
100,22,independent_mondrian,3,2382,0.9374475230898405,1.0533165407220824,1.0533165407220824,0.5950686366275372,0,,,0,
100,22,independent_mondrian,4,2404,0.8801996672212978,0.9995840266222962,0.9995840266222962,0.5429331697191399,0,,,0,
100,22,ordinal_cluster,0,489,0.9284253578732107,0.9325153374233128,0.9325153374233128,0.32248505675491473,0,,,0,
100,22,ordinal_cluster,1,2375,0.9292631578947368,0.9385263157894737,0.9385263157894737,0.4013436995092865,0,,,0,
100,22,ordinal_cluster,2,2350,0.9263829787234042,0.9825531914893617,0.9825531914893617,0.4927664193697713,0,,,0,
100,22,ordinal_cluster,3,2382,0.9089000839630562,1.0323257766582703,1.0323257766582703,0.5277451339666785,0,,,0,
100,22,ordinal_cluster,4,2404,0.8826955074875208,0.9692179700499168,0.9692179700499168,0.5493892727996859,0,,,0,
100,22,linear_structured_final_mondrian,0,489,0.9284253578732107,0.9366053169734151,0.9366053169734151,0.32248505675491473,0,0.309760074199393,0.012724982555521736,0,50
100,22,linear_structured_final_mondrian,1,2375,0.9726315789473684,0.9806315789473684,0.9806315789473684,0.485721252769211,0,0.36976007419939305,0.11596117856981797,0,50
100,22,linear_structured_final_mondrian,2,2350,0.9170212765957447,1.044255319148936,1.044255319148936,0.47599144497419865,0,0.4297600741993931,0.04623137077480555,0,50
100,22,linear_structured_final_mondrian,3,2382,0.961376994122586,1.0797649034424852,1.0797649034424852,0.6483380406664956,0,0.48976007419939316,0.15857796646710243,0,50
100,22,linear_structured_final_mondrian,4,2404,0.8826955074875208,1.0370216306156406,1.0370216306156406,0.5480502927652254,0,0.5497600741993932,-0.0017097814341677786,0,50
100,23,independent_mondrian,0,511,0.898238747553816,0.898238747553816,0.898238747553816,0.3025592478698536,0,,,0,
100,23,independent_mondrian,1,2354,0.9422259983007647,0.9519966015293118,0.9519966015293118,0.42889803387256625,0,,,0,
100,23,independent_mondrian,2,2366,0.8867286559594252,0.9644970414201184,0.9644970414201184,0.4338695840997842,0,,,0,
100,23,independent_mondrian,3,2386,0.9413243922883487,1.049455155071249,1.049455155071249,0.5835344067933691,0,,,0,
100,23,independent_mondrian,4,2383,0.8711707931179186,1.0029374737725556,1.0029374737725556,0.5543714237317283,0,,,0,
100,23,ordinal_cluster,0,511,0.9334637964774951,0.9334637964774951,0.9334637964774951,0.3276086243672761,0,,,0,
100,23,ordinal_cluster,1,2354,0.923534409515718,0.9371282922684792,0.9371282922684792,0.399726698418383,0,,,0,
100,23,ordinal_cluster,2,2366,0.9349112426035503,0.9923922231614539,0.9923922231614539,0.49976907069313936,0,,,0,
100,23,ordinal_cluster,3,2386,0.9207879295892707,1.0666387259010897,1.0666387259010897,0.5498826996660056,0,,,0,
100,23,ordinal_cluster,4,2383,0.8858581619806966,0.9945446915652539,0.9945446915652539,0.5796153107601181,0,,,0,
100,23,linear_structured_final_mondrian,0,511,0.8336594911937377,0.837573385518591,0.837573385518591,0.26199661194408175,0,0.30988269966600535,-0.0478860877219236,0,50
100,23,linear_structured_final_mondrian,1,2354,0.9817332200509771,0.994052676295667,0.994052676295667,0.5291324399410297,0,0.3898826996660054,0.13924974027502424,0,50
100,23,linear_structured_final_mondrian,2,2366,0.9349112426035503,1.0169061707523246,1.0169061707523246,0.49976907069313936,0,0.4698826996660055,0.029886371027133873,0,50
100,23,linear_structured_final_mondrian,3,2386,0.902347024308466,1.019279128248114,1.019279128248114,0.5207206384765515,0,0.5498826996660056,-0.02916206118945408,0,50
100,23,linear_structured_final_mondrian,4,2383,0.8476710029374738,0.941670163659253,0.941670163659253,0.5265302876716111,0,0.6298826996660056,-0.10335241199439449,0,50
100,24,independent_mondrian,0,544,0.8988970588235294,0.8988970588235294,0.8988970588235294,0.2969566475501951,0,,,0,
100,24,independent_mondrian,1,2301,0.8961321164710995,0.903954802259887,0.903954802259887,0.35841386263187786,0,,,0,
100,24,independent_mondrian,2,2448,0.8660130718954249,0.9035947712418301,0.9035947712418301,0.40715393854141163,0,,,0,
100,24,independent_mondrian,3,2356,0.8607809847198642,0.9766553480475382,0.9766553480475382,0.481537385979125,0,,,0,
100,24,independent_mondrian,4,2351,0.8864313058273076,0.9566142067205444,0.9566142067205444,0.5659361248188101,0,,,0,
100,24,ordinal_cluster,0,544,0.9246323529411765,0.9246323529411765,0.9246323529411765,0.3286067252524518,0,,,0,
100,24,ordinal_cluster,1,2301,0.8987396784006954,0.9069969578444155,0.9069969578444155,0.36539171114582847,0,,,0,
100,24,ordinal_cluster,2,2448,0.8660130718954249,0.9040032679738562,0.9040032679738562,0.40715393854141163,0,,,0,
100,24,ordinal_cluster,3,2356,0.8599320882852292,0.9673174872665535,0.9673174872665535,0.48043561365044024,0,,,0,
100,24,ordinal_cluster,4,2351,0.8715440238196512,0.9417269247128881,0.9417269247128881,0.542133947809389,0,,,0,
100,24,linear_structured_final_mondrian,0,544,0.9669117647058824,0.9669117647058824,0.9669117647058824,0.3823904698833236,0,0.28475884959178005,0.09763162029154354,0,50
100,24,linear_structured_final_mondrian,1,2301,0.8661451542807475,0.8752716210343329,0.8752716210343329,0.3349449898152857,0,0.36975884959178,-0.034813859776494316,0,50
100,24,linear_structured_final_mondrian,2,2448,0.8660130718954249,0.8868464052287581,0.8868464052287581,0.4070325517304597,0,0.45475884959178,-0.047726297861320266,0,50
100,24,linear_structured_final_mondrian,3,2356,0.7843803056027164,0.8654499151103565,0.8654499151103565,0.4040740509381286,0,0.53975884959178,-0.1356847986536514,0,50
100,24,linear_structured_final_mondrian,4,2351,0.8281582305401957,0.8723947256486602,0.8723947256486602,0.4845621848913771,0,0.62475884959178,-0.14019666470040287,0,50
100,25,independent_mondrian,0,447,0.8814317673378076,0.8814317673378076,0.8814317673378076,0.28552639331781804,0,,,0,
100,25,independent_mondrian,1,2416,0.8965231788079471,0.9052152317880795,0.9052152317880795,0.3598157661846997,0,,,0,
100,25,independent_mondrian,2,2365,0.9183932346723045,0.961522198731501,0.961522198731501,0.48257828323494767,0,,,0,
100,25,independent_mondrian,3,2404,0.8872712146422629,1.0162229617304492,1.0162229617304492,0.49624953638091257,0,,,0,
100,25,independent_mondrian,4,2368,0.8826013513513513,0.9636824324324325,0.9636824324324325,0.5632108915193966,0,,,0,
100,25,ordinal_cluster,0,447,0.9440715883668904,0.9463087248322147,0.9463087248322147,0.3402593494366214,0,,,0,
100,25,ordinal_cluster,1,2416,0.9159768211920529,0.9230132450331126,0.9230132450331126,0.3804438409511792,0,,,0,
100,25,ordinal_cluster,2,2365,0.904862579281184,0.9517970401691332,0.9517970401691332,0.4614190602596673,0,,,0,
100,25,ordinal_cluster,3,2404,0.8901830282861897,1.004575707154742,1.004575707154742,0.5023882040903573,0,,,0,
100,25,ordinal_cluster,4,2368,0.8699324324324325,0.9535472972972973,0.9535472972972973,0.5430778386443272,0,,,0,
100,25,linear_structured_final_mondrian,0,447,0.9440715883668904,0.9440715883668904,0.9440715883668904,0.3402593494366214,0,0.25930547833585527,0.08095387110076613,0,50
100,25,linear_structured_final_mondrian,1,2416,0.8903145695364238,0.8990066225165563,0.8990066225165563,0.3528944253333443,0,0.35930547833585535,-0.006411053002511047,0,50
100,25,linear_structured_final_mondrian,2,2365,0.9175475687103594,0.9636363636363636,0.9636363636363636,0.479785204578194,0,0.45930547833585544,0.02047972624233857,0,50
100,25,linear_structured_final_mondrian,3,2404,0.8960066555740432,1.0162229617304492,1.0162229617304492,0.512351096640843,0,0.5593054783358555,-0.04695438169501254,0,50
100,25,linear_structured_final_mondrian,4,2368,0.8699324324324325,0.9581925675675675,0.9581925675675675,0.5430778386443272,0,0.6593054783358556,-0.11622763969152838,0,50
100,26,independent_mondrian,0,511,0.8845401174168297,0.8845401174168297,0.8845401174168297,0.2870836857076925,0,,,0,
100,26,independent_mondrian,1,2399,0.8666110879533139,0.8828678616090038,0.8828678616090038,0.35885592266541777,0,,,0,
100,26,independent_mondrian,2,2345,0.915138592750533,0.9697228144989339,0.9697228144989339,0.48866066411364084,0,,,0,
100,26,independent_mondrian,3,2345,0.9057569296375266,1.0852878464818763,1.0852878464818763,0.526813999382283,0,,,0,
100,26,independent_mondrian,4,2400,0.9216666666666666,1.0091666666666668,1.0091666666666668,0.6499251439580602,0,,,0,
100,26,ordinal_cluster,0,511,0.9373776908023483,0.9373776908023483,0.9373776908023483,0.3340498739021725,0,,,0,
100,26,ordinal_cluster,1,2399,0.8745310546060858,0.8874531054606086,0.8874531054606086,0.3666685388987232,0,,,0,
100,26,ordinal_cluster,2,2345,0.897228144989339,0.9522388059701492,0.9522388059701492,0.46099958287307347,0,,,0,
100,26,ordinal_cluster,3,2345,0.9057569296375266,1.0226012793176973,1.0226012793176973,0.526813999382283,0,,,0,
100,26,ordinal_cluster,4,2400,0.8620833333333333,0.9495833333333333,0.9495833333333333,0.5456573331476492,0,,,0,
100,26,linear_structured_final_mondrian,0,511,0.8864970645792564,0.8864970645792564,0.8864970645792564,0.293307626115129,0,0.2902668695404351,0.0030407565746938814,0,50
100,26,linear_structured_final_mondrian,1,2399,0.8641100458524386,0.8745310546060858,0.8745310546060858,0.3552152979738549,0,0.3852668695404351,-0.03005157156658017,0,50
100,26,linear_structured_final_mondrian,2,2345,0.8835820895522388,0.9142857142857143,0.9142857142857143,0.4425382653225869,0,0.48026686954043507,-0.03772860421784818,0,50
100,26,linear_structured_final_mondrian,3,2345,0.8366737739872068,1.001279317697228,1.001279317697228,0.4340505511667213,0,0.575266869540435,-0.14121631837371373,0,50
100,26,linear_structured_final_mondrian,4,2400,0.9216666666666666,0.9825,0.9825,0.6496575448842029,0,0.670266869540435,-0.02060932465623211,0,50
100,27,independent_mondrian,0,490,0.8795918367346939,0.8795918367346939,0.8795918367346939,0.28476236647230513,0,,,0,
100,27,independent_mondrian,1,2482,0.8875906526994359,0.90290088638195,0.90290088638195,0.36187445134807256,0,,,0,
100,27,independent_mondrian,2,2350,0.9472340425531914,1.0297872340425531,1.0297872340425531,0.49339633907924724,0,,,0,
100,27,independent_mondrian,3,2383,0.9534200587494754,1.0893831305077633,1.0893831305077633,0.6199563838491167,0,,,0,
100,27,independent_mondrian,4,2295,0.8723311546840958,1.0148148148148148,1.0148148148148148,0.5519746558592992,0,,,0,
100,27,ordinal_cluster,0,490,0.9469387755102041,0.9469387755102041,0.9469387755102041,0.34375155580381983,0,,,0,
100,27,ordinal_cluster,1,2482,0.9061240934730056,0.9246575342465754,0.9246575342465754,0.3876755805520164,0,,,0,
100,27,ordinal_cluster,2,2350,0.9561702127659575,1.0093617021276595,1.0093617021276595,0.5077002373151286,0,,,0,
100,27,ordinal_cluster,3,2383,0.9198489299202686,1.082668904741922,1.082668904741922,0.5513143615615084,0,,,0,
100,27,ordinal_cluster,4,2295,0.8980392156862745,1.0074074074074073,1.0074074074074073,0.5938854987741402,0,,,0,
100,27,linear_structured_final_mondrian,0,490,0.9530612244897959,0.9530612244897959,0.9530612244897959,0.35614644387546246,0,0.2588944512113902,0.09725199266407225,0,50
100,27,linear_structured_final_mondrian,1,2482,0.9242546333601934,0.9419822723609992,0.9419822723609992,0.41252442348532753,0,0.35639445121139013,0.0561299722739374,0,50
100,27,linear_structured_final_mondrian,2,2350,0.951063829787234,1.0497872340425531,1.0497872340425531,0.5011488709081702,0,0.45389445121139005,0.047254419696780126,0,50
100,27,linear_structured_final_mondrian,3,2383,0.9580360889634914,1.082668904741922,1.082668904741922,0.6365269069869324,0,0.55139445121139,0.0851324557755424,0,50
100,27,linear_structured_final_mondrian,4,2295,0.8440087145969499,0.9938997821350762,0.9938997821350762,0.5189784281828547,0,0.6488944512113899,-0.12991602302853522,0,50
100,28,independent_mondrian,0,521,0.8809980806142035,0.8809980806142035,0.8809980806142035,0.2824250370422844,0,,,0,
100,28,independent_mondrian,1,2381,0.876522469550609,0.8945821083578328,0.8945821083578328,0.3470503353328395,0,,,0,
100,28,independent_mondrian,2,2346,0.9582267689684569,1.0080988917306053,1.0080988917306053,0.5289089048304136,0,,,0,
100,28,independent_mondrian,3,2413,0.9013675922088686,1.06672192291753,1.06672192291753,0.5256601663878179,0,,,0,
100,28,independent_mondrian,4,2339,0.8837109876015391,0.9846088071825566,0.9846088071825566,0.569493992840113,0,,,0,
100,28,ordinal_cluster,0,521,0.9251439539347409,0.9251439539347409,0.9251439539347409,0.31720379859680337,0,,,0,
100,28,ordinal_cluster,1,2381,0.9210415791684167,0.9302813943721125,0.9302813943721125,0.39827315623794507,0,,,0,
100,28,ordinal_cluster,2,2346,0.9317988064791134,0.9859335038363172,0.9859335038363172,0.47781405279874184,0,,,0,
100,28,ordinal_cluster,3,2413,0.9013675922088686,1.0261085785329465,1.0261085785329465,0.5289089048304136,0,,,0,
100,28,ordinal_cluster,4,2339,0.864471996579735,0.9662248824283882,0.9662248824283882,0.5417650320946957,0,,,0,
100,28,linear_structured_final_mondrian,0,521,0.8925143953934741,0.8925143953934741,0.8925143953934741,0.292708412213805,0,0.28166546425721706,0.011042947956587945,0,50
100,28,linear_structured_final_mondrian,1,2381,0.8975220495590088,0.9332213355732886,0.9332213355732886,0.36613707195060347,0,0.35416546425721707,0.011971607693386399,0,50
100,28,linear_structured_final_mondrian,2,2346,0.9714407502131287,1.014066496163683,1.014066496163683,0.5896203042504382,0,0.4266654642572171,0.16295483999322113,0,50
100,28,linear_structured_final_mondrian,3,2413,0.8852051388313303,1.078740157480315,1.078740157480315,0.5047073013467203,0,0.4991654642572171,0.0055418370895031765,0,50
100,28,linear_structured_final_mondrian,4,2339,0.8892689183411714,0.9811885421120137,0.9811885421120137,0.5784507966576123,0,0.5716654642572171,0.00678533240039525,0,50
100,29,independent_mondrian,0,465,0.896774193548387,0.896774193548387,0.896774193548387,0.29998540687700714,0,,,0,
100,29,independent_mondrian,1,2380,0.9016806722689076,0.9105042016806723,0.9105042016806723,0.3641393449795237,0,,,0,
100,29,independent_mondrian,2,2364,0.9234348561759729,0.9856175972927242,0.9856175972927242,0.46449280623735273,0,,,0,
100,29,independent_mondrian,3,2383,0.9370541334452371,1.0805707091900965,1.0805707091900965,0.5838061955170784,0,,,0,
100,29,independent_mondrian,4,2408,0.8978405315614618,1.0286544850498338,1.0286544850498338,0.597554911408401,0,,,0,
100,29,ordinal_cluster,0,465,0.9290322580645162,0.9290322580645162,0.9290322580645162,0.33698531644303364,0,,,0,
100,29,ordinal_cluster,1,2380,0.907563025210084,0.9168067226890756,0.9168067226890756,0.36944909874211446,0,,,0,
100,29,ordinal_cluster,2,2364,0.9192047377326565,0.9602368866328257,0.9602368866328257,0.4561815969698216,0,,,0,
100,29,ordinal_cluster,3,2383,0.9051615610574906,1.0373478808224927,1.0373478808224927,0.5254891342639872,0,,,0,
100,29,ordinal_cluster,4,2408,0.8874584717607974,0.9904485049833887,0.9904485049833887,0.5838061955170784,0,,,0,
100,29,linear_structured_final_mondrian,0,465,0.8924731182795699,0.8924731182795699,0.8924731182795699,0.29911873432087394,0,0.29998540687700714,-0.0008666725561332078,0,50
100,29,linear_structured_final_mondrian,1,2380,0.9247899159663866,0.9336134453781513,0.9336134453781513,0.39139401131476165,0,0.35748540687700725,0.0339086044377544,0,50
100,29,linear_structured_final_mondrian,2,2364,0.9247038917089678,1.015228426395939,1.015228426395939,0.46564511479432524,0,0.41498540687700736,0.05065970791731789,0,50
100,29,linear_structured_final_mondrian,3,2383,0.9588753671842216,1.0898027696181285,1.0898027696181285,0.6263250032462968,0,0.47248540687700746,0.15383959636928934,0,50
100,29,linear_structured_final_mondrian,4,2408,0.8758305647840532,1.0332225913621262,1.0332225913621262,0.5712905973880341,0,0.5299854068770076,0.041305190511026546,0,50
100,30,independent_mondrian,0,496,0.9193548387096774,0.9193548387096774,0.9193548387096774,0.29231200975381677,0,,,0,
100,30,independent_mondrian,1,2401,0.9087880049979176,0.9117034568929613,0.9117034568929613,0.3658764999340623,0,,,0,
100,30,independent_mondrian,2,2350,0.8638297872340426,0.9234042553191489,0.9234042553191489,0.4130362383404808,0,,,0,
100,30,independent_mondrian,3,2351,0.917907273500638,1.0608251807741387,1.0608251807741387,0.5562717207402996,0,,,0,
100,30,independent_mondrian,4,2402,0.8905079100749376,1.0016652789342215,1.0016652789342215,0.597443909808379,0,,,0,
100,30,ordinal_cluster,0,496,0.9495967741935484,0.9495967741935484,0.9495967741935484,0.3467229979089826,0,,,0,
100,30,ordinal_cluster,1,2401,0.905039566847147,0.9100374843815077,0.9100374843815077,0.3629879839732485,0,,,0,
100,30,ordinal_cluster,2,2350,0.8727659574468085,0.9234042553191489,0.9234042553191489,0.4225328565131036,0,,,0,
100,30,ordinal_cluster,3,2351,0.9034453424074862,1.0297745640153126,1.0297745640153126,0.5316614179765995,0,,,0,
100,30,ordinal_cluster,4,2402,0.8721898417985012,0.9691923397169026,0.9691923397169026,0.5657171753323664,0,,,0,
100,30,linear_structured_final_mondrian,0,496,0.9475806451612904,0.9475806451612904,0.9475806451612904,0.34419501841248906,0,0.29231200975381677,0.05188300865867229,0,50
100,30,linear_structured_final_mondrian,1,2401,0.9083715118700542,0.9117034568929613,0.9117034568929613,0.36550598246134364,0,0.3573120097538167,0.00819397270752692,0,50
100,30,linear_structured_final_mondrian,2,2350,0.8638297872340426,0.9234042553191489,0.9234042553191489,0.4130362383404808,0,0.42231200975381666,-0.009275771413335854,0,50
100,30,linear_structured_final_mondrian,3,2351,0.917907273500638,1.0672054444917056,1.0672054444917056,0.5562717207402996,0,0.4873120097538166,0.06895971098648301,0,50
100,30,linear_structured_final_mondrian,4,2402,0.8996669442131557,1.0108243130724397,1.0108243130724397,0.6135744526478829,0,0.5523120097538166,0.06126244289406635,0,50
100,31,independent_mondrian,0,488,0.8934426229508197,0.8934426229508197,0.8934426229508197,0.27340205946305796,0,,,0,
100,31,independent_mondrian,1,2341,0.8919265271251602,0.9145664246048697,0.9145664246048697,0.3694010789996893,0,,,0,
100,31,independent_mondrian,2,2359,0.9520983467571005,1.0593471810089021,1.0593471810089021,0.5351919168525161,0,,,0,
100,31,independent_mondrian,3,2427,0.9608570251339101,1.1446229913473425,1.1446229913473425,0.6512621199275765,0,,,0,
100,31,independent_mondrian,4,2385,0.9048218029350105,1.0473794549266247,1.0473794549266247,0.6099089664709997,0,,,0,
100,31,ordinal_cluster,0,488,0.9405737704918032,0.9405737704918032,0.9405737704918032,0.3208232074051934,0,,,0,
100,31,ordinal_cluster,1,2341,0.9034600598035027,0.9235369500213584,0.9235369500213584,0.3797270882054702,0,,,0,
100,31,ordinal_cluster,2,2359,0.947011445527766,1.0241627808393388,1.0241627808393388,0.5200384776473921,0,,,0,
100,31,ordinal_cluster,3,2427,0.9406674907292955,1.1339101771734652,1.1339101771734652,0.6002934428575429,0,,,0,
100,31,ordinal_cluster,4,2385,0.9132075471698113,1.0314465408805031,1.0314465408805031,0.6315249167836513,0,,,0,
100,31,linear_structured_final_mondrian,0,488,0.8934426229508197,0.8934426229508197,0.8934426229508197,0.27489364475404543,0,0.2644881069410494,0.010405537812996024,0,50
100,31,linear_structured_final_mondrian,1,2341,0.9286629645450662,0.9615548910721914,0.9615548910721914,0.4144005775743332,0,0.3844881069410495,0.029912470633283672,0,50
100,31,linear_structured_final_mondrian,2,2359,0.9665112335735481,1.042814752013565,1.042814752013565,0.5779805885429395,0,0.5044881069410496,0.07349248160188993,0,50
100,31,linear_structured_final_mondrian,3,2427,0.9332509270704573,1.1367943963741245,1.1367943963741245,0.5842273925680959,0,0.6244881069410497,-0.040260714372953865,0,50
100,31,linear_structured_final_mondrian,4,2385,0.9023060796645702,1.0104821802935011,1.0104821802935011,0.601795924111986,0,0.7444881069410498,-0.14269218282906382,0,50
100,32,independent_mondrian,0,468,0.8995726495726496,0.8995726495726496,0.8995726495726496,0.2913786133771209,0,,,0,
100,32,independent_mondrian,1,2447,0.8046587658357172,0.8124233755619126,0.8124233755619126,0.30016142736288925,0,,,0,
100,32,independent_mondrian,2,2334,0.9014567266495287,0.9327335047129391,0.9327335047129391,0.44831473511018566,0,,,0,
100,32,independent_mondrian,3,2387,0.8500209467951404,0.9727691663175534,0.9727691663175534,0.4763779459565877,0,,,0,
100,32,independent_mondrian,4,2364,0.8565989847715736,0.9242808798646363,0.9242808798646363,0.5263213548609144,0,,,0,
100,32,ordinal_cluster,0,468,0.8995726495726496,0.8995726495726496,0.8995726495726496,0.29416379540228194,0,,,0,
100,32,ordinal_cluster,1,2447,0.9023293829178586,0.9084593379648549,0.9084593379648549,0.37323007913230144,0,,,0,
100,32,ordinal_cluster,2,2334,0.8894601542416453,0.9284490145672665,0.9284490145672665,0.4310627052497539,0,,,0,
100,32,ordinal_cluster,3,2387,0.8462505236698785,0.9455383326351068,0.9455383326351068,0.4715132369550157,0,,,0,
100,32,ordinal_cluster,4,2364,0.8227580372250423,0.8887478849407784,0.8887478849407784,0.4812580537991458,0,,,0,
100,32,linear_structured_final_mondrian,0,468,0.9700854700854701,0.9700854700854701,0.9700854700854701,0.37323007913230144,0,0.2913786133771209,0.08185146575518054,0,50
100,32,linear_structured_final_mondrian,1,2447,0.8046587658357172,0.8107887208827135,0.8107887208827135,0.30016142736288925,0,0.3688786133771208,-0.06871718601423155,0,50
100,32,linear_structured_final_mondrian,2,2334,0.8847472150814053,0.9074550128534704,0.9074550128534704,0.4247327779391153,0,0.4463786133771207,-0.021645835438005412,0,50
100,32,linear_structured_final_mondrian,3,2387,0.8110599078341014,0.8994553833263511,0.8994553833263511,0.4295357922184172,0,0.5238786133771206,-0.0943428211587034,0,50
100,32,linear_structured_final_mondrian,4,2364,0.80668358714044,0.862098138747885,0.862098138747885,0.4615270836392166,0,0.6013786133771205,-0.13985152973790393,0,50
100,33,independent_mondrian,0,501,0.9201596806387226,0.9201596806387226,0.9201596806387226,0.3267445733368081,0,,,0,
100,33,independent_mondrian,1,2356,0.934634974533107,0.9397283531409168,0.9397283531409168,0.4127524536185362,0,,,0,
100,33,independent_mondrian,2,2412,0.8677446102819237,0.9237147595356551,0.9237147595356551,0.41322049477003736,0,,,0,
100,33,independent_mondrian,3,2317,0.8942598187311178,0.9956840742339231,0.9956840742339231,0.5120088763813413,0,,,0,
100,33,independent_mondrian,4,2414,0.8595691797845899,0.9536039768019884,0.9536039768019884,0.5338886597929053,0,,,0,
100,33,ordinal_cluster,0,501,0.9261477045908184,0.9261477045908184,0.9261477045908184,0.3329928336215603,0,,,0,
100,33,ordinal_cluster,1,2356,0.8930390492359932,0.8985568760611206,0.8985568760611206,0.37165986792349653,0,,,0,
100,33,ordinal_cluster,2,2412,0.8723051409618574,0.9150082918739635,0.9150082918739635,0.4191249182941592,0,,,0,
100,33,ordinal_cluster,3,2317,0.8774277082434182,0.9710832973672853,0.9710832973672853,0.4882285762804483,0,,,0,
100,33,ordinal_cluster,4,2414,0.8446561723280862,0.927920463960232,0.927920463960232,0.5142619398732355,0,,,0,
100,33,linear_structured_final_mondrian,0,501,0.908183632734531,0.908183632734531,0.908183632734531,0.31841244286889187,0,0.33411121905196683,-0.01569877618307497,0,50
100,33,linear_structured_final_mondrian,1,2356,0.8904923599320883,0.900679117147708,0.900679117147708,0.36823498514388836,0,0.36911121905196675,-0.0008762339080783943,0,50
100,33,linear_structured_final_mondrian,2,2412,0.9092039800995025,1.0008291873963515,1.0008291873963515,0.46135434213854526,0,0.4041112190519667,0.057243123086578585,0,50
100,33,linear_structured_final_mondrian,3,2317,0.946914113077255,1.0591281829952526,1.0591281829952526,0.6053126096932954,0,0.4391112190519666,0.16620139064132877,0,50
100,33,linear_structured_final_mondrian,4,2414,0.8595691797845899,0.9979287489643744,0.9979287489643744,0.5338886597929053,0,0.4741112190519665,0.059777440740938825,0,50
100,34,independent_mondrian,0,502,0.9322709163346613,0.9322709163346613,0.9322709163346613,0.33190919218900033,0,,,0,
100,34,independent_mondrian,1,2351,0.9076988515525308,0.9289663972777541,0.9289663972777541,0.38124409605280046,0,,,0,
100,34,independent_mondrian,2,2348,0.9518739352640545,0.9872231686541738,0.9872231686541738,0.5109216074007333,0,,,0,
100,34,independent_mondrian,3,2393,0.8825741746761387,1.073129962390305,1.073129962390305,0.4872247920285829,0,,,0,
100,34,independent_mondrian,4,2406,0.941812136325852,1.0162094763092269,1.0162094763092269,0.6530206853955205,0,,,0,
100,34,ordinal_cluster,0,502,0.9482071713147411,0.9482071713147411,0.9482071713147411,0.3533157230510133,0,,,0,
100,34,ordinal_cluster,1,2351,0.9302424500212676,0.9413015737983836,0.9413015737983836,0.39914491893959975,0,,,0,
100,34,ordinal_cluster,2,2348,0.9067291311754685,0.9599659284497445,0.9599659284497445,0.4398560165770557,0,,,0,
100,34,ordinal_cluster,3,2393,0.9151692436272462,1.046385290430422,1.046385290430422,0.5415233613104034,0,,,0,
100,34,ordinal_cluster,4,2406,0.9073150457190358,1.013715710723192,1.013715710723192,0.5826486873063412,0,,,0,
100,34,linear_structured_final_mondrian,0,502,0.8804780876494024,0.8804780876494024,0.8804780876494024,0.29214533744215576,0,0.3533157230510133,-0.061170385608857514,0,50
100,34,linear_structured_final_mondrian,1,2351,0.9076988515525308,0.9230114844746916,0.9230114844746916,0.38124409605280046,0,0.41331572305101333,-0.032071626998212865,0,50
100,34,linear_structured_final_mondrian,2,2348,0.9369676320272572,0.962947189097104,0.962947189097104,0.4788127291655277,0,0.4733157230510134,0.005497006114514313,0,50
100,34,linear_structured_final_mondrian,3,2393,0.8182198077726703,1.026744671959883,1.026744671959883,0.4155084853381273,0,0.5333157230510135,-0.1178072377128862,0,50
100,34,linear_structured_final_mondrian,4,2406,0.954696591853699,1.0062344139650872,1.0062344139650872,0.6890815281426281,0,0.5933157230510135,0.09576580509161459,0,50
100,35,independent_mondrian,0,499,0.9158316633266533,0.9158316633266533,0.9158316633266533,0.3023046487716062,0,,,0,
100,35,independent_mondrian,1,2259,0.8410801239486498,0.8463922089420097,0.8463922089420097,0.3171955886672829,0,,,0,
100,35,independent_mondrian,2,2421,0.8137133415943825,0.8921933085501859,0.8921933085501859,0.35653819294242345,0,,,0,
100,35,independent_mondrian,3,2460,0.9439024390243902,1.1199186991869918,1.1199186991869918,0.6043489682130323,0,,,0,
100,35,independent_mondrian,4,2361,0.9364675984752223,1.0690385429902585,1.0690385429902585,0.6884904329110423,0,,,0,
100,35,ordinal_cluster,0,499,0.9198396793587175,0.9198396793587175,0.9198396793587175,0.304728091807639,0,,,0,
100,35,ordinal_cluster,1,2259,0.8410801239486498,0.8521469676848162,0.8521469676848162,0.3171955886672829,0,,,0,
100,35,ordinal_cluster,2,2421,0.8909541511771994,0.9607600165220983,0.9607600165220983,0.4378864602010606,0,,,0,
100,35,ordinal_cluster,3,2460,0.9333333333333333,1.1032520325203252,1.1032520325203252,0.5838930766746906,0,,,0,
100,35,ordinal_cluster,4,2361,0.9161372299872935,1.036001694197374,1.036001694197374,0.6459803989905757,0,,,0,
100,35,linear_structured_final_mondrian,0,499,0.9158316633266533,0.9158316633266533,0.9158316633266533,0.3023046487716062,0,0.26038648837441547,0.04191816039719071,0,50
100,35,linear_structured_final_mondrian,1,2259,0.8534749889331562,0.8605577689243028,0.8605577689243028,0.3257076715245835,0,0.36538648837441545,-0.03967881684983193,0,50
100,35,linear_structured_final_mondrian,2,2421,0.8529533250722842,1.054109871953738,1.054109871953738,0.391397221911024,0,0.47038648837441543,-0.07898926646339144,0,50
100,35,linear_structured_final_mondrian,3,2460,0.983739837398374,1.1134146341463416,1.1134146341463416,0.7606301316074763,0,0.5753864883744154,0.18524364323306086,0,50
100,35,linear_structured_final_mondrian,4,2361,0.8822532825074121,1.1342651418890302,1.1342651418890302,0.5829589538233775,0,0.6803864883744154,-0.09742753455103792,0,50
100,36,independent_mondrian,0,503,0.8926441351888668,0.8926441351888668,0.8926441351888668,0.277602323815816,0,,,0,
100,36,independent_mondrian,1,2362,0.890770533446232,0.9119390347163421,0.9119390347163421,0.3581765766227274,0,,,0,
100,36,independent_mondrian,2,2350,0.951063829787234,1.0046808510638299,1.0046808510638299,0.5365556026205796,0,,,0,
100,36,independent_mondrian,3,2344,0.9189419795221843,1.0656996587030716,1.0656996587030716,0.5393241248671939,0,,,0,
100,36,independent_mondrian,4,2441,0.8770995493650143,0.9750102417042196,0.9750102417042196,0.5558497018704065,0,,,0,
100,36,ordinal_cluster,0,503,0.9224652087475149,0.9224652087475149,0.9224652087475149,0.31490448906745466,0,,,0,
100,36,ordinal_cluster,1,2362,0.9195596951735817,0.93268416596105,0.93268416596105,0.3970620214414719,0,,,0,
100,36,ordinal_cluster,2,2350,0.92,0.9770212765957447,0.9770212765957447,0.4759545765502521,0,,,0,
100,36,ordinal_cluster,3,2344,0.9189419795221843,1.0401023890784984,1.0401023890784984,0.5393241248671939,0,,,0,
100,36,ordinal_cluster,4,2441,0.8754608766898812,0.9733715690290864,0.9733715690290864,0.551178942041598,0,,,0,
100,36,linear_structured_final_mondrian,0,503,0.8866799204771372,0.8866799204771372,0.8866799204771372,0.27185581846869594,0,0.29368093634851616,-0.02182511787982022,0,50
100,36,linear_structured_final_mondrian,1,2362,0.8767993226079593,0.8848433530906011,0.8848433530906011,0.34655420882831245,0,0.3961809363485162,-0.04962672752020375,0,50
100,36,linear_structured_final_mondrian,2,2350,0.9004255319148936,0.9421276595744681,0.9421276595744681,0.4513454135053773,0,0.49868093634851623,-0.04733552284313891,0,50
100,36,linear_structured_final_mondrian,3,2344,0.9005972696245734,0.988481228668942,0.988481228668942,0.51166780270303,0,0.6011809363485163,-0.0895131336454863,0,50
100,36,linear_structured_final_mondrian,4,2441,0.8250716919295371,0.9065956575174109,0.9065956575174109,0.48691326611556385,0,0.7036809363485164,-0.21676767023295251,0,50
100,37,independent_mondrian,0,490,0.8836734693877552,0.8836734693877552,0.8836734693877552,0.27439731018246655,0,,,0,
100,37,independent_mondrian,1,2478,0.8761097659402745,0.8833736884584342,0.8833736884584342,0.3394233211117211,0,,,0,
100,37,independent_mondrian,2,2311,0.9082648204240589,0.9601903937689312,0.9601903937689312,0.4571352873891667,0,,,0,
100,37,independent_mondrian,3,2416,0.9114238410596026,1.103476821192053,1.103476821192053,0.5318790924759635,0,,,0,
100,37,independent_mondrian,4,2305,0.9323210412147506,1.029067245119306,1.029067245119306,0.6598915525416404,0,,,0,
100,37,ordinal_cluster,0,490,0.926530612244898,0.926530612244898,0.926530612244898,0.3106498276836179,0,,,0,
100,37,ordinal_cluster,1,2478,0.8898305084745762,0.8962873284907183,0.8962873284907183,0.34997148637633324,0,,,0,
100,37,ordinal_cluster,2,2311,0.8926871484205972,0.9459108610990913,0.9459108610990913,0.4413258062929228,0,,,0,
100,37,ordinal_cluster,3,2416,0.9147350993377483,1.036837748344371,1.036837748344371,0.5367987416735296,0,,,0,
100,37,ordinal_cluster,4,2305,0.8776572668112799,0.9770065075921909,0.9770065075921909,0.5572263330768863,0,,,0,
100,37,linear_structured_final_mondrian,0,490,0.8836734693877552,0.8836734693877552,0.8836734693877552,0.27439731018246655,0,0.2820125722699187,-0.007615262087452168,0,50
100,37,linear_structured_final_mondrian,1,2478,0.8442292171105731,0.8527037933817595,0.8527037933817595,0.313284380838153,0,0.36451257226991873,-0.05122819143176571,0,50
100,37,linear_structured_final_mondrian,2,2311,0.9156209433145824,0.9697100822154912,0.9697100822154912,0.4722110274687336,0,0.44701257226991875,0.025198455198814862,0,50
100,37,linear_structured_final_mondrian,3,2416,0.9188741721854304,1.205298013245033,1.205298013245033,0.5416720345274326,0,0.5295125722699188,0.012159462257513853,0,50
100,37,linear_structured_final_mondrian,4,2305,0.96529284164859,1.0668112798264642,1.0668112798264642,0.765277604266759,0,0.6120125722699188,0.15326503199684016,0,50
100,38,independent_mondrian,0,485,0.934020618556701,0.934020618556701,0.934020618556701,0.31654429805856904,0,,,0,
100,38,independent_mondrian,1,2433,0.9243732018084669,0.9325935059597205,0.9325935059597205,0.3901661884013968,0,,,0,
100,38,independent_mondrian,2,2362,0.9182895850973751,0.9635901778154107,0.9635901778154107,0.4663490681590266,0,,,0,
100,38,independent_mondrian,3,2348,0.8905451448040886,1.1073253833049403,1.1073253833049403,0.5042914417516939,0,,,0,
100,38,independent_mondrian,4,2372,0.9540472175379426,1.033726812816189,1.033726812816189,0.7095964325921998,0,,,0,
100,38,ordinal_cluster,0,485,0.9567010309278351,0.9567010309278351,0.9567010309278351,0.34325553444652157,0,,,0,
100,38,ordinal_cluster,1,2433,0.9243732018084669,0.9334155363748459,0.9334155363748459,0.3901661884013968,0,,,0,
100,38,ordinal_cluster,2,2362,0.9182895850973751,0.9856054191363252,0.9856054191363252,0.46600271308685465,0,,,0,
100,38,ordinal_cluster,3,2348,0.9327086882453152,1.075809199318569,1.075809199318569,0.5753803355573858,0,,,0,
100,38,ordinal_cluster,4,2372,0.9038785834738617,1.0168634064080944,1.0168634064080944,0.6048568011193877,0,,,0,
100,38,linear_structured_final_mondrian,0,485,0.8412371134020619,0.8412371134020619,0.8412371134020619,0.2408349484386485,0,0.31847278958353153,-0.07763784114488304,0,50
100,38,linear_structured_final_mondrian,1,2433,0.9461570078092889,0.9580764488286067,0.9580764488286067,0.42827646750994747,0,0.39097278958353154,0.037303677926415924,0,50
100,38,linear_structured_final_mondrian,2,2362,0.9424216765453006,0.9860287891617273,0.9860287891617273,0.5096535596453304,0,0.46347278958353155,0.04618077006179888,0,50
100,38,linear_structured_final_mondrian,3,2348,0.8786201022146508,1.1115843270868824,1.1115843270868824,0.48735047279323734,0,0.5359727895835316,-0.04862231679029422,0,50
100,38,linear_structured_final_mondrian,4,2372,0.9540472175379426,1.0286677908937605,1.0286677908937605,0.7095964325921998,0,0.6084727895835316,0.10112364300866827,0,50
100,39,independent_mondrian,0,506,0.8853754940711462,0.8853754940711462,0.8853754940711462,0.2828664820357921,0,,,0,
100,39,independent_mondrian,1,2300,0.8726086956521739,0.8782608695652174,0.8782608695652174,0.33555685021600223,0,,,0,
100,39,independent_mondrian,2,2362,0.8535139712108383,0.9352243861134631,0.9352243861134631,0.39469496275780575,0,,,0,
100,39,independent_mondrian,3,2445,0.939877300613497,1.1505112474437629,1.1505112474437629,0.5880410766616277,0,,,0,
100,39,independent_mondrian,4,2387,0.9522413070800168,1.0699622957687474,1.0699622957687474,0.7051521482572263,0,,,0,
100,39,ordinal_cluster,0,506,0.9130434782608695,0.9130434782608695,0.9130434782608695,0.3137286467217083,0,,,0,
100,39,ordinal_cluster,1,2300,0.8882608695652174,0.8952173913043479,0.8952173913043479,0.3537063015876345,0,,,0,
100,39,ordinal_cluster,2,2362,0.8776460626587638,0.9508890770533446,0.9508890770533446,0.4184178504723644,0,,,0,
100,39,ordinal_cluster,3,2445,0.9353783231083844,1.088752556237219,1.088752556237219,0.5767082345148413,0,,,0,
100,39,ordinal_cluster,4,2387,0.919145370758274,1.0301633850020946,1.0301633850020946,0.6211545457214205,0,,,0,
100,39,linear_structured_final_mondrian,0,506,0.9031620553359684,0.9051383399209486,0.9051383399209486,0.30369797181491603,0,0.23221650634182012,0.07148146547309592,0,50
100,39,linear_structured_final_mondrian,1,2300,0.9178260869565218,0.922608695652174,0.922608695652174,0.3884170654631633,0,0.3472165063418201,0.04120055912134318,0,50
100,39,linear_structured_final_mondrian,2,2362,0.8374259102455546,0.9225232853513972,0.9225232853513972,0.37985519159158765,0,0.4622165063418201,-0.08236131475023245,0,50
100,39,linear_structured_final_mondrian,3,2445,0.939877300613497,1.1476482617586912,1.1476482617586912,0.5880410766616277,0,0.5772165063418201,0.010824570319807658,0,50
100,39,linear_structured_final_mondrian,4,2387,0.9522413070800168,1.0699622957687474,1.0699622957687474,0.7051521482572263,0,0.6922165063418201,0.012935641915406193,0,50
100,40,independent_mondrian,0,532,0.8834586466165414,0.8834586466165414,0.8834586466165414,0.2920489894289151,0,,,0,
100,40,independent_mondrian,1,2375,0.9082105263157895,0.9237894736842105,0.9237894736842105,0.377910130909808,0,,,0,
100,40,independent_mondrian,2,2347,0.9377929271410311,1.003834682573498,1.003834682573498,0.5130795031823833,0,,,0,
100,40,independent_mondrian,3,2359,0.9266638406104282,1.1500635862653668,1.1500635862653668,0.5659853433750651,0,,,0,
100,40,independent_mondrian,4,2387,0.9472140762463344,1.0573942186845413,1.0573942186845413,0.6834969296884006,0,,,0,
100,40,ordinal_cluster,0,532,0.9398496240601504,0.9398496240601504,0.9398496240601504,0.33762192941753866,0,,,0,
100,40,ordinal_cluster,1,2375,0.9208421052631579,0.9292631578947368,0.9292631578947368,0.3942069846383002,0,,,0,
100,40,ordinal_cluster,2,2347,0.9105240732850447,0.9714529186195143,0.9714529186195143,0.4626957575098193,0,,,0,
100,40,ordinal_cluster,3,2359,0.9126748622297584,1.0546841882153455,1.0546841882153455,0.5440579242687236,0,,,0,
100,40,ordinal_cluster,4,2387,0.8981985756179305,0.9962295768747381,0.9962295768747381,0.5893602283919707,0,,,0,
100,40,linear_structured_final_mondrian,0,532,0.9398496240601504,0.9398496240601504,0.9398496240601504,0.33323332612160866,0,0.255439131782522,0.07779419433908669,0,50
100,40,linear_structured_final_mondrian,1,2375,0.9103157894736842,0.9296842105263158,0.9296842105263158,0.38256876142741403,0,0.36043913178252196,0.022129629644892068,0,50
100,40,linear_structured_final_mondrian,2,2347,0.9446101406050277,1.0042607584149978,1.0042607584149978,0.530507788274426,0,0.46543913178252194,0.06506865649190408,0,50
100,40,linear_structured_final_mondrian,3,2359,0.9169139465875371,1.1771937261551504,1.1771937261551504,0.5494390741699987,0,0.5704391317825219,-0.021000057612523215,0,50
100,40,linear_structured_final_mondrian,4,2387,0.9597821533305404,1.0607457059069962,1.0607457059069962,0.7264562767994409,0,0.6754391317825219,0.05101714501691901,0,50
100,41,independent_mondrian,0,490,0.9408163265306122,0.9408163265306122,0.9408163265306122,0.32268023698572607,0,,,0,
100,41,independent_mondrian,1,2394,0.9051796157059315,0.9126984126984127,0.9126984126984127,0.3828062311637377,0,,,0,
100,41,independent_mondrian,2,2365,0.9031712473572938,0.9526427061310783,0.9526427061310783,0.4520907739791538,0,,,0,
100,41,independent_mondrian,3,2458,0.904393816110659,1.0378356387306753,1.0378356387306753,0.52520477307957,0,,,0,
100,41,independent_mondrian,4,2293,0.8879197557784562,0.9825556040122111,0.9825556040122111,0.5764367709455286,0,,,0,
100,41,ordinal_cluster,0,490,0.9673469387755103,0.9673469387755103,0.9673469387755103,0.3657602689231437,0,,,0,
100,41,ordinal_cluster,1,2394,0.9135338345864662,0.923141186299081,0.923141186299081,0.3954841936055229,0,,,0,
100,41,ordinal_cluster,2,2365,0.9078224101479916,0.9610993657505286,0.9610993657505286,0.4562202269888541,0,,,0,
100,41,ordinal_cluster,3,2458,0.9092758340113913,1.0280716029292107,1.0280716029292107,0.5374697826149964,0,,,0,
100,41,ordinal_cluster,4,2293,0.8713475795900567,0.971652856519843,0.971652856519843,0.5470906465315887,0,,,0,
100,41,linear_structured_final_mondrian,0,490,0.9,0.9,0.9,0.28661397213794737,0,0.33936926741708917,-0.0527552952791418,0,50
100,41,linear_structured_final_mondrian,1,2394,0.8989139515455304,0.9055973266499582,0.9055973266499582,0.3753396143490222,0,0.3968692674170893,-0.02152965306806709,0,50
100,41,linear_structured_final_mondrian,2,2365,0.9031712473572938,0.9636363636363636,0.9636363636363636,0.4520907739791538,0,0.4543692674170894,-0.0022784934379355692,0,50
100,41,linear_structured_final_mondrian,3,2458,0.9263628966639544,1.0260374288039056,1.0260374288039056,0.5632272411615078,0,0.5118692674170895,0.051357973744418306,0,50
100,41,linear_structured_final_mondrian,4,2293,0.8460532054077627,0.9603139991277801,0.9603139991277801,0.5158739210716281,0,0.5693692674170896,-0.05349534634546149,0,50
100,42,independent_mondrian,0,504,0.9087301587301587,0.9087301587301587,0.9087301587301587,0.30810252544437455,0,,,0,
100,42,independent_mondrian,1,2304,0.8919270833333334,0.9097222222222222,0.9097222222222222,0.3559863706326272,0,,,0,
100,42,independent_mondrian,2,2349,0.9425287356321839,0.9936143039591315,0.9936143039591315,0.521005900250576,0,,,0,
100,42,independent_mondrian,3,2405,0.9114345114345115,1.0652806652806652,1.0652806652806652,0.5444743730000056,0,,,0,
100,42,independent_mondrian,4,2438,0.9011484823625923,1.002050861361772,1.002050861361772,0.5829933355014298,0,,,0,
100,42,ordinal_cluster,0,504,0.9146825396825397,0.9146825396825397,0.9146825396825397,0.31532647321073637,0,,,0,
100,42,ordinal_cluster,1,2304,0.9123263888888888,0.9253472222222222,0.9253472222222222,0.3809976214208903,0,,,0,
100,42,ordinal_cluster,2,2349,0.9365687526607067,0.9868028948488718,0.9868028948488718,0.5021214345466856,0,,,0,
100,42,ordinal_cluster,3,2405,0.9072765072765073,1.0411642411642412,1.0411642411642412,0.5387326681126939,0,,,0,
100,42,ordinal_cluster,4,2438,0.8794093519278097,0.9774405250205086,0.9774405250205086,0.5510680001937818,0,,,0,
100,42,linear_structured_final_mondrian,0,504,0.9087301587301587,0.9087301587301587,0.9087301587301587,0.3085030107110414,0,0.29514559486270764,0.013357415848333776,0,50
100,42,linear_structured_final_mondrian,1,2304,0.9123263888888888,0.9357638888888888,0.9357638888888888,0.3810680905109175,0,0.3701455948627076,0.010922495648209907,0,50
100,42,linear_structured_final_mondrian,2,2349,0.9531715623669647,1.0076628352490422,1.0076628352490422,0.5379319927811431,0,0.44514559486270755,0.09278639791843557,0,50
100,42,linear_structured_final_mondrian,3,2405,0.9151767151767152,1.0756756756756756,1.0756756756756756,0.5510680001937818,0,0.5201455948627075,0.030922405331074265,0,50
100,42,linear_structured_final_mondrian,4,2438,0.9011484823625923,1.0077932731747334,1.0077932731747334,0.5829933355014298,0,0.5951455948627075,-0.012152259361277618,0,50
100,43,independent_mondrian,0,475,0.9621052631578947,0.9621052631578947,0.9621052631578947,0.3739325239075686,0,,,0,
100,43,independent_mondrian,1,2311,0.8870618779749027,0.8974469926438771,0.8974469926438771,0.36838379148386885,0,,,0,
100,43,independent_mondrian,2,2418,0.8494623655913979,0.8928866832092639,0.8928866832092639,0.4005726556677875,0,,,0,
100,43,independent_mondrian,3,2391,0.903805938937683,1.0041823504809704,1.0041823504809704,0.5024552873494637,0,,,0,
100,43,independent_mondrian,4,2405,0.8769230769230769,0.9588357588357589,0.9588357588357589,0.5683229104734987,0,,,0,
100,43,ordinal_cluster,0,475,0.9621052631578947,0.9621052631578947,0.9621052631578947,0.36838379148386885,0,,,0,
100,43,ordinal_cluster,1,2311,0.8983124188662917,0.9095629597576806,0.9095629597576806,0.3774780655014216,0,,,0,
100,43,ordinal_cluster,2,2418,0.8751033912324235,0.9189412737799835,0.9189412737799835,0.4279466309949592,0,,,0,
100,43,ordinal_cluster,3,2391,0.8992053534086156,0.9974905897114178,0.9974905897114178,0.49410132759062125,0,,,0,
100,43,ordinal_cluster,4,2405,0.861954261954262,0.9413721413721414,0.9413721413721414,0.5433757934335808,0,,,0,
100,43,linear_structured_final_mondrian,0,475,0.9663157894736842,0.9663157894736842,0.9663157894736842,0.3895520582459018,0,0.30432497026813643,0.08522708797776535,0,50
100,43,linear_structured_final_mondrian,1,2311,0.8861964517524881,0.8974469926438771,0.8974469926438771,0.36792609909535057,0,0.36682497026813643,0.0011011288272141373,0,50
100,43,linear_structured_final_mondrian,2,2418,0.8494623655913979,0.9044665012406948,0.9044665012406948,0.4005726556677875,0,0.42932497026813643,-0.02875231460034894,0,50
100,43,linear_structured_final_mondrian,3,2391,0.9255541614387286,1.0259305729820158,1.0259305729820158,0.5420050144476108,0,0.49182497026813643,0.050180044179474415,0,50
100,43,linear_structured_final_mondrian,4,2405,0.8769230769230769,0.9758835758835759,0.9758835758835759,0.5683229104734987,0,0.5543249702681364,0.01399794020536227,0,50
100,44,independent_mondrian,0,494,0.8866396761133604,0.8866396761133604,0.8866396761133604,0.30445740115668396,0,,,0,
100,44,independent_mondrian,1,2349,0.89272030651341,0.9016602809706258,0.9016602809706258,0.36315938468399667,0,,,0,
100,44,independent_mondrian,2,2390,0.9163179916317992,0.9744769874476987,0.9744769874476987,0.48500512373527477,0,,,0,
100,44,independent_mondrian,3,2354,0.9163126593033135,1.0717926932880204,1.0717926932880204,0.5362739528153363,0,,,0,
100,44,independent_mondrian,4,2413,0.9113137173642768,1.0128470783257355,1.0128470783257355,0.6145394813798171,0,,,0,
100,44,ordinal_cluster,0,494,0.9109311740890689,0.9109311740890689,0.9109311740890689,0.3266876458087758,0,,,0,
100,44,ordinal_cluster,1,2349,0.9003831417624522,0.9071945508727118,0.9071945508727118,0.37179906641596105,0,,,0,
100,44,ordinal_cluster,2,2390,0.896234309623431,0.9631799163179916,0.9631799163179916,0.45785466079559656,0,,,0,
100,44,ordinal_cluster,3,2354,0.9256584536958369,1.0514018691588785,1.0514018691588785,0.5599730978991901,0,,,0,
100,44,ordinal_cluster,4,2413,0.884790716949855,0.9958557811852465,0.9958557811852465,0.5680529187085466,0,,,0,
100,44,linear_structured_final_mondrian,0,494,0.9109311740890689,0.9109311740890689,0.9109311740890689,0.3266876458087758,0,0.30445740115668396,0.022230244652091835,0,50
100,44,linear_structured_final_mondrian,1,2349,0.8876117496807152,0.8969774372073223,0.8969774372073223,0.35722543095357145,0,0.38195740115668386,-0.024731970203112408,0,50
100,44,linear_structured_final_mondrian,2,2390,0.9163179916317992,0.9815899581589959,0.9815899581589959,0.48500512373527477,0,0.45945740115668376,0.025547722578591003,0,50
100,44,linear_structured_final_mondrian,3,2354,0.9256584536958369,1.058198810535259,1.058198810535259,0.5599730978991901,0,0.5369574011566837,0.023015696742506475,0,50
100,44,linear_structured_final_mondrian,4,2413,0.884790716949855,0.9958557811852465,0.9958557811852465,0.5680529187085466,0,0.6144574011566836,-0.046404482448137,0,50
100,45,independent_mondrian,0,515,0.9145631067961165,0.9145631067961165,0.9145631067961165,0.315898579292661,0,,,0,
100,45,independent_mondrian,1,2399,0.8966235931638182,0.9045435598165903,0.9045435598165903,0.37759780581818475,0,,,0,
100,45,independent_mondrian,2,2357,0.9253288078065337,0.9669070852778956,0.9669070852778956,0.4746265380205332,0,,,0,
100,45,independent_mondrian,3,2306,0.9011274934952298,1.004770164787511,1.004770164787511,0.5043823301510922,0,,,0,
100,45,independent_mondrian,4,2423,0.8559636813867106,0.9471729261246389,0.9471729261246389,0.5269437206600032,0,,,0,
100,45,ordinal_cluster,0,515,0.9339805825242719,0.9339805825242719,0.9339805825242719,0.3456540864826584,0,,,0,
100,45,ordinal_cluster,1,2399,0.8999583159649854,0.9066277615673197,0.9066277615673197,0.3845185232484285,0,,,0,
100,45,ordinal_cluster,2,2357,0.9130250318201103,0.9550275774289351,0.9550275774289351,0.45188607911376666,0,,,0,
100,45,ordinal_cluster,3,2306,0.9011274934952298,0.997398091934085,0.997398091934085,0.5043823301510922,0,,,0,
100,45,ordinal_cluster,4,2423,0.8551382583574082,0.9463475030953363,0.9463475030953363,0.5263911189349303,0,,,0,
100,45,linear_structured_final_mondrian,0,515,0.9145631067961165,0.9145631067961165,0.9145631067961165,0.315898579292661,0,0.2966873488198707,0.01921123047279033,0,50
100,45,linear_structured_final_mondrian,1,2399,0.9012088370154231,0.9141308878699458,0.9141308878699458,0.38632353135159103,0,0.3591873488198707,0.027136182531720343,0,50
100,45,linear_structured_final_mondrian,2,2357,0.9418752651675859,0.9923631735256683,0.9923631735256683,0.500380771071834,0,0.4216873488198707,0.0786934222519633,0,50
100,45,linear_structured_final_mondrian,3,2306,0.9193408499566349,1.0316565481352993,1.0316565481352993,0.5286496726594869,0,0.4841873488198707,0.044462323839616236,0,50
100,45,linear_structured_final_mondrian,4,2423,0.8551382583574082,0.9599669830788279,0.9599669830788279,0.5263911189349303,0,0.5466873488198707,-0.020296229884940398,0,50
100,46,independent_mondrian,0,507,0.9092702169625246,0.9092702169625246,0.9092702169625246,0.3028211196524588,0,,,0,
100,46,independent_mondrian,1,2342,0.894534585824082,0.8992314261315115,0.8992314261315115,0.37652246156270375,0,,,0,
100,46,independent_mondrian,2,2430,0.8748971193415638,0.9222222222222223,0.9222222222222223,0.4156839959052157,0,,,0,
100,46,independent_mondrian,3,2393,0.8942749686585876,1.0275804429586293,1.0275804429586293,0.5157250954962004,0,,,0,
100,46,independent_mondrian,4,2328,0.9153780068728522,0.9995704467353952,0.9995704467353952,0.6070952910309013,0,,,0,
100,46,ordinal_cluster,0,507,0.9270216962524654,0.9270216962524654,0.9270216962524654,0.32794114191975055,0,,,0,
100,46,ordinal_cluster,1,2342,0.872331340734415,0.8817250213492741,0.8817250213492741,0.35451919225195555,0,,,0,
100,46,ordinal_cluster,2,2430,0.9123456790123456,0.9641975308641976,0.9641975308641976,0.46083053731987117,0,,,0,
100,46,ordinal_cluster,3,2393,0.9093188466360217,1.0330129544504805,1.0330129544504805,0.5394075474877836,0,,,0,
100,46,ordinal_cluster,4,2328,0.8870274914089347,0.9823883161512027,0.9823883161512027,0.5606414037094818,0,,,0,
100,46,linear_structured_final_mondrian,0,507,0.9171597633136095,0.9171597633136095,0.9171597633136095,0.31411687189666626,0,0.27068269794137934,0.043434173955286925,0,50
100,46,linear_structured_final_mondrian,1,2342,0.9483347566182749,0.9530315969257045,0.9530315969257045,0.4371553889585035,0,0.34318269794137934,0.09397269101712413,0,50
100,46,linear_structured_final_mondrian,2,2430,0.8740740740740741,0.9448559670781893,0.9448559670781893,0.41481409469364766,0,0.41568269794137935,-0.0008686032477316918,0,50
100,46,linear_structured_final_mondrian,3,2393,0.9160050146259925,1.1044713748432928,1.1044713748432928,0.5516758173083735,0,0.48818269794137936,0.06349311936699409,0,50
100,46,linear_structured_final_mondrian,4,2328,0.9540378006872853,1.0584192439862543,1.0584192439862543,0.6864988983272478,0,0.5606826979413794,0.12581620038586838,0,50
100,47,independent_mondrian,0,496,0.8770161290322581,0.8770161290322581,0.8770161290322581,0.2531298502279186,0,,,0,
100,47,independent_mondrian,1,2298,0.9160139251523064,0.9203655352480418,0.9203655352480418,0.3933282752639902,0,,,0,
100,47,independent_mondrian,2,2319,0.8253557567917206,0.8676153514445882,0.8676153514445882,0.37978539543498724,0,,,0,
100,47,independent_mondrian,3,2446,0.8740801308258381,1.0016353229762878,1.0016353229762878,0.4806167302091585,0,,,0,
100,47,independent_mondrian,4,2441,0.9123310118803769,0.9836132732486685,0.9836132732486685,0.6115325428705065,0,,,0,
100,47,ordinal_cluster,0,496,0.9334677419354839,0.9334677419354839,0.9334677419354839,0.31784552841961644,0,,,0,
100,47,ordinal_cluster,1,2298,0.8711923411662315,0.8785900783289817,0.8785900783289817,0.3449773440985662,0,,,0,
100,47,ordinal_cluster,2,2319,0.8542475204829668,0.9103061664510564,0.9103061664510564,0.40570013813296996,0,,,0,
100,47,ordinal_cluster,3,2446,0.9133278822567457,1.0122649223221587,1.0122649223221587,0.5360575787868344,0,,,0,
100,47,ordinal_cluster,4,2441,0.8742318721835314,0.9688652191724703,0.9688652191724703,0.5507579345036999,0,,,0,
100,47,linear_structured_final_mondrian,0,496,0.9092741935483871,0.9092741935483871,0.9092741935483871,0.2835725486318056,0,0.24613364767239845,0.037438900959407134,0,50
100,47,linear_structured_final_mondrian,1,2298,0.8746736292428199,0.8825065274151436,0.8825065274151436,0.3498997350209708,0,0.32863364767239844,0.021266087348572382,0,50
100,47,linear_structured_final_mondrian,2,2319,0.8809831824062095,0.9111686071582579,0.9111686071582579,0.43661436522654923,0,0.41113364767239846,0.025480717554150767,0,50
100,47,linear_structured_final_mondrian,3,2446,0.840147179067866,1.0224856909239575,1.0224856909239575,0.44161449771120725,0,0.4936336476723985,-0.052019149961191224,0,50
100,47,linear_structured_final_mondrian,4,2441,0.9389594428512904,0.9979516591560835,0.9979516591560835,0.6747954145532635,0,0.5761336476723985,0.09866176688086503,0,50
100,48,independent_mondrian,0,529,0.8752362948960303,0.8752362948960303,0.8752362948960303,0.2920268883392567,0,,,0,
100,48,independent_mondrian,1,2349,0.8867603235419327,0.8957002979991485,0.8957002979991485,0.3563370860696642,0,,,0,
100,48,independent_mondrian,2,2475,0.9086868686868687,0.9458585858585858,0.9458585858585858,0.4467994279280564,0,,,0,
100,48,independent_mondrian,3,2333,0.8851264466352337,1.0248606943849121,1.0248606943849121,0.5031560939329869,0,,,0,
100,48,independent_mondrian,4,2314,0.9014693171996543,0.9883318928262749,0.9883318928262749,0.5930177075445215,0,,,0,
100,48,ordinal_cluster,0,529,0.9395085066162571,0.9395085066162571,0.9395085066162571,0.33597017888455455,0,,,0,
100,48,ordinal_cluster,1,2349,0.8893146019582802,0.8999574286930608,0.8999574286930608,0.3594821539401623,0,,,0,
100,48,ordinal_cluster,2,2475,0.9191919191919192,0.9567676767676768,0.9567676767676768,0.4612215517019446,0,,,0,
100,48,ordinal_cluster,3,2333,0.8838405486498071,1.00728675525075,1.00728675525075,0.4978662089670311,0,,,0,
100,48,ordinal_cluster,4,2314,0.8733794295592049,0.9589455488331893,0.9589455488331893,0.5482213782633928,0,,,0,
100,48,linear_structured_final_mondrian,0,529,0.8260869565217391,0.8260869565217391,0.8260869565217391,0.25895936206415004,0,0.3052982656409517,-0.04633890357680165,0,50
100,48,linear_structured_final_mondrian,1,2349,0.8867603235419327,0.8957002979991485,0.8957002979991485,0.3563370860696642,0,0.3677982656409517,-0.011461179571287505,0,50
100,48,linear_structured_final_mondrian,2,2475,0.9086868686868687,0.9806060606060606,0.9806060606060606,0.4467994279280564,0,0.4302982656409517,0.016501162287104687,0,50
100,48,linear_structured_final_mondrian,3,2333,0.9399914273467638,1.1140162880411488,1.1140162880411488,0.6022275355351574,0,0.4927982656409517,0.1094292698942057,0,50
100,48,linear_structured_final_mondrian,4,2314,0.9364736387208298,1.0734658599827138,1.0734658599827138,0.6507160637252288,0,0.5552982656409517,0.09541779808427708,0,50
100,49,independent_mondrian,0,488,0.8872950819672131,0.8872950819672131,0.8872950819672131,0.2872607730592821,0,,,0,
100,49,independent_mondrian,1,2366,0.9087066779374472,0.9125105663567202,0.9125105663567202,0.36430806169556584,0,,,0,
100,49,independent_mondrian,2,2404,0.8573211314475874,0.9305324459234608,0.9305324459234608,0.4036038006641348,0,,,0,
100,49,independent_mondrian,3,2338,0.9366980325064157,1.0744225834046193,1.0744225834046193,0.5740970613750116,0,,,0,
100,49,independent_mondrian,4,2404,0.901414309484193,1.014559068219634,1.014559068219634,0.6170385454425147,0,,,0,
100,49,ordinal_cluster,0,488,0.930327868852459,0.930327868852459,0.930327868852459,0.32622486816241636,0,,,0,
100,49,ordinal_cluster,1,2366,0.904480135249366,0.9095519864750634,0.9095519864750634,0.35860140149109937,0,,,0,
100,49,ordinal_cluster,2,2404,0.8635607321131448,0.9059900166389351,0.9059900166389351,0.4124725547316532,0,,,0,
100,49,ordinal_cluster,3,2338,0.8845166809238666,1.0021385799828915,1.0021385799828915,0.49505113020141467,0,,,0,
100,49,ordinal_cluster,4,2404,0.877287853577371,0.9550748752079867,0.9550748752079867,0.5775908527578879,0,,,0,
100,49,linear_structured_final_mondrian,0,488,0.944672131147541,0.944672131147541,0.944672131147541,0.35860140149109937,0,0.2440970613750113,0.11450434011608807,0,50
100,49,linear_structured_final_mondrian,1,2366,0.9087066779374472,0.9146238377007607,0.9146238377007607,0.36430806169556584,0,0.3540970613750114,0.010211000320554442,0,50
100,49,linear_structured_final_mondrian,2,2404,0.8718801996672213,0.9101497504159733,0.9101497504159733,0.42070235584754595,0,0.4640970613750115,-0.04339470552746555,0,50
100,49,linear_structured_final_mondrian,3,2338,0.8725406330196749,0.9649272882805817,0.9649272882805817,0.480418012022485,0,0.5740970613750116,-0.09367904935252658,0,50
100,49,linear_structured_final_mondrian,4,2404,0.8352745424292846,0.9105657237936772,0.9105657237936772,0.5148685223364231,0,0.6840970613750117,-0.1692285390385886,0,50
50,0,independent_mondrian,0,491,0.9124236252545825,0.9144602851323829,0.9144602851323829,0.31901535340547155,0,,,0,
50,0,independent_mondrian,1,2312,0.889273356401384,0.8992214532871973,0.8992214532871973,0.3531165394329937,0,,,0,
50,0,independent_mondrian,2,2383,0.9324381032312211,0.9584557280738565,0.9584557280738565,0.4715724911669257,0,,,0,
50,0,independent_mondrian,3,2414,0.8583264291632146,0.987986743993372,0.987986743993372,0.462270680526646,0,,,0,
50,0,independent_mondrian,4,2400,0.8808333333333334,0.9470833333333334,0.9470833333333334,0.5605136113584087,0,,,0,
50,0,ordinal_cluster,0,491,0.9287169042769857,0.9307535641547862,0.9307535641547862,0.3448207788673092,0,,,0,
50,0,ordinal_cluster,1,2312,0.9191176470588235,0.9251730103806228,0.9251730103806228,0.38423865321161316,0,,,0,
50,0,ordinal_cluster,2,2383,0.8833403273185061,0.916911456147713,0.916911456147713,0.40563336621746976,0,,,0,
50,0,ordinal_cluster,3,2414,0.8927091963545982,0.9937862468931234,0.9937862468931234,0.5117951218007005,0,,,0,
50,0,ordinal_cluster,4,2400,0.865,0.9608333333333333,0.9608333333333333,0.5396767122957667,0,,,0,
50,0,linear_structured_final_mondrian,0,491,0.9368635437881874,0.9389002036659878,0.9389002036659878,0.35107205843861106,0,0.31901535340547155,0.03205670503313951,0,25
50,0,linear_structured_final_mondrian,1,2312,0.9096020761245674,0.9160899653979239,0.9160899653979239,0.3758213240339362,0,0.3890153534054716,-0.01319402937153541,0,50
50,0,linear_structured_final_mondrian,2,2383,0.8804028535459505,0.9139739823751574,0.9139739823751574,0.40192461677175906,0,0.45901535340547167,-0.05709073663371261,0,50
50,0,linear_structured_final_mondrian,3,2414,0.8927091963545982,1.0020712510356256,1.0020712510356256,0.5118929349062802,0,0.5290153534054718,-0.017122418499191605,0,50
50,0,linear_structured_final_mondrian,4,2400,0.8808333333333334,0.9766666666666667,0.9766666666666667,0.5605136113584087,0,0.5990153534054719,-0.03850174204706314,0,50
50,1,independent_mondrian,0,486,0.9238683127572016,0.9238683127572016,0.9238683127572016,0.3150620693003121,0,,,0,
50,1,independent_mondrian,1,2401,0.9108704706372345,0.9192003331945023,0.9192003331945023,0.38684581634468923,0,,,0,
50,1,independent_mondrian,2,2415,0.9192546583850931,0.949896480331263,0.949896480331263,0.4552360307693966,0,,,0,
50,1,independent_mondrian,3,2305,0.8503253796095445,1,1,0.45513045546492786,0,,,0,
50,1,independent_mondrian,4,2393,0.9134977016297534,0.9837024655244463,0.9837024655244463,0.6175603506133901,0,,,0,
50,1,ordinal_cluster,0,486,0.9691358024691358,0.9691358024691358,0.9691358024691358,0.3708185915621869,0,,,0,
50,1,ordinal_cluster,1,2401,0.9108704706372345,0.9167013744273219,0.9167013744273219,0.38684581634468923,0,,,0,
50,1,ordinal_cluster,2,2415,0.8881987577639752,0.9341614906832298,0.9341614906832298,0.42024950791491134,0,,,0,
50,1,ordinal_cluster,3,2305,0.9023861171366594,1,1,0.5242432618798567,0,,,0,
50,1,ordinal_cluster,4,2393,0.863769327204346,0.9644797325532805,0.9644797325532805,0.5375409162802604,0,,,0,
50,1,linear_structured_final_mondrian,0,486,0.9279835390946503,0.9279835390946503,0.9279835390946503,0.3251827506560284,0,0.3150620693003121,0.01012068135571631,0,25
50,1,linear_structured_final_mondrian,1,2401,0.9108704706372345,0.9133694294044148,0.9133694294044148,0.38684581634468923,0,0.3875620693003121,-0.0007162529556228869,0,50
50,1,linear_structured_final_mondrian,2,2415,0.8173913043478261,0.841407867494824,0.841407867494824,0.35850616006348396,0,0.4600620693003121,-0.10155590923682817,0,50
50,1,linear_structured_final_mondrian,3,2305,0.7783080260303687,0.9193058568329718,0.9193058568329718,0.38568685973902406,0,0.5325620693003121,-0.14687520956128808,0,50
50,1,linear_structured_final_mondrian,4,2393,0.9256163811115754,0.9724195570413706,0.9724195570413706,0.6449129600811978,0,0.6050620693003121,0.03985089078088566,0,50
50,2,independent_mondrian,0,515,0.8621359223300971,0.8621359223300971,0.8621359223300971,0.2753002596002001,0,,,0,
50,2,independent_mondrian,1,2389,0.8903306822938468,0.8966094600251151,0.8966094600251151,0.36043433784454726,0,,,0,
50,2,independent_mondrian,2,2395,0.8876826722338205,0.9281837160751566,0.9281837160751566,0.4296525545299837,0,,,0,
50,2,independent_mondrian,3,2345,0.8852878464818763,1.022174840085288,1.022174840085288,0.49989679075185817,0,,,0,
50,2,independent_mondrian,4,2356,0.9019524617996605,0.9770797962648556,0.9770797962648556,0.6057628448699776,0,,,0,
50,2,ordinal_cluster,0,515,0.9145631067961165,0.9145631067961165,0.9145631067961165,0.32897484484935363,0,,,0,
50,2,ordinal_cluster,1,2389,0.914608622854751,0.9208874005860193,0.9208874005860193,0.39350460806518567,0,,,0,
50,2,ordinal_cluster,2,2395,0.8876826722338205,0.9281837160751566,0.9281837160751566,0.4296525545299837,0,,,0,
50,2,ordinal_cluster,3,2345,0.8750533049040512,0.9752665245202559,0.9752665245202559,0.49152770125083023,0,,,0,
50,2,ordinal_cluster,4,2356,0.847623089983022,0.9193548387096774,0.9193548387096774,0.5155513404760921,0,,,0,
50,2,linear_structured_final_mondrian,0,515,0.887378640776699,0.887378640776699,0.887378640776699,0.30480203920565957,0,0.291371509557951,0.013430529647708578,0,25
50,2,linear_structured_final_mondrian,1,2389,0.9397237337798242,0.9723733779824194,0.9723733779824194,0.4301226536418631,0,0.3588715095579509,0.0712511440839122,0,50
50,2,linear_structured_final_mondrian,2,2395,0.9665970772442589,1.0091858037578287,1.0091858037578287,0.570251184316936,0,0.4263715095579508,0.14387967475898522,0,50
50,2,linear_structured_final_mondrian,3,2345,0.8631130063965885,1.1057569296375267,1.1057569296375267,0.47282938846049155,0,0.49387150955795067,-0.02104212109745912,0,50
50,2,linear_structured_final_mondrian,4,2356,0.9473684210526315,1.0140067911714772,1.0140067911714772,0.6862327577108002,0,0.5613715095579506,0.1248612481528496,0,50
50,3,independent_mondrian,0,492,0.9126016260162602,0.9126016260162602,0.9126016260162602,0.313169979614477,0,,,0,
50,3,independent_mondrian,1,2342,0.8864218616567037,0.8962425277540563,0.8962425277540563,0.362733010246605,0,,,0,
50,3,independent_mondrian,2,2428,0.9023887973640856,0.9637561779242174,0.9637561779242174,0.4465961730386134,0,,,0,
50,3,independent_mondrian,3,2413,0.9295482801491919,1.0430998756734355,1.0430998756734355,0.562518825368043,0,,,0,
50,3,independent_mondrian,4,2325,0.8709677419354839,0.989247311827957,0.989247311827957,0.5480550852900369,0,,,0,
50,3,ordinal_cluster,0,492,0.9491869918699187,0.9491869918699187,0.9491869918699187,0.35067531903923854,0,,,0,
50,3,ordinal_cluster,1,2342,0.9013663535439795,0.9133219470538002,0.9133219470538002,0.3833851171207772,0,,,0,
50,3,ordinal_cluster,2,2428,0.9044481054365733,0.9497528830313015,0.9497528830313015,0.4528252895626702,0,,,0,
50,3,ordinal_cluster,3,2413,0.8889349357646084,1.0099461251554083,1.0099461251554083,0.5016032969866507,0,,,0,
50,3,ordinal_cluster,4,2325,0.8774193548387097,0.9634408602150538,0.9634408602150538,0.558730292559276,0,,,0,
50,3,linear_structured_final_mondrian,0,492,0.9491869918699187,0.9491869918699187,0.9491869918699187,0.35067531903923854,0,0.29271084051898094,0.0579644785202576,0,25
50,3,linear_structured_final_mondrian,1,2342,0.8915456874466268,0.9056362083689155,0.9056362083689155,0.36840622721487354,0,0.35521084051898094,0.013195386695892597,0,50
50,3,linear_structured_final_mondrian,2,2428,0.9118616144975288,0.9946457990115322,0.9946457990115322,0.4635051543256775,0,0.41771084051898094,0.045794313806696574,0,50
50,3,linear_structured_final_mondrian,3,2413,0.951512639867385,1.1670120182345627,1.1670120182345627,0.6134078819286707,0,0.48021084051898094,0.13319704140968974,0,50
50,3,linear_structured_final_mondrian,4,2325,0.9470967741935484,1.0959139784946237,1.0959139784946237,0.68735606039262,0,0.5427108405189809,0.1446452198736391,0,50
50,4,independent_mondrian,0,536,0.9253731343283582,0.9272388059701493,0.9272388059701493,0.3216671057193155,0,,,0,
50,4,independent_mondrian,1,2285,0.9439824945295405,0.9474835886214442,0.9474835886214442,0.4319281731930076,0,,,0,
50,4,independent_mondrian,2,2354,0.8691588785046729,0.9252336448598131,0.9252336448598131,0.4115272378625509,0,,,0,
50,4,independent_mondrian,3,2374,0.901010951979781,1.12636899747262,1.12636899747262,0.5138324371281143,0,,,0,
50,4,independent_mondrian,4,2451,0.95593635250918,1.04406364749082,1.04406364749082,0.7345150740790665,0,,,0,
50,4,ordinal_cluster,0,536,0.9776119402985075,0.9794776119402985,0.9794776119402985,0.417003248892711,0,,,0,
50,4,ordinal_cluster,1,2285,0.9347921225382932,0.9431072210065645,0.9431072210065645,0.41358676478602546,0,,,0,
50,4,ordinal_cluster,2,2354,0.8946474086661003,0.9443500424808836,0.9443500424808836,0.4387937139973492,0,,,0,
50,4,ordinal_cluster,3,2374,0.8963774220724515,1.027379949452401,1.027379949452401,0.5051413472575594,0,,,0,
50,4,ordinal_cluster,4,2451,0.8951448388412893,0.9808241534067728,0.9808241534067728,0.5870551278972772,0,,,0,
50,4,linear_structured_final_mondrian,0,536,0.9216417910447762,0.9235074626865671,0.9235074626865671,0.31885483530123643,0,0.3879331823634165,-0.06907834706218008,0,25
50,4,linear_structured_final_mondrian,1,2285,0.9396061269146608,0.9409190371991247,0.9409190371991247,0.41955463055620656,0,0.42793318236341654,-0.008378551807209977,0,50
50,4,linear_structured_final_mondrian,2,2354,0.8296516567544605,0.9044180118946474,0.9044180118946474,0.3733734302933458,0,0.4679331823634166,-0.09455975207007078,0,50
50,4,linear_structured_final_mondrian,3,2374,0.9313395113732098,1.2818028643639428,1.2818028643639428,0.5681538991906296,0,0.5079331823634166,0.06022071682721308,0,50
50,4,linear_structured_final_mondrian,4,2451,0.982048143614851,1.0901672786617707,1.0901672786617707,0.8614407891826034,0,0.5479331823634166,0.31350760681918677,0,50
50,5,independent_mondrian,0,511,0.8414872798434442,0.8414872798434442,0.8414872798434442,0.2434708686559872,0,,,0,
50,5,independent_mondrian,1,2390,0.90418410041841,0.9066945606694561,0.9066945606694561,0.3741944223398684,0,,,0,
50,5,independent_mondrian,2,2377,0.8346655448043753,0.8906184265881363,0.8906184265881363,0.380606472259588,0,,,0,
50,5,independent_mondrian,3,2351,0.9149298170991068,1.0178647384091877,1.0178647384091877,0.5356236171011848,0,,,0,
50,5,independent_mondrian,4,2371,0.8709405314213412,0.9713201180936314,0.9713201180936314,0.5625889815855325,0,,,0,
50,5,ordinal_cluster,0,511,0.9471624266144814,0.9471624266144814,0.9471624266144814,0.35072100625104724,0,,,0,
50,5,ordinal_cluster,1,2390,0.8891213389121339,0.896234309623431,0.896234309623431,0.35965391698645616,0,,,0,
50,5,ordinal_cluster,2,2377,0.8834665544804375,0.9360538493899874,0.9360538493899874,0.43096767692916926,0,,,0,
50,5,ordinal_cluster,3,2351,0.9076988515525308,1.0153126329221607,1.0153126329221607,0.5260779624020968,0,,,0,
50,5,ordinal_cluster,4,2371,0.8608182201602699,0.956980177140447,0.956980177140447,0.5474725190555148,0,,,0,
50,5,linear_structured_final_mondrian,0,511,0.8454011741682974,0.8454011741682974,0.8454011741682974,0.24555326158779361,0,0.28237072563419624,-0.036817464046402626,0,25
50,5,linear_structured_final_mondrian,1,2390,0.90418410041841,0.9066945606694561,0.9066945606694561,0.3741944223398684,0,0.34987072563419613,0.02432369670567225,0,50
50,5,linear_structured_final_mondrian,2,2377,0.8203618005889777,0.8801009676062264,0.8801009676062264,0.36988467052231316,0,0.417370725634196,-0.04748605511188286,0,50
50,5,linear_structured_final_mondrian,3,2351,0.9213100808166738,1.050191407911527,1.050191407911527,0.5480713404388488,0,0.4848707256341959,0.06320061480465283,0,50
50,5,linear_structured_final_mondrian,4,2371,0.8983551244200759,1.008435259384226,1.008435259384226,0.6077842044020584,0,0.5523707256341959,0.05541347876786251,0,50
50,6,independent_mondrian,0,480,0.94375,0.94375,0.94375,0.3472323697264883,0,,,0,
50,6,independent_mondrian,1,2366,0.8808114961961115,0.8985629754860525,0.8985629754860525,0.362441146739508,0,,,0,
50,6,independent_mondrian,2,2371,0.906790383804302,0.9784900885702236,0.9784900885702236,0.45953206750079123,0,,,0,
50,6,independent_mondrian,3,2423,0.9290136194799835,1.0788278992983904,1.0788278992983904,0.5678357903938329,0,,,0,
50,6,independent_mondrian,4,2360,0.9046610169491526,1.0173728813559322,1.0173728813559322,0.6052722106719798,0,,,0,
50,6,ordinal_cluster,0,480,0.9479166666666666,0.9520833333333333,0.9520833333333333,0.35320216083776934,0,,,0,
50,6,ordinal_cluster,1,2366,0.9281487743026204,0.9480135249366018,0.9480135249366018,0.4221534539916085,0,,,0,
50,6,ordinal_cluster,2,2371,0.9245044285111768,0.9974694221847322,0.9974694221847322,0.48453458887970086,0,,,0,
50,6,ordinal_cluster,3,2423,0.9191085431283533,1.0643829962855964,1.0643829962855964,0.5501195858935473,0,,,0,
50,6,ordinal_cluster,4,2360,0.8953389830508475,0.9949152542372881,0.9949152542372881,0.5887449483761383,0,,,0,
50,6,linear_structured_final_mondrian,0,480,0.9583333333333334,0.9625,0.9625,0.37018009618225095,0,0.27141279228515913,0.09876730389709182,0,25
50,6,linear_structured_final_mondrian,1,2366,0.9294167371090448,0.9497041420118343,0.9497041420118343,0.4249588396307415,0,0.3664127922851591,0.058546047345582386,0,50
50,6,linear_structured_final_mondrian,2,2371,0.9088991986503585,0.9890341628005062,0.9890341628005062,0.4618664276332631,0,0.4614127922851591,0.00045363534810399786,0,50
50,6,linear_structured_final_mondrian,3,2423,0.9286009079653322,1.071811803549319,1.071811803549319,0.5673796046885922,0,0.556412792285159,0.010966812403433113,0,50
50,6,linear_structured_final_mondrian,4,2360,0.9008474576271186,1.013135593220339,1.013135593220339,0.5972290856200628,0,0.651412792285159,-0.0541837066650962,0,50
50,7,independent_mondrian,0,482,0.9190871369294605,0.9190871369294605,0.9190871369294605,0.31721903110681166,0,,,0,
50,7,independent_mondrian,1,2398,0.872393661384487,0.8761467889908257,0.8761467889908257,0.33750006219614936,0,,,0,
50,7,independent_mondrian,2,2412,0.8229684908789386,0.87893864013267,0.87893864013267,0.36493249926294763,0,,,0,
50,7,independent_mondrian,3,2329,0.9205667668527265,1.0270502361528553,1.0270502361528553,0.5646894788108109,0,,,0,
50,7,independent_mondrian,4,2379,0.8881883144178226,0.9978982765868012,0.9978982765868012,0.5768529712138922,0,,,0,
50,7,ordinal_cluster,0,482,0.9294605809128631,0.9294605809128631,0.9294605809128631,0.3266728026040902,0,,,0,
50,7,ordinal_cluster,1,2398,0.872393661384487,0.878231859883236,0.878231859883236,0.33750006219614936,0,,,0,
50,7,ordinal_cluster,2,2412,0.8822553897180763,0.9282752902155887,0.9282752902155887,0.42264122418317984,0,,,0,
50,7,ordinal_cluster,3,2329,0.9115500214684414,1.0291970802919708,1.0291970802919708,0.5364504039467245,0,,,0,
50,7,ordinal_cluster,4,2379,0.880201765447667,0.9777217318200925,0.9777217318200925,0.5663755416776924,0,,,0,
50,7,linear_structured_final_mondrian,0,482,0.9294605809128631,0.9294605809128631,0.9294605809128631,0.3266728026040902,0,0.2768529712138924,0.0498198313901978,0,25
50,7,linear_structured_final_mondrian,1,2398,0.8502919099249374,0.8552960800667223,0.8552960800667223,0.3225949216308556,0,0.35185297121389236,-0.029258049583036738,0,50
50,7,linear_structured_final_mondrian,2,2412,0.8582089552238806,0.9660033167495854,0.9660033167495854,0.39578730079303714,0,0.4268529712138923,-0.031065670420855174,0,50
50,7,linear_structured_final_mondrian,3,2329,0.9630742808072134,1.0751395448690426,1.0751395448690426,0.6599937565114748,0,0.5018529712138923,0.15814078529758258,0,50
50,7,linear_structured_final_mondrian,4,2379,0.880201765447667,1.0542244640605296,1.0542244640605296,0.5663755416776924,0,0.5768529712138922,-0.01047742953619979,0,50
50,8,independent_mondrian,0,517,0.8239845261121856,0.8239845261121856,0.8239845261121856,0.252160045286509,0,,,0,
50,8,independent_mondrian,1,2441,0.9041376485047112,0.9094633346988938,0.9094633346988938,0.3719910748915021,0,,,0,
50,8,independent_mondrian,2,2294,0.9045335658238884,0.95640802092415,0.95640802092415,0.44237233523437497,0,,,0,
50,8,independent_mondrian,3,2380,0.9058823529411765,1.022689075630252,1.022689075630252,0.5318742993857227,0,,,0,
50,8,independent_mondrian,4,2368,0.8762668918918919,0.9835304054054054,0.9835304054054054,0.5453484101269155,0,,,0,
50,8,ordinal_cluster,0,517,0.9168278529980658,0.9168278529980658,0.9168278529980658,0.3246150434089137,0,,,0,
50,8,ordinal_cluster,1,2441,0.9184760344121262,0.9258500614502253,0.9258500614502253,0.39033318632820657,0,,,0,
50,8,ordinal_cluster,2,2294,0.9106364428945074,0.9620749782040104,0.9620749782040104,0.45376278280548754,0,,,0,
50,8,ordinal_cluster,3,2380,0.9004201680672269,1.019327731092437,1.019327731092437,0.5222608855900189,0,,,0,
50,8,ordinal_cluster,4,2368,0.872043918918919,0.9746621621621622,0.9746621621621622,0.5396481408505668,0,,,0,
50,8,linear_structured_final_mondrian,0,517,0.7562862669245648,0.7562862669245648,0.7562862669245648,0.2154208100595377,0,0.26792489990829066,-0.05250408984875296,0,25
50,8,linear_structured_final_mondrian,1,2441,0.9401884473576403,0.9446947972142564,0.9446947972142564,0.4167450526564991,0,0.3379248999082907,0.07882015274820836,0,50
50,8,linear_structured_final_mondrian,2,2294,0.8962510897994769,0.970357454228422,0.970357454228422,0.43588896889883694,0,0.4079248999082908,0.027964068990546154,0,50
50,8,linear_structured_final_mondrian,3,2380,0.9336134453781513,1.0592436974789916,1.0592436974789916,0.5793105832415685,0,0.47792489990829085,0.10138568333327763,0,50
50,8,linear_structured_final_mondrian,4,2368,0.8923141891891891,1.0190033783783783,1.0190033783783783,0.5722171218688603,0,0.5479248999082909,0.02429222196056946,0,50
50,9,independent_mondrian,0,514,0.9260700389105059,0.9280155642023347,0.9280155642023347,0.3051784936327904,0,,,0,
50,9,independent_mondrian,1,2370,0.929535864978903,0.9375527426160337,0.9375527426160337,0.4034303720857649,0,,,0,
50,9,independent_mondrian,2,2440,0.8786885245901639,0.9344262295081968,0.9344262295081968,0.43349601701583873,0,,,0,
50,9,independent_mondrian,3,2318,0.8869715271786023,1.0271786022433131,1.0271786022433131,0.5183845290308351,0,,,0,
50,9,independent_mondrian,4,2358,0.9071246819338422,0.9970313825275657,0.9970313825275657,0.6010945111663039,0,,,0,
50,9,ordinal_cluster,0,514,0.9708171206225681,0.9708171206225681,0.9708171206225681,0.3777312811657672,0,,,0,
50,9,ordinal_cluster,1,2370,0.9253164556962026,0.9383966244725739,0.9383966244725739,0.3963339348767437,0,,,0,
50,9,ordinal_cluster,2,2440,0.9008196721311476,0.9557377049180328,0.9557377049180328,0.4597484726544694,0,,,0,
50,9,ordinal_cluster,3,2318,0.8882657463330458,1.0090595340811044,1.0090595340811044,0.5200760385709743,0,,,0,
50,9,ordinal_cluster,4,2358,0.871501272264631,0.9626802374893978,0.9626802374893978,0.5425180590864718,0,,,0,
50,9,linear_structured_final_mondrian,0,514,0.9610894941634242,0.9630350194552529,0.9630350194552529,0.35967516334522304,0,0.24838452903083486,0.11129063431438818,0,25
50,9,linear_structured_final_mondrian,1,2370,0.9632911392405064,0.9843881856540084,0.9843881856540084,0.46211499424554126,0,0.33838452903083494,0.12373046521470632,0,50
50,9,linear_structured_final_mondrian,2,2440,0.9471311475409836,1.0073770491803278,1.0073770491803278,0.5332976523200635,0,0.428384529030835,0.10491312328922853,0,50
50,9,linear_structured_final_mondrian,3,2318,0.8826574633304572,1.063416738567731,1.063416738567731,0.5095217582781502,0,0.5183845290308351,-0.008862770752684934,0,50
50,9,linear_structured_final_mondrian,4,2358,0.9071246819338422,0.9936386768447837,0.9936386768447837,0.6010945111663039,0,0.6083845290308352,-0.007290017864531317,0,50
50,10,independent_mondrian,0,513,0.949317738791423,0.949317738791423,0.949317738791423,0.3483454905971648,0,,,0,
50,10,independent_mondrian,1,2339,0.9149209063702437,0.9187687045746046,0.9187687045746046,0.38635475050865264,0,,,0,
50,10,independent_mondrian,2,2403,0.8223054515189346,0.8884727424053267,0.8884727424053267,0.36871741079533543,0,,,0,
50,10,independent_mondrian,3,2420,0.9297520661157025,1.05,1.05,0.5614515437469539,0,,,0,
50,10,independent_mondrian,4,2325,0.9002150537634409,1.0090322580645161,1.0090322580645161,0.5901168211819078,0,,,0,
50,10,ordinal_cluster,0,513,0.9688109161793372,0.9688109161793372,0.9688109161793372,0.37624544406960037,0,,,0,
50,10,ordinal_cluster,1,2339,0.9003847798204361,0.9050876442924327,0.9050876442924327,0.37457369425590803,0,,,0,
50,10,ordinal_cluster,2,2403,0.8922180607573866,0.9271743653766126,0.9271743653766126,0.4339016688501531,0,,,0,
50,10,ordinal_cluster,3,2420,0.8789256198347107,1.0020661157024793,1.0020661157024793,0.48897481708909474,0,,,0,
50,10,ordinal_cluster,4,2325,0.8920430107526882,0.9698924731182795,0.9698924731182795,0.5752388033137121,0,,,0,
50,10,linear_structured_final_mondrian,0,513,0.8615984405458089,0.8615984405458089,0.8615984405458089,0.2787061267872096,0,0.29962406016411397,-0.020917933376904396,0,25
50,10,linear_structured_final_mondrian,1,2339,0.9290294997862334,0.9311671654553227,0.9311671654553227,0.40578980426199757,0,0.3871240601641139,0.018665744097883685,0,50
50,10,linear_structured_final_mondrian,2,2403,0.7594673325010404,0.7973366625052019,0.7973366625052019,0.3231424809675827,0,0.4746240601641138,-0.1514815791965311,0,50
50,10,linear_structured_final_mondrian,3,2420,0.8648760330578512,0.9214876033057852,0.9214876033057852,0.4720771184898192,0,0.5621240601641138,-0.09004694167429456,0,50
50,10,linear_structured_final_mondrian,4,2325,0.7974193548387096,0.8705376344086021,0.8705376344086021,0.44987128257901515,0,0.6496240601641137,-0.19975277758509852,0,50
50,11,independent_mondrian,0,476,0.9327731092436975,0.9327731092436975,0.9327731092436975,0.32781714745398977,0,,,0,
50,11,independent_mondrian,1,2342,0.908198121263877,0.9137489325362937,0.9137489325362937,0.38445133447292323,0,,,0,
50,11,independent_mondrian,2,2363,0.8764282691493863,0.9242488362251375,0.9242488362251375,0.41696318320413694,0,,,0,
50,11,independent_mondrian,3,2395,0.8830897703549061,1.0342379958246346,1.0342379958246346,0.49903491813370665,0,,,0,
50,11,independent_mondrian,4,2424,0.9096534653465347,0.9863861386138614,0.9863861386138614,0.6298405077464483,0,,,0,
50,11,ordinal_cluster,0,476,0.957983193277311,0.957983193277311,0.957983193277311,0.36391968809130076,0,,,0,
50,11,ordinal_cluster,1,2342,0.898804440649018,0.9064901793339026,0.9064901793339026,0.3736933452762099,0,,,0,
50,11,ordinal_cluster,2,2363,0.8840457046127803,0.942869234024545,0.942869234024545,0.4248866765735914,0,,,0,
50,11,ordinal_cluster,3,2395,0.9018789144050104,1.037160751565762,1.037160751565762,0.5348167105175816,0,,,0,
50,11,ordinal_cluster,4,2424,0.8968646864686468,0.9938118811881188,0.9938118811881188,0.6029757874062638,0,,,0,
50,11,linear_structured_final_mondrian,0,476,0.9369747899159664,0.9369747899159664,0.9369747899159664,0.33291750766503,0,0.3248866765735913,0.00803083109143865,0,25
50,11,linear_structured_final_mondrian,1,2342,0.908198121263877,0.9274124679760888,0.9274124679760888,0.38445133447292323,0,0.37488667657359137,0.009564657899331863,0,50
50,11,linear_structured_final_mondrian,2,2363,0.9538721963605586,1.011426153195091,1.011426153195091,0.5348167105175816,0,0.4248866765735914,0.1099300339439902,0,50
50,11,linear_structured_final_mondrian,3,2395,0.8977035490605428,1.118580375782881,1.118580375782881,0.525540836070701,0,0.47488667657359146,0.05065415949710955,0,50
50,11,linear_structured_final_mondrian,4,2424,0.9306930693069307,1.021039603960396,1.021039603960396,0.6689038413786262,0,0.5248866765735916,0.14401716480503468,0,50
50,12,independent_mondrian,0,516,0.8837209302325582,0.8837209302325582,0.8837209302325582,0.27861241378191337,0,,,0,
50,12,independent_mondrian,1,2370,0.8843881856540085,0.8890295358649789,0.8890295358649789,0.34866502439515135,0,,,0,
50,12,independent_mondrian,2,2314,0.8993085566119274,0.9364736387208298,0.9364736387208298,0.4354182682494237,0,,,0,
50,12,independent_mondrian,3,2458,0.870626525630594,1.0105777054515868,1.0105777054515868,0.489151240505188,0,,,0,
50,12,independent_mondrian,4,2342,0.9052092228864219,0.979931682322801,0.979931682322801,0.6014041092500667,0,,,0,
50,12,ordinal_cluster,0,516,0.9263565891472868,0.9263565891472868,0.9263565891472868,0.32243906480065754,0,,,0,
50,12,ordinal_cluster,1,2370,0.9071729957805907,0.9122362869198313,0.9122362869198313,0.3775244547369682,0,,,0,
50,12,ordinal_cluster,2,2314,0.9001728608470182,0.9382022471910112,0.9382022471910112,0.43650412478821476,0,,,0,
50,12,ordinal_cluster,3,2458,0.870626525630594,0.983319772172498,0.983319772172498,0.489151240505188,0,,,0,
50,12,ordinal_cluster,4,2342,0.8689154568744663,0.9436379163108455,0.9436379163108455,0.5361975140719586,0,,,0,
50,12,linear_structured_final_mondrian,0,516,0.9205426356589147,0.9205426356589147,0.9205426356589147,0.31486573091547915,0,0.26650412478821484,0.04836160612726431,0,25
50,12,linear_structured_final_mondrian,1,2370,0.8843881856540085,0.8886075949367088,0.8886075949367088,0.34866502439515135,0,0.3515041247882148,-0.002839100393063454,0,50
50,12,linear_structured_final_mondrian,2,2314,0.8949870354364736,0.9209161624891962,0.9209161624891962,0.42856514820674946,0,0.43650412478821476,-0.007938976581465307,0,50
50,12,linear_structured_final_mondrian,3,2458,0.8311635475996745,0.934499593165175,0.934499593165175,0.44828314573995637,0,0.5215041247882147,-0.07322097904825836,0,50
50,12,linear_structured_final_mondrian,4,2342,0.8595217762596071,0.9210076857386849,0.9210076857386849,0.5241604333062262,0,0.6065041247882147,-0.0823436914819885,0,50
50,13,independent_mondrian,0,514,0.9494163424124513,0.9494163424124513,0.9494163424124513,0.3370447706592875,0,,,0,
50,13,independent_mondrian,1,2338,0.8823781009409752,0.8956372968349017,0.8956372968349017,0.34608796303251976,0,,,0,
50,13,independent_mondrian,2,2416,0.9259105960264901,0.9507450331125827,0.9507450331125827,0.4799267324944333,0,,,0,
50,13,independent_mondrian,3,2386,0.8428331936295055,0.9874266554903605,0.9874266554903605,0.4518566288131067,0,,,0,
50,13,independent_mondrian,4,2346,0.8938618925831202,0.9539641943734015,0.9539641943734015,0.5733664484149424,0,,,0,
50,13,ordinal_cluster,0,514,0.9494163424124513,0.9494163424124513,0.9494163424124513,0.34282036983994424,0,,,0,
50,13,ordinal_cluster,1,2338,0.9281437125748503,0.9349871685201027,0.9349871685201027,0.40127863998404256,0,,,0,
50,13,ordinal_cluster,2,2416,0.8836920529801324,0.9288079470198676,0.9288079470198676,0.418371419060124,0,,,0,
50,13,ordinal_cluster,3,2386,0.8834870075440067,0.9853310980720872,0.9853310980720872,0.5082683691491422,0,,,0,
50,13,ordinal_cluster,4,2346,0.8572037510656436,0.9398976982097187,0.9398976982097187,0.520763128845995,0,,,0,
50,13,linear_structured_final_mondrian,0,514,0.9610894941634242,0.9610894941634242,0.9610894941634242,0.36630732106733926,0,0.3008626248588824,0.06544469620845689,0,25
50,13,linear_structured_final_mondrian,1,2338,0.9234388366124893,0.9422583404619332,0.9422583404619332,0.3920105147167768,0,0.3633626248588824,0.028647889857894404,0,50
50,13,linear_structured_final_mondrian,2,2416,0.9408112582781457,0.9739238410596026,0.9739238410596026,0.5082683691491422,0,0.4258626248588824,0.08240574429025982,0,50
50,13,linear_structured_final_mondrian,3,2386,0.8491198658843252,1.0557418273260688,1.0557418273260688,0.45934095878333747,0,0.4883626248588824,-0.029021666075544905,0,50
50,13,linear_structured_final_mondrian,4,2346,0.9317988064791134,0.9919011082693947,0.9919011082693947,0.6520015081145429,0,0.5508626248588824,0.10113888325566056,0,50
50,14,independent_mondrian,0,472,0.8411016949152542,0.8411016949152542,0.8411016949152542,0.24664939489845983,0,,,0,
50,14,independent_mondrian,1,2378,0.8944491169049622,0.9024390243902439,0.9024390243902439,0.3611030737081562,0,,,0,
50,14,independent_mondrian,2,2439,0.906929069290693,0.966379663796638,0.966379663796638,0.46478337581935103,0,,,0,
50,14,independent_mondrian,3,2404,0.9209650582362728,1.0374376039933444,1.0374376039933444,0.5617912985954157,0,,,0,
50,14,independent_mondrian,4,2307,0.8617251842219332,0.9635890767230169,0.9635890767230169,0.5317057324165891,0,,,0,
50,14,ordinal_cluster,0,472,0.8919491525423728,0.8919491525423728,0.8919491525423728,0.2956556949397277,0,,,0,
50,14,ordinal_cluster,1,2378,0.926829268292683,0.9327165685449958,0.9327165685449958,0.4005880064760149,0,,,0,
50,14,ordinal_cluster,2,2439,0.8880688806888068,0.9360393603936039,0.9360393603936039,0.43351737752323666,0,,,0,
50,14,ordinal_cluster,3,2404,0.877287853577371,0.9829450915141431,0.9829450915141431,0.48994661903460907,0,,,0,
50,14,ordinal_cluster,4,2307,0.8617251842219332,0.9358474208929346,0.9358474208929346,0.5317057324165891,0,,,0,
50,14,linear_structured_final_mondrian,0,472,0.8347457627118644,0.8347457627118644,0.8347457627118644,0.24477294671243224,0,0.3143910175428355,-0.06961807083040325,0,25
50,14,linear_structured_final_mondrian,1,2378,0.8376787216148024,0.8473507148864592,0.8473507148864592,0.30729607280727084,0,0.3618910175428356,-0.054594944735564754,0,50
50,14,linear_structured_final_mondrian,2,2439,0.9192291922919229,0.976629766297663,0.976629766297663,0.4792831519500464,0,0.4093910175428357,0.0698921344072107,0,50
50,14,linear_structured_final_mondrian,3,2404,0.9272046589018302,1.0736272878535773,1.0736272878535773,0.5723139324070133,0,0.4568910175428358,0.11542291486417755,0,50
50,14,linear_structured_final_mondrian,4,2307,0.8994364976159515,1.0073688773298657,1.0073688773298657,0.5889356478079086,0,0.5043910175428359,0.08454463026507275,0,50
50,15,independent_mondrian,0,467,0.9250535331905781,0.9250535331905781,0.9250535331905781,0.3430883666449088,0,,,0,
50,15,independent_mondrian,1,2404,0.9101497504159733,0.9213810316139767,0.9213810316139767,0.3805140245604435,0,,,0,
50,15,independent_mondrian,2,2370,0.9215189873417722,0.9729957805907173,0.9729957805907173,0.4764179589723174,0,,,0,
50,15,independent_mondrian,3,2399,0.9141308878699458,1.0358482701125469,1.0358482701125469,0.5341874214694984,0,,,0,
50,15,independent_mondrian,4,2360,0.8889830508474577,0.9766949152542372,0.9766949152542372,0.5625682270829132,0,,,0,
50,15,ordinal_cluster,0,467,0.9486081370449678,0.9486081370449678,0.9486081370449678,0.3669355268218076,0,,,0,
50,15,ordinal_cluster,1,2404,0.9255407653910149,0.9355241264559068,0.9355241264559068,0.403222950681335,0,,,0,
50,15,ordinal_cluster,2,2370,0.9147679324894514,0.9679324894514768,0.9679324894514768,0.4631698308299981,0,,,0,
50,15,ordinal_cluster,3,2399,0.9070446019174656,1.0183409754064194,1.0183409754064194,0.5217200516874624,0,,,0,
50,15,ordinal_cluster,4,2360,0.8771186440677966,0.9584745762711865,0.9584745762711865,0.5460106452505977,0,,,0,
50,15,linear_structured_final_mondrian,0,467,0.9250535331905781,0.9250535331905781,0.9250535331905781,0.34416218825320544,0,0.34316983082999797,0.0009923574232074683,0,25
50,15,linear_structured_final_mondrian,1,2404,0.9051580698835274,0.9197171381031614,0.9197171381031614,0.3741906224920558,0,0.403169830829998,-0.02897920833794221,0,50
50,15,linear_structured_final_mondrian,2,2370,0.9265822784810127,0.9776371308016878,0.9776371308016878,0.48825258682902617,0,0.4631698308299981,0.025082755999028095,0,50
50,15,linear_structured_final_mondrian,3,2399,0.9141308878699458,1.039182992913714,1.039182992913714,0.5341874214694984,0,0.5231698308299981,0.011017590639500252,0,50
50,15,linear_structured_final_mondrian,4,2360,0.8889830508474577,0.9766949152542372,0.9766949152542372,0.5625682270829132,0,0.5831698308299982,-0.020601603747084973,0,50
50,16,independent_mondrian,0,480,0.90625,0.90625,0.90625,0.27123919618706144,0,,,0,
50,16,independent_mondrian,1,2418,0.9280397022332506,0.9383788254755997,0.9383788254755997,0.4000757913321505,0,,,0,
50,16,independent_mondrian,2,2361,0.9097839898348158,0.9678102498941127,0.9678102498941127,0.45854547935631146,0,,,0,
50,16,independent_mondrian,3,2362,0.9081287044877223,1.0766299745977985,1.0766299745977985,0.5352930792383438,0,,,0,
50,16,independent_mondrian,4,2379,0.9184531315678857,1.0256410256410255,1.0256410256410255,0.6426791539454911,0,,,0,
50,16,ordinal_cluster,0,480,0.9604166666666667,0.9604166666666667,0.9604166666666667,0.35533252347695,0,,,0,
50,16,ordinal_cluster,1,2418,0.9305210918114144,0.9425144747725392,0.9425144747725392,0.4040192509874119,0,,,0,
50,16,ordinal_cluster,2,2361,0.9199491740787802,0.9813638288860652,0.9813638288860652,0.47616384607689466,0,,,0,
50,16,ordinal_cluster,3,2362,0.9165961049957663,1.056731583403895,1.056731583403895,0.5474969149142797,0,,,0,
50,16,ordinal_cluster,4,2379,0.8717948717948718,0.9882303488860866,0.9882303488860866,0.5678618775315035,0,,,0,
50,16,linear_structured_final_mondrian,0,480,0.9541666666666667,0.9541666666666667,0.9541666666666667,0.3429387227476651,0,0.2736946441823262,0.06924407856533893,0,25
50,16,linear_structured_final_mondrian,1,2418,0.9305210918114144,0.9400330851943756,0.9400330851943756,0.4049081973874637,0,0.3611946441823261,0.04371355320513759,0,50
50,16,linear_structured_final_mondrian,2,2361,0.9038542990258365,0.963998305802626,0.963998305802626,0.4488787817088786,0,0.448694644182326,0.00018413752655260796,0,50
50,16,linear_structured_final_mondrian,3,2362,0.9123624047417442,1.1621507197290433,1.1621507197290433,0.5417017310437368,0,0.536194644182326,0.00550708686141077,0,50
50,16,linear_structured_final_mondrian,4,2379,0.9596469104665826,1.0722992854140394,1.0722992854140394,0.7474569140680213,0,0.6236946441823259,0.12376226988569539,0,50
50,17,independent_mondrian,0,475,0.8863157894736842,0.8863157894736842,0.8863157894736842,0.29624670795354696,0,,,0,
50,17,independent_mondrian,1,2428,0.9023887973640856,0.9172158154859967,0.9172158154859967,0.368007491248888,0,,,0,
50,17,independent_mondrian,2,2358,0.9228159457167091,0.9635284139100933,0.9635284139100933,0.4865731841317206,0,,,0,
50,17,independent_mondrian,3,2327,0.8856897292651482,1.070477009024495,1.070477009024495,0.5028647168746639,0,,,0,
50,17,independent_mondrian,4,2412,0.9324212271973465,1.013681592039801,1.013681592039801,0.6544376591274945,0,,,0,
50,17,ordinal_cluster,0,475,0.9242105263157895,0.9242105263157895,0.9242105263157895,0.33361805346716517,0,,,0,
50,17,ordinal_cluster,1,2428,0.9250411861614497,0.9357495881383855,0.9357495881383855,0.40229713487552093,0,,,0,
50,17,ordinal_cluster,2,2358,0.9147582697201018,0.9673452078032231,0.9673452078032231,0.4699000399530972,0,,,0,
50,17,ordinal_cluster,3,2327,0.9024495058014611,1.040395358831113,1.040395358831113,0.5272633045563306,0,,,0,
50,17,ordinal_cluster,4,2412,0.9017412935323383,0.9958540630182421,0.9958540630182421,0.5814694484723696,0,,,0,
50,17,linear_structured_final_mondrian,0,475,0.92,0.92,0.92,0.3290097474070207,0,0.282687800757522,0.046321946649498735,0,25
50,17,linear_structured_final_mondrian,1,2428,0.8620263591433278,0.8727347611202636,0.8727347611202636,0.33361805346716517,0,0.36268780075752205,-0.029069747290356884,0,50
50,17,linear_structured_final_mondrian,2,2358,0.9151823579304496,0.9580152671755725,0.9580152671755725,0.4706084278035899,0,0.4426878007575221,0.027920627046067792,0,50
50,17,linear_structured_final_mondrian,3,2327,0.9024495058014611,1.156854318865492,1.156854318865492,0.5272633045563306,0,0.5226878007575222,0.004575503798808445,0,50
50,17,linear_structured_final_mondrian,4,2412,0.9672470978441128,1.0613598673300166,1.0613598673300166,0.7547010366915482,0,0.6026878007575223,0.15201323593402594,0,50
50,18,independent_mondrian,0,490,0.9020408163265307,0.9020408163265307,0.9020408163265307,0.2934149062332867,0,,,0,
50,18,independent_mondrian,1,2402,0.9059117402164862,0.9104912572855953,0.9104912572855953,0.3699751619307168,0,,,0,
50,18,independent_mondrian,2,2331,0.885027885027885,0.9262119262119262,0.9262119262119262,0.4248282276637819,0,,,0,
50,18,independent_mondrian,3,2406,0.8869492934330839,1.0295095594347465,1.0295095594347465,0.5049475373921483,0,,,0,
50,18,independent_mondrian,4,2371,0.9215520877266976,0.995782370307887,0.995782370307887,0.5960127159997063,0,,,0,
50,18,ordinal_cluster,0,490,0.9469387755102041,0.9469387755102041,0.9469387755102041,0.3428472747729838,0,,,0,
50,18,ordinal_cluster,1,2402,0.9059117402164862,0.9109075770191507,0.9109075770191507,0.3697747721831522,0,,,0,
50,18,ordinal_cluster,2,2331,0.8970398970398971,0.9382239382239382,0.9382239382239382,0.44175778220931405,0,,,0,
50,18,ordinal_cluster,3,2406,0.8869492934330839,1.0012468827930174,1.0012468827930174,0.5048141553315373,0,,,0,
50,18,ordinal_cluster,4,2371,0.8882328131590046,0.9620413327709827,0.9620413327709827,0.5382234761178267,0,,,0,
50,18,linear_structured_final_mondrian,0,490,0.9020408163265307,0.9020408163265307,0.9020408163265307,0.2934149062332867,0,0.3099475373921484,-0.01653263115886172,0,25
50,18,linear_structured_final_mondrian,1,2402,0.8830141548709409,0.8913405495420483,0.8913405495420483,0.3481450504378969,0,0.37494753739214837,-0.02680248695425147,0,50
50,18,linear_structured_final_mondrian,2,2331,0.9141999141999142,0.948948948948949,0.948948948948949,0.4644158923487066,0,0.4399475373921483,0.024468354956558303,0,50
50,18,linear_structured_final_mondrian,3,2406,0.8815461346633416,1.0935162094763091,1.0935162094763091,0.4953983711774819,0,0.5049475373921483,-0.009549166214666338,0,50
50,18,linear_structured_final_mondrian,4,2371,0.9611978068325601,1.0307886967524251,1.0307886967524251,0.6864825253651059,0,0.5699475373921482,0.1165349879729577,0,50
50,19,independent_mondrian,0,457,0.9168490153172867,0.9168490153172867,0.9168490153172867,0.3185523928131479,0,,,0,
50,19,independent_mondrian,1,2396,0.8363939899833055,0.8568447412353923,0.8568447412353923,0.3212919519227399,0,,,0,
50,19,independent_mondrian,2,2291,0.9332169358358795,0.9703186381492798,0.9703186381492798,0.4924727154421024,0,,,0,
50,19,independent_mondrian,3,2407,0.9011217282924803,1.0731200664727878,1.0731200664727878,0.4968686819973178,0,,,0,
50,19,independent_mondrian,4,2449,0.9211923233973051,1.0036749693752551,1.0036749693752551,0.6396940700733942,0,,,0,
50,19,ordinal_cluster,0,457,0.9168490153172867,0.9168490153172867,0.9168490153172867,0.3195082080920127,0,,,0,
50,19,ordinal_cluster,1,2396,0.9006677796327212,0.9148580968280468,0.9148580968280468,0.3794742204492409,0,,,0,
50,19,ordinal_cluster,2,2291,0.9013531209079004,0.9576604103011785,0.9576604103011785,0.4493627632727079,0,,,0,
50,19,ordinal_cluster,3,2407,0.9281262982966348,1.0390527627752388,1.0390527627752388,0.5474053710044875,0,,,0,
50,19,ordinal_cluster,4,2449,0.8787260106165782,0.9832584728460596,0.9832584728460596,0.5612994535954267,0,,,0,
50,19,linear_structured_final_mondrian,0,457,0.986870897155361,0.986870897155361,0.986870897155361,0.43121087479719994,0,0.24369872221508632,0.18751215258211362,0,25
50,19,linear_structured_final_mondrian,1,2396,0.8606010016694491,0.8898163606010017,0.8898163606010017,0.3397175129082317,0,0.3236987222150864,0.016018790693145324,0,50
50,19,linear_structured_final_mondrian,2,2291,0.943692710606722,1.02226102138804,1.02226102138804,0.5139390206357406,0,0.40369872221508646,0.11024029842065414,0,50
50,19,linear_structured_final_mondrian,3,2407,0.9472372247611134,1.1304528458662235,1.1304528458662235,0.600426457678036,0,0.48369872221508653,0.11672773546294951,0,50
50,19,linear_structured_final_mondrian,4,2449,0.9220089832584728,1.0530828909759085,1.0530828909759085,0.6433994228289576,0,0.5636987222150867,0.07970070061387091,0,50
50,20,independent_mondrian,0,501,0.9321357285429142,0.9341317365269461,0.9341317365269461,0.34276021661663836,0,,,0,
50,20,independent_mondrian,1,2453,0.9294741133306156,0.9421116999592336,0.9421116999592336,0.4105623008029891,0,,,0,
50,20,independent_mondrian,2,2357,0.9304200254560883,0.9694526941026729,0.9694526941026729,0.4825190709530125,0,,,0,
50,20,independent_mondrian,3,2362,0.8624047417442845,1.0038103302286199,1.0038103302286199,0.48243490022346197,0,,,0,
50,20,independent_mondrian,4,2327,0.9007305543618392,0.9716373012462398,0.9716373012462398,0.5760803749157613,0,,,0,
50,20,ordinal_cluster,0,501,0.9680638722554891,0.9720558882235529,0.9720558882235529,0.38912222916694394,0,,,0,
50,20,ordinal_cluster,1,2453,0.9372197309417041,0.9449653485527925,0.9449653485527925,0.4249108419956438,0,,,0,
50,20,ordinal_cluster,2,2357,0.9193890538820535,0.9681798896902842,0.9681798896902842,0.4632692894121056,0,,,0,
50,20,ordinal_cluster,3,2362,0.882303132938188,1.0038103302286199,1.0038103302286199,0.5055201139457168,0,,,0,
50,20,ordinal_cluster,4,2327,0.8719381177481736,0.9518693596905887,0.9518693596905887,0.5405760434884688,0,,,0,
50,20,linear_structured_final_mondrian,0,501,0.9680638722554891,0.9680638722554891,0.9680638722554891,0.3921114011432912,0,0.36089834252606295,0.03121305861722823,0,25
50,20,linear_structured_final_mondrian,1,2453,0.8043212392988178,0.8198124745209947,0.8198124745209947,0.2935339335854462,0,0.4158983425260629,-0.12236440894061668,0,50
50,20,linear_structured_final_mondrian,2,2357,0.9427238014425117,0.9643614764531183,0.9643614764531183,0.5055201139457168,0,0.47089834252606283,0.034621771419654,0,50
50,20,linear_structured_final_mondrian,3,2362,0.8217612193056731,0.9729043183742591,0.9729043183742591,0.4311910376027004,0,0.5258983425260628,-0.09470730492336243,0,50
50,20,linear_structured_final_mondrian,4,2327,0.9007305543618392,0.9527288354103997,0.9527288354103997,0.5764020806999847,0,0.5808983425260628,-0.004496261826078096,0,50
50,21,independent_mondrian,0,500,0.782,0.782,0.782,0.2228176151555063,0,,,0,
50,21,independent_mondrian,1,2354,0.9078164825828378,0.9116397621070518,0.9116397621070518,0.38922598979488987,0,,,0,
50,21,independent_mondrian,2,2416,0.8629966887417219,0.9254966887417219,0.9254966887417219,0.3952183763554016,0,,,0,
50,21,independent_mondrian,3,2419,0.91649441918148,1.0388590326581233,1.0388590326581233,0.5467568822488028,0,,,0,
50,21,independent_mondrian,4,2311,0.9013414106447425,1.0108178277801818,1.0108178277801818,0.5934034639849372,0,,,0,
50,21,ordinal_cluster,0,500,0.948,0.948,0.948,0.3509951284245771,0,,,0,
50,21,ordinal_cluster,1,2354,0.8967714528462192,0.905267629566695,0.905267629566695,0.37563604362072067,0,,,0,
50,21,ordinal_cluster,2,2416,0.8890728476821192,0.9329470198675497,0.9329470198675497,0.4285643091132458,0,,,0,
50,21,ordinal_cluster,3,2419,0.8830095080611823,0.9937990905332782,0.9937990905332782,0.49940691136739807,0,,,0,
50,21,ordinal_cluster,4,2311,0.8723496321938555,0.9619212462137603,0.9619212462137603,0.5522011462549572,0,,,0,
50,21,linear_structured_final_mondrian,0,500,0.912,0.912,0.912,0.31759139189295676,0,0.282928944157391,0.03466244773556576,0,25
50,21,linear_structured_final_mondrian,1,2354,0.9265080713678845,0.945624468988955,0.945624468988955,0.4126308759073547,0,0.34792894415739095,0.06470193174996375,0,50
50,21,linear_structured_final_mondrian,2,2416,0.9362582781456954,1.0227649006622517,1.0227649006622517,0.49940691136739807,0,0.4129289441573909,0.08647796721000717,0,50
50,21,linear_structured_final_mondrian,3,2419,0.9528730880529144,1.1161637040099215,1.1161637040099215,0.6050074943798984,0,0.47792894415739084,0.12707855022250758,0,50
50,21,linear_structured_final_mondrian,4,2311,0.9048031155344007,1.040242319342276,1.040242319342276,0.5983571682028778,0,0.5429289441573908,0.05542822404548697,0,50
50,22,independent_mondrian,0,480,0.7791666666666667,0.7791666666666667,0.7791666666666667,0.2049345056492611,0,,,0,
50,22,independent_mondrian,1,2361,0.916560779330792,0.9267259635747565,0.9267259635747565,0.3886288554670478,0,,,0,
50,22,independent_mondrian,2,2384,0.9236577181208053,0.9555369127516778,0.9555369127516778,0.47228615207857794,0,,,0,
50,22,independent_mondrian,3,2390,0.8778242677824267,1.0338912133891214,1.0338912133891214,0.4768402173891187,0,,,0,
50,22,independent_mondrian,4,2385,0.9203354297693921,1.0020964360587001,1.0020964360587001,0.6242917032590031,0,,,0,
50,22,ordinal_cluster,0,480,0.9645833333333333,0.9645833333333333,0.9645833333333333,0.3321486683542973,0,,,0,
50,22,ordinal_cluster,1,2361,0.916560779330792,0.9254553155442609,0.9254553155442609,0.3886288554670478,0,,,0,
50,22,ordinal_cluster,2,2384,0.9014261744966443,0.9500838926174496,0.9500838926174496,0.4355816875985963,0,,,0,
50,22,ordinal_cluster,3,2390,0.9213389121338912,1.0410041841004185,1.0410041841004185,0.539974988043714,0,,,0,
50,22,ordinal_cluster,4,2385,0.8935010482180293,1.0046121593291404,1.0046121593291404,0.5809050416073814,0,,,0,
50,22,linear_structured_final_mondrian,0,480,0.9229166666666667,0.9229166666666667,0.9229166666666667,0.28980648673171944,0,0.2925735348553282,-0.002767048123608784,0,25
50,22,linear_structured_final_mondrian,1,2361,0.8987717069038543,0.904277848369335,0.904277848369335,0.36313035230816726,0,0.37507353485532824,-0.01194318254716098,0,50
50,22,linear_structured_final_mondrian,2,2384,0.8917785234899329,0.9169463087248322,0.9169463087248322,0.42194903123629673,0,0.45757353485532826,-0.03562450361903152,0,50
50,22,linear_structured_final_mondrian,3,2390,0.8560669456066946,1.000836820083682,1.000836820083682,0.4523121895270796,0,0.5400735348553283,-0.0877613453282487,0,50
50,22,linear_structured_final_mondrian,4,2385,0.9232704402515723,0.9962264150943396,0.9962264150943396,0.6303646743554608,0,0.6225735348553283,0.007791139500132549,0,50
50,23,independent_mondrian,0,491,0.8961303462321792,0.8961303462321792,0.8961303462321792,0.28641393139209836,0,,,0,
50,23,independent_mondrian,1,2319,0.8464855541181544,0.8473479948253557,0.8473479948253557,0.31404449865129336,0,,,0,
50,23,independent_mondrian,2,2349,0.8437633035334184,0.8905917411664538,0.8905917411664538,0.3795360989707874,0,,,0,
50,23,independent_mondrian,3,2395,0.9206680584551148,1.0225469728601253,1.0225469728601253,0.5478706743481989,0,,,0,
50,23,independent_mondrian,4,2446,0.8769419460343418,0.9779231398201145,0.9779231398201145,0.5511363592420131,0,,,0,
50,23,ordinal_cluster,0,491,0.9063136456211812,0.9063136456211812,0.9063136456211812,0.3036976635536314,0,,,0,
50,23,ordinal_cluster,1,2319,0.8529538594221647,0.8551099611901681,0.8551099611901681,0.317901870686051,0,,,0,
50,23,ordinal_cluster,2,2349,0.8833546189868029,0.9216687952320136,0.9216687952320136,0.4137059088377755,0,,,0,
50,23,ordinal_cluster,3,2395,0.8989561586638831,1.0041753653444676,1.0041753653444676,0.513416863172268,0,,,0,
50,23,ordinal_cluster,4,2446,0.8761242845461978,0.9615699100572364,0.9615699100572364,0.5478706743481989,0,,,0,
50,23,linear_structured_final_mondrian,0,491,0.8391038696537678,0.8391038696537678,0.8391038696537678,0.2517016220713156,0,0.2821947226530307,-0.030493100581715116,0,25
50,23,linear_structured_final_mondrian,1,2319,0.8529538594221647,0.8546787408365675,0.8546787408365675,0.317901870686051,0,0.3496947226530306,-0.03179285196697956,0,50
50,23,linear_structured_final_mondrian,2,2349,0.8833546189868029,0.9378458918688803,0.9378458918688803,0.4137059088377755,0,0.4171947226530305,-0.003488813815254954,0,50
50,23,linear_structured_final_mondrian,3,2395,0.9298538622129436,1.0288100208768267,1.0288100208768267,0.5654952012948333,0,0.4846947226530304,0.08080047864180295,0,50
50,23,linear_structured_final_mondrian,4,2446,0.8634505314799673,0.9730171708912511,0.9730171708912511,0.5323015156163016,0,0.5521947226530303,-0.0198932070367287,0,50
50,24,independent_mondrian,0,482,0.9439834024896265,0.9439834024896265,0.9439834024896265,0.32835819713783343,0,,,0,
50,24,independent_mondrian,1,2346,0.8704177323103154,0.876385336743393,0.876385336743393,0.34132826343608774,0,,,0,
50,24,independent_mondrian,2,2343,0.873666239863423,0.9043960734101579,0.9043960734101579,0.4089283778314738,0,,,0,
50,24,independent_mondrian,3,2361,0.8606522659889877,1.0029648454044897,1.0029648454044897,0.45430276740020886,0,,,0,
50,24,independent_mondrian,4,2468,0.9157212317666127,0.9817666126418152,0.9817666126418152,0.6213686390492712,0,,,0,
50,24,ordinal_cluster,0,482,0.9522821576763485,0.9522821576763485,0.9522821576763485,0.3371272107418124,0,,,0,
50,24,ordinal_cluster,1,2346,0.8989769820971867,0.9049445865302643,0.9049445865302643,0.36549035598841745,0,,,0,
50,24,ordinal_cluster,2,2343,0.8711054204011951,0.9065300896286812,0.9065300896286812,0.4069458837664878,0,,,0,
50,24,ordinal_cluster,3,2361,0.8648877594239729,0.9809402795425667,0.9809402795425667,0.46095374125554067,0,,,0,
50,24,ordinal_cluster,4,2468,0.8845218800648298,0.9550243111831442,0.9550243111831442,0.5768990066494639,0,,,0,
50,24,linear_structured_final_mondrian,0,482,0.9543568464730291,0.9543568464730291,0.9543568464730291,0.3385477726188638,0,0.2963282634360878,0.042219509182776005,0,25
50,24,linear_structured_final_mondrian,1,2346,0.9347826086956522,0.9407502131287298,0.9407502131287298,0.4057305827337829,0,0.34132826343608774,0.06440231929769513,0,50
50,24,linear_structured_final_mondrian,2,2343,0.873666239863423,0.9189073836961161,0.9189073836961161,0.4089283778314738,0,0.38632826343608767,0.022600114395386117,0,50
50,24,linear_structured_final_mondrian,3,2361,0.8801355357899195,1.0279542566709021,1.0279542566709021,0.4767688689708802,0,0.4313282634360876,0.04544060553479262,0,50
50,24,linear_structured_final_mondrian,4,2468,0.9201782820097245,0.9975688816855753,0.9975688816855753,0.6314276828870028,0,0.47632826343608753,0.15509941945091527,0,50
50,25,independent_mondrian,0,539,0.8701298701298701,0.8701298701298701,0.8701298701298701,0.2707923807997084,0,,,0,
50,25,independent_mondrian,1,2283,0.8541392904073587,0.870784056066579,0.870784056066579,0.33396317806092185,0,,,0,
50,25,independent_mondrian,2,2399,0.9383076281784076,1.0020842017507294,1.0020842017507294,0.5036776665959704,0,,,0,
50,25,independent_mondrian,3,2418,0.9392059553349876,1.0554177005789909,1.0554177005789909,0.5757706796835439,0,,,0,
50,25,independent_mondrian,4,2361,0.8483693350275308,0.9699279966116052,0.9699279966116052,0.530166530486352,0,,,0,
50,25,ordinal_cluster,0,539,0.948051948051948,0.9499072356215214,0.9499072356215214,0.33189866035173976,0,,,0,
50,25,ordinal_cluster,1,2283,0.9286027157249234,0.9421813403416557,0.9421813403416557,0.4019619924000054,0,,,0,
50,25,ordinal_cluster,2,2399,0.9149645685702376,0.9637348895373072,0.9637348895373072,0.46625979568113085,0,,,0,
50,25,ordinal_cluster,3,2418,0.9119106699751861,1.031844499586435,1.031844499586435,0.5279031368403795,0,,,0,
50,25,ordinal_cluster,4,2361,0.8670055061414654,0.9627276577721304,0.9627276577721304,0.556455986079575,0,,,0,
50,25,linear_structured_final_mondrian,0,539,0.935064935064935,0.935064935064935,0.935064935064935,0.3096236041782313,0,0.31125979568113105,-0.001636191502899731,0,25
50,25,linear_structured_final_mondrian,1,2283,0.8501971090670171,0.8716600963644328,0.8716600963644328,0.33189866035173976,0,0.38875979568113095,-0.05686113532939119,0,50
50,25,linear_structured_final_mondrian,2,2399,0.9508128386827845,0.9837432263443101,0.9837432263443101,0.5279031368403795,0,0.46625979568113085,0.06164334115924863,0,50
50,25,linear_structured_final_mondrian,3,2418,0.8846153846153846,1.0045492142266337,1.0045492142266337,0.4840695590328528,0,0.5437597956811308,-0.05969023664827794,0,50
50,25,linear_structured_final_mondrian,4,2361,0.8462515883100381,0.9224904701397713,0.9224904701397713,0.5265109264434612,0,0.6212597956811307,-0.09474886923766945,0,50
50,26,independent_mondrian,0,461,0.8633405639913232,0.8633405639913232,0.8633405639913232,0.2678151229568789,0,,,0,
50,26,independent_mondrian,1,2341,0.8953438701409654,0.9000427167876975,0.9000427167876975,0.3751039093462357,0,,,0,
50,26,independent_mondrian,2,2388,0.876465661641541,0.9183417085427136,0.9183417085427136,0.4134006825014637,0,,,0,
50,26,independent_mondrian,3,2391,0.8870765370138017,1.0238393977415308,1.0238393977415308,0.5033196647486323,0,,,0,
50,26,independent_mondrian,4,2419,0.9123604795369987,0.9983464241422075,0.9983464241422075,0.6110419020467632,0,,,0,
50,26,ordinal_cluster,0,461,0.9479392624728851,0.9479392624728851,0.9479392624728851,0.35461201614254806,0,,,0,
50,26,ordinal_cluster,1,2341,0.8953438701409654,0.9017513882956002,0.9017513882956002,0.375189567239036,0,,,0,
50,26,ordinal_cluster,2,2388,0.8802345058626466,0.9221105527638191,0.9221105527638191,0.418175379941788,0,,,0,
50,26,ordinal_cluster,3,2391,0.8870765370138017,0.9903805938937683,0.9903805938937683,0.5033196647486323,0,,,0,
50,26,ordinal_cluster,4,2419,0.864820173625465,0.9508061182306738,0.9508061182306738,0.5384935156040928,0,,,0,
50,26,linear_structured_final_mondrian,0,461,0.8524945770065075,0.8524945770065075,0.8524945770065075,0.2616557367443355,0,0.3122498422593038,-0.05059410551496829,0,25
50,26,linear_structured_final_mondrian,1,2341,0.8953438701409654,0.9004698846646733,0.9004698846646733,0.3751039093462357,0,0.3747498422593038,0.00035406708693191957,0,50
50,26,linear_structured_final_mondrian,2,2388,0.8890284757118928,0.9166666666666666,0.9166666666666666,0.4261013328846836,0,0.4372498422593038,-0.011148509374620197,0,50
50,26,linear_structured_final_mondrian,3,2391,0.8264324550397323,0.9648682559598495,0.9648682559598495,0.4268442097949269,0,0.4997498422593038,-0.07290563246437692,0,50
50,26,linear_structured_final_mondrian,4,2419,0.9123604795369987,0.9706490285241836,0.9706490285241836,0.6110419020467632,0,0.5622498422593039,0.048792059787459374,0,50
50,27,independent_mondrian,0,512,0.91015625,0.91015625,0.91015625,0.3037457892393559,0,,,0,
50,27,independent_mondrian,1,2360,0.938135593220339,0.951271186440678,0.951271186440678,0.4169415364672309,0,,,0,
50,27,independent_mondrian,2,2412,0.9307628524046434,0.9834162520729685,0.9834162520729685,0.48937860171528597,0,,,0,
50,27,independent_mondrian,3,2363,0.890393567498942,1.0482437579348287,1.0482437579348287,0.5159850327027046,0,,,0,
50,27,independent_mondrian,4,2353,0.8929026774330642,0.9706757331066723,0.9706757331066723,0.587605926711273,0,,,0,
50,27,ordinal_cluster,0,512,0.96875,0.96875,0.96875,0.3746099833646739,0,,,0,
50,27,ordinal_cluster,1,2360,0.9411016949152542,0.9538135593220339,0.9538135593220339,0.4223454018776461,0,,,0,
50,27,ordinal_cluster,2,2412,0.9166666666666666,0.9709784411276948,0.9709784411276948,0.46755173724725746,0,,,0,
50,27,ordinal_cluster,3,2363,0.8920863309352518,1.0253914515446467,1.0253914515446467,0.5180231156944346,0,,,0,
50,27,ordinal_cluster,4,2353,0.8805779855503613,0.958776030599235,0.958776030599235,0.561364553014155,0,,,0,
50,27,linear_structured_final_mondrian,0,512,0.91015625,0.91015625,0.91015625,0.3037457892393559,0,0.3713645530141546,-0.0676187637747987,0,25
50,27,linear_structured_final_mondrian,1,2360,0.9038135593220339,0.9419491525423729,0.9419491525423729,0.3672299818245379,0,0.4188645530141547,-0.051634571189616785,0,50
50,27,linear_structured_final_mondrian,2,2412,0.9759535655058044,1.0240464344941957,1.0240464344941957,0.603867000968745,0,0.4663645530141548,0.1375024479545902,0,50
50,27,linear_structured_final_mondrian,3,2363,0.890393567498942,1.1752010156580617,1.1752010156580617,0.5159850327027046,0,0.5138645530141549,0.00212047968854967,0,50
50,27,linear_structured_final_mondrian,4,2353,0.9519762005949851,1.0297492562685933,1.0297492562685933,0.7057382090313205,0,0.561364553014155,0.14437365601716545,0,50
50,28,independent_mondrian,0,476,0.930672268907563,0.9327731092436975,0.9327731092436975,0.3181540247026652,0,,,0,
50,28,independent_mondrian,1,2429,0.9518320296418279,0.9674763277068753,0.9674763277068753,0.4417065456514651,0,,,0,
50,28,independent_mondrian,2,2376,0.9398148148148148,0.9983164983164983,0.9983164983164983,0.5103627258874537,0,,,0,
50,28,independent_mondrian,3,2394,0.8876357560568087,1.087719298245614,1.087719298245614,0.5096843149495484,0,,,0,
50,28,independent_mondrian,4,2325,0.9376344086021505,1.021505376344086,1.021505376344086,0.6551793888388228,0,,,0,
50,28,ordinal_cluster,0,476,0.9852941176470589,0.9873949579831933,0.9873949579831933,0.3811537231959737,0,,,0,
50,28,ordinal_cluster,1,2429,0.9518320296418279,0.9662412515438452,0.9662412515438452,0.4417065456514651,0,,,0,
50,28,ordinal_cluster,2,2376,0.9339225589225589,0.997895622895623,0.997895622895623,0.49738936145337925,0,,,0,
50,28,ordinal_cluster,3,2394,0.9010025062656641,1.0401002506265664,1.0401002506265664,0.5336932540010481,0,,,0,
50,28,ordinal_cluster,4,2325,0.8731182795698925,0.9694623655913979,0.9694623655913979,0.5473554955921601,0,,,0,
50,28,linear_structured_final_mondrian,0,476,0.9390756302521008,0.9432773109243697,0.9432773109243697,0.32827301614235815,0,0.3181540247026652,0.01011899143969297,0,25
50,28,linear_structured_final_mondrian,1,2429,0.9621243310004117,0.977768629065459,0.977768629065459,0.46214786501048183,0,0.39815402470266525,0.06399384030781657,0,50
50,28,linear_structured_final_mondrian,2,2376,0.9398148148148148,0.992003367003367,0.992003367003367,0.5103627258874537,0,0.4781540247026653,0.03220870118478836,0,50
50,28,linear_structured_final_mondrian,3,2394,0.8575605680868839,1.0401002506265664,1.0401002506265664,0.4665289981497791,0,0.5581540247026654,-0.09162502655288629,0,50
50,28,linear_structured_final_mondrian,4,2325,0.9281720430107527,0.9926881720430107,0.9926881720430107,0.6295341735520563,0,0.6381540247026655,-0.008619851150609148,0,50
50,29,independent_mondrian,0,531,0.9585687382297552,0.9585687382297552,0.9585687382297552,0.36471157140690197,0,,,0,
50,29,independent_mondrian,1,2398,0.8773978315262719,0.8857381150959133,0.8857381150959133,0.3496028513462347,0,,,0,
50,29,independent_mondrian,2,2308,0.9072790294627383,0.9367417677642981,0.9367417677642981,0.4529008690292412,0,,,0,
50,29,independent_mondrian,3,2356,0.8425297113752123,0.9817487266553481,0.9817487266553481,0.4614812938589814,0,,,0,
50,29,independent_mondrian,4,2407,0.8791026173660158,0.9505608641462401,0.9505608641462401,0.5603615161112165,0,,,0,
50,29,ordinal_cluster,0,531,0.9491525423728814,0.9510357815442562,0.9510357815442562,0.3496028513462347,0,,,0,
50,29,ordinal_cluster,1,2398,0.9286905754795663,0.9345287739783152,0.9345287739783152,0.40749336909792633,0,,,0,
50,29,ordinal_cluster,2,2308,0.891681109185442,0.9380415944540728,0.9380415944540728,0.4304901333120914,0,,,0,
50,29,ordinal_cluster,3,2356,0.8735144312393888,0.9787775891341256,0.9787775891341256,0.5013174811013333,0,,,0,
50,29,ordinal_cluster,4,2407,0.8354798504362276,0.9235562941420856,0.9235562941420856,0.5095827008380667,0,,,0,
50,29,linear_structured_final_mondrian,0,531,0.9943502824858758,0.9943502824858758,0.9943502824858758,0.4586179355937608,0,0.30819447504154196,0.15042346055221884,0,25
50,29,linear_structured_final_mondrian,1,2398,0.8836530442035029,0.8986655546288573,0.8986655546288573,0.35814108122490645,0,0.36069447504154195,-0.0025533938166354964,0,50
50,29,linear_structured_final_mondrian,2,2308,0.9172443674176777,0.9475736568457539,0.9475736568457539,0.4660523948754524,0,0.41319447504154194,0.05285791983391047,0,50
50,29,linear_structured_final_mondrian,3,2356,0.8429541595925297,1.0093378607809846,1.0093378607809846,0.46431528950239115,0,0.46569447504154193,-0.0013791855391507846,0,50
50,29,linear_structured_final_mondrian,4,2407,0.9048608226007478,0.9788117989198172,0.9788117989198172,0.6053224063897611,0,0.5181944750415419,0.08712793134821917,0,50
50,30,independent_mondrian,0,531,0.9548022598870056,0.9566854990583804,0.9566854990583804,0.366148636455583,0,,,0,
50,30,independent_mondrian,1,2374,0.9321819713563606,0.934709351305813,0.934709351305813,0.4201694980335081,0,,,0,
50,30,independent_mondrian,2,2302,0.8318853171155517,0.9152910512597741,0.9152910512597741,0.3788982140198352,0,,,0,
50,30,independent_mondrian,3,2357,0.9389053882053457,1.0776410691557063,1.0776410691557063,0.570786242578459,0,,,0,
50,30,independent_mondrian,4,2436,0.9232348111658456,1.0270935960591132,1.0270935960591132,0.6263757871452198,0,,,0,
50,30,ordinal_cluster,0,531,0.9774011299435028,0.9792843691148776,0.9792843691148776,0.4157685430074141,0,,,0,
50,30,ordinal_cluster,1,2374,0.9203875315922494,0.9279696714406066,0.9279696714406066,0.4034090743528476,0,,,0,
50,30,ordinal_cluster,2,2302,0.8883579496090356,0.9439617723718505,0.9439617723718505,0.441391825829313,0,,,0,
50,30,ordinal_cluster,3,2357,0.9121764955451845,1.058124734832414,1.058124734832414,0.5177673592412745,0,,,0,
50,30,ordinal_cluster,4,2436,0.9183087027914614,0.9954844006568144,0.9954844006568144,0.619958291245898,0,,,0,
50,30,linear_structured_final_mondrian,0,531,0.9774011299435028,0.9792843691148776,0.9792843691148776,0.4223451818861907,0,0.34625992439295217,0.07608525749323852,0,25
50,30,linear_structured_final_mondrian,1,2374,0.9313395113732098,0.9355518112889638,0.9355518112889638,0.4181034382208577,0,0.4187599243929522,-0.0006564861720944615,0,50
50,30,linear_structured_final_mondrian,2,2302,0.8310165073848828,0.9144222415291051,0.9144222415291051,0.37799314661675476,0,0.4912599243929522,-0.11326677777619742,0,50
50,30,linear_structured_final_mondrian,3,2357,0.9389053882053457,1.0742469240560033,1.0742469240560033,0.570786242578459,0,0.5637599243929522,0.007026318185506808,0,50
50,30,linear_structured_final_mondrian,4,2436,0.9183087027914614,1.022167487684729,1.022167487684729,0.619958291245898,0,0.6362599243929522,-0.01630163314705424,0,50
50,31,independent_mondrian,0,482,0.9481327800829875,0.9481327800829875,0.9481327800829875,0.3475968373712231,0,,,0,
50,31,independent_mondrian,1,2401,0.8925447730112454,0.9000416493127863,0.9000416493127863,0.3577508480324001,0,,,0,
50,31,independent_mondrian,2,2316,0.8993955094991365,0.918825561312608,0.918825561312608,0.43381983755445,0,,,0,
50,31,independent_mondrian,3,2363,0.8180279305966991,0.96191282268303,0.96191282268303,0.41313810896500824,0,,,0,
50,31,independent_mondrian,4,2438,0.9118129614438064,0.9655455291222313,0.9655455291222313,0.6214429998603191,0,,,0,
50,31,ordinal_cluster,0,482,0.9522821576763485,0.9522821576763485,0.9522821576763485,0.3545388035288342,0,,,0,
50,31,ordinal_cluster,1,2401,0.9112869637650979,0.9179508538109121,0.9179508538109121,0.37728621358698955,0,,,0,
50,31,ordinal_cluster,2,2316,0.8799654576856649,0.9127806563039723,0.9127806563039723,0.41164653471779417,0,,,0,
50,31,ordinal_cluster,3,2363,0.8721963605586119,0.9610664409648751,0.9610664409648751,0.4747485399016013,0,,,0,
50,31,ordinal_cluster,4,2438,0.8383921246923708,0.9109926168990976,0.9109926168990976,0.5116695175541308,0,,,0,
50,31,linear_structured_final_mondrian,0,482,0.966804979253112,0.966804979253112,0.966804979253112,0.37728621358698955,0,0.3055737841832032,0.07171242940378636,0,25
50,31,linear_structured_final_mondrian,1,2401,0.8862973760932945,0.8958767180341525,0.8958767180341525,0.3545388035288342,0,0.3730737841832031,-0.01853498065436887,0,50
50,31,linear_structured_final_mondrian,2,2316,0.9006908462867013,0.9248704663212435,0.9248704663212435,0.43838077509837825,0,0.440573784183203,-0.0021930090848247263,0,50
50,31,linear_structured_final_mondrian,3,2363,0.8472280998730427,0.9534490055014812,0.9534490055014812,0.4473554500009755,0,0.5080737841832028,-0.06071833418222733,0,50
50,31,linear_structured_final_mondrian,4,2438,0.8568498769483183,0.9212469237079574,0.9212469237079574,0.5339936767950618,0,0.5755737841832027,-0.041580107388140886,0,50
50,32,independent_mondrian,0,476,0.9285714285714286,0.9285714285714286,0.9285714285714286,0.33751267003978136,0,,,0,
50,32,independent_mondrian,1,2368,0.9180743243243243,0.9269425675675675,0.9269425675675675,0.39106078127671,0,,,0,
50,32,independent_mondrian,2,2374,0.9001684919966302,0.9435551811288964,0.9435551811288964,0.4423418878197254,0,,,0,
50,32,independent_mondrian,3,2358,0.8952502120441052,1.0178117048346056,1.0178117048346056,0.5048474594864603,0,,,0,
50,32,independent_mondrian,4,2424,0.893976897689769,0.9723597359735974,0.9723597359735974,0.5693422065422866,0,,,0,
50,32,ordinal_cluster,0,476,0.9327731092436975,0.9327731092436975,0.9327731092436975,0.34578969603068244,0,,,0,
50,32,ordinal_cluster,1,2368,0.9016047297297297,0.910472972972973,0.910472972972973,0.3726290410480874,0,,,0,
50,32,ordinal_cluster,2,2374,0.8938500421229991,0.932603201347936,0.932603201347936,0.43360470222349207,0,,,0,
50,32,ordinal_cluster,3,2358,0.8922815945716709,0.9877014418999152,0.9877014418999152,0.5017517688632726,0,,,0,
50,32,ordinal_cluster,4,2424,0.8584983498349835,0.9356435643564357,0.9356435643564357,0.5159301160116688,0,,,0,
50,32,linear_structured_final_mondrian,0,476,0.9138655462184874,0.9138655462184874,0.9138655462184874,0.3148774643492523,0,0.3423418878197253,-0.02746442347047301,0,25
50,32,linear_structured_final_mondrian,1,2368,0.9290540540540541,0.9366554054054054,0.9366554054054054,0.402985929044354,0,0.39234188781972534,0.010644041224628642,0,50
50,32,linear_structured_final_mondrian,2,2374,0.8887952822240943,0.9309182813816343,0.9309182813816343,0.42560471068917183,0,0.4423418878197254,-0.01673717713055356,0,50
50,32,linear_structured_final_mondrian,3,2358,0.8893129770992366,1.0356234096692112,1.0356234096692112,0.49845790259222544,0,0.49234188781972543,0.006116014772500011,0,50
50,32,linear_structured_final_mondrian,4,2424,0.9232673267326733,0.9995874587458746,0.9995874587458746,0.624166883952281,0,0.5423418878197255,0.08182499613255556,0,50
50,33,independent_mondrian,0,530,0.930188679245283,0.930188679245283,0.930188679245283,0.32062549399953333,0,,,0,
50,33,independent_mondrian,1,2444,0.9353518821603928,0.9439443535188216,0.9439443535188216,0.40917500413581004,0,,,0,
50,33,independent_mondrian,2,2375,0.8867368421052632,0.9237894736842105,0.9237894736842105,0.43536442052397883,0,,,0,
50,33,independent_mondrian,3,2247,0.8624833110814419,0.9813084112149533,0.9813084112149533,0.4587865164851642,0,,,0,
50,33,independent_mondrian,4,2404,0.8951747088186356,0.9646422628951747,0.9646422628951747,0.584234702787904,0,,,0,
50,33,ordinal_cluster,0,530,0.9679245283018868,0.9679245283018868,0.9679245283018868,0.3692205850333737,0,,,0,
50,33,ordinal_cluster,1,2444,0.9198036006546645,0.9300327332242226,0.9300327332242226,0.39347462760369534,0,,,0,
50,33,ordinal_cluster,2,2375,0.8867368421052632,0.9385263157894737,0.9385263157894737,0.43536442052397883,0,,,0,
50,33,ordinal_cluster,3,2247,0.9034267912772586,1.0071206052514463,1.0071206052514463,0.516053352962437,0,,,0,
50,33,ordinal_cluster,4,2404,0.8752079866888519,0.9658901830282862,0.9658901830282862,0.5529806433094455,0,,,0,
50,33,linear_structured_final_mondrian,0,530,0.9037735849056604,0.9037735849056604,0.9037735849056604,0.299269801964194,0,0.36298064330944513,-0.06371084134525112,0,25
50,33,linear_structured_final_mondrian,1,2444,0.9353518821603928,0.94189852700491,0.94189852700491,0.40917500413581004,0,0.4104806433094452,-0.0013056391736351869,0,50
50,33,linear_structured_final_mondrian,2,2375,0.8543157894736843,0.8913684210526316,0.8913684210526316,0.39862979401138704,0,0.4579806433094453,-0.059350849298058284,0,50
50,33,linear_structured_final_mondrian,3,2247,0.8624833110814419,0.9982198486871384,0.9982198486871384,0.4587865164851642,0,0.5054806433094454,-0.0466941268242812,0,50
50,33,linear_structured_final_mondrian,4,2404,0.918053244592346,0.9875207986688852,0.9875207986688852,0.6241459338413587,0,0.5529806433094455,0.07116529053191323,0,50
50,34,independent_mondrian,0,464,0.959051724137931,0.9612068965517241,0.9612068965517241,0.35211105147128463,0,,,0,
50,34,independent_mondrian,1,2451,0.9216646266829865,0.930640554875561,0.930640554875561,0.3962861171006498,0,,,0,
50,34,independent_mondrian,2,2350,0.9268085106382978,0.9527659574468085,0.9527659574468085,0.46711345804355103,0,,,0,
50,34,independent_mondrian,3,2325,0.8447311827956989,1.0481720430107526,1.0481720430107526,0.43811605469342196,0,,,0,
50,34,independent_mondrian,4,2410,0.9344398340248963,0.9987551867219917,0.9987551867219917,0.6783768283137364,0,,,0,
50,34,ordinal_cluster,0,464,0.9741379310344828,0.9762931034482759,0.9762931034482759,0.38279303826573063,0,,,0,
50,34,ordinal_cluster,1,2451,0.9375764993880049,0.945328437372501,0.945328437372501,0.4220907658894592,0,,,0,
50,34,ordinal_cluster,2,2350,0.8991489361702127,0.9480851063829787,0.9480851063829787,0.4313832844951331,0,,,0,
50,34,ordinal_cluster,3,2325,0.9174193548387096,1.0391397849462365,1.0391397849462365,0.5311253369288577,0,,,0,
50,34,ordinal_cluster,4,2410,0.8746887966804979,0.9738589211618257,0.9738589211618257,0.5689304596139187,0,,,0,
50,34,linear_structured_final_mondrian,0,464,0.8987068965517241,0.8987068965517241,0.8987068965517241,0.2929076558732843,0,0.3551808285979499,-0.06227317272466559,0,25
50,34,linear_structured_final_mondrian,1,2451,0.9147286821705426,0.920032639738882,0.920032639738882,0.38459111943333146,0,0.4176808285979499,-0.03308970916461845,0,50
50,34,linear_structured_final_mondrian,2,2350,0.8872340425531915,0.9042553191489362,0.9042553191489362,0.4220907658894592,0,0.4801808285979499,-0.05809006270849071,0,50
50,34,linear_structured_final_mondrian,3,2325,0.7458064516129033,0.9853763440860215,0.9853763440860215,0.3546310014362966,0,0.5426808285979499,-0.18804982716165325,0,50
50,34,linear_structured_final_mondrian,4,2410,0.9514522821576763,0.9858921161825727,0.9858921161825727,0.7317052541770257,0,0.6051808285979499,0.12652442557907584,0,50
50,35,independent_mondrian,0,514,0.9474708171206225,0.9474708171206225,0.9474708171206225,0.3560569278050732,0,,,0,
50,35,independent_mondrian,1,2341,0.9188381033746262,0.9316531396838957,0.9316531396838957,0.4085419171188573,0,,,0,
50,35,independent_mondrian,2,2383,0.8774653797733949,0.9320184641208561,0.9320184641208561,0.4262598595008865,0,,,0,
50,35,independent_mondrian,3,2409,0.8924865089248651,1.0116230801162307,1.0116230801162307,0.5157453133237253,0,,,0,
50,35,independent_mondrian,4,2353,0.8805779855503613,0.9715257118572036,0.9715257118572036,0.5676235920085,0,,,0,
50,35,ordinal_cluster,0,514,0.953307392996109,0.953307392996109,0.953307392996109,0.368324344557495,0,,,0,
50,35,ordinal_cluster,1,2341,0.9034600598035027,0.916702263989748,0.916702263989748,0.38431669919591277,0,,,0,
50,35,ordinal_cluster,2,2383,0.8904741921947126,0.9353755770037767,0.9353755770037767,0.43947214626379083,0,,,0,
50,35,ordinal_cluster,3,2409,0.8854296388542964,0.9908675799086758,0.9908675799086758,0.5009099621024103,0,,,0,
50,35,ordinal_cluster,4,2353,0.850828729281768,0.935401614959626,0.935401614959626,0.5268333847276231,0,,,0,
50,35,linear_structured_final_mondrian,0,514,0.9474708171206225,0.9474708171206225,0.9474708171206225,0.3575773502322604,0,0.3130634600534864,0.044513890178773996,0,25
50,35,linear_structured_final_mondrian,1,2341,0.9410508329773601,0.9538658692866296,0.9538658692866296,0.4389713479835802,0,0.3655634600534864,0.07340788793009378,0,50
50,35,linear_structured_final_mondrian,2,2383,0.8904741921947126,0.9974821653378095,0.9974821653378095,0.43947214626379083,0,0.4180634600534864,0.02140868621030445,0,50
50,35,linear_structured_final_mondrian,3,2409,0.9485263594852636,1.1606475716064757,1.1606475716064757,0.6215556531201124,0,0.47056346005348637,0.15099219306662603,0,50
50,35,linear_structured_final_mondrian,4,2353,0.9511262218444538,1.0973225669358266,1.0973225669358266,0.7167308746762844,0,0.5230634600534864,0.19366741462279802,0,50
50,36,independent_mondrian,0,535,0.8710280373831776,0.8710280373831776,0.8710280373831776,0.2645433193361875,0,,,0,
50,36,independent_mondrian,1,2374,0.9300758213984835,0.93681550126369,0.93681550126369,0.40755871271889127,0,,,0,
50,36,independent_mondrian,2,2363,0.9013965298349556,0.9953449005501481,0.9953449005501481,0.442890428451982,0,,,0,
50,36,independent_mondrian,3,2450,0.9563265306122449,1.0942857142857143,1.0942857142857143,0.6108514319345915,0,,,0,
50,36,independent_mondrian,4,2278,0.8898156277436348,1.0272168568920106,1.0272168568920106,0.6019073222893013,0,,,0,
50,36,ordinal_cluster,0,535,0.9719626168224299,0.9719626168224299,0.9719626168224299,0.37966016230663435,0,,,0,
50,36,ordinal_cluster,1,2374,0.9149115417017691,0.928390901432182,0.928390901432182,0.3891835578778791,0,,,0,
50,36,ordinal_cluster,2,2363,0.927634363097757,0.9784172661870504,0.9784172661870504,0.481770228794459,0,,,0,
50,36,ordinal_cluster,3,2450,0.9142857142857143,1.0697959183673469,1.0697959183673469,0.5280072345620419,0,,,0,
50,36,ordinal_cluster,4,2278,0.8898156277436348,0.9841966637401229,0.9841966637401229,0.6019073222893013,0,,,0,
50,36,linear_structured_final_mondrian,0,535,0.902803738317757,0.902803738317757,0.902803738317757,0.27761039210260224,0,0.29361929112679586,-0.016008899024193612,0,25
50,36,linear_structured_final_mondrian,1,2374,0.9144903117101938,0.9254422914911542,0.9254422914911542,0.3884433972297446,0,0.38861929112679583,-0.00017589389705124914,0,50
50,36,linear_structured_final_mondrian,2,2363,0.927634363097757,1.019043588658485,1.019043588658485,0.481770228794459,0,0.4836192911267958,-0.0018490623323367816,0,50
50,36,linear_structured_final_mondrian,3,2450,0.9563265306122449,1.0746938775510204,1.0746938775510204,0.6108514319345915,0,0.5786192911267958,0.032232140807795684,0,50
50,36,linear_structured_final_mondrian,4,2278,0.8428446005267779,0.9802458296751536,0.9802458296751536,0.5307621143701344,0,0.6736192911267957,-0.14285717675666132,0,50
50,37,independent_mondrian,0,499,0.9398797595190381,0.9398797595190381,0.9398797595190381,0.35380887190562926,0,,,0,
50,37,independent_mondrian,1,2337,0.9229781771501926,0.9332477535301669,0.9332477535301669,0.3963938626084002,0,,,0,
50,37,independent_mondrian,2,2392,0.9147157190635451,0.9460702341137124,0.9460702341137124,0.4606049775168035,0,,,0,
50,37,independent_mondrian,3,2411,0.8564910825383658,1.0962256325176276,1.0962256325176276,0.45096168576631035,0,,,0,
50,37,independent_mondrian,4,2361,0.9593392630241423,1.0241423125794156,1.0241423125794156,0.726855843612429,0,,,0,
50,37,ordinal_cluster,0,499,0.9539078156312625,0.9539078156312625,0.9539078156312625,0.37313406375582014,0,,,0,
50,37,ordinal_cluster,1,2337,0.9336756525459992,0.9418057338468121,0.9418057338468121,0.4099886063333719,0,,,0,
50,37,ordinal_cluster,2,2392,0.8967391304347826,0.9510869565217391,0.9510869565217391,0.43686472179766633,0,,,0,
50,37,ordinal_cluster,3,2411,0.9145582745748652,1.0464537536291996,1.0464537536291996,0.5376779397043804,0,,,0,
50,37,ordinal_cluster,4,2361,0.8987717069038543,1.0016941973739941,1.0016941973739941,0.5865944851414329,0,,,0,
50,37,linear_structured_final_mondrian,0,499,0.9519038076152304,0.9519038076152304,0.9519038076152304,0.37056564109114865,0,0.31837140819549875,0.052194232895649895,0,25
50,37,linear_structured_final_mondrian,1,2337,0.9358151476251605,0.952931108258451,0.952931108258451,0.41262964342637115,0,0.38087140819549875,0.0317582352308724,0,50
50,37,linear_structured_final_mondrian,2,2392,0.9410535117056856,0.9753344481605352,0.9753344481605352,0.5077893321539697,0,0.44337140819549875,0.06441792395847096,0,50
50,37,linear_structured_final_mondrian,3,2411,0.8577353795105765,1.146412277063459,1.146412277063459,0.4534915823109154,0,0.5058714081954987,-0.052379825884583286,0,50
50,37,linear_structured_final_mondrian,4,2361,0.9669631512071156,1.0330368487928843,1.0330368487928843,0.7641961604767076,0,0.5683714081954987,0.19582475228120888,0,50
50,38,independent_mondrian,0,491,0.9531568228105907,0.9531568228105907,0.9531568228105907,0.3588326612837956,0,,,0,
50,38,independent_mondrian,1,2404,0.9222129783693843,0.930116472545757,0.930116472545757,0.39371815971278007,0,,,0,
50,38,independent_mondrian,2,2360,0.8567796610169491,0.913135593220339,0.913135593220339,0.4013200188418068,0,,,0,
50,38,independent_mondrian,3,2342,0.8979504696840307,1.0862510674637063,1.0862510674637063,0.5125108786714396,0,,,0,
50,38,independent_mondrian,4,2403,0.9500624219725343,1.029130253849355,1.029130253849355,0.6876237816551818,0,,,0,
50,38,ordinal_cluster,0,491,0.9613034623217923,0.9613034623217923,0.9613034623217923,0.3736436701856645,0,,,0,
50,38,ordinal_cluster,1,2404,0.9076539101497504,0.9188851913477537,0.9188851913477537,0.3786618744368007,0,,,0,
50,38,ordinal_cluster,2,2360,0.8817796610169492,0.9444915254237288,0.9444915254237288,0.43777409883394414,0,,,0,
50,38,ordinal_cluster,3,2342,0.9163108454312553,1.0486763450042698,1.0486763450042698,0.541582984240521,0,,,0,
50,38,ordinal_cluster,4,2403,0.8992925509779442,0.9950062421972534,0.9950062421972534,0.5804672729704466,0,,,0,
50,38,linear_structured_final_mondrian,0,491,0.9164969450101833,0.9164969450101833,0.9164969450101833,0.32315208418017255,0,0.3193512764252861,0.0038008077548864483,0,25
50,38,linear_structured_final_mondrian,1,2404,0.9421797004991681,0.9517470881863561,0.9517470881863561,0.4223041160002455,0,0.37935127642528615,0.04295283957495932,0,50
50,38,linear_structured_final_mondrian,2,2360,0.8741525423728813,0.9351694915254237,0.9351694915254237,0.4212791921205765,0,0.4393512764252862,-0.01807208430470969,0,50
50,38,linear_structured_final_mondrian,3,2342,0.9056362083689155,1.230999146029035,1.230999146029035,0.5204822560342438,0,0.49935127642528626,0.021130979608957545,0,50
50,38,linear_structured_final_mondrian,4,2403,0.9833541406575115,1.0690803162713276,1.0690803162713276,0.8348033039106869,0,0.5593512764252864,0.27545202748540054,0,50
50,39,independent_mondrian,0,474,0.9135021097046413,0.9156118143459916,0.9156118143459916,0.28856025006452257,0,,,0,
50,39,independent_mondrian,1,2390,0.9288702928870293,0.9368200836820084,0.9368200836820084,0.406920820414226,0,,,0,
50,39,independent_mondrian,2,2364,0.8917089678510999,0.9403553299492385,0.9403553299492385,0.42992843732185804,0,,,0,
50,39,independent_mondrian,3,2322,0.8824289405684754,1.178294573643411,1.178294573643411,0.5067298049257336,0,,,0,
50,39,independent_mondrian,4,2450,0.9681632653061224,1.050204081632653,1.050204081632653,0.7747052201577448,0,,,0,
50,39,ordinal_cluster,0,474,0.9641350210970464,0.9662447257383966,0.9662447257383966,0.3633929454354993,0,,,0,
50,39,ordinal_cluster,1,2390,0.8887029288702929,0.900418410041841,0.900418410041841,0.3709275176275812,0,,,0,
50,39,ordinal_cluster,2,2364,0.9052453468697124,0.9678510998307953,0.9678510998307953,0.44548865476081956,0,,,0,
50,39,ordinal_cluster,3,2322,0.9224806201550387,1.0964685615848406,1.0964685615848406,0.567485416542524,0,,,0,
50,39,ordinal_cluster,4,2450,0.9253061224489796,1.0322448979591836,1.0322448979591836,0.6357750249135343,0,,,0,
50,39,linear_structured_final_mondrian,0,474,0.9177215189873418,0.919831223628692,0.919831223628692,0.29226093018809507,0,0.24577502491353465,0.046485905274560424,0,25
50,39,linear_structured_final_mondrian,1,2390,0.9543933054393305,0.9673640167364017,0.9673640167364017,0.4622773804203284,0,0.34327502491353457,0.11900235550679383,0,50
50,39,linear_structured_final_mondrian,2,2364,0.9314720812182741,1.0173434856175974,1.0173434856175974,0.4906808850192845,0,0.4407750249135345,0.04990586010574999,0,50
50,39,linear_structured_final_mondrian,3,2322,0.9349698535745047,1.2502153316106805,1.2502153316106805,0.5926207228220839,0,0.5382750249135344,0.054345697908549484,0,50
50,39,linear_structured_final_mondrian,4,2450,0.9681632653061224,1.0889795918367347,1.0889795918367347,0.7747052201577448,0,0.6357750249135343,0.13893019524421046,0,50
50,40,independent_mondrian,0,473,0.9534883720930233,0.9534883720930233,0.9534883720930233,0.3395496292412187,0,,,0,
50,40,independent_mondrian,1,2343,0.8711054204011951,0.8826291079812206,0.8826291079812206,0.3531744624079521,0,,,0,
50,40,independent_mondrian,2,2417,0.9284236657012825,1.0293752585850227,1.0293752585850227,0.48026974966869074,0,,,0,
50,40,independent_mondrian,3,2406,0.9650872817955112,1.14380714879468,1.14380714879468,0.6519419355660195,0,,,0,
50,40,independent_mondrian,4,2361,0.9309614570097416,1.0974163490046591,1.0974163490046591,0.6486095251975049,0,,,0,
50,40,ordinal_cluster,0,473,0.9577167019027484,0.9577167019027484,0.9577167019027484,0.3465711924370901,0,,,0,
50,40,ordinal_cluster,1,2343,0.93854033290653,0.950917626973965,0.950917626973965,0.42862861389723234,0,,,0,
50,40,ordinal_cluster,2,2417,0.9288374017376914,0.9975175837815474,0.9975175837815474,0.48214825179117743,0,,,0,
50,40,ordinal_cluster,3,2406,0.9334995843724023,1.112219451371571,1.112219451371571,0.5711396609563704,0,,,0,
50,40,ordinal_cluster,4,2361,0.9309614570097416,1.04574332909784,1.04574332909784,0.6486095251975049,0,,,0,
50,40,linear_structured_final_mondrian,0,473,0.9577167019027484,0.9577167019027484,0.9577167019027484,0.3465711924370901,0,0.31026984260217094,0.03630134983491917,0,25
50,40,linear_structured_final_mondrian,1,2343,0.8659837814767393,0.894579598804951,0.894579598804951,0.34908788335746527,0,0.3952698426021709,-0.04618195924470564,0,50
50,40,linear_structured_final_mondrian,2,2417,0.9677285891601158,1.031030202730658,1.031030202730658,0.5646763302538484,0,0.48026984260217087,0.08440648765167758,0,50
50,40,linear_structured_final_mondrian,3,2406,0.9305901911886949,1.1113881961762262,1.1113881961762262,0.566884926864517,0,0.5652698426021708,0.0016150842623461337,0,50
50,40,linear_structured_final_mondrian,4,2361,0.9093604404913173,1.0216010165184244,1.0216010165184244,0.603523215609865,0,0.6502698426021708,-0.046746626992305806,0,50
50,41,independent_mondrian,0,515,0.9339805825242719,0.9339805825242719,0.9339805825242719,0.3491376279271555,0,,,0,
50,41,independent_mondrian,1,2374,0.9102780117944398,0.9216512215669755,0.9216512215669755,0.3759694574383426,0,,,0,
50,41,independent_mondrian,2,2388,0.9267169179229481,0.9736180904522613,0.9736180904522613,0.47010417388940245,0,,,0,
50,41,independent_mondrian,3,2330,0.9,1.03862660944206,1.03862660944206,0.532688847815825,0,,,0,
50,41,independent_mondrian,4,2393,0.8846636021730045,0.9795236105307146,0.9795236105307146,0.5662886465045884,0,,,0,
50,41,ordinal_cluster,0,515,0.9495145631067962,0.9495145631067962,0.9495145631067962,0.3728640048968335,0,,,0,
50,41,ordinal_cluster,1,2374,0.938921651221567,0.951558550968829,0.951558550968829,0.4147427892702951,0,,,0,
50,41,ordinal_cluster,2,2388,0.9279731993299832,0.9752931323283082,0.9752931323283082,0.47306216199967316,0,,,0,
50,41,ordinal_cluster,3,2330,0.8905579399141631,1.0167381974248928,1.0167381974248928,0.5197915296926874,0,,,0,
50,41,ordinal_cluster,4,2393,0.8679481821980777,0.9548683660676974,0.9548683660676974,0.5389030145480815,0,,,0,
50,41,linear_structured_final_mondrian,0,515,0.974757281553398,0.974757281553398,0.974757281553398,0.43094333984793187,0,0.31666281140816466,0.11428052843976721,0,25
50,41,linear_structured_final_mondrian,1,2374,0.9001684919966302,0.9153327716933446,0.9153327716933446,0.36142671020675243,0,0.3866628114081647,-0.025236101201412287,0,50
50,41,linear_structured_final_mondrian,2,2388,0.9279731993299832,0.97571189279732,0.97571189279732,0.47306216199967316,0,0.4566628114081648,0.016399350591508377,0,50
50,41,linear_structured_final_mondrian,3,2330,0.9047210300429185,1.0437768240343348,1.0437768240343348,0.540168880710379,0,0.5266628114081648,0.013506069302214208,0,50
50,41,linear_structured_final_mondrian,4,2393,0.8846636021730045,0.9841203510238195,0.9841203510238195,0.5662886465045884,0,0.5966628114081649,-0.030374164903576473,0,50
50,42,independent_mondrian,0,480,0.8604166666666667,0.8625,0.8625,0.25939039418671267,0,,,0,
50,42,independent_mondrian,1,2454,0.9462102689486552,0.9515077424612877,0.9515077424612877,0.44002606163476055,0,,,0,
50,42,independent_mondrian,2,2345,0.8695095948827292,0.9104477611940298,0.9104477611940298,0.4022514738189939,0,,,0,
50,42,independent_mondrian,3,2384,0.8594798657718121,1.0406879194630871,1.0406879194630871,0.4611632176591837,0,,,0,
50,42,independent_mondrian,4,2337,0.9328198545143346,1.0055626872058194,1.0055626872058194,0.6748932407842347,0,,,0,
50,42,ordinal_cluster,0,480,0.9625,0.9625,0.9625,0.38680524804512767,0,,,0,
50,42,ordinal_cluster,1,2454,0.9225753871230644,0.9323553382233088,0.9323553382233088,0.39304420992226785,0,,,0,
50,42,ordinal_cluster,2,2345,0.8997867803837953,0.9398720682302771,0.9398720682302771,0.44002606163476055,0,,,0,
50,42,ordinal_cluster,3,2384,0.8888422818791947,0.985738255033557,0.985738255033557,0.49699575639632104,0,,,0,
50,42,ordinal_cluster,4,2337,0.8438168592212237,0.9323919554985024,0.9323919554985024,0.5218970772108006,0,,,0,
50,42,linear_structured_final_mondrian,0,480,0.9625,0.9645833333333333,0.9645833333333333,0.38855388142462255,0,0.2678609659618596,0.12069291546276295,0,25
50,42,linear_structured_final_mondrian,1,2454,0.9523227383863081,0.9800325998370009,0.9800325998370009,0.4571885337664028,0,0.33286096596185955,0.12432756780454324,0,50
50,42,linear_structured_final_mondrian,2,2345,0.9552238805970149,1.0008528784648187,1.0008528784648187,0.5420238079883261,0,0.3978609659618595,0.14416284202646656,0,50
50,42,linear_structured_final_mondrian,3,2384,0.8594798657718121,1.0927013422818792,1.0927013422818792,0.4611632176591837,0,0.46286096596185944,-0.0016977483026757167,0,50
50,42,linear_structured_final_mondrian,4,2337,0.9388104407359863,1.011553273427471,1.011553273427471,0.6893453248075488,0,0.5278609659618594,0.16148435884568946,0,50
50,43,independent_mondrian,0,517,0.9090909090909091,0.9090909090909091,0.9090909090909091,0.3126692907502431,0,,,0,
50,43,independent_mondrian,1,2382,0.8828715365239295,0.8992443324937027,0.8992443324937027,0.35485344966035665,0,,,0,
50,43,independent_mondrian,2,2327,0.9355393210141814,0.9767941555651053,0.9767941555651053,0.5099912761307891,0,,,0,
50,43,independent_mondrian,3,2335,0.884796573875803,1.0222698072805139,1.0222698072805139,0.4792636153963554,0,,,0,
50,43,independent_mondrian,4,2439,0.8958589585895859,0.9626896268962689,0.9626896268962689,0.5800662989559577,0,,,0,
50,43,ordinal_cluster,0,517,0.9361702127659575,0.9361702127659575,0.9361702127659575,0.34507784628240395,0,,,0,
50,43,ordinal_cluster,1,2382,0.943744752308984,0.9550797649034425,0.9550797649034425,0.4320377339121976,0,,,0,
50,43,ordinal_cluster,2,2327,0.9101847872797594,0.9720670391061452,0.9720670391061452,0.464043683342457,0,,,0,
50,43,ordinal_cluster,3,2335,0.9182012847965739,1.0248394004282655,1.0248394004282655,0.5265225342743781,0,,,0,
50,43,ordinal_cluster,4,2439,0.8815088150881509,0.963919639196392,0.963919639196392,0.5524090889792487,0,,,0,
50,43,linear_structured_final_mondrian,0,517,0.9516441005802708,0.9516441005802708,0.9516441005802708,0.36813700380155967,0,0.3589444510851615,0.009192552716398183,0,25
50,43,linear_structured_final_mondrian,1,2382,0.8921074727120067,0.9076406381192276,0.9076406381192276,0.362565875051466,0,0.4139444510851614,-0.051378576033695444,0,50
50,43,linear_structured_final_mondrian,2,2327,0.9226471852170176,0.9737859905457671,0.9737859905457671,0.48639845948839017,0,0.46894445108516136,0.017454008403228805,0,50
50,43,linear_structured_final_mondrian,3,2335,0.9096359743040685,1.0406852248394005,1.0406852248394005,0.5153832372801659,0,0.5239444510851613,-0.008561213804995416,0,50
50,43,linear_structured_final_mondrian,4,2439,0.8983189831898319,0.974989749897499,0.974989749897499,0.5847284032380838,0,0.5789444510851612,0.0057839521529226,0,50
50,44,independent_mondrian,0,491,0.8676171079429735,0.8676171079429735,0.8676171079429735,0.27154982218373697,0,,,0,
50,44,independent_mondrian,1,2332,0.9313893653516295,0.9408233276157805,0.9408233276157805,0.4101932850180383,0,,,0,
50,44,independent_mondrian,2,2373,0.9372102823430257,0.9730299199325748,0.9730299199325748,0.48901464248287857,0,,,0,
50,44,independent_mondrian,3,2407,0.8753635230577482,0.9887827170751974,0.9887827170751974,0.47460148792751233,0,,,0,
50,44,independent_mondrian,4,2397,0.8544013350020859,0.9311639549436797,0.9311639549436797,0.5261384844048199,0,,,0,
50,44,ordinal_cluster,0,491,0.9572301425661914,0.9572301425661914,0.9572301425661914,0.37467774630780126,0,,,0,
50,44,ordinal_cluster,1,2332,0.9318181818181818,0.9408233276157805,0.9408233276157805,0.41171955677698246,0,,,0,
50,44,ordinal_cluster,2,2373,0.9123472397808681,0.9536451748841129,0.9536451748841129,0.4551608096396168,0,,,0,
50,44,ordinal_cluster,3,2407,0.8874117158288326,0.9808890735355213,0.9808890735355213,0.4942789246196835,0,,,0,
50,44,ordinal_cluster,4,2397,0.8368794326241135,0.9219858156028369,0.9219858156028369,0.5046944094808518,0,,,0,
50,44,linear_structured_final_mondrian,0,491,0.9409368635437881,0.9409368635437881,0.9409368635437881,0.34303605726613323,0,0.33698372592005754,0.00605233134607569,0,25
50,44,linear_structured_final_mondrian,1,2332,0.9313893653516295,0.9532590051457976,0.9532590051457976,0.4101932850180383,0,0.3969837259200576,0.013209559097980716,0,50
50,44,linear_structured_final_mondrian,2,2373,0.9612305099030762,0.9924146649810367,0.9924146649810367,0.540806324723816,0,0.45698372592005765,0.08382259880375831,0,50
50,44,linear_structured_final_mondrian,3,2407,0.8487744079767345,0.9709181553801413,0.9709181553801413,0.43979728687796005,0,0.5169837259200577,-0.07718643904209765,0,50
50,44,linear_structured_final_mondrian,4,2397,0.8247809762202754,0.8827701293283271,0.8827701293283271,0.4942789246196835,0,0.5769837259200578,-0.08270480130037428,0,50
50,45,independent_mondrian,0,480,0.9583333333333334,0.9583333333333334,0.9583333333333334,0.34773504598229965,0,,,0,
50,45,independent_mondrian,1,2370,0.8291139240506329,0.840084388185654,0.840084388185654,0.3052735022210302,0,,,0,
50,45,independent_mondrian,2,2431,0.9469354175236528,0.9823118058412176,0.9823118058412176,0.5082156371293511,0,,,0,
50,45,independent_mondrian,3,2363,0.8857384680490902,1.0664409648751587,1.0664409648751587,0.5045224490373339,0,,,0,
50,45,independent_mondrian,4,2356,0.9261460101867572,1.0161290322580645,1.0161290322580645,0.6400972133127785,0,,,0,
50,45,ordinal_cluster,0,480,0.9291666666666667,0.9291666666666667,0.9291666666666667,0.3052735022210302,0,,,0,
50,45,ordinal_cluster,1,2370,0.9215189873417722,0.9248945147679325,0.9248945147679325,0.3912525670898916,0,,,0,
50,45,ordinal_cluster,2,2431,0.9156725627313863,0.9703825586178527,0.9703825586178527,0.45769056817681236,0,,,0,
50,45,ordinal_cluster,3,2363,0.9085907744392722,1.0567075751163775,1.0567075751163775,0.54091002431936,0,,,0,
50,45,ordinal_cluster,4,2356,0.9040747028862479,1.0144312393887946,1.0144312393887946,0.6053091355270701,0,,,0,
50,45,linear_structured_final_mondrian,0,480,0.975,0.975,0.975,0.3912525670898916,0,0.27097640301999115,0.12027616406990044,0,25
50,45,linear_structured_final_mondrian,1,2370,0.7755274261603375,0.7818565400843882,0.7818565400843882,0.2710284560821727,0,0.36097640301999123,-0.08994794693781855,0,50
50,45,linear_structured_final_mondrian,2,2431,0.8963389551624846,0.9313039901275195,0.9313039901275195,0.43317810416627117,0,0.4509764030199913,-0.01779829885372014,0,50
50,45,linear_structured_final_mondrian,3,2363,0.8861616589081676,1.0584003385526872,1.0584003385526872,0.5048372628734938,0,0.5409764030199914,-0.03613914014649755,0,50
50,45,linear_structured_final_mondrian,4,2356,0.9316638370118846,1.0216468590831917,1.0216468590831917,0.6589726064350756,0,0.6309764030199915,0.02799620341508413,0,50
50,46,independent_mondrian,0,483,0.8716356107660456,0.8716356107660456,0.8716356107660456,0.2746512544251525,0,,,0,
50,46,independent_mondrian,1,2331,0.903045903045903,0.9133419133419134,0.9133419133419134,0.36643726949845756,0,,,0,
50,46,independent_mondrian,2,2422,0.9219653179190751,0.953757225433526,0.953757225433526,0.4777304603969249,0,,,0,
50,46,independent_mondrian,3,2393,0.8746343501880485,1.0768909318846636,1.0768909318846636,0.47014732818642097,0,,,0,
50,46,independent_mondrian,4,2371,0.9434837621256854,1.00970054829186,1.00970054829186,0.6907239537041114,0,,,0,
50,46,ordinal_cluster,0,483,0.9358178053830227,0.9358178053830227,0.9358178053830227,0.33958199207206813,0,,,0,
50,46,ordinal_cluster,1,2331,0.924924924924925,0.9326469326469327,0.9326469326469327,0.39645831114377694,0,,,0,
50,46,ordinal_cluster,2,2422,0.9000825763831544,0.9488026424442609,0.9488026424442609,0.44178438056260305,0,,,0,
50,46,ordinal_cluster,3,2393,0.9038863351441705,1.014625992478061,1.014625992478061,0.5272741383158377,0,,,0,
50,46,ordinal_cluster,4,2371,0.8802193167439899,0.97089835512442,0.97089835512442,0.5502210127568847,0,,,0,
50,46,linear_structured_final_mondrian,0,483,0.8923395445134575,0.8923395445134575,0.8923395445134575,0.29645217389736167,0,0.2510715617172562,0.04538061218010547,0,25
50,46,linear_structured_final_mondrian,1,2331,0.9124839124839125,0.9309309309309309,0.9309309309309309,0.38066326522135163,0,0.3560715617172562,0.024591703504095452,0,50
50,46,linear_structured_final_mondrian,2,2422,0.9463253509496284,0.9900908340214699,0.9900908340214699,0.5272741383158377,0,0.46107156171725616,0.06620257659858153,0,50
50,46,linear_structured_final_mondrian,3,2393,0.8980359381529461,1.097367321353949,1.097367321353949,0.5149443623709911,0,0.5660715617172561,-0.051127199346265084,0,50
50,46,linear_structured_final_mondrian,4,2371,0.9350485027414593,1.0219316743989877,1.0219316743989877,0.6635195638083817,0,0.6710715617172561,-0.007551997908874397,0,50
50,47,independent_mondrian,0,494,0.9493927125506073,0.9493927125506073,0.9493927125506073,0.34029448891548514,0,,,0,
50,47,independent_mondrian,1,2368,0.903293918918919,0.910472972972973,0.910472972972973,0.372687089210495,0,,,0,
50,47,independent_mondrian,2,2433,0.8799835593916975,0.9330045211672832,0.9330045211672832,0.4164736466613285,0,,,0,
50,47,independent_mondrian,3,2361,0.9246082168572639,1.0559085133418042,1.0559085133418042,0.5392101525052319,0,,,0,
50,47,independent_mondrian,4,2344,0.9168088737201365,1.0341296928327646,1.0341296928327646,0.6252051327855269,0,,,0,
50,47,ordinal_cluster,0,494,0.9595141700404858,0.9595141700404858,0.9595141700404858,0.3697157492373123,0,,,0,
50,47,ordinal_cluster,1,2368,0.9083614864864865,0.9172297297297297,0.9172297297297297,0.3805148742633358,0,,,0,
50,47,ordinal_cluster,2,2433,0.8861487875051377,0.9539662967529798,0.9539662967529798,0.4223709611263811,0,,,0,
50,47,ordinal_cluster,3,2361,0.938585345192715,1.0601440067767895,1.0601440067767895,0.5687981780138677,0,,,0,
50,47,ordinal_cluster,4,2344,0.9040102389078498,1.0375426621160408,1.0375426621160408,0.6053276010153267,0,,,0,
50,47,linear_structured_final_mondrian,0,494,0.9898785425101214,0.9898785425101214,0.9898785425101214,0.45703183242741213,0,0.3403078287841487,0.11672400364326341,0,25
50,47,linear_structured_final_mondrian,1,2368,0.902027027027027,0.9155405405405406,0.9155405405405406,0.36918776056966385,0,0.3928078287841487,-0.02362006821448487,0,50
50,47,linear_structured_final_mondrian,2,2433,0.8647759967118783,0.9490341142622277,0.9490341142622277,0.40268012837285455,0,0.4453078287841487,-0.042627700411294156,0,50
50,47,linear_structured_final_mondrian,3,2361,0.9495976281236764,1.159678102498941,1.159678102498941,0.6040930998075549,0,0.4978078287841487,0.10628527102340618,0,50
50,47,linear_structured_final_mondrian,4,2344,0.9556313993174061,1.1075085324232081,1.1075085324232081,0.732069184385897,0,0.5503078287841487,0.18176135560174822,0,50
50,48,independent_mondrian,0,519,0.8901734104046243,0.8901734104046243,0.8901734104046243,0.2783324566582142,0,,,0,
50,48,independent_mondrian,1,2352,0.8822278911564626,0.8869047619047619,0.8869047619047619,0.3395925419685046,0,,,0,
50,48,independent_mondrian,2,2334,0.8753213367609255,0.9168808911739503,0.9168808911739503,0.43045801882768175,0,,,0,
50,48,independent_mondrian,3,2450,0.8840816326530613,1.0130612244897959,1.0130612244897959,0.4884462452671859,0,,,0,
50,48,independent_mondrian,4,2345,0.8955223880597015,0.9637526652452025,0.9637526652452025,0.5906328195224505,0,,,0,
50,48,ordinal_cluster,0,519,0.9229287090558767,0.9229287090558767,0.9229287090558767,0.31045976482524307,0,,,0,
50,48,ordinal_cluster,1,2352,0.91921768707483,0.9243197278911565,0.9243197278911565,0.38048736248807474,0,,,0,
50,48,ordinal_cluster,2,2334,0.8616109682947729,0.9044558697514996,0.9044558697514996,0.4180662936961352,0,,,0,
50,48,ordinal_cluster,3,2450,0.8824489795918368,0.9755102040816327,0.9755102040816327,0.4858296848091779,0,,,0,
50,48,ordinal_cluster,4,2345,0.8631130063965885,0.9300639658848614,0.9300639658848614,0.5306979981839359,0,,,0,
50,48,linear_structured_final_mondrian,0,519,0.9421965317919075,0.9421965317919075,0.9421965317919075,0.33643638088410394,0,0.3498878347105334,-0.013451453826429483,0,25
50,48,linear_structured_final_mondrian,1,2352,0.8690476190476191,0.8754251700680272,0.8754251700680272,0.3243895913002569,0,0.3823878347105334,-0.057998243410276484,0,50
50,48,linear_structured_final_mondrian,2,2334,0.8817480719794345,0.9413024850042845,0.9413024850042845,0.4379661996623451,0,0.41488783471053337,0.02307836495181176,0,50
50,48,linear_structured_final_mondrian,3,2450,0.9208163265306123,1.093469387755102,1.093469387755102,0.5411441149658927,0,0.44738783471053334,0.09375628025535931,0,50
50,48,linear_structured_final_mondrian,4,2345,0.9304904051172708,1.022174840085288,1.022174840085288,0.6555792423357538,0,0.4798878347105333,0.1756914076252205,0,50
50,49,independent_mondrian,0,470,0.9468085106382979,0.9468085106382979,0.9468085106382979,0.3293796105319638,0,,,0,
50,49,independent_mondrian,1,2369,0.9121992401857324,0.9231743351625158,0.9231743351625158,0.3803424583542258,0,,,0,
50,49,independent_mondrian,2,2438,0.9048400328137818,0.9470877768662839,0.9470877768662839,0.45531085606289384,0,,,0,
50,49,independent_mondrian,3,2329,0.884499785315586,1.1300987548303993,1.1300987548303993,0.5015762291046562,0,,,0,
50,49,independent_mondrian,4,2394,0.9594820384294068,1.045530492898914,1.045530492898914,0.7449534981257668,0,,,0,
50,49,ordinal_cluster,0,470,0.9680851063829787,0.9680851063829787,0.9680851063829787,0.3718056796250758,0,,,0,
50,49,ordinal_cluster,1,2369,0.9295061207260448,0.9392148585901224,0.9392148585901224,0.40336311454293533,0,,,0,
50,49,ordinal_cluster,2,2438,0.8843314191960624,0.9319114027891715,0.9319114027891715,0.42964888266587015,0,,,0,
50,49,ordinal_cluster,3,2329,0.8935165306998711,1.017174753112924,1.017174753112924,0.5132109611305161,0,,,0,
50,49,ordinal_cluster,4,2394,0.8872180451127819,0.9770258980785297,0.9770258980785297,0.569172429927223,0,,,0,
50,49,linear_structured_final_mondrian,0,470,0.9936170212765958,0.9936170212765958,0.9936170212765958,0.4458321807126408,0,0.2731334105367374,0.1726987701759034,0,25
50,49,linear_structured_final_mondrian,1,2369,0.9295061207260448,0.9400590966652596,0.9400590966652596,0.40336311454293533,0,0.3706334105367373,0.03272970400619801,0,50
50,49,linear_structured_final_mondrian,2,2438,0.8568498769483183,0.8847415914684167,0.8847415914684167,0.3977149123492589,0,0.46813341053673724,-0.07041849818747836,0,50
50,49,linear_structured_final_mondrian,3,2329,0.8261056247316445,1.060541004723057,1.060541004723057,0.43308067341361006,0,0.5656334105367371,-0.13255273712312704,0,50
50,49,linear_structured_final_mondrian,4,2394,0.9594820384294068,1.0167084377610693,1.0167084377610693,0.7456816353508532,0,0.663133410536737,0.08254822481411617,0,50
20,0,independent_mondrian,0,507,0.9723865877712031,0.9723865877712031,0.9723865877712031,0.4045504725759952,0,,,0,
20,0,independent_mondrian,1,2390,0.9397489539748954,0.9502092050209205,0.9502092050209205,0.4136553669013962,0,,,0,
20,0,independent_mondrian,2,2367,0.9205745669623997,0.9746514575411914,0.9746514575411914,0.4562316644097775,0,,,0,
20,0,independent_mondrian,3,2307,0.9215431296055483,1.0663198959687907,1.0663198959687907,0.5491841428494041,0,,,0,
20,0,independent_mondrian,4,2429,0.9131329765335529,1.0123507616303005,1.0123507616303005,0.6047806733654262,0,,,0,
20,0,ordinal_cluster,0,507,0.9743589743589743,0.9743589743589743,0.9743589743589743,0.40857134387144156,0,,,0,
20,0,ordinal_cluster,1,2390,0.9485355648535565,0.9661087866108786,0.9661087866108786,0.4249376454379157,0,,,0,
20,0,ordinal_cluster,2,2367,0.9391634980988594,0.9936628643852978,0.9936628643852978,0.4897012726637284,0,,,0,
20,0,ordinal_cluster,3,2307,0.9202427394885132,1.0567837017772,1.0567837017772,0.5477060987136988,0,,,0,
20,0,ordinal_cluster,4,2429,0.8896665294359819,0.9880609304240429,0.9880609304240429,0.5668325388498763,0,,,0,
20,0,linear_structured_final_mondrian,0,507,0.9842209072978304,0.9842209072978304,0.9842209072978304,0.4568461754558448,0,0.29769113984292617,0.15915503561291866,0,10
20,0,linear_structured_final_mondrian,1,2390,0.9610878661087866,0.9723849372384937,0.9723849372384937,0.457720107459831,0,0.37769113984292624,0.08002896761690476,0,50
20,0,linear_structured_final_mondrian,2,2367,0.8728348119983101,0.9205745669623997,0.9205745669623997,0.3955428052551852,0,0.4576911398429263,-0.062148334587741105,0,50
20,0,linear_structured_final_mondrian,3,2307,0.8872995231902904,1.0576506285218898,1.0576506285218898,0.5015903518426323,0,0.5376911398429264,-0.03610078800029404,0,50
20,0,linear_structured_final_mondrian,4,2429,0.9361877315767806,1.0119390695759571,1.0119390695759571,0.660018794535776,0,0.6176911398429265,0.0423276546928496,0,50
20,1,independent_mondrian,0,538,0.8345724907063197,0.8345724907063197,0.8345724907063197,0.259300195202821,0,,,0,
20,1,independent_mondrian,1,2360,0.926271186440678,0.9300847457627118,0.9300847457627118,0.4050242803189444,0,,,0,
20,1,independent_mondrian,2,2377,0.8792595708876736,0.9511989903239377,0.9511989903239377,0.421520448777592,0,,,0,
20,1,independent_mondrian,3,2322,0.9220499569336779,1.069767441860465,1.069767441860465,0.5669347820484425,0,,,0,
20,1,independent_mondrian,4,2403,0.9084477736163129,1.0282979608822305,1.0282979608822305,0.6120098801887728,0,,,0,
20,1,ordinal_cluster,0,538,0.966542750929368,0.966542750929368,0.966542750929368,0.38590892121266235,0,,,0,
20,1,ordinal_cluster,1,2360,0.926271186440678,0.9330508474576271,0.9330508474576271,0.4050242803189444,0,,,0,
20,1,ordinal_cluster,2,2377,0.8876735380732015,0.9436264198569626,0.9436264198569626,0.43125597430352386,0,,,0,
20,1,ordinal_cluster,3,2322,0.9009474590869939,1.0318690783807063,1.0318690783807063,0.5262879935103066,0,,,0,
20,1,ordinal_cluster,4,2403,0.8868081564710778,0.9879317519766958,0.9879317519766958,0.5780493424168534,0,,,0,
20,1,linear_structured_final_mondrian,0,538,0.8810408921933085,0.8810408921933085,0.8810408921933085,0.28605450083334655,0,0.26439876902454107,0.02165573180880548,0,10
20,1,linear_structured_final_mondrian,1,2360,0.9474576271186441,0.9516949152542373,0.9516949152542373,0.4324333695735165,0,0.35439876902454115,0.07803460054897537,0,50
20,1,linear_structured_final_mondrian,2,2377,0.87968026924695,0.9411022297013042,0.9411022297013042,0.42156095859875264,0,0.44439876902454123,-0.022837810425788585,0,50
20,1,linear_structured_final_mondrian,3,2322,0.9031007751937985,1.077950043066322,1.077950043066322,0.5307919701914869,0,0.5343987690245413,-0.00360679883305437,0,50
20,1,linear_structured_final_mondrian,4,2403,0.9305035372451103,1.032875572201415,1.032875572201415,0.6554848715179767,0,0.6243987690245414,0.031086102493435352,0,50
20,2,independent_mondrian,0,509,0.931237721021611,0.931237721021611,0.931237721021611,0.33490383240837857,0,,,0,
20,2,independent_mondrian,1,2431,0.9123817359111477,0.9230769230769231,0.9230769230769231,0.3836467804066781,0,,,0,
20,2,independent_mondrian,2,2342,0.9077711357813835,1.0102476515798462,1.0102476515798462,0.45322922772063823,0,,,0,
20,2,independent_mondrian,3,2378,0.9592094196804037,1.1122792262405383,1.1122792262405383,0.6357829292590037,0,,,0,
20,2,independent_mondrian,4,2340,0.908974358974359,1.076068376068376,1.076068376068376,0.6140736778523089,0,,,0,
20,2,ordinal_cluster,0,509,0.9430255402750491,0.9430255402750491,0.9430255402750491,0.3449562611128166,0,,,0,
20,2,ordinal_cluster,1,2431,0.9197860962566845,0.9308926367749897,0.9308926367749897,0.3975436212856709,0,,,0,
20,2,ordinal_cluster,2,2342,0.9120409906063194,0.984201537147737,0.984201537147737,0.45914566908559357,0,,,0,
20,2,ordinal_cluster,3,2378,0.9365012615643398,1.0908326324642557,1.0908326324642557,0.5766239538231811,0,,,0,
20,2,ordinal_cluster,4,2340,0.908974358974359,1.0397435897435898,1.0397435897435898,0.6140736778523089,0,,,0,
20,2,linear_structured_final_mondrian,0,509,0.9646365422396856,0.9646365422396856,0.9646365422396856,0.3975436212856709,0,0.28522564140420487,0.11231797988146602,0,10
20,2,linear_structured_final_mondrian,1,2431,0.9123817359111477,0.9226655697243933,0.9226655697243933,0.3836467804066781,0,0.3877256414042049,-0.004078860997526801,0,50
20,2,linear_structured_final_mondrian,2,2342,0.8526900085397097,0.9192997438087105,0.9192997438087105,0.39760629275689696,0,0.49022564140420494,-0.09261934864730798,0,50
20,2,linear_structured_final_mondrian,3,2378,0.9310344827586207,1.1156433978132885,1.1156433978132885,0.5679529044658213,0,0.592725641404205,-0.024772736938383777,0,50
20,2,linear_structured_final_mondrian,4,2340,0.935042735042735,1.061965811965812,1.061965811965812,0.6797576596158361,0,0.6952256414042051,-0.015467981788368945,0,50
20,3,independent_mondrian,0,504,0.8452380952380952,0.8452380952380952,0.8452380952380952,0.27325263945296907,0,,,0,
20,3,independent_mondrian,1,2347,0.9216020451640392,0.931827865360034,0.931827865360034,0.4008722333729569,0,,,0,
20,3,independent_mondrian,2,2423,0.9100288898060256,0.9752373091209244,0.9752373091209244,0.46390974773908056,0,,,0,
20,3,independent_mondrian,3,2352,0.91921768707483,1.0718537414965987,1.0718537414965987,0.5502811822932402,0,,,0,
20,3,independent_mondrian,4,2374,0.9098567818028643,1.012636899747262,1.012636899747262,0.600330953311012,0,,,0,
20,3,ordinal_cluster,0,504,0.9682539682539683,0.9682539682539683,0.9682539682539683,0.39300988518389884,0,,,0,
20,3,ordinal_cluster,1,2347,0.9475926714955262,0.962079250106519,0.962079250106519,0.4381269542383209,0,,,0,
20,3,ordinal_cluster,2,2423,0.9224102352455633,0.9880313660751135,0.9880313660751135,0.4790411658839045,0,,,0,
20,3,ordinal_cluster,3,2352,0.9128401360544217,1.0497448979591837,1.0497448979591837,0.5421762465081483,0,,,0,
20,3,ordinal_cluster,4,2374,0.884161752316765,0.983150800336984,0.983150800336984,0.5623472675149688,0,,,0,
20,3,linear_structured_final_mondrian,0,504,0.8452380952380952,0.8452380952380952,0.8452380952380952,0.27325263945296907,0,0.31055468838181416,-0.03730204892884509,0,10
20,3,linear_structured_final_mondrian,1,2347,0.927993182786536,0.9492969748615253,0.9492969748615253,0.4083915075087275,0,0.38805468838181406,0.02033681912691343,0,50
20,3,linear_structured_final_mondrian,2,2423,0.9570780024762691,1.0074288072637227,1.0074288072637227,0.5412351062334115,0,0.46555468838181396,0.07568041785159757,0,50
20,3,linear_structured_final_mondrian,3,2352,0.8852040816326531,1.0901360544217686,1.0901360544217686,0.5045494955585991,0,0.5430546883818139,-0.03850519282321485,0,50
20,3,linear_structured_final_mondrian,4,2374,0.9393428812131424,1.0248525695029487,1.0248525695029487,0.6462122074141534,0,0.6205546883818138,0.025657519032339593,0,50
20,4,independent_mondrian,0,505,0.9168316831683169,0.9168316831683169,0.9168316831683169,0.3144313131678619,0,,,0,
20,4,independent_mondrian,1,2389,0.9095856006697363,0.9183758894935119,0.9183758894935119,0.387705375864326,0,,,0,
20,4,independent_mondrian,2,2340,0.8991452991452992,0.9397435897435897,0.9397435897435897,0.4378411713862637,0,,,0,
20,4,independent_mondrian,3,2396,0.8939899833055092,1.0354757929883138,1.0354757929883138,0.5112617345313757,0,,,0,
20,4,independent_mondrian,4,2370,0.9016877637130801,0.9827004219409282,0.9827004219409282,0.604111977413262,0,,,0,
20,4,ordinal_cluster,0,505,0.9366336633663367,0.9366336633663367,0.9366336633663367,0.34851697315360214,0,,,0,
20,4,ordinal_cluster,1,2389,0.9183758894935119,0.9284219338635412,0.9284219338635412,0.402131659280571,0,,,0,
20,4,ordinal_cluster,2,2340,0.902991452991453,0.9482905982905983,0.9482905982905983,0.4412864734480505,0,,,0,
20,4,ordinal_cluster,3,2396,0.8973288814691152,1.013355592654424,1.013355592654424,0.5157996474088079,0,,,0,
20,4,ordinal_cluster,4,2370,0.8696202531645569,0.950632911392405,0.950632911392405,0.5492867825516743,0,,,0,
20,4,linear_structured_final_mondrian,0,505,0.9168316831683169,0.9168316831683169,0.9168316831683169,0.3144313131678619,0,0.32277289234071477,-0.008341579172852887,0,10
20,4,linear_structured_final_mondrian,1,2389,0.930514859773964,0.9422352448723316,0.9422352448723316,0.4208362088734589,0,0.3727728923407148,0.048063316532744094,0,50
20,4,linear_structured_final_mondrian,2,2340,0.9294871794871795,0.9923076923076923,0.9923076923076923,0.4804395854042183,0,0.42277289234071486,0.057666693063503416,0,50
20,4,linear_structured_final_mondrian,3,2396,0.9165275459098498,1.0863939899833055,1.0863939899833055,0.5455228504098062,0,0.4727728923407149,0.07274995806909129,0,50
20,4,linear_structured_final_mondrian,4,2370,0.9105485232067511,1.0037974683544304,1.0037974683544304,0.6185128084040478,0,0.5227728923407149,0.09573991606333287,0,50
20,5,independent_mondrian,0,511,0.9295499021526419,0.9295499021526419,0.9295499021526419,0.3314727394955991,0,,,0,
20,5,independent_mondrian,1,2331,0.8571428571428571,0.873015873015873,0.873015873015873,0.3430592170027406,0,,,0,
20,5,independent_mondrian,2,2312,0.9294982698961938,0.9641003460207612,0.9641003460207612,0.48053461853934076,0,,,0,
20,5,independent_mondrian,3,2418,0.8614557485525227,1.0289495450785773,1.0289495450785773,0.49083968832029895,0,,,0,
20,5,independent_mondrian,4,2428,0.907331136738056,0.9794069192751236,0.9794069192751236,0.5857224232987103,0,,,0,
20,5,ordinal_cluster,0,511,0.9373776908023483,0.9373776908023483,0.9373776908023483,0.3425790598639277,0,,,0,
20,5,ordinal_cluster,1,2331,0.9296439296439296,0.9433719433719434,0.9433719433719434,0.41750118387898183,0,,,0,
20,5,ordinal_cluster,2,2312,0.9147923875432526,0.9684256055363322,0.9684256055363322,0.449566806381749,0,,,0,
20,5,ordinal_cluster,3,2418,0.8899917287014061,1.0248138957816377,1.0248138957816377,0.532768104056816,0,,,0,
20,5,ordinal_cluster,4,2428,0.8801482701812191,0.9724052718286655,0.9724052718286655,0.5388899774102055,0,,,0,
20,5,linear_structured_final_mondrian,0,511,0.949119373776908,0.949119373776908,0.949119373776908,0.3667296638625373,0,0.36404287941710256,0.0026867844454347423,0,10
20,5,linear_structured_final_mondrian,1,2331,0.83998283998284,0.873015873015873,0.873015873015873,0.3278688908742953,0,0.40654287941710254,-0.07867398854280722,0,50
20,5,linear_structured_final_mondrian,2,2312,0.9593425605536332,1.0064878892733564,1.0064878892733564,0.5572222045681858,0,0.4490428794171025,0.1081793251510833,0,50
20,5,linear_structured_final_mondrian,3,2418,0.8957816377171216,1.1050454921422663,1.1050454921422663,0.5454660636273465,0,0.4915428794171025,0.053923184210244,0,50
20,5,linear_structured_final_mondrian,4,2428,0.9188632619439868,1.016474464579901,1.016474464579901,0.6089809165197608,0,0.5340428794171025,0.07493803710265834,0,50
20,6,independent_mondrian,0,470,0.8765957446808511,0.8765957446808511,0.8765957446808511,0.2848191058043691,0,,,0,
20,6,independent_mondrian,1,2349,0.9016602809706258,0.913154533844189,0.913154533844189,0.3706593073505035,0,,,0,
20,6,independent_mondrian,2,2392,0.9130434782608695,0.9527591973244147,0.9527591973244147,0.46074750834433564,0,,,0,
20,6,independent_mondrian,3,2406,0.8861180382377389,1.0399002493765586,1.0399002493765586,0.5017769960907744,0,,,0,
20,6,independent_mondrian,4,2383,0.9034830046160303,0.9890893831305078,0.9890893831305078,0.591608425240312,0,,,0,
20,6,ordinal_cluster,0,470,0.951063829787234,0.9553191489361702,0.9553191489361702,0.3675224722349798,0,,,0,
20,6,ordinal_cluster,1,2349,0.9438058748403576,0.9587058322690507,0.9587058322690507,0.42743149192412994,0,,,0,
20,6,ordinal_cluster,2,2392,0.9113712374581939,0.967809364548495,0.967809364548495,0.458207205320479,0,,,0,
20,6,ordinal_cluster,3,2406,0.9010806317539485,1.0249376558603491,1.0249376558603491,0.5282470553483947,0,,,0,
20,6,ordinal_cluster,4,2383,0.8694922366764583,0.9681074276122534,0.9681074276122534,0.5437135027437628,0,,,0,
20,6,linear_structured_final_mondrian,0,470,0.951063829787234,0.951063829787234,0.951063829787234,0.36754232700263656,0,0.2824343912721373,0.08510793573049924,0,10
20,6,linear_structured_final_mondrian,1,2349,0.89272030651341,0.907620263942103,0.907620263942103,0.3639671720645382,0,0.36993439127213723,-0.005967219207599017,0,50
20,6,linear_structured_final_mondrian,2,2392,0.9130434782608695,0.9452341137123745,0.9452341137123745,0.46074750834433564,0,0.45743439127213714,0.0033131170721985015,0,50
20,6,linear_structured_final_mondrian,3,2406,0.8620116375727348,1.0157938487115545,1.0157938487115545,0.47129874321179505,0,0.544934391272137,-0.07363564806034201,0,50
20,6,linear_structured_final_mondrian,4,2383,0.9034830046160303,0.9735627360469996,0.9735627360469996,0.591608425240312,0,0.632434391272137,-0.04082596603182498,0,50
20,7,independent_mondrian,0,495,0.8585858585858586,0.8585858585858586,0.8585858585858586,0.25005318268927595,0,,,0,
20,7,independent_mondrian,1,2383,0.8724297104490139,0.8825010490977759,0.8825010490977759,0.345735834303367,0,,,0,
20,7,independent_mondrian,2,2362,0.9191363251481796,0.9504657070279424,0.9504657070279424,0.47424861791470846,0,,,0,
20,7,independent_mondrian,3,2313,0.8469520103761349,1.069174232598357,1.069174232598357,0.46043123143568,0,,,0,
20,7,independent_mondrian,4,2447,0.9493257049448304,1.0155292194523906,1.0155292194523906,0.6934343704757365,0,,,0,
20,7,ordinal_cluster,0,495,0.9474747474747475,0.9474747474747475,0.9474747474747475,0.3250516350057509,0,,,0,
20,7,ordinal_cluster,1,2383,0.9282417121275703,0.9341166596726815,0.9341166596726815,0.4057878244309991,0,,,0,
20,7,ordinal_cluster,2,2362,0.8911939034716342,0.9428450465707028,0.9428450465707028,0.42848095889122184,0,,,0,
20,7,ordinal_cluster,3,2313,0.898400345871163,1.0194552529182879,1.0194552529182879,0.524174528261619,0,,,0,
20,7,ordinal_cluster,4,2447,0.8876174908050675,0.9779321618308132,0.9779321618308132,0.5575871860129685,0,,,0,
20,7,linear_structured_final_mondrian,0,495,0.9171717171717172,0.9171717171717172,0.9171717171717172,0.3041942863159184,0,0.31665401994564196,-0.01245973362972358,0,10
20,7,linear_structured_final_mondrian,1,2383,0.8514477549307595,0.8644565673520772,0.8644565673520772,0.3250516350057509,0,0.37415401994564207,-0.049102384939891164,0,50
20,7,linear_structured_final_mondrian,2,2362,0.934801016088061,0.9593564775613886,0.9593564775613886,0.5004460342918678,0,0.4316540199456422,0.06879201434622567,0,50
20,7,linear_structured_final_mondrian,3,2313,0.8210116731517509,1.0799827064418503,1.0799827064418503,0.43641608251133185,0,0.4891540199456423,-0.05273793743431043,0,50
20,7,linear_structured_final_mondrian,4,2447,0.9587249693502248,1.0171638741315896,1.0171638741315896,0.7221270136180609,0,0.5466540199456424,0.17547299367241842,0,50
20,8,independent_mondrian,0,499,0.9619238476953907,0.9659318637274549,0.9659318637274549,0.37946280816227707,0,,,0,
20,8,independent_mondrian,1,2370,0.9236286919831224,0.930379746835443,0.930379746835443,0.4042930408966428,0,,,0,
20,8,independent_mondrian,2,2404,0.872712146422629,0.9875207986688852,0.9875207986688852,0.40496993641308493,0,,,0,
20,8,independent_mondrian,3,2355,0.9634819532908705,1.1766454352441613,1.1766454352441613,0.6767065998420925,0,,,0,
20,8,independent_mondrian,4,2372,0.9473018549747049,1.1374367622259696,1.1374367622259696,0.7049039866917578,0,,,0,
20,8,ordinal_cluster,0,499,0.9639278557114228,0.9679358717434869,0.9679358717434869,0.39713644353955935,0,,,0,
20,8,ordinal_cluster,1,2370,0.919409282700422,0.9367088607594937,0.9367088607594937,0.4000754074889378,0,,,0,
20,8,ordinal_cluster,2,2404,0.93261231281198,1.009567387687188,1.009567387687188,0.48919830086616856,0,,,0,
20,8,ordinal_cluster,3,2355,0.9414012738853503,1.1575371549893843,1.1575371549893843,0.6095915876115336,0,,,0,
20,8,ordinal_cluster,4,2372,0.9376053962900506,1.0889544688026982,1.0889544688026982,0.6767065998420925,0,,,0,
20,8,linear_structured_final_mondrian,0,499,0.9639278557114228,0.9679358717434869,0.9679358717434869,0.39713644353955935,0,0.293490239548086,0.10364620399147334,0,10
20,8,linear_structured_final_mondrian,1,2370,0.9430379746835443,0.950632911392405,0.950632911392405,0.4375994805665717,0,0.398490239548086,0.03910924101848573,0,50
20,8,linear_structured_final_mondrian,2,2404,0.8681364392678869,1.0054076539101497,1.0054076539101497,0.4000754074889378,0,0.503490239548086,-0.10341483205914825,0,50
20,8,linear_structured_final_mondrian,3,2355,0.9707006369426752,1.1830148619957537,1.1830148619957537,0.6933846059347355,0,0.608490239548086,0.08489436638664949,0,50
20,8,linear_structured_final_mondrian,4,2372,0.9473018549747049,1.1496627318718382,1.1496627318718382,0.7049039866917578,0,0.713490239548086,-0.008586252856328191,0,50
20,9,independent_mondrian,0,521,0.9174664107485605,0.9174664107485605,0.9174664107485605,0.3180151316078234,0,,,0,
20,9,independent_mondrian,1,2366,0.930262045646661,0.9420963651732882,0.9420963651732882,0.40682918142133234,0,,,0,
20,9,independent_mondrian,2,2427,0.9175937371240215,0.9686856201071281,0.9686856201071281,0.46734626718561884,0,,,0,
20,9,independent_mondrian,3,2337,0.897732135216089,1.068463842533162,1.068463842533162,0.5130094786136199,0,,,0,
20,9,independent_mondrian,4,2349,0.9276287782034909,1.0136228182205194,1.0136228182205194,0.6390735817394334,0,,,0,
20,9,ordinal_cluster,0,521,0.9692898272552783,0.9692898272552783,0.9692898272552783,0.39156078380000925,0,,,0,
20,9,ordinal_cluster,1,2366,0.9573119188503804,0.9695688926458157,0.9695688926458157,0.44544885608653945,0,,,0,
20,9,ordinal_cluster,2,2427,0.907292954264524,0.9728059332509271,0.9728059332509271,0.4528418359790705,0,,,0,
20,9,ordinal_cluster,3,2337,0.9161317928968763,1.0393667094565682,1.0393667094565682,0.5406446354075313,0,,,0,
20,9,ordinal_cluster,4,2349,0.8939974457215837,0.9940400170285227,0.9940400170285227,0.5697329603667957,0,,,0,
20,9,linear_structured_final_mondrian,0,521,0.9174664107485605,0.9174664107485605,0.9174664107485605,0.3180151316078234,0,0.3084753671501701,0.00953976445765331,0,10
20,9,linear_structured_final_mondrian,1,2366,0.959425190194421,0.963229078613694,0.963229078613694,0.4503539994231437,0,0.38847536715017017,0.06187863227297352,0,50
20,9,linear_structured_final_mondrian,2,2427,0.6777915121549237,0.7548413679439637,0.7548413679439637,0.2748899833227457,0,0.46847536715017024,-0.19358538382742452,0,50
20,9,linear_structured_final_mondrian,3,2337,0.9332477535301669,1.0513478818998716,1.0513478818998716,0.565285822176462,0,0.5484753671501703,0.016810455026291637,0,50
20,9,linear_structured_final_mondrian,4,2349,0.9123031077054066,1.0263942103022563,1.0263942103022563,0.6138732300338362,0,0.6284753671501704,-0.01460213711633418,0,50
20,10,independent_mondrian,0,435,0.9356321839080459,0.9356321839080459,0.9356321839080459,0.31016314472130535,0,,,0,
20,10,independent_mondrian,1,2415,0.8886128364389234,0.9022774327122153,0.9022774327122153,0.3605443133337789,0,,,0,
20,10,independent_mondrian,2,2294,0.9433304272013949,0.9825632083696599,0.9825632083696599,0.5112853880093159,0,,,0,
20,10,independent_mondrian,3,2435,0.8669404517453799,1.0308008213552362,1.0308008213552362,0.4828111614418654,0,,,0,
20,10,independent_mondrian,4,2421,0.9054109871953738,0.9776951672862454,0.9776951672862454,0.5884178082153256,0,,,0,
20,10,ordinal_cluster,0,435,0.9724137931034482,0.9724137931034482,0.9724137931034482,0.35173648275139274,0,,,0,
20,10,ordinal_cluster,1,2415,0.9461697722567288,0.9544513457556936,0.9544513457556936,0.4376163869128603,0,,,0,
20,10,ordinal_cluster,2,2294,0.9154315605928509,0.9673060156931125,0.9673060156931125,0.46098096383753107,0,,,0,
20,10,ordinal_cluster,3,2435,0.8895277207392197,1.0016427104722792,1.0016427104722792,0.5112853880093159,0,,,0,
20,10,ordinal_cluster,4,2421,0.8608013217678645,0.9442379182156134,0.9442379182156134,0.5152024584026601,0,,,0,
20,10,linear_structured_final_mondrian,0,435,0.896551724137931,0.896551724137931,0.896551724137931,0.2792190128997818,0,0.41011638691286023,-0.13089737401307844,0,10
20,10,linear_structured_final_mondrian,1,2415,0.8886128364389234,0.9055900621118013,0.9055900621118013,0.3605443133337789,0,0.4376163869128603,-0.07707207357908141,0,50
20,10,linear_structured_final_mondrian,2,2294,0.9516129032258065,0.9908456843940715,0.9908456843940715,0.5281633119614305,0,0.4651163869128604,0.06304692504857012,0,50
20,10,linear_structured_final_mondrian,3,2435,0.8681724845995893,1.037782340862423,1.037782340862423,0.48490973791827013,0,0.49261638691286047,-0.007706648994590337,0,50
20,10,linear_structured_final_mondrian,4,2421,0.9054109871953738,0.9781082197439075,0.9781082197439075,0.5884178082153256,0,0.5201163869128606,0.06830142130246508,0,50
20,11,independent_mondrian,0,498,0.9036144578313253,0.9036144578313253,0.9036144578313253,0.29673109249311885,0,,,0,
20,11,independent_mondrian,1,2373,0.866835229667088,0.8739991571849979,0.8739991571849979,0.33403947204119616,0,,,0,
20,11,independent_mondrian,2,2436,0.8981937602627258,0.9507389162561576,0.9507389162561576,0.435228107335315,0,,,0,
20,11,independent_mondrian,3,2368,0.9256756756756757,1.0637668918918919,1.0637668918918919,0.551743968517529,0,,,0,
20,11,independent_mondrian,4,2325,0.9002150537634409,1.0189247311827958,1.0189247311827958,0.6021999168269315,0,,,0,
20,11,ordinal_cluster,0,498,0.9257028112449799,0.9257028112449799,0.9257028112449799,0.32172533403223164,0,,,0,
20,11,ordinal_cluster,1,2373,0.9068689422671724,0.9140328697850821,0.9140328697850821,0.37903852581210323,0,,,0,
20,11,ordinal_cluster,2,2436,0.8981937602627258,0.9507389162561576,0.9507389162561576,0.43411434503912727,0,,,0,
20,11,ordinal_cluster,3,2368,0.9163851351351351,1.0418074324324325,1.0418074324324325,0.5377252521752868,0,,,0,
20,11,ordinal_cluster,4,2325,0.8911827956989248,1,1,0.5809487721169249,0,,,0,
20,11,linear_structured_final_mondrian,0,498,0.7971887550200804,0.7971887550200804,0.7971887550200804,0.22382709210238558,0,0.31106255122408616,-0.08723545912170058,0,10
20,11,linear_structured_final_mondrian,1,2373,0.8242730720606827,0.8293299620733249,0.8293299620733249,0.2957782135673978,0,0.38856255122408606,-0.09278433765668825,0,50
20,11,linear_structured_final_mondrian,2,2436,0.867816091954023,0.8871100164203612,0.8871100164203612,0.4038548330150052,0,0.46606255122408596,-0.062207718209080776,0,50
20,11,linear_structured_final_mondrian,3,2368,0.8234797297297297,0.9455236486486487,0.9455236486486487,0.42743081602205873,0,0.5435625512240858,-0.11613173520202708,0,50
20,11,linear_structured_final_mondrian,4,2325,0.895483870967742,0.952258064516129,0.952258064516129,0.587974278294055,0,0.6210625512240857,-0.03308827293003069,0,50
20,12,independent_mondrian,0,485,0.9649484536082474,0.9670103092783505,0.9670103092783505,0.4046134275207253,0,,,0,
20,12,independent_mondrian,1,2438,0.8978671041837571,0.9089417555373257,0.9089417555373257,0.37020062282712246,0,,,0,
20,12,independent_mondrian,2,2342,0.8953885567890691,0.9859094790777113,0.9859094790777113,0.43860009082695967,0,,,0,
20,12,independent_mondrian,3,2364,0.9458544839255499,1.1087140439932317,1.1087140439932317,0.6137543510810698,0,,,0,
20,12,independent_mondrian,4,2371,0.929143821172501,1.076339097427246,1.076339097427246,0.6440532992110097,0,,,0,
20,12,ordinal_cluster,0,485,0.9463917525773196,0.9484536082474226,0.9484536082474226,0.37041023372073134,0,,,0,
20,12,ordinal_cluster,1,2438,0.9220672682526662,0.9310910582444627,0.9310910582444627,0.4046134275207253,0,,,0,
20,12,ordinal_cluster,2,2342,0.8958155422715628,0.9568744662681469,0.9568744662681469,0.43931295894918,0,,,0,
20,12,ordinal_cluster,3,2364,0.9225888324873096,1.0706429780033841,1.0706429780033841,0.5506464342562272,0,,,0,
20,12,ordinal_cluster,4,2371,0.9173344580345846,1.0307886967524251,1.0307886967524251,0.6205357241812247,0,,,0,
20,12,linear_structured_final_mondrian,0,485,0.9649484536082474,0.9670103092783505,0.9670103092783505,0.4046134275207253,0,0.2931557457345568,0.1114576817861685,0,10
20,12,linear_structured_final_mondrian,1,2438,0.8761279737489746,0.8872026251025431,0.8872026251025431,0.34546382595147,0,0.3731557457345569,-0.027691919783086882,0,50
20,12,linear_structured_final_mondrian,2,2342,0.9039282664389411,1.0226302305721606,1.0226302305721606,0.44749556539285845,0,0.45315574573455697,-0.0056601803416985175,0,50
20,12,linear_structured_final_mondrian,3,2364,0.9720812182741116,1.135786802030457,1.135786802030457,0.670366653735587,0,0.533155745734557,0.13721090800102997,0,50
20,12,linear_structured_final_mondrian,4,2371,0.9270350063264445,1.1189371573175875,1.1189371573175875,0.6411733104624489,0,0.6131557457345571,0.02801756472789174,0,50
20,13,independent_mondrian,0,515,0.887378640776699,0.887378640776699,0.887378640776699,0.2928721942678198,0,,,0,
20,13,independent_mondrian,1,2342,0.9180187873612298,0.9457728437233134,0.9457728437233134,0.3982978906646332,0,,,0,
20,13,independent_mondrian,2,2373,0.9582806573957017,1.0429835651074588,1.0429835651074588,0.5470984101471639,0,,,0,
20,13,independent_mondrian,3,2369,0.9362600253271423,1.1460531869987336,1.1460531869987336,0.6014265692092174,0,,,0,
20,13,independent_mondrian,4,2401,0.9196168263223656,1.0483132028321533,1.0483132028321533,0.6402175630614806,0,,,0,
20,13,ordinal_cluster,0,515,0.9766990291262136,0.9766990291262136,0.9766990291262136,0.3835362774299464,0,,,0,
20,13,ordinal_cluster,1,2342,0.9487617421007686,0.9718189581554227,0.9718189581554227,0.4405185477313576,0,,,0,
20,13,ordinal_cluster,2,2373,0.9464812473662031,1.0303413400758534,1.0303413400758534,0.5249828989979689,0,,,0,
20,13,ordinal_cluster,3,2369,0.9333051920641621,1.1190375685943437,1.1190375685943437,0.5907870253157911,0,,,0,
20,13,ordinal_cluster,4,2401,0.907122032486464,1.0291545189504374,1.0291545189504374,0.6110332545553441,0,,,0,
20,13,linear_structured_final_mondrian,0,515,0.887378640776699,0.887378640776699,0.887378640776699,0.2928721942678198,0,0.34685257622225296,-0.053980381954433165,0,10
20,13,linear_structured_final_mondrian,1,2342,0.9137489325362937,0.9415029888983775,0.9415029888983775,0.39254415965940065,0,0.41435257622225286,-0.021808416562852206,0,50
20,13,linear_structured_final_mondrian,2,2373,0.9582806573957017,1.1070375052675938,1.1070375052675938,0.5470984101471639,0,0.48185257622225275,0.06524583392491112,0,50
20,13,linear_structured_final_mondrian,3,2369,0.9717180244829042,1.1929084001688477,1.1929084001688477,0.6914769777827046,0,0.5493525762222526,0.14212440156045192,0,50
20,13,linear_structured_final_mondrian,4,2401,0.9304456476468138,1.1116201582673886,1.1116201582673886,0.6600260457301371,0,0.6168525762222525,0.04317346950788459,0,50
20,14,independent_mondrian,0,521,0.9232245681381958,0.9232245681381958,0.9232245681381958,0.3186919405283728,0,,,0,
20,14,independent_mondrian,1,2307,0.894234937147811,0.8998699609882965,0.8998699609882965,0.35791691215716814,0,,,0,
20,14,independent_mondrian,2,2399,0.870362651104627,0.901625677365569,0.901625677365569,0.4102084842447321,0,,,0,
20,14,independent_mondrian,3,2325,0.8726881720430107,0.9668817204301076,0.9668817204301076,0.4806631913596507,0,,,0,
20,14,independent_mondrian,4,2448,0.8623366013071896,0.9334150326797386,0.9334150326797386,0.5270158643073659,0,,,0,
20,14,ordinal_cluster,0,521,0.9366602687140115,0.9366602687140115,0.9366602687140115,0.34347282538743573,0,,,0,
20,14,ordinal_cluster,1,2307,0.9163415691374079,0.9224100563502384,0.9224100563502384,0.3837817314404568,0,,,0,
20,14,ordinal_cluster,2,2399,0.873697373905794,0.9037098791162984,0.9037098791162984,0.4139669205666694,0,,,0,
20,14,ordinal_cluster,3,2325,0.8623655913978494,0.946236559139785,0.946236559139785,0.4678870282926592,0,,,0,
20,14,ordinal_cluster,4,2448,0.8316993464052288,0.9003267973856209,0.9003267973856209,0.491034477027028,0,,,0,
20,14,linear_structured_final_mondrian,0,521,0.9232245681381958,0.9232245681381958,0.9232245681381958,0.3186919405283728,0,0.27448935205244446,0.04420258847592834,0,10
20,14,linear_structured_final_mondrian,1,2307,0.9133073255309926,0.9189423493714781,0.9189423493714781,0.3804686316813234,0,0.3394893520524444,0.040979279628878984,0,50
20,14,linear_structured_final_mondrian,2,2399,0.8816173405585661,0.9166319299708212,0.9166319299708212,0.4247575964599547,0,0.40448935205244435,0.02026824440751035,0,50
20,14,linear_structured_final_mondrian,3,2325,0.875268817204301,0.9733333333333334,0.9733333333333334,0.4852890439964269,0,0.4694893520524443,0.01579969194398262,0,50
20,14,linear_structured_final_mondrian,4,2448,0.8623366013071896,0.9366830065359477,0.9366830065359477,0.5270158643073659,0,0.5344893520524443,-0.007473487745078389,0,50
20,15,independent_mondrian,0,503,0.7753479125248509,0.7753479125248509,0.7753479125248509,0.20808259626404546,0,,,0,
20,15,independent_mondrian,1,2440,0.9221311475409836,0.9528688524590164,0.9528688524590164,0.40414457754859306,0,,,0,
20,15,independent_mondrian,2,2348,0.9612436115843271,1.0191652470187393,1.0191652470187393,0.5760198648151277,0,,,0,
20,15,independent_mondrian,3,2363,0.913245873889124,1.1045281421921287,1.1045281421921287,0.5406826076906447,0,,,0,
20,15,independent_mondrian,4,2346,0.8998294970161977,0.9914748508098892,0.9914748508098892,0.5863873769193676,0,,,0,
20,15,ordinal_cluster,0,503,0.9681908548707754,0.9681908548707754,0.9681908548707754,0.37099572872156417,0,,,0,
20,15,ordinal_cluster,1,2440,0.953688524590164,0.9704918032786886,0.9704918032786886,0.4548907976838666,0,,,0,
20,15,ordinal_cluster,2,2348,0.9399488926746167,1.0238500851788757,1.0238500851788757,0.5168159620264408,0,,,0,
20,15,ordinal_cluster,3,2363,0.9339822259839188,1.0909860347016505,1.0909860347016505,0.5760198648151277,0,,,0,
20,15,ordinal_cluster,4,2346,0.8951406649616368,1.0029838022165387,1.0029838022165387,0.5800014291986145,0,,,0,
20,15,linear_structured_final_mondrian,0,503,0.8111332007952287,0.8111332007952287,0.8111332007952287,0.22764393738701466,0,0.30083915606337175,-0.07319521867635709,0,10
20,15,linear_structured_final_mondrian,1,2440,0.9483606557377049,0.9790983606557377,0.9790983606557377,0.4483964432304124,0,0.37333915606337176,0.07505728716704063,0,50
20,15,linear_structured_final_mondrian,2,2348,0.9612436115843271,1.0787904599659284,1.0787904599659284,0.5760198648151277,0,0.44583915606337177,0.1301807087517559,0,50
20,15,linear_structured_final_mondrian,3,2363,0.9547185780787135,1.1460008463817182,1.1460008463817182,0.6326816727676784,0,0.5183391560633718,0.11434251670430662,0,50
20,15,linear_structured_final_mondrian,4,2346,0.8998294970161977,1.040068201193521,1.040068201193521,0.5863873769193676,0,0.5908391560633718,-0.0044517791440041865,0,50
20,16,independent_mondrian,0,482,0.9439834024896265,0.9439834024896265,0.9439834024896265,0.3319955685470877,0,,,0,
20,16,independent_mondrian,1,2333,0.8611230175739392,0.8752678954136305,0.8752678954136305,0.3366137170228994,0,,,0,
20,16,independent_mondrian,2,2456,0.9283387622149837,0.9670195439739414,0.9670195439739414,0.5017849501335884,0,,,0,
20,16,independent_mondrian,3,2360,0.8860169491525424,1.0381355932203389,1.0381355932203389,0.4939201187401204,0,,,0,
20,16,independent_mondrian,4,2369,0.9088222878851836,0.9788940481215703,0.9788940481215703,0.5876986972067436,0,,,0,
20,16,ordinal_cluster,0,482,0.9439834024896265,0.9439834024896265,0.9439834024896265,0.33512787483109024,0,,,0,
20,16,ordinal_cluster,1,2333,0.909558508358337,0.916845263609087,0.916845263609087,0.3866973426093024,0,,,0,
20,16,ordinal_cluster,2,2456,0.8949511400651465,0.9470684039087948,0.9470684039087948,0.4420536297328993,0,,,0,
20,16,ordinal_cluster,3,2360,0.9042372881355932,1.0203389830508474,1.0203389830508474,0.5304191252605617,0,,,0,
20,16,ordinal_cluster,4,2369,0.8775854791051076,0.9620092866188266,0.9620092866188266,0.5441848359594597,0,,,0,
20,16,linear_structured_final_mondrian,0,482,0.9647302904564315,0.9647302904564315,0.9647302904564315,0.39667349274738123,0,0.3325322779162722,0.06414121483110902,0,10
20,16,linear_structured_final_mondrian,1,2333,0.8199742820402914,0.8298328332618946,0.8298328332618946,0.2997436352535779,0,0.3700322779162723,-0.07028864266269441,0,50
20,16,linear_structured_final_mondrian,2,2456,0.8961726384364821,0.9425895765472313,0.9425895765472313,0.44404247756845705,0,0.4075322779162724,0.03651019965218466,0,50
20,16,linear_structured_final_mondrian,3,2360,0.9067796610169492,1.0788135593220338,1.0788135593220338,0.5329466501817445,0,0.4450322779162725,0.087914372265472,0,50
20,16,linear_structured_final_mondrian,4,2369,0.9383706205149852,1.0236386661038412,1.0236386661038412,0.6505235606697303,0,0.48253227791627257,0.1679912827534577,0,50
20,17,independent_mondrian,0,494,0.8218623481781376,0.8238866396761133,0.8238866396761133,0.25604809573844606,0,,,0,
20,17,independent_mondrian,1,2466,0.9225466342254663,0.9282238442822385,0.9282238442822385,0.39573184751632984,0,,,0,
20,17,independent_mondrian,2,2375,0.8463157894736842,0.9153684210526316,0.9153684210526316,0.3837671906224387,0,,,0,
20,17,independent_mondrian,3,2284,0.9260070052539404,1.041155866900175,1.041155866900175,0.5735706985769347,0,,,0,
20,17,independent_mondrian,4,2381,0.8811423771524569,0.99370012599748,0.99370012599748,0.5618275516063254,0,,,0,
20,17,ordinal_cluster,0,494,0.9554655870445344,0.9574898785425101,0.9574898785425101,0.3817845140961166,0,,,0,
20,17,ordinal_cluster,1,2466,0.9120032441200324,0.9221411192214112,0.9221411192214112,0.3817845140961166,0,,,0,
20,17,ordinal_cluster,2,2375,0.9107368421052632,0.9557894736842105,0.9557894736842105,0.45970113261134893,0,,,0,
20,17,ordinal_cluster,3,2284,0.8866024518388792,1.0306479859894921,1.0306479859894921,0.5067965326624471,0,,,0,
20,17,ordinal_cluster,4,2381,0.8878622427551449,0.9672406551868963,0.9672406551868963,0.5731873618994084,0,,,0,
20,17,linear_structured_final_mondrian,0,494,0.7894736842105263,0.7935222672064778,0.7935222672064778,0.2334209618782074,0,0.34178451409611654,-0.10836355221790914,0,10
20,17,linear_structured_final_mondrian,1,2466,0.9452554744525548,0.948905109489051,0.948905109489051,0.4277882039972003,0,0.3817845140961166,0.04600368990108372,0,50
20,17,linear_structured_final_mondrian,2,2375,0.8206315789473684,0.9014736842105263,0.9014736842105263,0.36178853428207625,0,0.4217845140961166,-0.05999597981404037,0,50
20,17,linear_structured_final_mondrian,3,2284,0.936077057793345,1.0551663747810858,1.0551663747810858,0.5915263257451415,0,0.46178451409611665,0.12974181164902487,0,50
20,17,linear_structured_final_mondrian,4,2381,0.8878622427551449,1.009659806803864,1.009659806803864,0.5731873618994084,0,0.5017845140961167,0.07140284780329176,0,50
20,18,independent_mondrian,0,489,0.8977505112474438,0.8977505112474438,0.8977505112474438,0.2918215530301678,0,,,0,
20,18,independent_mondrian,1,2457,0.9397639397639398,0.9466829466829467,0.9466829466829467,0.409677975816495,0,,,0,
20,18,independent_mondrian,2,2286,0.8810148731408574,0.9335083114610674,0.9335083114610674,0.4228437247499074,0,,,0,
20,18,independent_mondrian,3,2379,0.926860025220681,1.0496006725514921,1.0496006725514921,0.5445021188588446,0,,,0,
20,18,independent_mondrian,4,2389,0.9100041858518209,1.0066973629133529,1.0066973629133529,0.5889906366614075,0,,,0,
20,18,ordinal_cluster,0,489,0.9529652351738241,0.9529652351738241,0.9529652351738241,0.3640613077461121,0,,,0,
20,18,ordinal_cluster,1,2457,0.9369149369149369,0.9462759462759462,0.9462759462759462,0.4055524505307729,0,,,0,
20,18,ordinal_cluster,2,2286,0.916010498687664,0.963254593175853,0.963254593175853,0.45643057285690625,0,,,0,
20,18,ordinal_cluster,3,2379,0.9150903741067675,1.039092055485498,1.039092055485498,0.5340536051244944,0,,,0,
20,18,ordinal_cluster,4,2389,0.903306822938468,0.9974884889074926,0.9974884889074926,0.574290843974431,0,,,0,
20,18,linear_structured_final_mondrian,0,489,0.9386503067484663,0.9386503067484663,0.9386503067484663,0.3410245045078268,0,0.3448604208682772,-0.0038359163604503865,0,10
20,18,linear_structured_final_mondrian,1,2457,0.8608058608058609,0.8677248677248677,0.8677248677248677,0.32336287915913076,0,0.3998604208682771,-0.07649754170914635,0,50
20,18,linear_structured_final_mondrian,2,2286,0.8810148731408574,0.9199475065616798,0.9199475065616798,0.4228437247499074,0,0.45486042086827705,-0.03201669611836966,0,50
20,18,linear_structured_final_mondrian,3,2379,0.9150903741067675,1.0668348045397227,1.0668348045397227,0.5340536051244944,0,0.509860420868277,0.024193184256217415,0,50
20,18,linear_structured_final_mondrian,4,2389,0.9317706153202177,1.0259522812892423,1.0259522812892423,0.631630977407086,0,0.5648604208682769,0.06677055653880903,0,50
20,19,independent_mondrian,0,505,0.9405940594059405,0.9405940594059405,0.9405940594059405,0.34092592596956245,0,,,0,
20,19,independent_mondrian,1,2345,0.8976545842217484,0.9091684434968017,0.9091684434968017,0.35806348946143157,0,,,0,
20,19,independent_mondrian,2,2404,0.9222129783693843,0.9667221297836939,0.9667221297836939,0.47475425781929886,0,,,0,
20,19,independent_mondrian,3,2387,0.893171344784248,1.0737327188940091,1.0737327188940091,0.516376502299011,0,,,0,
20,19,independent_mondrian,4,2359,0.917337855023315,1.0059347181008902,1.0059347181008902,0.6383044827230369,0,,,0,
20,19,ordinal_cluster,0,505,0.9584158415841584,0.9584158415841584,0.9584158415841584,0.35520197228450523,0,,,0,
20,19,ordinal_cluster,1,2345,0.9334754797441365,0.9424307036247335,0.9424307036247335,0.4030013015946061,0,,,0,
20,19,ordinal_cluster,2,2404,0.9064059900166389,0.9542429284525791,0.9542429284525791,0.45157423391764845,0,,,0,
20,19,ordinal_cluster,3,2387,0.8894009216589862,1.0121491411813992,1.0121491411813992,0.5062706031398863,0,,,0,
20,19,ordinal_cluster,4,2359,0.8698601102161932,0.9550657058075456,0.9550657058075456,0.5545363535213499,0,,,0,
20,19,linear_structured_final_mondrian,0,505,0.9920792079207921,0.9920792079207921,0.9920792079207921,0.49294659986068406,0,0.28537055254296273,0.20757604731772133,0,10
20,19,linear_structured_final_mondrian,1,2345,0.9002132196162047,0.9219616204690831,0.9219616204690831,0.36103050765980765,0,0.3528705525429626,0.00815995511684503,0,50
20,19,linear_structured_final_mondrian,2,2404,0.9238768718801996,0.9717138103161398,0.9717138103161398,0.477646474271872,0,0.4203705525429625,0.057275921728909496,0,50
20,19,linear_structured_final_mondrian,3,2387,0.9023879346459992,1.084206116464181,1.084206116464181,0.5286876137369007,0,0.4878705525429624,0.04081706119393824,0,50
20,19,linear_structured_final_mondrian,4,2359,0.9181856718948707,1.0122933446375584,1.0122933446375584,0.6395935670728521,0,0.5553705525429623,0.08422301452988978,0,50
20,20,independent_mondrian,0,463,0.9438444924406048,0.9438444924406048,0.9438444924406048,0.3493056206921885,0,,,0,
20,20,independent_mondrian,1,2346,0.9245524296675192,0.9309462915601023,0.9309462915601023,0.38560630966336157,0,,,0,
20,20,independent_mondrian,2,2481,0.8931882305521966,0.9391374445787989,0.9391374445787989,0.4299351960804119,0,,,0,
20,20,independent_mondrian,3,2345,0.9027718550106609,1.0307036247334755,1.0307036247334755,0.5135686072898094,0,,,0,
20,20,independent_mondrian,4,2365,0.9099365750528541,0.9923890063424947,0.9923890063424947,0.5893412773217261,0,,,0,
20,20,ordinal_cluster,0,463,0.9546436285097192,0.9546436285097192,0.9546436285097192,0.37098411660786385,0,,,0,
20,20,ordinal_cluster,1,2346,0.9326513213981245,0.9411764705882353,0.9411764705882353,0.39464969538593103,0,,,0,
20,20,ordinal_cluster,2,2481,0.9064893188230552,0.9484079000403063,0.9484079000403063,0.4490407219154069,0,,,0,
20,20,ordinal_cluster,3,2345,0.886140724946695,0.9927505330490405,0.9927505330490405,0.4958657136193045,0,,,0,
20,20,ordinal_cluster,4,2365,0.8769556025369979,0.9501057082452431,0.9501057082452431,0.5377321907347793,0,,,0,
20,20,linear_structured_final_mondrian,0,463,0.9438444924406048,0.9460043196544277,0.9460043196544277,0.3493056206921885,0,0.22941684720778777,0.11988877348440075,0,10
20,20,linear_structured_final_mondrian,1,2346,0.9509803921568627,0.9586530264279625,0.9586530264279625,0.41794285383206287,0,0.32941684720778786,0.08852600662427501,0,50
20,20,linear_structured_final_mondrian,2,2481,0.8988311164852882,0.9387343812978638,0.9387343812978638,0.43808949730763547,0,0.42941684720778794,0.008672650099847523,0,50
20,20,linear_structured_final_mondrian,3,2345,0.868230277185501,0.9530916844349681,0.9530916844349681,0.47125045773772184,0,0.529416847207788,-0.05816638947006619,0,50
20,20,linear_structured_final_mondrian,4,2365,0.8300211416490486,0.8930232558139535,0.8930232558139535,0.48798747092071076,0,0.6294168472077881,-0.14142937628707736,0,50
20,21,independent_mondrian,0,458,0.9606986899563319,0.9606986899563319,0.9606986899563319,0.36578788419596014,0,,,0,
20,21,independent_mondrian,1,2415,0.9072463768115943,0.9204968944099379,0.9204968944099379,0.3858768608780307,0,,,0,
20,21,independent_mondrian,2,2326,0.9243336199484092,0.9565778159931212,0.9565778159931212,0.47007493717763416,0,,,0,
20,21,independent_mondrian,3,2453,0.874031797798614,1.1210762331838564,1.1210762331838564,0.4943327646904014,0,,,0,
20,21,independent_mondrian,4,2348,0.9595400340715503,1.0323679727427597,1.0323679727427597,0.7203799069486282,0,,,0,
20,21,ordinal_cluster,0,458,0.962882096069869,0.9650655021834061,0.9650655021834061,0.3711209858596894,0,,,0,
20,21,ordinal_cluster,1,2415,0.9304347826086956,0.9436853002070393,0.9436853002070393,0.427141051145299,0,,,0,
20,21,ordinal_cluster,2,2326,0.9157351676698194,0.9806534823731728,0.9806534823731728,0.4623743982106539,0,,,0,
20,21,ordinal_cluster,3,2453,0.9225438238891154,1.0648185894822666,1.0648185894822666,0.5598541623321306,0,,,0,
20,21,ordinal_cluster,4,2348,0.8879897785349233,0.9885008517887564,0.9885008517887564,0.5778323270388332,0,,,0,
20,21,linear_structured_final_mondrian,0,458,0.740174672489083,0.74235807860262,0.74235807860262,0.2008778908003958,0,0.26540843678945,-0.06453054598905417,0,10
20,21,linear_structured_final_mondrian,1,2415,0.9304347826086956,0.9507246376811594,0.9507246376811594,0.4278962734826976,0,0.34040843678944993,0.08748783669324767,0,50
20,21,linear_structured_final_mondrian,2,2326,0.9600171969045572,1.0249355116079106,1.0249355116079106,0.524280693319904,0,0.4154084367894499,0.10887225653045413,0,50
20,21,linear_structured_final_mondrian,3,2453,0.921320831634733,1.2413371381981246,1.2413371381981246,0.55822079828869,0,0.49040843678944984,0.06781236149924014,0,50
20,21,linear_structured_final_mondrian,4,2348,0.9740204429301533,1.0732538330494037,1.0732538330494037,0.7852431191920896,0,0.5654084367894499,0.2198346824026397,0,50
20,22,independent_mondrian,0,470,0.776595744680851,0.776595744680851,0.776595744680851,0.2122223875409778,0,,,0,
20,22,independent_mondrian,1,2389,0.8509836751778987,0.856425282544998,0.856425282544998,0.3364063191718899,0,,,0,
20,22,independent_mondrian,2,2322,0.8682170542635659,0.9061154177433247,0.9061154177433247,0.4039824544476374,0,,,0,
20,22,independent_mondrian,3,2404,0.8856073211314476,1.031198003327787,1.031198003327787,0.5113204664332437,0,,,0,
20,22,independent_mondrian,4,2415,0.9039337474120083,0.9904761904761905,0.9904761904761905,0.6070349400950448,0,,,0,
20,22,ordinal_cluster,0,470,0.9425531914893617,0.9425531914893617,0.9425531914893617,0.33091192404177944,0,,,0,
20,22,ordinal_cluster,1,2389,0.8714943491000419,0.8773545416492257,0.8773545416492257,0.3540934341862292,0,,,0,
20,22,ordinal_cluster,2,2322,0.8811369509043928,0.9207579672695951,0.9207579672695951,0.4189881449586487,0,,,0,
20,22,ordinal_cluster,3,2404,0.8818635607321131,0.9887687188019967,0.9887687188019967,0.506292148486987,0,,,0,
20,22,ordinal_cluster,4,2415,0.856728778467909,0.9391304347826087,0.9391304347826087,0.5284868692833868,0,,,0,
20,22,linear_structured_final_mondrian,0,470,0.776595744680851,0.776595744680851,0.776595744680851,0.2122223875409778,0,0.23816971366682482,-0.02594732612584702,0,10
20,22,linear_structured_final_mondrian,1,2389,0.8438677270824613,0.8497279196316451,0.8497279196316451,0.33091192404177944,0,0.32066971366682484,0.010242210374954597,0,50
20,22,linear_structured_final_mondrian,2,2322,0.896640826873385,0.9349698535745047,0.9349698535745047,0.4357033310891024,0,0.40316971366682486,0.03253361742227756,0,50
20,22,linear_structured_final_mondrian,3,2404,0.8868552412645591,1.0715474209650582,1.0715474209650582,0.5138649102794897,0,0.4856697136668249,0.028195196612664786,0,50
20,22,linear_structured_final_mondrian,4,2415,0.927536231884058,1.015320910973085,1.015320910973085,0.6543919604026507,0,0.5681697136668249,0.08622224673582579,0,50
20,23,independent_mondrian,0,510,0.8235294117647058,0.8235294117647058,0.8235294117647058,0.2483728303423822,0,,,0,
20,23,independent_mondrian,1,2341,0.915420760358821,0.923964117898334,0.923964117898334,0.3820998366462749,0,,,0,
20,23,independent_mondrian,2,2369,0.9088222878851836,0.9510341916420431,0.9510341916420431,0.45414378213279144,0,,,0,
20,23,independent_mondrian,3,2446,0.8798037612428454,0.9995911692559281,0.9995911692559281,0.48968385645779294,0,,,0,
20,23,independent_mondrian,4,2334,0.8804627249357326,0.9550128534704371,0.9550128534704371,0.550397901955504,0,,,0,
20,23,ordinal_cluster,0,510,0.9607843137254902,0.9607843137254902,0.9607843137254902,0.3698575407126135,0,,,0,
20,23,ordinal_cluster,1,2341,0.9282357966680905,0.9363519863306279,0.9363519863306279,0.40091202756980254,0,,,0,
20,23,ordinal_cluster,2,2369,0.885605740818911,0.9307724778387505,0.9307724778387505,0.42691827940815896,0,,,0,
20,23,ordinal_cluster,3,2446,0.8851185609157809,0.9775143090760425,0.9775143090760425,0.49862069339978266,0,,,0,
20,23,ordinal_cluster,4,2334,0.8504712939160239,0.9288774635818338,0.9288774635818338,0.5085222001213808,0,,,0,
20,23,linear_structured_final_mondrian,0,510,0.7274509803921568,0.7274509803921568,0.7274509803921568,0.20301449800967225,0,0.30691827940815886,-0.1039037813984866,0,10
20,23,linear_structured_final_mondrian,1,2341,0.9282357966680905,0.9410508329773601,0.9410508329773601,0.40091202756980254,0,0.3669182794081589,0.03399374816164363,0,50
20,23,linear_structured_final_mondrian,2,2369,0.9307724778387505,0.9636977627691009,0.9636977627691009,0.4896059011423387,0,0.42691827940815896,0.06268762173417974,0,50
20,23,linear_structured_final_mondrian,3,2446,0.8381030253475061,0.9828291087489779,0.9828291087489779,0.4464003500086812,0,0.486918279408159,-0.04051792939947779,0,50
20,23,linear_structured_final_mondrian,4,2334,0.8988860325621251,0.9580119965724079,0.9580119965724079,0.5746589881072267,0,0.5469182794081591,0.02774070869906764,0,50
20,24,independent_mondrian,0,503,0.9324055666003976,0.9324055666003976,0.9324055666003976,0.3137492863602979,0,,,0,
20,24,independent_mondrian,1,2422,0.9314616019818331,0.9607762180016516,0.9607762180016516,0.4191338119589853,0,,,0,
20,24,independent_mondrian,2,2301,0.9569752281616688,1.001303780964798,1.001303780964798,0.5470933436120592,0,,,0,
20,24,independent_mondrian,3,2389,0.8827961490163249,1.0987861029719548,1.0987861029719548,0.491125825753004,0,,,0,
20,24,independent_mondrian,4,2385,0.9283018867924528,1.0079664570230609,1.0079664570230609,0.6708907002773113,0,,,0,
20,24,ordinal_cluster,0,503,0.9761431411530815,0.9801192842942346,0.9801192842942346,0.4124860136635257,0,,,0,
20,24,ordinal_cluster,1,2422,0.9554087530966143,0.9719240297274979,0.9719240297274979,0.4619435999986484,0,,,0,
20,24,ordinal_cluster,2,2301,0.9235115167318557,1.0082572794437201,1.0082572794437201,0.4783632200389603,0,,,0,
20,24,ordinal_cluster,3,2389,0.9388865634156551,1.0912515696944327,1.0912515696944327,0.5780430823109729,0,,,0,
20,24,ordinal_cluster,4,2385,0.9027253668763102,1.0205450733752621,1.0205450733752621,0.6109490673200085,0,,,0,
20,24,linear_structured_final_mondrian,0,503,0.9920477137176938,0.9920477137176938,0.9920477137176938,0.49488627504811555,0,0.23262748877106657,0.262258786277049,0,10
20,24,linear_structured_final_mondrian,1,2422,0.9227910817506193,0.9744013212221305,0.9744013212221305,0.4067745509792616,0,0.3501274887710665,0.0566470622081951,0,50
20,24,linear_structured_final_mondrian,2,2301,0.9687092568448501,1.0169491525423728,1.0169491525423728,0.5889990385834255,0,0.4676274887710664,0.12137154981235909,0,50
20,24,linear_structured_final_mondrian,3,2389,0.8903306822938468,1.0682293846797823,1.0682293846797823,0.5039093198681225,0,0.5851274887710664,-0.08121816890294387,0,50
20,24,linear_structured_final_mondrian,4,2385,0.889308176100629,0.9710691823899371,0.9710691823899371,0.5815818749323012,0,0.7026274887710663,-0.12104561383876511,0,50
20,25,independent_mondrian,0,510,0.9764705882352941,0.9764705882352941,0.9764705882352941,0.3815907239955672,0,,,0,
20,25,independent_mondrian,1,2402,0.9029975020815987,0.9125728559533722,0.9125728559533722,0.36596949561372594,0,,,0,
20,25,independent_mondrian,2,2369,0.9096665259603208,0.9506120726044744,0.9506120726044744,0.45724993896622307,0,,,0,
20,25,independent_mondrian,3,2380,0.9025210084033614,1.0516806722689076,1.0516806722689076,0.5116000155240162,0,,,0,
20,25,independent_mondrian,4,2339,0.9076528430953399,0.9965797349294571,0.9965797349294571,0.6276318871131157,0,,,0,
20,25,ordinal_cluster,0,510,0.9725490196078431,0.9725490196078431,0.9725490196078431,0.36596949561372594,0,,,0,
20,25,ordinal_cluster,1,2402,0.9283930058284763,0.9350541215653622,0.9350541215653622,0.3925996893912382,0,,,0,
20,25,ordinal_cluster,2,2369,0.8902490502321655,0.943858168003377,0.943858168003377,0.42566649055255446,0,,,0,
20,25,ordinal_cluster,3,2380,0.9222689075630253,1.0361344537815127,1.0361344537815127,0.5445968901808459,0,,,0,
20,25,ordinal_cluster,4,2339,0.8768704574604532,0.9816160752458315,0.9816160752458315,0.562140244333009,0,,,0,
20,25,linear_structured_final_mondrian,0,510,0.9764705882352941,0.9764705882352941,0.9764705882352941,0.3815907239955672,0,0.2498942199185178,0.13169650407704941,0,10
20,25,linear_structured_final_mondrian,1,2402,0.9283930058284763,0.9358867610324729,0.9358867610324729,0.3925996893912382,0,0.34489421991851776,0.04770546947272042,0,50
20,25,linear_structured_final_mondrian,2,2369,0.8860278598564796,0.9172646686365555,0.9172646686365555,0.42103805249524295,0,0.43989421991851774,-0.018856167423274783,0,50
20,25,linear_structured_final_mondrian,3,2380,0.8630252100840337,1.0050420168067227,1.0050420168067227,0.4621042236240487,0,0.5348942199185177,-0.07278999629446903,0,50
20,25,linear_structured_final_mondrian,4,2339,0.9076528430953399,0.9773407439076528,0.9773407439076528,0.6276318871131157,0,0.6298942199185177,-0.002262332805402001,0,50
20,26,independent_mondrian,0,514,0.9396887159533074,0.9396887159533074,0.9396887159533074,0.32864909623101846,0,,,0,
20,26,independent_mondrian,1,2396,0.8731218697829716,0.8864774624373957,0.8864774624373957,0.3457535369928459,0,,,0,
20,26,independent_mondrian,2,2316,0.9356649395509499,0.9736614853195165,0.9736614853195165,0.5012004394310955,0,,,0,
20,26,independent_mondrian,3,2346,0.855072463768116,1.119778346121057,1.119778346121057,0.45983096115734046,0,,,0,
20,26,independent_mondrian,4,2428,0.9629324546952224,1.0321252059308073,1.0321252059308073,0.7543550614407843,0,,,0,
20,26,ordinal_cluster,0,514,0.943579766536965,0.943579766536965,0.943579766536965,0.3333875430383459,0,,,0,
20,26,ordinal_cluster,1,2396,0.9415692821368948,0.9494991652754591,0.9494991652754591,0.42012515590787924,0,,,0,
20,26,ordinal_cluster,2,2316,0.8963730569948186,0.9607081174438687,0.9607081174438687,0.44101015324874376,0,,,0,
20,26,ordinal_cluster,3,2346,0.9143222506393862,1.0387894288150044,1.0387894288150044,0.5452237363712242,0,,,0,
20,26,ordinal_cluster,4,2428,0.8859143327841845,0.9913509060955519,0.9913509060955519,0.5759090773763547,0,,,0,
20,26,linear_structured_final_mondrian,0,514,0.9941634241245136,0.9941634241245136,0.9941634241245136,0.5257887524152602,0,0.3004015776345404,0.22538717478071985,0,10
20,26,linear_structured_final_mondrian,1,2396,0.8418196994991652,0.8672787979966611,0.8672787979966611,0.31930463254585034,0,0.3679015776345403,-0.04859694508868995,0,50
20,26,linear_structured_final_mondrian,2,2316,0.9356649395509499,0.9715025906735751,0.9715025906735751,0.5012004394310955,0,0.4354015776345402,0.06579886179655531,0,50
20,26,linear_structured_final_mondrian,3,2346,0.8554987212276215,1.1253196930946292,1.1253196930946292,0.4610294303931209,0,0.50290157763454,-0.04187214724141913,0,50
20,26,linear_structured_final_mondrian,4,2428,0.9645799011532126,1.0341845140032948,1.0341845140032948,0.7613895659034057,0,0.5704015776345399,0.19098798826886576,0,50
20,27,independent_mondrian,0,500,0.816,0.816,0.816,0.23718531567522488,0,,,0,
20,27,independent_mondrian,1,2302,0.89748045178106,0.9005212858384014,0.9005212858384014,0.3644600789388479,0,,,0,
20,27,independent_mondrian,2,2400,0.8808333333333334,0.9358333333333333,0.9358333333333333,0.40109307420553364,0,,,0,
20,27,independent_mondrian,3,2392,0.9322742474916388,1.0631270903010033,1.0631270903010033,0.5604972934326996,0,,,0,
20,27,independent_mondrian,4,2406,0.9131338320864505,1.025768911055694,1.025768911055694,0.6030688709122766,0,,,0,
20,27,ordinal_cluster,0,500,0.958,0.958,0.958,0.3355122759871369,0,,,0,
20,27,ordinal_cluster,1,2302,0.9074717636837533,0.9122502172024327,0.9122502172024327,0.3730290365488381,0,,,0,
20,27,ordinal_cluster,2,2400,0.8925,0.9391666666666667,0.9391666666666667,0.42084672641510645,0,,,0,
20,27,ordinal_cluster,3,2392,0.9205685618729097,1.0480769230769231,1.0480769230769231,0.5280342698318422,0,,,0,
20,27,ordinal_cluster,4,2406,0.9093931837073982,1.00332502078138,1.00332502078138,0.5941976055288772,0,,,0,
20,27,linear_structured_final_mondrian,0,500,0.83,0.83,0.83,0.24711962170145074,0,0.21924652003514103,0.027873101666309713,0,10
20,27,linear_structured_final_mondrian,1,2302,0.8983492615117289,0.9013900955690703,0.9013900955690703,0.36605699382436585,0,0.3167465200351409,0.04931047378922493,0,50
20,27,linear_structured_final_mondrian,2,2400,0.8808333333333334,0.93625,0.93625,0.40109307420553364,0,0.41424652003514084,-0.013153445829607202,0,50
20,27,linear_structured_final_mondrian,3,2392,0.9322742474916388,1.0576923076923077,1.0576923076923077,0.5604972934326996,0,0.5117465200351408,0.048750773397558844,0,50
20,27,linear_structured_final_mondrian,4,2406,0.9093931837073982,1.0220282626766417,1.0220282626766417,0.5941976055288772,0,0.6092465200351407,-0.015048914506263444,0,50
20,28,independent_mondrian,0,472,0.8665254237288136,0.8665254237288136,0.8665254237288136,0.2891466990081933,0,,,0,
20,28,independent_mondrian,1,2398,0.9220183486238532,0.9457881567973311,0.9457881567973311,0.39535144359074864,0,,,0,
20,28,independent_mondrian,2,2396,0.9595158597662772,0.9924874791318865,0.9924874791318865,0.5379450386446541,0,,,0,
20,28,independent_mondrian,3,2404,0.8664725457570716,1.0174708818635607,1.0174708818635607,0.47216286161981674,0,,,0,
20,28,independent_mondrian,4,2330,0.8733905579399142,0.9433476394849786,0.9433476394849786,0.5574885052681786,0,,,0,
20,28,ordinal_cluster,0,472,0.9449152542372882,0.9449152542372882,0.9449152542372882,0.3506326861127706,0,,,0,
20,28,ordinal_cluster,1,2398,0.9366138448707256,0.9457881567973311,0.9457881567973311,0.42486290060138776,0,,,0,
20,28,ordinal_cluster,2,2396,0.9081803005008348,0.9524207011686143,0.9524207011686143,0.44331862732804483,0,,,0,
20,28,ordinal_cluster,3,2404,0.8955906821963394,0.9958402662229617,0.9958402662229617,0.5080648262344487,0,,,0,
20,28,ordinal_cluster,4,2330,0.8386266094420601,0.9201716738197425,0.9201716738197425,0.5049773768021674,0,,,0,
20,28,linear_structured_final_mondrian,0,472,0.8961864406779662,0.8961864406779662,0.8961864406779662,0.308115348455327,0,0.28012266082540915,0.027992687629917856,0,10
20,28,linear_structured_final_mondrian,1,2398,0.9257714762301918,0.9608006672226855,0.9608006672226855,0.3980407606723176,0,0.3451226608254091,0.052918099846908484,0,50
20,28,linear_structured_final_mondrian,2,2396,0.9716193656093489,1.0112687813021703,1.0112687813021703,0.5838480198719948,0,0.41012266082540905,0.1737253590465857,0,50
20,28,linear_structured_final_mondrian,3,2404,0.8914309484193012,1.0632279534109816,1.0632279534109816,0.5049773768021674,0,0.475122660825409,0.029854715976758373,0,50
20,28,linear_structured_final_mondrian,4,2330,0.8733905579399142,0.9549356223175965,0.9549356223175965,0.5574885052681786,0,0.5401226608254089,0.017365844442769673,0,50
20,29,independent_mondrian,0,501,0.9341317365269461,0.9341317365269461,0.9341317365269461,0.3128734324618587,0,,,0,
20,29,independent_mondrian,1,2378,0.8788898233809924,0.8847771236333053,0.8847771236333053,0.3497584629827334,0,,,0,
20,29,independent_mondrian,2,2456,0.862785016286645,0.9177524429967426,0.9177524429967426,0.4031898712533438,0,,,0,
20,29,independent_mondrian,3,2302,0.9118158123370982,1.027367506516073,1.027367506516073,0.5424146408626173,0,,,0,
20,29,independent_mondrian,4,2363,0.8798137960220059,0.9881506559458316,0.9881506559458316,0.5707700411841612,0,,,0,
20,29,ordinal_cluster,0,501,0.9560878243512974,0.9560878243512974,0.9560878243512974,0.34487326972526666,0,,,0,
20,29,ordinal_cluster,1,2378,0.8973927670311186,0.9058031959629941,0.9058031959629941,0.3712125914770229,0,,,0,
20,29,ordinal_cluster,2,2456,0.8892508143322475,0.9352605863192183,0.9352605863192183,0.42858586038420327,0,,,0,
20,29,ordinal_cluster,3,2302,0.8992180712423979,1.0143353605560381,1.0143353605560381,0.513959105465319,0,,,0,
20,29,ordinal_cluster,4,2363,0.8666948793906052,0.9636055861193398,0.9636055861193398,0.5480993340415649,0,,,0,
20,29,linear_structured_final_mondrian,0,501,0.9261477045908184,0.9261477045908184,0.9261477045908184,0.3073174629719599,0,0.3128734324618587,-0.005555969489898838,0,10
20,29,linear_structured_final_mondrian,1,2378,0.8788898233809924,0.8847771236333053,0.8847771236333053,0.3497584629827334,0,0.37787343246185867,-0.028114969479125285,0,50
20,29,linear_structured_final_mondrian,2,2456,0.8591205211726385,0.9075732899022801,0.9075732899022801,0.4000151145730444,0,0.4428734324618586,-0.042858317888814224,0,50
20,29,linear_structured_final_mondrian,3,2302,0.9031277150304083,1.023892267593397,1.023892267593397,0.5232108365159119,0,0.5078734324618586,0.015337404054053372,0,50
20,29,linear_structured_final_mondrian,4,2363,0.8895471857807872,0.9894202285230639,0.9894202285230639,0.5835998918452299,0,0.5728734324618585,0.010726459383371356,0,50
20,30,independent_mondrian,0,461,0.9587852494577006,0.9587852494577006,0.9587852494577006,0.38615155275552765,0,,,0,
20,30,independent_mondrian,1,2421,0.9178025609252375,0.9322593969434119,0.9322593969434119,0.39050852157500376,0,,,0,
20,30,independent_mondrian,2,2430,0.9152263374485596,0.9625514403292181,0.9625514403292181,0.4808611290421551,0,,,0,
20,30,independent_mondrian,3,2317,0.8731117824773413,1.0004315925766076,1.0004315925766076,0.4901804196598089,0,,,0,
20,30,independent_mondrian,4,2371,0.8671446646984394,0.9531843104175454,0.9531843104175454,0.5421715383821465,0,,,0,
20,30,ordinal_cluster,0,461,0.9587852494577006,0.9587852494577006,0.9587852494577006,0.38615155275552765,0,,,0,
20,30,ordinal_cluster,1,2421,0.9285419248244527,0.9392812887236679,0.9392812887236679,0.40454720510537273,0,,,0,
20,30,ordinal_cluster,2,2430,0.8967078189300411,0.9518518518518518,0.9518518518518518,0.4546392231390735,0,,,0,
20,30,ordinal_cluster,3,2317,0.8860595597755718,0.9991368148467846,0.9991368148467846,0.5112533190218046,0,,,0,
20,30,ordinal_cluster,4,2371,0.8477435681147195,0.9426402361872628,0.9426402361872628,0.5223003269004262,0,,,0,
20,30,linear_structured_final_mondrian,0,461,0.9631236442516269,0.9631236442516269,0.9631236442516269,0.3941100345884298,0,0.31018041965980875,0.08392961492862105,0,10
20,30,linear_structured_final_mondrian,1,2421,0.9558033870301529,0.9706732755059893,0.9706732755059893,0.447496418654586,0,0.3701804196598088,0.0773159989947772,0,50
20,30,linear_structured_final_mondrian,2,2430,0.9189300411522634,0.9679012345679012,0.9679012345679012,0.48583900336023494,0,0.43018041965980885,0.05565858370042609,0,50
20,30,linear_structured_final_mondrian,3,2317,0.8636167457919723,0.9978420371169616,0.9978420371169616,0.47657121284692405,0,0.4901804196598089,-0.013609206812884855,0,50
20,30,linear_structured_final_mondrian,4,2371,0.878954027836356,0.9586672290172923,0.9586672290172923,0.556573590795139,0,0.550180419659809,0.00639317113533,0,50
20,31,independent_mondrian,0,493,0.8498985801217038,0.8498985801217038,0.8498985801217038,0.24678903876973568,0,,,0,
20,31,independent_mondrian,1,2340,0.9205128205128205,0.9222222222222223,0.9222222222222223,0.38463227033643527,0,,,0,
20,31,independent_mondrian,2,2397,0.8514810179390905,0.8982060909470171,0.8982060909470171,0.3821114161815393,0,,,0,
20,31,independent_mondrian,3,2364,0.9052453468697124,1.0634517766497462,1.0634517766497462,0.517374941229956,0,,,0,
20,31,independent_mondrian,4,2406,0.9222776392352452,1.0095594347464671,1.0095594347464671,0.6459827077166216,0,,,0,
20,31,ordinal_cluster,0,493,0.9634888438133874,0.9634888438133874,0.9634888438133874,0.3656850597508128,0,,,0,
20,31,ordinal_cluster,1,2340,0.9166666666666666,0.9230769230769231,0.9230769230769231,0.37999206947985426,0,,,0,
20,31,ordinal_cluster,2,2397,0.8965373383395911,0.9453483521068001,0.9453483521068001,0.4381251545198456,0,,,0,
20,31,ordinal_cluster,3,2364,0.9124365482233503,1.0363790186125212,1.0363790186125212,0.5282205754172771,0,,,0,
20,31,ordinal_cluster,4,2406,0.8923524522028262,0.9850374064837906,0.9850374064837906,0.5819524098042669,0,,,0,
20,31,linear_structured_final_mondrian,0,493,0.8884381338742393,0.8884381338742393,0.8884381338742393,0.2686666578751774,0,0.2852734136594061,-0.01660675578422871,0,10
20,31,linear_structured_final_mondrian,1,2340,0.9205128205128205,0.9222222222222223,0.9222222222222223,0.38463227033643527,0,0.362773413659406,0.021858856677029248,0,50
20,31,linear_structured_final_mondrian,2,2397,0.8498122653316645,0.9027951606174385,0.9027951606174385,0.37999206947985426,0,0.4402734136594059,-0.060281344179551666,0,50
20,31,linear_structured_final_mondrian,3,2364,0.9192047377326565,1.0774111675126903,1.0774111675126903,0.5381184801166664,0,0.5177734136594059,0.02034506645726053,0,50
20,31,linear_structured_final_mondrian,4,2406,0.9222776392352452,1.0203657522859517,1.0203657522859517,0.6459827077166216,0,0.5952734136594058,0.050709294057215804,0,50
20,32,independent_mondrian,0,460,0.9391304347826087,0.9391304347826087,0.9391304347826087,0.32303026400982054,0,,,0,
20,32,independent_mondrian,1,2398,0.8607172643869891,0.8682235195996664,0.8682235195996664,0.33628283226748185,0,,,0,
20,32,independent_mondrian,2,2368,0.9037162162162162,1.0135135135135136,1.0135135135135136,0.4451036663217459,0,,,0,
20,32,independent_mondrian,3,2358,0.9694656488549618,1.1081424936386768,1.1081424936386768,0.6556486046246066,0,,,0,
20,32,independent_mondrian,4,2416,0.9201158940397351,1.0728476821192052,1.0728476821192052,0.6080585096277685,0,,,0,
20,32,ordinal_cluster,0,460,0.9391304347826087,0.9391304347826087,0.9391304347826087,0.32303026400982054,0,,,0,
20,32,ordinal_cluster,1,2398,0.920767306088407,0.9286905754795663,0.9286905754795663,0.3974068453362993,0,,,0,
20,32,ordinal_cluster,2,2368,0.9070945945945946,0.9624155405405406,0.9624155405405406,0.4538997304339765,0,,,0,
20,32,ordinal_cluster,3,2358,0.9147582697201018,1.0682782018659882,1.0682782018659882,0.5326587149994039,0,,,0,
20,32,ordinal_cluster,4,2416,0.9279801324503312,1.0144867549668874,1.0144867549668874,0.6254686340642976,0,,,0,
20,32,linear_structured_final_mondrian,0,460,0.9630434782608696,0.9630434782608696,0.9630434782608696,0.3573202286584937,0,0.2801036663217459,0.07721656233674784,0,10
20,32,linear_structured_final_mondrian,1,2398,0.8640533778148457,0.8715596330275229,0.8715596330275229,0.3392282295333757,0,0.3626036663217459,-0.023375436788370174,0,50
20,32,linear_structured_final_mondrian,2,2368,0.8910472972972973,1.037162162162162,1.037162162162162,0.4267323870294225,0,0.4451036663217459,-0.018371279292323406,0,50
20,32,linear_structured_final_mondrian,3,2358,0.9809160305343512,1.1263782866836303,1.1263782866836303,0.7052962162799286,0,0.5276036663217459,0.17769254995818262,0,50
20,32,linear_structured_final_mondrian,4,2416,0.9246688741721855,1.1109271523178808,1.1109271523178808,0.6213558405207975,0,0.610103666321746,0.011252174199051557,0,50
20,33,independent_mondrian,0,505,0.9603960396039604,0.9603960396039604,0.9603960396039604,0.38484530169643727,0,,,0,
20,33,independent_mondrian,1,2414,0.8732394366197183,0.8910521955260977,0.8910521955260977,0.3481382935858225,0,,,0,
20,33,independent_mondrian,2,2380,0.9411764705882353,0.9827731092436974,0.9827731092436974,0.5127701685397588,0,,,0,
20,33,independent_mondrian,3,2350,0.8812765957446809,1.0327659574468084,1.0327659574468084,0.5028250090032568,0,,,0,
20,33,independent_mondrian,4,2351,0.8715440238196512,0.9591663122075712,0.9591663122075712,0.5538753039689173,0,,,0,
20,33,ordinal_cluster,0,505,0.9346534653465347,0.9346534653465347,0.9346534653465347,0.3491060984548937,0,,,0,
20,33,ordinal_cluster,1,2414,0.9084507042253521,0.9179784589892295,0.9179784589892295,0.3884535066352736,0,,,0,
20,33,ordinal_cluster,2,2380,0.9063025210084034,0.9558823529411765,0.9558823529411765,0.4543395168679981,0,,,0,
20,33,ordinal_cluster,3,2350,0.8914893617021277,1.0106382978723405,1.0106382978723405,0.5162806845203708,0,,,0,
20,33,ordinal_cluster,4,2351,0.8596341982135262,0.9527860484900043,0.9527860484900043,0.535990008615483,0,,,0,
20,33,linear_structured_final_mondrian,0,505,0.9603960396039604,0.9603960396039604,0.9603960396039604,0.38484530169643727,0,0.30614717539841335,0.07869812629802392,0,10
20,33,linear_structured_final_mondrian,1,2414,0.8765534382767192,0.8914664457332229,0.8914664457332229,0.3491060984548937,0,0.3661471753984134,-0.017041076943519695,0,50
20,33,linear_structured_final_mondrian,2,2380,0.9294117647058824,1.0378151260504203,1.0378151260504203,0.48923604512061836,0,0.42614717539841346,0.0630888697222049,0,50
20,33,linear_structured_final_mondrian,3,2350,0.9604255319148937,1.1042553191489362,1.1042553191489362,0.6442309149733692,0,0.4861471753984135,0.15808373957495564,0,50
20,33,linear_structured_final_mondrian,4,2351,0.8732454274776691,1.038281582305402,1.038281582305402,0.5547371633346081,0,0.5461471753984135,0.008589987936194587,0,50
20,34,independent_mondrian,0,503,0.9761431411530815,0.9761431411530815,0.9761431411530815,0.3785528687304017,0,,,0,
20,34,independent_mondrian,1,2326,0.9475494411006019,0.9501289767841788,0.9501289767841788,0.440231136275921,0,,,0,
20,34,independent_mondrian,2,2453,0.8503872808805544,0.8972686506318793,0.8972686506318793,0.38943920479198013,0,,,0,
20,34,independent_mondrian,3,2354,0.8725573491928632,0.9953271028037384,0.9953271028037384,0.4739253630313574,0,,,0,
20,34,independent_mondrian,4,2364,0.8921319796954315,0.9648900169204738,0.9648900169204738,0.5847138983634289,0,,,0,
20,34,ordinal_cluster,0,503,0.9801192842942346,0.9801192842942346,0.9801192842942346,0.40356063738375847,0,,,0,
20,34,ordinal_cluster,1,2326,0.9183147033533964,0.9239036973344797,0.9239036973344797,0.38943920479198013,0,,,0,
20,34,ordinal_cluster,2,2453,0.8809620872401142,0.9266204647370566,0.9266204647370566,0.4229683715329049,0,,,0,
20,34,ordinal_cluster,3,2354,0.8903993203058623,1.0033984706881902,1.0033984706881902,0.4965318152210909,0,,,0,
20,34,ordinal_cluster,4,2364,0.8743654822335025,0.9560067681895094,0.9560067681895094,0.5544799843733741,0,,,0,
20,34,linear_structured_final_mondrian,0,503,0.9781312127236581,0.9781312127236581,0.9781312127236581,0.3869611548458955,0,0.3365073114640801,0.05045384338181541,0,10
20,34,linear_structured_final_mondrian,1,2326,0.9316423043852107,0.939810834049871,0.939810834049871,0.4071245789977981,0,0.38150731146408,0.02561726753371807,0,50
20,34,linear_structured_final_mondrian,2,2453,0.9013452914798207,0.9690175295556461,0.9690175295556461,0.44655920798372306,0,0.42650731146407994,0.02005189651964312,0,50
20,34,linear_structured_final_mondrian,3,2354,0.9243840271877655,1.066694987255735,1.066694987255735,0.5544799843733741,0,0.47150731146407987,0.08297267290929422,0,50
20,34,linear_structured_final_mondrian,4,2364,0.9060913705583756,1.017766497461929,1.017766497461929,0.609628789959688,0,0.5165073114640798,0.09312147849560826,0,50
20,35,independent_mondrian,0,501,0.8423153692614771,0.8423153692614771,0.8423153692614771,0.25056322454799734,0,,,0,
20,35,independent_mondrian,1,2330,0.9103004291845493,0.9150214592274678,0.9150214592274678,0.3852134241331306,0,,,0,
20,35,independent_mondrian,2,2345,0.8908315565031983,0.9445628997867804,0.9445628997867804,0.42462838947687775,0,,,0,
20,35,independent_mondrian,3,2392,0.9163879598662207,1.016304347826087,1.016304347826087,0.546563404051889,0,,,0,
20,35,independent_mondrian,4,2432,0.8643092105263158,0.959703947368421,0.959703947368421,0.525963457956344,0,,,0,
20,35,ordinal_cluster,0,501,0.9560878243512974,0.9560878243512974,0.9560878243512974,0.3484349138933778,0,,,0,
20,35,ordinal_cluster,1,2330,0.917167381974249,0.9244635193133047,0.9244635193133047,0.39311336546251635,0,,,0,
20,35,ordinal_cluster,2,2345,0.9044776119402985,0.9445628997867804,0.9445628997867804,0.44061424905134244,0,,,0,
20,35,ordinal_cluster,3,2392,0.8766722408026756,0.9807692307692307,0.9807692307692307,0.49586100205082506,0,,,0,
20,35,ordinal_cluster,4,2432,0.8643092105263158,0.9346217105263158,0.9346217105263158,0.525963457956344,0,,,0,
20,35,linear_structured_final_mondrian,0,501,0.8423153692614771,0.8423153692614771,0.8423153692614771,0.25056322454799734,0,0.33021342413313065,-0.07965019958513331,0,10
20,35,linear_structured_final_mondrian,1,2330,0.932618025751073,0.9351931330472103,0.9351931330472103,0.411554278066487,0,0.3852134241331306,0.02634085393335639,0,50
20,35,linear_structured_final_mondrian,2,2345,0.7982942430703625,0.857995735607676,0.857995735607676,0.3425440182535655,0,0.4402134241331305,-0.09766940587956502,0,50
20,35,linear_structured_final_mondrian,3,2392,0.9247491638795987,0.9974916387959866,0.9974916387959866,0.5613333364592841,0,0.49521342413313046,0.06611991232615361,0,50
20,35,linear_structured_final_mondrian,4,2432,0.8408717105263158,0.9449013157894737,0.9449013157894737,0.49675467857641836,0,0.5502134241331305,-0.053458745556712095,0,50
20,36,independent_mondrian,0,529,0.9754253308128544,0.9773156899810964,0.9773156899810964,0.43757018689359484,0,,,0,
20,36,independent_mondrian,1,2331,0.9026169026169026,0.9236379236379236,0.9236379236379236,0.38846527381287266,0,,,0,
20,36,independent_mondrian,2,2391,0.945211208699289,0.9740694270179842,0.9740694270179842,0.5158643881453687,0,,,0,
20,36,independent_mondrian,3,2393,0.8336815712494776,0.9895528625156708,0.9895528625156708,0.4381896688453719,0,,,0,
20,36,independent_mondrian,4,2356,0.8955857385398981,0.9571307300509337,0.9571307300509337,0.5827130624487517,0,,,0,
20,36,ordinal_cluster,0,529,0.9546313799621928,0.9565217391304348,0.9565217391304348,0.38846527381287266,0,,,0,
20,36,ordinal_cluster,1,2331,0.9206349206349206,0.9270699270699271,0.9270699270699271,0.4132010768535519,0,,,0,
20,36,ordinal_cluster,2,2391,0.8845671267252195,0.9238812212463404,0.9238812212463404,0.42541864947138386,0,,,0,
20,36,ordinal_cluster,3,2393,0.8687839531968241,0.9486000835770999,0.9486000835770999,0.4824939012024106,0,,,0,
20,36,ordinal_cluster,4,2356,0.8136672325976231,0.8917657045840407,0.8917657045840407,0.4755949613993202,0,,,0,
20,36,linear_structured_final_mondrian,0,529,0.941398865784499,0.943289224952741,0.943289224952741,0.3704938870987884,0,0.36309496139931996,0.007398925699468428,0,10
20,36,linear_structured_final_mondrian,1,2331,0.9026169026169026,0.9193479193479194,0.9193479193479194,0.3885481998509414,0,0.40059496139932005,-0.012046761548378637,0,50
20,36,linear_structured_final_mondrian,2,2391,0.945211208699289,0.972814721873693,0.972814721873693,0.5158643881453687,0,0.43809496139932014,0.07776942674604859,0,50
20,36,linear_structured_final_mondrian,3,2393,0.8290848307563727,0.975762641036356,0.975762641036356,0.43223899494776113,0,0.4755949613993202,-0.04335596645155909,0,50
20,36,linear_structured_final_mondrian,4,2356,0.8773344651952462,0.9371816638370118,0.9371816638370118,0.5554225275634721,0,0.5130949613993203,0.042327566164151786,0,50
20,37,independent_mondrian,0,465,0.9612903225806452,0.9655913978494624,0.9655913978494624,0.37946375857491965,0,,,0,
20,37,independent_mondrian,1,2377,0.9217501051745898,0.9368952461085401,0.9368952461085401,0.39354882743424296,0,,,0,
20,37,independent_mondrian,2,2363,0.9386373254337707,0.9881506559458316,0.9881506559458316,0.49283670937355706,0,,,0,
20,37,independent_mondrian,3,2380,0.8983193277310925,1.0974789915966388,1.0974789915966388,0.5375480959376013,0,,,0,
20,37,independent_mondrian,4,2415,0.9329192546583851,1.027329192546584,1.027329192546584,0.6394638281667432,0,,,0,
20,37,ordinal_cluster,0,465,0.9612903225806452,0.967741935483871,0.967741935483871,0.37946375857491965,0,,,0,
20,37,ordinal_cluster,1,2377,0.9389987379049222,0.9533024821203198,0.9533024821203198,0.4142547931188817,0,,,0,
20,37,ordinal_cluster,2,2363,0.9344054168429962,0.9949217096910706,0.9949217096910706,0.4870357657772287,0,,,0,
20,37,ordinal_cluster,3,2380,0.9088235294117647,1.0659663865546218,1.0659663865546218,0.5551645244282806,0,,,0,
20,37,ordinal_cluster,4,2415,0.9002070393374741,1.0037267080745342,1.0037267080745342,0.5795942475018315,0,,,0,
20,37,linear_structured_final_mondrian,0,465,0.9612903225806452,0.9655913978494624,0.9655913978494624,0.38344387222302284,0,0.34925479311888175,0.034189079104141096,0,10
20,37,linear_structured_final_mondrian,1,2377,0.9002944888514934,0.9301640723601178,0.9301640723601178,0.3690197859822865,0,0.4142547931188817,-0.04523500713659517,0,50
20,37,linear_structured_final_mondrian,2,2363,0.9640287769784173,1.0012695725772323,1.0012695725772323,0.5551645244282806,0,0.47925479311888164,0.07590973130939893,0,50
20,37,linear_structured_final_mondrian,3,2380,0.876890756302521,1.0647058823529412,1.0647058823529412,0.5048399976102631,0,0.5442547931188816,-0.03941479550861848,0,50
20,37,linear_structured_final_mondrian,4,2415,0.9060041407867495,0.986335403726708,0.986335403726708,0.5917173821735404,0,0.6092547931188815,-0.017537410945341114,0,50
20,38,independent_mondrian,0,498,0.9216867469879518,0.9216867469879518,0.9216867469879518,0.3035749055700904,0,,,0,
20,38,independent_mondrian,1,2368,0.8855574324324325,0.894847972972973,0.894847972972973,0.347370484063363,0,,,0,
20,38,independent_mondrian,2,2340,0.9397435897435897,0.9897435897435898,0.9897435897435898,0.49629399730243307,0,,,0,
20,38,independent_mondrian,3,2408,0.9190199335548173,1.0764119601328903,1.0764119601328903,0.5368291783834777,0,,,0,
20,38,independent_mondrian,4,2386,0.9203688181056161,1.0092204526404023,1.0092204526404023,0.6141589978187427,0,,,0,
20,38,ordinal_cluster,0,498,0.9578313253012049,0.9618473895582329,0.9618473895582329,0.3439015942958291,0,,,0,
20,38,ordinal_cluster,1,2368,0.9442567567567568,0.9514358108108109,0.9514358108108109,0.42548116684684395,0,,,0,
20,38,ordinal_cluster,2,2340,0.9123931623931624,0.9747863247863248,0.9747863247863248,0.45727487232143665,0,,,0,
20,38,ordinal_cluster,3,2408,0.928156146179402,1.0436046511627908,1.0436046511627908,0.552533122799577,0,,,0,
20,38,ordinal_cluster,4,2386,0.8889354568315172,0.9853310980720872,0.9853310980720872,0.5635234971610941,0,,,0,
20,38,linear_structured_final_mondrian,0,498,0.9598393574297188,0.9598393574297188,0.9598393574297188,0.3633712007386228,0,0.22592928676908286,0.13744191396953992,0,10
20,38,linear_structured_final_mondrian,1,2368,0.8834459459459459,0.9265202702702703,0.9265202702702703,0.3439015942958291,0,0.33092928676908284,0.012972307526746274,0,50
20,38,linear_structured_final_mondrian,2,2340,0.9811965811965812,1.050854700854701,1.050854700854701,0.639765987344666,0,0.4359292867690828,0.20383670057558323,0,50
20,38,linear_structured_final_mondrian,3,2408,0.9406146179401993,1.1254152823920265,1.1254152823920265,0.5857090590001545,0,0.5409292867690828,0.04477977223107166,0,50
20,38,linear_structured_final_mondrian,4,2386,0.8583403185247276,0.972338642078793,0.972338642078793,0.5261822121873316,0,0.6459292867690828,-0.11974707458175116,0,50
20,39,independent_mondrian,0,489,0.8404907975460123,0.8404907975460123,0.8404907975460123,0.25686200978917456,0,,,0,
20,39,independent_mondrian,1,2421,0.9334985543163982,0.9388682362660058,0.9388682362660058,0.4057873192641273,0,,,0,
20,39,independent_mondrian,2,2386,0.8876781223805532,0.9618608549874267,0.9618608549874267,0.42807174958653665,0,,,0,
20,39,independent_mondrian,3,2301,0.9226423294219904,1.0086918730986527,1.0086918730986527,0.571844972930859,0,,,0,
20,39,independent_mondrian,4,2403,0.7985851019558885,0.9176029962546817,0.9176029962546817,0.46709486192259553,0,,,0,
20,39,ordinal_cluster,0,489,0.9591002044989775,0.9591002044989775,0.9591002044989775,0.38801749689493353,0,,,0,
20,39,ordinal_cluster,1,2421,0.9359768690623709,0.9467162329615861,0.9467162329615861,0.41022983548683667,0,,,0,
20,39,ordinal_cluster,2,2386,0.9040234702430847,0.9396479463537301,0.9396479463537301,0.44866291036314565,0,,,0,
20,39,ordinal_cluster,3,2301,0.8544111255975663,0.9582790091264668,0.9582790091264668,0.4610059950659312,0,,,0,
20,39,ordinal_cluster,4,2403,0.8248023304203079,0.8942987931751977,0.8942987931751977,0.4997635110241486,0,,,0,
20,39,linear_structured_final_mondrian,0,489,0.9591002044989775,0.9591002044989775,0.9591002044989775,0.38801749689493353,0,0.2573894721359878,0.13062802475894575,0,10
20,39,linear_structured_final_mondrian,1,2421,0.9504337050805453,0.9611730689797604,0.9611730689797604,0.4348263387520638,0,0.3298894721359878,0.10493686661607599,0,50
20,39,linear_structured_final_mondrian,2,2386,0.8998323554065382,1.1056160938809723,1.1056160938809723,0.44543501065489266,0,0.4023894721359878,0.04304553851890486,0,50
20,39,linear_structured_final_mondrian,3,2301,0.9800086918730987,1.0717079530638853,1.0717079530638853,0.7549539748234242,0,0.4748894721359878,0.2800645026874364,0,50
20,39,linear_structured_final_mondrian,4,2403,0.7985851019558885,1.0432792342904702,1.0432792342904702,0.46709486192259553,0,0.5473894721359878,-0.08029461021339224,0,50
20,40,independent_mondrian,0,481,0.920997920997921,0.920997920997921,0.920997920997921,0.3104013591127482,0,,,0,
20,40,independent_mondrian,1,2352,0.9438775510204082,0.953656462585034,0.953656462585034,0.408096943822424,0,,,0,
20,40,independent_mondrian,2,2410,0.9448132780082987,0.9941908713692946,0.9941908713692946,0.5010903291972316,0,,,0,
20,40,independent_mondrian,3,2341,0.9085860743272106,1.0969671080734729,1.0969671080734729,0.5383884212364166,0,,,0,
20,40,independent_mondrian,4,2416,0.9242549668874173,1.0269039735099337,1.0269039735099337,0.6433644223705449,0,,,0,
20,40,ordinal_cluster,0,481,0.975051975051975,0.975051975051975,0.975051975051975,0.37100431271324097,0,,,0,
20,40,ordinal_cluster,1,2352,0.9604591836734694,0.9685374149659864,0.9685374149659864,0.45055546715479955,0,,,0,
20,40,ordinal_cluster,2,2410,0.9315352697095436,0.9863070539419088,0.9863070539419088,0.4790114112997021,0,,,0,
20,40,ordinal_cluster,3,2341,0.9085860743272106,1.0350277659120035,1.0350277659120035,0.5383884212364166,0,,,0,
20,40,ordinal_cluster,4,2416,0.8650662251655629,0.9677152317880795,0.9677152317880795,0.5531728248572961,0,,,0,
20,40,linear_structured_final_mondrian,0,481,0.9937629937629938,0.9937629937629938,0.9937629937629938,0.4565887674745452,0,0.3891901288543585,0.06739863862018669,0,10
20,40,linear_structured_final_mondrian,1,2352,0.9438775510204082,0.9613095238095238,0.9613095238095238,0.408096943822424,0,0.4241901288543584,-0.01609318503193441,0,50
20,40,linear_structured_final_mondrian,2,2410,0.9506224066390041,1.0186721991701244,1.0186721991701244,0.5153426296265208,0,0.45919012885435834,0.05615250077216244,0,50
20,40,linear_structured_final_mondrian,3,2341,0.9295173002990175,1.2105937633489963,1.2105937633489963,0.592807409504963,0,0.49419012885435826,0.09861728065060477,0,50
20,40,linear_structured_final_mondrian,4,2416,0.9548841059602649,1.0798841059602649,1.0798841059602649,0.7570947805265037,0,0.5291901288543581,0.22790465167214558,0,50
20,41,independent_mondrian,0,491,0.8574338085539714,0.8574338085539714,0.8574338085539714,0.2635513905557949,0,,,0,
20,41,independent_mondrian,1,2407,0.8869962609056917,0.9007062733693394,0.9007062733693394,0.37094876606574423,0,,,0,
20,41,independent_mondrian,2,2309,0.9346037245560849,0.9831095712429623,0.9831095712429623,0.49829248648127367,0,,,0,
20,41,independent_mondrian,3,2397,0.9023779724655819,1.0896954526491447,1.0896954526491447,0.5231193196805832,0,,,0,
20,41,independent_mondrian,4,2396,0.9215358931552587,1.0091819699499165,1.0091819699499165,0.628233600833551,0,,,0,
20,41,ordinal_cluster,0,491,0.945010183299389,0.9470468431771895,0.9470468431771895,0.35207209344291623,0,,,0,
20,41,ordinal_cluster,1,2407,0.9264644786040714,0.9414208558371416,0.9414208558371416,0.41622674810588045,0,,,0,
20,41,ordinal_cluster,2,2309,0.9172802078822001,0.974880900822867,0.974880900822867,0.4690319205692127,0,,,0,
20,41,ordinal_cluster,3,2397,0.9136420525657072,1.0392156862745099,1.0392156862745099,0.5391720220745938,0,,,0,
20,41,ordinal_cluster,4,2396,0.8877295492487479,0.9845575959933222,0.9845575959933222,0.5581432415374566,0,,,0,
20,41,linear_structured_final_mondrian,0,491,0.7413441955193483,0.7413441955193483,0.7413441955193483,0.20272314092745075,0,0.2635513905557949,-0.060828249628344155,0,10
20,41,linear_structured_final_mondrian,1,2407,0.9135853759867054,0.9326963024511841,0.9326963024511841,0.39945431450377483,0,0.33855139055579486,0.06090292394797997,0,50
20,41,linear_structured_final_mondrian,2,2309,0.9532265049805111,1.0025985275010827,1.0025985275010827,0.5363837693017995,0,0.4135513905557948,0.12283237874600472,0,50
20,41,linear_structured_final_mondrian,3,2397,0.8957029620358782,1.1355861493533583,1.1355861493533583,0.5140480831920269,0,0.4885513905557948,0.02549669263623211,0,50
20,41,linear_structured_final_mondrian,4,2396,0.9478297161936561,1.0325542570951587,1.0325542570951587,0.6845230906800314,0,0.5635513905557947,0.12097170012423664,0,50
20,42,independent_mondrian,0,521,0.9558541266794626,0.9558541266794626,0.9558541266794626,0.3744551459364197,0,,,0,
20,42,independent_mondrian,1,2343,0.9449423815620999,0.9504908237302604,0.9504908237302604,0.42181752580354037,0,,,0,
20,42,independent_mondrian,2,2382,0.9089000839630562,0.9571788413098237,0.9571788413098237,0.4444482150120262,0,,,0,
20,42,independent_mondrian,3,2387,0.9069962295768748,1.0959363217427733,1.0959363217427733,0.5211891363302279,0,,,0,
20,42,independent_mondrian,4,2367,0.9425433037600338,1.0304182509505704,1.0304182509505704,0.6752637252666647,0,,,0,
20,42,ordinal_cluster,0,521,0.9673704414587332,0.9673704414587332,0.9673704414587332,0.39866802822693287,0,,,0,
20,42,ordinal_cluster,1,2343,0.9449423815620999,0.9551856594110115,0.9551856594110115,0.42181752580354037,0,,,0,
20,42,ordinal_cluster,2,2382,0.9223341729638959,0.9689336691855583,0.9689336691855583,0.4639167123920726,0,,,0,
20,42,ordinal_cluster,3,2387,0.9036447423544198,1.0498533724340176,1.0498533724340176,0.5177904580791947,0,,,0,
20,42,ordinal_cluster,4,2367,0.9070553443177017,0.9940853400929447,0.9940853400929447,0.6029210459953619,0,,,0,
20,42,linear_structured_final_mondrian,0,521,0.6986564299424184,0.6986564299424184,0.6986564299424184,0.19297646583317501,0,0.31754152524489976,-0.12456505941172474,0,10
20,42,linear_structured_final_mondrian,1,2343,0.950917626973965,0.9539052496798975,0.9539052496798975,0.4405475468068931,0,0.39504152524489966,0.04550602156199346,0,50
20,42,linear_structured_final_mondrian,2,2382,0.8736356003358522,0.9248530646515534,0.9248530646515534,0.40560477067764744,0,0.47254152524489956,-0.06693675456725212,0,50
20,42,linear_structured_final_mondrian,3,2387,0.9069962295768748,1.1633850020946794,1.1633850020946794,0.5211891363302279,0,0.5500415252448995,-0.028852388914671567,0,50
20,42,linear_structured_final_mondrian,4,2367,0.968736797634136,1.0566117448246726,1.0566117448246726,0.7699246967792701,0,0.6275415252448994,0.14238317153437074,0,50
20,43,independent_mondrian,0,486,0.8847736625514403,0.8847736625514403,0.8847736625514403,0.30169608797903896,0,,,0,
20,43,independent_mondrian,1,2472,0.9037216828478964,0.9174757281553398,0.9174757281553398,0.3865018051820293,0,,,0,
20,43,independent_mondrian,2,2316,0.9140759930915371,0.9641623488773747,0.9641623488773747,0.4634926416229352,0,,,0,
20,43,independent_mondrian,3,2428,0.9011532125205931,1.0098846787479407,1.0098846787479407,0.5173805181424483,0,,,0,
20,43,independent_mondrian,4,2298,0.8568320278503047,0.9482158398607484,0.9482158398607484,0.5251476420262013,0,,,0,
20,43,ordinal_cluster,0,486,0.948559670781893,0.948559670781893,0.948559670781893,0.3750241142624179,0,,,0,
20,43,ordinal_cluster,1,2472,0.9288025889967637,0.9425566343042071,0.9425566343042071,0.420982169708063,0,,,0,
20,43,ordinal_cluster,2,2316,0.9106217616580311,0.9615716753022453,0.9615716753022453,0.4560213438945203,0,,,0,
20,43,ordinal_cluster,3,2428,0.8941515650741351,0.9971169686985173,0.9971169686985173,0.5002857202755906,0,,,0,
20,43,ordinal_cluster,4,2298,0.8498694516971279,0.9329852045256745,0.9329852045256745,0.5173805181424483,0,,,0,
20,43,linear_structured_final_mondrian,0,486,0.8497942386831275,0.8497942386831275,0.8497942386831275,0.27402008304715575,0,0.2850241142624178,-0.011004031215262056,0,10
20,43,linear_structured_final_mondrian,1,2472,0.9288025889967637,0.9441747572815534,0.9441747572815534,0.4197155272854032,0,0.3750241142624179,0.044691413022985294,0,50
20,43,linear_structured_final_mondrian,2,2316,0.9343696027633851,0.9827288428324698,0.9827288428324698,0.4971531415086891,0,0.46502411426241796,0.03212902724627115,0,50
20,43,linear_structured_final_mondrian,3,2428,0.8842668863261944,0.9752883031301482,0.9752883031301482,0.4897658889223148,0,0.555024114262418,-0.06525822534010323,0,50
20,43,linear_structured_final_mondrian,4,2298,0.7802436901653612,0.8568320278503047,0.8568320278503047,0.4424788845014827,0,0.6450241142624181,-0.20254522976093542,0,50
20,44,independent_mondrian,0,445,0.851685393258427,0.8539325842696629,0.8539325842696629,0.2618611725550919,0,,,0,
20,44,independent_mondrian,1,2444,0.8453355155482815,0.8551554828150573,0.8551554828150573,0.32540746889862815,0,,,0,
20,44,independent_mondrian,2,2398,0.9153461217681401,0.9837364470391994,0.9837364470391994,0.4596961466761436,0,,,0,
20,44,independent_mondrian,3,2351,0.9413015737983836,1.062951935346661,1.062951935346661,0.5904907267228412,0,,,0,
20,44,independent_mondrian,4,2362,0.8920406435224386,1.0131244707874683,1.0131244707874683,0.5649597857902932,0,,,0,
20,44,ordinal_cluster,0,445,0.9235955056179775,0.9258426966292135,0.9258426966292135,0.3081409154622178,0,,,0,
20,44,ordinal_cluster,1,2444,0.9144844517184942,0.9238952536824877,0.9238952536824877,0.3947156254077626,0,,,0,
20,44,ordinal_cluster,2,2398,0.9095079232693911,0.957464553794829,0.957464553794829,0.4543514059446068,0,,,0,
20,44,ordinal_cluster,3,2351,0.9098256061250531,1.0323266695023394,1.0323266695023394,0.5250527442884177,0,,,0,
20,44,ordinal_cluster,4,2362,0.8962743437764606,0.9775613886536834,0.9775613886536834,0.5684311264408252,0,,,0,
20,44,linear_structured_final_mondrian,0,445,0.851685393258427,0.8539325842696629,0.8539325842696629,0.2618611725550919,0,0.22998224924387223,0.031878923311219665,0,10
20,44,linear_structured_final_mondrian,1,2444,0.851063829787234,0.8567921440261865,0.8567921440261865,0.3308033864353173,0,0.3299822492438723,0.0008211371914449983,0,50
20,44,linear_structured_final_mondrian,2,2398,0.8636363636363636,0.9658048373644704,0.9658048373644704,0.3973691682614443,0,0.4299822492438724,-0.0326130809824281,0,50
20,44,linear_structured_final_mondrian,3,2351,0.963419821352616,1.0599744789451297,1.0599744789451297,0.6574618339008734,0,0.5299822492438725,0.12747958465700093,0,50
20,44,linear_structured_final_mondrian,4,2362,0.8746824724809483,1.0364098221845894,1.0364098221845894,0.5405106420661587,0,0.6299822492438726,-0.08947160717771385,0,50
20,45,independent_mondrian,0,486,0.9588477366255144,0.9588477366255144,0.9588477366255144,0.3717525062813785,0,,,0,
20,45,independent_mondrian,1,2372,0.9072512647554806,0.9186340640809444,0.9186340640809444,0.37445427411003535,0,,,0,
20,45,independent_mondrian,2,2396,0.9282136894824707,0.9590984974958264,0.9590984974958264,0.47756467199831726,0,,,0,
20,45,independent_mondrian,3,2361,0.8636171113934773,0.9902583650995341,0.9902583650995341,0.47004902756803923,0,,,0,
20,45,independent_mondrian,4,2385,0.8679245283018868,0.9429769392033543,0.9429769392033543,0.5451283335431457,0,,,0,
20,45,ordinal_cluster,0,486,0.9588477366255144,0.9588477366255144,0.9588477366255144,0.3717525062813785,0,,,0,
20,45,ordinal_cluster,1,2372,0.9447723440134908,0.9548903878583473,0.9548903878583473,0.42712675244432713,0,,,0,
20,45,ordinal_cluster,2,2396,0.914440734557596,0.9628547579298832,0.9628547579298832,0.46272878239677445,0,,,0,
20,45,ordinal_cluster,3,2361,0.8890300720033883,1.010588733587463,1.010588733587463,0.5072672206158676,0,,,0,
20,45,ordinal_cluster,4,2385,0.8679245283018868,0.9555555555555556,0.9555555555555556,0.5440555626437206,0,,,0,
20,45,linear_structured_final_mondrian,0,486,0.7242798353909465,0.7242798353909465,0.7242798353909465,0.1962626573250751,0,0.3587415116026723,-0.1624788542775972,0,10
20,45,linear_structured_final_mondrian,1,2372,0.9607925801011804,0.9704890387858347,0.9704890387858347,0.4522682916032079,0,0.41374151160267225,0.038526780000535665,0,50
20,45,linear_structured_final_mondrian,2,2396,0.9315525876460768,0.9666110183639399,0.9666110183639399,0.4817633797395211,0,0.4687415116026722,0.013021868136848913,0,50
20,45,linear_structured_final_mondrian,3,2361,0.81999152901313,0.9589157136806438,0.9589157136806438,0.42095643989430304,0,0.5237415116026721,-0.10278507170836909,0,50
20,45,linear_structured_final_mondrian,4,2385,0.8855345911949686,0.9454926624737946,0.9454926624737946,0.5704137772990007,0,0.5787415116026721,-0.008327734303671397,0,50
20,46,independent_mondrian,0,485,0.9855670103092784,0.9855670103092784,0.9855670103092784,0.44894918463475825,0,,,0,
20,46,independent_mondrian,1,2453,0.867916836526702,0.8919690175295556,0.8919690175295556,0.3402232443605785,0,,,0,
20,46,independent_mondrian,2,2364,0.950507614213198,0.9746192893401016,0.9746192893401016,0.5291066822276999,0,,,0,
20,46,independent_mondrian,3,2388,0.8463149078726968,1.0146566164154105,1.0146566164154105,0.4470967203731874,0,,,0,
20,46,independent_mondrian,4,2310,0.9103896103896104,0.9792207792207792,0.9792207792207792,0.6054540241404719,0,,,0,
20,46,ordinal_cluster,0,485,0.9505154639175257,0.9505154639175257,0.9505154639175257,0.3402232443605785,0,,,0,
20,46,ordinal_cluster,1,2453,0.9518956379942927,0.9580105992662047,0.9580105992662047,0.4408834029030656,0,,,0,
20,46,ordinal_cluster,2,2364,0.8972081218274112,0.9521996615905245,0.9521996615905245,0.4408834029030656,0,,,0,
20,46,ordinal_cluster,3,2388,0.8965661641541038,1.0041876046901173,1.0041876046901173,0.5210102954766667,0,,,0,
20,46,ordinal_cluster,4,2310,0.8398268398268398,0.9393939393939394,0.9393939393939394,0.5210102954766667,0,,,0,
20,46,linear_structured_final_mondrian,0,485,0.9979381443298969,0.9979381443298969,0.9979381443298969,0.5626198911148379,0,0.23654828803077188,0.326071603084066,0,10
20,46,linear_structured_final_mondrian,1,2453,0.905829596412556,0.9392580513656746,0.9392580513656746,0.37602762498196496,0,0.34154828803077186,0.034479336951193096,0,50
20,46,linear_structured_final_mondrian,2,2364,0.9115905245346869,0.9471235194585449,0.9471235194585449,0.4593076169647977,0,0.44654828803077184,0.012759328934025871,0,50
20,46,linear_structured_final_mondrian,3,2388,0.8731155778894473,0.9912060301507538,0.9912060301507538,0.47866445806895197,0,0.5515482880307718,-0.07288382996181986,0,50
20,46,linear_structured_final_mondrian,4,2310,0.8575757575757575,0.9380952380952381,0.9380952380952381,0.5376646624489316,0,0.6565482880307718,-0.11888362558184018,0,50
20,47,independent_mondrian,0,496,0.9596774193548387,0.9596774193548387,0.9596774193548387,0.3796216336192533,0,,,0,
20,47,independent_mondrian,1,2337,0.9311082584510055,0.9362430466409927,0.9362430466409927,0.41640568449238485,0,,,0,
20,47,independent_mondrian,2,2315,0.7913606911447084,0.8630669546436285,0.8630669546436285,0.3441395025998537,0,,,0,
20,47,independent_mondrian,3,2392,0.9180602006688964,1.0459866220735785,1.0459866220735785,0.549997977846585,0,,,0,
20,47,independent_mondrian,4,2460,0.9126016260162602,1.019918699186992,1.019918699186992,0.6146706545466293,0,,,0,
20,47,ordinal_cluster,0,496,0.9657258064516129,0.9657258064516129,0.9657258064516129,0.3948161711730096,0,,,0,
20,47,ordinal_cluster,1,2337,0.9024390243902439,0.9114249037227214,0.9114249037227214,0.3709256539367959,0,,,0,
20,47,ordinal_cluster,2,2315,0.8755939524838013,0.9252699784017279,0.9252699784017279,0.4210611636012904,0,,,0,
20,47,ordinal_cluster,3,2392,0.8896321070234113,1.0209030100334449,1.0209030100334449,0.5063504546662808,0,,,0,
20,47,ordinal_cluster,4,2460,0.8995934959349593,0.9853658536585366,0.9853658536585366,0.589554822728524,0,,,0,
20,47,linear_structured_final_mondrian,0,496,0.9596774193548387,0.9596774193548387,0.9596774193548387,0.3796216336192533,0,0.34009393311181524,0.039527700507438035,0,10
20,47,linear_structured_final_mondrian,1,2337,0.9550706033376123,0.9606332905434317,0.9606332905434317,0.4548945587340414,0,0.38509393311181517,0.06980062562222622,0,50
20,47,linear_structured_final_mondrian,2,2315,0.8272138228941684,0.9036717062634989,0.9036717062634989,0.3709256539367959,0,0.4300939331118151,-0.05916827917501921,0,50
20,47,linear_structured_final_mondrian,3,2392,0.9180602006688964,1.12123745819398,1.12123745819398,0.549997977846585,0,0.475093933111815,0.07490404473476997,0,50
20,47,linear_structured_final_mondrian,4,2460,0.9560975609756097,1.0634146341463415,1.0634146341463415,0.7173939524511791,0,0.520093933111815,0.19730001933936414,0,50
20,48,independent_mondrian,0,501,0.7245508982035929,0.7245508982035929,0.7245508982035929,0.1839211235916743,0,,,0,
20,48,independent_mondrian,1,2377,0.8822044594026083,0.8872528397139251,0.8872528397139251,0.35763144621606996,0,,,0,
20,48,independent_mondrian,2,2449,0.8476929358922008,0.9056757860351163,0.9056757860351163,0.38763289945152507,0,,,0,
20,48,independent_mondrian,3,2379,0.9218158890290038,1.0277427490542244,1.0277427490542244,0.5429747685480988,0,,,0,
20,48,independent_mondrian,4,2294,0.8875326939843069,0.986050566695728,0.986050566695728,0.5661846429015317,0,,,0,
20,48,ordinal_cluster,0,501,0.9580838323353293,0.9580838323353293,0.9580838323353293,0.354069242266137,0,,,0,
20,48,ordinal_cluster,1,2377,0.8893563315103071,0.8977702986958351,0.8977702986958351,0.3649388105892497,0,,,0,
20,48,ordinal_cluster,2,2449,0.8779093507554103,0.9171090240914659,0.9171090240914659,0.42219334865916336,0,,,0,
20,48,ordinal_cluster,3,2379,0.8793610760823876,0.9789827658680118,0.9789827658680118,0.48716037102323967,0,,,0,
20,48,ordinal_cluster,4,2294,0.8714036617262424,0.9476896251089799,0.9476896251089799,0.5429747685480988,0,,,0,
20,48,linear_structured_final_mondrian,0,501,1,1,1,0.564367159410943,0,0.31103481219282303,0.2533323472181199,0,10
20,48,linear_structured_final_mondrian,1,2377,0.8822044594026083,0.9162810265039967,0.9162810265039967,0.35763144621606996,0,0.353534812192823,0.004096634023246948,0,50
20,48,linear_structured_final_mondrian,2,2449,0.8476929358922008,0.9187423438138016,0.9187423438138016,0.38763289945152507,0,0.396034812192823,-0.008401912741297923,0,50
20,48,linear_structured_final_mondrian,3,2379,0.935687263556116,1.0651534258091635,1.0651534258091635,0.5732188991189121,0,0.438534812192823,0.13468408692608913,0,50
20,48,linear_structured_final_mondrian,4,2294,0.9115082824760244,1.027027027027027,1.027027027027027,0.6096938915235107,0,0.48103481219282296,0.12865907933068776,0,50
20,49,independent_mondrian,0,530,0.9415094339622642,0.9415094339622642,0.9415094339622642,0.34935997310203964,0,,,0,
20,49,independent_mondrian,1,2344,0.8907849829351536,0.8971843003412969,0.8971843003412969,0.36100577812229767,0,,,0,
20,49,independent_mondrian,2,2326,0.9002579535683577,0.9453998280309545,0.9453998280309545,0.42763464381504374,0,,,0,
20,49,independent_mondrian,3,2352,0.905187074829932,1.0420918367346939,1.0420918367346939,0.5269733129782779,0,,,0,
20,49,independent_mondrian,4,2448,0.9007352941176471,1.0049019607843137,1.0049019607843137,0.6106566794631934,0,,,0,
20,49,ordinal_cluster,0,530,0.9490566037735849,0.9490566037735849,0.9490566037735849,0.36019192545333245,0,,,0,
20,49,ordinal_cluster,1,2344,0.909556313993174,0.9189419795221843,0.9189419795221843,0.3818542287753286,0,,,0,
20,49,ordinal_cluster,2,2326,0.912725709372313,0.9621668099742047,0.9621668099742047,0.44691460651622467,0,,,0,
20,49,ordinal_cluster,3,2352,0.9102891156462585,1.034438775510204,1.034438775510204,0.536224163519743,0,,,0,
20,49,ordinal_cluster,4,2448,0.8766339869281046,0.9848856209150327,0.9848856209150327,0.5742393068072523,0,,,0,
20,49,linear_structured_final_mondrian,0,530,0.6584905660377358,0.6584905660377358,0.6584905660377358,0.18016145678044151,0,0.34974467491478634,-0.16958321813434482,0,10
20,49,linear_structured_final_mondrian,1,2344,0.8651877133105802,0.8703071672354948,0.8703071672354948,0.33290591455258284,0,0.4022446749147863,-0.06933876036220349,0,50
20,49,linear_structured_final_mondrian,2,2326,0.9049871023215821,0.9518486672398968,0.9518486672398968,0.4310581049165373,0,0.4547446749147863,-0.02368656999824903,0,50
20,49,linear_structured_final_mondrian,3,2352,0.9132653061224489,1.0676020408163265,1.0676020408163265,0.5409192681891601,0,0.5072446749147863,0.03367459327437383,0,50
20,49,linear_structured_final_mondrian,4,2448,0.9150326797385621,1.025735294117647,1.025735294117647,0.6340063301870896,0,0.5597446749147863,0.07426165527230333,0,50
10,0,independent_mondrian,0,507,0.980276134122288,0.980276134122288,0.980276134122288,0.41862342574429856,0,,,0,
10,0,independent_mondrian,1,2362,0.9149026248941575,0.930567315834039,0.930567315834039,0.38452020457075103,0,,,0,
10,0,independent_mondrian,2,2407,0.9065226422933111,0.9862899875363523,0.9862899875363523,0.45288631227968945,0,,,0,
10,0,independent_mondrian,3,2416,0.9416390728476821,1.0798841059602649,1.0798841059602649,0.6002592497029483,0,,,0,
10,0,independent_mondrian,4,2308,0.8986135181975736,1.029896013864818,1.029896013864818,0.5936908073256506,0,,,0,
10,0,ordinal_cluster,0,507,0.9644970414201184,0.9644970414201184,0.9644970414201184,0.38452020457075103,0,,,0,
10,0,ordinal_cluster,1,2362,0.941151566469094,0.958086367485182,0.958086367485182,0.4205860457560672,0,,,0,
10,0,ordinal_cluster,2,2407,0.9293726630660574,0.9950145409223099,0.9950145409223099,0.4833778561502625,0,,,0,
10,0,ordinal_cluster,3,2416,0.9188741721854304,1.0678807947019868,1.0678807947019868,0.5514621599127311,0,,,0,
10,0,ordinal_cluster,4,2308,0.9007798960138648,1.0012998266897748,1.0012998266897748,0.5996483748403179,0,,,0,
10,0,linear_structured_final_mondrian,0,507,1,1,1,,1,0.26230590893051264,,1,5
10,0,linear_structured_final_mondrian,1,2362,0.9428450465707028,1.951735817104149,1.9606265876375952,0.42563960584346733,0,0.37230590893051274,0.05333369691295459,0,50
10,0,linear_structured_final_mondrian,2,2407,0.9194017449106772,1.9987536352305775,3.0062318238471124,0.46901245995548596,0,0.48230590893051284,-0.013293448975026878,0,50
10,0,linear_structured_final_mondrian,3,2416,0.9366721854304636,2.058360927152318,4.050496688741722,0.5895262992522736,0,0.5923059089305129,-0.0027796096782393143,0,50
10,0,linear_structured_final_mondrian,4,2308,0.8791161178509532,2.003466204506066,4.675043327556326,0.5514621599127311,0,0.702305908930513,-0.15084374901778197,0,50
10,1,independent_mondrian,0,464,0.8383620689655172,0.8383620689655172,0.8383620689655172,0.2576070043705571,0,,,0,
10,1,independent_mondrian,1,2364,0.8570219966159053,0.8625211505922166,0.8625211505922166,0.33505791963151393,0,,,0,
10,1,independent_mondrian,2,2363,0.9001269572577232,0.9432924248836225,0.9432924248836225,0.4390273961829927,0,,,0,
10,1,independent_mondrian,3,2381,0.9055018899622007,1.0734985300293993,1.0734985300293993,0.5154762550890387,0,,,0,
10,1,independent_mondrian,4,2428,0.9238056013179572,1.0230642504118617,1.0230642504118617,0.6524671719854256,0,,,0,
10,1,ordinal_cluster,0,464,0.9094827586206896,0.9094827586206896,0.9094827586206896,0.32852653906819573,0,,,0,
10,1,ordinal_cluster,1,2364,0.8840947546531303,0.8900169204737732,0.8900169204737732,0.36375351892846625,0,,,0,
10,1,ordinal_cluster,2,2363,0.9001269572577232,0.942869234024545,0.942869234024545,0.4390273961829927,0,,,0,
10,1,ordinal_cluster,3,2381,0.9055018899622007,1.010919781604368,1.010919781604368,0.513817038679861,0,,,0,
10,1,ordinal_cluster,4,2428,0.8727347611202636,0.9719934102141681,0.9719934102141681,0.5561410443446807,0,,,0,
10,1,linear_structured_final_mondrian,0,464,1,1,1,,1,0.25246717198542523,,1,5
10,1,linear_structured_final_mondrian,1,2364,0.8417935702199661,1.8523688663282571,1.8629441624365481,0.3240242803220612,0,0.3524671719854253,-0.02844289166336411,0,50
10,1,linear_structured_final_mondrian,2,2363,0.9369445619974609,1.984765129073212,2.9851883199322895,0.4927011861050619,0,0.4524671719854254,0.04023401411963651,0,50
10,1,linear_structured_final_mondrian,3,2381,0.9139017219655607,2.019319613607728,4.009239815203696,0.5296584545859219,0,0.5524671719854255,-0.02280871739950363,0,50
10,1,linear_structured_final_mondrian,4,2428,0.8393739703459637,1.9464579901153212,4.614497528830313,0.513817038679861,0,0.6524671719854256,-0.13865013330556464,0,50
10,2,independent_mondrian,0,496,0.9556451612903226,0.9556451612903226,0.9556451612903226,0.3672383112474319,0,,,0,
10,2,independent_mondrian,1,2445,0.9010224948875256,0.912883435582822,0.912883435582822,0.3720381553177874,0,,,0,
10,2,independent_mondrian,2,2322,0.9289405684754521,0.9720068906115418,0.9720068906115418,0.4668926063784388,0,,,0,
10,2,independent_mondrian,3,2332,0.9150943396226415,1.0295883361921099,1.0295883361921099,0.531387690726699,0,,,0,
10,2,independent_mondrian,4,2405,0.8802494802494802,0.972972972972973,0.972972972972973,0.5580280019120077,0,,,0,
10,2,ordinal_cluster,0,496,0.9556451612903226,0.9556451612903226,0.9556451612903226,0.3672383112474319,0,,,0,
10,2,ordinal_cluster,1,2445,0.9361963190184049,0.9468302658486708,0.9468302658486708,0.41777554466044303,0,,,0,
10,2,ordinal_cluster,2,2322,0.9263565891472868,0.9741602067183462,0.9741602067183462,0.4593929946911577,0,,,0,
10,2,ordinal_cluster,3,2332,0.91852487135506,1.0244425385934819,1.0244425385934819,0.536407043163032,0,,,0,
10,2,ordinal_cluster,4,2405,0.8686070686070686,0.9646569646569647,0.9646569646569647,0.544854122487333,0,,,0,
10,2,linear_structured_final_mondrian,0,496,1,1,1,,1,0.3308118862122955,,1,5
10,2,linear_structured_final_mondrian,1,2445,0.9014314928425358,1.9141104294478528,1.9267893660531696,0.37237483106106256,0,0.3883118862122956,-0.01593705515123306,0,50
10,2,linear_structured_final_mondrian,2,2322,0.9371231696813093,1.9737295434969853,2.9694229112833765,0.4875279289772376,0,0.4458118862122957,0.041716042764941896,0,50
10,2,linear_structured_final_mondrian,3,2332,0.8979416809605489,2.045025728987993,4.038593481989708,0.5022487540636089,0,0.5033118862122958,-0.0010631321486869183,0,50
10,2,linear_structured_final_mondrian,4,2405,0.9114345114345115,1.9912681912681913,4.77920997920998,0.6024590365676574,0,0.5608118862122959,0.041647150355361484,0,50
10,3,independent_mondrian,0,531,0.8568738229755178,0.8587570621468926,0.8587570621468926,0.2788100498586932,0,,,0,
10,3,independent_mondrian,1,2342,0.9363791631084543,0.9470538001707942,0.9470538001707942,0.4105640194879676,0,,,0,
10,3,independent_mondrian,2,2347,0.9203238176395399,0.9688964635705155,0.9688964635705155,0.47256457117011913,0,,,0,
10,3,independent_mondrian,3,2421,0.9004543577034283,1.0764147046674928,1.0764147046674928,0.5154849773148813,0,,,0,
10,3,independent_mondrian,4,2359,0.9275116574819839,1.016532428995337,1.016532428995337,0.6423884384117752,0,,,0,
10,3,ordinal_cluster,0,531,0.9397363465160076,0.9416195856873822,0.9416195856873822,0.3636193039542082,0,,,0,
10,3,ordinal_cluster,1,2342,0.944064901793339,0.9560204953031597,0.9560204953031597,0.4246677269792019,0,,,0,
10,3,ordinal_cluster,2,2347,0.9194716659565403,0.9688964635705155,0.9688964635705155,0.471867910737405,0,,,0,
10,3,ordinal_cluster,3,2421,0.9025196199917389,1.0243700950020653,1.0243700950020653,0.5177930554079658,0,,,0,
10,3,ordinal_cluster,4,2359,0.8732513777024162,0.9639677829588809,0.9639677829588809,0.5535513269613004,0,,,0,
10,3,linear_structured_final_mondrian,0,531,1,1.0018832391713748,1.0018832391713748,,1,0.25064117006811415,,1,5
10,3,linear_structured_final_mondrian,1,2342,0.9594363791631084,1.9645602049530315,1.9696840307429548,0.44996334958063783,0,0.33314117006811417,0.11682217951252366,0,50
10,3,linear_structured_final_mondrian,2,2347,0.8896463570515551,1.9816787388155093,2.9872177247550065,0.4264818875197086,0,0.4156411700681142,0.010840717451594428,0,50
10,3,linear_structured_final_mondrian,3,2421,0.9442379182156134,2.148285832300702,4.1404378356051215,0.6068461738839981,0,0.4981411700681142,0.10870500381588388,0,50
10,3,linear_structured_final_mondrian,4,2359,0.9525222551928784,2.091988130563798,4.883849088596863,0.7012060866533792,0,0.5806411700681142,0.12056491658526503,0,50
10,4,independent_mondrian,0,533,0.9080675422138836,0.9080675422138836,0.9080675422138836,0.2917080107266297,0,,,0,
10,4,independent_mondrian,1,2348,0.92206132879046,0.9288756388415673,0.9288756388415673,0.3911736725622674,0,,,0,
10,4,independent_mondrian,2,2421,0.8963238331268071,0.9595208591491119,0.9595208591491119,0.4430126371201846,0,,,0,
10,4,independent_mondrian,3,2377,0.9133361379890619,1.0361800588977703,1.0361800588977703,0.550439115043262,0,,,0,
10,4,independent_mondrian,4,2321,0.8608358466178372,0.976734166307626,0.976734166307626,0.5453207888923897,0,,,0,
10,4,ordinal_cluster,0,533,0.9287054409005628,0.9287054409005628,0.9287054409005628,0.3189474759870304,0,,,0,
10,4,ordinal_cluster,1,2348,0.9403747870528109,0.9471890971039182,0.9471890971039182,0.41667940707169254,0,,,0,
10,4,ordinal_cluster,2,2421,0.8954977282114829,0.9483684427922346,0.9483684427922346,0.44201103308061673,0,,,0,
10,4,ordinal_cluster,3,2377,0.8855700462768196,1.008413967185528,1.008413967185528,0.49845860514870244,0,,,0,
10,4,ordinal_cluster,4,2321,0.8608358466178372,0.951744937526928,0.951744937526928,0.5453207888923897,0,,,0,
10,4,linear_structured_final_mondrian,0,533,1,1,1,,1,0.35692200158722887,,1,5
10,4,linear_structured_final_mondrian,1,2348,0.92206132879046,1.926320272572402,1.930579216354344,0.3911736725622674,0,0.4069220015872289,-0.015748329024961483,0,50
10,4,linear_structured_final_mondrian,2,2421,0.8595621643948782,1.9235852953325072,2.8872366790582404,0.39971322637589607,0,0.45692200158722895,-0.057208775211332885,0,50
10,4,linear_structured_final_mondrian,3,2377,0.914598233066891,2.0496424063946153,4.0450147244425745,0.5554262390328227,0,0.506922001587229,0.048504237445593734,0,50
10,4,linear_structured_final_mondrian,4,2321,0.8888410168031021,2.006893580353296,4.723395088323998,0.586878110882164,0,0.556922001587229,0.029956109294934974,0,50
10,5,independent_mondrian,0,466,0.9506437768240343,0.9527896995708155,0.9527896995708155,0.36632946053876175,0,,,0,
10,5,independent_mondrian,1,2335,0.9070663811563169,0.9194860813704496,0.9194860813704496,0.3787836096870236,0,,,0,
10,5,independent_mondrian,2,2303,0.9240121580547113,0.9678679982631351,0.9678679982631351,0.4581559313777944,0,,,0,
10,5,independent_mondrian,3,2451,0.9106487148102815,1.0493676050591596,1.0493676050591596,0.5217147514072751,0,,,0,
10,5,independent_mondrian,4,2445,0.8985685071574642,0.9893660531697341,0.9893660531697341,0.5948426486712494,0,,,0,
10,5,ordinal_cluster,0,466,0.9527896995708155,0.9549356223175965,0.9549356223175965,0.37297563116125143,0,,,0,
10,5,ordinal_cluster,1,2335,0.9413276231263383,0.9537473233404711,0.9537473233404711,0.4230508346193362,0,,,0,
10,5,ordinal_cluster,2,2303,0.9240121580547113,0.9761181068171949,0.9761181068171949,0.4581559313777944,0,,,0,
10,5,ordinal_cluster,3,2451,0.9167686658506732,1.0354957160342717,1.0354957160342717,0.5394060653826059,0,,,0,
10,5,ordinal_cluster,4,2445,0.8748466257668711,0.9758691206543967,0.9758691206543967,0.5578952366278264,0,,,0,
10,5,linear_structured_final_mondrian,0,466,1,1.002145922746781,1.002145922746781,,1,0.3064009000675194,,1,5
10,5,linear_structured_final_mondrian,1,2335,0.9224839400428265,1.928051391862955,1.9336188436830835,0.39934757468199694,0,0.38140090006751937,0.017946674614477576,0,50
10,5,linear_structured_final_mondrian,2,2303,0.8962223187147199,1.9374728614850196,2.898827616152844,0.4270267079119076,0,0.4564009000675193,-0.02937419215561171,0,50
10,5,linear_structured_final_mondrian,3,2451,0.9000407996736026,2.0412076703386375,4.024479804161567,0.5065525941370527,0,0.5314009000675193,-0.024848305930466608,0,50
10,5,linear_structured_final_mondrian,4,2445,0.9112474437627812,1.9967280163599181,4.777505112474437,0.6184917139192231,0,0.6064009000675192,0.012090813851703852,0,50
10,6,independent_mondrian,0,531,0.9171374764595104,0.9171374764595104,0.9171374764595104,0.2995362987620667,0,,,0,
10,6,independent_mondrian,1,2339,0.8845660538691749,0.8931167165455323,0.8931167165455323,0.34422174906802766,0,,,0,
10,6,independent_mondrian,2,2386,0.8956412405699916,0.9572506286672254,0.9572506286672254,0.4477187725867071,0,,,0,
10,6,independent_mondrian,3,2350,0.9221276595744681,1.094468085106383,1.094468085106383,0.5541046829673141,0,,,0,
10,6,independent_mondrian,4,2394,0.9381787802840434,1.0484544695071012,1.0484544695071012,0.6598795064287906,0,,,0,
10,6,ordinal_cluster,0,531,0.9378531073446328,0.9378531073446328,0.9378531073446328,0.3309934139961853,0,,,0,
10,6,ordinal_cluster,1,2339,0.9209063702436939,0.9315946985891407,0.9315946985891407,0.3889248312337382,0,,,0,
10,6,ordinal_cluster,2,2386,0.9115674769488684,0.9803017602682313,0.9803017602682313,0.4639528934870444,0,,,0,
10,6,ordinal_cluster,3,2350,0.9302127659574468,1.068936170212766,1.068936170212766,0.5646861080354204,0,,,0,
10,6,ordinal_cluster,4,2394,0.9005847953216374,1.017126148705096,1.017126148705096,0.5873519139858843,0,,,0,
10,6,linear_structured_final_mondrian,0,531,1,1,1,,1,0.25356871265026537,,1,5
10,6,linear_structured_final_mondrian,1,2339,0.8469431380932022,1.8529286019666524,1.8589140658401027,0.31556765715924256,0,0.3560687126502654,-0.04050105549102284,0,50
10,6,linear_structured_final_mondrian,2,2386,0.8906119027661358,1.953059513830679,2.9526404023470243,0.43750017304216343,0,0.45856871265026544,-0.02106853960810201,0,50
10,6,linear_structured_final_mondrian,3,2350,0.9285106382978724,2.088936170212766,4.088085106382978,0.5623659412703171,0,0.5610687126502655,0.0012972286200516603,0,50
10,6,linear_structured_final_mondrian,4,2394,0.929406850459482,2.0446950710108607,4.832915622389306,0.6444566967662645,0,0.6635687126502655,-0.01911201588400102,0,50
10,7,independent_mondrian,0,482,0.9377593360995851,0.9377593360995851,0.9377593360995851,0.3230056220761804,0,,,0,
10,7,independent_mondrian,1,2395,0.8701461377870564,0.886847599164927,0.886847599164927,0.3460118516959892,0,,,0,
10,7,independent_mondrian,2,2416,0.9329470198675497,0.9764072847682119,0.9764072847682119,0.4901998375602302,0,,,0,
10,7,independent_mondrian,3,2403,0.8976279650436954,1.038701622971286,1.038701622971286,0.5154184409333662,0,,,0,
10,7,independent_mondrian,4,2304,0.8854166666666666,0.9869791666666666,0.9869791666666666,0.588634874790202,0,,,0,
10,7,ordinal_cluster,0,482,0.9481327800829875,0.9481327800829875,0.9481327800829875,0.3422996434830781,0,,,0,
10,7,ordinal_cluster,1,2395,0.9277661795407098,0.9427974947807933,0.9427974947807933,0.4286590342397614,0,,,0,
10,7,ordinal_cluster,2,2416,0.9230132450331126,0.9755794701986755,0.9755794701986755,0.47569655231948077,0,,,0,
10,7,ordinal_cluster,3,2403,0.8984602580108199,1.0199750312109863,1.0199750312109863,0.5171066867569926,0,,,0,
10,7,ordinal_cluster,4,2304,0.8619791666666666,0.9652777777777778,0.9652777777777778,0.5545612091574401,0,,,0,
10,7,linear_structured_final_mondrian,0,482,1,1,1,,1,0.32710989178205596,,1,5
10,7,linear_structured_final_mondrian,1,2395,0.8555323590814197,1.8772442588726515,1.898956158663883,0.3322609213993824,0,0.38460989178205607,-0.052348970382673665,0,50
10,7,linear_structured_final_mondrian,2,2416,0.9470198675496688,2.002483443708609,3.004139072847682,0.5245755058581801,0,0.4421098917820562,0.08246561407612396,0,50
10,7,linear_structured_final_mondrian,3,2403,0.9184352892218061,2.2442779858510193,4.198085726175614,0.5518984155646564,0,0.4996098917820563,0.05228852378260007,0,50
10,7,linear_structured_final_mondrian,4,2304,0.9670138888888888,2.0928819444444446,4.918836805555555,0.8021708174942405,0,0.5571098917820564,0.24506092571218407,0,50
10,8,independent_mondrian,0,520,0.9173076923076923,0.9173076923076923,0.9173076923076923,0.31889477419609275,0,,,0,
10,8,independent_mondrian,1,2381,0.8874422511549769,0.8979420411591769,0.8979420411591769,0.3590843607808656,0,,,0,
10,8,independent_mondrian,2,2347,0.9126544524925436,0.9552620366425224,0.9552620366425224,0.4653191472482638,0,,,0,
10,8,independent_mondrian,3,2371,0.8852804723745256,1.0059046815689583,1.0059046815689583,0.5027221397283762,0,,,0,
10,8,independent_mondrian,4,2381,0.8660226795464091,0.9542209155816883,0.9542209155816883,0.5418291764974975,0,,,0,
10,8,ordinal_cluster,0,520,0.9403846153846154,0.9442307692307692,0.9442307692307692,0.34658514007310176,0,,,0,
10,8,ordinal_cluster,1,2381,0.9533809323813524,0.9643007139857203,0.9643007139857203,0.44341874694388483,0,,,0,
10,8,ordinal_cluster,2,2347,0.9045590115040477,0.9590967192160205,0.9590967192160205,0.4560490353694937,0,,,0,
10,8,ordinal_cluster,3,2371,0.8852804723745256,1,1,0.5027221397283762,0,,,0,
10,8,ordinal_cluster,4,2381,0.8584628307433851,0.9466610667786645,0.9466610667786645,0.524088537499706,0,,,0,
10,8,linear_structured_final_mondrian,0,520,1,1,1,,1,0.3651731373757868,,1,5
10,8,linear_structured_final_mondrian,1,2381,0.8874422511549769,1.8966820663586728,1.9059218815623689,0.3590843607808656,0,0.41517313737578687,-0.056088776594921286,0,50
10,8,linear_structured_final_mondrian,2,2347,0.9122283766510438,2.008095440988496,3.005538985939497,0.4642491775093049,0,0.4651731373757869,-0.000923959866482027,0,50
10,8,linear_structured_final_mondrian,3,2371,0.9460143399409532,2.0619991564740614,4.050189793336145,0.6271836340798055,0,0.515173137375787,0.11201049670401853,0,50
10,8,linear_structured_final_mondrian,4,2381,0.8584628307433851,2.013439731205376,4.6518269634607305,0.524088537499706,0,0.565173137375787,-0.04108459987608104,0,50
10,9,independent_mondrian,0,544,0.8419117647058824,0.8419117647058824,0.8419117647058824,0.2605219942188875,0,,,0,
10,9,independent_mondrian,1,2305,0.9396963123644252,0.9427331887201735,0.9427331887201735,0.41319352857330355,0,,,0,
10,9,independent_mondrian,2,2332,0.9060891938250428,0.9412521440823327,0.9412521440823327,0.4541024850444683,0,,,0,
10,9,independent_mondrian,3,2408,0.84343853820598,0.9505813953488372,0.9505813953488372,0.4507588811086007,0,,,0,
10,9,independent_mondrian,4,2411,0.8523434259643301,0.9236831190377437,0.9236831190377437,0.528992489583381,0,,,0,
10,9,ordinal_cluster,0,544,0.9705882352941176,0.9724264705882353,0.9724264705882353,0.3914554882329724,0,,,0,
10,9,ordinal_cluster,1,2305,0.9466377440347071,0.9527114967462039,0.9527114967462039,0.42501602982215025,0,,,0,
10,9,ordinal_cluster,2,2332,0.8932246998284734,0.9343910806174958,0.9343910806174958,0.4369468139014594,0,,,0,
10,9,ordinal_cluster,3,2408,0.8691860465116279,0.9609634551495017,0.9609634551495017,0.474977715896131,0,,,0,
10,9,ordinal_cluster,4,2411,0.8249688925756947,0.9054334301119867,0.9054334301119867,0.4929632868408995,0,,,0,
10,9,linear_structured_final_mondrian,0,544,1,1,1,,1,0.33135883449341647,,1,5
10,9,linear_structured_final_mondrian,1,2305,0.9436008676789588,1.9466377440347071,1.9496746203904556,0.41844624449062545,0,0.3763588344934164,0.04208740999720906,0,50
10,9,linear_structured_final_mondrian,2,2332,0.9069468267581475,1.9425385934819897,2.889794168096055,0.4555665824272421,0,0.4213588344934163,0.03420774793382575,0,50
10,9,linear_structured_final_mondrian,3,2408,0.84343853820598,1.951827242524917,3.8766611295681064,0.4507588811086007,0,0.46635883449341625,-0.015599953384815568,0,50
10,9,linear_structured_final_mondrian,4,2411,0.8523434259643301,1.9236831190377437,4.623392783077561,0.528992489583381,0,0.5113588344934161,0.01763365508996484,0,50
10,10,independent_mondrian,0,494,0.8319838056680162,0.8319838056680162,0.8319838056680162,0.2468685721631445,0,,,0,
10,10,independent_mondrian,1,2484,0.8904991948470209,0.9021739130434783,0.9021739130434783,0.36370887528436796,0,,,0,
10,10,independent_mondrian,2,2338,0.9063301967493584,0.9619332763045337,0.9619332763045337,0.4549293714970383,0,,,0,
10,10,independent_mondrian,3,2396,0.9102671118530885,1.0262938230383973,1.0262938230383973,0.5361759139347728,0,,,0,
10,10,independent_mondrian,4,2288,0.8723776223776224,0.9619755244755245,0.9619755244755245,0.5469369974322953,0,,,0,
10,10,ordinal_cluster,0,494,0.9757085020242915,0.9757085020242915,0.9757085020242915,0.36239828021112813,0,,,0,
10,10,ordinal_cluster,1,2484,0.9214975845410628,0.9359903381642513,0.9359903381642513,0.40516250721992614,0,,,0,
10,10,ordinal_cluster,2,2338,0.9067579127459366,0.9619332763045337,0.9619332763045337,0.4569764938077944,0,,,0,
10,10,ordinal_cluster,3,2396,0.9069282136894825,1.0221202003338898,1.0221202003338898,0.5282682689488151,0,,,0,
10,10,ordinal_cluster,4,2288,0.8710664335664335,0.9571678321678322,0.9571678321678322,0.5433598312169297,0,,,0,
10,10,linear_structured_final_mondrian,0,494,1,1,1,,1,0.2606699488667284,,1,5
10,10,linear_structured_final_mondrian,1,2484,0.9528985507246377,1.9585346215780999,1.964170692431562,0.4569764938077944,0,0.3481699488667283,0.10880654494106612,0,50
10,10,linear_structured_final_mondrian,2,2338,0.834901625320787,1.904191616766467,2.842600513259196,0.37549657162590805,0,0.4356699488667282,-0.06017337724082017,0,50
10,10,linear_structured_final_mondrian,3,2396,0.919449081803005,2.0187813021702836,4.002921535893155,0.5509002636369299,0,0.5231699488667281,0.027730314770201825,0,50
10,10,linear_structured_final_mondrian,4,2288,0.8723776223776224,1.9689685314685315,4.670454545454546,0.5469369974322953,0,0.610669948866728,-0.0637329514344327,0,50
10,11,independent_mondrian,0,495,0.8424242424242424,0.8424242424242424,0.8424242424242424,0.2453862063682866,0,,,0,
10,11,independent_mondrian,1,2412,0.9166666666666666,0.9282752902155887,0.9282752902155887,0.3855795821564925,0,,,0,
10,11,independent_mondrian,2,2359,0.9283594743535396,0.9618482407799915,0.9618482407799915,0.4818787689348166,0,,,0,
10,11,independent_mondrian,3,2346,0.870843989769821,0.9820971867007673,0.9820971867007673,0.4581607951985789,0,,,0,
10,11,independent_mondrian,4,2388,0.8726968174204355,0.9384422110552764,0.9384422110552764,0.55917587682397,0,,,0,
10,11,ordinal_cluster,0,495,0.9717171717171718,0.9717171717171718,0.9717171717171718,0.37398107105469924,0,,,0,
10,11,ordinal_cluster,1,2412,0.9502487562189055,0.9593698175787728,0.9593698175787728,0.4319448144931161,0,,,0,
10,11,ordinal_cluster,2,2359,0.8957185247986434,0.9431962696057652,0.9431962696057652,0.432778249592074,0,,,0,
10,11,ordinal_cluster,3,2346,0.9019607843137255,0.9846547314578005,0.9846547314578005,0.4955249550325248,0,,,0,
10,11,ordinal_cluster,4,2388,0.8496649916247906,0.9250418760469011,0.9250418760469011,0.5189111195626166,0,,,0,
10,11,linear_structured_final_mondrian,0,495,1,1,1,,1,0.35865085121969187,,1,5
10,11,linear_structured_final_mondrian,1,2412,0.9067164179104478,1.914179104477612,1.921641791044776,0.3719226240893419,0,0.41115085121969186,-0.03922822713034996,0,50
10,11,linear_structured_final_mondrian,2,2359,0.9020771513353115,1.9241203899957608,2.854175498092412,0.44418983264843215,0,0.46365085121969185,-0.019461018571259703,0,50
10,11,linear_structured_final_mondrian,3,2346,0.824381926683717,1.9032395566922422,3.722080136402387,0.4075974138808058,0,0.5161508512196918,-0.10855343733888606,0,50
10,11,linear_structured_final_mondrian,4,2388,0.8379396984924623,1.8852596314907872,4.493718592964824,0.5038905292583172,0,0.5686508512196918,-0.0647603219613746,0,50
10,12,independent_mondrian,0,466,0.944206008583691,0.944206008583691,0.944206008583691,0.34370913084877214,0,,,0,
10,12,independent_mondrian,1,2339,0.9230440359127833,0.9315946985891407,0.9315946985891407,0.4029961610243529,0,,,0,
10,12,independent_mondrian,2,2455,0.8875763747454175,0.9327902240325866,0.9327902240325866,0.4456648990804701,0,,,0,
10,12,independent_mondrian,3,2338,0.8751069289991446,1.0055603079555175,1.0055603079555175,0.4894453420230713,0,,,0,
10,12,independent_mondrian,4,2402,0.892173189009159,0.9704412989175687,0.9704412989175687,0.5768568105307738,0,,,0,
10,12,ordinal_cluster,0,466,0.9742489270386266,0.9742489270386266,0.9742489270386266,0.4002823309655952,0,,,0,
10,12,ordinal_cluster,1,2339,0.9474134245404019,0.9576742197520308,0.9576742197520308,0.4423386999601026,0,,,0,
10,12,ordinal_cluster,2,2455,0.8875763747454175,0.9446028513238289,0.9446028513238289,0.4456648990804701,0,,,0,
10,12,ordinal_cluster,3,2338,0.8793840889649273,0.9931565440547476,0.9931565440547476,0.49650921853701774,0,,,0,
10,12,ordinal_cluster,4,2402,0.8655287260616153,0.9454621149042465,0.9454621149042465,0.5356464527175581,0,,,0,
10,12,linear_structured_final_mondrian,0,466,1,1,1,,1,0.3167473848933747,,1,5
10,12,linear_structured_final_mondrian,1,2339,0.9521162890123984,1.956819153484395,1.9615220179563917,0.4505058401524656,0,0.3717473848933746,0.07875845525909098,0,50
10,12,linear_structured_final_mondrian,2,2455,0.8875763747454175,1.990631364562118,3.0028513238289207,0.4456648990804701,0,0.42674738489337455,0.01891751418709553,0,50
10,12,linear_structured_final_mondrian,3,2338,0.9349871685201027,2.0697177074422584,4.058169375534645,0.5937091220780978,0,0.4817473848933745,0.1119617371847233,0,50
10,12,linear_structured_final_mondrian,4,2402,0.8963363863447127,2.0228975853455453,4.741465445462115,0.5842595739461567,0,0.5367473848933744,0.047512189052782317,0,50
10,13,independent_mondrian,0,484,0.859504132231405,0.8615702479338843,0.8615702479338843,0.26816728402564616,0,,,0,
10,13,independent_mondrian,1,2434,0.9400164338537387,0.9453574363188167,0.9453574363188167,0.41144196447831344,0,,,0,
10,13,independent_mondrian,2,2408,0.8953488372093024,0.9348006644518272,0.9348006644518272,0.4295405545669942,0,,,0,
10,13,independent_mondrian,3,2404,0.8868552412645591,0.990432612312812,0.990432612312812,0.49272346543965073,0,,,0,
10,13,independent_mondrian,4,2270,0.8696035242290749,0.9506607929515418,0.9506607929515418,0.5461596650315754,0,,,0,
10,13,ordinal_cluster,0,484,0.96900826446281,0.9710743801652892,0.9710743801652892,0.4013775102886218,0,,,0,
10,13,ordinal_cluster,1,2434,0.942481511914544,0.9552177485620378,0.9552177485620378,0.4169922513808136,0,,,0,
10,13,ordinal_cluster,2,2408,0.90656146179402,0.9493355481727574,0.9493355481727574,0.4454176399563549,0,,,0,
10,13,ordinal_cluster,3,2404,0.8885191347753744,0.9846089850249584,0.9846089850249584,0.49699733754764747,0,,,0,
10,13,ordinal_cluster,4,2270,0.8383259911894273,0.920704845814978,0.920704845814978,0.5141484600925504,0,,,0,
10,13,linear_structured_final_mondrian,0,484,1,1.0020661157024793,1.0020661157024793,,1,0.28739297317220397,,1,5
10,13,linear_structured_final_mondrian,1,2434,0.942481511914544,1.9568611339359079,1.971240755957272,0.4169922513808136,0,0.35489297317220386,0.06209927820860972,0,50
10,13,linear_structured_final_mondrian,2,2408,0.9377076411960132,1.9779900332225913,2.9630398671096345,0.498423129326117,0,0.42239297317220376,0.07603015615391323,0,50
10,13,linear_structured_final_mondrian,3,2404,0.8868552412645591,2.009983361064892,4.0133111480865225,0.49272346543965073,0,0.48989297317220365,0.0028304922674470823,0,50
10,13,linear_structured_final_mondrian,4,2270,0.8665198237885463,1.9475770925110132,4.656387665198238,0.5440368993137898,0,0.5573929731722036,-0.013356073858413753,0,50
10,14,independent_mondrian,0,520,0.8192307692307692,0.8192307692307692,0.8192307692307692,0.23913438982555338,0,,,0,
10,14,independent_mondrian,1,2411,0.9274160099543758,0.9323931978432186,0.9323931978432186,0.40579617138097385,0,,,0,
10,14,independent_mondrian,2,2368,0.8986486486486487,0.9277871621621622,0.9277871621621622,0.4299214210710498,0,,,0,
10,14,independent_mondrian,3,2292,0.8590750436300174,1.0279232111692844,1.0279232111692844,0.47999343395374955,0,,,0,
10,14,independent_mondrian,4,2409,0.9165628891656289,0.9921129099211291,0.9921129099211291,0.635720593836423,0,,,0,
10,14,ordinal_cluster,0,520,0.9711538461538461,0.9711538461538461,0.9711538461538461,0.3962058928637325,0,,,0,
10,14,ordinal_cluster,1,2411,0.9328079635006221,0.9406885109912899,0.9406885109912899,0.4145776622275487,0,,,0,
10,14,ordinal_cluster,2,2368,0.8986486486486487,0.9298986486486487,0.9298986486486487,0.4301550824836885,0,,,0,
10,14,ordinal_cluster,3,2292,0.8660558464223386,0.9842931937172775,0.9842931937172775,0.4893894625973393,0,,,0,
10,14,ordinal_cluster,4,2409,0.8605230386052304,0.9389788293897883,0.9389788293897883,0.5404921692488244,0,,,0,
10,14,linear_structured_final_mondrian,0,520,1,1,1,,1,0.23999343395374934,,1,5
10,14,linear_structured_final_mondrian,1,2411,0.9365408544172542,1.9419328079635005,1.947324761509747,0.4204367870739308,0,0.3199934339537494,0.10044335312018138,0,50
10,14,linear_structured_final_mondrian,2,2368,0.9054054054054054,1.9467905405405406,2.9138513513513513,0.4386667892101715,0,0.3999934339537495,0.038673355256422015,0,50
10,14,linear_structured_final_mondrian,3,2292,0.8869982547993019,2.0575916230366493,4.043630017452007,0.5156429036358946,0,0.47999343395374955,0.03564946968214505,0,50
10,14,linear_structured_final_mondrian,4,2409,0.9165628891656289,2.005396430053964,4.805728518057285,0.635720593836423,0,0.5599934339537496,0.07572715988267342,0,50
10,15,independent_mondrian,0,523,0.8317399617590823,0.8317399617590823,0.8317399617590823,0.2546682274419645,0,,,0,
10,15,independent_mondrian,1,2311,0.9251406317611424,0.9299004759844224,0.9299004759844224,0.4019901383984914,0,,,0,
10,15,independent_mondrian,2,2304,0.8888888888888888,0.9331597222222222,0.9331597222222222,0.4284207028667462,0,,,0,
10,15,independent_mondrian,3,2435,0.8804928131416838,1.0049281314168377,1.0049281314168377,0.4884615844944947,0,,,0,
10,15,independent_mondrian,4,2427,0.8850432632880099,0.9682735887927483,0.9682735887927483,0.5774411634444896,0,,,0,
10,15,ordinal_cluster,0,523,0.9694072657743786,0.9694072657743786,0.9694072657743786,0.38610237140918785,0,,,0,
10,15,ordinal_cluster,1,2311,0.9255733448723497,0.9333621808740805,0.9333621808740805,0.4030006388969574,0,,,0,
10,15,ordinal_cluster,2,2304,0.8893229166666666,0.9344618055555556,0.9344618055555556,0.42863532334360627,0,,,0,
10,15,ordinal_cluster,3,2435,0.8841889117043121,0.9942505133470226,0.9942505133470226,0.4944383135410316,0,,,0,
10,15,ordinal_cluster,4,2427,0.865677791512155,0.9513803049031726,0.9513803049031726,0.5473948481609515,0,,,0,
10,15,linear_structured_final_mondrian,0,523,1,1,1,,1,0.3381719084160153,,1,5
10,15,linear_structured_final_mondrian,1,2311,0.8883600173085244,1.8978797057550845,1.9073993942016443,0.3549265359129791,0,0.38817190841601534,-0.03324537250303622,0,50
10,15,linear_structured_final_mondrian,2,2304,0.9188368055555556,2.0047743055555554,2.9973958333333335,0.4736435226845225,0,0.4381719084160154,0.03547161426850709,0,50
10,15,linear_structured_final_mondrian,3,2435,0.95564681724846,2.0997946611909653,4.083367556468173,0.6259175998077494,0,0.48817190841601543,0.13774569139173398,0,50
10,15,linear_structured_final_mondrian,4,2427,0.9011124845488258,2.0580964153275647,4.76761433868974,0.60069045535331,0,0.5381719084160155,0.06251854693729453,0,50
10,16,independent_mondrian,0,457,0.962800875273523,0.962800875273523,0.962800875273523,0.36601043034689557,0,,,0,
10,16,independent_mondrian,1,2420,0.8975206611570248,0.9165289256198347,0.9165289256198347,0.3592751559004279,0,,,0,
10,16,independent_mondrian,2,2303,0.9444203213200174,1.0082501085540598,1.0082501085540598,0.5234617474542232,0,,,0,
10,16,independent_mondrian,3,2294,0.9380993897122929,1.163034001743679,1.163034001743679,0.5708722007550688,0,,,0,
10,16,independent_mondrian,4,2526,0.9429928741092637,1.0498812351543942,1.0498812351543942,0.6810489214141385,0,,,0,
10,16,ordinal_cluster,0,457,0.9606126914660832,0.9606126914660832,0.9606126914660832,0.3592751559004279,0,,,0,
10,16,ordinal_cluster,1,2420,0.9483471074380165,0.959504132231405,0.959504132231405,0.4241467160091851,0,,,0,
10,16,ordinal_cluster,2,2303,0.9157620495006513,0.9878419452887538,0.9878419452887538,0.4689674283838969,0,,,0,
10,16,ordinal_cluster,3,2294,0.9385353095030514,1.070619006102877,1.070619006102877,0.5728672419468059,0,,,0,
10,16,ordinal_cluster,4,2526,0.898258115597783,1.0055423594615993,1.0055423594615993,0.5829011063819249,0,,,0,
10,16,linear_structured_final_mondrian,0,457,1,1,1,,1,0.38290110638192476,,1,5
10,16,linear_structured_final_mondrian,1,2420,0.8830578512396694,1.8991735537190082,1.915289256198347,0.34441170595743614,0,0.4329011063819248,-0.08848940042448866,0,50
10,16,linear_structured_final_mondrian,2,2303,0.9431176726009552,1.9830655666521928,2.980894485453756,0.5173675121744753,0,0.48290110638192485,0.03446640579255045,0,50
10,16,linear_structured_final_mondrian,3,2294,0.8875326939843069,2.227550130775937,4.227114210985179,0.49296471330572594,0,0.5329011063819249,-0.03993639307619895,0,50
10,16,linear_structured_final_mondrian,4,2526,0.9738717339667459,2.0463182897862233,4.9330958036421215,0.8087947029806416,0,0.5829011063819249,0.22589359659871666,0,50
10,17,independent_mondrian,0,482,0.9875518672199171,0.9875518672199171,0.9875518672199171,0.4776889539593915,0,,,0,
10,17,independent_mondrian,1,2378,0.8730025231286795,0.8864592094196804,0.8864592094196804,0.3429100987581638,0,,,0,
10,17,independent_mondrian,2,2383,0.8380193033990768,0.8766261015526647,0.8766261015526647,0.37808054231059934,0,,,0,
10,17,independent_mondrian,3,2380,0.8579831932773109,1.0033613445378151,1.0033613445378151,0.48171679658904293,0,,,0,
10,17,independent_mondrian,4,2377,0.9133361379890619,0.9932688262515776,0.9932688262515776,0.6129042029014997,0,,,0,
10,17,ordinal_cluster,0,482,0.9356846473029046,0.9356846473029046,0.9356846473029046,0.3429100987581638,0,,,0,
10,17,ordinal_cluster,1,2378,0.8990748528174937,0.9062237174095878,0.9062237174095878,0.37297156613576077,0,,,0,
10,17,ordinal_cluster,2,2383,0.8892152748636173,0.9299202685690307,0.9299202685690307,0.43098758062348147,0,,,0,
10,17,ordinal_cluster,3,2380,0.8584033613445378,0.9743697478991596,0.9743697478991596,0.4824190568917041,0,,,0,
10,17,ordinal_cluster,4,2377,0.8557004627681952,0.935633151030711,0.935633151030711,0.5276593204614928,0,,,0,
10,17,linear_structured_final_mondrian,0,482,1,1,1,,1,0.2562658745350594,,1,5
10,17,linear_structured_final_mondrian,1,2378,0.86080740117746,1.8616484440706476,1.862489486963835,0.3306450987696024,0,0.33626587453505946,-0.005620775765457053,0,50
10,17,linear_structured_final_mondrian,2,2383,0.7830465799412505,1.8216533780948385,2.668485102811582,0.3328321586552436,0,0.41626587453505953,-0.0834337158798159,0,50
10,17,linear_structured_final_mondrian,3,2380,0.8579831932773109,1.9558823529411764,3.899579831932773,0.48171679658904293,0,0.4962658745350596,-0.014549077946016675,0,50
10,17,linear_structured_final_mondrian,4,2377,0.8657972233908288,1.9457299116533446,4.685317627261254,0.5390912966386695,0,0.5762658745350597,-0.037174577896390226,0,50
10,18,independent_mondrian,0,502,0.9442231075697212,0.9482071713147411,0.9482071713147411,0.33485204367629134,0,,,0,
10,18,independent_mondrian,1,2376,0.9221380471380471,0.9444444444444444,0.9444444444444444,0.3882215786336969,0,,,0,
10,18,independent_mondrian,2,2348,0.962947189097104,1.00809199318569,1.00809199318569,0.5459053529031443,0,,,0,
10,18,independent_mondrian,3,2430,0.8979423868312757,1.1679012345679012,1.1679012345679012,0.5189226576915345,0,,,0,
10,18,independent_mondrian,4,2344,0.962457337883959,1.0533276450511946,1.0533276450511946,0.7497134915220934,0,,,0,
10,18,ordinal_cluster,0,502,0.9661354581673307,0.9701195219123506,0.9701195219123506,0.36853767194748704,0,,,0,
10,18,ordinal_cluster,1,2376,0.95496632996633,0.9713804713804713,0.9713804713804713,0.44168107622955094,0,,,0,
10,18,ordinal_cluster,2,2348,0.934412265758092,1.0281090289608177,1.0281090289608177,0.4863705449073911,0,,,0,
10,18,ordinal_cluster,3,2430,0.9551440329218107,1.123456790123457,1.123456790123457,0.6202966639878009,0,,,0,
10,18,ordinal_cluster,4,2344,0.9168088737201365,1.0593003412969284,1.0593003412969284,0.6371503227153572,0,,,0,
10,18,linear_structured_final_mondrian,0,502,1,1.00398406374502,1.00398406374502,,1,0.23397599536206115,,1,5
10,18,linear_structured_final_mondrian,1,2376,0.9574915824915825,1.9915824915824916,2.0147306397306397,0.4483236494433583,0,0.3514759953620611,0.0968476540812972,0,50
10,18,linear_structured_final_mondrian,2,2348,0.9740204429301533,2.0715502555366268,3.0630323679727427,0.5872296296340457,0,0.468975995362061,0.11825363427198465,0,50
10,18,linear_structured_final_mondrian,3,2430,0.9567901234567902,2.299588477366255,4.225514403292181,0.6242107439297114,0,0.586475995362061,0.03773474856765047,0,50
10,18,linear_structured_final_mondrian,4,2344,0.9731228668941979,2.118174061433447,4.929607508532423,0.7978897236960277,0,0.7039759953620609,0.09391372833396683,0,50
10,19,independent_mondrian,0,497,0.971830985915493,0.9738430583501007,0.9738430583501007,0.40047102491856756,0,,,0,
10,19,independent_mondrian,1,2273,0.9212494500659921,0.9419269687637484,0.9419269687637484,0.3924298047806255,0,,,0,
10,19,independent_mondrian,2,2417,0.9565577161770791,1.003723624327679,1.003723624327679,0.5324574284828965,0,,,0,
10,19,independent_mondrian,3,2418,0.9164598842018197,1.066997518610422,1.066997518610422,0.5392157449487982,0,,,0,
10,19,independent_mondrian,4,2395,0.9093945720250521,1.005427974947808,1.005427974947808,0.5822358938904367,0,,,0,
10,19,ordinal_cluster,0,497,0.9698189134808853,0.9738430583501007,0.9738430583501007,0.3924298047806255,0,,,0,
10,19,ordinal_cluster,1,2273,0.9397272327320721,0.9560052793664761,0.9560052793664761,0.41328439877392853,0,,,0,
10,19,ordinal_cluster,2,2417,0.9362846503930492,0.9863467107985106,0.9863467107985106,0.4896556479494639,0,,,0,
10,19,ordinal_cluster,3,2418,0.9156327543424317,1.0409429280397022,1.0409429280397022,0.535886691743726,0,,,0,
10,19,ordinal_cluster,4,2395,0.8951983298538622,0.9912317327766179,0.9912317327766179,0.5566327578644472,0,,,0,
10,19,linear_structured_final_mondrian,0,497,1,1.0020120724346075,1.0020120724346075,,1,0.36542441040075047,,1,5
10,19,linear_structured_final_mondrian,1,2273,0.9071711394632644,1.924769027716674,1.9423669159700836,0.37692063243513135,0,0.4154244104007505,-0.03850377796561916,0,50
10,19,linear_structured_final_mondrian,2,2417,0.9577989242863053,2.0260653702937526,3.0326851468762928,0.5386951728862958,0,0.46542441040075055,0.0732707624855452,0,50
10,19,linear_structured_final_mondrian,3,2418,0.9429280397022333,2.099669148056245,4.056658395368073,0.5972329296755053,0,0.5154244104007506,0.08180851927475474,0,50
10,19,linear_structured_final_mondrian,4,2395,0.9102296450939458,2.037160751565762,4.771189979123173,0.5858369745884789,0,0.5654244104007506,0.0204125641877283,0,50
10,20,independent_mondrian,0,492,0.8739837398373984,0.8760162601626016,0.8760162601626016,0.2769305466727223,0,,,0,
10,20,independent_mondrian,1,2370,0.9358649789029536,0.9413502109704641,0.9413502109704641,0.4191174751090201,0,,,0,
10,20,independent_mondrian,2,2376,0.8636363636363636,0.9196127946127947,0.9196127946127947,0.408558859026607,0,,,0,
10,20,independent_mondrian,3,2373,0.8883270122208176,1.06826801517067,1.06826801517067,0.5119780415356616,0,,,0,
10,20,independent_mondrian,4,2389,0.930514859773964,1.0238593553788196,1.0238593553788196,0.6519252680137664,0,,,0,
10,20,ordinal_cluster,0,492,0.9715447154471545,0.9735772357723578,0.9735772357723578,0.40821715125913766,0,,,0,
10,20,ordinal_cluster,1,2370,0.929957805907173,0.9468354430379747,0.9468354430379747,0.40821715125913766,0,,,0,
10,20,ordinal_cluster,2,2376,0.8981481481481481,0.9553872053872053,0.9553872053872053,0.44777113569534577,0,,,0,
10,20,ordinal_cluster,3,2373,0.889591234723978,1.057732827644332,1.057732827644332,0.5143073233778479,0,,,0,
10,20,ordinal_cluster,4,2389,0.9125156969443282,1.0079531184596064,1.0079531184596064,0.6202334931698167,0,,,0,
10,20,linear_structured_final_mondrian,0,492,1,1.0020325203252032,1.0020325203252032,,1,0.3234872150631909,,1,5
10,20,linear_structured_final_mondrian,1,2370,0.929957805907173,1.9354430379746836,1.9409282700421941,0.40821715125913766,0,0.39848721506319085,0.009729936195946809,0,50
10,20,linear_structured_final_mondrian,2,2376,0.8661616161616161,1.9132996632996633,2.839225589225589,0.4112801337788359,0,0.4734872150631908,-0.062207081284354926,0,50
10,20,linear_structured_final_mondrian,3,2373,0.8634639696586599,2.0539401601348506,4.0164348925410875,0.4816957685109552,0,0.5484872150631908,-0.06679144655223557,0,50
10,20,linear_structured_final_mondrian,4,2389,0.9372122226873169,2.017161992465467,4.853076601088321,0.6651907517423902,0,0.6234872150631907,0.04170353667919946,0,50
10,21,independent_mondrian,0,474,0.810126582278481,0.8122362869198312,0.8122362869198312,0.24323891980160178,0,,,0,
10,21,independent_mondrian,1,2372,0.8916526138279932,0.904300168634064,0.904300168634064,0.36365198845721775,0,,,0,
10,21,independent_mondrian,2,2410,0.9302904564315353,0.9829875518672199,0.9829875518672199,0.4849421281064849,0,,,0,
10,21,independent_mondrian,3,2358,0.9134860050890585,1.1140797285835453,1.1140797285835453,0.5397489893150506,0,,,0,
10,21,independent_mondrian,4,2386,0.9425817267393126,1.0536462699077955,1.0536462699077955,0.6886220253551162,0,,,0,
10,21,ordinal_cluster,0,474,0.9282700421940928,0.9345991561181435,0.9345991561181435,0.3242265946496645,0,,,0,
10,21,ordinal_cluster,1,2372,0.9553119730185498,0.9675379426644182,0.9675379426644182,0.4602660347505539,0,,,0,
10,21,ordinal_cluster,2,2410,0.9174273858921161,0.9937759336099585,0.9937759336099585,0.4639192314975985,0,,,0,
10,21,ordinal_cluster,3,2358,0.926208651399491,1.0793044953350297,1.0793044953350297,0.5644527958105285,0,,,0,
10,21,ordinal_cluster,4,2386,0.9044425817267393,1.0284995808885165,1.0284995808885165,0.6090592952758536,0,,,0,
10,21,linear_structured_final_mondrian,0,474,1,1.0063291139240507,1.0063291139240507,,1,0.24323891980160178,,1,5
10,21,linear_structured_final_mondrian,1,2372,0.9553119730185498,1.9654300168634065,1.9755480607082632,0.4604095378801888,0,0.34823891980160177,0.11217061807858703,0,50
10,21,linear_structured_final_mondrian,2,2410,0.916597510373444,2.003319502074689,3.012863070539419,0.46305675347678854,0,0.45323891980160175,0.009817833675186793,0,50
10,21,linear_structured_final_mondrian,3,2358,0.9389312977099237,2.1327396098388465,4.123833757421544,0.59203272155066,0,0.5582389198016018,0.03379380174905822,0,50
10,21,linear_structured_final_mondrian,4,2386,0.9425817267393126,2.083403185247276,4.848281642917016,0.6886220253551162,0,0.6632389198016018,0.025383105553514418,0,50
10,22,independent_mondrian,0,501,0.8383233532934131,0.8383233532934131,0.8383233532934131,0.25825746626609103,0,,,0,
10,22,independent_mondrian,1,2352,0.953656462585034,0.9617346938775511,0.9617346938775511,0.44055998045518313,0,,,0,
10,22,independent_mondrian,2,2356,0.9002546689303905,0.9516129032258065,0.9516129032258065,0.4443512523780371,0,,,0,
10,22,independent_mondrian,3,2352,0.9064625850340136,1.0433673469387754,1.0433673469387754,0.5171480291359352,0,,,0,
10,22,independent_mondrian,4,2439,0.9118491184911849,0.997949979499795,0.997949979499795,0.6092321471041435,0,,,0,
10,22,ordinal_cluster,0,501,0.9880239520958084,0.9880239520958084,0.9880239520958084,0.43790185096929285,0,,,0,
10,22,ordinal_cluster,1,2352,0.9528061224489796,0.967687074829932,0.967687074829932,0.43790185096929285,0,,,0,
10,22,ordinal_cluster,2,2356,0.919779286926995,0.9707130730050934,0.9707130730050934,0.4694603313431564,0,,,0,
10,22,ordinal_cluster,3,2352,0.907312925170068,1.0246598639455782,1.0246598639455782,0.5184990943400307,0,,,0,
10,22,ordinal_cluster,4,2439,0.8782287822878229,0.965149651496515,0.965149651496515,0.5546055188042887,0,,,0,
10,22,linear_structured_final_mondrian,0,501,1,1,1,,1,0.3669091838473969,,1,5
10,22,linear_structured_final_mondrian,1,2352,0.9111394557823129,1.9162414965986394,1.9213435374149659,0.3798247152643202,0,0.4194091838473969,-0.03958446858307668,0,50
10,22,linear_structured_final_mondrian,2,2356,0.8726655348047538,1.9291171477079796,2.8951612903225805,0.40983004387306377,0,0.4719091838473969,-0.06207913997433312,0,50
10,22,linear_structured_final_mondrian,3,2352,0.9251700680272109,2.0395408163265305,4.034013605442177,0.5546055188042887,0,0.5244091838473969,0.03019633495689178,0,50
10,22,linear_structured_final_mondrian,4,2439,0.8946289462894629,1.996309963099631,4.738417384173842,0.580705063311915,0,0.5769091838473969,0.0037958794645180927,0,50
10,23,independent_mondrian,0,510,0.9352941176470588,0.9352941176470588,0.9352941176470588,0.34469704553599195,0,,,0,
10,23,independent_mondrian,1,2391,0.9088247595148473,0.9213718109577582,0.9213718109577582,0.37906030369054916,0,,,0,
10,23,independent_mondrian,2,2347,0.9262888794205368,0.9706007669365146,0.9706007669365146,0.48728460665922607,0,,,0,
10,23,independent_mondrian,3,2377,0.8758939840134623,1.032814472023559,1.032814472023559,0.49590034843883873,0,,,0,
10,23,independent_mondrian,4,2375,0.8888421052631579,0.9776842105263158,0.9776842105263158,0.5862291761517328,0,,,0,
10,23,ordinal_cluster,0,510,0.9588235294117647,0.9647058823529412,0.9647058823529412,0.37423784763343343,0,,,0,
10,23,ordinal_cluster,1,2391,0.9673776662484316,0.9795064826432455,0.9795064826432455,0.4632422949359065,0,,,0,
10,23,ordinal_cluster,2,2347,0.9237324243715381,0.9876438005965061,0.9876438005965061,0.48271786331665106,0,,,0,
10,23,ordinal_cluster,3,2377,0.8872528397139251,1.0340765671013883,1.0340765671013883,0.5168258937086208,0,,,0,
10,23,ordinal_cluster,4,2375,0.8783157894736842,0.976,0.976,0.5654112805549654,0,,,0,
10,23,linear_structured_final_mondrian,0,510,1,1,1,,1,0.3449947986128423,,1,5
10,23,linear_structured_final_mondrian,1,2391,0.8925135926390632,1.903387703889586,1.9142618151401087,0.36294979976855596,0,0.4049947986128424,-0.04204499884428642,0,50
10,23,linear_structured_final_mondrian,2,2347,0.9271410311035364,1.9565402641670218,2.92032381763954,0.48841846910808606,0,0.46499479861284243,0.02342367049524363,0,50
10,23,linear_structured_final_mondrian,3,2377,0.8026924694993689,2.044594026083298,4.006731173748422,0.41977777240195224,0,0.5249947986128425,-0.10521702621089024,0,50
10,23,linear_structured_final_mondrian,4,2375,0.9482105263157895,2.010105263157895,4.873684210526315,0.7093053499638905,0,0.5849947986128425,0.12431055135104796,0,50
10,24,independent_mondrian,0,503,0.8508946322067594,0.8508946322067594,0.8508946322067594,0.27058080184029276,0,,,0,
10,24,independent_mondrian,1,2413,0.8669705760464153,0.8702859510982179,0.8702859510982179,0.3255925311838606,0,,,0,
10,24,independent_mondrian,2,2431,0.8959276018099548,0.9358288770053476,0.9358288770053476,0.437908047673128,0,,,0,
10,24,independent_mondrian,3,2347,0.8892202812100554,1.0315296122709843,1.0315296122709843,0.5113111397646346,0,,,0,
10,24,independent_mondrian,4,2306,0.9102341717259324,1.0039028620988726,1.0039028620988726,0.607846103517843,0,,,0,
10,24,ordinal_cluster,0,503,0.9363817097415507,0.9363817097415507,0.9363817097415507,0.32526816720018037,0,,,0,
10,24,ordinal_cluster,1,2413,0.900538748445918,0.9046829672606713,0.9046829672606713,0.35622712309734966,0,,,0,
10,24,ordinal_cluster,2,2431,0.8959276018099548,0.9411764705882353,0.9411764705882353,0.43802374749210105,0,,,0,
10,24,ordinal_cluster,3,2347,0.8985939497230507,1.0123561994034938,1.0123561994034938,0.5220310399100199,0,,,0,
10,24,ordinal_cluster,4,2306,0.867736339982654,0.9700780572419775,0.9700780572419775,0.5467211117331371,0,,,0,
10,24,linear_structured_final_mondrian,0,503,1,1,1,,1,0.17108094379962818,,1,5
10,24,linear_structured_final_mondrian,1,2413,0.891007045171985,1.8943224202237878,1.8976377952755905,0.34581488117803666,0,0.3060809437996282,0.03973393737840847,0,50
10,24,linear_structured_final_mondrian,2,2431,0.8959276018099548,1.93006993006993,2.8802961744138216,0.437908047673128,0,0.4410809437996282,-0.00317289612650018,0,50
10,24,linear_structured_final_mondrian,3,2347,0.870046868342565,1.9867916489135067,3.9582445675330207,0.48441501581585905,0,0.5760809437996282,-0.0916659279837691,0,50
10,24,linear_structured_final_mondrian,4,2306,0.8751084128360798,1.9570685169124025,4.69297484822203,0.557355957203146,0,0.7110809437996282,-0.15372498659648215,0,50
10,25,independent_mondrian,0,542,0.985239852398524,0.985239852398524,0.985239852398524,0.42465828845902626,0,,,0,
10,25,independent_mondrian,1,2367,0.9247993240388678,0.9387410223912125,0.9387410223912125,0.40464404690954875,0,,,0,
10,25,independent_mondrian,2,2459,0.9381862545750305,0.986173241154941,0.986173241154941,0.48487527395327645,0,,,0,
10,25,independent_mondrian,3,2341,0.898334045279795,1.0610850064075181,1.0610850064075181,0.5227727205792044,0,,,0,
10,25,independent_mondrian,4,2291,0.9092099519860323,0.9951986032300305,0.9951986032300305,0.5985746194058972,0,,,0,
10,25,ordinal_cluster,0,542,0.9760147601476015,0.9760147601476015,0.9760147601476015,0.40464404690954875,0,,,0,
10,25,ordinal_cluster,1,2367,0.9433882551753274,0.9539501478664977,0.9539501478664977,0.4282781147100098,0,,,0,
10,25,ordinal_cluster,2,2459,0.9117527450183002,0.9613664091093941,0.9613664091093941,0.4500380059428673,0,,,0,
10,25,ordinal_cluster,3,2341,0.898334045279795,1.038017941050833,1.038017941050833,0.5230652268973552,0,,,0,
10,25,ordinal_cluster,4,2291,0.8978611959842864,0.9838498472282846,0.9838498472282846,0.5791742399241163,0,,,0,
10,25,linear_structured_final_mondrian,0,542,1,1,1,,1,0.35471998495137635,,1,5
10,25,linear_structured_final_mondrian,1,2367,0.893113645965357,1.9040980143641741,1.915082382762991,0.360142909374091,0,0.4097199849513763,-0.0495770755772853,0,50
10,25,linear_structured_final_mondrian,2,2459,0.9410329402196015,2.010573403822692,3.019113460756405,0.48965191668006625,0,0.46471998495137623,0.024931931728690016,0,50
10,25,linear_structured_final_mondrian,3,2341,0.9350704826997009,2.1072191371208886,4.087996582656984,0.5893432336136091,0,0.5197199849513762,0.0696232486622329,0,50
10,25,linear_structured_final_mondrian,4,2291,0.9161938018332606,2.0349192492361414,4.793103448275862,0.6111135087367571,0,0.5747199849513761,0.036393523785380966,0,50
10,26,independent_mondrian,0,466,0.9871244635193133,0.9871244635193133,0.9871244635193133,0.44802516185967894,0,,,0,
10,26,independent_mondrian,1,2361,0.9169843286742906,0.9339263024142312,0.9339263024142312,0.3799227950869155,0,,,0,
10,26,independent_mondrian,2,2375,0.9381052631578948,1.0206315789473683,1.0206315789473683,0.48820229464955,0,,,0,
10,26,independent_mondrian,3,2411,0.9452509332227291,1.1049357113231024,1.1049357113231024,0.6181958178821478,0,,,0,
10,26,independent_mondrian,4,2387,0.8961038961038961,1.0569752827817345,1.0569752827817345,0.5981987019177261,0,,,0,
10,26,ordinal_cluster,0,466,0.9742489270386266,0.9742489270386266,0.9742489270386266,0.3799227950869155,0,,,0,
10,26,ordinal_cluster,1,2361,0.9377382465057179,0.952562473528166,0.952562473528166,0.4104043846345525,0,,,0,
10,26,ordinal_cluster,2,2375,0.9385263157894737,1.0004210526315789,1.0004210526315789,0.489585922005406,0,,,0,
10,26,ordinal_cluster,3,2411,0.9162173372044795,1.0771464122770635,1.0771464122770635,0.5632491837278111,0,,,0,
10,26,ordinal_cluster,4,2387,0.8973607038123167,1.025974025974026,1.025974025974026,0.5996898003206175,0,,,0,
10,26,linear_structured_final_mondrian,0,466,1,1,1,,1,0.3872001043156578,,1,5
10,26,linear_structured_final_mondrian,1,2361,0.8640406607369758,1.8712409995764507,1.8784413384159255,0.32526770446222353,0,0.4472001043156579,-0.12193239985343435,0,50
10,26,linear_structured_final_mondrian,2,2375,0.9065263157894737,1.9734736842105263,2.970105263157895,0.4416966628571411,0,0.507200104315658,-0.06550344145851689,0,50
10,26,linear_structured_final_mondrian,3,2411,0.9369556200746578,2.092907507258399,4.072169224388221,0.5996898003206175,0,0.567200104315658,0.032489696004959434,0,50
10,26,linear_structured_final_mondrian,4,2387,0.906158357771261,2.057394218684541,4.770423125261835,0.6098999366805518,0,0.6272001043156581,-0.017300167635106334,0,50
10,27,independent_mondrian,0,500,0.932,0.932,0.932,0.3172766473347941,0,,,0,
10,27,independent_mondrian,1,2355,0.8747346072186837,0.883651804670913,0.883651804670913,0.33764697993592185,0,,,0,
10,27,independent_mondrian,2,2386,0.9212070410729254,1.0033528918692372,1.0033528918692372,0.4720840286510291,0,,,0,
10,27,independent_mondrian,3,2380,0.9365546218487395,1.1554621848739495,1.1554621848739495,0.607898369199995,0,,,0,
10,27,independent_mondrian,4,2379,0.9461958806221101,1.0865910046237914,1.0865910046237914,0.6760327039318554,0,,,0,
10,27,ordinal_cluster,0,500,0.948,0.95,0.95,0.33606388360211703,0,,,0,
10,27,ordinal_cluster,1,2355,0.9316348195329087,0.9426751592356688,0.9426751592356688,0.4013626570056934,0,,,0,
10,27,ordinal_cluster,2,2386,0.9237217099748533,0.9886839899413243,0.9886839899413243,0.4758184653759619,0,,,0,
10,27,ordinal_cluster,3,2380,0.9071428571428571,1.0798319327731092,1.0798319327731092,0.5515515486481554,0,,,0,
10,27,ordinal_cluster,4,2379,0.9188734762505254,1.028583438419504,1.028583438419504,0.6118835020973759,0,,,0,
10,27,linear_structured_final_mondrian,0,500,1,1.002,1.002,,1,0.29745974543886033,,1,5
10,27,linear_structured_final_mondrian,1,2355,0.9091295116772824,1.9180467091295117,1.926963906581741,0.3746577793204929,0,0.38495974543886025,-0.010301966118367367,0,50
10,27,linear_structured_final_mondrian,2,2386,0.9224643755238894,2.008382229673093,3.0163453478625315,0.4733647777672627,0,0.47245974543886016,0.0009050323284025552,0,50
10,27,linear_structured_final_mondrian,3,2380,0.9365546218487395,2.1668067226890755,4.144957983193278,0.607898369199995,0,0.5599597454388601,0.04793862376113489,0,50
10,27,linear_structured_final_mondrian,4,2379,0.949978982765868,2.090374106767549,4.881883144178226,0.6905526391796427,0,0.64745974543886,0.043092893740782734,0,50
10,28,independent_mondrian,0,535,0.8990654205607477,0.8990654205607477,0.8990654205607477,0.3158357007307017,0,,,0,
10,28,independent_mondrian,1,2392,0.8988294314381271,0.9105351170568562,0.9105351170568562,0.38263326132353775,0,,,0,
10,28,independent_mondrian,2,2371,0.9185997469422185,0.9700548291859975,0.9700548291859975,0.47114886116433013,0,,,0,
10,28,independent_mondrian,3,2370,0.8932489451476793,1.0523206751054852,1.0523206751054852,0.5200190631311851,0,,,0,
10,28,independent_mondrian,4,2332,0.9065180102915952,0.9939965694682675,0.9939965694682675,0.6042839123136,0,,,0,
10,28,ordinal_cluster,0,535,0.9401869158878504,0.9401869158878504,0.9401869158878504,0.3818371362124032,0,,,0,
10,28,ordinal_cluster,1,2392,0.9239130434782609,0.9372909698996655,0.9372909698996655,0.41382657661497046,0,,,0,
10,28,ordinal_cluster,2,2371,0.9185997469422185,0.9730071699704765,0.9730071699704765,0.47114886116433013,0,,,0,
10,28,ordinal_cluster,3,2370,0.8962025316455696,1.0286919831223629,1.0286919831223629,0.5244285629318137,0,,,0,
10,28,ordinal_cluster,4,2332,0.87221269296741,0.9618353344768439,0.9618353344768439,0.5520399812761556,0,,,0,
10,28,linear_structured_final_mondrian,0,535,1,1,1,,1,0.3083401394066073,,1,5
10,28,linear_structured_final_mondrian,1,2392,0.919732441471572,1.923913043478261,1.9280936454849498,0.40684415400854207,0,0.3808401394066073,0.026004014601934744,0,50
10,28,linear_structured_final_mondrian,2,2371,0.8700970054829186,1.916490932096162,2.8591311682834246,0.4137403038205905,0,0.45334013940660733,-0.03959983558601682,0,50
10,28,linear_structured_final_mondrian,3,2370,0.8738396624472574,2.0147679324894514,3.981012658227848,0.49021795131921636,0,0.5258401394066073,-0.03562218808739098,0,50
10,28,linear_structured_final_mondrian,4,2332,0.9065180102915952,1.982418524871355,4.767581475128645,0.6042839123136,0,0.5983401394066074,0.0059437729069926615,0,50
10,29,independent_mondrian,0,504,0.9543650793650794,0.9543650793650794,0.9543650793650794,0.35063814220416195,0,,,0,
10,29,independent_mondrian,1,2416,0.8990066225165563,0.9052152317880795,0.9052152317880795,0.35986171763652786,0,,,0,
10,29,independent_mondrian,2,2361,0.8831003811944091,0.929690808979246,0.929690808979246,0.42735688488074275,0,,,0,
10,29,independent_mondrian,3,2343,0.8783610755441741,1.0213401621852327,1.0213401621852327,0.491611766476446,0,,,0,
10,29,independent_mondrian,4,2376,0.9082491582491582,0.9869528619528619,0.9869528619528619,0.6058000088951028,0,,,0,
10,29,ordinal_cluster,0,504,0.9543650793650794,0.9543650793650794,0.9543650793650794,0.3521863213945799,0,,,0,
10,29,ordinal_cluster,1,2416,0.9317052980132451,0.9383278145695364,0.9383278145695364,0.40710210402923463,0,,,0,
10,29,ordinal_cluster,2,2361,0.8869123252858958,0.9381617958492164,0.9381617958492164,0.43568389006389663,0,,,0,
10,29,ordinal_cluster,3,2343,0.8758002560819462,0.9786598378147674,0.9786598378147674,0.48896442289127084,0,,,0,
10,29,ordinal_cluster,4,2376,0.8489057239057239,0.9259259259259259,0.9259259259259259,0.511496252405223,0,,,0,
10,29,linear_structured_final_mondrian,0,504,1,1,1,,1,0.35063814220416195,,1,5
10,29,linear_structured_final_mondrian,1,2416,0.8903145695364238,1.8948675496688743,1.8994205298013245,0.3510255298479749,0,0.39813814220416205,-0.047112612356187133,0,50
10,29,linear_structured_final_mondrian,2,2361,0.8775942397289285,1.9224904701397714,2.8695468022024566,0.4217729125900229,0,0.44563814220416215,-0.023865229614139227,0,50
10,29,linear_structured_final_mondrian,3,2343,0.8728126333760137,2.0708493384549724,4.048655569782331,0.4857278664765911,0,0.49313814220416224,-0.007410275727571136,0,50
10,29,linear_structured_final_mondrian,4,2376,0.9427609427609428,2.0176767676767677,4.858164983164984,0.6887496056391421,0,0.5406381422041624,0.14811146343497972,0,50
10,30,independent_mondrian,0,503,0.6759443339960238,0.6759443339960238,0.6759443339960238,0.17738600771123106,0,,,0,
10,30,independent_mondrian,1,2355,0.8853503184713376,0.8993630573248408,0.8993630573248408,0.3536744901294651,0,,,0,
10,30,independent_mondrian,2,2367,0.9345162653147444,0.9759188846641318,0.9759188846641318,0.5015421329872914,0,,,0,
10,30,independent_mondrian,3,2400,0.89375,1.0491666666666666,1.0491666666666666,0.5027893251849965,0,,,0,
10,30,independent_mondrian,4,2375,0.9132631578947369,0.9991578947368421,0.9991578947368421,0.6154703300106942,0,,,0,
10,30,ordinal_cluster,0,503,0.9463220675944334,0.9463220675944334,0.9463220675944334,0.35085447509983414,0,,,0,
10,30,ordinal_cluster,1,2355,0.9409766454352442,0.9503184713375796,0.9503184713375796,0.4221107590726768,0,,,0,
10,30,ordinal_cluster,2,2367,0.9121250528094634,0.9695817490494296,0.9695817490494296,0.4602693770204993,0,,,0,
10,30,ordinal_cluster,3,2400,0.90875,1.02125,1.02125,0.5297940586869482,0,,,0,
10,30,ordinal_cluster,4,2375,0.8589473684210527,0.9541052631578948,0.9541052631578948,0.5481725747303362,0,,,0,
10,30,linear_structured_final_mondrian,0,503,1,1,1,,1,0.2527569003562047,,1,5
10,30,linear_structured_final_mondrian,1,2355,0.8832271762208068,1.8976645435244162,1.9121019108280255,0.35085447509983414,0,0.3552569003562047,-0.004402425256370579,0,50
10,30,linear_structured_final_mondrian,2,2367,0.9357836924376849,1.972961554710604,2.959442332065906,0.5062013291015839,0,0.45775690035620475,0.04844442874537913,0,50
10,30,linear_structured_final_mondrian,3,2400,0.8804166666666666,1.9979166666666666,3.9875,0.48354525941358023,0,0.5602569003562048,-0.07671164094262456,0,50
10,30,linear_structured_final_mondrian,4,2375,0.848421052631579,1.9263157894736842,4.617263157894737,0.5297940586869482,0,0.6627569003562048,-0.13296284166925665,0,50
10,31,independent_mondrian,0,516,0.9922480620155039,0.9941860465116279,0.9941860465116279,0.4976995551183803,0,,,0,
10,31,independent_mondrian,1,2420,0.8628099173553719,0.8809917355371901,0.8809917355371901,0.335777076345,0,,,0,
10,31,independent_mondrian,2,2397,0.9307467667918231,0.9737171464330413,0.9737171464330413,0.4840882787262075,0,,,0,
10,31,independent_mondrian,3,2335,0.8865096359743041,1.006423982869379,1.006423982869379,0.5067745367706551,0,,,0,
10,31,independent_mondrian,4,2332,0.8593481989708405,0.9378216123499142,0.9378216123499142,0.5192707065326647,0,,,0,
10,31,ordinal_cluster,0,516,0.936046511627907,0.939922480620155,0.939922480620155,0.34022395089460317,0,,,0,
10,31,ordinal_cluster,1,2420,0.9450413223140496,0.9524793388429752,0.9524793388429752,0.42417386263686097,0,,,0,
10,31,ordinal_cluster,2,2397,0.9165623696287025,0.9670421360033375,0.9670421360033375,0.45505140193112814,0,,,0,
10,31,ordinal_cluster,3,2335,0.8817987152034261,0.9888650963597431,0.9888650963597431,0.5022049619719061,0,,,0,
10,31,ordinal_cluster,4,2332,0.8494854202401372,0.9262435677530018,0.9262435677530018,0.5067745367706551,0,,,0,
10,31,linear_structured_final_mondrian,0,516,1,1.001937984496124,1.001937984496124,,1,0.28520961948118184,,1,5
10,31,linear_structured_final_mondrian,1,2420,0.9276859504132231,1.9504132231404958,1.9731404958677685,0.40445541446921446,0,0.34270961948118195,0.06174579498803251,0,50
10,31,linear_structured_final_mondrian,2,2397,0.9607843137254902,2.009595327492699,3.016270337922403,0.5585493374313375,0,0.40020961948118206,0.15833971795015545,0,50
10,31,linear_structured_final_mondrian,3,2335,0.8865096359743041,2.046680942184154,4.007280513918629,0.5067745367706551,0,0.45770961948118216,0.04906491728947293,0,50
10,31,linear_structured_final_mondrian,4,2332,0.8756432246998285,1.9541166380789021,4.694253859348199,0.5387617788947994,0,0.5152096194811823,0.023552159413617102,0,50
10,32,independent_mondrian,0,492,0.8861788617886179,0.8861788617886179,0.8861788617886179,0.2926860372274553,0,,,0,
10,32,independent_mondrian,1,2433,0.9005343197698314,0.9058775174681464,0.9058775174681464,0.3708807252340061,0,,,0,
10,32,independent_mondrian,2,2435,0.9203285420944558,0.9811088295687885,0.9811088295687885,0.4652128638069043,0,,,0,
10,32,independent_mondrian,3,2333,0.9207029575653665,1.0767252464637806,1.0767252464637806,0.5558813648645587,0,,,0,
10,32,independent_mondrian,4,2307,0.9245773732119635,1.033810143042913,1.033810143042913,0.6128686544618784,0,,,0,
10,32,ordinal_cluster,0,492,0.9552845528455285,0.9552845528455285,0.9552845528455285,0.3647784733184836,0,,,0,
10,32,ordinal_cluster,1,2433,0.9408138101109741,0.9457459926017263,0.9457459926017263,0.41625740222447355,0,,,0,
10,32,ordinal_cluster,2,2435,0.9051334702258726,0.9544147843942505,0.9544147843942505,0.4467669443832392,0,,,0,
10,32,ordinal_cluster,3,2333,0.896699528504072,1.0265752250321474,1.0265752250321474,0.5182718826809497,0,,,0,
10,32,ordinal_cluster,4,2307,0.8985695708712613,0.9856957087126138,0.9856957087126138,0.5679403507946051,0,,,0,
10,32,linear_structured_final_mondrian,0,492,1,1,1,,1,0.33224507100397777,,1,5
10,32,linear_structured_final_mondrian,1,2433,0.8914919852034525,1.8931360460337032,1.894780106863954,0.3614628253770604,0,0.4072450710039777,-0.045782245626917295,0,50
10,32,linear_structured_final_mondrian,2,2435,0.8928131416837782,1.9679671457905543,2.970841889117043,0.4302436393642173,0,0.4822450710039777,-0.0520014316397604,0,50
10,32,linear_structured_final_mondrian,3,2333,0.9438491213030433,2.060865837976854,4.045863694813545,0.5965163947039739,0,0.5572450710039776,0.03927132369999631,0,50
10,32,linear_structured_final_mondrian,4,2307,0.8899003034243607,2.021239705244907,4.729952319029042,0.5536547463280483,0,0.6322450710039775,-0.07859032467592919,0,50
10,33,independent_mondrian,0,504,0.9940476190476191,0.9940476190476191,0.9940476190476191,0.47713161712154567,0,,,0,
10,33,independent_mondrian,1,2396,0.9252921535893155,0.9428213689482471,0.9428213689482471,0.4111490417740178,0,,,0,
10,33,independent_mondrian,2,2370,0.9126582278481012,0.970042194092827,0.970042194092827,0.4476118762607767,0,,,0,
10,33,independent_mondrian,3,2366,0.9294167371090448,1.0650887573964498,1.0650887573964498,0.5438695605603384,0,,,0,
10,33,independent_mondrian,4,2364,0.9200507614213198,1.0194585448392555,1.0194585448392555,0.6129781888167768,0,,,0,
10,33,ordinal_cluster,0,504,0.9742063492063492,0.9742063492063492,0.9742063492063492,0.4111490417740178,0,,,0,
10,33,ordinal_cluster,1,2396,0.9357262103505843,0.9536727879799666,0.9536727879799666,0.4266275236060076,0,,,0,
10,33,ordinal_cluster,2,2370,0.9367088607594937,0.9949367088607595,0.9949367088607595,0.4904415966225367,0,,,0,
10,33,ordinal_cluster,3,2366,0.9247675401521556,1.0540997464074386,1.0540997464074386,0.5363163890941014,0,,,0,
10,33,ordinal_cluster,4,2364,0.893824027072758,0.9902707275803723,0.9902707275803723,0.5704270230844174,0,,,0,
10,33,linear_structured_final_mondrian,0,504,1,1,1,,1,0.403346563924445,,1,5
10,33,linear_structured_final_mondrian,1,2396,0.9252921535893155,1.931135225375626,1.9369782971619365,0.4111490417740178,0,0.455846563924445,-0.044697522150427216,0,50
10,33,linear_structured_final_mondrian,2,2370,0.8983122362869198,1.9556962025316456,2.943459915611814,0.42783073965913915,0,0.508346563924445,-0.08051582426530585,0,50
10,33,linear_structured_final_mondrian,3,2366,0.9294167371090448,2.055790363482671,4.041842772612004,0.5438695605603384,0,0.560846563924445,-0.01697700336410657,0,50
10,33,linear_structured_final_mondrian,4,2364,0.9179357021996616,2.017343485617597,4.794839255499154,0.6068891726427779,0,0.613346563924445,-0.006457391281667113,0,50
10,34,independent_mondrian,0,521,0.9673704414587332,0.9673704414587332,0.9673704414587332,0.37109239557029244,0,,,0,
10,34,independent_mondrian,1,2389,0.8874005860192549,0.8940979489326077,0.8940979489326077,0.3648511579791712,0,,,0,
10,34,independent_mondrian,2,2322,0.8729543496985357,0.954349698535745,0.954349698535745,0.42123705815638285,0,,,0,
10,34,independent_mondrian,3,2363,0.9360981802793059,1.0592467202708422,1.0592467202708422,0.5904954656142264,0,,,0,
10,34,independent_mondrian,4,2405,0.901039501039501,1.0237006237006236,1.0237006237006236,0.5860945575779369,0,,,0,
10,34,ordinal_cluster,0,521,0.9596928982725528,0.9596928982725528,0.9596928982725528,0.3648511579791712,0,,,0,
10,34,ordinal_cluster,1,2389,0.9175387191293428,0.9259104227710339,0.9259104227710339,0.3986545357277835,0,,,0,
10,34,ordinal_cluster,2,2322,0.8914728682170543,0.9530577088716624,0.9530577088716624,0.4437922524151571,0,,,0,
10,34,ordinal_cluster,3,2363,0.9157850190435887,1.0414727041895895,1.0414727041895895,0.5407310250896592,0,,,0,
10,34,ordinal_cluster,4,2405,0.901039501039501,0.9958419958419958,0.9958419958419958,0.5860945575779369,0,,,0,
10,34,linear_structured_final_mondrian,0,521,1,1,1,,1,0.3134064094228083,,1,5
10,34,linear_structured_final_mondrian,1,2389,0.8874005860192549,1.8928421933863542,1.8982838007534533,0.3648511579791712,0,0.39340640942280836,-0.02855525144363713,0,50
10,34,linear_structured_final_mondrian,2,2322,0.8729543496985357,1.9362618432385874,2.9194659776055123,0.42123705815638285,0,0.4734064094228084,-0.05216935126642558,0,50
10,34,linear_structured_final_mondrian,3,2363,0.9212865002115954,2.0605162928480745,4.0512060939483705,0.5525373709747846,0,0.5534064094228085,-0.0008690384480238844,0,50
10,34,linear_structured_final_mondrian,4,2405,0.9180873180873181,2.017879417879418,4.792099792099792,0.6128080962496548,0,0.6334064094228086,-0.02059831317315375,0,50
10,35,independent_mondrian,0,509,0.8467583497053045,0.8467583497053045,0.8467583497053045,0.26085485552513626,0,,,0,
10,35,independent_mondrian,1,2407,0.8329871208973826,0.8375571250519319,0.8375571250519319,0.3044097675390438,0,,,0,
10,35,independent_mondrian,2,2350,0.8774468085106383,0.9565957446808511,0.9565957446808511,0.4275100459692649,0,,,0,
10,35,independent_mondrian,3,2323,0.9448988377098579,1.0628497632371934,1.0628497632371934,0.5939333617642112,0,,,0,
10,35,independent_mondrian,4,2411,0.8896723351306511,1.0219825798423892,1.0219825798423892,0.5730595833142917,0,,,0,
10,35,ordinal_cluster,0,509,0.9017681728880157,0.9017681728880157,0.9017681728880157,0.3036292702108351,0,,,0,
10,35,ordinal_cluster,1,2407,0.891566265060241,0.8977980889073536,0.8977980889073536,0.3564958184261894,0,,,0,
10,35,ordinal_cluster,2,2350,0.8889361702127659,0.9468085106382979,0.9468085106382979,0.4391391671809104,0,,,0,
10,35,ordinal_cluster,3,2323,0.9173482565647869,1.0374515712440808,1.0374515712440808,0.5413737380551262,0,,,0,
10,35,ordinal_cluster,4,2411,0.8896723351306511,0.9933637494815429,0.9933637494815429,0.5730595833142917,0,,,0,
10,35,linear_structured_final_mondrian,0,509,1,1,1,,1,0.23442767536832465,,1,5
10,35,linear_structured_final_mondrian,1,2407,0.891566265060241,1.8957208142916493,1.8998753635230579,0.3564958184261894,0,0.32192767536832456,0.03456814305786482,0,50
10,35,linear_structured_final_mondrian,2,2350,0.8774468085106383,1.9608510638297871,2.960851063829787,0.4275100459692649,0,0.4094276753683245,0.018082370600940423,0,50
10,35,linear_structured_final_mondrian,3,2323,0.9448988377098579,2.0727507533362033,4.063710718897977,0.5939333617642112,0,0.4969276753683244,0.0970056863958868,0,50
10,35,linear_structured_final_mondrian,4,2411,0.901285773537951,2.033596018249689,4.764413106594774,0.5951966033844719,0,0.5844276753683243,0.010768928016147594,0,50
10,36,independent_mondrian,0,497,0.9275653923541247,0.9275653923541247,0.9275653923541247,0.32847704030842895,0,,,0,
10,36,independent_mondrian,1,2333,0.9275610801543077,0.9318474067723961,0.9318474067723961,0.39983952438276416,0,,,0,
10,36,independent_mondrian,2,2434,0.9009860312243221,0.9675431388660641,0.9675431388660641,0.44944453940918305,0,,,0,
10,36,independent_mondrian,3,2285,0.9321663019693655,1.0603938730853393,1.0603938730853393,0.5646711731670893,0,,,0,
10,36,independent_mondrian,4,2451,0.9028967768257854,1.018359853121175,1.018359853121175,0.5955131925039799,0,,,0,
10,36,ordinal_cluster,0,497,0.9577464788732394,0.9577464788732394,0.9577464788732394,0.3983796080867134,0,,,0,
10,36,ordinal_cluster,1,2333,0.9408486926703815,0.9481354479211316,0.9481354479211316,0.4227444605612902,0,,,0,
10,36,ordinal_cluster,2,2434,0.9087921117502055,0.9663105998356615,0.9663105998356615,0.4595758796368337,0,,,0,
10,36,ordinal_cluster,3,2285,0.912472647702407,1.0319474835886215,1.0319474835886215,0.5342681545178862,0,,,0,
10,36,ordinal_cluster,4,2451,0.8771929824561403,0.9747042023663811,0.9747042023663811,0.5658425504895654,0,,,0,
10,36,linear_structured_final_mondrian,0,497,1,1,1,,1,0.3183425504895654,,1,5
10,36,linear_structured_final_mondrian,1,2333,0.8272610372910416,1.8294042006000857,1.83154736390913,0.30577067102626176,0,0.4008425504895654,-0.09507187946330364,0,50
10,36,linear_structured_final_mondrian,2,2434,0.88126540673788,1.9116680361544782,2.8447000821692687,0.4265452212697596,0,0.4833425504895654,-0.05679732921980585,0,50
10,36,linear_structured_final_mondrian,3,2285,0.8796498905908097,2.0026258205689276,3.9715536105032823,0.48458446105048,0,0.5658425504895654,-0.08125808943908547,0,50
10,36,linear_structured_final_mondrian,4,2451,0.9028967768257854,1.9808241534067728,4.757241942064463,0.5955131925039799,0,0.6483425504895655,-0.05282935798558552,0,50
10,37,independent_mondrian,0,475,0.9452631578947368,0.9452631578947368,0.9452631578947368,0.33097459741260393,0,,,0,
10,37,independent_mondrian,1,2398,0.8944954128440367,0.8974145120934112,0.8974145120934112,0.3723974850937605,0,,,0,
10,37,independent_mondrian,2,2388,0.8257956448911222,0.8881909547738693,0.8881909547738693,0.3643815982420411,0,,,0,
10,37,independent_mondrian,3,2451,0.937984496124031,1.0208078335373316,1.0208078335373316,0.5765395484649192,0,,,0,
10,37,independent_mondrian,4,2288,0.8492132867132867,0.9847027972027972,0.9847027972027972,0.5301630974450442,0,,,0,
10,37,ordinal_cluster,0,475,0.9515789473684211,0.9515789473684211,0.9515789473684211,0.3405949948709435,0,,,0,
10,37,ordinal_cluster,1,2398,0.8840700583819849,0.896163469557965,0.896163469557965,0.3574830066371662,0,,,0,
10,37,ordinal_cluster,2,2388,0.9078726968174204,0.9430485762144054,0.9430485762144054,0.4552586572775386,0,,,0,
10,37,ordinal_cluster,3,2451,0.8955528355773154,1.0097919216646267,1.0097919216646267,0.5007384965970236,0,,,0,
10,37,ordinal_cluster,4,2288,0.8653846153846154,0.9571678321678322,0.9571678321678322,0.555405123395534,0,,,0,
10,37,linear_structured_final_mondrian,0,475,1,1,1,,1,0.23049601490977717,,1,5
10,37,linear_structured_final_mondrian,1,2398,0.9040867389491243,1.908256880733945,1.9124270225187656,0.38563028543288874,0,0.3129960149097772,0.07263427052311155,0,50
10,37,linear_structured_final_mondrian,2,2388,0.8417085427135679,1.9292294807370185,2.911641541038526,0.3782545632951063,0,0.3954960149097772,-0.01724145161467089,0,50
10,37,linear_structured_final_mondrian,3,2451,0.9608323133414932,2.0134638922888617,4.0138718890248875,0.6292183803366114,0,0.4779960149097772,0.15122236542683415,0,50
10,37,linear_structured_final_mondrian,4,2288,0.7456293706293706,1.909527972027972,4.381118881118881,0.427077756478276,0,0.5604960149097773,-0.1334182584315013,0,50
10,38,independent_mondrian,0,552,0.9510869565217391,0.9528985507246377,0.9528985507246377,0.37020954774521697,0,,,0,
10,38,independent_mondrian,1,2425,0.9220618556701031,0.9282474226804124,0.9282474226804124,0.3791095595397722,0,,,0,
10,38,independent_mondrian,2,2247,0.8954161103693814,0.9666221628838452,0.9666221628838452,0.44626587420035413,0,,,0,
10,38,independent_mondrian,3,2361,0.9436679373146971,1.0669207962727658,1.0669207962727658,0.5939512756924941,0,,,0,
10,38,independent_mondrian,4,2415,0.8906832298136645,1.0347826086956522,1.0347826086956522,0.5678680971840385,0,,,0,
10,38,ordinal_cluster,0,552,0.9528985507246377,0.9547101449275363,0.9547101449275363,0.37904879013531456,0,,,0,
10,38,ordinal_cluster,1,2425,0.9439175257731959,0.9505154639175257,0.9505154639175257,0.4159962914781463,0,,,0,
10,38,ordinal_cluster,2,2247,0.8954161103693814,0.9461504227859368,0.9461504227859368,0.4463233200604001,0,,,0,
10,38,ordinal_cluster,3,2361,0.902583650995341,1.0355781448538754,1.0355781448538754,0.5200006598177702,0,,,0,
10,38,ordinal_cluster,4,2415,0.8981366459627329,0.9946169772256729,0.9946169772256729,0.5824775381848292,0,,,0,
10,38,linear_structured_final_mondrian,0,552,1,1.0018115942028984,1.0018115942028984,,1,0.24727225935079228,,1,5
10,38,linear_structured_final_mondrian,1,2425,0.9360824742268041,1.9414432989690722,1.9468041237113403,0.3995801878213248,0,0.33727225935079236,0.06230792847053246,0,50
10,38,linear_structured_final_mondrian,2,2247,0.9012016021361816,1.973297730307076,2.9617267467734756,0.4542876034027786,0,0.42727225935079244,0.027015344051986134,0,50
10,38,linear_structured_final_mondrian,3,2361,0.9436679373146971,2.0686149936467597,4.05124947056332,0.5939512756924941,0,0.5172722593507926,0.07667901634170149,0,50
10,38,linear_structured_final_mondrian,4,2415,0.8906832298136645,2.034782608695652,4.745341614906832,0.5678680971840385,0,0.6072722593507927,-0.03940416216675413,0,50
10,39,independent_mondrian,0,519,0.9113680154142582,0.9113680154142582,0.9113680154142582,0.3033069399283266,0,,,0,
10,39,independent_mondrian,1,2446,0.8659035159443991,0.8728536385936222,0.8728536385936222,0.3431790917811318,0,,,0,
10,39,independent_mondrian,2,2369,0.89489235964542,1.0206838328408612,1.0206838328408612,0.44271965850928446,0,,,0,
10,39,independent_mondrian,3,2334,0.9755784061696658,1.0964010282776349,1.0964010282776349,0.6981072891159023,0,,,0,
10,39,independent_mondrian,4,2332,0.8897941680960549,1.082761578044597,1.082761578044597,0.5610848394748962,0,,,0,
10,39,ordinal_cluster,0,519,0.9479768786127167,0.9479768786127167,0.9479768786127167,0.33857337936614723,0,,,0,
10,39,ordinal_cluster,1,2446,0.9002452984464432,0.9129190515126737,0.9129190515126737,0.3744361179034374,0,,,0,
10,39,ordinal_cluster,2,2369,0.9235964542000844,0.9835373575348249,0.9835373575348249,0.4841192109371449,0,,,0,
10,39,ordinal_cluster,3,2334,0.9185946872322194,1.082262210796915,1.082262210796915,0.5588461094910359,0,,,0,
10,39,ordinal_cluster,4,2332,0.9262435677530018,1.0330188679245282,1.0330188679245282,0.6228509852255771,0,,,0,
10,39,linear_structured_final_mondrian,0,519,1,1,1,,1,0.20107337936614728,,1,5
10,39,linear_structured_final_mondrian,1,2446,0.875306623058054,1.8785772690106295,1.8818479149632052,0.3488416527862452,0,0.33857337936614723,0.01026827342009795,0,50
10,39,linear_structured_final_mondrian,2,2369,0.8619670747150696,2.016462642465175,3.0016884761502745,0.3989233667680335,0,0.4760733793661472,-0.07715001259811366,0,50
10,39,linear_structured_final_mondrian,3,2334,0.9811482433590403,2.0728363324764354,4.049271636675235,0.736567311031834,0,0.6135733793661471,0.12299393166568695,0,50
10,39,linear_structured_final_mondrian,4,2332,0.8563464837049742,2.0849056603773586,4.6415094339622645,0.5116406831651065,0,0.751073379366147,-0.23943269620104057,0,50
10,40,independent_mondrian,0,533,0.5647279549718575,0.5647279549718575,0.5647279549718575,0.1359080876673199,0,,,0,
10,40,independent_mondrian,1,2355,0.9397027600849257,0.9498938428874735,0.9498938428874735,0.4155630632215741,0,,,0,
10,40,independent_mondrian,2,2385,0.9224318658280922,0.9807127882599581,0.9807127882599581,0.46566119678798384,0,,,0,
10,40,independent_mondrian,3,2375,0.9166315789473685,1.0770526315789473,1.0770526315789473,0.5558104377820652,0,,,0,
10,40,independent_mondrian,4,2352,0.9111394557823129,1.0204081632653061,1.0204081632653061,0.6183279530469125,0,,,0,
10,40,ordinal_cluster,0,533,0.9624765478424016,0.9624765478424016,0.9624765478424016,0.38313851405200355,0,,,0,
10,40,ordinal_cluster,1,2355,0.9503184713375796,0.9643312101910828,0.9643312101910828,0.43432041472493144,0,,,0,
10,40,ordinal_cluster,2,2385,0.929979035639413,0.9890985324947589,0.9890985324947589,0.4788531224364716,0,,,0,
10,40,ordinal_cluster,3,2375,0.9132631578947369,1.0669473684210526,1.0669473684210526,0.5526650595471704,0,,,0,
10,40,ordinal_cluster,4,2352,0.8979591836734694,1.0051020408163265,1.0051020408163265,0.5930380335118106,0,,,0,
10,40,linear_structured_final_mondrian,0,533,1,1,1,,1,0.31566119678798393,,1,5
10,40,linear_structured_final_mondrian,1,2355,0.9397027600849257,1.9571125265392781,1.9745222929936306,0.4155630632215741,0,0.3906611967879839,0.024901866433590214,0,50
10,40,linear_structured_final_mondrian,2,2385,0.9488469601677149,1.9874213836477987,2.9840670859538783,0.519818893513989,0,0.46566119678798384,0.05415769672600518,0,50
10,40,linear_structured_final_mondrian,3,2375,0.864421052631579,2.0976842105263156,4.096842105263158,0.4811115470194039,0,0.5406611967879837,-0.05954964976857985,0,50
10,40,linear_structured_final_mondrian,4,2352,0.9417517006802721,2.0195578231292517,4.86139455782313,0.6938749561315448,0,0.6156611967879837,0.07821375934356112,0,50
10,41,independent_mondrian,0,496,0.9495967741935484,0.9495967741935484,0.9495967741935484,0.3438355093697347,0,,,0,
10,41,independent_mondrian,1,2391,0.9084065244667503,0.9272271016311167,0.9272271016311167,0.3774284361579506,0,,,0,
10,41,independent_mondrian,2,2340,0.9547008547008548,0.9816239316239316,0.9816239316239316,0.5189913227287227,0,,,0,
10,41,independent_mondrian,3,2389,0.86856425282545,1.022603599832566,1.022603599832566,0.47892015012617617,0,,,0,
10,41,independent_mondrian,4,2384,0.9056208053691275,0.9714765100671141,0.9714765100671141,0.575244919958505,0,,,0,
10,41,ordinal_cluster,0,496,0.9637096774193549,0.9637096774193549,0.9637096774193549,0.37083678741977294,0,,,0,
10,41,ordinal_cluster,1,2391,0.9468841488916772,0.9569217900460059,0.9569217900460059,0.4298905045196546,0,,,0,
10,41,ordinal_cluster,2,2340,0.9256410256410257,0.9645299145299145,0.9645299145299145,0.4665700931656394,0,,,0,
10,41,ordinal_cluster,3,2389,0.8928421933863542,0.991628296358309,0.991628296358309,0.5031932379143723,0,,,0,
10,41,ordinal_cluster,4,2384,0.8561241610738255,0.9312080536912751,0.9312080536912751,0.5018948638477821,0,,,0,
10,41,linear_structured_final_mondrian,0,496,1,1,1,,1,0.3155696376463254,,1,5
10,41,linear_structured_final_mondrian,1,2391,0.946047678795483,1.9552488498536178,1.9644500209117524,0.4295642667713638,0,0.3880696376463254,0.041494629125038374,0,50
10,41,linear_structured_final_mondrian,2,2340,0.9431623931623931,1.9747863247863249,2.9581196581196583,0.4947805224707913,0,0.4605696376463254,0.03421088482446588,0,50
10,41,linear_structured_final_mondrian,3,2389,0.8652155713687736,2.0092088740058602,4.001674340728338,0.4714379381847928,0,0.5330696376463254,-0.06163169946153263,0,50
10,41,linear_structured_final_mondrian,4,2384,0.9056208053691275,1.9677013422818792,4.772231543624161,0.575244919958505,0,0.6055696376463254,-0.030324717687820413,0,50
10,42,independent_mondrian,0,515,0.8310679611650486,0.8310679611650486,0.8310679611650486,0.25614458658971173,0,,,0,
10,42,independent_mondrian,1,2362,0.9017781541066893,0.9051651143099069,0.9051651143099069,0.37446807447102914,0,,,0,
10,42,independent_mondrian,2,2379,0.8894493484657419,0.9390500210172341,0.9390500210172341,0.426446308293068,0,,,0,
10,42,independent_mondrian,3,2408,0.9161129568106312,1.0083056478405317,1.0083056478405317,0.5441714940206508,0,,,0,
10,42,independent_mondrian,4,2336,0.8189212328767124,0.9306506849315068,0.9306506849315068,0.4914710755835011,0,,,0,
10,42,ordinal_cluster,0,515,0.9300970873786408,0.9300970873786408,0.9300970873786408,0.3386114868028373,0,,,0,
10,42,ordinal_cluster,1,2362,0.9068585944115156,0.9106689246401355,0.9106689246401355,0.3801471284463902,0,,,0,
10,42,ordinal_cluster,2,2379,0.8894493484657419,0.9306431273644389,0.9306431273644389,0.426446308293068,0,,,0,
10,42,ordinal_cluster,3,2408,0.8837209302325582,0.9879568106312292,0.9879568106312292,0.49325762266252093,0,,,0,
10,42,ordinal_cluster,4,2336,0.8467465753424658,0.9285102739726028,0.9285102739726028,0.5215836060114899,0,,,0,
10,42,linear_structured_final_mondrian,0,515,1,1,1,,1,0.3144680744710291,,1,5
10,42,linear_structured_final_mondrian,1,2362,0.9220999153259949,1.9246401354784082,1.9271803556308214,0.396715569553401,0,0.37446807447102914,0.022247495082371838,0,50
10,42,linear_structured_final_mondrian,2,2379,0.8717948717948718,1.9188734762505255,2.8612862547288778,0.4048508308709558,0,0.4344680744710292,-0.029617243600073395,0,50
10,42,linear_structured_final_mondrian,3,2408,0.9032392026578073,1.967607973421927,3.896594684385382,0.5215836060114899,0,0.49446807447102925,0.027115531540460647,0,50
10,42,linear_structured_final_mondrian,4,2336,0.7345890410958904,1.834332191780822,4.2375856164383565,0.4101064999457069,0,0.5544680744710293,-0.1443615745253224,0,50
10,43,independent_mondrian,0,467,0.9764453961456103,0.9764453961456103,0.9764453961456103,0.4034663236385543,0,,,0,
10,43,independent_mondrian,1,2417,0.8278858088539511,0.8394704178733968,0.8394704178733968,0.3146253977050353,0,,,0,
10,43,independent_mondrian,2,2393,0.9084830756372754,0.956122022565817,0.956122022565817,0.4710563550983119,0,,,0,
10,43,independent_mondrian,3,2347,0.8883681295270558,1.068172134639966,1.068172134639966,0.4965750702845776,0,,,0,
10,43,independent_mondrian,4,2376,0.9271885521885522,1.0054713804713804,1.0054713804713804,0.642402305992809,0,,,0,
10,43,ordinal_cluster,0,467,0.9229122055674518,0.9250535331905781,0.9250535331905781,0.3146253977050353,0,,,0,
10,43,ordinal_cluster,1,2417,0.9470417873396773,0.9553165080678527,0.9553165080678527,0.4366249771900766,0,,,0,
10,43,ordinal_cluster,2,2393,0.8938570831592144,0.9623903050564145,0.9623903050564145,0.4522766233473763,0,,,0,
10,43,ordinal_cluster,3,2347,0.9088197699190456,1.0293992330634854,1.0293992330634854,0.5281806161738668,0,,,0,
10,43,ordinal_cluster,4,2376,0.8800505050505051,0.9722222222222222,0.9722222222222222,0.5541124870472693,0,,,0,
10,43,linear_structured_final_mondrian,0,467,1,1,1,,1,0.3849372744931368,,1,5
10,43,linear_structured_final_mondrian,1,2417,0.7881671493587091,1.7976830781961108,1.8071990070335127,0.2884472879582204,0,0.42493727449313684,-0.13648998653491645,0,50
10,43,linear_structured_final_mondrian,2,2393,0.914751358127873,1.9882992060175513,2.9941496030087755,0.4823509682096581,0,0.4649372744931369,0.01741369371652124,0,50
10,43,linear_structured_final_mondrian,3,2347,0.9386450788240307,2.1350660417554326,4.1205794631444395,0.573485609571658,0,0.5049372744931369,0.0685483350785211,0,50
10,43,linear_structured_final_mondrian,4,2376,0.9339225589225589,2.0484006734006734,4.831649831649831,0.6578611080861223,0,0.5449372744931369,0.11292383359298541,0,50
10,44,independent_mondrian,0,487,0.9609856262833676,0.9609856262833676,0.9609856262833676,0.3815448315016574,0,,,0,
10,44,independent_mondrian,1,2414,0.9055509527754764,0.9134217067108533,0.9134217067108533,0.37152069300560003,0,,,0,
10,44,independent_mondrian,2,2306,0.922376409366869,0.9826539462272333,0.9826539462272333,0.4752301342189321,0,,,0,
10,44,independent_mondrian,3,2444,0.9108019639934534,1.113747954173486,1.113747954173486,0.5371874132787313,0,,,0,
10,44,independent_mondrian,4,2349,0.9399744572158365,1.0412941677309493,1.0412941677309493,0.6706494566365353,0,,,0,
10,44,ordinal_cluster,0,487,0.9568788501026694,0.9568788501026694,0.9568788501026694,0.37152069300560003,0,,,0,
10,44,ordinal_cluster,1,2414,0.9407622203811102,0.9465617232808616,0.9465617232808616,0.424573749646751,0,,,0,
10,44,ordinal_cluster,2,2306,0.9019947961838681,0.9709453599306158,0.9709453599306158,0.44394845162647345,0,,,0,
10,44,ordinal_cluster,3,2444,0.92430441898527,1.0773322422258593,1.0773322422258593,0.5555373384605946,0,,,0,
10,44,ordinal_cluster,4,2349,0.918688803746275,1.0310770540655598,1.0310770540655598,0.6108030376677048,0,,,0,
10,44,linear_structured_final_mondrian,0,487,1,1,1,,1,0.251990171685953,,1,5
10,44,linear_structured_final_mondrian,1,2414,0.9304059652029826,1.9349627174813588,1.9395194697597349,0.4070854291067326,0,0.35449017168595304,0.052595257420779584,0,50
10,44,linear_structured_final_mondrian,2,2306,0.8998265394622723,1.9588031222896791,2.9514310494362532,0.4414028708078852,0,0.4569901716859531,-0.015587300878067867,0,50
10,44,linear_structured_final_mondrian,3,2444,0.9038461538461539,2.1624386252045826,4.150981996726678,0.527665436475083,0,0.559490171685953,-0.03182473521087004,0,50
10,44,linear_structured_final_mondrian,4,2349,0.9646658152405279,2.0621541081311197,4.911025968497233,0.7509220213963202,0,0.6619901716859531,0.08893184971036716,0,50
10,45,independent_mondrian,0,479,0.7014613778705637,0.7014613778705637,0.7014613778705637,0.19910709141728028,0,,,0,
10,45,independent_mondrian,1,2354,0.8589634664401019,0.864910790144435,0.864910790144435,0.329649232787393,0,,,0,
10,45,independent_mondrian,2,2418,0.8573200992555832,0.9267990074441688,0.9267990074441688,0.3967069438284159,0,,,0,
10,45,independent_mondrian,3,2377,0.9364745477492638,1.0399663441312579,1.0399663441312579,0.5803253179210264,0,,,0,
10,45,independent_mondrian,4,2372,0.8785834738617201,1.0075885328836425,1.0075885328836425,0.558298904352001,0,,,0,
10,45,ordinal_cluster,0,479,0.9311064718162839,0.9311064718162839,0.9311064718162839,0.31545992275024276,0,,,0,
10,45,ordinal_cluster,1,2354,0.9129141886151232,0.923534409515718,0.923534409515718,0.38538171086611983,0,,,0,
10,45,ordinal_cluster,2,2418,0.8974358974358975,0.9503722084367245,0.9503722084367245,0.44500234095724756,0,,,0,
10,45,ordinal_cluster,3,2377,0.8880942364324779,1.006310475389146,1.006310475389146,0.5089345449693563,0,,,0,
10,45,ordinal_cluster,4,2372,0.8790050590219224,0.9700674536256324,0.9700674536256324,0.5591433876530949,0,,,0,
10,45,linear_structured_final_mondrian,0,479,1,1,1,,1,0.21389311568117475,,1,5
10,45,linear_structured_final_mondrian,1,2354,0.8330501274426508,1.8440951571792694,1.855140186915888,0.3093591168211717,0,0.3313931156811747,-0.022033998860003012,0,50
10,45,linear_structured_final_mondrian,2,2418,0.91232423490488,1.945409429280397,2.91645988420182,0.46610118486638136,0,0.4488931156811746,0.01720806918520673,0,50
10,45,linear_structured_final_mondrian,3,2377,0.8493899873790492,1.9511989903239377,3.85864535128313,0.4642107298930461,0,0.5663931156811746,-0.10218238578812844,0,50
10,45,linear_structured_final_mondrian,4,2372,0.8216694772344013,1.892495784148398,4.499156829679595,0.4903985161697363,0,0.6838931156811745,-0.19349459951143821,0,50
10,46,independent_mondrian,0,472,0.9470338983050848,0.9470338983050848,0.9470338983050848,0.32257598279970673,0,,,0,
10,46,independent_mondrian,1,2370,0.8535864978902954,0.860337552742616,0.860337552742616,0.3246520764308118,0,,,0,
10,46,independent_mondrian,2,2389,0.8936793637505233,0.9388865634156551,0.9388865634156551,0.4374353395142677,0,,,0,
10,46,independent_mondrian,3,2373,0.9110830172777076,1.0906026127265065,1.0906026127265065,0.5298539365929119,0,,,0,
10,46,independent_mondrian,4,2396,0.9265442404006677,1.0225375626043405,1.0225375626043405,0.6520728934353771,0,,,0,
10,46,ordinal_cluster,0,472,0.9470338983050848,0.9470338983050848,0.9470338983050848,0.32257598279970673,0,,,0,
10,46,ordinal_cluster,1,2370,0.9223628691983122,0.9291139240506329,0.9291139240506329,0.39212295476990044,0,,,0,
10,46,ordinal_cluster,2,2389,0.8936793637505233,0.9464210966931771,0.9464210966931771,0.4374353395142677,0,,,0,
10,46,ordinal_cluster,3,2373,0.909818794774547,1.0252844500632112,1.0252844500632112,0.5275786349308446,0,,,0,
10,46,ordinal_cluster,4,2396,0.8743739565943238,0.9686978297161937,0.9686978297161937,0.5573349353581664,0,,,0,
10,46,linear_structured_final_mondrian,0,472,1,1,1,,1,0.26848492383040357,,1,5
10,46,linear_structured_final_mondrian,1,2370,0.8105485232067511,1.8168776371308017,1.8232067510548524,0.2957498887328785,0,0.3659849238304035,-0.07023503509752499,0,50
10,46,linear_structured_final_mondrian,2,2389,0.8878191712013395,1.9347007115948096,2.907911259941398,0.42747375078968125,0,0.4634849238304034,-0.036011173040722155,0,50
10,46,linear_structured_final_mondrian,3,2373,0.9140328697850821,2.020227560050569,4.017277707543195,0.5379765217463142,0,0.5609849238304033,-0.023008402084089163,0,50
10,46,linear_structured_final_mondrian,4,2396,0.8639398998330551,1.9628547579298832,4.662353923205342,0.5419833839265106,0,0.6584849238304032,-0.11650153990389267,0,50
10,47,independent_mondrian,0,484,0.96900826446281,0.96900826446281,0.96900826446281,0.3692008108204701,0,,,0,
10,47,independent_mondrian,1,2395,0.8876826722338205,0.8956158663883089,0.8956158663883089,0.3562098953965149,0,,,0,
10,47,independent_mondrian,2,2344,0.8929180887372014,0.9424061433447098,0.9424061433447098,0.4489924957499697,0,,,0,
10,47,independent_mondrian,3,2350,0.8991489361702127,1.0936170212765957,1.0936170212765957,0.5203311873328548,0,,,0,
10,47,independent_mondrian,4,2427,0.9381953028430161,1.0280181293778328,1.0280181293778328,0.676085217337637,0,,,0,
10,47,ordinal_cluster,0,484,0.9628099173553719,0.9628099173553719,0.9628099173553719,0.3562098953965149,0,,,0,
10,47,ordinal_cluster,1,2395,0.9210855949895616,0.9286012526096034,0.9286012526096034,0.3883452300388621,0,,,0,
10,47,ordinal_cluster,2,2344,0.8929180887372014,0.9458191126279863,0.9458191126279863,0.4489924957499697,0,,,0,
10,47,ordinal_cluster,3,2350,0.8991489361702127,1.0127659574468084,1.0127659574468084,0.5203311873328548,0,,,0,
10,47,ordinal_cluster,4,2427,0.8726823238566132,0.9625051503914297,0.9625051503914297,0.5446259940975436,0,,,0,
10,47,linear_structured_final_mondrian,0,484,1,1,1,,1,0.2524768100639311,,1,5
10,47,linear_structured_final_mondrian,1,2395,0.8542797494780794,1.8563674321503132,1.858455114822547,0.32821440082635067,0,0.359976810063931,-0.031762409237580336,0,50
10,47,linear_structured_final_mondrian,2,2344,0.8203924914675768,1.8609215017064846,2.7427474402730376,0.36938098720906165,0,0.46747681006393094,-0.09809582285486929,0,50
10,47,linear_structured_final_mondrian,3,2350,0.8863829787234042,2.0782978723404257,4.035744680851064,0.49993104133907934,0,0.5749768100639309,-0.07504576872485152,0,50
10,47,linear_structured_final_mondrian,4,2427,0.9505562422744128,2.0317264112072517,4.864029666254635,0.7042297664180289,0,0.6824768100639308,0.02175295635409813,0,50
10,48,independent_mondrian,0,473,0.919661733615222,0.919661733615222,0.919661733615222,0.31943225889965615,0,,,0,
10,48,independent_mondrian,1,2380,0.8777310924369748,0.8831932773109243,0.8831932773109243,0.3404398220230819,0,,,0,
10,48,independent_mondrian,2,2384,0.8561241610738255,0.9089765100671141,0.9089765100671141,0.39559207222097764,0,,,0,
10,48,independent_mondrian,3,2321,0.9052132701421801,1.050840155105558,1.050840155105558,0.5432358374730737,0,,,0,
10,48,independent_mondrian,4,2442,0.9148239148239148,1.0262080262080262,1.0262080262080262,0.6192822323700332,0,,,0,
10,48,ordinal_cluster,0,473,0.9344608879492601,0.9344608879492601,0.9344608879492601,0.338575383344272,0,,,0,
10,48,ordinal_cluster,1,2380,0.8945378151260505,0.9004201680672269,0.9004201680672269,0.3578017601327276,0,,,0,
10,48,ordinal_cluster,2,2384,0.8695469798657718,0.9249161073825504,0.9249161073825504,0.4083294691164647,0,,,0,
10,48,ordinal_cluster,3,2321,0.9077983627746661,1.032313657906075,1.032313657906075,0.5473847886905441,0,,,0,
10,48,ordinal_cluster,4,2442,0.8853398853398854,0.9987714987714987,0.9987714987714987,0.5661245076751417,0,,,0,
10,48,linear_structured_final_mondrian,0,473,1,1,1,,1,0.2804398220230818,,1,5
10,48,linear_structured_final_mondrian,1,2380,0.8760504201680672,1.880672268907563,1.8852941176470588,0.338575383344272,0,0.3404398220230819,-0.0018644386788098655,0,50
10,48,linear_structured_final_mondrian,2,2384,0.8825503355704698,1.9865771812080537,2.9823825503355703,0.42723820755750214,0,0.4004398220230819,0.02679838553442021,0,50
10,48,linear_structured_final_mondrian,3,2321,0.958207669108143,2.177078845325291,4.161137440758294,0.6597497971753096,0,0.460439822023082,0.1993099751522276,0,50
10,48,linear_structured_final_mondrian,4,2442,0.9508599508599509,2.1437346437346436,4.867321867321867,0.7093500163273346,0,0.520439822023082,0.1889101943042526,0,50
10,49,independent_mondrian,0,512,0.9921875,0.994140625,0.994140625,0.4606058204578511,0,,,0,
10,49,independent_mondrian,1,2394,0.8809523809523809,0.9005847953216374,0.9005847953216374,0.36399591704735385,0,,,0,
10,49,independent_mondrian,2,2463,0.9053999187982136,0.9488428745432399,0.9488428745432399,0.4387802456482249,0,,,0,
10,49,independent_mondrian,3,2299,0.8929969551979121,0.9921705089169204,0.9921705089169204,0.5232743134715475,0,,,0,
10,49,independent_mondrian,4,2332,0.8297598627787307,0.926672384219554,0.926672384219554,0.5023357166283808,0,,,0,
10,49,ordinal_cluster,0,512,0.962890625,0.96484375,0.96484375,0.36399591704735385,0,,,0,
10,49,ordinal_cluster,1,2394,0.9235588972431078,0.9373433583959899,0.9373433583959899,0.41368579930906446,0,,,0,
10,49,ordinal_cluster,2,2463,0.9102720259845717,0.951278928136419,0.951278928136419,0.44521842564871666,0,,,0,
10,49,ordinal_cluster,3,2299,0.8751631143975641,0.983906046107003,0.983906046107003,0.49619371497648396,0,,,0,
10,49,ordinal_cluster,4,2332,0.8421955403087479,0.9292452830188679,0.9292452830188679,0.5190079105148829,0,,,0,
10,49,linear_structured_final_mondrian,0,512,1,1,1,,1,0.3066054938756936,,1,5
10,49,linear_structured_final_mondrian,1,2394,0.866750208855472,1.8734335839598997,1.8801169590643274,0.34883768454985453,0,0.3741054938756935,-0.02526780932583894,0,50
10,49,linear_structured_final_mondrian,2,2463,0.8948436865611044,1.9338205440519691,2.892001624035729,0.42264430282995585,0,0.44160549387569337,-0.018961191045737513,0,50
10,49,linear_structured_final_mondrian,3,2299,0.8856024358416703,2.0204436711613747,3.9847759895606787,0.5129073868830352,0,0.5091054938756933,0.0038018930073419055,0,50
10,49,linear_structured_final_mondrian,4,2332,0.8906518010291595,1.9854202401372212,4.732418524871355,0.5863654748007046,0,0.5766054938756932,0.009759980925011402,0,50
5,0,independent_mondrian,0,510,1,1.0019607843137255,1.0019607843137255,,1,,,0,
5,0,independent_mondrian,1,2454,0.895680521597392,1.9074979625101876,1.919315403422983,0.3610056111375037,0,,,0,
5,0,independent_mondrian,2,2409,0.9202988792029888,1.9688667496886676,2.9688667496886674,0.4808084444873247,0,,,0,
5,0,independent_mondrian,3,2270,0.8969162995594714,2.0955947136563875,4.093392070484581,0.5220065784494976,0,,,0,
5,0,independent_mondrian,4,2357,0.9342384386932542,2.025456088247773,4.8222316504030545,0.6698340917528317,0,,,0,
5,0,ordinal_cluster,0,510,0.9588235294117647,0.9607843137254902,0.9607843137254902,0.3610056111375037,0,,,0,
5,0,ordinal_cluster,1,2454,0.9474327628361858,0.9572127139364304,0.9572127139364304,0.428510378347585,0,,,0,
5,0,ordinal_cluster,2,2409,0.9090909090909091,0.9784142797841427,0.9784142797841427,0.461381776906164,0,,,0,
5,0,ordinal_cluster,3,2270,0.9220264317180616,1.062555066079295,1.062555066079295,0.5591424844525787,0,,,0,
5,0,ordinal_cluster,4,2357,0.8922358930844294,0.9983029274501485,0.9983029274501485,0.5807769389727925,0,,,0,
5,0,linear_structured_final_mondrian,0,510,1,1.0019607843137255,1.0019607843137255,,1,0.19290859721589848,,1,3
5,0,linear_structured_final_mondrian,1,2454,0.9189079054604727,1.9380603096984514,1.9572127139364304,0.38939283035560285,0,0.3179085972158985,0.07148423313970437,0,50
5,0,linear_structured_final_mondrian,2,2409,0.9518472395184724,1.9892071398920714,2.9900373599003736,0.5348059475069192,0,0.4429085972158985,0.09189735029102075,0,50
5,0,linear_structured_final_mondrian,3,2270,0.8612334801762115,2.0026431718061675,4,0.4694003221383834,0,0.5679085972158985,-0.09850827507751508,0,50
5,0,linear_structured_final_mondrian,4,2357,0.8582944420873992,1.924480271531608,4.6304624522698346,0.5309723069019011,0,0.6929085972158985,-0.16193629031399737,0,50
5,1,independent_mondrian,0,497,1,1,1,,1,,,0,
5,1,independent_mondrian,1,2373,0.9671302149178256,1.9679730299199325,1.9688158449220396,0.48534245591909014,0,,,0,
5,1,independent_mondrian,2,2360,0.888135593220339,1.9686440677966102,2.964406779661017,0.4189729615271817,0,,,0,
5,1,independent_mondrian,3,2463,0.9305724725943971,2.062119366626066,4.063337393422655,0.580521403756974,0,,,0,
5,1,independent_mondrian,4,2307,0.8981361074989164,2.012136974425661,4.727785002167317,0.5836397916311356,0,,,0,
5,1,ordinal_cluster,0,497,1,1,1,0.48534245591909014,0,,,0,
5,1,ordinal_cluster,1,2373,0.943952802359882,0.9650231774125579,0.9650231774125579,0.42071105644616696,0,,,0,
5,1,ordinal_cluster,2,2360,0.938135593220339,0.9860169491525423,0.9860169491525423,0.4919381491510841,0,,,0,
5,1,ordinal_cluster,3,2463,0.9074299634591961,1.0596833130328867,1.0596833130328867,0.5362881457120886,0,,,0,
5,1,ordinal_cluster,4,2307,0.8972691807542262,0.988296488946684,0.988296488946684,0.580521403756974,0,,,0,
5,1,linear_structured_final_mondrian,0,497,1,1,1,,1,0.32889009612876086,,1,3
5,1,linear_structured_final_mondrian,1,2373,0.943952802359882,1.9532237673830595,1.9624947324062367,0.42071105644616696,0,0.3888900961287609,0.031820960317406055,0,50
5,1,linear_structured_final_mondrian,2,2360,0.9377118644067797,2.0296610169491527,3.0258474576271186,0.4899035131316672,0,0.44889009612876096,0.04101341700290623,0,50
5,1,linear_structured_final_mondrian,3,2463,0.9508729192042225,2.098254161591555,4.068209500609013,0.6370068488237187,0,0.508890096128761,0.1281167526949577,0,50
5,1,linear_structured_final_mondrian,4,2307,0.8907672301690507,2.0316428261811876,4.706111833550065,0.573191436518176,0,0.5688900961287611,0.004301340389414876,0,50
5,2,independent_mondrian,0,528,1,1,1,,1,,,0,
5,2,independent_mondrian,1,2328,0.8878865979381443,1.890893470790378,1.8939003436426116,0.35369233613788814,0,,,0,
5,2,independent_mondrian,2,2419,0.892517569243489,1.9379909053327822,2.9073997519636214,0.4196276039255917,0,,,0,
5,2,independent_mondrian,3,2373,0.9077117572692794,2.0703750526759377,4.069110830172777,0.5317876672564458,0,,,0,
5,2,independent_mondrian,4,2352,0.9255952380952381,2.016156462585034,4.812074829931973,0.6402885789459165,0,,,0,
5,2,ordinal_cluster,0,528,0.9488636363636364,0.9488636363636364,0.9488636363636364,0.35369233613788814,0,,,0,
5,2,ordinal_cluster,1,2328,0.9170962199312714,0.9205326460481099,0.9205326460481099,0.3887208568149853,0,,,0,
5,2,ordinal_cluster,2,2419,0.892517569243489,0.9437784208350558,0.9437784208350558,0.4196276039255917,0,,,0,
5,2,ordinal_cluster,3,2373,0.9152970922882427,1.0417193426042983,1.0417193426042983,0.5429690429831722,0,,,0,
5,2,ordinal_cluster,4,2352,0.8886054421768708,0.9851190476190477,0.9851190476190477,0.5744106324632225,0,,,0,
5,2,linear_structured_final_mondrian,0,528,1,1,1,,1,0.260276815844046,,1,3
5,2,linear_structured_final_mondrian,1,2328,0.8878865979381443,1.8913230240549828,1.8947594501718212,0.35369233613788814,0,0.35527681584404597,-0.0015844797061578264,0,50
5,2,linear_structured_final_mondrian,2,2419,0.8945845390657297,1.9400578751550228,2.9115336916081027,0.4230743137547881,0,0.45027681584404594,-0.02720250208925784,0,50
5,2,linear_structured_final_mondrian,3,2373,0.9077117572692794,2.0379266750948166,4.03708386009271,0.5317876672564458,0,0.545276815844046,-0.013489148587600197,0,50
5,2,linear_structured_final_mondrian,4,2352,0.8979591836734694,1.9885204081632653,4.73469387755102,0.5858521122808954,0,0.6402768158440459,-0.054424703563150545,0,50
5,3,independent_mondrian,0,481,1,1,1,,1,,,0,
5,3,independent_mondrian,1,2395,0.9227557411273486,1.9352818371607516,1.9478079331941545,0.3952943479968233,0,,,0,
5,3,independent_mondrian,2,2360,0.9216101694915254,1.9817796610169491,2.9720338983050847,0.48700703601075057,0,,,0,
5,3,independent_mondrian,3,2364,0.9094754653130288,2.042724196277496,4.043570219966159,0.5449961237337392,0,,,0,
5,3,independent_mondrian,4,2400,0.86625,1.9758333333333333,4.6675,0.5440850624232996,0,,,0,
5,3,ordinal_cluster,0,481,0.9688149688149689,0.9688149688149689,0.9688149688149689,0.3952943479968233,0,,,0,
5,3,ordinal_cluster,1,2395,0.9432150313152401,0.9574112734864301,0.9574112734864301,0.42143292600026827,0,,,0,
5,3,ordinal_cluster,2,2360,0.9127118644067796,0.9669491525423729,0.9669491525423729,0.47332633399760315,0,,,0,
5,3,ordinal_cluster,3,2364,0.8908629441624365,1.019881556683587,1.019881556683587,0.5207471760477235,0,,,0,
5,3,ordinal_cluster,4,2400,0.86625,0.9629166666666666,0.9629166666666666,0.5440850624232996,0,,,0,
5,3,linear_structured_final_mondrian,0,481,1,1,1,,1,0.35529434799682325,,1,3
5,3,linear_structured_final_mondrian,1,2395,0.9148225469728601,1.9361169102296452,1.95741127348643,0.38583503366482635,0,0.3952943479968233,-0.009459314331996926,0,50
5,3,linear_structured_final_mondrian,2,2360,0.9466101694915254,2.0050847457627117,2.9983050847457626,0.5278356471831447,0,0.4352943479968233,0.09254129918632137,0,50
5,3,linear_structured_final_mondrian,3,2364,0.9094754653130288,2.055414551607445,4.045262267343485,0.5449961237337392,0,0.47529434799682335,0.06970177573691583,0,50
5,3,linear_structured_final_mondrian,4,2400,0.87,1.9795833333333333,4.67625,0.5508586210255997,0,0.5152943479968234,0.035564273028776294,0,50
5,4,independent_mondrian,0,489,1,1,1,,1,,,0,
5,4,independent_mondrian,1,2362,0.8556308213378493,1.861134631668078,1.8666384419983064,0.3337314397624009,0,,,0,
5,4,independent_mondrian,2,2339,0.8666096622488243,1.9038050448909791,2.833689610944848,0.41063502970437077,0,,,0,
5,4,independent_mondrian,3,2398,0.8732276897414513,1.9920767306088407,3.9599666388657213,0.48427600705819457,0,,,0,
5,4,independent_mondrian,4,2412,0.8975953565505804,1.9718076285240465,4.740878938640133,0.5745288991748636,0,,,0,
5,4,ordinal_cluster,0,489,0.950920245398773,0.950920245398773,0.950920245398773,0.3337314397624009,0,,,0,
5,4,ordinal_cluster,1,2362,0.905588484335309,0.9127857747671465,0.9127857747671465,0.37717560559363733,0,,,0,
5,4,ordinal_cluster,2,2339,0.8751603249251817,0.917058572039333,0.917058572039333,0.4195527148368197,0,,,0,
5,4,ordinal_cluster,3,2398,0.8732276897414513,0.9712260216847373,0.9712260216847373,0.48427600705819457,0,,,0,
5,4,ordinal_cluster,4,2412,0.8669154228855721,0.9411276948590381,0.9411276948590381,0.5320952923178291,0,,,0,
5,4,linear_structured_final_mondrian,0,489,1,1,1,,1,0.253763145645164,,1,3
5,4,linear_structured_final_mondrian,1,2362,0.8378492802709568,1.8450465707027943,1.8522438611346317,0.3190139751603055,0,0.33376314564516407,-0.014749170484858576,0,50
5,4,linear_structured_final_mondrian,2,2339,0.8837109876015391,1.914065840102608,2.8490808037622917,0.4266006959827761,0,0.41376314564516414,0.01283755033761197,0,50
5,4,linear_structured_final_mondrian,3,2398,0.8465387823185988,1.969140950792327,3.9299416180150124,0.445380054022072,0,0.4937631456451642,-0.048383091623092234,0,50
5,4,linear_structured_final_mondrian,4,2412,0.9000829187396352,1.956882255389718,4.744610281923714,0.5780690473864193,0,0.5737631456451643,0.004305901741255003,0,50
5,5,independent_mondrian,0,473,1,1,1,,1,,,0,
5,5,independent_mondrian,1,2401,0.9121199500208247,1.9192003331945022,1.9262807163681799,0.3779881806546032,0,,,0,
5,5,independent_mondrian,2,2411,0.9253421816673579,1.9518871837411862,2.9112401493156366,0.48243074393831376,0,,,0,
5,5,independent_mondrian,3,2421,0.8471705906650144,1.983064849235853,3.959520859149112,0.44427364467133695,0,,,0,
5,5,independent_mondrian,4,2294,0.8940714908456844,1.9455100261551874,4.717523975588492,0.5731242638862789,0,,,0,
5,5,ordinal_cluster,0,473,0.9640591966173362,0.9640591966173362,0.9640591966173362,0.3779881806546032,0,,,0,
5,5,ordinal_cluster,1,2401,0.948771345272803,0.9541857559350271,0.9541857559350271,0.43033386071874763,0,,,0,
5,5,ordinal_cluster,2,2411,0.8892575694732476,0.9398589796764828,0.9398589796764828,0.43033386071874763,0,,,0,
5,5,ordinal_cluster,3,2421,0.8983890954151177,0.9995869475423379,0.9995869475423379,0.5162351044112319,0,,,0,
5,5,ordinal_cluster,4,2294,0.8526591107236269,0.9350479511769835,0.9350479511769835,0.5224959615197761,0,,,0,
5,5,linear_structured_final_mondrian,0,473,1,1,1,,1,0.3787063082155425,,1,3
5,5,linear_structured_final_mondrian,1,2401,0.9054560599750104,1.9100374843815078,1.914618908788005,0.36983254227160356,0,0.4262063082155426,-0.05637376594393906,0,50
5,5,linear_structured_final_mondrian,2,2411,0.9008710078805475,1.9344670261302364,2.885939444214019,0.4449387317589139,0,0.4737063082155427,-0.028767576456628807,0,50
5,5,linear_structured_final_mondrian,3,2421,0.8740190004130525,2,3.9818256918628667,0.48227465426068167,0,0.5212063082155428,-0.038931653954861145,0,50
5,5,linear_structured_final_mondrian,4,2294,0.8940714908456844,1.9607672188317349,4.717523975588492,0.5731242638862789,0,0.5687063082155429,0.004417955670735996,0,50
5,6,independent_mondrian,0,460,1,1,1,,1,,,0,
5,6,independent_mondrian,1,2411,0.922438822065533,1.9315636665284115,1.94068851099129,0.3912391334507264,0,,,0,
5,6,independent_mondrian,2,2451,0.920032639738882,1.981232150142799,2.9763361893104854,0.4707198607763165,0,,,0,
5,6,independent_mondrian,3,2296,0.9189895470383276,2.143292682926829,4.131968641114983,0.5607073178916405,0,,,0,
5,6,independent_mondrian,4,2382,0.9374475230898405,2.0491183879093198,4.846767422334173,0.6988531165200262,0,,,0,
5,6,ordinal_cluster,0,460,0.967391304347826,0.967391304347826,0.967391304347826,0.3912391334507264,0,,,0,
5,6,ordinal_cluster,1,2411,0.9402737453338863,0.956864371630029,0.956864371630029,0.4236617480659885,0,,,0,
5,6,ordinal_cluster,2,2451,0.923296613627091,0.9828641370869033,0.9828641370869033,0.4784735659210142,0,,,0,
5,6,ordinal_cluster,3,2296,0.9037456445993032,1.0731707317073171,1.0731707317073171,0.5357252985747863,0,,,0,
5,6,ordinal_cluster,4,2382,0.9051217464315701,1.007136859781696,1.007136859781696,0.6178554651411959,0,,,0,
5,6,linear_structured_final_mondrian,0,460,1,1,1,,1,0.3543813858072353,,1,3
5,6,linear_structured_final_mondrian,1,2411,0.9021153048527581,1.9112401493156366,1.9203649937785152,0.36135290022172584,0,0.4018813858072354,-0.04052848558550959,0,50
5,6,linear_structured_final_mondrian,2,2451,0.920032639738882,1.9808241534067728,2.9759281925744596,0.4707198607763165,0,0.4493813858072355,0.02133847496908098,0,50
5,6,linear_structured_final_mondrian,3,2296,0.9237804878048781,2.192508710801394,4.179878048780488,0.5664824082227643,0,0.4968813858072356,0.06960102241552868,0,50
5,6,linear_structured_final_mondrian,4,2382,0.9571788413098237,2.0717884130982367,4.896725440806045,0.7586542328052104,0,0.5443813858072357,0.21427284699797466,0,50
5,7,independent_mondrian,0,491,1,1,1,,1,,,0,
5,7,independent_mondrian,1,2329,0.9102619149849721,1.9347359381708888,1.9592099613568055,0.39344595541060995,0,,,0,
5,7,independent_mondrian,2,2383,0.9504825849769198,2.0214015946286192,3.02391942929081,0.5507786305158097,0,,,0,
5,7,independent_mondrian,3,2410,0.9178423236514522,2.0605809128630703,4.029045643153527,0.5602646505704213,0,,,0,
5,7,independent_mondrian,4,2387,0.8475073313782991,1.9560117302052786,4.6225387515710095,0.5195939780017667,0,,,0,
5,7,ordinal_cluster,0,491,0.9694501018329938,0.9714867617107943,0.9714867617107943,0.3939851518700404,0,,,0,
5,7,ordinal_cluster,1,2329,0.9514813224559897,0.9665092314297982,0.9665092314297982,0.45934528091714655,0,,,0,
5,7,ordinal_cluster,2,2383,0.916911456147713,0.9932857742341586,0.9932857742341586,0.47641189631585285,0,,,0,
5,7,ordinal_cluster,3,2410,0.9053941908713693,1.0282157676348547,1.0282157676348547,0.5372959067990472,0,,,0,
5,7,ordinal_cluster,4,2387,0.8625890238793464,0.9606200251361542,0.9606200251361542,0.5372959067990472,0,,,0,
5,7,linear_structured_final_mondrian,0,491,1,1,1,,1,0.3942339482315537,,1,3
5,7,linear_structured_final_mondrian,1,2329,0.905968226706741,1.931300987548304,1.9566337483898668,0.38957606264039835,0,0.4267339482315537,-0.03715788559115535,0,50
5,7,linear_structured_final_mondrian,2,2383,0.9534200587494754,2.015107007973143,3.0172052035249686,0.556839534027972,0,0.45923394823155367,0.09760558579641837,0,50
5,7,linear_structured_final_mondrian,3,2410,0.9053941908713693,2.091701244813278,4.064730290456431,0.5372959067990472,0,0.49173394823155364,0.04556195856749351,0,50
5,7,linear_structured_final_mondrian,4,2387,0.8969417679095099,1.9949727691663175,4.744868035190616,0.5962350818113905,0,0.5242339482315537,0.07200113357983684,0,50
5,8,independent_mondrian,0,445,1,1,1,,1,,,0,
5,8,independent_mondrian,1,2321,0.9233089185695821,1.938819474364498,1.954330030159414,0.4005420308288031,0,,,0,
5,8,independent_mondrian,2,2359,0.9487070792708775,2.0046629927935564,3,0.5169487372461397,0,,,0,
5,8,independent_mondrian,3,2457,0.9198209198209198,2.0720390720390722,4.0630850630850635,0.5345043397491488,0,,,0,
5,8,independent_mondrian,4,2418,0.901985111662531,2.010339123242349,4.764267990074441,0.600798684543255,0,,,0,
5,8,ordinal_cluster,0,445,0.9617977528089887,0.9662921348314607,0.9662921348314607,0.4028510343361748,0,,,0,
5,8,ordinal_cluster,1,2321,0.960792761740629,0.977165015079707,0.977165015079707,0.46866510464880307,0,,,0,
5,8,ordinal_cluster,2,2359,0.9296311996608733,1,1,0.48704911698350617,0,,,0,
5,8,ordinal_cluster,3,2457,0.9222629222629223,1.0407000407000406,1.0407000407000406,0.5402093398772824,0,,,0,
5,8,ordinal_cluster,4,2418,0.8660049627791563,0.978494623655914,0.978494623655914,0.551749427898009,0,,,0,
5,8,linear_structured_final_mondrian,0,445,1,1,1,,1,0.44254140918613916,,1,3
5,8,linear_structured_final_mondrian,1,2321,0.9233089185695821,1.9422662645411461,1.96122361051271,0.4005420308288031,0,0.47004140918613924,-0.06949937835733616,0,50
5,8,linear_structured_final_mondrian,2,2359,0.9546417973717677,2.0216193302246714,3.0186519711742266,0.5318199720309822,0,0.4975414091861393,0.034278562844842875,0,50
5,8,linear_structured_final_mondrian,3,2457,0.9304029304029304,2.0907610907610907,4.068783068783069,0.5590134818301085,0,0.5250414091861394,0.033972072643969065,0,50
5,8,linear_structured_final_mondrian,4,2418,0.901985111662531,2.02191894127378,4.764267990074441,0.600798684543255,0,0.5525414091861395,0.04825727535711555,0,50
5,9,independent_mondrian,0,494,1,1.0020242914979758,1.0020242914979758,,1,,,0,
5,9,independent_mondrian,1,2383,0.9034830046160303,1.911875786823332,1.9202685690306336,0.3725957787999806,0,,,0,
5,9,independent_mondrian,2,2360,0.9156779661016949,1.9665254237288134,2.961016949152542,0.4761363530523914,0,,,0,
5,9,independent_mondrian,3,2443,0.8939828080229226,2.057715923045436,4.046663937781417,0.5098744208194519,0,,,0,
5,9,independent_mondrian,4,2320,0.9163793103448276,2.0068965517241377,4.788362068965517,0.6251932571668474,0,,,0,
5,9,ordinal_cluster,0,494,0.951417004048583,0.9534412955465587,0.9534412955465587,0.3725957787999806,0,,,0,
5,9,ordinal_cluster,1,2383,0.9404112463281578,0.950902224087285,0.950902224087285,0.42697664894220694,0,,,0,
5,9,ordinal_cluster,2,2360,0.910593220338983,0.9682203389830508,0.9682203389830508,0.4654791771646801,0,,,0,
5,9,ordinal_cluster,3,2443,0.8939828080229226,1.0081866557511256,1.0081866557511256,0.5098744208194519,0,,,0,
5,9,ordinal_cluster,4,2320,0.8642241379310345,0.9547413793103449,0.9547413793103449,0.531303550489216,0,,,0,
5,9,linear_structured_final_mondrian,0,494,1,1.0020242914979758,1.0020242914979758,,1,0.30267579019215807,,1,3
5,9,linear_structured_final_mondrian,1,2383,0.9093579521611415,1.916491817037348,1.9236256819135544,0.3800401327613145,0,0.37267579019215813,0.007364342569156357,0,50
5,9,linear_structured_final_mondrian,2,2360,0.9012711864406779,1.9572033898305086,2.9466101694915254,0.45626727493386443,0,0.4426757901921582,0.013591484741706239,0,50
5,9,linear_structured_final_mondrian,3,2443,0.9103561195251739,2.0671305771592303,4.054850593532542,0.531303550489216,0,0.5126757901921583,0.018627760297057705,0,50
5,9,linear_structured_final_mondrian,4,2320,0.9163793103448276,2.018965517241379,4.788362068965517,0.6251932571668474,0,0.5826757901921583,0.042517466974689055,0,50
5,10,independent_mondrian,0,484,1,1,1,,1,,,0,
5,10,independent_mondrian,1,2292,0.9157940663176265,1.918848167539267,1.9219022687609075,0.3914231538439842,0,,,0,
5,10,independent_mondrian,2,2426,0.8841714756801319,1.9311624072547404,2.889530090684254,0.40969514552654257,0,,,0,
5,10,independent_mondrian,3,2373,0.8975979772439949,2.0252844500632112,4.018120522545301,0.5272477681929739,0,,,0,
5,10,independent_mondrian,4,2425,0.8898969072164948,1.9814432989690722,4.72659793814433,0.580867307270463,0,,,0,
5,10,ordinal_cluster,0,484,0.9669421487603306,0.9669421487603306,0.9669421487603306,0.3914231538439842,0,,,0,
5,10,ordinal_cluster,1,2292,0.925392670157068,0.93760907504363,0.93760907504363,0.40838539221144327,0,,,0,
5,10,ordinal_cluster,2,2426,0.910964550700742,0.9513602638087386,0.9513602638087386,0.44153566367221125,0,,,0,
5,10,ordinal_cluster,3,2373,0.8706278971765697,1.0012642225031605,1.0012642225031605,0.48968238430306216,0,,,0,
5,10,ordinal_cluster,4,2425,0.8804123711340206,0.96,0.96,0.5649559325964769,0,,,0,
5,10,linear_structured_final_mondrian,0,484,1,1,1,,1,0.2173187525875841,,1,3
5,10,linear_structured_final_mondrian,1,2292,0.9637870855148342,1.969458987783595,1.975130890052356,0.4722378211102921,0,0.314818752587584,0.1574190685227081,0,50
5,10,linear_structured_final_mondrian,2,2426,0.909315746084089,2.0845012366034625,3.0877988458367684,0.4386561833812948,0,0.41231875258758394,0.02633743079371087,0,50
5,10,linear_structured_final_mondrian,3,2373,0.9700800674252001,2.0741677201854194,4.051833122629583,0.7319021508209974,0,0.5098187525875839,0.2220833982334135,0,50
5,10,linear_structured_final_mondrian,4,2425,0.8362886597938144,2.064742268041237,4.59381443298969,0.501665488022291,0,0.6073187525875838,-0.10565326456529278,0,50
5,11,independent_mondrian,0,484,1,1,1,,1,,,0,
5,11,independent_mondrian,1,2371,0.8772669759595108,1.8890763390974272,1.9008857022353438,0.34561124752068273,0,,,0,
5,11,independent_mondrian,2,2360,0.9355932203389831,1.976271186440678,2.9728813559322034,0.48278521415750797,0,,,0,
5,11,independent_mondrian,3,2371,0.902572754112189,2.069590889919865,4.065795023196963,0.5224955720631786,0,,,0,
5,11,independent_mondrian,4,2414,0.9221209610604806,2.012013256006628,4.802816901408451,0.6330301687855341,0,,,0,
5,11,ordinal_cluster,0,484,0.9380165289256198,0.9380165289256198,0.9380165289256198,0.34561124752068273,0,,,0,
5,11,ordinal_cluster,1,2371,0.9270350063264445,0.9367355546183045,0.9367355546183045,0.4000177259545638,0,,,0,
5,11,ordinal_cluster,2,2360,0.9127118644067796,0.9610169491525423,0.9610169491525423,0.4482018211912148,0,,,0,
5,11,ordinal_cluster,3,2371,0.9126950653732602,1.0257275411218896,1.0257275411218896,0.5404357323147272,0,,,0,
5,11,ordinal_cluster,4,2414,0.8616404308202155,0.9602319801159901,0.9602319801159901,0.545967554329833,0,,,0,
5,11,linear_structured_final_mondrian,0,484,1,1,1,,1,0.2633758413415198,,1,3
5,11,linear_structured_final_mondrian,1,2371,0.9135385913116828,1.9350485027414592,1.9565584141712358,0.3840924598211328,0,0.34587584134151983,0.038216618479612996,0,50
5,11,linear_structured_final_mondrian,2,2360,0.9601694915254237,2.0042372881355934,2.9991525423728813,0.5420015681693889,0,0.42837584134151985,0.11362572682786909,0,50
5,11,linear_structured_final_mondrian,3,2371,0.906790383804302,2.1564740615773936,4.129059468578658,0.529958148404473,0,0.5108758413415199,0.019082307062953108,0,50
5,11,linear_structured_final_mondrian,4,2414,0.9527754763877382,2.0459817729908867,4.8757249378624685,0.7116769926806747,0,0.5933758413415199,0.11830115133915486,0,50
5,12,independent_mondrian,0,486,1,1,1,,1,,,0,
5,12,independent_mondrian,1,2369,0.9012241452089489,1.908400168847615,1.915576192486281,0.3712413421312258,0,,,0,
5,12,independent_mondrian,2,2435,0.8784394250513347,1.9190965092402463,2.8607802874743324,0.4162607689048944,0,,,0,
5,12,independent_mondrian,3,2391,0.8858218318695107,2.0313676286072773,4.0071099958176495,0.49323962426907547,0,,,0,
5,12,independent_mondrian,4,2319,0.9210866752910737,1.9939629150495903,4.8124191461837,0.6317830532899499,0,,,0,
5,12,ordinal_cluster,0,486,0.977366255144033,0.977366255144033,0.977366255144033,0.3845507524543657,0,,,0,
5,12,ordinal_cluster,1,2369,0.9269734065006332,0.9383706205149852,0.9383706205149852,0.40392734796408375,0,,,0,
5,12,ordinal_cluster,2,2435,0.8887063655030801,0.946611909650924,0.946611909650924,0.4275439576843734,0,,,0,
5,12,ordinal_cluster,3,2391,0.9163529903805939,1.0338770388958596,1.0338770388958596,0.5354410893459396,0,,,0,
5,12,ordinal_cluster,4,2319,0.8913324708926261,0.9836136265631737,0.9836136265631737,0.5645426636220501,0,,,0,
5,12,linear_structured_final_mondrian,0,486,1,1,1,,1,0.20549621542003682,,1,3
5,12,linear_structured_final_mondrian,1,2369,0.9269734065006332,1.9362600253271423,1.9455466441536513,0.40392734796408375,0,0.3279962154200369,0.07593113254404688,0,50
5,12,linear_structured_final_mondrian,2,2435,0.9030800821355236,1.939630390143737,2.891170431211499,0.44893164445155015,0,0.4504962154200369,-0.0015645709684867781,0,50
5,12,linear_structured_final_mondrian,3,2391,0.8373065662902551,1.9744876620660812,3.9347553324968634,0.44360509781367136,0,0.572996215420037,-0.12939111760636562,0,50
5,12,linear_structured_final_mondrian,4,2319,0.9064251832686503,1.9629150495903407,4.769297110823631,0.5977360512985955,0,0.695496215420037,-0.0977601641214415,0,50
5,13,independent_mondrian,0,506,1,1,1,,1,,,0,
5,13,independent_mondrian,1,2453,0.8764777823073787,1.883408071748879,1.8903383611903792,0.34386934512171347,0,,,0,
5,13,independent_mondrian,2,2296,0.8937282229965157,1.9220383275261324,2.8584494773519165,0.43443594895832033,0,,,0,
5,13,independent_mondrian,3,2346,0.8563512361466326,1.985080988917306,3.9445865302642797,0.4635269438094918,0,,,0,
5,13,independent_mondrian,4,2399,0.9012088370154231,1.960817007086286,4.742392663609837,0.577943645487513,0,,,0,
5,13,ordinal_cluster,0,506,0.9347826086956522,0.9347826086956522,0.9347826086956522,0.34386934512171347,0,,,0,
5,13,ordinal_cluster,1,2453,0.9131675499388504,0.9192825112107623,0.9192825112107623,0.38560967404962404,0,,,0,
5,13,ordinal_cluster,2,2296,0.8741289198606271,0.9133275261324042,0.9133275261324042,0.4133636928248809,0,,,0,
5,13,ordinal_cluster,3,2346,0.8738277919863597,0.9688832054560955,0.9688832054560955,0.483782567471832,0,,,0,
5,13,ordinal_cluster,4,2399,0.8603584827011255,0.9274697790746145,0.9274697790746145,0.5197069349724238,0,,,0,
5,13,linear_structured_final_mondrian,0,506,1,1,1,,1,0.3307358848877088,,1,3
5,13,linear_structured_final_mondrian,1,2453,0.8581328984916429,1.8630248675091725,1.867916836526702,0.32690470704219177,0,0.38323588488770877,-0.056331177845517,0,50
5,13,linear_structured_final_mondrian,2,2296,0.8649825783972126,1.906794425087108,2.846689895470383,0.40448981327463435,0,0.43573588488770876,-0.03124607161307441,0,50
5,13,linear_structured_final_mondrian,3,2346,0.8989769820971867,2.079283887468031,4.057118499573742,0.5173496529867503,0,0.48823588488770875,0.029113768099041537,0,50
5,13,linear_structured_final_mondrian,4,2399,0.9387244685285535,2.0179241350562735,4.837432263443102,0.6703846469899201,0,0.5407358848877087,0.12964876210221132,0,50
5,14,independent_mondrian,0,525,1,1,1,,1,,,0,
5,14,independent_mondrian,1,2333,0.9262751821688813,1.9309901414487785,1.9357051007286756,0.39807612571789003,0,,,0,
5,14,independent_mondrian,2,2431,0.8568490333196216,1.8942821883998355,2.800493624023036,0.39838798506548034,0,,,0,
5,14,independent_mondrian,3,2333,0.8774110587226747,2.107586798114016,4.060865837976854,0.4769458312325463,0,,,0,
5,14,independent_mondrian,4,2378,0.9600504625735913,2.0332211942809084,4.8957106812447435,0.7313281131861381,0,,,0,
5,14,ordinal_cluster,0,525,0.9695238095238096,0.9695238095238096,0.9695238095238096,0.39807612571789003,0,,,0,
5,14,ordinal_cluster,1,2333,0.9262751821688813,0.9357051007286755,0.9357051007286755,0.39807612571789003,0,,,0,
5,14,ordinal_cluster,2,2431,0.8864664747017689,0.9317153434800494,0.9317153434800494,0.4277760811453575,0,,,0,
5,14,ordinal_cluster,3,2333,0.8949849978568367,1.0081440205743677,1.0081440205743677,0.5023936987643322,0,,,0,
5,14,ordinal_cluster,4,2378,0.8738435660218671,0.9596299411269975,0.9596299411269975,0.5532835783472274,0,,,0,
5,14,linear_structured_final_mondrian,0,525,1,1,1,,1,0.24628481400794655,,1,3
5,14,linear_structured_final_mondrian,1,2333,0.8928418345477925,1.8979854264894984,1.9031290184312044,0.36377785968066373,0,0.3637848140079465,-6.954327282759909e-06,0,50
5,14,linear_structured_final_mondrian,2,2431,0.862607980255039,1.8955162484574248,2.8083093377211026,0.40312177635090013,0,0.4812848140079464,-0.0781630376570463,0,50
5,14,linear_structured_final_mondrian,3,2333,0.8774110587226747,1.9631375910844406,3.9108444063437635,0.4773487087461652,0,0.5987848140079464,-0.12143610526178117,0,50
5,14,linear_structured_final_mondrian,4,2378,0.8414634146341463,1.9154751892346509,4.587888982338099,0.5154322419819382,0,0.7162848140079463,-0.20085257202600815,0,50
5,15,independent_mondrian,0,512,1,1,1,,1,,,0,
5,15,independent_mondrian,1,2366,0.9230769230769231,1.9370245139475908,1.9509721048182587,0.3956743352079911,0,,,0,
5,15,independent_mondrian,2,2378,0.9276703111858705,2.0142977291841886,3.0084104289318754,0.5018481792972699,0,,,0,
5,15,independent_mondrian,3,2323,0.9436074042186827,2.110632802410676,4.080499354283255,0.5968608136559174,0,,,0,
5,15,independent_mondrian,4,2421,0.9120198265179678,2.0479140850888062,4.789343246592317,0.608787079856941,0,,,0,
5,15,ordinal_cluster,0,512,0.978515625,0.98046875,0.98046875,0.3956743352079911,0,,,0,
5,15,ordinal_cluster,1,2366,0.9505494505494505,0.967032967032967,0.967032967032967,0.45082731424239786,0,,,0,
5,15,ordinal_cluster,2,2378,0.9192598822539949,0.9819175777964676,0.9819175777964676,0.47838589434816686,0,,,0,
5,15,ordinal_cluster,3,2323,0.8958243650452001,1.053379250968575,1.053379250968575,0.5125678206152567,0,,,0,
5,15,ordinal_cluster,4,2421,0.9087154068566708,1.0053696819496076,1.0053696819496076,0.6024960850981308,0,,,0,
5,15,linear_structured_final_mondrian,0,512,1,1,1,,1,0.3841438407106007,,1,3
5,15,linear_structured_final_mondrian,1,2366,0.8930684699915469,1.9070160608622146,1.9209636517328825,0.36279712750490545,0,0.43914384071060064,-0.0763467132056952,0,50
5,15,linear_structured_final_mondrian,2,2378,0.9276703111858705,1.9840201850294366,2.9781328847771236,0.5018481792972699,0,0.4941438407106006,0.0077043385866693015,0,50
5,15,linear_structured_final_mondrian,3,2323,0.9117520447696944,2.108480413258717,4.100301334481275,0.539803539114745,0,0.5491438407106005,-0.009340301595855527,0,50
5,15,linear_structured_final_mondrian,4,2421,0.9355638166047088,2.043370508054523,4.840148698884758,0.6571670800126556,0,0.6041438407106005,0.0530232393020551,0,50
5,16,independent_mondrian,0,493,1,1,1,,1,,,0,
5,16,independent_mondrian,1,2368,0.917652027027027,1.9366554054054055,1.9556587837837838,0.39101692288426604,0,,,0,
5,16,independent_mondrian,2,2382,0.9433249370277078,1.984047019311503,2.9802686817800166,0.5184995027772633,0,,,0,
5,16,independent_mondrian,3,2328,0.8891752577319587,2.0343642611683848,4.037371134020619,0.486482966777641,0,,,0,
5,16,independent_mondrian,4,2429,0.9040757513379992,1.9785920131741457,4.75545491972005,0.5901742388685359,0,,,0,
5,16,ordinal_cluster,0,493,0.9756592292089249,0.9776876267748479,0.9776876267748479,0.39101692288426604,0,,,0,
5,16,ordinal_cluster,1,2368,0.940456081081081,0.953125,0.953125,0.42072665432134765,0,,,0,
5,16,ordinal_cluster,2,2382,0.8992443324937027,0.9538203190596137,0.9538203190596137,0.4444545272473613,0,,,0,
5,16,ordinal_cluster,3,2328,0.9110824742268041,0.9974226804123711,0.9974226804123711,0.5176284256745934,0,,,0,
5,16,ordinal_cluster,4,2429,0.836969946480033,0.9250720461095101,0.9250720461095101,0.5010189069963569,0,,,0,
5,16,linear_structured_final_mondrian,0,493,1,1,1,,1,0.3590366210429935,,1,3
5,16,linear_structured_final_mondrian,1,2368,0.917652027027027,1.929054054054054,1.9404560810810811,0.39101692288426604,0,0.4040366210429934,-0.013019698158727389,0,50
5,16,linear_structured_final_mondrian,2,2382,0.9202350965575147,1.9609571788413098,2.9374475230898405,0.4813866605918845,0,0.44903662104299336,0.03235003954889115,0,50
5,16,linear_structured_final_mondrian,3,2328,0.8891752577319587,2.0811855670103094,4.077319587628866,0.486482966777641,0,0.4940366210429933,-0.007553654265352261,0,50
5,16,linear_structured_final_mondrian,4,2429,0.9493618773157678,2.0238781391519143,4.867435158501441,0.6811400877320067,0,0.5390366210429932,0.14210346668901352,0,50
5,17,independent_mondrian,0,474,1,1,1,,1,,,0,
5,17,independent_mondrian,1,2389,0.9275847634993721,1.938049393051486,1.9485140226035997,0.4107013750249275,0,,,0,
5,17,independent_mondrian,2,2370,0.9261603375527426,1.9675105485232067,2.951054852320675,0.48419355698334177,0,,,0,
5,17,independent_mondrian,3,2455,0.865173116089613,1.9796334012219958,3.9539714867617106,0.4771630304554736,0,,,0,
5,17,independent_mondrian,4,2312,0.8615916955017301,1.9316608996539792,4.656574394463668,0.516172666622797,0,,,0,
5,17,ordinal_cluster,0,474,0.9767932489451476,0.9767932489451476,0.9767932489451476,0.4107013750249275,0,,,0,
5,17,ordinal_cluster,1,2389,0.9560485558811218,0.9681875261615739,0.9681875261615739,0.45049979974285725,0,,,0,
5,17,ordinal_cluster,2,2370,0.9054852320675105,0.9565400843881856,0.9565400843881856,0.45551937294087297,0,,,0,
5,17,ordinal_cluster,3,2455,0.8680244399185336,0.9617107942973523,0.9617107942973523,0.4811811621793562,0,,,0,
5,17,ordinal_cluster,4,2312,0.833044982698962,0.9035467128027682,0.9035467128027682,0.4811811621793562,0,,,0,
5,17,linear_structured_final_mondrian,0,474,1,1,1,,1,0.38617266662279714,,1,3
5,17,linear_structured_final_mondrian,1,2389,0.9275847634993721,1.942653830054416,1.95772289660946,0.4107013750249275,0,0.4186726666227971,-0.007971291597869634,0,50
5,17,linear_structured_final_mondrian,2,2370,0.9409282700421941,1.9721518987341773,2.950210970464135,0.5141488908246181,0,0.4511726666227971,0.06297622420182103,0,50
5,17,linear_structured_final_mondrian,3,2455,0.8175152749490835,1.9771894093686355,3.954786150712831,0.4230869223038587,0,0.48367266662279707,-0.06058574431893837,0,50
5,17,linear_structured_final_mondrian,4,2312,0.9070069204152249,1.9567474048442905,4.772058823529412,0.5871839070987027,0,0.516172666622797,0.07101124047590568,0,50
5,18,independent_mondrian,0,491,1,1,1,,1,,,0,
5,18,independent_mondrian,1,2416,0.9093543046357616,1.9151490066225165,1.9209437086092715,0.3823816903900615,0,,,0,
5,18,independent_mondrian,2,2363,0.9001269572577232,1.9250952179432925,2.8556919170545916,0.4403403602418307,0,,,0,
5,18,independent_mondrian,3,2335,0.8364025695931477,1.945610278372591,3.8758029978586723,0.4336989773333863,0,,,0,
5,18,independent_mondrian,4,2395,0.8739039665970773,1.9319415448851776,4.66972860125261,0.550177997323409,0,,,0,
5,18,ordinal_cluster,0,491,0.9653767820773931,0.9653767820773931,0.9653767820773931,0.3823816903900615,0,,,0,
5,18,ordinal_cluster,1,2416,0.9159768211920529,0.9242549668874173,0.9242549668874173,0.3933264468462049,0,,,0,
5,18,ordinal_cluster,2,2363,0.8679644519678374,0.9035124841303428,0.9035124841303428,0.39994868825562924,0,,,0,
5,18,ordinal_cluster,3,2335,0.8706638115631692,0.9533190578158458,0.9533190578158458,0.4750550825852827,0,,,0,
5,18,ordinal_cluster,4,2395,0.837160751565762,0.9102296450939458,0.9102296450939458,0.5051546358934466,0,,,0,
5,18,linear_structured_final_mondrian,0,491,1,1,1,,1,0.3811989773333861,,1,3
5,18,linear_structured_final_mondrian,1,2416,0.8754139072847682,1.8812086092715232,1.8870033112582782,0.3474575651745979,0,0.39869897733338616,-0.051241412158788247,0,50
5,18,linear_structured_final_mondrian,2,2363,0.9001269572577232,1.932289462547609,2.8815065594583156,0.4403403602418307,0,0.41619897733338623,0.024141382908444475,0,50
5,18,linear_structured_final_mondrian,3,2335,0.8706638115631692,1.997002141327623,3.9648822269807282,0.4750550825852827,0,0.4336989773333863,0.04135610525189637,0,50
5,18,linear_structured_final_mondrian,4,2395,0.9056367432150313,1.978705636743215,4.77035490605428,0.5921384337499491,0,0.4511989773333864,0.14093945641656275,0,50
5,19,independent_mondrian,0,475,1,1,1,,1,,,0,
5,19,independent_mondrian,1,2456,0.8583061889250815,1.865228013029316,1.8721498371335505,0.3341732813861597,0,,,0,
5,19,independent_mondrian,2,2352,0.8966836734693877,1.965561224489796,2.9566326530612246,0.4256512699851593,0,,,0,
5,19,independent_mondrian,3,2348,0.9463373083475298,2.0745315161839866,4.066439522998296,0.6141150770585184,0,,,0,
5,19,independent_mondrian,4,2369,0.9003799071338118,2.0434782608695654,4.75981426762347,0.5804840408975853,0,,,0,
5,19,ordinal_cluster,0,475,0.9473684210526315,0.9473684210526315,0.9473684210526315,0.33795018527623544,0,,,0,
5,19,ordinal_cluster,1,2456,0.9010586319218241,0.9132736156351792,0.9132736156351792,0.36791237182740283,0,,,0,
5,19,ordinal_cluster,2,2352,0.9264455782312925,0.9787414965986394,0.9787414965986394,0.46661207157683116,0,,,0,
5,19,ordinal_cluster,3,2348,0.9254684838160137,1.080068143100511,1.080068143100511,0.5616847460387753,0,,,0,
5,19,ordinal_cluster,4,2369,0.9100886449978894,1.021950189953567,1.021950189953567,0.5951911276031552,0,,,0,
5,19,linear_structured_final_mondrian,0,475,1,1,1,,1,0.25766179653448906,,1,3
5,19,linear_structured_final_mondrian,1,2456,0.8534201954397395,1.866042345276873,1.8786644951140066,0.3290973019325181,0,0.35266179653448904,-0.02356449460197091,0,50
5,19,linear_structured_final_mondrian,2,2352,0.9404761904761905,2.0450680272108843,3.0391156462585034,0.4960109843233236,0,0.447661796534489,0.04834918778883457,0,50
5,19,linear_structured_final_mondrian,3,2348,0.9620954003407155,2.106473594548552,4.0660136286201025,0.6707338935342493,0,0.542661796534489,0.1280720969997603,0,50
5,19,linear_structured_final_mondrian,4,2369,0.8936260025327142,2.070915998311524,4.739130434782608,0.5655400816019746,0,0.637661796534489,-0.0721217149325144,0,50
5,20,independent_mondrian,0,502,1,1,1,,1,,,0,
5,20,independent_mondrian,1,2353,0.8878028049298767,1.8992775180620485,1.9107522311942202,0.35674680182055757,0,,,0,
5,20,independent_mondrian,2,2387,0.9300377042312526,1.9656472559698366,2.957687473816506,0.4894655217038667,0,,,0,
5,20,independent_mondrian,3,2401,0.8775510204081632,2.0837151187005416,4.0753852561432735,0.4781004266247653,0,,,0,
5,20,independent_mondrian,4,2357,0.9410267288926601,2.0263046245226985,4.860840050912176,0.6756787287172173,0,,,0,
5,20,ordinal_cluster,0,502,0.954183266932271,0.954183266932271,0.954183266932271,0.37684051033029814,0,,,0,
5,20,ordinal_cluster,1,2353,0.9362515937101572,0.9451763705907352,0.9451763705907352,0.41679097585229213,0,,,0,
5,20,ordinal_cluster,2,2387,0.9019689987431923,0.9534981147884374,0.9534981147884374,0.44196083526473157,0,,,0,
5,20,ordinal_cluster,3,2401,0.9067055393586005,1.0195751770095793,1.0195751770095793,0.5209605166250302,0,,,0,
5,20,ordinal_cluster,4,2357,0.8676283411115825,0.9677556215528214,0.9677556215528214,0.5556131647526589,0,,,0,
5,20,linear_structured_final_mondrian,0,502,1,1,1,,1,0.21718474560134093,,1,3
5,20,linear_structured_final_mondrian,1,2353,0.9069273268168295,1.9184020399490014,1.929876753081173,0.37884694126445856,0,0.3321847456013409,0.046662195663117634,0,50
5,20,linear_structured_final_mondrian,2,2387,0.9333891914537076,1.9635525764558022,2.945538332635107,0.49386949045183676,0,0.4471847456013409,0.04668474485049584,0,50
5,20,linear_structured_final_mondrian,3,2401,0.8554768846314036,1.9800083298625573,3.960433152852978,0.4538512538044051,0,0.5621847456013409,-0.1083334917969358,0,50
5,20,linear_structured_final_mondrian,4,2357,0.8608400509121765,1.9329656342808654,4.659736953754773,0.5436087853496849,0,0.6771847456013409,-0.13357596025165597,0,50
5,21,independent_mondrian,0,496,1,1,1,,1,,,0,
5,21,independent_mondrian,1,2397,0.9065498539841469,1.9165623696287026,1.9265748852732583,0.3800291598412474,0,,,0,
5,21,independent_mondrian,2,2415,0.9089026915113871,1.9548654244306418,2.941614906832298,0.4654760429336531,0,,,0,
5,21,independent_mondrian,3,2331,0.9004719004719005,2.0394680394680393,4.032604032604032,0.5116362619838546,0,,,0,
5,21,independent_mondrian,4,2361,0.8979246082168573,1.9936467598475223,4.755612028801355,0.5941576625225176,0,,,0,
5,21,ordinal_cluster,0,496,0.969758064516129,0.9717741935483871,0.9717741935483871,0.3800291598412474,0,,,0,
5,21,ordinal_cluster,1,2397,0.9465999165623696,0.9566124322069254,0.9566124322069254,0.42493999302001195,0,,,0,
5,21,ordinal_cluster,2,2415,0.8881987577639752,0.9416149068322981,0.9416149068322981,0.44005207010177977,0,,,0,
5,21,ordinal_cluster,3,2331,0.8983268983268984,1.0021450021450022,1.0021450021450022,0.5099847450765232,0,,,0,
5,21,ordinal_cluster,4,2361,0.8513341804320204,0.9470563320626854,0.9470563320626854,0.5327320919471287,0,,,0,
5,21,linear_structured_final_mondrian,0,496,1,1,1,,1,0.3421719919828679,,1,3
5,21,linear_structured_final_mondrian,1,2397,0.9032123487692949,1.9140592407175636,1.9249061326658323,0.3761280910910076,0,0.38217199198286794,-0.006043900891860354,0,50
5,21,linear_structured_final_mondrian,2,2415,0.9159420289855073,1.9946169772256728,2.996687370600414,0.47760737235034484,0,0.422171991982868,0.05543538036747686,0,50
5,21,linear_structured_final_mondrian,3,2331,0.9480909480909481,2.094809094809095,4.074646074646075,0.59863796657038,0,0.462171991982868,0.13646597458751203,0,50
5,21,linear_structured_final_mondrian,4,2361,0.9004659042778483,2.046590427784837,4.760694620923338,0.6009708603843774,0,0.502171991982868,0.09879886840150942,0,50
5,22,independent_mondrian,0,517,1,1,1,,1,,,0,
5,22,independent_mondrian,1,2368,0.9180743243243243,1.9248310810810811,1.931587837837838,0.393143298662673,0,,,0,
5,22,independent_mondrian,2,2380,0.907563025210084,1.9512605042016806,2.922689075630252,0.4679836235765247,0,,,0,
5,22,independent_mondrian,3,2332,0.8709262435677531,1.993138936535163,3.9789879931389365,0.47972512776026127,0,,,0,
5,22,independent_mondrian,4,2403,0.8668331252600916,1.941323345817728,4.667082813150229,0.5449740737752351,0,,,0,
5,22,ordinal_cluster,0,517,0.9709864603481625,0.9709864603481625,0.9709864603481625,0.393143298662673,0,,,0,
5,22,ordinal_cluster,1,2368,0.9467905405405406,0.9556587837837838,0.9556587837837838,0.4404401622133284,0,,,0,
5,22,ordinal_cluster,2,2380,0.8983193277310925,0.95,0.95,0.4536656268146162,0,,,0,
5,22,ordinal_cluster,3,2332,0.8773584905660378,0.9815608919382505,0.9815608919382505,0.4888817600921212,0,,,0,
5,22,ordinal_cluster,4,2403,0.8439450686641697,0.922180607573866,0.922180607573866,0.515213955404367,0,,,0,
5,22,linear_structured_final_mondrian,0,517,1,1,1,,1,0.3451333836064564,,1,3
5,22,linear_structured_final_mondrian,1,2368,0.8745777027027027,1.8952702702702702,1.915962837837838,0.3450504563250331,0,0.39013338360645633,-0.04508292728142321,0,50
5,22,linear_structured_final_mondrian,2,2380,0.9516806722689075,1.9705882352941178,2.9457983193277313,0.5462846160952974,0,0.43513338360645626,0.11115123248884118,0,50
5,22,linear_structured_final_mondrian,3,2332,0.79073756432247,2.0042881646655233,3.9631217838765007,0.399005376817722,0,0.4801333836064562,-0.08112800678873416,0,50
5,22,linear_structured_final_mondrian,4,2403,0.9250936329588015,1.9771119434040783,4.8152309612983775,0.6528876588775009,0,0.5251333836064561,0.12775427527104477,0,50
5,23,independent_mondrian,0,479,1,1.0020876826722338,1.0020876826722338,,1,,,0,
5,23,independent_mondrian,1,2375,0.9145263157894736,1.9246315789473685,1.934736842105263,0.38877590919964744,0,,,0,
5,23,independent_mondrian,2,2465,0.9286004056795132,1.9728194726166328,2.959837728194726,0.48792070009147326,0,,,0,
5,23,independent_mondrian,3,2381,0.883242335153297,2.0335993280134397,4.024779504409912,0.4954834787234442,0,,,0,
5,23,independent_mondrian,4,2300,0.898695652173913,1.9778260869565218,4.753913043478261,0.5915296240562197,0,,,0,
5,23,ordinal_cluster,0,479,0.964509394572025,0.9686847599164927,0.9686847599164927,0.38877590919964744,0,,,0,
5,23,ordinal_cluster,1,2375,0.9536842105263158,0.9642105263157895,0.9642105263157895,0.4489936231517596,0,,,0,
5,23,ordinal_cluster,2,2465,0.9030425963488844,0.9626774847870182,0.9626774847870182,0.45195269099298857,0,,,0,
5,23,ordinal_cluster,3,2381,0.9008819823603528,1.012179756404872,1.012179756404872,0.5241898575409896,0,,,0,
5,23,ordinal_cluster,4,2300,0.8704347826086957,0.9634782608695652,0.9634782608695652,0.5324553408801429,0,,,0,
5,23,linear_structured_final_mondrian,0,479,1,1.0041753653444676,1.0041753653444676,,1,0.4195424456003694,,1,3
5,23,linear_structured_final_mondrian,1,2375,0.9473684210526315,1.9536842105263157,1.96,0.4360368931593028,0,0.4245424456003693,0.011494447558933474,0,50
5,23,linear_structured_final_mondrian,2,2465,0.901419878296146,1.9598377281947261,2.9310344827586206,0.45082810069549245,0,0.4295424456003692,0.021285655095123257,0,50
5,23,linear_structured_final_mondrian,3,2381,0.9008819823603528,2.0827383452330954,4.068038639227216,0.5241898575409896,0,0.4345424456003691,0.08964741194062048,0,50
5,23,linear_structured_final_mondrian,4,2300,0.9291304347826087,2.022173913043478,4.832608695652174,0.6526302589113234,0,0.439542445600369,0.21308781331095444,0,50
5,24,independent_mondrian,0,495,1,1.006060606060606,1.006060606060606,,1,,,0,
5,24,independent_mondrian,1,2423,0.9426330994634751,1.9471729261246389,1.9517127527858027,0.4293175662247283,0,,,0,
5,24,independent_mondrian,2,2382,0.864399664147775,1.9252728799328296,2.871116708648195,0.4041528923527595,0,,,0,
5,24,independent_mondrian,3,2339,0.8943993159469859,2.022231722958529,4.001710132535272,0.5206182065029263,0,,,0,
5,24,independent_mondrian,4,2361,0.8873358746293943,1.9826344769165607,4.711986446421008,0.5857244016163494,0,,,0,
5,24,ordinal_cluster,0,495,0.9797979797979798,0.9858585858585859,0.9858585858585859,0.4293175662247283,0,,,0,
5,24,ordinal_cluster,1,2423,0.9310771770532398,0.9438712340074288,0.9438712340074288,0.40990767301775305,0,,,0,
5,24,ordinal_cluster,2,2382,0.9130982367758187,0.9672544080604534,0.9672544080604534,0.46970535126506213,0,,,0,
5,24,ordinal_cluster,3,2339,0.8837109876015391,1.0012825994014536,1.0012825994014536,0.5055607517200257,0,,,0,
5,24,ordinal_cluster,4,2361,0.845404489623041,0.9339263024142312,0.9339263024142312,0.5273763713372063,0,,,0,
5,24,linear_structured_final_mondrian,0,495,1,1.0101010101010102,1.0101010101010102,,1,0.3139544823314576,,1,3
5,24,linear_structured_final_mondrian,1,2423,0.9867932315311597,1.9913330581923236,1.9958728848534875,0.5438687604377339,0,0.37395448233145767,0.16991427810627624,0,50
5,24,linear_structured_final_mondrian,2,2382,0.8694374475230898,1.958018471872376,2.911418975650714,0.40990767301775305,0,0.4339544823314577,-0.024046809313704676,0,50
5,24,linear_structured_final_mondrian,3,2339,0.9003847798204361,2.0324925181701583,4.017101325352715,0.5273763713372063,0,0.4939544823314578,0.033421889005748495,0,50
5,24,linear_structured_final_mondrian,4,2361,0.8915713680643795,1.9915290131300296,4.726387124099958,0.5909727242838909,0,0.5539544823314578,0.037018241952433084,0,50
5,25,independent_mondrian,0,496,1,1,1,,1,,,0,
5,25,independent_mondrian,1,2396,0.9298831385642737,1.939482470784641,1.9490818030050083,0.40149216334893834,0,,,0,
5,25,independent_mondrian,2,2361,0.9055484963998306,1.968233799237611,2.9652689538331214,0.4593570468452511,0,,,0,
5,25,independent_mondrian,3,2386,0.9077954735959766,2.0666387259010897,4.0641240569991615,0.5288251666432732,0,,,0,
5,25,independent_mondrian,4,2361,0.9174078780177891,2.008047437526472,4.7814485387547645,0.6401790065324995,0,,,0,
5,25,ordinal_cluster,0,496,0.9536290322580645,0.9536290322580645,0.9536290322580645,0.40149216334893834,0,,,0,
5,25,ordinal_cluster,1,2396,0.9407345575959933,0.9536727879799666,0.9536727879799666,0.4199670071686401,0,,,0,
5,25,ordinal_cluster,2,2361,0.9030072003388395,0.9703515459551038,0.9703515459551038,0.4530801292054302,0,,,0,
5,25,ordinal_cluster,3,2386,0.9111483654652137,1.0465213746856663,1.0465213746856663,0.5341064153636689,0,,,0,
5,25,ordinal_cluster,4,2361,0.8958068614993647,0.9889877170690385,0.9889877170690385,0.5982873582431891,0,,,0,
5,25,linear_structured_final_mondrian,0,496,1,1,1,,1,0.34264976646269024,,1,3
5,25,linear_structured_final_mondrian,1,2396,0.8668614357262103,1.8735392320534223,1.8802170283806343,0.33293901590451724,0,0.41514976646269025,-0.082210750558173,0,50
5,25,linear_structured_final_mondrian,2,2361,0.8941126641253706,1.9457856840321897,2.927149512918255,0.43777479427775,0,0.48764976646269026,-0.04987497218494025,0,50
5,25,linear_structured_final_mondrian,3,2386,0.9040234702430847,2.111064543168483,4.100586756077116,0.5216848310494276,0,0.5601497664626902,-0.03846493541326257,0,50
5,25,linear_structured_final_mondrian,4,2361,0.9479034307496823,2.036848792884371,4.862770012706481,0.718735775309336,0,0.6326497664626902,0.08608600884664575,0,50
5,26,independent_mondrian,0,484,1,1,1,,1,,,0,
5,26,independent_mondrian,1,2413,0.8889349357646084,1.895565685868214,1.9021964359718193,0.3662158826130842,0,,,0,
5,26,independent_mondrian,2,2407,0.8923971749065226,1.9646863315330287,2.9601163273784796,0.44042285317019575,0,,,0,
5,26,independent_mondrian,3,2356,0.9342105263157895,2.044991511035654,4.045840407470289,0.5836805761205155,0,,,0,
5,26,independent_mondrian,4,2340,0.882051282051282,1.9965811965811966,4.698717948717949,0.5491415711273213,0,,,0,
5,26,ordinal_cluster,0,484,0.9462809917355371,0.9483471074380165,0.9483471074380165,0.3662158826130842,0,,,0,
5,26,ordinal_cluster,1,2413,0.9295482801491919,0.9374222958972234,0.9374222958972234,0.4176542225017334,0,,,0,
5,26,ordinal_cluster,2,2407,0.8849189862899876,0.9376817615288742,0.9376817615288742,0.43164267520225214,0,,,0,
5,26,ordinal_cluster,3,2356,0.900679117147708,1.0106112054329373,1.0106112054329373,0.5123573810317048,0,,,0,
5,26,ordinal_cluster,4,2340,0.8833333333333333,0.9598290598290599,0.9598290598290599,0.5496815812158202,0,,,0,
5,26,linear_structured_final_mondrian,0,484,1,1.0020661157024793,1.0020661157024793,,1,0.23209255651018634,,1,3
5,26,linear_structured_final_mondrian,1,2413,0.9432242022378782,1.9473684210526316,1.951512639867385,0.4401368844302344,0,0.3270925565101863,0.1130443279200481,0,50
5,26,linear_structured_final_mondrian,2,2407,0.8712089738263399,1.968840880764437,2.963855421686747,0.4176542225017334,0,0.4220925565101863,-0.004438334008452893,0,50
5,26,linear_structured_final_mondrian,3,2356,0.9443972835314092,2.0343803056027165,4.034380305602716,0.6146969585891059,0,0.5170925565101863,0.09760440207891963,0,50
5,26,linear_structured_final_mondrian,4,2340,0.8576923076923076,1.982905982905983,4.628205128205129,0.5105231469599383,0,0.6120925565101862,-0.10156940955024796,0,50
5,27,independent_mondrian,0,510,1,1.0019607843137255,1.0019607843137255,,1,,,0,
5,27,independent_mondrian,1,2314,0.952895419187554,1.9554883318928262,1.9580812445980986,0.4591231223496587,0,,,0,
5,27,independent_mondrian,2,2329,0.8922284242164019,1.9566337483898668,2.934735938170889,0.416826366084802,0,,,0,
5,27,independent_mondrian,3,2421,0.9140850888062784,2.042544403139199,4.031805039239983,0.5465879492335912,0,,,0,
5,27,independent_mondrian,4,2426,0.8804616652926628,1.9934047815333884,4.7061005770816156,0.5775579031912152,0,,,0,
5,27,ordinal_cluster,0,510,0.996078431372549,0.9980392156862745,0.9980392156862745,0.4591231223496587,0,,,0,
5,27,ordinal_cluster,1,2314,0.9468452895419187,0.9649956784788245,0.9649956784788245,0.44803678632560784,0,,,0,
5,27,ordinal_cluster,2,2329,0.9343065693430657,0.9922713610991842,0.9922713610991842,0.48837858002379236,0,,,0,
5,27,ordinal_cluster,3,2421,0.9029326724494011,1.0425444031391986,1.0425444031391986,0.5257716064247403,0,,,0,
5,27,ordinal_cluster,4,2426,0.8693322341302555,0.9719703215169002,0.9719703215169002,0.5660241096071567,0,,,0,
5,27,linear_structured_final_mondrian,0,510,1,1.0019607843137255,1.0019607843137255,,1,0.33622287045510524,,1,3
5,27,linear_structured_final_mondrian,1,2314,0.9645635263612792,1.9680207433016421,1.9714779602420052,0.48054605596900396,0,0.4012228704551052,0.07932318551389878,0,50
5,27,linear_structured_final_mondrian,2,2329,0.9029626449119794,1.969944182052383,2.9587805925289823,0.42876690595774297,0,0.46622287045510513,-0.03745596449736216,0,50
5,27,linear_structured_final_mondrian,3,2421,0.9140850888062784,2.037174721189591,4.028087567121024,0.5465879492335912,0,0.5312228704551051,0.015365078778486141,0,50
5,27,linear_structured_final_mondrian,4,2426,0.8763396537510305,1.989282769991756,4.697032151690025,0.5697466932392885,0,0.596222870455105,-0.02647617721581652,0,50
5,28,independent_mondrian,0,501,1,1,1,,1,,,0,
5,28,independent_mondrian,1,2404,0.8448419301164726,1.8664725457570714,1.8881031613976706,0.32446862034183416,0,,,0,
5,28,independent_mondrian,2,2418,0.9511993382961125,2.0148883374689825,3.0173697270471465,0.5422845000446531,0,,,0,
5,28,independent_mondrian,3,2369,0.9506120726044744,2.102997045166737,4.0620514985225835,0.5910141383003639,0,,,0,
5,28,independent_mondrian,4,2308,0.8825823223570191,2.0212305025996535,4.714904679376083,0.5723828343161802,0,,,0,
5,28,ordinal_cluster,0,501,0.9221556886227545,0.9221556886227545,0.9221556886227545,0.32446862034183416,0,,,0,
5,28,ordinal_cluster,1,2404,0.9276206322795341,0.9438435940099834,0.9438435940099834,0.4002092569307396,0,,,0,
5,28,ordinal_cluster,2,2418,0.93424317617866,0.9995864350703061,0.9995864350703061,0.498933262208721,0,,,0,
5,28,ordinal_cluster,3,2369,0.9434360489658083,1.0793583790628958,1.0793583790628958,0.5723828343161802,0,,,0,
5,28,ordinal_cluster,4,2308,0.8825823223570191,1.009098786828423,1.009098786828423,0.5724246029807883,0,,,0,
5,28,linear_structured_final_mondrian,0,501,1,1,1,,1,0.27137278156338174,,1,3
5,28,linear_structured_final_mondrian,1,2404,0.8448419301164726,1.8843594009983362,1.9238768718801997,0.32446862034183416,0,0.34387278156338175,-0.01940416122154759,0,50
5,28,linear_structured_final_mondrian,2,2418,0.9755996691480563,2.042597187758478,3.0471464019851116,0.6036588624386651,0,0.41637278156338176,0.1872860808752833,0,50
5,28,linear_structured_final_mondrian,3,2369,0.9510341916420431,2.164204305614183,4.0928661882650905,0.5943791093342434,0,0.48887278156338176,0.10550632777086166,0,50
5,28,linear_structured_final_mondrian,4,2308,0.9172443674176777,2.0571923743500866,4.792461005199307,0.6298728849886966,0,0.5613727815633818,0.06850010342531487,0,50
5,29,independent_mondrian,0,503,1,1,1,,1,,,0,
5,29,independent_mondrian,1,2315,0.9239740820734341,1.9386609071274299,1.9533477321814254,0.4057007251581524,0,,,0,
5,29,independent_mondrian,2,2412,0.9320066334991708,1.9755389718076286,2.9581260364842454,0.4934079793961157,0,,,0,
5,29,independent_mondrian,3,2337,0.8776208814719726,1.987163029525032,3.9666238767650834,0.4878531335277126,0,,,0,
5,29,independent_mondrian,4,2433,0.840937114673243,1.9099876695437732,4.570900123304562,0.49629191240049475,0,,,0,
5,29,ordinal_cluster,0,503,0.9781312127236581,0.9781312127236581,0.9781312127236581,0.4057007251581524,0,,,0,
5,29,ordinal_cluster,1,2315,0.9542116630669546,0.9645788336933045,0.9645788336933045,0.45037818506359034,0,,,0,
5,29,ordinal_cluster,2,2412,0.9087893864013267,0.9597844112769486,0.9597844112769486,0.45584041547703724,0,,,0,
5,29,ordinal_cluster,3,2337,0.8776208814719726,0.9734702610183996,0.9734702610183996,0.4897325235982776,0,,,0,
5,29,ordinal_cluster,4,2433,0.8347718865598027,0.9042334566378956,0.9042334566378956,0.4878531335277126,0,,,0,
5,29,linear_structured_final_mondrian,0,503,1,1,1,,1,0.3390569554851157,,1,3
5,29,linear_structured_final_mondrian,1,2315,0.9611231101511879,1.980561555075594,2,0.4615954906828116,0,0.39405695548511566,0.06753853519769593,0,50
5,29,linear_structured_final_mondrian,2,2412,0.9469320066334992,1.9896351575456053,2.966417910447761,0.5233092396581024,0,0.4490569554851156,0.0742522841729868,0,50
5,29,linear_structured_final_mondrian,3,2337,0.8142918271287976,1.9242618741976893,3.760376551133932,0.4137244166025505,0,0.5040569554851155,-0.09033253888256504,0,50
5,29,linear_structured_final_mondrian,4,2433,0.8179202630497329,1.8610768598438143,4.401150842581176,0.4668506573047185,0,0.5590569554851155,-0.092206298180397,0,50
5,30,independent_mondrian,0,493,1,1,1,,1,,,0,
5,30,independent_mondrian,1,2452,0.9318923327895595,1.9429037520391517,1.953915171288744,0.41248452308325906,0,,,0,
5,30,independent_mondrian,2,2393,0.9201838696197242,1.9648976180526536,2.9402423735896366,0.48890799259411716,0,,,0,
5,30,independent_mondrian,3,2265,0.8573951434878587,1.9805739514348786,3.9607064017660045,0.45518798473492783,0,,,0,
5,30,independent_mondrian,4,2397,0.8831873174801835,1.9415936587400917,4.707968293700459,0.5445505302243298,0,,,0,
5,30,ordinal_cluster,0,493,0.9756592292089249,0.9756592292089249,0.9756592292089249,0.41248452308325906,0,,,0,
5,30,ordinal_cluster,1,2452,0.9539151712887439,0.9661500815660685,0.9661500815660685,0.4623977391732375,0,,,0,
5,30,ordinal_cluster,2,2393,0.8984538236523193,0.9640618470539072,0.9640618470539072,0.45518798473492783,0,,,0,
5,30,ordinal_cluster,3,2265,0.8900662251655629,0.9916114790286976,0.9916114790286976,0.49930294225222777,0,,,0,
5,30,ordinal_cluster,4,2397,0.8594075928243637,0.9390905298289528,0.9390905298289528,0.5137827252085625,0,,,0,
5,30,linear_structured_final_mondrian,0,493,1,1,1,,1,0.22878272520856258,,1,3
5,30,linear_structured_final_mondrian,1,2452,0.9759380097879282,1.9971451876019577,2.0073409461663947,0.5128404961271767,0,0.32378272520856255,0.1890577709186142,0,50
5,30,linear_structured_final_mondrian,2,2393,0.9486000835770999,2.012118679481822,3.0033430839949853,0.5402667836031154,0,0.4187827252085625,0.1214840583945529,0,50
5,30,linear_structured_final_mondrian,3,2265,0.8573951434878587,1.9832229580573952,3.9350993377483445,0.45518798473492783,0,0.5137827252085625,-0.058594740473634666,0,50
5,30,linear_structured_final_mondrian,4,2397,0.8456403838130997,1.904046725073008,4.557780559032124,0.49930294225222777,0,0.6087827252085625,-0.1094797829563347,0,50
5,31,independent_mondrian,0,468,1,1,1,,1,,,0,
5,31,independent_mondrian,1,2394,0.9465329991645781,1.9507101086048455,1.9548872180451127,0.4418442986136921,0,,,0,
5,31,independent_mondrian,2,2432,0.8536184210526315,1.9070723684210527,2.8289473684210527,0.3981658371388626,0,,,0,
5,31,independent_mondrian,3,2392,0.8821070234113713,2.015468227424749,3.975334448160535,0.5013099106136355,0,,,0,
5,31,independent_mondrian,4,2314,0.9027657735522904,2,4.7744165946413135,0.6066507013502395,0,,,0,
5,31,ordinal_cluster,0,468,0.9935897435897436,0.9935897435897436,0.9935897435897436,0.44274872879796384,0,,,0,
5,31,ordinal_cluster,1,2394,0.9402673350041771,0.9553049289891395,0.9553049289891395,0.43327781484778644,0,,,0,
5,31,ordinal_cluster,2,2432,0.8976151315789473,0.9436677631578947,0.9436677631578947,0.43803341367827175,0,,,0,
5,31,ordinal_cluster,3,2392,0.8561872909698997,0.9577759197324415,0.9577759197324415,0.4708331635214695,0,,,0,
5,31,ordinal_cluster,4,2314,0.8323249783923942,0.9157303370786517,0.9157303370786517,0.5118193205693093,0,,,0,
5,31,linear_structured_final_mondrian,0,468,1,1,1,,1,0.3657126108531196,,1,3
5,31,linear_structured_final_mondrian,1,2394,0.9670008354218881,1.9699248120300752,1.9728487886382624,0.480837921965726,0,0.4032126108531197,0.07762531111260629,0,50
5,31,linear_structured_final_mondrian,2,2432,0.8194901315789473,1.886924342105263,2.7845394736842106,0.36831430632653056,0,0.4407126108531198,-0.07239830452658924,0,50
5,31,linear_structured_final_mondrian,3,2392,0.895066889632107,2.0229933110367893,3.983277591973244,0.5184476898936323,0,0.4782126108531199,0.040235079040512434,0,50
5,31,linear_structured_final_mondrian,4,2314,0.9027657735522904,2.007778738115817,4.7744165946413135,0.6066507013502395,0,0.51571261085312,0.09093809049711943,0,50
5,32,independent_mondrian,0,516,1,1,1,,1,,,0,
5,32,independent_mondrian,1,2322,0.8708010335917312,1.8729543496985357,1.8751076658053403,0.34605509006988616,0,,,0,
5,32,independent_mondrian,2,2432,0.881578947368421,1.9263980263157894,2.8795230263157894,0.42927004693822535,0,,,0,
5,32,independent_mondrian,3,2360,0.8889830508474577,2.0364406779661017,4.019915254237288,0.507091837715523,0,,,0,
5,32,independent_mondrian,4,2370,0.9113924050632911,1.9919831223628692,4.775949367088607,0.6160933754420619,0,,,0,
5,32,ordinal_cluster,0,516,0.939922480620155,0.939922480620155,0.939922480620155,0.34605509006988616,0,,,0,
5,32,ordinal_cluster,1,2322,0.9306632213608957,0.9354005167958657,0.9354005167958657,0.40014063685142814,0,,,0,
5,32,ordinal_cluster,2,2432,0.9021381578947368,0.9514802631578947,0.9514802631578947,0.4530828522966372,0,,,0,
5,32,ordinal_cluster,3,2360,0.8944915254237288,1.0101694915254238,1.0101694915254238,0.5154625670352199,0,,,0,
5,32,ordinal_cluster,4,2370,0.8637130801687763,0.9468354430379747,0.9468354430379747,0.537087381930133,0,,,0,
5,32,linear_structured_final_mondrian,0,516,1,1,1,,1,0.268416615511742,,1,3
5,32,linear_structured_final_mondrian,1,2322,0.8708010335917312,1.8729543496985357,1.8751076658053403,0.34605509006988616,0,0.35341661551174197,-0.00736152544185581,0,50
5,32,linear_structured_final_mondrian,2,2432,0.881578947368421,1.9329769736842106,2.8992598684210527,0.42927004693822535,0,0.43841661551174194,-0.00914656857351659,0,50
5,32,linear_structured_final_mondrian,3,2360,0.9101694915254237,2.042372881355932,4.03135593220339,0.5358995248158612,0,0.5234166155117419,0.012482909304119327,0,50
5,32,linear_structured_final_mondrian,4,2370,0.9016877637130801,1.9962025316455696,4.745991561181435,0.5856614819788767,0,0.6084166155117419,-0.02275513353286518,0,50
5,33,independent_mondrian,0,485,1,1,1,,1,,,0,
5,33,independent_mondrian,1,2365,0.893446088794926,1.8997885835095139,1.9061310782241014,0.35772367383568665,0,,,0,
5,33,independent_mondrian,2,2376,0.8956228956228957,1.9406565656565657,2.9053030303030303,0.43506413890270673,0,,,0,
5,33,independent_mondrian,3,2424,0.8902640264026402,2.0268151815181517,4.002887788778878,0.49495036789874153,0,,,0,
5,33,independent_mondrian,4,2350,0.9114893617021277,2.006808510638298,4.808085106382979,0.6091366304990662,0,,,0,
5,33,ordinal_cluster,0,485,0.9463917525773196,0.9463917525773196,0.9463917525773196,0.35772367383568665,0,,,0,
5,33,ordinal_cluster,1,2365,0.9298097251585624,0.9386892177589852,0.9386892177589852,0.4055051471433705,0,,,0,
5,33,ordinal_cluster,2,2376,0.8926767676767676,0.9431818181818182,0.9431818181818182,0.4316384332160449,0,,,0,
5,33,ordinal_cluster,3,2424,0.8906765676567657,0.983085808580858,0.983085808580858,0.4976289206297008,0,,,0,
5,33,ordinal_cluster,4,2350,0.8395744680851064,0.9357446808510639,0.9357446808510639,0.5058321145445217,0,,,0,
5,33,linear_structured_final_mondrian,0,485,1,1,1,,1,0.34718512817274416,,1,3
5,33,linear_structured_final_mondrian,1,2365,0.828752642706131,1.8350951374207187,1.8414376321353065,0.30373225944451787,0,0.4121851281727441,-0.10845286872822624,0,50
5,33,linear_structured_final_mondrian,2,2376,0.8956228956228957,1.9393939393939394,2.9082491582491583,0.43506413890270673,0,0.47718512817274406,-0.04212098927003732,0,50
5,33,linear_structured_final_mondrian,3,2424,0.893976897689769,1.9867986798679869,3.9665841584158414,0.5028223115976531,0,0.542185128172744,-0.039362816575090886,0,50
5,33,linear_structured_final_mondrian,4,2350,0.8395744680851064,1.9361702127659575,4.642978723404255,0.5058321145445217,0,0.607185128172744,-0.10135301362822224,0,50
5,34,independent_mondrian,0,496,1,1,1,,1,,,0,
5,34,independent_mondrian,1,2365,0.8811839323467231,1.8887949260042283,1.8964059196617336,0.3485516844821673,0,,,0,
5,34,independent_mondrian,2,2404,0.9059900166389351,1.949667221297837,2.9188851913477536,0.4444029390819559,0,,,0,
5,34,independent_mondrian,3,2383,0.8904741921947126,2.108686529584557,4.088543852287033,0.5049347257260524,0,,,0,
5,34,independent_mondrian,4,2352,0.9523809523809523,2.0340136054421767,4.882227891156463,0.7127121174000053,0,,,0,
5,34,ordinal_cluster,0,496,0.9395161290322581,0.9395161290322581,0.9395161290322581,0.3485516844821673,0,,,0,
5,34,ordinal_cluster,1,2365,0.9251585623678646,0.9319238900634249,0.9319238900634249,0.40645006601725786,0,,,0,
5,34,ordinal_cluster,2,2404,0.8860232945091514,0.9546589018302829,0.9546589018302829,0.419584536689538,0,,,0,
5,34,ordinal_cluster,3,2383,0.9328577423415862,1.0797314309693664,1.0797314309693664,0.5662662663562275,0,,,0,
5,34,ordinal_cluster,4,2352,0.9170918367346939,1.0297619047619047,1.0297619047619047,0.6275882356732013,0,,,0,
5,34,linear_structured_final_mondrian,0,496,1,1,1,,1,0.2987346070561697,,1,3
5,34,linear_structured_final_mondrian,1,2365,0.8811839323467231,1.893446088794926,1.9057082452431289,0.3485516844821673,0,0.3562346070561698,-0.007682922574002549,0,50
5,34,linear_structured_final_mondrian,2,2404,0.9330282861896838,1.9900166389351082,2.987936772046589,0.48796202078765355,0,0.41373460705616993,0.07422741373148362,0,50
5,34,linear_structured_final_mondrian,3,2383,0.9227864036928242,2.181703734788082,4.167436005035669,0.5508665700298072,0,0.47123460705617004,0.07963196297363717,0,50
5,34,linear_structured_final_mondrian,4,2352,0.9600340136054422,2.065051020408163,4.905187074829932,0.7461940633950257,0,0.5287346070561701,0.21745945633885555,0,50
5,35,independent_mondrian,0,509,1,1,1,,1,,,0,
5,35,independent_mondrian,1,2340,0.8653846153846154,1.8735042735042735,1.8816239316239316,0.33356102497958035,0,,,0,
5,35,independent_mondrian,2,2357,0.9015697921086127,1.975816716164616,2.986847687738651,0.45215057204279974,0,,,0,
5,35,independent_mondrian,3,2359,0.927087749046206,2.044086477320899,4.0385756676557865,0.5807029443268349,0,,,0,
5,35,independent_mondrian,4,2435,0.8550308008213552,1.9880903490759754,4.632032854209446,0.5417743232432698,0,,,0,
5,35,ordinal_cluster,0,509,0.9174852652259332,0.9174852652259332,0.9174852652259332,0.33356102497958035,0,,,0,
5,35,ordinal_cluster,1,2340,0.9367521367521368,0.9487179487179487,0.9487179487179487,0.4205027660101648,0,,,0,
5,35,ordinal_cluster,2,2357,0.9287229529062367,0.996605854900297,0.996605854900297,0.48946545736591635,0,,,0,
5,35,ordinal_cluster,3,2359,0.9109792284866469,1.0555320050869013,1.0555320050869013,0.5417743232432698,0,,,0,
5,35,ordinal_cluster,4,2435,0.871047227926078,0.9806981519507186,0.9806981519507186,0.5674574734500355,0,,,0,
5,35,linear_structured_final_mondrian,0,509,1,1,1,,1,0.22820294432683508,,1,3
5,35,linear_structured_final_mondrian,1,2340,0.8645299145299146,1.879059829059829,1.8935897435897435,0.3331783260253635,0,0.345702944326835,-0.012524618301471502,0,50
5,35,linear_structured_final_mondrian,2,2357,0.9406024607551973,2.004242681374629,3.0084853627492576,0.5086615104960112,0,0.46320294432683495,0.04545856616917621,0,50
5,35,linear_structured_final_mondrian,3,2359,0.9126748622297584,2.0339126748622296,4.013141161509114,0.5448157616047451,0,0.5807029443268349,-0.035887182722089794,0,50
5,35,linear_structured_final_mondrian,4,2435,0.8217659137577003,1.9342915811088295,4.5519507186858315,0.4990601163539748,0,0.6982029443268348,-0.19914282797286004,0,50
5,36,independent_mondrian,0,493,1,1,1,,1,,,0,
5,36,independent_mondrian,1,2349,0.8654746700723712,1.86845466155811,1.8714346530438484,0.34387326587455025,0,,,0,
5,36,independent_mondrian,2,2347,0.8572645930975714,1.9292714103110353,2.9169152109075416,0.4038581641254394,0,,,0,
5,36,independent_mondrian,3,2380,0.934453781512605,2.0327731092436974,4.023109243697479,0.5779776035461983,0,,,0,
5,36,independent_mondrian,4,2431,0.8770053475935828,1.9888934594816947,4.69806663924311,0.5393624508724594,0,,,0,
5,36,ordinal_cluster,0,493,0.9614604462474645,0.9614604462474645,0.9614604462474645,0.3641925268735322,0,,,0,
5,36,ordinal_cluster,1,2349,0.8969774372073223,0.9042145593869731,0.9042145593869731,0.37530571051459155,0,,,0,
5,36,ordinal_cluster,2,2347,0.8713250958670643,0.9186195142735407,0.9186195142735407,0.41844744956402485,0,,,0,
5,36,ordinal_cluster,3,2380,0.8857142857142857,1.000420168067227,1.000420168067227,0.5011071946042596,0,,,0,
5,36,ordinal_cluster,4,2431,0.9012751953928424,0.9765528589058001,0.9765528589058001,0.5685888436051524,0,,,0,
5,36,linear_structured_final_mondrian,0,493,1,1,1,,1,0.33314466792985575,,1,3
5,36,linear_structured_final_mondrian,1,2349,0.8407833120476799,1.8420604512558536,1.8433375904640272,0.31911606930014663,0,0.39564466792985575,-0.07652859862970912,0,50
5,36,linear_structured_final_mondrian,2,2347,0.8074137196420963,1.8789944610140605,2.8167873881550918,0.3578157426816681,0,0.45814466792985575,-0.10032892524818765,0,50
5,36,linear_structured_final_mondrian,3,2380,0.934453781512605,2.015966386554622,3.995798319327731,0.5779776035461983,0,0.5206446679298558,0.05733293561634256,0,50
5,36,linear_structured_final_mondrian,4,2431,0.8700123406005759,1.9819004524886878,4.681201151789387,0.5229299620767129,0,0.5831446679298558,-0.060214705853142814,0,50
5,37,independent_mondrian,0,462,1,1,1,,1,,,0,
5,37,independent_mondrian,1,2384,0.861996644295302,1.8636744966442953,1.8653523489932886,0.33941129545165727,0,,,0,
5,37,independent_mondrian,2,2414,0.7966031483015742,1.8189726594863298,2.649544324772162,0.350937992847485,0,,,0,
5,37,independent_mondrian,3,2342,0.807002561912895,1.9316823228010247,3.8590947907771134,0.41019606243102613,0,,,0,
5,37,independent_mondrian,4,2398,0.9070058381984988,1.9620517097581318,4.769391159299416,0.6062677984233822,0,,,0,
5,37,ordinal_cluster,0,462,0.9458874458874459,0.948051948051948,0.948051948051948,0.33941129545165727,0,,,0,
5,37,ordinal_cluster,1,2384,0.8674496644295302,0.8720637583892618,0.8720637583892618,0.34279281770605485,0,,,0,
5,37,ordinal_cluster,2,2414,0.8094449047224523,0.8330571665285833,0.8330571665285833,0.36152412257473293,0,,,0,
5,37,ordinal_cluster,3,2342,0.8219470538001707,0.9039282664389411,0.9039282664389411,0.4218159296210216,0,,,0,
5,37,ordinal_cluster,4,2398,0.8432026688907422,0.9015846538782318,0.9015846538782318,0.5202347824872131,0,,,0,
5,37,linear_structured_final_mondrian,0,462,1,1.0021645021645023,1.0021645021645023,,1,0.14146604660077533,,1,3
5,37,linear_structured_final_mondrian,1,2384,0.8766778523489933,1.8791946308724832,1.8817114093959733,0.3503400771482872,0,0.2564660466007753,0.09387403054751187,0,50
5,37,linear_structured_final_mondrian,2,2414,0.8077879038939519,1.832228666114333,2.676470588235294,0.3594267940726997,0,0.3714660466007753,-0.012039252528075639,0,50
5,37,linear_structured_final_mondrian,3,2342,0.8219470538001707,1.9385140905209224,3.873185311699402,0.4218159296210216,0,0.4864660466007753,-0.0646501169797537,0,50
5,37,linear_structured_final_mondrian,4,2398,0.8928273561301084,1.951209341117598,4.736447039199333,0.589024604153567,0,0.6014660466007753,-0.01244144244720824,0,50
5,38,independent_mondrian,0,488,1,1.0020491803278688,1.0020491803278688,,1,,,0,
5,38,independent_mondrian,1,2361,0.9000423549343498,1.9047013977128335,1.9093604404913171,0.36501884746881563,0,,,0,
5,38,independent_mondrian,2,2376,0.8699494949494949,1.9048821548821548,2.827861952861953,0.4085639207391451,0,,,0,
5,38,independent_mondrian,3,2362,0.8611346316680779,2.0059271803556307,3.9614733276883998,0.4808225348014552,0,,,0,
5,38,independent_mondrian,4,2413,0.9038541234977207,1.9900538748445917,4.7683381682552834,0.6073344895081983,0,,,0,
5,38,ordinal_cluster,0,488,0.9549180327868853,0.9569672131147541,0.9569672131147541,0.3664102069592736,0,,,0,
5,38,ordinal_cluster,1,2361,0.929690808979246,0.9360440491317239,0.9360440491317239,0.4010341084609976,0,,,0,
5,38,ordinal_cluster,2,2376,0.8699494949494949,0.9187710437710438,0.9187710437710438,0.4085639207391451,0,,,0,
5,38,ordinal_cluster,3,2362,0.890770533446232,1.0203217612193056,1.0203217612193056,0.5150871931400647,0,,,0,
5,38,ordinal_cluster,4,2413,0.884790716949855,0.9834231247409864,0.9834231247409864,0.5784871178623621,0,,,0,
5,38,linear_structured_final_mondrian,0,488,1,1.0020491803278688,1.0020491803278688,,1,0.29501884746881557,,1,3
5,38,linear_structured_final_mondrian,1,2361,0.9008894536213469,1.904277848369335,1.9076662431173232,0.3664102069592736,0,0.36501884746881563,0.0013913594904579885,0,50
5,38,linear_structured_final_mondrian,2,2376,0.8569023569023569,1.9191919191919191,2.8838383838383836,0.39681520469020265,0,0.4350188474688157,-0.038203642778613045,0,50
5,38,linear_structured_final_mondrian,3,2362,0.9195596951735817,2.0982218458933106,4.080016934801016,0.5666904147122461,0,0.5050188474688158,0.06167156724343037,0,50
5,38,linear_structured_final_mondrian,4,2413,0.9287194363862412,2.054703688354745,4.8280149191877335,0.6599050589213693,0,0.5750188474688158,0.08488621145255348,0,50
5,39,independent_mondrian,0,515,1,1,1,,1,,,0,
5,39,independent_mondrian,1,2345,0.8942430703624733,1.8972281449893391,1.9002132196162047,0.36343029537238775,0,,,0,
5,39,independent_mondrian,2,2380,0.8680672268907563,1.9008403361344537,2.8117647058823527,0.40945873251103754,0,,,0,
5,39,independent_mondrian,3,2431,0.8424516659810778,1.9753187988482106,3.9329494035376387,0.4540727087985674,0,,,0,
5,39,independent_mondrian,4,2329,0.8780592528982396,1.9471876341777588,4.678402747960498,0.5787803309398624,0,,,0,
5,39,ordinal_cluster,0,515,0.9495145631067962,0.9495145631067962,0.9495145631067962,0.36343029537238775,0,,,0,
5,39,ordinal_cluster,1,2345,0.9215351812366738,0.926226012793177,0.926226012793177,0.39384800338083087,0,,,0,
5,39,ordinal_cluster,2,2380,0.8634453781512605,0.8991596638655462,0.8991596638655462,0.4046364219079444,0,,,0,
5,39,ordinal_cluster,3,2431,0.8506787330316742,0.9457013574660633,0.9457013574660633,0.46173083759550054,0,,,0,
5,39,ordinal_cluster,4,2329,0.8308286818376985,0.9033920137398025,0.9033920137398025,0.5059907330615585,0,,,0,
5,39,linear_structured_final_mondrian,0,515,1,1,1,,1,0.28599073306155876,,1,3
5,39,linear_structured_final_mondrian,1,2345,0.91727078891258,1.92409381663113,1.9309168443496803,0.38965504716671867,0,0.3409907330615587,0.04866431410515998,0,50
5,39,linear_structured_final_mondrian,2,2380,0.9025210084033614,1.9542016806722688,2.9323529411764704,0.4567750329090685,0,0.39599073306155863,0.06078429984750988,0,50
5,39,linear_structured_final_mondrian,3,2431,0.897573015220074,2.04607157548334,4.036610448375154,0.5153245534597398,0,0.45099073306155857,0.06433382039818125,0,50
5,39,linear_structured_final_mondrian,4,2329,0.888364104765994,1.9768140832975527,4.708029197080292,0.5908357170175442,0,0.5059907330615585,0.08484498395598572,0,50
5,40,independent_mondrian,0,459,1,1,1,,1,,,0,
5,40,independent_mondrian,1,2344,0.9227815699658704,1.9313139931740615,1.9398464163822526,0.39662592233198624,0,,,0,
5,40,independent_mondrian,2,2418,0.892059553349876,1.9338296112489661,2.8879239040529363,0.4196638492907475,0,,,0,
5,40,independent_mondrian,3,2370,0.8810126582278481,2.0582278481012657,4.021518987341772,0.49957967242360185,0,,,0,
5,40,independent_mondrian,4,2409,0.9290161892901619,2.0224159402241595,4.830635118306351,0.6666741197012379,0,,,0,
5,40,ordinal_cluster,0,459,0.9673202614379085,0.9673202614379085,0.9673202614379085,0.39662592233198624,0,,,0,
5,40,ordinal_cluster,1,2344,0.9325938566552902,0.9436860068259386,0.9436860068259386,0.41243673032212474,0,,,0,
5,40,ordinal_cluster,2,2418,0.9152191894127378,0.9714640198511166,0.9714640198511166,0.45411010110053984,0,,,0,
5,40,ordinal_cluster,3,2370,0.9059071729957806,1.0447257383966244,1.0447257383966244,0.5430608924750804,0,,,0,
5,40,ordinal_cluster,4,2409,0.8895807388958074,1.00373599003736,1.00373599003736,0.590838557617784,0,,,0,
5,40,linear_structured_final_mondrian,0,459,1,1,1,,1,0.3693542413733327,,1,3
5,40,linear_structured_final_mondrian,1,2344,0.8686006825938567,1.875,1.8813993174061434,0.33441196646251137,0,0.44185424137333273,-0.10744227491082137,0,50
5,40,linear_structured_final_mondrian,2,2418,0.8672456575682382,1.913151364764268,2.8622828784119108,0.3947101144731066,0,0.5143542413733327,-0.11964412690022613,0,50
5,40,linear_structured_final_mondrian,3,2370,0.9,2.070464135021097,4.043459915611814,0.5333768933178995,0,0.5868542413733328,-0.05347734805543325,0,50
5,40,linear_structured_final_mondrian,4,2409,0.9290161892901619,2.0394354503943544,4.830635118306351,0.6666741197012379,0,0.6593542413733328,0.007319878327905149,0,50
5,41,independent_mondrian,0,504,1,1.003968253968254,1.003968253968254,,1,,,0,
5,41,independent_mondrian,1,2334,0.9481576692373608,1.9541559554413024,1.9601542416452442,0.44716589478544155,0,,,0,
5,41,independent_mondrian,2,2343,0.8881775501493812,1.979086641058472,2.9833546734955187,0.43227229560440084,0,,,0,
5,41,independent_mondrian,3,2474,0.9345189975747777,2.093371059013743,4.089329021827001,0.5987559525830178,0,,,0,
5,41,independent_mondrian,4,2345,0.9181236673773987,2.0439232409381662,4.795309168443497,0.6273970404992428,0,,,0,
5,41,ordinal_cluster,0,504,0.9761904761904762,0.9801587301587301,0.9801587301587301,0.44716589478544155,0,,,0,
5,41,ordinal_cluster,1,2334,0.9408740359897172,0.9567266495287061,0.9567266495287061,0.43227229560440084,0,,,0,
5,41,ordinal_cluster,2,2343,0.9039692701664532,0.9696969696969697,0.9696969696969697,0.45569789594509774,0,,,0,
5,41,ordinal_cluster,3,2474,0.9050121261115602,1.0691188358932902,1.0691188358932902,0.5378835762119962,0,,,0,
5,41,ordinal_cluster,4,2345,0.9168443496801706,1.0136460554371003,1.0136460554371003,0.6246116448886443,0,,,0,
5,41,linear_structured_final_mondrian,0,504,1,1.0099206349206349,1.0099206349206349,,1,0.34107562901040367,,1,3
5,41,linear_structured_final_mondrian,1,2334,0.9721508140531276,1.977720651242502,1.9832904884318765,0.5070851212781232,0,0.4010756290104037,0.1060094922677195,0,50
5,41,linear_structured_final_mondrian,2,2343,0.8672641912078531,1.9701237729406744,2.9739650021340163,0.4077272084526721,0,0.4610756290104038,-0.0533484205577317,0,50
5,41,linear_structured_final_mondrian,3,2474,0.9345189975747777,2.128132578819725,4.130153597413096,0.5987559525830178,0,0.5210756290104038,0.07768032357261401,0,50
5,41,linear_structured_final_mondrian,4,2345,0.9428571428571428,2.0686567164179106,4.857142857142857,0.6852940409906619,0,0.5810756290104039,0.10421841198025805,0,50
5,42,independent_mondrian,0,536,1,1,1,,1,,,0,
5,42,independent_mondrian,1,2354,0.8946474086661003,1.8984706881903144,1.9022939677145285,0.37044231663028554,0,,,0,
5,42,independent_mondrian,2,2331,0.8837408837408838,1.9377949377949377,2.9141999141999144,0.4121448323429457,0,,,0,
5,42,independent_mondrian,3,2406,0.9243557772236076,2.0964256026600165,4.086866167913549,0.5561080560552543,0,,,0,
5,42,independent_mondrian,4,2373,0.9148756847871892,2.0345554150863885,4.784660766961652,0.6517310502724033,0,,,0,
5,42,ordinal_cluster,0,536,0.9645522388059702,0.9645522388059702,0.9645522388059702,0.3799887944135763,0,,,0,
5,42,ordinal_cluster,1,2354,0.905267629566695,0.9171622769753611,0.9171622769753611,0.387774309149978,0,,,0,
5,42,ordinal_cluster,2,2331,0.918918918918919,0.9742599742599742,0.9742599742599742,0.4607468881216186,0,,,0,
5,42,ordinal_cluster,3,2406,0.9239401496259352,1.0885286783042394,1.0885286783042394,0.5549234668940438,0,,,0,
5,42,ordinal_cluster,4,2373,0.899283607248209,1.0164348925410873,1.0164348925410873,0.6181398481898112,0,,,0,
5,42,linear_structured_final_mondrian,0,536,1,1,1,,1,0.3052414116718497,,1,3
5,42,linear_structured_final_mondrian,1,2354,0.903143585386576,1.9065420560747663,1.9099405267629566,0.3799887944135763,0,0.37024141167184965,0.009747382741726651,0,50
5,42,linear_structured_final_mondrian,2,2331,0.8725868725868726,1.918060918060918,2.866151866151866,0.39920372619273253,0,0.4352414116718496,-0.036037685479117065,0,50
5,42,linear_structured_final_mondrian,3,2406,0.9073150457190358,2.1101413133832088,4.098919368246052,0.5305477188383517,0,0.5002414116718495,0.030306307166502178,0,50
5,42,linear_structured_final_mondrian,4,2373,0.9355246523388117,2.0434049726085126,4.833122629582807,0.6964968644659363,0,0.5652414116718495,0.1312554527940868,0,50
5,43,independent_mondrian,0,493,1,1,1,,1,,,0,
5,43,independent_mondrian,1,2326,0.8417884780739467,1.845657781599312,1.8495270851246775,0.31440162720078346,0,,,0,
5,43,independent_mondrian,2,2362,0.8285351397121083,1.871718882303133,2.775613886536833,0.3758487785939882,0,,,0,
5,43,independent_mondrian,3,2455,0.8936863543788187,2.0171079429735235,3.975560081466395,0.5233318068938495,0,,,0,
5,43,independent_mondrian,4,2364,0.9060913705583756,1.9949238578680204,4.75,0.5981511141623238,0,,,0,
5,43,ordinal_cluster,0,493,0.9168356997971603,0.9168356997971603,0.9168356997971603,0.31440162720078346,0,,,0,
5,43,ordinal_cluster,1,2326,0.8740326741186586,0.8852106620808254,0.8852106620808254,0.34360497081835445,0,,,0,
5,43,ordinal_cluster,2,2362,0.8869602032176122,0.93268416596105,0.93268416596105,0.4389815860747251,0,,,0,
5,43,ordinal_cluster,3,2455,0.8892057026476579,1.0183299389002036,1.0183299389002036,0.5182102927821516,0,,,0,
5,43,ordinal_cluster,4,2364,0.899746192893401,0.9868866328257191,0.9868866328257191,0.5806661957958289,0,,,0,
5,43,linear_structured_final_mondrian,0,493,1,1,1,,1,0.17596917436381931,,1,3
5,43,linear_structured_final_mondrian,1,2326,0.8615649183147034,1.8710232158211522,1.880481513327601,0.33023715463387615,0,0.2909691743638193,0.039267980270056846,0,50
5,43,linear_structured_final_mondrian,2,2362,0.888653683319221,1.9305673158340388,2.889500423370025,0.44112388200287644,0,0.4059691743638193,0.03515470763905715,0,50
5,43,linear_structured_final_mondrian,3,2455,0.8863543788187372,2.015071283095723,3.984928716904277,0.5105686553276001,0,0.5209691743638193,-0.010400519036219191,0,50
5,43,linear_structured_final_mondrian,4,2364,0.8950930626057529,1.976311336717428,4.725042301184433,0.5727699418450743,0,0.6359691743638193,-0.06319923251874493,0,50
5,44,independent_mondrian,0,519,1,1,1,,1,,,0,
5,44,independent_mondrian,1,2348,0.9531516183986372,1.9582623509369677,1.963373083475298,0.43876039423590263,0,,,0,
5,44,independent_mondrian,2,2376,0.9061447811447811,1.9482323232323233,2.90993265993266,0.43863553552823037,0,,,0,
5,44,independent_mondrian,3,2345,0.8938166311300639,2.0076759061833687,3.9936034115138592,0.496501612798424,0,,,0,
5,44,independent_mondrian,4,2412,0.8731343283582089,1.9680762852404643,4.701492537313433,0.5692737227905963,0,,,0,
5,44,ordinal_cluster,0,519,0.9865125240847784,0.9865125240847784,0.9865125240847784,0.43876039423590263,0,,,0,
5,44,ordinal_cluster,1,2348,0.9531516183986372,0.9676320272572402,0.9676320272572402,0.43863553552823037,0,,,0,
5,44,ordinal_cluster,2,2376,0.9158249158249159,0.9528619528619529,0.9528619528619529,0.4517828348821859,0,,,0,
5,44,ordinal_cluster,3,2345,0.877185501066098,0.9748400852878465,0.9748400852878465,0.47400852673854316,0,,,0,
5,44,ordinal_cluster,4,2412,0.8416252072968491,0.9253731343283582,0.9253731343283582,0.5227256693705454,0,,,0,
5,44,linear_structured_final_mondrian,0,519,1,1,1,,1,0.3234234437482954,,1,3
5,44,linear_structured_final_mondrian,1,2348,0.9727427597955707,1.9778534923339013,1.9829642248722317,0.4958425965361746,0,0.3809234437482955,0.11491915278787906,0,50
5,44,linear_structured_final_mondrian,2,2376,0.9061447811447811,1.9617003367003367,2.9158249158249157,0.43896757765419053,0,0.4384234437482956,0.0005441339058949168,0,50
5,44,linear_structured_final_mondrian,3,2345,0.8797441364605544,2.017484008528785,3.9918976545842217,0.47924404308976787,0,0.4959234437482957,-0.016679400658527854,0,50
5,44,linear_structured_final_mondrian,4,2412,0.8951077943615257,1.9821724709784412,4.759535655058043,0.6140336799947542,0,0.5534234437482959,0.06061023624645834,0,50
5,45,independent_mondrian,0,486,1,1,1,,1,,,0,
5,45,independent_mondrian,1,2368,0.9336993243243243,1.9379222972972974,1.9421452702702702,0.4177522451405108,0,,,0,
5,45,independent_mondrian,2,2382,0.8845507976490344,1.9353484466834592,2.8963056255247692,0.4287481087298414,0,,,0,
5,45,independent_mondrian,3,2356,0.9087436332767402,2.0483870967741935,4.034804753820034,0.5355668520147047,0,,,0,
5,45,independent_mondrian,4,2408,0.9115448504983389,2.0161960132890364,4.775747508305648,0.6202439279281402,0,,,0,
5,45,ordinal_cluster,0,486,0.9794238683127572,0.9794238683127572,0.9794238683127572,0.4177522451405108,0,,,0,
5,45,ordinal_cluster,1,2368,0.9379222972972973,0.950168918918919,0.950168918918919,0.4220860871062676,0,,,0,
5,45,ordinal_cluster,2,2382,0.9109991603694374,0.9626364399664148,0.9626364399664148,0.4578400116252129,0,,,0,
5,45,ordinal_cluster,3,2356,0.9087436332767402,1.0335314091680814,1.0335314091680814,0.5357054484052562,0,,,0,
5,45,ordinal_cluster,4,2408,0.8862126245847176,0.9908637873754153,0.9908637873754153,0.5697476266608683,0,,,0,
5,45,linear_structured_final_mondrian,0,486,1,1,1,,1,0.36563826550776357,,1,3
5,45,linear_structured_final_mondrian,1,2368,0.9311655405405406,1.9349662162162162,1.9387668918918919,0.41345468168722427,0,0.4206382655077635,-0.007183583820539241,0,50
5,45,linear_structured_final_mondrian,2,2382,0.8799328295549959,1.9303106633081444,2.8866498740554154,0.4220860871062676,0,0.47563826550776345,-0.05355217840149584,0,50
5,45,linear_structured_final_mondrian,3,2356,0.9087436332767402,2.0925297113752124,4.075976230899831,0.5357054484052562,0,0.5306382655077634,0.005067182897492861,0,50
5,45,linear_structured_final_mondrian,4,2408,0.9426910299003323,2.04734219269103,4.854235880398671,0.6939365702004939,0,0.5856382655077633,0.10829830469273061,0,50
5,46,independent_mondrian,0,527,1,1,1,,1,,,0,
5,46,independent_mondrian,1,2369,0.8577458843393837,1.8611228366399324,1.8644997889404813,0.32706698536636186,0,,,0,
5,46,independent_mondrian,2,2368,0.8758445945945946,1.9451013513513513,2.947635135135135,0.41146847225450783,0,,,0,
5,46,independent_mondrian,3,2392,0.9243311036789298,2.069397993311037,4.0647993311036785,0.5868937210278217,0,,,0,
5,46,independent_mondrian,4,2344,0.8993174061433447,2.023037542662116,4.748293515358362,0.5943566434994506,0,,,0,
5,46,ordinal_cluster,0,527,0.920303605313093,0.920303605313093,0.920303605313093,0.32706698536636186,0,,,0,
5,46,ordinal_cluster,1,2369,0.9071338117349093,0.9117771211481638,0.9117771211481638,0.37957991622998666,0,,,0,
5,46,ordinal_cluster,2,2368,0.8902027027027027,0.9438344594594594,0.9438344594594594,0.42988975321582057,0,,,0,
5,46,ordinal_cluster,3,2392,0.9009197324414716,1.0493311036789297,1.0493311036789297,0.5358474350090086,0,,,0,
5,46,ordinal_cluster,4,2344,0.8971843003412969,1,1,0.5891684867609973,0,,,0,
5,46,linear_structured_final_mondrian,0,527,1,1,1,,1,0.25215820737867484,,1,3
5,46,linear_structured_final_mondrian,1,2369,0.8585901224145209,1.8644997889404813,1.8704094554664414,0.3274205696083818,0,0.3271582073786748,0.00026236222970699163,0,50
5,46,linear_structured_final_mondrian,2,2368,0.9049831081081081,1.9923986486486487,2.992820945945946,0.453243108146911,0,0.40215820737867475,0.05108490076823624,0,50
5,46,linear_structured_final_mondrian,3,2392,0.9452341137123745,2.104096989966555,4.0790133779264215,0.6291115210826455,0,0.4771582073786747,0.15195331370397075,0,50
5,46,linear_structured_final_mondrian,4,2344,0.9027303754266212,2.0533276450511946,4.7581058020477816,0.5972430539490645,0,0.5521582073786746,0.045084846570389914,0,50
5,47,independent_mondrian,0,499,1,1.002004008016032,1.002004008016032,,1,,,0,
5,47,independent_mondrian,1,2347,0.8598210481465701,1.872177247550064,1.8845334469535577,0.34014766704106597,0,,,0,
5,47,independent_mondrian,2,2336,0.916095890410959,1.9387842465753424,2.8839897260273974,0.469377581044204,0,,,0,
5,47,independent_mondrian,3,2375,0.8261052631578948,1.9397894736842105,3.8421052631578947,0.4319870329927915,0,,,0,
5,47,independent_mondrian,4,2443,0.8428162095783872,1.9083094555873925,4.567744576340565,0.5128262299698705,0,,,0,
5,47,ordinal_cluster,0,499,0.9398797595190381,0.9438877755511023,0.9438877755511023,0.34014766704106597,0,,,0,
5,47,ordinal_cluster,1,2347,0.9139326800170431,0.9216020451640392,0.9216020451640392,0.3930828108487092,0,,,0,
5,47,ordinal_cluster,2,2336,0.8745719178082192,0.9101027397260274,0.9101027397260274,0.41840694143807405,0,,,0,
5,47,ordinal_cluster,3,2375,0.8618947368421053,0.9574736842105264,0.9574736842105264,0.469377581044204,0,,,0,
5,47,ordinal_cluster,4,2443,0.8362668849774867,0.9132214490380679,0.9132214490380679,0.5044436510210546,0,,,0,
5,47,linear_structured_final_mondrian,0,499,1,1.002004008016032,1.002004008016032,,1,0.298082810848709,,1,3
5,47,linear_structured_final_mondrian,1,2347,0.867916489135066,1.8802726885385599,1.8926288879420536,0.34383825941743223,0,0.3455828108487091,-0.0017445514312768862,0,50
5,47,linear_structured_final_mondrian,2,2336,0.916095890410959,1.9734589041095891,2.9760273972602738,0.469377581044204,0,0.3930828108487092,0.0762947701954948,0,50
5,47,linear_structured_final_mondrian,3,2375,0.9162105263157895,2.0370526315789474,4.0336842105263155,0.544065426643916,0,0.4405828108487093,0.10348261579520668,0,50
5,47,linear_structured_final_mondrian,4,2443,0.8583708555055259,1.9635693819074909,4.659435120753172,0.5369726916853464,0,0.4880828108487094,0.048889880836637034,0,50
5,48,independent_mondrian,0,490,1,1,1,,1,,,0,
5,48,independent_mondrian,1,2399,0.9383076281784076,1.9495623176323469,1.960817007086286,0.41043902381291686,0,,,0,
5,48,independent_mondrian,2,2362,0.9309906858594411,1.9801016088060965,2.9779847586790855,0.4956913416568567,0,,,0,
5,48,independent_mondrian,3,2415,0.8869565217391304,2.032298136645963,4.021532091097309,0.4975094821423369,0,,,0,
5,48,independent_mondrian,4,2334,0.9053127677806341,1.9918594687232218,4.7806341045415595,0.5950719054019787,0,,,0,
5,48,ordinal_cluster,0,490,0.9734693877551021,0.9734693877551021,0.9734693877551021,0.41043902381291686,0,,,0,
5,48,ordinal_cluster,1,2399,0.9483117965819091,0.9599833263859942,0.9599833263859942,0.43124220292105614,0,,,0,
5,48,ordinal_cluster,2,2362,0.9110922946655376,0.9729043183742591,0.9729043183742591,0.4616284073650173,0,,,0,
5,48,ordinal_cluster,3,2415,0.913871635610766,1.0298136645962732,1.0298136645962732,0.5361238963137902,0,,,0,
5,48,ordinal_cluster,4,2334,0.8770351328191945,0.9794344473007712,0.9794344473007712,0.5557889185418997,0,,,0,
5,48,linear_structured_final_mondrian,0,490,1,1,1,,1,0.36389634361570533,,1,3
5,48,linear_structured_final_mondrian,1,2399,0.9253855773238849,1.9366402667778242,1.9478949562317633,0.3953795071491335,0,0.40889634361570526,-0.013516836466571758,0,50
5,48,linear_structured_final_mondrian,2,2362,0.9309906858594411,1.9779847586790855,2.976714648602879,0.4956913416568567,0,0.4538963436157052,0.0417949980411515,0,50
5,48,linear_structured_final_mondrian,3,2415,0.8902691511387164,2.0625258799171844,4.053416149068323,0.4997664121687459,0,0.4988963436157051,0.0008700685530407815,0,50
5,48,linear_structured_final_mondrian,4,2334,0.927592116538132,2.01413881748072,4.827335047129392,0.6442437802574849,0,0.543896343615705,0.10034743664177981,0,50
5,49,independent_mondrian,0,499,1,1,1,,1,,,0,
5,49,independent_mondrian,1,2352,0.8418367346938775,1.848639455782313,1.8554421768707483,0.3166049144880106,0,,,0,
5,49,independent_mondrian,2,2437,0.9035699630693476,1.9298317603610997,2.8752564628641775,0.45580690612696756,0,,,0,
5,49,independent_mondrian,3,2442,0.8419328419328419,1.9881244881244882,3.947993447993448,0.4515507584022333,0,,,0,
5,49,independent_mondrian,4,2270,0.9096916299559471,1.9682819383259913,4.761674008810573,0.6141058782635593,0,,,0,
5,49,ordinal_cluster,0,499,0.9218436873747495,0.9218436873747495,0.9218436873747495,0.3166049144880106,0,,,0,
5,49,ordinal_cluster,1,2352,0.9005102040816326,0.9060374149659864,0.9060374149659864,0.3748892199741736,0,,,0,
5,49,ordinal_cluster,2,2437,0.8818219121871153,0.9183422240459581,0.9183422240459581,0.4257687773319812,0,,,0,
5,49,ordinal_cluster,3,2442,0.8660933660933661,0.9701064701064701,0.9701064701064701,0.4797191274254909,0,,,0,
5,49,ordinal_cluster,4,2270,0.8674008810572688,0.9361233480176211,0.9361233480176211,0.5363402029034041,0,,,0,
5,49,linear_structured_final_mondrian,0,499,1,1,1,,1,0.24692862119204395,,1,3
5,49,linear_structured_final_mondrian,1,2352,0.8231292517006803,1.8303571428571428,1.8375850340136055,0.300590706888978,0,0.33692862119204403,-0.03633791430306604,0,50
5,49,linear_structured_final_mondrian,2,2437,0.9056216659827657,1.9314731226918342,2.8805908904390645,0.4577175464724593,0,0.4269286211920441,0.030788925280415214,0,50
5,49,linear_structured_final_mondrian,3,2442,0.8488943488943489,1.9885339885339886,3.953726453726454,0.46112458212043095,0,0.5169286211920442,-0.05580403907161324,0,50
5,49,linear_structured_final_mondrian,4,2270,0.9004405286343612,1.9625550660792952,4.737885462555066,0.5959814584908332,0,0.6069286211920443,-0.0109471627012111,0,50
