repetition,n_cert,method,tau,candidate_threshold,candidate_true_coverage,threshold,finite,true_coverage,pac_valid,support,successes,lower_bound,accepted
0,1000,independent_mondrian_total_budget,,,,0.7770752778174819,1,0.9006696060694389,1,43,,,
0,1000,direct_pac_split_matched,,,1.0,,0,1.0,1,34,0,0.0,0
0,1000,direct_pac_total_budget,,,1.0,,0,1.0,1,43,0,0.0,0
0,1000,ordinal_pooled_candidate_uncertified,0.9,0.8644475876262462,0.9574867875091497,0.8644475876262462,1,0.9574867875091497,1,46,,,
0,1000,ordinal_candidate_plus_cp_certification,0.9,0.8644475876262462,0.9574867875091497,,0,1.0,1,34,33,0.8201806253300565,0
0,1000,ordinal_pooled_candidate_uncertified,0.93,0.8743067417223461,0.9617640038249441,0.8743067417223461,1,0.9617640038249441,1,46,,,
0,1000,ordinal_candidate_plus_cp_certification,0.93,0.8743067417223461,0.9617640038249441,,0,1.0,1,34,33,0.8201806253300565,0
0,1000,ordinal_pooled_candidate_uncertified,0.95,0.9571356015130579,0.9855804145051004,0.9571356015130579,1,0.9855804145051004,1,46,,,
0,1000,ordinal_candidate_plus_cp_certification,0.95,0.9571356015130579,0.9855804145051004,,0,1.0,1,34,33,0.8201806253300565,0
0,1000,ordinal_pooled_candidate_uncertified,0.97,1.1649085129143133,0.9993691295082059,1.1649085129143133,1,0.9993691295082059,1,46,,,
0,1000,ordinal_candidate_plus_cp_certification,0.97,1.1649085129143133,0.9993691295082059,,0,1.0,1,34,34,0.8733261623828432,0
1,1000,independent_mondrian_total_budget,,,,0.7977911760204832,1,0.9175769166966081,1,43,,,
1,1000,direct_pac_split_matched,,,1.0,,0,1.0,1,40,0,0.0,0
1,1000,direct_pac_total_budget,,,1.0,,0,1.0,1,43,0,0.0,0
1,1000,ordinal_pooled_candidate_uncertified,0.9,0.7958063730639402,0.9160575353261158,0.7958063730639402,1,0.9160575353261158,1,40,,,
1,1000,ordinal_candidate_plus_cp_certification,0.9,0.7958063730639402,0.9160575353261158,,0,1.0,1,40,36,0.7363813201148686,0
1,1000,ordinal_pooled_candidate_uncertified,0.93,0.846259466672798,0.9485862021027167,0.846259466672798,1,0.9485862021027167,1,40,,,
1,1000,ordinal_candidate_plus_cp_certification,0.93,0.846259466672798,0.9485862021027167,,0,1.0,1,40,40,0.8912509381337455,0
1,1000,ordinal_pooled_candidate_uncertified,0.95,0.846259466672798,0.9485862021027167,0.846259466672798,1,0.9485862021027167,1,40,,,
1,1000,ordinal_candidate_plus_cp_certification,0.95,0.846259466672798,0.9485862021027167,,0,1.0,1,40,40,0.8912509381337455,0
1,1000,ordinal_pooled_candidate_uncertified,0.97,0.8881828119921965,0.9671829231661091,0.8881828119921965,1,0.9671829231661091,1,40,,,
1,1000,ordinal_candidate_plus_cp_certification,0.97,0.8881828119921965,0.9671829231661091,,0,1.0,1,40,40,0.8912509381337455,0
2,1000,independent_mondrian_total_budget,,,,0.7996421155461284,1,0.9189750793652125,1,23,,,
2,1000,direct_pac_split_matched,,,1.0,,0,1.0,1,20,0,0.0,0
2,1000,direct_pac_total_budget,,,1.0,,0,1.0,1,23,0,0.0,0
2,1000,ordinal_pooled_candidate_uncertified,0.9,0.7654928965524009,0.890175968403258,0.7654928965524009,1,0.890175968403258,0,43,,,
2,1000,ordinal_candidate_plus_cp_certification,0.9,0.7654928965524009,0.890175968403258,,0,1.0,1,20,18,0.6416647373591131,0
2,1000,ordinal_pooled_candidate_uncertified,0.93,0.8440648498766958,0.9474186787535135,0.8440648498766958,1,0.9474186787535135,1,43,,,
2,1000,ordinal_candidate_plus_cp_certification,0.93,0.8440648498766958,0.9474186787535135,,0,1.0,1,20,19,0.7112096320069801,0
2,1000,ordinal_pooled_candidate_uncertified,0.95,0.8875677496797721,0.9669569150017807,0.8875677496797721,1,0.9669569150017807,1,43,,,
2,1000,ordinal_candidate_plus_cp_certification,0.95,0.8875677496797721,0.9669569150017807,,0,1.0,1,20,19,0.7112096320069801,0
2,1000,ordinal_pooled_candidate_uncertified,0.97,0.8909028452023827,0.9681671865968722,0.8909028452023827,1,0.9681671865968722,1,43,,,
2,1000,ordinal_candidate_plus_cp_certification,0.97,0.8909028452023827,0.9681671865968722,,0,1.0,1,20,19,0.7112096320069801,0
3,1000,independent_mondrian_total_budget,,,,0.7293926847386634,1,0.852441776013508,0,33,,,
3,1000,direct_pac_split_matched,,,1.0,,0,1.0,1,27,0,0.0,0
3,1000,direct_pac_total_budget,,,1.0,,0,1.0,1,33,0,0.0,0
3,1000,ordinal_pooled_candidate_uncertified,0.9,0.7293926847386634,0.852441776013508,0.7293926847386634,1,0.852441776013508,0,39,,,
3,1000,ordinal_candidate_plus_cp_certification,0.9,0.7293926847386634,0.852441776013508,,0,1.0,1,27,26,0.7782969442853849,0
3,1000,ordinal_pooled_candidate_uncertified,0.93,0.8685767599686607,0.9593230428068141,0.8685767599686607,1,0.9593230428068141,1,39,,,
3,1000,ordinal_candidate_plus_cp_certification,0.93,0.8685767599686607,0.9593230428068141,,0,1.0,1,27,27,0.8431909292866258,0
3,1000,ordinal_pooled_candidate_uncertified,0.95,0.8685767599686607,0.9593230428068141,0.8685767599686607,1,0.9593230428068141,1,39,,,
3,1000,ordinal_candidate_plus_cp_certification,0.95,0.8685767599686607,0.9593230428068141,,0,1.0,1,27,27,0.8431909292866258,0
3,1000,ordinal_pooled_candidate_uncertified,0.97,0.9131287061055693,0.9753300989910394,0.9131287061055693,1,0.9753300989910394,1,39,,,
3,1000,ordinal_candidate_plus_cp_certification,0.97,0.9131287061055693,0.9753300989910394,,0,1.0,1,27,27,0.8431909292866258,0
4,1000,independent_mondrian_total_budget,,,,0.7613997863937614,1,0.8862837223568323,0,30,,,
4,1000,direct_pac_split_matched,,,1.0,,0,1.0,1,22,0,0.0,0
4,1000,direct_pac_total_budget,,,1.0,,0,1.0,1,30,0,0.0,0
4,1000,ordinal_pooled_candidate_uncertified,0.9,0.7296482663487347,0.8527362839014152,0.7296482663487347,1,0.8527362839014152,0,43,,,
4,1000,ordinal_candidate_plus_cp_certification,0.9,0.7296482663487347,0.8527362839014152,,0,1.0,1,22,19,0.6112730432159965,0
4,1000,ordinal_pooled_candidate_uncertified,0.93,0.7633625433369389,0.8881622597377541,0.7633625433369389,1,0.8881622597377541,0,43,,,
4,1000,ordinal_candidate_plus_cp_certification,0.93,0.7633625433369389,0.8881622597377541,,0,1.0,1,22,20,0.6695000540987375,0
4,1000,ordinal_pooled_candidate_uncertified,0.95,0.8399812628561577,0.9451903158234027,0.8399812628561577,1,0.9451903158234027,1,43,,,
4,1000,ordinal_candidate_plus_cp_certification,0.95,0.8399812628561577,0.9451903158234027,,0,1.0,1,22,21,0.7341595291255449,0
4,1000,ordinal_pooled_candidate_uncertified,0.97,0.9894977996531317,0.9905497843401543,0.9894977996531317,1,0.9905497843401543,1,43,,,
4,1000,ordinal_candidate_plus_cp_certification,0.97,0.9894977996531317,0.9905497843401543,,0,1.0,1,22,22,0.8111308307896872,0
5,1000,independent_mondrian_total_budget,,,,0.8679678247200104,1,0.9590563647284255,1,42,,,
5,1000,direct_pac_split_matched,,,1.0,,0,1.0,1,33,0,0.0,0
5,1000,direct_pac_total_budget,,,1.0,,0,1.0,1,42,0,0.0,0
5,1000,ordinal_pooled_candidate_uncertified,0.9,0.851050072962822,0.9510631386469228,0.851050072962822,1,0.9510631386469228,1,50,,,
5,1000,ordinal_candidate_plus_cp_certification,0.9,0.851050072962822,0.9510631386469228,,0,1.0,1,33,31,0.7687792986407331,0
5,1000,ordinal_pooled_candidate_uncertified,0.93,0.931192051117153,0.9801068263512196,0.931192051117153,1,0.9801068263512196,1,50,,,
5,1000,ordinal_candidate_plus_cp_certification,0.93,0.931192051117153,0.9801068263512196,,0,1.0,1,33,33,0.8697490026177834,0
5,1000,ordinal_pooled_candidate_uncertified,0.95,0.9504078930632828,0.9843028769063794,0.9504078930632828,1,0.9843028769063794,1,50,,,
5,1000,ordinal_candidate_plus_cp_certification,0.95,0.9504078930632828,0.9843028769063794,,0,1.0,1,33,33,0.8697490026177834,0
5,1000,ordinal_pooled_candidate_uncertified,0.97,0.9722851578534457,0.9881335483539315,0.9722851578534457,1,0.9881335483539315,1,50,,,
5,1000,ordinal_candidate_plus_cp_certification,0.97,0.9722851578534457,0.9881335483539315,,0,1.0,1,33,33,0.8697490026177834,0
6,1000,independent_mondrian_total_budget,,,,0.7231819363002564,1,0.8451638009472825,0,37,,,
6,1000,direct_pac_split_matched,,,1.0,,0,1.0,1,29,0,0.0,0
6,1000,direct_pac_total_budget,,,1.0,,0,1.0,1,37,0,0.0,0
6,1000,ordinal_pooled_candidate_uncertified,0.9,0.8116470887200731,0.9276121713141308,0.8116470887200731,1,0.9276121713141308,1,48,,,
6,1000,ordinal_candidate_plus_cp_certification,0.9,0.8116470887200731,0.9276121713141308,,0,1.0,1,29,28,0.7921220242253999,0
6,1000,ordinal_pooled_candidate_uncertified,0.93,0.8348291071126359,0.9422730963025875,0.8348291071126359,1,0.9422730963025875,1,48,,,
6,1000,ordinal_candidate_plus_cp_certification,0.93,0.8348291071126359,0.9422730963025875,,0,1.0,1,29,28,0.7921220242253999,0
6,1000,ordinal_pooled_candidate_uncertified,0.95,0.8832517516545036,0.9653346557744443,0.8832517516545036,1,0.9653346557744443,1,48,,,
6,1000,ordinal_candidate_plus_cp_certification,0.95,0.8832517516545036,0.9653346557744443,,0,1.0,1,29,29,0.8531678524172808,0
6,1000,ordinal_pooled_candidate_uncertified,0.97,1.0552808123479809,0.996279156611414,1.0552808123479809,1,0.996279156611414,1,48,,,
6,1000,ordinal_candidate_plus_cp_certification,0.97,1.0552808123479809,0.996279156611414,,0,1.0,1,29,29,0.8531678524172808,0
7,1000,independent_mondrian_total_budget,,,,0.7524494478556036,1,0.877432474431233,0,52,,,
7,1000,direct_pac_split_matched,,0.8417578756920047,0.9461687979076475,0.8417578756920047,1,0.9461687979076475,1,49,49,0.9102981779915218,1
7,1000,direct_pac_total_budget,,0.8417578756920047,0.9461687979076475,0.8417578756920047,1,0.9461687979076475,1,52,52,0.9152473108773889,1
7,1000,ordinal_pooled_candidate_uncertified,0.9,0.7842914817080919,0.9068255525174836,0.7842914817080919,1,0.9068255525174836,1,40,,,
7,1000,ordinal_candidate_plus_cp_certification,0.9,0.7842914817080919,0.9068255525174836,,0,1.0,1,49,47,0.8392870366056464,0
7,1000,ordinal_pooled_candidate_uncertified,0.93,0.8776703035435772,0.9631403434863317,0.8776703035435772,1,0.9631403434863317,1,40,,,
7,1000,ordinal_candidate_plus_cp_certification,0.93,0.8776703035435772,0.9631403434863317,0.8776703035435772,1,0.9631403434863317,1,49,49,0.9102981779915218,1
7,1000,ordinal_pooled_candidate_uncertified,0.95,0.8776703035435772,0.9631403434863317,0.8776703035435772,1,0.9631403434863317,1,40,,,
7,1000,ordinal_candidate_plus_cp_certification,0.95,0.8776703035435772,0.9631403434863317,0.8776703035435772,1,0.9631403434863317,1,49,49,0.9102981779915218,1
7,1000,ordinal_pooled_candidate_uncertified,0.97,0.9231434703735121,0.9780852299433702,0.9231434703735121,1,0.9780852299433702,1,40,,,
7,1000,ordinal_candidate_plus_cp_certification,0.97,0.9231434703735121,0.9780852299433702,0.9231434703735121,1,0.9780852299433702,1,49,49,0.9102981779915218,1
8,1000,independent_mondrian_total_budget,,,,0.7598346479469015,1,0.8847697048163863,0,40,,,
8,1000,direct_pac_split_matched,,,1.0,,0,1.0,1,28,0,0.0,0
8,1000,direct_pac_total_budget,,,1.0,,0,1.0,1,40,0,0.0,0
8,1000,ordinal_pooled_candidate_uncertified,0.9,0.7085111207535029,0.8270458713156037,0.7085111207535029,1,0.8270458713156037,0,49,,,
8,1000,ordinal_candidate_plus_cp_certification,0.9,0.7085111207535029,0.8270458713156037,,0,1.0,1,28,24,0.6387251755890322,0
8,1000,ordinal_pooled_candidate_uncertified,0.93,0.7598346479469015,0.8847697048163863,0.7598346479469015,1,0.8847697048163863,0,49,,,
8,1000,ordinal_candidate_plus_cp_certification,0.93,0.7598346479469015,0.8847697048163863,,0,1.0,1,28,25,0.6838068618994857,0
8,1000,ordinal_pooled_candidate_uncertified,0.95,0.8196686632771515,0.9329779623244498,0.8196686632771515,1,0.9329779623244498,1,49,,,
8,1000,ordinal_candidate_plus_cp_certification,0.95,0.8196686632771515,0.9329779623244498,,0,1.0,1,28,27,0.7854308593666239,0
8,1000,ordinal_pooled_candidate_uncertified,0.97,0.9660747372985995,0.9871386775140301,0.9660747372985995,1,0.9871386775140301,1,49,,,
8,1000,ordinal_candidate_plus_cp_certification,0.97,0.9660747372985995,0.9871386775140301,,0,1.0,1,28,28,0.8483428982440722,0
9,1000,independent_mondrian_total_budget,,,,0.8315278531908342,1,0.9403406074560166,1,36,,,
9,1000,direct_pac_split_matched,,,1.0,,0,1.0,1,30,0,0.0,0
9,1000,direct_pac_total_budget,,,1.0,,0,1.0,1,36,0,0.0,0
9,1000,ordinal_pooled_candidate_uncertified,0.9,0.7257301789362548,0.8481781236111146,0.7257301789362548,1,0.8481781236111146,0,49,,,
9,1000,ordinal_candidate_plus_cp_certification,0.9,0.7257301789362548,0.8481781236111146,,0,1.0,1,30,25,0.6191953441225875,0
9,1000,ordinal_pooled_candidate_uncertified,0.93,0.7978915988083235,0.9176532371207102,0.7978915988083235,1,0.9176532371207102,1,49,,,
9,1000,ordinal_candidate_plus_cp_certification,0.93,0.7978915988083235,0.9176532371207102,,0,1.0,1,30,26,0.6596735012709622,0
9,1000,ordinal_pooled_candidate_uncertified,0.95,0.8323701701352773,0.9408384353767821,0.8323701701352773,1,0.9408384353767821,1,49,,,
9,1000,ordinal_candidate_plus_cp_certification,0.95,0.8323701701352773,0.9408384353767821,,0,1.0,1,30,28,0.7481011741706618,0
9,1000,ordinal_pooled_candidate_uncertified,0.97,0.9765979585201099,0.9887845151847392,0.9765979585201099,1,0.9887845151847392,1,49,,,
9,1000,ordinal_candidate_plus_cp_certification,0.97,0.9765979585201099,0.9887845151847392,,0,1.0,1,30,30,0.857695898590894,0
10,1000,independent_mondrian_total_budget,,,,0.8962706307114565,1,0.9700380525327927,1,42,,,
10,1000,direct_pac_split_matched,,,1.0,,0,1.0,1,35,0,0.0,0
10,1000,direct_pac_total_budget,,,1.0,,0,1.0,1,42,0,0.0,0
10,1000,ordinal_pooled_candidate_uncertified,0.9,0.7087155569785919,0.8273072755626917,0.7087155569785919,1,0.8273072755626917,0,49,,,
10,1000,ordinal_candidate_plus_cp_certification,0.9,0.7087155569785919,0.8273072755626917,,0,1.0,1,35,27,0.5673421615351053,0
10,1000,ordinal_pooled_candidate_uncertified,0.93,0.7561469220341013,0.8811459161030288,0.7561469220341013,1,0.8811459161030288,0,49,,,
10,1000,ordinal_candidate_plus_cp_certification,0.93,0.7561469220341013,0.8811459161030288,,0,1.0,1,35,27,0.5673421615351053,0
10,1000,ordinal_pooled_candidate_uncertified,0.95,0.7635519055911766,0.8883423158460497,0.7635519055911766,1,0.8883423158460497,0,49,,,
10,1000,ordinal_candidate_plus_cp_certification,0.95,0.7635519055911766,0.8883423158460497,,0,1.0,1,35,27,0.5673421615351053,0
10,1000,ordinal_pooled_candidate_uncertified,0.97,0.8651534756977595,0.9578053646053272,0.8651534756977595,1,0.9578053646053272,1,49,,,
10,1000,ordinal_candidate_plus_cp_certification,0.97,0.8651534756977595,0.9578053646053272,,0,1.0,1,35,31,0.702853766610473,0
11,1000,independent_mondrian_total_budget,,,,0.884169529968547,1,0.9656849906201077,1,20,,,
11,1000,direct_pac_split_matched,,,1.0,,0,1.0,1,13,0,0.0,0
11,1000,direct_pac_total_budget,,,1.0,,0,1.0,1,20,0,0.0,0
11,1000,ordinal_pooled_candidate_uncertified,0.9,0.8016399177932365,0.9204640110231701,0.8016399177932365,1,0.9204640110231701,1,36,,,
11,1000,ordinal_candidate_plus_cp_certification,0.9,0.8016399177932365,0.9204640110231701,,0,1.0,1,13,11,0.4938292820196446,0
11,1000,ordinal_pooled_candidate_uncertified,0.93,0.8505319777872851,0.950799948952018,0.8505319777872851,1,0.950799948952018,1,36,,,
11,1000,ordinal_candidate_plus_cp_certification,0.93,0.8505319777872851,0.950799948952018,,0,1.0,1,13,12,0.5871734733626781,0
11,1000,ordinal_pooled_candidate_uncertified,0.95,0.9453471910016076,0.983278985846842,0.9453471910016076,1,0.983278985846842,1,36,,,
11,1000,ordinal_candidate_plus_cp_certification,0.95,0.9453471910016076,0.983278985846842,,0,1.0,1,13,13,0.7017038286703827,0
11,1000,ordinal_pooled_candidate_uncertified,0.97,0.9453471910016076,0.983278985846842,0.9453471910016076,1,0.983278985846842,1,36,,,
11,1000,ordinal_candidate_plus_cp_certification,0.97,0.9453471910016076,0.983278985846842,,0,1.0,1,13,13,0.7017038286703827,0
12,1000,independent_mondrian_total_budget,,,,0.8732491597300072,1,0.9613226897449689,1,32,,,
12,1000,direct_pac_split_matched,,,1.0,,0,1.0,1,30,0,0.0,0
12,1000,direct_pac_total_budget,,,1.0,,0,1.0,1,32,0,0.0,0
12,1000,ordinal_pooled_candidate_uncertified,0.9,0.7608459173606175,0.8857495733123875,0.7608459173606175,1,0.8857495733123875,0,53,,,
12,1000,ordinal_candidate_plus_cp_certification,0.9,0.7608459173606175,0.8857495733123875,,0,1.0,1,30,24,0.58049195949909,0
12,1000,ordinal_pooled_candidate_uncertified,0.93,0.8029345768079637,0.9214177858538191,0.8029345768079637,1,0.9214177858538191,1,53,,,
12,1000,ordinal_candidate_plus_cp_certification,0.93,0.8029345768079637,0.9214177858538191,,0,1.0,1,30,26,0.6596735012709622,0
12,1000,ordinal_pooled_candidate_uncertified,0.95,0.827724551755158,0.9380517904412065,0.827724551755158,1,0.9380517904412065,1,53,,,
12,1000,ordinal_candidate_plus_cp_certification,0.95,0.827724551755158,0.9380517904412065,,0,1.0,1,30,27,0.7023813218540047,0
12,1000,ordinal_pooled_candidate_uncertified,0.97,0.9923823856324365,0.9909095195720676,0.9923823856324365,1,0.9909095195720676,1,53,,,
12,1000,ordinal_candidate_plus_cp_certification,0.97,0.9923823856324365,0.9909095195720676,,0,1.0,1,30,30,0.857695898590894,0
13,1000,independent_mondrian_total_budget,,,,0.8657671699734819,1,0.9580807610306062,1,34,,,
13,1000,direct_pac_split_matched,,,1.0,,0,1.0,1,31,0,0.0,0
13,1000,direct_pac_total_budget,,,1.0,,0,1.0,1,34,0,0.0,0
13,1000,ordinal_pooled_candidate_uncertified,0.9,0.8234470085680442,0.9353963241284916,0.8234470085680442,1,0.9353963241284916,1,46,,,
13,1000,ordinal_candidate_plus_cp_certification,0.9,0.8234470085680442,0.9353963241284916,,0,1.0,1,31,27,0.6692734687190798,0
13,1000,ordinal_pooled_candidate_uncertified,0.93,0.8279480733372151,0.9381881734927797,0.8279480733372151,1,0.9381881734927797,1,46,,,
13,1000,ordinal_candidate_plus_cp_certification,0.93,0.8279480733372151,0.9381881734927797,,0,1.0,1,31,27,0.6692734687190798,0
13,1000,ordinal_pooled_candidate_uncertified,0.95,0.8633090284287263,0.9569688434373393,0.8633090284287263,1,0.9569688434373393,1,46,,,
13,1000,ordinal_candidate_plus_cp_certification,0.95,0.8633090284287263,0.9569688434373393,,0,1.0,1,31,28,0.7108808679396739,0
13,1000,ordinal_pooled_candidate_uncertified,0.97,0.9672836792055572,0.9873378113838449,0.9672836792055572,1,0.9873378113838449,1,46,,,
13,1000,ordinal_candidate_plus_cp_certification,0.97,0.9672836792055572,0.9873378113838449,,0,1.0,1,31,30,0.8043306237041099,0
14,1000,independent_mondrian_total_budget,,,,0.7466956449880724,1,0.8714932597927492,0,32,,,
14,1000,direct_pac_split_matched,,,1.0,,0,1.0,1,27,0,0.0,0
14,1000,direct_pac_total_budget,,,1.0,,0,1.0,1,32,0,0.0,0
14,1000,ordinal_pooled_candidate_uncertified,0.9,0.7821455791765817,0.9050251447426862,0.7821455791765817,1,0.9050251447426862,1,39,,,
14,1000,ordinal_candidate_plus_cp_certification,0.9,0.7821455791765817,0.9050251447426862,,0,1.0,1,27,27,0.8431909292866258,0
14,1000,ordinal_pooled_candidate_uncertified,0.93,0.8463471747903455,0.9486324303319585,0.8463471747903455,1,0.9486324303319585,1,39,,,
14,1000,ordinal_candidate_plus_cp_certification,0.93,0.8463471747903455,0.9486324303319585,,0,1.0,1,27,27,0.8431909292866258,0
14,1000,ordinal_pooled_candidate_uncertified,0.95,0.8463471747903455,0.9486324303319585,0.8463471747903455,1,0.9486324303319585,1,39,,,
14,1000,ordinal_candidate_plus_cp_certification,0.95,0.8463471747903455,0.9486324303319585,,0,1.0,1,27,27,0.8431909292866258,0
14,1000,ordinal_pooled_candidate_uncertified,0.97,0.9295622607446541,0.9797107538355443,0.9295622607446541,1,0.9797107538355443,1,39,,,
14,1000,ordinal_candidate_plus_cp_certification,0.97,0.9295622607446541,0.9797107538355443,,0,1.0,1,27,27,0.8431909292866258,0
15,1000,independent_mondrian_total_budget,,,,0.787378118522893,1,0.9093708239940494,1,29,,,
15,1000,direct_pac_split_matched,,,1.0,,0,1.0,1,24,0,0.0,0
15,1000,direct_pac_total_budget,,,1.0,,0,1.0,1,29,0,0.0,0
15,1000,ordinal_pooled_candidate_uncertified,0.9,0.7757055019995855,0.8994682543855269,0.7757055019995855,1,0.8994682543855269,0,42,,,
15,1000,ordinal_candidate_plus_cp_certification,0.9,0.7757055019995855,0.8994682543855269,,0,1.0,1,24,21,0.6388303727216045,0
15,1000,ordinal_pooled_candidate_uncertified,0.93,0.8097364233379005,0.9262868115453994,0.8097364233379005,1,0.9262868115453994,1,42,,,
15,1000,ordinal_candidate_plus_cp_certification,0.93,0.8097364233379005,0.9262868115453994,,0,1.0,1,24,22,0.693369819692401,0
15,1000,ordinal_pooled_candidate_uncertified,0.95,0.8757066351140799,0.9623418358852309,0.8757066351140799,1,0.9623418358852309,1,42,,,
15,1000,ordinal_candidate_plus_cp_certification,0.95,0.8757066351140799,0.9623418358852309,,0,1.0,1,24,22,0.693369819692401,0
15,1000,ordinal_pooled_candidate_uncertified,0.97,0.8903450268688315,0.9679673485573888,0.8903450268688315,1,0.9679673485573888,1,42,,,
15,1000,ordinal_candidate_plus_cp_certification,0.97,0.8903450268688315,0.9679673485573888,,0,1.0,1,24,22,0.693369819692401,0
16,1000,independent_mondrian_total_budget,,,,0.7983721344809787,1,0.9180177035256509,1,38,,,
16,1000,direct_pac_split_matched,,,1.0,,0,1.0,1,31,0,0.0,0
16,1000,direct_pac_total_budget,,,1.0,,0,1.0,1,38,0,0.0,0
16,1000,ordinal_pooled_candidate_uncertified,0.9,0.8404390025214197,0.9454437536956322,0.8404390025214197,1,0.9454437536956322,1,53,,,
16,1000,ordinal_candidate_plus_cp_certification,0.9,0.8404390025214197,0.9454437536956322,,0,1.0,1,31,29,0.7553904519975658,0
16,1000,ordinal_pooled_candidate_uncertified,0.93,0.8438266172572639,0.9472906843442401,0.8438266172572639,1,0.9472906843442401,1,53,,,
16,1000,ordinal_candidate_plus_cp_certification,0.93,0.8438266172572639,0.9472906843442401,,0,1.0,1,31,29,0.7553904519975658,0
16,1000,ordinal_pooled_candidate_uncertified,0.95,0.9563260724778442,0.985431587916624,0.9563260724778442,1,0.985431587916624,1,53,,,
16,1000,ordinal_candidate_plus_cp_certification,0.95,0.9563260724778442,0.985431587916624,,0,1.0,1,31,30,0.8043306237041099,0
16,1000,ordinal_pooled_candidate_uncertified,0.97,1.0693127055180573,0.9969888389241339,1.0693127055180573,1,0.9969888389241339,1,53,,,
16,1000,ordinal_candidate_plus_cp_certification,0.97,1.0693127055180573,0.9969888389241339,,0,1.0,1,31,30,0.8043306237041099,0
17,1000,independent_mondrian_total_budget,,,,0.7113245734634744,1,0.8306211787289921,0,31,,,
17,1000,direct_pac_split_matched,,,1.0,,0,1.0,1,28,0,0.0,0
17,1000,direct_pac_total_budget,,,1.0,,0,1.0,1,31,0,0.0,0
17,1000,ordinal_pooled_candidate_uncertified,0.9,0.8129191365410002,0.9284843697025478,0.8129191365410002,1,0.9284843697025478,1,47,,,
17,1000,ordinal_candidate_plus_cp_certification,0.9,0.8129191365410002,0.9284843697025478,,0,1.0,1,28,28,0.8483428982440722,0
17,1000,ordinal_pooled_candidate_uncertified,0.93,0.8345641099011576,0.9421198120055371,0.8345641099011576,1,0.9421198120055371,1,47,,,
17,1000,ordinal_candidate_plus_cp_certification,0.93,0.8345641099011576,0.9421198120055371,,0,1.0,1,28,28,0.8483428982440722,0
17,1000,ordinal_pooled_candidate_uncertified,0.95,0.8778881439295211,0.9632280667778905,0.8778881439295211,1,0.9632280667778905,1,47,,,
17,1000,ordinal_candidate_plus_cp_certification,0.95,0.8778881439295211,0.9632280667778905,,0,1.0,1,28,28,0.8483428982440722,0
17,1000,ordinal_pooled_candidate_uncertified,0.97,1.1103058290987087,0.99841897648559,1.1103058290987087,1,0.99841897648559,1,47,,,
17,1000,ordinal_candidate_plus_cp_certification,0.97,1.1103058290987087,0.99841897648559,,0,1.0,1,28,28,0.8483428982440722,0
18,1000,independent_mondrian_total_budget,,,,0.8704773978684288,1,0.9601463564441731,1,34,,,
18,1000,direct_pac_split_matched,,,1.0,,0,1.0,1,24,0,0.0,0
18,1000,direct_pac_total_budget,,,1.0,,0,1.0,1,34,0,0.0,0
18,1000,ordinal_pooled_candidate_uncertified,0.9,0.9371139550056395,0.9814911942013691,0.9371139550056395,1,0.9814911942013691,1,44,,,
18,1000,ordinal_candidate_plus_cp_certification,0.9,0.9371139550056395,0.9814911942013691,,0,1.0,1,24,23,0.7537544946563022,0
18,1000,ordinal_pooled_candidate_uncertified,0.93,0.9397847630708803,0.9820881914477049,0.9397847630708803,1,0.9820881914477049,1,44,,,
18,1000,ordinal_candidate_plus_cp_certification,0.93,0.9397847630708803,0.9820881914477049,,0,1.0,1,24,23,0.7537544946563022,0
18,1000,ordinal_pooled_candidate_uncertified,0.95,0.9850721415018607,0.9899736596678839,0.9850721415018607,1,0.9899736596678839,1,44,,,
18,1000,ordinal_candidate_plus_cp_certification,0.95,0.9850721415018607,0.9899736596678839,,0,1.0,1,24,24,0.8254041852680185,0
18,1000,ordinal_pooled_candidate_uncertified,0.97,1.1890589944532843,0.9995890244798893,1.1890589944532843,1,0.9995890244798893,1,44,,,
18,1000,ordinal_candidate_plus_cp_certification,0.97,1.1890589944532843,0.9995890244798893,,0,1.0,1,24,24,0.8254041852680185,0
19,1000,independent_mondrian_total_budget,,,,0.8033144129587129,1,0.9216959596299994,1,32,,,
19,1000,direct_pac_split_matched,,,1.0,,0,1.0,1,26,0,0.0,0
19,1000,direct_pac_total_budget,,,1.0,,0,1.0,1,32,0,0.0,0
19,1000,ordinal_pooled_candidate_uncertified,0.9,0.7562823394542016,0.88128039328022,0.7562823394542016,1,0.88128039328022,0,49,,,
19,1000,ordinal_candidate_plus_cp_certification,0.9,0.7562823394542016,0.88128039328022,,0,1.0,1,26,22,0.6150774820527913,0
19,1000,ordinal_pooled_candidate_uncertified,0.93,0.835723084757241,0.9427878526495106,0.835723084757241,1,0.9427878526495106,1,49,,,
19,1000,ordinal_candidate_plus_cp_certification,0.93,0.835723084757241,0.9427878526495106,,0,1.0,1,26,26,0.8376776400682919,0
19,1000,ordinal_pooled_candidate_uncertified,0.95,0.8966648443274421,0.9701717785766568,0.8966648443274421,1,0.9701717785766568,1,49,,,
19,1000,ordinal_candidate_plus_cp_certification,0.95,0.8966648443274421,0.9701717785766568,,0,1.0,1,26,26,0.8376776400682919,0
19,1000,ordinal_pooled_candidate_uncertified,0.97,1.067839665298649,0.996920539594313,1.067839665298649,1,0.996920539594313,1,49,,,
19,1000,ordinal_candidate_plus_cp_certification,0.97,1.067839665298649,0.996920539594313,,0,1.0,1,26,26,0.8376776400682919,0
20,1000,independent_mondrian_total_budget,,,,0.7264368831594097,1,0.8490071329023248,0,26,,,
20,1000,direct_pac_split_matched,,,1.0,,0,1.0,1,23,0,0.0,0
20,1000,direct_pac_total_budget,,,1.0,,0,1.0,1,26,0,0.0,0
20,1000,ordinal_pooled_candidate_uncertified,0.9,0.7478728385319281,0.8727243578136475,0.7478728385319281,1,0.8727243578136475,0,42,,,
20,1000,ordinal_candidate_plus_cp_certification,0.9,0.7478728385319281,0.8727243578136475,,0,1.0,1,23,23,0.8185467307069028,0
20,1000,ordinal_pooled_candidate_uncertified,0.93,0.7506394694137383,0.8755853039084454,0.7506394694137383,1,0.8755853039084454,0,42,,,
20,1000,ordinal_candidate_plus_cp_certification,0.93,0.7506394694137383,0.8755853039084454,,0,1.0,1,23,23,0.8185467307069028,0
20,1000,ordinal_pooled_candidate_uncertified,0.95,0.8607325571026438,0.95577794779765,0.8607325571026438,1,0.95577794779765,1,42,,,
20,1000,ordinal_candidate_plus_cp_certification,0.95,0.8607325571026438,0.95577794779765,,0,1.0,1,23,23,0.8185467307069028,0
20,1000,ordinal_pooled_candidate_uncertified,0.97,0.8878312480560342,0.9670538955319827,0.8878312480560342,1,0.9670538955319827,1,42,,,
20,1000,ordinal_candidate_plus_cp_certification,0.97,0.8878312480560342,0.9670538955319827,,0,1.0,1,23,23,0.8185467307069028,0
21,1000,independent_mondrian_total_budget,,,,0.8530842781795405,1,0.952085642649461,1,47,,,
21,1000,direct_pac_split_matched,,,1.0,,0,1.0,1,41,0,0.0,0
21,1000,direct_pac_total_budget,,1.0537850237807935,0.9961952793541928,1.0537850237807935,1,0.9961952793541928,1,47,47,0.9066649113412797,1
21,1000,ordinal_pooled_candidate_uncertified,0.9,0.7611973244115178,0.886088675637711,0.7611973244115178,1,0.886088675637711,0,37,,,
21,1000,ordinal_candidate_plus_cp_certification,0.9,0.7611973244115178,0.886088675637711,,0,1.0,1,41,35,0.6804883154655266,0
21,1000,ordinal_pooled_candidate_uncertified,0.93,0.870394806019813,0.9601108632091626,0.870394806019813,1,0.9601108632091626,1,37,,,
21,1000,ordinal_candidate_plus_cp_certification,0.93,0.870394806019813,0.9601108632091626,,0,1.0,1,41,38,0.7752158380546423,0
21,1000,ordinal_pooled_candidate_uncertified,0.95,0.9581105964878158,0.9857579216280135,0.9581105964878158,1,0.9857579216280135,1,37,,,
21,1000,ordinal_candidate_plus_cp_certification,0.95,0.9581105964878158,0.9857579216280135,,0,1.0,1,41,39,0.8103536211060376,0
21,1000,ordinal_pooled_candidate_uncertified,0.97,0.9581105964878158,0.9857579216280135,0.9581105964878158,1,0.9857579216280135,1,37,,,
21,1000,ordinal_candidate_plus_cp_certification,0.97,0.9581105964878158,0.9857579216280135,,0,1.0,1,41,39,0.8103536211060376,0
22,1000,independent_mondrian_total_budget,,,,0.8638065648900684,1,0.9571958024022293,1,35,,,
22,1000,direct_pac_split_matched,,,1.0,,0,1.0,1,30,0,0.0,0
22,1000,direct_pac_total_budget,,,1.0,,0,1.0,1,35,0,0.0,0
22,1000,ordinal_pooled_candidate_uncertified,0.9,0.7749390668508738,0.8987914505396519,0.7749390668508738,1,0.8987914505396519,0,43,,,
22,1000,ordinal_candidate_plus_cp_certification,0.9,0.7749390668508738,0.8987914505396519,,0,1.0,1,30,26,0.6596735012709622,0
22,1000,ordinal_pooled_candidate_uncertified,0.93,0.86453379427662,0.957525797733233,0.86453379427662,1,0.957525797733233,1,43,,,
22,1000,ordinal_candidate_plus_cp_certification,0.93,0.86453379427662,0.957525797733233,,0,1.0,1,30,29,0.7984102196470542,0
22,1000,ordinal_pooled_candidate_uncertified,0.95,0.916663576572915,0.9763340334419084,0.916663576572915,1,0.9763340334419084,1,43,,,
22,1000,ordinal_candidate_plus_cp_certification,0.95,0.916663576572915,0.9763340334419084,,0,1.0,1,30,30,0.857695898590894,0
22,1000,ordinal_pooled_candidate_uncertified,0.97,0.9360466531523998,0.9812479287890351,0.9360466531523998,1,0.9812479287890351,1,43,,,
22,1000,ordinal_candidate_plus_cp_certification,0.97,0.9360466531523998,0.9812479287890351,,0,1.0,1,30,30,0.857695898590894,0
23,1000,independent_mondrian_total_budget,,,,0.8393312573817082,1,0.9448288276627121,1,28,,,
23,1000,direct_pac_split_matched,,,1.0,,0,1.0,1,25,0,0.0,0
23,1000,direct_pac_total_budget,,,1.0,,0,1.0,1,28,0,0.0,0
23,1000,ordinal_pooled_candidate_uncertified,0.9,0.8502697096093043,0.9506662877714713,0.8502697096093043,1,0.9506662877714713,1,48,,,
23,1000,ordinal_candidate_plus_cp_certification,0.9,0.8502697096093043,0.9506662877714713,,0,1.0,1,25,24,0.7625139382791615,0
23,1000,ordinal_pooled_candidate_uncertified,0.93,0.8984245161237652,0.9707626748073164,0.8984245161237652,1,0.9707626748073164,1,48,,,
23,1000,ordinal_candidate_plus_cp_certification,0.93,0.8984245161237652,0.9707626748073164,,0,1.0,1,25,25,0.8317637711026711,0
23,1000,ordinal_pooled_candidate_uncertified,0.95,0.9362754255123144,0.981300299729969,0.9362754255123144,1,0.981300299729969,1,48,,,
23,1000,ordinal_candidate_plus_cp_certification,0.95,0.9362754255123144,0.981300299729969,,0,1.0,1,25,25,0.8317637711026711,0
23,1000,ordinal_pooled_candidate_uncertified,0.97,1.07613098126608,0.9972875314525524,1.07613098126608,1,0.9972875314525524,1,48,,,
23,1000,ordinal_candidate_plus_cp_certification,0.97,1.07613098126608,0.9972875314525524,,0,1.0,1,25,25,0.8317637711026711,0
24,1000,independent_mondrian_total_budget,,,,0.800351354364,1,0.9195060544213287,1,28,,,
24,1000,direct_pac_split_matched,,,1.0,,0,1.0,1,21,0,0.0,0
24,1000,direct_pac_total_budget,,,1.0,,0,1.0,1,28,0,0.0,0
24,1000,ordinal_pooled_candidate_uncertified,0.9,0.733776664376672,0.8574388759878556,0.733776664376672,1,0.8574388759878556,0,38,,,
24,1000,ordinal_candidate_plus_cp_certification,0.9,0.733776664376672,0.8574388759878556,,0,1.0,1,21,16,0.4880195836896467,0
24,1000,ordinal_pooled_candidate_uncertified,0.93,0.8524267861753284,0.9517570382065977,0.8524267861753284,1,0.9517570382065977,1,38,,,
24,1000,ordinal_candidate_plus_cp_certification,0.93,0.8524267861753284,0.9517570382065977,,0,1.0,1,21,20,0.723155027355517,0
24,1000,ordinal_pooled_candidate_uncertified,0.95,0.9123237229622589,0.9750965482991687,0.9123237229622589,1,0.9750965482991687,1,38,,,
24,1000,ordinal_candidate_plus_cp_certification,0.95,0.9123237229622589,0.9750965482991687,,0,1.0,1,21,20,0.723155027355517,0
24,1000,ordinal_pooled_candidate_uncertified,0.97,0.9123237229622589,0.9750965482991687,0.9123237229622589,1,0.9750965482991687,1,38,,,
24,1000,ordinal_candidate_plus_cp_certification,0.97,0.9123237229622589,0.9750965482991687,,0,1.0,1,21,20,0.723155027355517,0
25,1000,independent_mondrian_total_budget,,,,0.8504736068278351,1,0.9507702260849267,1,33,,,
25,1000,direct_pac_split_matched,,,1.0,,0,1.0,1,27,0,0.0,0
25,1000,direct_pac_total_budget,,,1.0,,0,1.0,1,33,0,0.0,0
25,1000,ordinal_pooled_candidate_uncertified,0.9,0.7758793431425552,0.8996213050897965,0.7758793431425552,1,0.8996213050897965,0,40,,,
25,1000,ordinal_candidate_plus_cp_certification,0.9,0.7758793431425552,0.8996213050897965,,0,1.0,1,27,23,0.6272696468828127,0
25,1000,ordinal_pooled_candidate_uncertified,0.93,0.8018749457868842,0.9206378037623748,0.8018749457868842,1,0.9206378037623748,1,40,,,
25,1000,ordinal_candidate_plus_cp_certification,0.93,0.8018749457868842,0.9206378037623748,,0,1.0,1,27,23,0.6272696468828127,0
25,1000,ordinal_pooled_candidate_uncertified,0.95,0.8018749457868842,0.9206378037623748,0.8018749457868842,1,0.9206378037623748,1,40,,,
25,1000,ordinal_candidate_plus_cp_certification,0.95,0.8018749457868842,0.9206378037623748,,0,1.0,1,27,23,0.6272696468828127,0
25,1000,ordinal_pooled_candidate_uncertified,0.97,0.8067878162355682,0.924205175998797,0.8067878162355682,1,0.924205175998797,1,40,,,
25,1000,ordinal_candidate_plus_cp_certification,0.97,0.8067878162355682,0.924205175998797,,0,1.0,1,27,23,0.6272696468828127,0
26,1000,independent_mondrian_total_budget,,,,0.869621047287581,1,0.9597770967861214,1,29,,,
26,1000,direct_pac_split_matched,,,1.0,,0,1.0,1,25,0,0.0,0
26,1000,direct_pac_total_budget,,,1.0,,0,1.0,1,29,0,0.0,0
26,1000,ordinal_pooled_candidate_uncertified,0.9,0.7797106733872867,0.9029513747732227,0.7797106733872867,1,0.9029513747732227,1,49,,,
26,1000,ordinal_candidate_plus_cp_certification,0.9,0.7797106733872867,0.9029513747732227,,0,1.0,1,25,21,0.6020771981373667,0
26,1000,ordinal_pooled_candidate_uncertified,0.93,0.9193625541905714,0.9770772371371639,0.9193625541905714,1,0.9770772371371639,1,49,,,
26,1000,ordinal_candidate_plus_cp_certification,0.93,0.9193625541905714,0.9770772371371639,,0,1.0,1,25,24,0.7625139382791615,0
26,1000,ordinal_pooled_candidate_uncertified,0.95,0.9993250364670148,0.9917265798631165,0.9993250364670148,1,0.9917265798631165,1,49,,,
26,1000,ordinal_candidate_plus_cp_certification,0.95,0.9993250364670148,0.9917265798631165,,0,1.0,1,25,25,0.8317637711026711,0
26,1000,ordinal_pooled_candidate_uncertified,0.97,1.0424593761111867,0.9955031941441139,1.0424593761111867,1,0.9955031941441139,1,49,,,
26,1000,ordinal_candidate_plus_cp_certification,0.97,1.0424593761111867,0.9955031941441139,,0,1.0,1,25,25,0.8317637711026711,0
27,1000,independent_mondrian_total_budget,,,,0.8771646645013684,1,0.9629360653866319,1,32,,,
27,1000,direct_pac_split_matched,,,1.0,,0,1.0,1,28,0,0.0,0
27,1000,direct_pac_total_budget,,,1.0,,0,1.0,1,32,0,0.0,0
27,1000,ordinal_pooled_candidate_uncertified,0.9,0.9219875765078475,0.9777811181572966,0.9219875765078475,1,0.9777811181572966,1,45,,,
27,1000,ordinal_candidate_plus_cp_certification,0.9,0.9219875765078475,0.9777811181572966,,0,1.0,1,28,27,0.7854308593666239,0
27,1000,ordinal_pooled_candidate_uncertified,0.93,0.9304521914972351,0.9799278459179791,0.9304521914972351,1,0.9799278459179791,1,45,,,
27,1000,ordinal_candidate_plus_cp_certification,0.93,0.9304521914972351,0.9799278459179791,,0,1.0,1,28,27,0.7854308593666239,0
27,1000,ordinal_pooled_candidate_uncertified,0.95,0.9415337943225021,0.9824701834886791,0.9415337943225021,1,0.9824701834886791,1,45,,,
27,1000,ordinal_candidate_plus_cp_certification,0.95,0.9415337943225021,0.9824701834886791,,0,1.0,1,28,27,0.7854308593666239,0
27,1000,ordinal_pooled_candidate_uncertified,0.97,0.9870056596633421,0.9902290287611626,0.9870056596633421,1,0.9902290287611626,1,45,,,
27,1000,ordinal_candidate_plus_cp_certification,0.97,0.9870056596633421,0.9902290287611626,,0,1.0,1,28,28,0.8483428982440722,0
28,1000,independent_mondrian_total_budget,,,,0.8208786747078518,1,0.9337599452638488,1,27,,,
28,1000,direct_pac_split_matched,,,1.0,,0,1.0,1,22,0,0.0,0
28,1000,direct_pac_total_budget,,,1.0,,0,1.0,1,27,0,0.0,0
28,1000,ordinal_pooled_candidate_uncertified,0.9,0.8463816250308793,0.9486505789395623,0.8463816250308793,1,0.9486505789395623,1,46,,,
28,1000,ordinal_candidate_plus_cp_certification,0.9,0.8463816250308793,0.9486505789395623,,0,1.0,1,22,22,0.8111308307896872,0
28,1000,ordinal_pooled_candidate_uncertified,0.93,0.8494969719632238,0.9502707871685113,0.8494969719632238,1,0.9502707871685113,1,46,,,
28,1000,ordinal_candidate_plus_cp_certification,0.93,0.8494969719632238,0.9502707871685113,,0,1.0,1,22,22,0.8111308307896872,0
28,1000,ordinal_pooled_candidate_uncertified,0.95,0.90957745194477,0.9742857727191107,0.90957745194477,1,0.9742857727191107,1,46,,,
28,1000,ordinal_candidate_plus_cp_certification,0.95,0.90957745194477,0.9742857727191107,,0,1.0,1,22,22,0.8111308307896872,0
28,1000,ordinal_pooled_candidate_uncertified,0.97,1.011414843778426,0.9929963127709853,1.011414843778426,1,0.9929963127709853,1,46,,,
28,1000,ordinal_candidate_plus_cp_certification,0.97,1.011414843778426,0.9929963127709853,,0,1.0,1,22,22,0.8111308307896872,0
29,1000,independent_mondrian_total_budget,,,,0.8827926698098605,1,0.9651583157092511,1,33,,,
29,1000,direct_pac_split_matched,,,1.0,,0,1.0,1,30,0,0.0,0
29,1000,direct_pac_total_budget,,,1.0,,0,1.0,1,33,0,0.0,0
29,1000,ordinal_pooled_candidate_uncertified,0.9,0.8240111659266434,0.9357515276939646,0.8240111659266434,1,0.9357515276939646,1,42,,,
29,1000,ordinal_candidate_plus_cp_certification,0.9,0.8240111659266434,0.9357515276939646,,0,1.0,1,30,25,0.6191953441225875,0
29,1000,ordinal_pooled_candidate_uncertified,0.93,0.9098954469864802,0.9743807705647549,0.9098954469864802,1,0.9743807705647549,1,42,,,
29,1000,ordinal_candidate_plus_cp_certification,0.93,0.9098954469864802,0.9743807705647549,,0,1.0,1,30,28,0.7481011741706618,0
29,1000,ordinal_pooled_candidate_uncertified,0.95,0.9673468758447419,0.987348147183352,0.9673468758447419,1,0.987348147183352,1,42,,,
29,1000,ordinal_candidate_plus_cp_certification,0.95,0.9673468758447419,0.987348147183352,,0,1.0,1,30,29,0.7984102196470542,0
29,1000,ordinal_pooled_candidate_uncertified,0.97,1.0181821212120052,0.9936291913167398,1.0181821212120052,1,0.9936291913167398,1,42,,,
29,1000,ordinal_candidate_plus_cp_certification,0.97,1.0181821212120052,0.9936291913167398,,0,1.0,1,30,30,0.857695898590894,0
30,1000,independent_mondrian_total_budget,,,,0.8323329053093373,1,0.9408164801393204,1,29,,,
30,1000,direct_pac_split_matched,,,1.0,,0,1.0,1,22,0,0.0,0
30,1000,direct_pac_total_budget,,,1.0,,0,1.0,1,29,0,0.0,0
30,1000,ordinal_pooled_candidate_uncertified,0.9,0.8237101990838674,0.9355622229393343,0.8237101990838674,1,0.9355622229393343,1,44,,,
30,1000,ordinal_candidate_plus_cp_certification,0.9,0.8237101990838674,0.9355622229393343,,0,1.0,1,22,19,0.6112730432159965,0
30,1000,ordinal_pooled_candidate_uncertified,0.93,0.8362240027791293,0.9430747002954585,0.8362240027791293,1,0.9430747002954585,1,44,,,
30,1000,ordinal_candidate_plus_cp_certification,0.93,0.8362240027791293,0.9430747002954585,,0,1.0,1,22,21,0.7341595291255449,0
30,1000,ordinal_pooled_candidate_uncertified,0.95,0.9508369993815384,0.9843871665202515,0.9508369993815384,1,0.9843871665202515,1,44,,,
30,1000,ordinal_candidate_plus_cp_certification,0.95,0.9508369993815384,0.9843871665202515,,0,1.0,1,22,21,0.7341595291255449,0
30,1000,ordinal_pooled_candidate_uncertified,0.97,1.105687451382568,0.998296647091246,1.105687451382568,1,0.998296647091246,1,44,,,
30,1000,ordinal_candidate_plus_cp_certification,0.97,1.105687451382568,0.998296647091246,,0,1.0,1,22,22,0.8111308307896872,0
31,1000,independent_mondrian_total_budget,,,,0.8258096032830287,1,0.9368737295635473,1,30,,,
31,1000,direct_pac_split_matched,,,1.0,,0,1.0,1,26,0,0.0,0
31,1000,direct_pac_total_budget,,,1.0,,0,1.0,1,30,0,0.0,0
31,1000,ordinal_pooled_candidate_uncertified,0.9,0.8258096032830287,0.9368737295635473,0.8258096032830287,1,0.9368737295635473,1,47,,,
31,1000,ordinal_candidate_plus_cp_certification,0.9,0.8258096032830287,0.9368737295635473,,0,1.0,1,26,25,0.77067512387815,0
31,1000,ordinal_pooled_candidate_uncertified,0.93,0.8473345174433615,0.9491505501308006,0.8473345174433615,1,0.9491505501308006,1,47,,,
31,1000,ordinal_candidate_plus_cp_certification,0.93,0.8473345174433615,0.9491505501308006,,0,1.0,1,26,25,0.77067512387815,0
31,1000,ordinal_pooled_candidate_uncertified,0.95,0.9879323851835327,0.990349398686538,0.9879323851835327,1,0.990349398686538,1,47,,,
31,1000,ordinal_candidate_plus_cp_certification,0.95,0.9879323851835327,0.990349398686538,,0,1.0,1,26,25,0.77067512387815,0
31,1000,ordinal_pooled_candidate_uncertified,0.97,1.030459878589137,0.9946492741908528,1.030459878589137,1,0.9946492741908528,1,47,,,
31,1000,ordinal_candidate_plus_cp_certification,0.97,1.030459878589137,0.9946492741908528,,0,1.0,1,26,26,0.8376776400682919,0
32,1000,independent_mondrian_total_budget,,,,0.7660883584887844,1,0.8907341442936718,0,39,,,
32,1000,direct_pac_split_matched,,,1.0,,0,1.0,1,35,0,0.0,0
32,1000,direct_pac_total_budget,,,1.0,,0,1.0,1,39,0,0.0,0
32,1000,ordinal_pooled_candidate_uncertified,0.9,0.7057432876379333,0.8234819702550316,0.7057432876379333,1,0.8234819702550316,0,49,,,
32,1000,ordinal_candidate_plus_cp_certification,0.9,0.7057432876379333,0.8234819702550316,,0,1.0,1,35,30,0.6670120946786569,0
32,1000,ordinal_pooled_candidate_uncertified,0.93,0.800176643937027,0.919375501268527,0.800176643937027,1,0.919375501268527,1,49,,,
32,1000,ordinal_candidate_plus_cp_certification,0.93,0.800176643937027,0.919375501268527,,0,1.0,1,35,32,0.7405531625923165,0
32,1000,ordinal_pooled_candidate_uncertified,0.95,0.8219443882871679,0.9344428049309228,0.8219443882871679,1,0.9344428049309228,1,49,,,
32,1000,ordinal_candidate_plus_cp_certification,0.95,0.8219443882871679,0.9344428049309228,,0,1.0,1,35,32,0.7405531625923165,0
32,1000,ordinal_pooled_candidate_uncertified,0.97,0.845465841948451,0.9481664013054465,0.845465841948451,1,0.9481664013054465,1,49,,,
32,1000,ordinal_candidate_plus_cp_certification,0.97,0.845465841948451,0.9481664013054465,,0,1.0,1,35,32,0.7405531625923165,0
33,1000,independent_mondrian_total_budget,,,,0.7139650908369095,1,0.8339332486100279,0,37,,,
33,1000,direct_pac_split_matched,,,1.0,,0,1.0,1,33,0,0.0,0
33,1000,direct_pac_total_budget,,,1.0,,0,1.0,1,37,0,0.0,0
33,1000,ordinal_pooled_candidate_uncertified,0.9,0.7809753594901003,0.9040325984242392,0.7809753594901003,1,0.9040325984242392,1,42,,,
33,1000,ordinal_candidate_plus_cp_certification,0.9,0.7809753594901003,0.9040325984242392,,0,1.0,1,33,31,0.7687792986407331,0
33,1000,ordinal_pooled_candidate_uncertified,0.93,0.8886046808873782,0.9673372033011256,0.8886046808873782,1,0.9673372033011256,1,42,,,
33,1000,ordinal_candidate_plus_cp_certification,0.93,0.8886046808873782,0.9673372033011256,,0,1.0,1,33,33,0.8697490026177834,0
33,1000,ordinal_pooled_candidate_uncertified,0.95,0.9017679206897047,0.9718586068911849,0.9017679206897047,1,0.9718586068911849,1,42,,,
33,1000,ordinal_candidate_plus_cp_certification,0.95,0.9017679206897047,0.9718586068911849,,0,1.0,1,33,33,0.8697490026177834,0
33,1000,ordinal_pooled_candidate_uncertified,0.97,1.0654165809311302,0.9968051508657279,1.0654165809311302,1,0.9968051508657279,1,42,,,
33,1000,ordinal_candidate_plus_cp_certification,0.97,1.0654165809311302,0.9968051508657279,,0,1.0,1,33,33,0.8697490026177834,0
34,1000,independent_mondrian_total_budget,,,,0.8387778786332147,1,0.9445195947301867,1,48,,,
34,1000,direct_pac_split_matched,,1.0143003446773236,0.9932726548617483,1.0143003446773236,1,0.9932726548617483,1,44,44,0.9006280202112784,1
34,1000,direct_pac_total_budget,,1.0143003446773236,0.9932726548617483,1.0143003446773236,1,0.9932726548617483,1,48,48,0.9085175756516868,1
34,1000,ordinal_pooled_candidate_uncertified,0.9,0.8233662308202865,0.935345340416668,0.8233662308202865,1,0.935345340416668,1,41,,,
34,1000,ordinal_candidate_plus_cp_certification,0.9,0.8233662308202865,0.935345340416668,,0,1.0,1,44,41,0.7893052630246646,0
34,1000,ordinal_pooled_candidate_uncertified,0.93,0.9443875051036021,0.9830785076498523,0.9443875051036021,1,0.9830785076498523,1,41,,,
34,1000,ordinal_candidate_plus_cp_certification,0.93,0.9443875051036021,0.9830785076498523,,0,1.0,1,44,43,0.8584402610974036,0
34,1000,ordinal_pooled_candidate_uncertified,0.95,0.9443875051036021,0.9830785076498523,0.9443875051036021,1,0.9830785076498523,1,41,,,
34,1000,ordinal_candidate_plus_cp_certification,0.95,0.9443875051036021,0.9830785076498523,,0,1.0,1,44,43,0.8584402610974036,0
34,1000,ordinal_pooled_candidate_uncertified,0.97,0.9886180751710991,0.9904376250696734,0.9886180751710991,1,0.9904376250696734,1,41,,,
34,1000,ordinal_candidate_plus_cp_certification,0.97,0.9886180751710991,0.9904376250696734,,0,1.0,1,44,43,0.8584402610974036,0
35,1000,independent_mondrian_total_budget,,,,0.7775446698943045,1,0.9010788587026378,1,47,,,
35,1000,direct_pac_split_matched,,,1.0,,0,1.0,1,40,0,0.0,0
35,1000,direct_pac_total_budget,,0.8994923739120403,0.9711164966515129,0.8994923739120403,1,0.9711164966515129,1,47,47,0.9066649113412797,1
35,1000,ordinal_pooled_candidate_uncertified,0.9,0.7594241921681983,0.884370294433704,0.7594241921681983,1,0.884370294433704,0,38,,,
35,1000,ordinal_candidate_plus_cp_certification,0.9,0.7594241921681983,0.884370294433704,,0,1.0,1,40,36,0.7363813201148686,0
35,1000,ordinal_pooled_candidate_uncertified,0.93,0.7620063397639059,0.886866635179808,0.7620063397639059,1,0.886866635179808,0,38,,,
35,1000,ordinal_candidate_plus_cp_certification,0.93,0.7620063397639059,0.886866635179808,,0,1.0,1,40,36,0.7363813201148686,0
35,1000,ordinal_pooled_candidate_uncertified,0.95,0.9190177542033553,0.9769834005804641,0.9190177542033553,1,0.9769834005804641,1,38,,,
35,1000,ordinal_candidate_plus_cp_certification,0.95,0.9190177542033553,0.9769834005804641,,0,1.0,1,40,40,0.8912509381337455,0
35,1000,ordinal_pooled_candidate_uncertified,0.97,0.9190177542033553,0.9769834005804641,0.9190177542033553,1,0.9769834005804641,1,38,,,
35,1000,ordinal_candidate_plus_cp_certification,0.97,0.9190177542033553,0.9769834005804641,,0,1.0,1,40,40,0.8912509381337455,0
36,1000,independent_mondrian_total_budget,,,,0.7854248221808082,1,0.9077661846220655,1,35,,,
36,1000,direct_pac_split_matched,,,1.0,,0,1.0,1,32,0,0.0,0
36,1000,direct_pac_total_budget,,,1.0,,0,1.0,1,35,0,0.0,0
36,1000,ordinal_pooled_candidate_uncertified,0.9,0.7744764656766876,0.8983813451279156,0.7744764656766876,1,0.8983813451279156,0,46,,,
36,1000,ordinal_candidate_plus_cp_certification,0.9,0.7744764656766876,0.8983813451279156,,0,1.0,1,32,30,0.7622721467887545,0
36,1000,ordinal_pooled_candidate_uncertified,0.93,0.8000588146548943,0.9192873625491295,0.8000588146548943,1,0.9192873625491295,1,46,,,
36,1000,ordinal_candidate_plus_cp_certification,0.93,0.8000588146548943,0.9192873625491295,,0,1.0,1,32,32,0.8659643233600653,0
36,1000,ordinal_pooled_candidate_uncertified,0.95,0.8627560201340033,0.9567154403149529,0.8627560201340033,1,0.9567154403149529,1,46,,,
36,1000,ordinal_candidate_plus_cp_certification,0.95,0.8627560201340033,0.9567154403149529,,0,1.0,1,32,32,0.8659643233600653,0
36,1000,ordinal_pooled_candidate_uncertified,0.97,0.8859952656668983,0.9663732607000824,0.8859952656668983,1,0.9663732607000824,1,46,,,
36,1000,ordinal_candidate_plus_cp_certification,0.97,0.8859952656668983,0.9663732607000824,,0,1.0,1,32,32,0.8659643233600653,0
37,1000,independent_mondrian_total_budget,,,,0.9073269380070398,1,0.9736049928248307,1,33,,,
37,1000,direct_pac_split_matched,,,1.0,,0,1.0,1,27,0,0.0,0
37,1000,direct_pac_total_budget,,,1.0,,0,1.0,1,33,0,0.0,0
37,1000,ordinal_pooled_candidate_uncertified,0.9,0.7856051339035348,0.9079151865144577,0.7856051339035348,1,0.9079151865144577,1,52,,,
37,1000,ordinal_candidate_plus_cp_certification,0.9,0.7856051339035348,0.9079151865144577,,0,1.0,1,27,22,0.5834402444557363,0
37,1000,ordinal_pooled_candidate_uncertified,0.93,0.8300045343135624,0.9394319627423331,0.8300045343135624,1,0.9394319627423331,1,52,,,
37,1000,ordinal_candidate_plus_cp_certification,0.93,0.8300045343135624,0.9394319627423331,,0,1.0,1,27,24,0.6736329901405362,0
37,1000,ordinal_pooled_candidate_uncertified,0.95,0.8557006793206935,0.953375566030784,0.8557006793206935,1,0.953375566030784,1,52,,,
37,1000,ordinal_candidate_plus_cp_certification,0.95,0.8557006793206935,0.953375566030784,,0,1.0,1,27,24,0.6736329901405362,0
37,1000,ordinal_pooled_candidate_uncertified,0.97,0.9075854755256136,0.973683958359863,0.9075854755256136,1,0.973683958359863,1,52,,,
37,1000,ordinal_candidate_plus_cp_certification,0.97,0.9075854755256136,0.973683958359863,,0,1.0,1,27,25,0.7233942264040065,0
38,1000,independent_mondrian_total_budget,,,,0.8278872857128101,1,0.9381511067780529,1,32,,,
38,1000,direct_pac_split_matched,,,1.0,,0,1.0,1,30,0,0.0,0
38,1000,direct_pac_total_budget,,,1.0,,0,1.0,1,32,0,0.0,0
38,1000,ordinal_pooled_candidate_uncertified,0.9,0.7912025265983851,0.9124524256970601,0.7912025265983851,1,0.9124524256970601,1,42,,,
38,1000,ordinal_candidate_plus_cp_certification,0.9,0.7912025265983851,0.9124524256970601,,0,1.0,1,30,26,0.6596735012709622,0
38,1000,ordinal_pooled_candidate_uncertified,0.93,0.7962130018044409,0.9163705134430664,0.7962130018044409,1,0.9163705134430664,1,42,,,
38,1000,ordinal_candidate_plus_cp_certification,0.93,0.7962130018044409,0.9163705134430664,,0,1.0,1,30,26,0.6596735012709622,0
38,1000,ordinal_pooled_candidate_uncertified,0.95,0.8008545200834818,0.9198811549655403,0.8008545200834818,1,0.9198811549655403,1,42,,,
38,1000,ordinal_candidate_plus_cp_certification,0.95,0.8008545200834818,0.9198811549655403,,0,1.0,1,30,26,0.6596735012709622,0
38,1000,ordinal_pooled_candidate_uncertified,0.97,0.8119703075804154,0.9278345596752883,0.8119703075804154,1,0.9278345596752883,1,42,,,
38,1000,ordinal_candidate_plus_cp_certification,0.97,0.8119703075804154,0.9278345596752883,,0,1.0,1,30,26,0.6596735012709622,0
39,1000,independent_mondrian_total_budget,,,,0.8683484568718016,1,0.9592232250352024,1,36,,,
39,1000,direct_pac_split_matched,,,1.0,,0,1.0,1,28,0,0.0,0
39,1000,direct_pac_total_budget,,,1.0,,0,1.0,1,36,0,0.0,0
39,1000,ordinal_pooled_candidate_uncertified,0.9,0.8433912006922071,0.947056110880306,0.8433912006922071,1,0.947056110880306,1,49,,,
39,1000,ordinal_candidate_plus_cp_certification,0.9,0.8433912006922071,0.947056110880306,,0,1.0,1,28,26,0.73214728003164,0
39,1000,ordinal_pooled_candidate_uncertified,0.93,0.9352506891775976,0.9810647417368852,0.9352506891775976,1,0.9810647417368852,1,49,,,
39,1000,ordinal_candidate_plus_cp_certification,0.93,0.9352506891775976,0.9810647417368852,,0,1.0,1,28,27,0.7854308593666239,0
39,1000,ordinal_pooled_candidate_uncertified,0.95,1.0523678124069336,0.9961142486858285,1.0523678124069336,1,0.9961142486858285,1,49,,,
39,1000,ordinal_candidate_plus_cp_certification,0.95,1.0523678124069336,0.9961142486858285,,0,1.0,1,28,28,0.8483428982440722,0
39,1000,ordinal_pooled_candidate_uncertified,0.97,1.1615528749270916,0.9993311447646871,1.1615528749270916,1,0.9993311447646871,1,49,,,
39,1000,ordinal_candidate_plus_cp_certification,0.97,1.1615528749270916,0.9993311447646871,,0,1.0,1,28,28,0.8483428982440722,0
40,1000,independent_mondrian_total_budget,,,,0.8576599424050495,1,0.9543231447549541,1,25,,,
40,1000,direct_pac_split_matched,,,1.0,,0,1.0,1,22,0,0.0,0
40,1000,direct_pac_total_budget,,,1.0,,0,1.0,1,25,0,0.0,0
40,1000,ordinal_pooled_candidate_uncertified,0.9,0.8384843080409528,0.9443549902550326,0.8384843080409528,1,0.9443549902550326,1,33,,,
40,1000,ordinal_candidate_plus_cp_certification,0.9,0.8384843080409528,0.9443549902550326,,0,1.0,1,22,20,0.6695000540987375,0
40,1000,ordinal_pooled_candidate_uncertified,0.93,0.8599365485848641,0.9554046914589542,0.8599365485848641,1,0.9554046914589542,1,33,,,
40,1000,ordinal_candidate_plus_cp_certification,0.93,0.8599365485848641,0.9554046914589542,,0,1.0,1,22,22,0.8111308307896872,0
40,1000,ordinal_pooled_candidate_uncertified,0.95,0.8764328632272155,0.9626387799876228,0.8764328632272155,1,0.9626387799876228,1,33,,,
40,1000,ordinal_candidate_plus_cp_certification,0.95,0.8764328632272155,0.9626387799876228,,0,1.0,1,22,22,0.8111308307896872,0
40,1000,ordinal_pooled_candidate_uncertified,0.97,0.8764328632272155,0.9626387799876228,0.8764328632272155,1,0.9626387799876228,1,33,,,
40,1000,ordinal_candidate_plus_cp_certification,0.97,0.8764328632272155,0.9626387799876228,,0,1.0,1,22,22,0.8111308307896872,0
41,1000,independent_mondrian_total_budget,,,,0.8162433604174351,1,0.9307255948724154,1,29,,,
41,1000,direct_pac_split_matched,,,1.0,,0,1.0,1,26,0,0.0,0
41,1000,direct_pac_total_budget,,,1.0,,0,1.0,1,29,0,0.0,0
41,1000,ordinal_pooled_candidate_uncertified,0.9,0.8162433604174351,0.9307255948724154,0.8162433604174351,1,0.9307255948724154,1,52,,,
41,1000,ordinal_candidate_plus_cp_certification,0.9,0.8162433604174351,0.9307255948724154,,0,1.0,1,26,24,0.7140551429560427,0
41,1000,ordinal_pooled_candidate_uncertified,0.93,0.8734042473530718,0.9613876641034209,0.8734042473530718,1,0.9613876641034209,1,52,,,
41,1000,ordinal_candidate_plus_cp_certification,0.93,0.8734042473530718,0.9613876641034209,,0,1.0,1,26,24,0.7140551429560427,0
41,1000,ordinal_pooled_candidate_uncertified,0.95,0.9100824765488751,0.9744365064274709,0.9100824765488751,1,0.9744365064274709,1,52,,,
41,1000,ordinal_candidate_plus_cp_certification,0.95,0.9100824765488751,0.9744365064274709,,0,1.0,1,26,24,0.7140551429560427,0
41,1000,ordinal_pooled_candidate_uncertified,0.97,0.9326982629991653,0.9804670139404323,0.9326982629991653,1,0.9804670139404323,1,52,,,
41,1000,ordinal_candidate_plus_cp_certification,0.97,0.9326982629991653,0.9804670139404323,,0,1.0,1,26,25,0.77067512387815,0
42,1000,independent_mondrian_total_budget,,,,0.7500696781370704,1,0.8749997962685686,0,41,,,
42,1000,direct_pac_split_matched,,,1.0,,0,1.0,1,30,0,0.0,0
42,1000,direct_pac_total_budget,,,1.0,,0,1.0,1,41,0,0.0,0
42,1000,ordinal_pooled_candidate_uncertified,0.9,0.7463138089285353,0.8710921697757361,0.7463138089285353,1,0.8710921697757361,0,52,,,
42,1000,ordinal_candidate_plus_cp_certification,0.9,0.7463138089285353,0.8710921697757361,,0,1.0,1,30,26,0.6596735012709622,0
42,1000,ordinal_pooled_candidate_uncertified,0.93,0.8119663914350447,0.9278318683378431,0.8119663914350447,1,0.9278318683378431,1,52,,,
42,1000,ordinal_candidate_plus_cp_certification,0.93,0.8119663914350447,0.9278318683378431,,0,1.0,1,30,29,0.7984102196470542,0
42,1000,ordinal_pooled_candidate_uncertified,0.95,0.8284192412953377,0.9384748916617214,0.8284192412953377,1,0.9384748916617214,1,52,,,
42,1000,ordinal_candidate_plus_cp_certification,0.95,0.8284192412953377,0.9384748916617214,,0,1.0,1,30,29,0.7984102196470542,0
42,1000,ordinal_pooled_candidate_uncertified,0.97,0.9048009369413974,0.972823001868711,0.9048009369413974,1,0.972823001868711,1,52,,,
42,1000,ordinal_candidate_plus_cp_certification,0.97,0.9048009369413974,0.972823001868711,,0,1.0,1,30,29,0.7984102196470542,0
43,1000,independent_mondrian_total_budget,,,,0.8318970950500959,1,0.9405592401499612,1,38,,,
43,1000,direct_pac_split_matched,,,1.0,,0,1.0,1,34,0,0.0,0
43,1000,direct_pac_total_budget,,,1.0,,0,1.0,1,38,0,0.0,0
43,1000,ordinal_pooled_candidate_uncertified,0.9,0.6933160383418273,0.8069139646782242,0.6933160383418273,1,0.8069139646782242,0,43,,,
43,1000,ordinal_candidate_plus_cp_certification,0.9,0.6933160383418273,0.8069139646782242,,0,1.0,1,34,27,0.5893403287217971,0
43,1000,ordinal_pooled_candidate_uncertified,0.93,0.7331812488985046,0.8567669870447776,0.7331812488985046,1,0.8567669870447776,0,43,,,
43,1000,ordinal_candidate_plus_cp_certification,0.93,0.7331812488985046,0.8567669870447776,,0,1.0,1,34,28,0.6232518425120568,0
43,1000,ordinal_pooled_candidate_uncertified,0.95,0.7664669194873953,0.8910879394997022,0.7664669194873953,1,0.8910879394997022,0,43,,,
43,1000,ordinal_candidate_plus_cp_certification,0.95,0.7664669194873953,0.8910879394997022,,0,1.0,1,34,29,0.6584212724051612,0
43,1000,ordinal_pooled_candidate_uncertified,0.97,0.7874466607796182,0.9094267529643365,0.7874466607796182,1,0.9094267529643365,1,43,,,
43,1000,ordinal_candidate_plus_cp_certification,0.97,0.7874466607796182,0.9094267529643365,,0,1.0,1,34,30,0.6951081137784549,0
44,1000,independent_mondrian_total_budget,,,,0.7783159884824798,1,0.901748673068915,1,30,,,
44,1000,direct_pac_split_matched,,,1.0,,0,1.0,1,23,0,0.0,0
44,1000,direct_pac_total_budget,,,1.0,,0,1.0,1,30,0,0.0,0
44,1000,ordinal_pooled_candidate_uncertified,0.9,0.7887676652435991,0.910499663515757,0.7887676652435991,1,0.910499663515757,1,54,,,
44,1000,ordinal_candidate_plus_cp_certification,0.9,0.7887676652435991,0.910499663515757,,0,1.0,1,23,21,0.6818765852006592,0
44,1000,ordinal_pooled_candidate_uncertified,0.93,0.8319621236486321,0.940597679263437,0.8319621236486321,1,0.940597679263437,1,54,,,
44,1000,ordinal_candidate_plus_cp_certification,0.93,0.8319621236486321,0.940597679263437,,0,1.0,1,23,22,0.7443290912612692,0
44,1000,ordinal_pooled_candidate_uncertified,0.95,0.8463467748240692,0.9486322195972021,0.8463467748240692,1,0.9486322195972021,1,54,,,
44,1000,ordinal_candidate_plus_cp_certification,0.95,0.8463467748240692,0.9486322195972021,,0,1.0,1,23,22,0.7443290912612692,0
44,1000,ordinal_pooled_candidate_uncertified,0.97,0.9714325832502564,0.9880010516568858,0.9714325832502564,1,0.9880010516568858,1,54,,,
44,1000,ordinal_candidate_plus_cp_certification,0.97,0.9714325832502564,0.9880010516568858,,0,1.0,1,23,23,0.8185467307069028,0
45,1000,independent_mondrian_total_budget,,,,0.8845191396415956,1,0.9658176761720669,1,36,,,
45,1000,direct_pac_split_matched,,,1.0,,0,1.0,1,29,0,0.0,0
45,1000,direct_pac_total_budget,,,1.0,,0,1.0,1,36,0,0.0,0
45,1000,ordinal_pooled_candidate_uncertified,0.9,0.8232286769429765,0.9352584499552636,0.8232286769429765,1,0.9352584499552636,1,45,,,
45,1000,ordinal_candidate_plus_cp_certification,0.9,0.8232286769429765,0.9352584499552636,,0,1.0,1,29,26,0.6933721874818739,0
45,1000,ordinal_pooled_candidate_uncertified,0.93,0.8531248441520959,0.9521058580734064,0.8531248441520959,1,0.9521058580734064,1,45,,,
45,1000,ordinal_candidate_plus_cp_certification,0.93,0.8531248441520959,0.9521058580734064,,0,1.0,1,29,26,0.6933721874818739,0
45,1000,ordinal_pooled_candidate_uncertified,0.95,0.8955441575974404,0.969790314310329,0.8955441575974404,1,0.969790314310329,1,45,,,
45,1000,ordinal_candidate_plus_cp_certification,0.95,0.8955441575974404,0.969790314310329,,0,1.0,1,29,27,0.7403673084629312,0
45,1000,ordinal_pooled_candidate_uncertified,0.97,1.0483353325303066,0.9958751614511723,1.0483353325303066,1,0.9958751614511723,1,45,,,
45,1000,ordinal_candidate_plus_cp_certification,0.97,1.0483353325303066,0.9958751614511723,,0,1.0,1,29,27,0.7403673084629312,0
46,1000,independent_mondrian_total_budget,,,,0.8341616844740283,1,0.9418864224327206,1,33,,,
46,1000,direct_pac_split_matched,,,1.0,,0,1.0,1,28,0,0.0,0
46,1000,direct_pac_total_budget,,,1.0,,0,1.0,1,33,0,0.0,0
46,1000,ordinal_pooled_candidate_uncertified,0.9,0.8285582145880026,0.9385592619235663,0.8285582145880026,1,0.9385592619235663,1,34,,,
46,1000,ordinal_candidate_plus_cp_certification,0.9,0.8285582145880026,0.9385592619235663,,0,1.0,1,28,25,0.6838068618994857,0
46,1000,ordinal_pooled_candidate_uncertified,0.93,0.8689117809005733,0.9594691602281197,0.8689117809005733,1,0.9594691602281197,1,34,,,
46,1000,ordinal_candidate_plus_cp_certification,0.93,0.8689117809005733,0.9594691602281197,,0,1.0,1,28,27,0.7854308593666239,0
46,1000,ordinal_pooled_candidate_uncertified,0.95,0.992965981266406,0.9909808232774686,0.992965981266406,1,0.9909808232774686,1,34,,,
46,1000,ordinal_candidate_plus_cp_certification,0.95,0.992965981266406,0.9909808232774686,,0,1.0,1,28,28,0.8483428982440722,0
46,1000,ordinal_pooled_candidate_uncertified,0.97,0.992965981266406,0.9909808232774686,0.992965981266406,1,0.9909808232774686,1,34,,,
46,1000,ordinal_candidate_plus_cp_certification,0.97,0.992965981266406,0.9909808232774686,,0,1.0,1,28,28,0.8483428982440722,0
47,1000,independent_mondrian_total_budget,,,,0.8030778943223349,1,0.921522832587377,1,39,,,
47,1000,direct_pac_split_matched,,,1.0,,0,1.0,1,31,0,0.0,0
47,1000,direct_pac_total_budget,,,1.0,,0,1.0,1,39,0,0.0,0
47,1000,ordinal_pooled_candidate_uncertified,0.9,0.7753090407453682,0.8991185709665442,0.7753090407453682,1,0.8991185709665442,0,44,,,
47,1000,ordinal_candidate_plus_cp_certification,0.9,0.7753090407453682,0.8991185709665442,,0,1.0,1,31,27,0.6692734687190798,0
47,1000,ordinal_pooled_candidate_uncertified,0.93,0.7888452156473718,0.9105623544094031,0.7888452156473718,1,0.9105623544094031,1,44,,,
47,1000,ordinal_candidate_plus_cp_certification,0.93,0.7888452156473718,0.9105623544094031,,0,1.0,1,31,27,0.6692734687190798,0
47,1000,ordinal_pooled_candidate_uncertified,0.95,0.8115448510387853,0.9275417182252688,0.8115448510387853,1,0.9275417182252688,1,44,,,
47,1000,ordinal_candidate_plus_cp_certification,0.95,0.8115448510387853,0.9275417182252688,,0,1.0,1,31,30,0.8043306237041099,0
47,1000,ordinal_pooled_candidate_uncertified,0.97,0.940086745082348,0.9821546475547002,0.940086745082348,1,0.9821546475547002,1,44,,,
47,1000,ordinal_candidate_plus_cp_certification,0.97,0.940086745082348,0.9821546475547002,,0,1.0,1,31,31,0.8619535664753031,0
48,1000,independent_mondrian_total_budget,,,,0.7790246630785866,1,0.9023611534877118,1,31,,,
48,1000,direct_pac_split_matched,,,1.0,,0,1.0,1,23,0,0.0,0
48,1000,direct_pac_total_budget,,,1.0,,0,1.0,1,31,0,0.0,0
48,1000,ordinal_pooled_candidate_uncertified,0.9,0.8361303938286163,0.9430211819159097,0.8361303938286163,1,0.9430211819159097,1,47,,,
48,1000,ordinal_candidate_plus_cp_certification,0.9,0.8361303938286163,0.9430211819159097,,0,1.0,1,23,22,0.7443290912612692,0
48,1000,ordinal_pooled_candidate_uncertified,0.93,0.8752218818496303,0.962142557165225,0.8752218818496303,1,0.962142557165225,1,47,,,
48,1000,ordinal_candidate_plus_cp_certification,0.93,0.8752218818496303,0.962142557165225,,0,1.0,1,23,23,0.8185467307069028,0
48,1000,ordinal_pooled_candidate_uncertified,0.95,0.9506316139491152,0.9843468711180002,0.9506316139491152,1,0.9843468711180002,1,47,,,
48,1000,ordinal_candidate_plus_cp_certification,0.95,0.9506316139491152,0.9843468711180002,,0,1.0,1,23,23,0.8185467307069028,0
48,1000,ordinal_pooled_candidate_uncertified,0.97,1.0184183673425973,0.9936503401492116,1.0184183673425973,1,0.9936503401492116,1,47,,,
48,1000,ordinal_candidate_plus_cp_certification,0.97,1.0184183673425973,0.9936503401492116,,0,1.0,1,23,23,0.8185467307069028,0
49,1000,independent_mondrian_total_budget,,,,0.7423512522788571,1,0.8668785188173727,0,40,,,
49,1000,direct_pac_split_matched,,,1.0,,0,1.0,1,35,0,0.0,0
49,1000,direct_pac_total_budget,,,1.0,,0,1.0,1,40,0,0.0,0
49,1000,ordinal_pooled_candidate_uncertified,0.9,0.845037072732006,0.9479384659340249,0.845037072732006,1,0.9479384659340249,1,56,,,
49,1000,ordinal_candidate_plus_cp_certification,0.9,0.845037072732006,0.9479384659340249,,0,1.0,1,35,34,0.8249100442323629,0
49,1000,ordinal_pooled_candidate_uncertified,0.93,0.8514958421584443,0.9512886857239491,0.8514958421584443,1,0.9512886857239491,1,56,,,
49,1000,ordinal_candidate_plus_cp_certification,0.93,0.8514958421584443,0.9512886857239491,,0,1.0,1,35,34,0.8249100442323629,0
49,1000,ordinal_pooled_candidate_uncertified,0.95,0.9113297822723903,0.9748056198709243,0.9113297822723903,1,0.9748056198709243,1,56,,,
49,1000,ordinal_candidate_plus_cp_certification,0.95,0.9113297822723903,0.9748056198709243,,0,1.0,1,35,34,0.8249100442323629,0
49,1000,ordinal_pooled_candidate_uncertified,0.97,0.9661567468782104,0.987152271055395,0.9661567468782104,1,0.987152271055395,1,56,,,
49,1000,ordinal_candidate_plus_cp_certification,0.97,0.9661567468782104,0.987152271055395,,0,1.0,1,35,35,0.8767123872968683,0
50,1000,independent_mondrian_total_budget,,,,0.826537486334532,1,0.937323556317858,1,38,,,
50,1000,direct_pac_split_matched,,,1.0,,0,1.0,1,31,0,0.0,0
50,1000,direct_pac_total_budget,,,1.0,,0,1.0,1,38,0,0.0,0
50,1000,ordinal_pooled_candidate_uncertified,0.9,0.8571472026587075,0.9540766714602547,0.8571472026587075,1,0.9540766714602547,1,47,,,
50,1000,ordinal_candidate_plus_cp_certification,0.9,0.8571472026587075,0.9540766714602547,,0,1.0,1,31,31,0.8619535664753031,0
50,1000,ordinal_pooled_candidate_uncertified,0.93,0.9403219186475165,0.9822062555901518,0.9403219186475165,1,0.9822062555901518,1,47,,,
50,1000,ordinal_candidate_plus_cp_certification,0.93,0.9403219186475165,0.9822062555901518,,0,1.0,1,31,31,0.8619535664753031,0
50,1000,ordinal_pooled_candidate_uncertified,0.95,0.974864677654877,0.9885267250260857,0.974864677654877,1,0.9885267250260857,1,47,,,
50,1000,ordinal_candidate_plus_cp_certification,0.95,0.974864677654877,0.9885267250260857,,0,1.0,1,31,31,0.8619535664753031,0
50,1000,ordinal_pooled_candidate_uncertified,0.97,1.0620894296950538,0.9966403721959647,1.0620894296950538,1,0.9966403721959647,1,47,,,
50,1000,ordinal_candidate_plus_cp_certification,0.97,1.0620894296950538,0.9966403721959647,,0,1.0,1,31,31,0.8619535664753031,0
51,1000,independent_mondrian_total_budget,,,,0.7709028765217909,1,0.8951724493159999,0,41,,,
51,1000,direct_pac_split_matched,,,1.0,,0,1.0,1,35,0,0.0,0
51,1000,direct_pac_total_budget,,,1.0,,0,1.0,1,41,0,0.0,0
51,1000,ordinal_pooled_candidate_uncertified,0.9,0.8045937415534726,0.9226273866311867,0.8045937415534726,1,0.9226273866311867,1,42,,,
51,1000,ordinal_candidate_plus_cp_certification,0.9,0.8045937415534726,0.9226273866311867,,0,1.0,1,35,33,0.7807853089289456,0
51,1000,ordinal_pooled_candidate_uncertified,0.93,0.8166640671737186,0.9310053390669777,0.8166640671737186,1,0.9310053390669777,1,42,,,
51,1000,ordinal_candidate_plus_cp_certification,0.93,0.8166640671737186,0.9310053390669777,,0,1.0,1,35,33,0.7807853089289456,0
51,1000,ordinal_pooled_candidate_uncertified,0.95,0.864671949732781,0.9575882554453123,0.864671949732781,1,0.9575882554453123,1,42,,,
51,1000,ordinal_candidate_plus_cp_certification,0.95,0.864671949732781,0.9575882554453123,,0,1.0,1,35,34,0.8249100442323629,0
51,1000,ordinal_pooled_candidate_uncertified,0.97,0.9582810105262893,0.9857887530992889,0.9582810105262893,1,0.9857887530992889,1,42,,,
51,1000,ordinal_candidate_plus_cp_certification,0.97,0.9582810105262893,0.9857887530992889,,0,1.0,1,35,34,0.8249100442323629,0
52,1000,independent_mondrian_total_budget,,,,0.7901684380170417,1,0.9116270050376452,1,32,,,
52,1000,direct_pac_split_matched,,,1.0,,0,1.0,1,25,0,0.0,0
52,1000,direct_pac_total_budget,,,1.0,,0,1.0,1,32,0,0.0,0
52,1000,ordinal_pooled_candidate_uncertified,0.9,0.7816310171319117,0.9045896436925498,0.7816310171319117,1,0.9045896436925498,1,46,,,
52,1000,ordinal_candidate_plus_cp_certification,0.9,0.7816310171319117,0.9045896436925498,,0,1.0,1,25,23,0.7040698609278406,0
52,1000,ordinal_pooled_candidate_uncertified,0.93,0.7859753297549759,0.9082205418370723,0.7859753297549759,1,0.9082205418370723,1,46,,,
52,1000,ordinal_candidate_plus_cp_certification,0.93,0.7859753297549759,0.9082205418370723,,0,1.0,1,25,23,0.7040698609278406,0
52,1000,ordinal_pooled_candidate_uncertified,0.95,0.9271729925556116,0.9791180415221084,0.9271729925556116,1,0.9791180415221084,1,46,,,
52,1000,ordinal_candidate_plus_cp_certification,0.95,0.9271729925556116,0.9791180415221084,,0,1.0,1,25,24,0.7625139382791615,0
52,1000,ordinal_pooled_candidate_uncertified,0.97,0.9812638176787516,0.9894535953424007,0.9812638176787516,1,0.9894535953424007,1,46,,,
52,1000,ordinal_candidate_plus_cp_certification,0.97,0.9812638176787516,0.9894535953424007,,0,1.0,1,25,24,0.7625139382791615,0
53,1000,independent_mondrian_total_budget,,,,0.8726097828978329,1,0.9610538799264564,1,30,,,
53,1000,direct_pac_split_matched,,,1.0,,0,1.0,1,26,0,0.0,0
53,1000,direct_pac_total_budget,,,1.0,,0,1.0,1,30,0,0.0,0
53,1000,ordinal_pooled_candidate_uncertified,0.9,0.8619862729355094,0.9563607171411227,0.8619862729355094,1,0.9563607171411227,1,45,,,
53,1000,ordinal_candidate_plus_cp_certification,0.9,0.8619862729355094,0.9563607171411227,,0,1.0,1,26,23,0.6627915740657899,0
53,1000,ordinal_pooled_candidate_uncertified,0.93,0.8823976649907153,0.9650059997529444,0.8823976649907153,1,0.9650059997529444,1,45,,,
53,1000,ordinal_candidate_plus_cp_certification,0.93,0.8823976649907153,0.9650059997529444,,0,1.0,1,26,24,0.7140551429560427,0
53,1000,ordinal_pooled_candidate_uncertified,0.95,0.9228223656064787,0.9780011030114641,0.9228223656064787,1,0.9780011030114641,1,45,,,
53,1000,ordinal_candidate_plus_cp_certification,0.95,0.9228223656064787,0.9780011030114641,,0,1.0,1,26,24,0.7140551429560427,0
53,1000,ordinal_pooled_candidate_uncertified,0.97,0.960534556647486,0.986191090052235,0.960534556647486,1,0.986191090052235,1,45,,,
53,1000,ordinal_candidate_plus_cp_certification,0.97,0.960534556647486,0.986191090052235,,0,1.0,1,26,24,0.7140551429560427,0
54,1000,independent_mondrian_total_budget,,,,0.7099495153590984,1,0.8288797356011157,0,38,,,
54,1000,direct_pac_split_matched,,,1.0,,0,1.0,1,34,0,0.0,0
54,1000,direct_pac_total_budget,,,1.0,,0,1.0,1,38,0,0.0,0
54,1000,ordinal_pooled_candidate_uncertified,0.9,0.859934256474418,0.9554036130126577,0.859934256474418,1,0.9554036130126577,1,40,,,
54,1000,ordinal_candidate_plus_cp_certification,0.9,0.859934256474418,0.9554036130126577,,0,1.0,1,34,34,0.8733261623828432,0
54,1000,ordinal_pooled_candidate_uncertified,0.93,0.921884029233637,0.9777537022663487,0.921884029233637,1,0.9777537022663487,1,40,,,
54,1000,ordinal_candidate_plus_cp_certification,0.93,0.921884029233637,0.9777537022663487,,0,1.0,1,34,34,0.8733261623828432,0
54,1000,ordinal_pooled_candidate_uncertified,0.95,0.921884029233637,0.9777537022663487,0.921884029233637,1,0.9777537022663487,1,40,,,
54,1000,ordinal_candidate_plus_cp_certification,0.95,0.921884029233637,0.9777537022663487,,0,1.0,1,34,34,0.8733261623828432,0
54,1000,ordinal_pooled_candidate_uncertified,0.97,0.9544171061110073,0.985075393919905,0.9544171061110073,1,0.985075393919905,1,40,,,
54,1000,ordinal_candidate_plus_cp_certification,0.97,0.9544171061110073,0.985075393919905,,0,1.0,1,34,34,0.8733261623828432,0
55,1000,independent_mondrian_total_budget,,,,0.7935589006321684,1,0.9143117956026383,1,44,,,
55,1000,direct_pac_split_matched,,,1.0,,0,1.0,1,39,0,0.0,0
55,1000,direct_pac_total_budget,,0.9574755695198249,0.9856425240178026,0.9574755695198249,1,0.9856425240178026,1,44,44,0.9006280202112784,1
55,1000,ordinal_pooled_candidate_uncertified,0.9,0.8363897996049466,0.9431693929870901,0.8363897996049466,1,0.9431693929870901,1,43,,,
55,1000,ordinal_candidate_plus_cp_certification,0.9,0.8363897996049466,0.9431693929870901,,0,1.0,1,39,38,0.841582313856541,0
55,1000,ordinal_pooled_candidate_uncertified,0.93,0.8714537156362328,0.9605639795160407,0.8714537156362328,1,0.9605639795160407,1,43,,,
55,1000,ordinal_candidate_plus_cp_certification,0.93,0.8714537156362328,0.9605639795160407,,0,1.0,1,39,38,0.841582313856541,0
55,1000,ordinal_pooled_candidate_uncertified,0.95,0.9574755695198249,0.9856425240178026,0.9574755695198249,1,0.9856425240178026,1,43,,,
55,1000,ordinal_candidate_plus_cp_certification,0.95,0.9574755695198249,0.9856425240178026,,0,1.0,1,39,39,0.8886238162743403,0
55,1000,ordinal_pooled_candidate_uncertified,0.97,0.9960116198784551,0.9913450456920996,0.9960116198784551,1,0.9913450456920996,1,43,,,
55,1000,ordinal_candidate_plus_cp_certification,0.97,0.9960116198784551,0.9913450456920996,,0,1.0,1,39,39,0.8886238162743403,0
56,1000,independent_mondrian_total_budget,,,,0.7037332134300577,1,0.820864868154831,0,49,,,
56,1000,direct_pac_split_matched,,0.8532589794429685,0.952172653706824,0.8532589794429685,1,0.952172653706824,1,44,44,0.9006280202112784,1
56,1000,direct_pac_total_budget,,0.8532589794429685,0.952172653706824,0.8532589794429685,1,0.952172653706824,1,49,49,0.9102981779915218,1
56,1000,ordinal_pooled_candidate_uncertified,0.9,0.777190785953229,0.900770429714694,0.777190785953229,1,0.900770429714694,1,36,,,
56,1000,ordinal_candidate_plus_cp_certification,0.9,0.777190785953229,0.900770429714694,,0,1.0,1,44,40,0.7582354869188717,0
56,1000,ordinal_pooled_candidate_uncertified,0.93,0.7850918734732786,0.907490581180967,0.7850918734732786,1,0.907490581180967,1,36,,,
56,1000,ordinal_candidate_plus_cp_certification,0.93,0.7850918734732786,0.907490581180967,,0,1.0,1,44,41,0.7893052630246646,0
56,1000,ordinal_pooled_candidate_uncertified,0.95,0.8317015048776213,0.9404435071392623,0.8317015048776213,1,0.9404435071392623,1,36,,,
56,1000,ordinal_candidate_plus_cp_certification,0.95,0.8317015048776213,0.9404435071392623,,0,1.0,1,44,42,0.8223439765420424,0
56,1000,ordinal_pooled_candidate_uncertified,0.97,0.8317015048776213,0.9404435071392623,0.8317015048776213,1,0.9404435071392623,1,36,,,
56,1000,ordinal_candidate_plus_cp_certification,0.97,0.8317015048776213,0.9404435071392623,,0,1.0,1,44,42,0.8223439765420424,0
57,1000,independent_mondrian_total_budget,,,,0.7245241792614071,1,0.846756437184201,0,47,,,
57,1000,direct_pac_split_matched,,,1.0,,0,1.0,1,39,0,0.0,0
57,1000,direct_pac_total_budget,,0.9151950527304874,0.9759212105592596,0.9151950527304874,1,0.9759212105592596,1,47,47,0.9066649113412797,1
57,1000,ordinal_pooled_candidate_uncertified,0.9,0.7847058666377607,0.9071702959542616,0.7847058666377607,1,0.9071702959542616,1,48,,,
57,1000,ordinal_candidate_plus_cp_certification,0.9,0.7847058666377607,0.9071702959542616,,0,1.0,1,39,38,0.841582313856541,0
57,1000,ordinal_pooled_candidate_uncertified,0.93,0.8411201060188294,0.9458191455336453,0.8411201060188294,1,0.9458191455336453,1,48,,,
57,1000,ordinal_candidate_plus_cp_certification,0.93,0.8411201060188294,0.9458191455336453,,0,1.0,1,39,38,0.841582313856541,0
57,1000,ordinal_pooled_candidate_uncertified,0.95,0.8797268401553637,0.9639617182003,0.8797268401553637,1,0.9639617182003,1,48,,,
57,1000,ordinal_candidate_plus_cp_certification,0.95,0.8797268401553637,0.9639617182003,,0,1.0,1,39,38,0.841582313856541,0
57,1000,ordinal_pooled_candidate_uncertified,0.97,0.914328649465108,0.9756748267255165,0.914328649465108,1,0.9756748267255165,1,48,,,
57,1000,ordinal_candidate_plus_cp_certification,0.97,0.914328649465108,0.9756748267255165,,0,1.0,1,39,38,0.841582313856541,0
58,1000,independent_mondrian_total_budget,,,,0.7775095226695936,1,0.9010482574032066,1,44,,,
58,1000,direct_pac_split_matched,,,1.0,,0,1.0,1,38,0,0.0,0
58,1000,direct_pac_total_budget,,0.965805828467346,0.9870940170835887,0.965805828467346,1,0.9870940170835887,1,44,44,0.9006280202112784,1
58,1000,ordinal_pooled_candidate_uncertified,0.9,0.8733084516525909,0.9613475407585352,0.8733084516525909,1,0.9613475407585352,1,43,,,
58,1000,ordinal_candidate_plus_cp_certification,0.9,0.8733084516525909,0.9613475407585352,,0,1.0,1,38,37,0.837718391173369,0
58,1000,ordinal_pooled_candidate_uncertified,0.93,0.8790120159034047,0.9636779358835441,0.8790120159034047,1,0.9636779358835441,1,43,,,
58,1000,ordinal_candidate_plus_cp_certification,0.93,0.8790120159034047,0.9636779358835441,,0,1.0,1,38,37,0.837718391173369,0
58,1000,ordinal_pooled_candidate_uncertified,0.95,0.8860993928395906,0.9664121698438604,0.8860993928395906,1,0.9664121698438604,1,43,,,
58,1000,ordinal_candidate_plus_cp_certification,0.95,0.8860993928395906,0.9664121698438604,,0,1.0,1,38,37,0.837718391173369,0
58,1000,ordinal_pooled_candidate_uncertified,0.97,0.9178238324867515,0.9766559741442364,0.9178238324867515,1,0.9766559741442364,1,43,,,
58,1000,ordinal_candidate_plus_cp_certification,0.97,0.9178238324867515,0.9766559741442364,,0,1.0,1,38,37,0.837718391173369,0
59,1000,independent_mondrian_total_budget,,,,0.8748879961393308,1,0.9620047992017455,1,47,,,
59,1000,direct_pac_split_matched,,,1.0,,0,1.0,1,39,0,0.0,0
59,1000,direct_pac_total_budget,,1.0521530423334082,0.9961018349551832,1.0521530423334082,1,0.9961018349551832,1,47,47,0.9066649113412797,1
59,1000,ordinal_pooled_candidate_uncertified,0.9,0.8610839054933346,0.9559418955255065,0.8610839054933346,1,0.9559418955255065,1,45,,,
59,1000,ordinal_candidate_plus_cp_certification,0.9,0.8610839054933346,0.9559418955255065,,0,1.0,1,39,35,0.7302905703492968,0
59,1000,ordinal_pooled_candidate_uncertified,0.93,0.887346106836376,0.9668751573547514,0.887346106836376,1,0.9668751573547514,1,45,,,
59,1000,ordinal_candidate_plus_cp_certification,0.93,0.887346106836376,0.9668751573547514,,0,1.0,1,39,36,0.7647328919718441,0
59,1000,ordinal_pooled_candidate_uncertified,0.95,0.8986736510180576,0.9708455430104534,0.8986736510180576,1,0.9708455430104534,1,45,,,
59,1000,ordinal_candidate_plus_cp_certification,0.95,0.8986736510180576,0.9708455430104534,,0,1.0,1,39,36,0.7647328919718441,0
59,1000,ordinal_pooled_candidate_uncertified,0.97,0.9431002393276279,0.9828063734761275,0.9431002393276279,1,0.9828063734761275,1,45,,,
59,1000,ordinal_candidate_plus_cp_certification,0.97,0.9431002393276279,0.9828063734761275,,0,1.0,1,39,37,0.8014219988224589,0
60,1000,independent_mondrian_total_budget,,,,0.7536402574743729,1,0.8786372093320722,0,30,,,
60,1000,direct_pac_split_matched,,,1.0,,0,1.0,1,24,0,0.0,0
60,1000,direct_pac_total_budget,,,1.0,,0,1.0,1,30,0,0.0,0
60,1000,ordinal_pooled_candidate_uncertified,0.9,0.7742374926939586,0.8981690172852669,0.7742374926939586,1,0.8981690172852669,0,48,,,
60,1000,ordinal_candidate_plus_cp_certification,0.9,0.7742374926939586,0.8981690172852669,,0,1.0,1,24,24,0.8254041852680185,0
60,1000,ordinal_pooled_candidate_uncertified,0.93,0.7762883226230612,0.8999807021725121,0.7762883226230612,1,0.8999807021725121,0,48,,,
60,1000,ordinal_candidate_plus_cp_certification,0.93,0.7762883226230612,0.8999807021725121,,0,1.0,1,24,24,0.8254041852680185,0
60,1000,ordinal_pooled_candidate_uncertified,0.95,0.7897007060075876,0.9112517572201337,0.7897007060075876,1,0.9112517572201337,1,48,,,
60,1000,ordinal_candidate_plus_cp_certification,0.95,0.7897007060075876,0.9112517572201337,,0,1.0,1,24,24,0.8254041852680185,0
60,1000,ordinal_pooled_candidate_uncertified,0.97,0.8578495182891123,0.9544140039147573,0.8578495182891123,1,0.9544140039147573,1,48,,,
60,1000,ordinal_candidate_plus_cp_certification,0.97,0.8578495182891123,0.9544140039147573,,0,1.0,1,24,24,0.8254041852680185,0
61,1000,independent_mondrian_total_budget,,,,0.7755115344398635,1,0.8992972833945204,0,43,,,
61,1000,direct_pac_split_matched,,,1.0,,0,1.0,1,34,0,0.0,0
61,1000,direct_pac_total_budget,,,1.0,,0,1.0,1,43,0,0.0,0
61,1000,ordinal_pooled_candidate_uncertified,0.9,0.8254312355004636,0.936638909798813,0.8254312355004636,1,0.936638909798813,1,35,,,
61,1000,ordinal_candidate_plus_cp_certification,0.9,0.8254312355004636,0.936638909798813,,0,1.0,1,34,33,0.8201806253300565,0
61,1000,ordinal_pooled_candidate_uncertified,0.93,0.8336829104598118,0.941607791435,0.8336829104598118,1,0.941607791435,1,35,,,
61,1000,ordinal_candidate_plus_cp_certification,0.93,0.8336829104598118,0.941607791435,,0,1.0,1,34,33,0.8201806253300565,0
61,1000,ordinal_pooled_candidate_uncertified,0.95,0.9024665033051649,0.9720832211728649,0.9024665033051649,1,0.9720832211728649,1,35,,,
61,1000,ordinal_candidate_plus_cp_certification,0.95,0.9024665033051649,0.9720832211728649,,0,1.0,1,34,34,0.8733261623828432,0
61,1000,ordinal_pooled_candidate_uncertified,0.97,0.9024665033051649,0.9720832211728649,0.9024665033051649,1,0.9720832211728649,1,35,,,
61,1000,ordinal_candidate_plus_cp_certification,0.97,0.9024665033051649,0.9720832211728649,,0,1.0,1,34,34,0.8733261623828432,0
62,1000,independent_mondrian_total_budget,,,,0.8326381016511579,1,0.9409961039922861,1,34,,,
62,1000,direct_pac_split_matched,,,1.0,,0,1.0,1,29,0,0.0,0
62,1000,direct_pac_total_budget,,,1.0,,0,1.0,1,34,0,0.0,0
62,1000,ordinal_pooled_candidate_uncertified,0.9,0.8067711705098919,0.9241932987836157,0.8067711705098919,1,0.9241932987836157,1,31,,,
62,1000,ordinal_candidate_plus_cp_certification,0.9,0.8067711705098919,0.9241932987836157,,0,1.0,1,29,27,0.7403673084629312,0
62,1000,ordinal_pooled_candidate_uncertified,0.93,0.8887866483776679,0.9674035650848392,0.8887866483776679,1,0.9674035650848392,1,31,,,
62,1000,ordinal_candidate_plus_cp_certification,0.93,0.8887866483776679,0.9674035650848392,,0,1.0,1,29,29,0.8531678524172808,0
62,1000,ordinal_pooled_candidate_uncertified,0.95,0.9765698208666539,0.9887803708286147,0.9765698208666539,1,0.9887803708286147,1,31,,,
62,1000,ordinal_candidate_plus_cp_certification,0.95,0.9765698208666539,0.9887803708286147,,0,1.0,1,29,29,0.8531678524172808,0
62,1000,ordinal_pooled_candidate_uncertified,0.97,,1.0,,0,1.0,1,31,,,
62,1000,ordinal_candidate_plus_cp_certification,0.97,,1.0,,0,1.0,1,29,0,0.0,0
63,1000,independent_mondrian_total_budget,,,,0.7314118967446575,1,0.8547577796326943,0,30,,,
63,1000,direct_pac_split_matched,,,1.0,,0,1.0,1,24,0,0.0,0
63,1000,direct_pac_total_budget,,,1.0,,0,1.0,1,30,0,0.0,0
63,1000,ordinal_pooled_candidate_uncertified,0.9,0.7721593518501404,0.8963089591428682,0.7721593518501404,1,0.8963089591428682,0,47,,,
63,1000,ordinal_candidate_plus_cp_certification,0.9,0.7721593518501404,0.8963089591428682,,0,1.0,1,24,23,0.7537544946563022,0
63,1000,ordinal_pooled_candidate_uncertified,0.93,0.9196374676817967,0.9771518231393399,0.9196374676817967,1,0.9771518231393399,1,47,,,
63,1000,ordinal_candidate_plus_cp_certification,0.93,0.9196374676817967,0.9771518231393399,,0,1.0,1,24,24,0.8254041852680185,0
63,1000,ordinal_pooled_candidate_uncertified,0.95,0.9463452507971747,0.9834853213886825,0.9463452507971747,1,0.9834853213886825,1,47,,,
63,1000,ordinal_candidate_plus_cp_certification,0.95,0.9463452507971747,0.9834853213886825,,0,1.0,1,24,24,0.8254041852680185,0
63,1000,ordinal_pooled_candidate_uncertified,0.97,1.0712355989587246,0.9970759418506024,1.0712355989587246,1,0.9970759418506024,1,47,,,
63,1000,ordinal_candidate_plus_cp_certification,0.97,1.0712355989587246,0.9970759418506024,,0,1.0,1,24,24,0.8254041852680185,0
64,1000,independent_mondrian_total_budget,,,,0.8072662001965019,1,0.9245459116684416,1,33,,,
64,1000,direct_pac_split_matched,,,1.0,,0,1.0,1,32,0,0.0,0
64,1000,direct_pac_total_budget,,,1.0,,0,1.0,1,33,0,0.0,0
64,1000,ordinal_pooled_candidate_uncertified,0.9,0.7999009987265071,0.9191691990329085,0.7999009987265071,1,0.9191691990329085,1,34,,,
64,1000,ordinal_candidate_plus_cp_certification,0.9,0.7999009987265071,0.9191691990329085,,0,1.0,1,32,29,0.7189124316364139,0
64,1000,ordinal_pooled_candidate_uncertified,0.93,0.8964700669268817,0.9701057677517202,0.8964700669268817,1,0.9701057677517202,1,34,,,
64,1000,ordinal_candidate_plus_cp_certification,0.93,0.8964700669268817,0.9701057677517202,,0,1.0,1,32,32,0.8659643233600653,0
64,1000,ordinal_pooled_candidate_uncertified,0.95,1.0167892910118073,0.9935032328043856,1.0167892910118073,1,0.9935032328043856,1,34,,,
64,1000,ordinal_candidate_plus_cp_certification,0.95,1.0167892910118073,0.9935032328043856,,0,1.0,1,32,32,0.8659643233600653,0
64,1000,ordinal_pooled_candidate_uncertified,0.97,1.0167892910118073,0.9935032328043856,1.0167892910118073,1,0.9935032328043856,1,34,,,
64,1000,ordinal_candidate_plus_cp_certification,0.97,1.0167892910118073,0.9935032328043856,,0,1.0,1,32,32,0.8659643233600653,0
65,1000,independent_mondrian_total_budget,,,,0.8402980210792852,1,0.9453657950980618,1,34,,,
65,1000,direct_pac_split_matched,,,1.0,,0,1.0,1,31,0,0.0,0
65,1000,direct_pac_total_budget,,,1.0,,0,1.0,1,34,0,0.0,0
65,1000,ordinal_pooled_candidate_uncertified,0.9,0.6923315411431119,0.8055620469573368,0.6923315411431119,1,0.8055620469573368,0,44,,,
65,1000,ordinal_candidate_plus_cp_certification,0.9,0.6923315411431119,0.8055620469573368,,0,1.0,1,31,24,0.5557083020400295,0
65,1000,ordinal_pooled_candidate_uncertified,0.93,0.7012565544104784,0.8176068991099318,0.7012565544104784,1,0.8176068991099318,0,44,,,
65,1000,ordinal_candidate_plus_cp_certification,0.93,0.7012565544104784,0.8176068991099318,,0,1.0,1,31,24,0.5557083020400295,0
65,1000,ordinal_pooled_candidate_uncertified,0.95,0.753744218764717,0.8787419897840962,0.753744218764717,1,0.8787419897840962,0,44,,,
65,1000,ordinal_candidate_plus_cp_certification,0.95,0.753744218764717,0.8787419897840962,,0,1.0,1,31,26,0.6298099020016659,0
65,1000,ordinal_pooled_candidate_uncertified,0.97,0.8015127025526343,0.9203698209660812,0.8015127025526343,1,0.9203698209660812,1,44,,,
65,1000,ordinal_candidate_plus_cp_certification,0.97,0.8015127025526343,0.9203698209660812,,0,1.0,1,31,28,0.7108808679396739,0
66,1000,independent_mondrian_total_budget,,,,0.7449889032018083,1,0.8696937267343966,0,37,,,
66,1000,direct_pac_split_matched,,,1.0,,0,1.0,1,30,0,0.0,0
66,1000,direct_pac_total_budget,,,1.0,,0,1.0,1,37,0,0.0,0
66,1000,ordinal_pooled_candidate_uncertified,0.9,0.8446568031232221,0.9477356475415226,0.8446568031232221,1,0.9477356475415226,1,40,,,
66,1000,ordinal_candidate_plus_cp_certification,0.9,0.8446568031232221,0.9477356475415226,,0,1.0,1,30,29,0.7984102196470542,0
66,1000,ordinal_pooled_candidate_uncertified,0.93,0.9290726703455019,0.9795904753879081,0.9290726703455019,1,0.9795904753879081,1,40,,,
66,1000,ordinal_candidate_plus_cp_certification,0.93,0.9290726703455019,0.9795904753879081,,0,1.0,1,30,30,0.857695898590894,0
66,1000,ordinal_pooled_candidate_uncertified,0.95,0.9290726703455019,0.9795904753879081,0.9290726703455019,1,0.9795904753879081,1,40,,,
66,1000,ordinal_candidate_plus_cp_certification,0.95,0.9290726703455019,0.9795904753879081,,0,1.0,1,30,30,0.857695898590894,0
66,1000,ordinal_pooled_candidate_uncertified,0.97,1.0130998289160593,0.9931588749055656,1.0130998289160593,1,0.9931588749055656,1,40,,,
66,1000,ordinal_candidate_plus_cp_certification,0.97,1.0130998289160593,0.9931588749055656,,0,1.0,1,30,30,0.857695898590894,0
67,1000,independent_mondrian_total_budget,,,,0.7770981132405461,1,0.9006895443741284,1,33,,,
67,1000,direct_pac_split_matched,,,1.0,,0,1.0,1,27,0,0.0,0
67,1000,direct_pac_total_budget,,,1.0,,0,1.0,1,33,0,0.0,0
67,1000,ordinal_pooled_candidate_uncertified,0.9,0.7841929458518506,0.9067434375303444,0.7841929458518506,1,0.9067434375303444,1,37,,,
67,1000,ordinal_candidate_plus_cp_certification,0.9,0.7841929458518506,0.9067434375303444,,0,1.0,1,27,27,0.8431909292866258,0
67,1000,ordinal_pooled_candidate_uncertified,0.93,0.8209326295186936,0.9337946488698048,0.8209326295186936,1,0.9337946488698048,1,37,,,
67,1000,ordinal_candidate_plus_cp_certification,0.93,0.8209326295186936,0.9337946488698048,,0,1.0,1,27,27,0.8431909292866258,0
67,1000,ordinal_pooled_candidate_uncertified,0.95,0.8552461420327915,0.9531534944856164,0.8552461420327915,1,0.9531534944856164,1,37,,,
67,1000,ordinal_candidate_plus_cp_certification,0.95,0.8552461420327915,0.9531534944856164,,0,1.0,1,27,27,0.8431909292866258,0
67,1000,ordinal_pooled_candidate_uncertified,0.97,0.8552461420327915,0.9531534944856164,0.8552461420327915,1,0.9531534944856164,1,37,,,
67,1000,ordinal_candidate_plus_cp_certification,0.97,0.8552461420327915,0.9531534944856164,,0,1.0,1,27,27,0.8431909292866258,0
68,1000,independent_mondrian_total_budget,,,,0.7746138774434091,1,0.8985032896069693,0,40,,,
68,1000,direct_pac_split_matched,,,1.0,,0,1.0,1,30,0,0.0,0
68,1000,direct_pac_total_budget,,,1.0,,0,1.0,1,40,0,0.0,0
68,1000,ordinal_pooled_candidate_uncertified,0.9,0.7961718200498589,0.9163388562120389,0.7961718200498589,1,0.9163388562120389,1,51,,,
68,1000,ordinal_candidate_plus_cp_certification,0.9,0.7961718200498589,0.9163388562120389,,0,1.0,1,30,28,0.7481011741706618,0
68,1000,ordinal_pooled_candidate_uncertified,0.93,0.8500783930622529,0.9505686033089915,0.8500783930622529,1,0.9505686033089915,1,51,,,
68,1000,ordinal_candidate_plus_cp_certification,0.93,0.8500783930622529,0.9505686033089915,,0,1.0,1,30,30,0.857695898590894,0
68,1000,ordinal_pooled_candidate_uncertified,0.95,0.8664435012234941,0.9583825783733053,0.8664435012234941,1,0.9583825783733053,1,51,,,
68,1000,ordinal_candidate_plus_cp_certification,0.95,0.8664435012234941,0.9583825783733053,,0,1.0,1,30,30,0.857695898590894,0
68,1000,ordinal_pooled_candidate_uncertified,0.97,0.9848805700351753,0.9899480435223396,0.9848805700351753,1,0.9899480435223396,1,51,,,
68,1000,ordinal_candidate_plus_cp_certification,0.97,0.9848805700351753,0.9899480435223396,,0,1.0,1,30,30,0.857695898590894,0
69,1000,independent_mondrian_total_budget,,,,0.8526255047196377,1,0.9518565442577196,1,29,,,
69,1000,direct_pac_split_matched,,,1.0,,0,1.0,1,22,0,0.0,0
69,1000,direct_pac_total_budget,,,1.0,,0,1.0,1,29,0,0.0,0
69,1000,ordinal_pooled_candidate_uncertified,0.9,0.7839173019780791,0.9065134453517236,0.7839173019780791,1,0.9065134453517236,1,48,,,
69,1000,ordinal_candidate_plus_cp_certification,0.9,0.7839173019780791,0.9065134453517236,,0,1.0,1,22,20,0.6695000540987375,0
69,1000,ordinal_pooled_candidate_uncertified,0.93,0.8200246847650646,0.9332087828085474,0.8200246847650646,1,0.9332087828085474,1,48,,,
69,1000,ordinal_candidate_plus_cp_certification,0.93,0.8200246847650646,0.9332087828085474,,0,1.0,1,22,20,0.6695000540987375,0
69,1000,ordinal_pooled_candidate_uncertified,0.95,0.8636910668104575,0.9571432025818719,0.8636910668104575,1,0.9571432025818719,1,48,,,
69,1000,ordinal_candidate_plus_cp_certification,0.95,0.8636910668104575,0.9571432025818719,,0,1.0,1,22,21,0.7341595291255449,0
69,1000,ordinal_pooled_candidate_uncertified,0.97,1.0538083317270628,0.9961965992562859,1.0538083317270628,1,0.9961965992562859,1,48,,,
69,1000,ordinal_candidate_plus_cp_certification,0.97,1.0538083317270628,0.9961965992562859,,0,1.0,1,22,22,0.8111308307896872,0
70,1000,independent_mondrian_total_budget,,,,0.7454643116064676,1,0.8701967245703108,0,36,,,
70,1000,direct_pac_split_matched,,,1.0,,0,1.0,1,32,0,0.0,0
70,1000,direct_pac_total_budget,,,1.0,,0,1.0,1,36,0,0.0,0
70,1000,ordinal_pooled_candidate_uncertified,0.9,0.7175139538695577,0.8383183011092323,0.7175139538695577,1,0.8383183011092323,0,41,,,
70,1000,ordinal_candidate_plus_cp_certification,0.9,0.7175139538695577,0.8383183011092323,,0,1.0,1,32,30,0.7622721467887545,0
70,1000,ordinal_pooled_candidate_uncertified,0.93,0.7560210936365314,0.8810208649714975,0.7560210936365314,1,0.8810208649714975,0,41,,,
70,1000,ordinal_candidate_plus_cp_certification,0.93,0.7560210936365314,0.8810208649714975,,0,1.0,1,32,31,0.8099144550219393,0
70,1000,ordinal_pooled_candidate_uncertified,0.95,0.7560210936365314,0.8810208649714975,0.7560210936365314,1,0.8810208649714975,0,41,,,
70,1000,ordinal_candidate_plus_cp_certification,0.95,0.7560210936365314,0.8810208649714975,,0,1.0,1,32,31,0.8099144550219393,0
70,1000,ordinal_pooled_candidate_uncertified,0.97,0.819583621477232,0.9329227357381595,0.819583621477232,1,0.9329227357381595,1,41,,,
70,1000,ordinal_candidate_plus_cp_certification,0.97,0.819583621477232,0.9329227357381595,,0,1.0,1,32,32,0.8659643233600653,0
71,1000,independent_mondrian_total_budget,,,,0.805742735709811,1,0.9234567276545973,1,33,,,
71,1000,direct_pac_split_matched,,,1.0,,0,1.0,1,29,0,0.0,0
71,1000,direct_pac_total_budget,,,1.0,,0,1.0,1,33,0,0.0,0
71,1000,ordinal_pooled_candidate_uncertified,0.9,0.8177574640505507,0.9317283088476531,0.8177574640505507,1,0.9317283088476531,1,43,,,
71,1000,ordinal_candidate_plus_cp_certification,0.9,0.8177574640505507,0.9317283088476531,,0,1.0,1,29,27,0.7403673084629312,0
71,1000,ordinal_pooled_candidate_uncertified,0.93,0.8197110426430463,0.933005470572047,0.8197110426430463,1,0.933005470572047,1,43,,,
71,1000,ordinal_candidate_plus_cp_certification,0.93,0.8197110426430463,0.933005470572047,,0,1.0,1,29,27,0.7403673084629312,0
71,1000,ordinal_pooled_candidate_uncertified,0.95,0.8478926070653324,0.9494415685060963,0.8478926070653324,1,0.9494415685060963,1,43,,,
71,1000,ordinal_candidate_plus_cp_certification,0.95,0.8478926070653324,0.9494415685060963,,0,1.0,1,29,27,0.7403673084629312,0
71,1000,ordinal_pooled_candidate_uncertified,0.97,0.9198723836562592,0.9772153954137703,0.9198723836562592,1,0.9772153954137703,1,43,,,
71,1000,ordinal_candidate_plus_cp_certification,0.97,0.9198723836562592,0.9772153954137703,,0,1.0,1,29,28,0.7921220242253999,0
72,1000,independent_mondrian_total_budget,,,,0.8456155821666062,1,0.9482458166726683,1,37,,,
72,1000,direct_pac_split_matched,,,1.0,,0,1.0,1,31,0,0.0,0
72,1000,direct_pac_total_budget,,,1.0,,0,1.0,1,37,0,0.0,0
72,1000,ordinal_pooled_candidate_uncertified,0.9,0.7751072014434168,0.8989402060689564,0.7751072014434168,1,0.8989402060689564,0,54,,,
72,1000,ordinal_candidate_plus_cp_certification,0.9,0.7751072014434168,0.8989402060689564,,0,1.0,1,31,28,0.7108808679396739,0
72,1000,ordinal_pooled_candidate_uncertified,0.93,0.8368744884636565,0.9434455053711752,0.8368744884636565,1,0.9434455053711752,1,54,,,
72,1000,ordinal_candidate_plus_cp_certification,0.93,0.8368744884636565,0.9434455053711752,,0,1.0,1,31,28,0.7108808679396739,0
72,1000,ordinal_pooled_candidate_uncertified,0.95,0.9061120740935849,0.9732312786639689,0.9061120740935849,1,0.9732312786639689,1,54,,,
72,1000,ordinal_candidate_plus_cp_certification,0.95,0.9061120740935849,0.9732312786639689,,0,1.0,1,31,29,0.7553904519975658,0
72,1000,ordinal_pooled_candidate_uncertified,0.97,0.9443719083435195,0.9830752325908256,0.9443719083435195,1,0.9830752325908256,1,54,,,
72,1000,ordinal_candidate_plus_cp_certification,0.97,0.9443719083435195,0.9830752325908256,,0,1.0,1,31,29,0.7553904519975658,0
73,1000,independent_mondrian_total_budget,,,,0.7606079032416382,1,0.885519485429771,0,35,,,
73,1000,direct_pac_split_matched,,,1.0,,0,1.0,1,30,0,0.0,0
73,1000,direct_pac_total_budget,,,1.0,,0,1.0,1,35,0,0.0,0
73,1000,ordinal_pooled_candidate_uncertified,0.9,0.7629780488359346,0.8877960224213275,0.7629780488359346,1,0.8877960224213275,0,52,,,
73,1000,ordinal_candidate_plus_cp_certification,0.9,0.7629780488359346,0.8877960224213275,,0,1.0,1,30,28,0.7481011741706618,0
73,1000,ordinal_pooled_candidate_uncertified,0.93,0.828201232994803,0.938342357219071,0.828201232994803,1,0.938342357219071,1,52,,,
73,1000,ordinal_candidate_plus_cp_certification,0.93,0.828201232994803,0.938342357219071,,0,1.0,1,30,29,0.7984102196470542,0
73,1000,ordinal_pooled_candidate_uncertified,0.95,0.8529325917220356,0.9520099915245044,0.8529325917220356,1,0.9520099915245044,1,52,,,
73,1000,ordinal_candidate_plus_cp_certification,0.95,0.8529325917220356,0.9520099915245044,,0,1.0,1,30,29,0.7984102196470542,0
73,1000,ordinal_pooled_candidate_uncertified,0.97,0.9718121806536202,0.9880602016528534,0.9718121806536202,1,0.9880602016528534,1,52,,,
73,1000,ordinal_candidate_plus_cp_certification,0.97,0.9718121806536202,0.9880602016528534,,0,1.0,1,30,29,0.7984102196470542,0
74,1000,independent_mondrian_total_budget,,,,0.7088417679184035,1,0.8274685305231324,0,34,,,
74,1000,direct_pac_split_matched,,,1.0,,0,1.0,1,26,0,0.0,0
74,1000,direct_pac_total_budget,,,1.0,,0,1.0,1,34,0,0.0,0
74,1000,ordinal_pooled_candidate_uncertified,0.9,0.7494115243332312,0.87432109649258,0.7494115243332312,1,0.87432109649258,0,45,,,
74,1000,ordinal_candidate_plus_cp_certification,0.9,0.7494115243332312,0.87432109649258,,0,1.0,1,26,26,0.8376776400682919,0
74,1000,ordinal_pooled_candidate_uncertified,0.93,0.767120065873816,0.8916964188889838,0.767120065873816,1,0.8916964188889838,0,45,,,
74,1000,ordinal_candidate_plus_cp_certification,0.93,0.767120065873816,0.8916964188889838,,0,1.0,1,26,26,0.8376776400682919,0
74,1000,ordinal_pooled_candidate_uncertified,0.95,0.7937331755600883,0.914448129441789,0.7937331755600883,1,0.914448129441789,1,45,,,
74,1000,ordinal_candidate_plus_cp_certification,0.95,0.7937331755600883,0.914448129441789,,0,1.0,1,26,26,0.8376776400682919,0
74,1000,ordinal_pooled_candidate_uncertified,0.97,0.8626009890709103,0.9566441851032895,0.8626009890709103,1,0.9566441851032895,1,45,,,
74,1000,ordinal_candidate_plus_cp_certification,0.97,0.8626009890709103,0.9566441851032895,,0,1.0,1,26,26,0.8376776400682919,0
75,1000,independent_mondrian_total_budget,,,,0.7585273241182255,1,0.8834941413531765,0,35,,,
75,1000,direct_pac_split_matched,,,1.0,,0,1.0,1,29,0,0.0,0
75,1000,direct_pac_total_budget,,,1.0,,0,1.0,1,35,0,0.0,0
75,1000,ordinal_pooled_candidate_uncertified,0.9,0.8821840940227257,0.9649234182970304,0.8821840940227257,1,0.9649234182970304,1,46,,,
75,1000,ordinal_candidate_plus_cp_certification,0.9,0.8821840940227257,0.9649234182970304,,0,1.0,1,29,29,0.8531678524172808,0
75,1000,ordinal_pooled_candidate_uncertified,0.93,0.9203788088469553,0.9773519358266577,0.9203788088469553,1,0.9773519358266577,1,46,,,
75,1000,ordinal_candidate_plus_cp_certification,0.93,0.9203788088469553,0.9773519358266577,,0,1.0,1,29,29,0.8531678524172808,0
75,1000,ordinal_pooled_candidate_uncertified,0.95,0.9748752874382605,0.9885283185409026,0.9748752874382605,1,0.9885283185409026,1,46,,,
75,1000,ordinal_candidate_plus_cp_certification,0.95,0.9748752874382605,0.9885283185409026,,0,1.0,1,29,29,0.8531678524172808,0
75,1000,ordinal_pooled_candidate_uncertified,0.97,1.079373929146752,0.9974199826344938,1.079373929146752,1,0.9974199826344938,1,46,,,
75,1000,ordinal_candidate_plus_cp_certification,0.97,1.079373929146752,0.9974199826344938,,0,1.0,1,29,29,0.8531678524172808,0
76,1000,independent_mondrian_total_budget,,,,0.8695924091080574,1,0.9597647000979755,1,41,,,
76,1000,direct_pac_split_matched,,,1.0,,0,1.0,1,32,0,0.0,0
76,1000,direct_pac_total_budget,,,1.0,,0,1.0,1,41,0,0.0,0
76,1000,ordinal_pooled_candidate_uncertified,0.9,0.8627198460441423,0.9566988224825486,0.8627198460441423,1,0.9566988224825486,1,55,,,
76,1000,ordinal_candidate_plus_cp_certification,0.9,0.8627198460441423,0.9566988224825486,,0,1.0,1,32,30,0.7622721467887545,0
76,1000,ordinal_pooled_candidate_uncertified,0.93,0.9153317490561768,0.9759598914945091,0.9153317490561768,1,0.9759598914945091,1,55,,,
76,1000,ordinal_candidate_plus_cp_certification,0.93,0.9153317490561768,0.9759598914945091,,0,1.0,1,32,31,0.8099144550219393,0
76,1000,ordinal_pooled_candidate_uncertified,0.95,0.9375318462631754,0.981585707560991,0.9375318462631754,1,0.981585707560991,1,55,,,
76,1000,ordinal_candidate_plus_cp_certification,0.95,0.9375318462631754,0.981585707560991,,0,1.0,1,32,32,0.8659643233600653,0
76,1000,ordinal_pooled_candidate_uncertified,0.97,0.965718916970258,0.9870795541571946,0.965718916970258,1,0.9870795541571946,1,55,,,
76,1000,ordinal_candidate_plus_cp_certification,0.97,0.965718916970258,0.9870795541571946,,0,1.0,1,32,32,0.8659643233600653,0
77,1000,independent_mondrian_total_budget,,,,0.7992088173337653,1,0.9186493902222288,1,32,,,
77,1000,direct_pac_split_matched,,,1.0,,0,1.0,1,27,0,0.0,0
77,1000,direct_pac_total_budget,,,1.0,,0,1.0,1,32,0,0.0,0
77,1000,ordinal_pooled_candidate_uncertified,0.9,0.7892930153814472,0.9109237120988161,0.7892930153814472,1,0.9109237120988161,1,43,,,
77,1000,ordinal_candidate_plus_cp_certification,0.9,0.7892930153814472,0.9109237120988161,,0,1.0,1,27,24,0.6736329901405362,0
77,1000,ordinal_pooled_candidate_uncertified,0.93,0.8211995776711313,0.9339661421259307,0.8211995776711313,1,0.9339661421259307,1,43,,,
77,1000,ordinal_candidate_plus_cp_certification,0.93,0.8211995776711313,0.9339661421259307,,0,1.0,1,27,26,0.7782969442853849,0
77,1000,ordinal_pooled_candidate_uncertified,0.95,0.9213854963210437,0.9776213074168776,0.9213854963210437,1,0.9776213074168776,1,43,,,
77,1000,ordinal_candidate_plus_cp_certification,0.95,0.9213854963210437,0.9776213074168776,,0,1.0,1,27,27,0.8431909292866258,0
77,1000,ordinal_pooled_candidate_uncertified,0.97,1.028646476911554,0.9945083922251758,1.028646476911554,1,0.9945083922251758,1,43,,,
77,1000,ordinal_candidate_plus_cp_certification,0.97,1.028646476911554,0.9945083922251758,,0,1.0,1,27,27,0.8431909292866258,0
78,1000,independent_mondrian_total_budget,,,,0.844084268640611,1,0.9474291009227123,1,33,,,
78,1000,direct_pac_split_matched,,,1.0,,0,1.0,1,26,0,0.0,0
78,1000,direct_pac_total_budget,,,1.0,,0,1.0,1,33,0,0.0,0
78,1000,ordinal_pooled_candidate_uncertified,0.9,0.7417508978661655,0.8662319457989889,0.7417508978661655,1,0.8662319457989889,0,51,,,
78,1000,ordinal_candidate_plus_cp_certification,0.9,0.7417508978661655,0.8662319457989889,,0,1.0,1,26,22,0.6150774820527913,0
78,1000,ordinal_pooled_candidate_uncertified,0.93,0.8030787355848127,0.9215234488889669,0.8030787355848127,1,0.9215234488889669,1,51,,,
78,1000,ordinal_candidate_plus_cp_certification,0.93,0.8030787355848127,0.9215234488889669,,0,1.0,1,26,22,0.6150774820527913,0
78,1000,ordinal_pooled_candidate_uncertified,0.95,0.8258768326942747,0.9369153819756179,0.8258768326942747,1,0.9369153819756179,1,51,,,
78,1000,ordinal_candidate_plus_cp_certification,0.95,0.8258768326942747,0.9369153819756179,,0,1.0,1,26,23,0.6627915740657899,0
78,1000,ordinal_pooled_candidate_uncertified,0.97,0.9286093838917746,0.9794761031555809,0.9286093838917746,1,0.9794761031555809,1,51,,,
78,1000,ordinal_candidate_plus_cp_certification,0.97,0.9286093838917746,0.9794761031555809,,0,1.0,1,26,25,0.77067512387815,0
79,1000,independent_mondrian_total_budget,,,,0.7761498313613877,1,0.8998591061900063,0,41,,,
79,1000,direct_pac_split_matched,,,1.0,,0,1.0,1,32,0,0.0,0
79,1000,direct_pac_total_budget,,,1.0,,0,1.0,1,41,0,0.0,0
79,1000,ordinal_pooled_candidate_uncertified,0.9,0.8067694937484187,0.924192102286371,0.8067694937484187,1,0.924192102286371,1,48,,,
79,1000,ordinal_candidate_plus_cp_certification,0.9,0.8067694937484187,0.924192102286371,,0,1.0,1,32,30,0.7622721467887545,0
79,1000,ordinal_pooled_candidate_uncertified,0.93,0.8680609800794159,0.9590972529779753,0.8680609800794159,1,0.9590972529779753,1,48,,,
79,1000,ordinal_candidate_plus_cp_certification,0.93,0.8680609800794159,0.9590972529779753,,0,1.0,1,32,32,0.8659643233600653,0
79,1000,ordinal_pooled_candidate_uncertified,0.95,0.9606295241198484,0.9862078271415409,0.9606295241198484,1,0.9862078271415409,1,48,,,
79,1000,ordinal_candidate_plus_cp_certification,0.95,0.9606295241198484,0.9862078271415409,,0,1.0,1,32,32,0.8659643233600653,0
79,1000,ordinal_pooled_candidate_uncertified,0.97,1.062294143834092,0.9966507271499202,1.062294143834092,1,0.9966507271499202,1,48,,,
79,1000,ordinal_candidate_plus_cp_certification,0.97,1.062294143834092,0.9966507271499202,,0,1.0,1,32,32,0.8659643233600653,0
80,1000,independent_mondrian_total_budget,,,,0.7795002664528292,1,0.9027706264924386,1,41,,,
80,1000,direct_pac_split_matched,,,1.0,,0,1.0,1,35,0,0.0,0
80,1000,direct_pac_total_budget,,,1.0,,0,1.0,1,41,0,0.0,0
80,1000,ordinal_pooled_candidate_uncertified,0.9,0.7746488800257267,0.898534335203552,0.7746488800257267,1,0.898534335203552,0,55,,,
80,1000,ordinal_candidate_plus_cp_certification,0.9,0.7746488800257267,0.898534335203552,,0,1.0,1,35,32,0.7405531625923165,0
80,1000,ordinal_pooled_candidate_uncertified,0.93,0.8333481461868968,0.9414123469569591,0.8333481461868968,1,0.9414123469569591,1,55,,,
80,1000,ordinal_candidate_plus_cp_certification,0.93,0.8333481461868968,0.9414123469569591,,0,1.0,1,35,33,0.7807853089289456,0
80,1000,ordinal_pooled_candidate_uncertified,0.95,0.8697784057437137,0.9598451576295354,0.8697784057437137,1,0.9598451576295354,1,55,,,
80,1000,ordinal_candidate_plus_cp_certification,0.95,0.8697784057437137,0.9598451576295354,,0,1.0,1,35,33,0.7807853089289456,0
80,1000,ordinal_pooled_candidate_uncertified,0.97,0.9128383719576809,0.975246076765817,0.9128383719576809,1,0.975246076765817,1,55,,,
80,1000,ordinal_candidate_plus_cp_certification,0.97,0.9128383719576809,0.975246076765817,,0,1.0,1,35,33,0.7807853089289456,0
81,1000,independent_mondrian_total_budget,,,,0.739897351684606,1,0.8642220966954294,0,32,,,
81,1000,direct_pac_split_matched,,,1.0,,0,1.0,1,26,0,0.0,0
81,1000,direct_pac_total_budget,,,1.0,,0,1.0,1,32,0,0.0,0
81,1000,ordinal_pooled_candidate_uncertified,0.9,0.8161680709564338,0.9306754399468584,0.8161680709564338,1,0.9306754399468584,1,39,,,
81,1000,ordinal_candidate_plus_cp_certification,0.9,0.8161680709564338,0.9306754399468584,,0,1.0,1,26,26,0.8376776400682919,0
81,1000,ordinal_pooled_candidate_uncertified,0.93,1.0825469617554275,0.9975438927832833,1.0825469617554275,1,0.9975438927832833,1,39,,,
81,1000,ordinal_candidate_plus_cp_certification,0.93,1.0825469617554275,0.9975438927832833,,0,1.0,1,26,26,0.8376776400682919,0
81,1000,ordinal_pooled_candidate_uncertified,0.95,1.0825469617554275,0.9975438927832833,1.0825469617554275,1,0.9975438927832833,1,39,,,
81,1000,ordinal_candidate_plus_cp_certification,0.95,1.0825469617554275,0.9975438927832833,,0,1.0,1,26,26,0.8376776400682919,0
81,1000,ordinal_pooled_candidate_uncertified,0.97,1.0987472538959646,0.9980965611898354,1.0987472538959646,1,0.9980965611898354,1,39,,,
81,1000,ordinal_candidate_plus_cp_certification,0.97,1.0987472538959646,0.9980965611898354,,0,1.0,1,26,26,0.8376776400682919,0
82,1000,independent_mondrian_total_budget,,,,0.7636380921190535,1,0.8884241980531681,0,32,,,
82,1000,direct_pac_split_matched,,,1.0,,0,1.0,1,29,0,0.0,0
82,1000,direct_pac_total_budget,,,1.0,,0,1.0,1,32,0,0.0,0
82,1000,ordinal_pooled_candidate_uncertified,0.9,0.707506285464796,0.8257573671454119,0.707506285464796,1,0.8257573671454119,0,39,,,
82,1000,ordinal_candidate_plus_cp_certification,0.9,0.707506285464796,0.8257573671454119,,0,1.0,1,29,26,0.6933721874818739,0
82,1000,ordinal_pooled_candidate_uncertified,0.93,0.7662978437598391,0.89093002675582,0.7662978437598391,1,0.89093002675582,0,39,,,
82,1000,ordinal_candidate_plus_cp_certification,0.93,0.7662978437598391,0.89093002675582,,0,1.0,1,29,27,0.7403673084629312,0
82,1000,ordinal_pooled_candidate_uncertified,0.95,0.7662978437598391,0.89093002675582,0.7662978437598391,1,0.89093002675582,0,39,,,
82,1000,ordinal_candidate_plus_cp_certification,0.95,0.7662978437598391,0.89093002675582,,0,1.0,1,29,27,0.7403673084629312,0
82,1000,ordinal_pooled_candidate_uncertified,0.97,0.9568736390418129,0.9855323983304412,0.9568736390418129,1,0.9855323983304412,1,39,,,
82,1000,ordinal_candidate_plus_cp_certification,0.97,0.9568736390418129,0.9855323983304412,,0,1.0,1,29,29,0.8531678524172808,0
83,1000,independent_mondrian_total_budget,,,,0.8407050136759764,1,0.9455906104398539,1,39,,,
83,1000,direct_pac_split_matched,,,1.0,,0,1.0,1,33,0,0.0,0
83,1000,direct_pac_total_budget,,,1.0,,0,1.0,1,39,0,0.0,0
83,1000,ordinal_pooled_candidate_uncertified,0.9,0.7978517936201208,0.9176229919009677,0.7978517936201208,1,0.9176229919009677,1,44,,,
83,1000,ordinal_candidate_plus_cp_certification,0.9,0.7978517936201208,0.9176229919009677,,0,1.0,1,33,29,0.6869521330697146,0
83,1000,ordinal_pooled_candidate_uncertified,0.93,0.8407050136759764,0.9455906104398539,0.8407050136759764,1,0.9455906104398539,1,44,,,
83,1000,ordinal_candidate_plus_cp_certification,0.93,0.8407050136759764,0.9455906104398539,,0,1.0,1,33,30,0.7265132635612905,0
83,1000,ordinal_pooled_candidate_uncertified,0.95,0.8680163513312092,0.9590776684238033,0.8680163513312092,1,0.9590776684238033,1,44,,,
83,1000,ordinal_candidate_plus_cp_certification,0.95,0.8680163513312092,0.9590776684238033,,0,1.0,1,33,31,0.7687792986407331,0
83,1000,ordinal_pooled_candidate_uncertified,0.97,0.9003786032795459,0.9714074288126515,0.9003786032795459,1,0.9714074288126515,1,44,,,
83,1000,ordinal_candidate_plus_cp_certification,0.97,0.9003786032795459,0.9714074288126515,,0,1.0,1,33,33,0.8697490026177834,0
84,1000,independent_mondrian_total_budget,,,,0.7525615024046783,1,0.8775461956759634,0,38,,,
84,1000,direct_pac_split_matched,,,1.0,,0,1.0,1,32,0,0.0,0
84,1000,direct_pac_total_budget,,,1.0,,0,1.0,1,38,0,0.0,0
84,1000,ordinal_pooled_candidate_uncertified,0.9,0.8283191534075478,0.9384140725821757,0.8283191534075478,1,0.9384140725821757,1,48,,,
84,1000,ordinal_candidate_plus_cp_certification,0.9,0.8283191534075478,0.9384140725821757,,0,1.0,1,32,31,0.8099144550219393,0
84,1000,ordinal_pooled_candidate_uncertified,0.93,0.8321071750207162,0.9406833504966465,0.8321071750207162,1,0.9406833504966465,1,48,,,
84,1000,ordinal_candidate_plus_cp_certification,0.93,0.8321071750207162,0.9406833504966465,,0,1.0,1,32,31,0.8099144550219393,0
84,1000,ordinal_pooled_candidate_uncertified,0.95,0.8430392826837833,0.9468659164912855,0.8430392826837833,1,0.9468659164912855,1,48,,,
84,1000,ordinal_candidate_plus_cp_certification,0.95,0.8430392826837833,0.9468659164912855,,0,1.0,1,32,31,0.8099144550219393,0
84,1000,ordinal_pooled_candidate_uncertified,0.97,0.9341019185395385,0.9807976756642067,0.9341019185395385,1,0.9807976756642067,1,48,,,
84,1000,ordinal_candidate_plus_cp_certification,0.97,0.9341019185395385,0.9807976756642067,,0,1.0,1,32,32,0.8659643233600653,0
85,1000,independent_mondrian_total_budget,,,,0.7424841655366473,1,0.8670213731754847,0,39,,,
85,1000,direct_pac_split_matched,,,1.0,,0,1.0,1,33,0,0.0,0
85,1000,direct_pac_total_budget,,,1.0,,0,1.0,1,39,0,0.0,0
85,1000,ordinal_pooled_candidate_uncertified,0.9,0.740300593713641,0.8646610933939953,0.740300593713641,1,0.8646610933939953,0,35,,,
85,1000,ordinal_candidate_plus_cp_certification,0.9,0.740300593713641,0.8646610933939953,,0,1.0,1,33,29,0.6869521330697146,0
85,1000,ordinal_pooled_candidate_uncertified,0.93,0.7492345564085041,0.8741381662890059,0.7492345564085041,1,0.8741381662890059,0,35,,,
85,1000,ordinal_candidate_plus_cp_certification,0.93,0.7492345564085041,0.8741381662890059,,0,1.0,1,33,30,0.7265132635612905,0
85,1000,ordinal_pooled_candidate_uncertified,0.95,0.8489165606148366,0.9499720621841217,0.8489165606148366,1,0.9499720621841217,1,35,,,
85,1000,ordinal_candidate_plus_cp_certification,0.95,0.8489165606148366,0.9499720621841217,,0,1.0,1,33,32,0.815189511752308,0
85,1000,ordinal_pooled_candidate_uncertified,0.97,0.8489165606148366,0.9499720621841217,0.8489165606148366,1,0.9499720621841217,1,35,,,
85,1000,ordinal_candidate_plus_cp_certification,0.97,0.8489165606148366,0.9499720621841217,,0,1.0,1,33,32,0.815189511752308,0
86,1000,independent_mondrian_total_budget,,,,0.8491802691292016,1,0.950107964062409,1,37,,,
86,1000,direct_pac_split_matched,,,1.0,,0,1.0,1,28,0,0.0,0
86,1000,direct_pac_total_budget,,,1.0,,0,1.0,1,37,0,0.0,0
86,1000,ordinal_pooled_candidate_uncertified,0.9,0.7382608572987227,0.8624304938815612,0.7382608572987227,1,0.8624304938815612,0,43,,,
86,1000,ordinal_candidate_plus_cp_certification,0.9,0.7382608572987227,0.8624304938815612,,0,1.0,1,28,25,0.6838068618994857,0
86,1000,ordinal_pooled_candidate_uncertified,0.93,0.7949692990826889,0.9154104800436598,0.7949692990826889,1,0.9154104800436598,1,43,,,
86,1000,ordinal_candidate_plus_cp_certification,0.93,0.7949692990826889,0.9154104800436598,,0,1.0,1,28,26,0.73214728003164,0
86,1000,ordinal_pooled_candidate_uncertified,0.95,0.8593126732958564,0.9551103796795781,0.8593126732958564,1,0.9551103796795781,1,43,,,
86,1000,ordinal_candidate_plus_cp_certification,0.95,0.8593126732958564,0.9551103796795781,,0,1.0,1,28,27,0.7854308593666239,0
86,1000,ordinal_pooled_candidate_uncertified,0.97,0.9150560894626236,0.9758818345643576,0.9150560894626236,1,0.9758818345643576,1,43,,,
86,1000,ordinal_candidate_plus_cp_certification,0.97,0.9150560894626236,0.9758818345643576,,0,1.0,1,28,28,0.8483428982440722,0
87,1000,independent_mondrian_total_budget,,,,0.6956189973807513,1,0.8100539133667305,0,40,,,
87,1000,direct_pac_split_matched,,,1.0,,0,1.0,1,35,0,0.0,0
87,1000,direct_pac_total_budget,,,1.0,,0,1.0,1,40,0,0.0,0
87,1000,ordinal_pooled_candidate_uncertified,0.9,0.7836021720236076,0.9062499937760546,0.7836021720236076,1,0.9062499937760546,1,39,,,
87,1000,ordinal_candidate_plus_cp_certification,0.9,0.7836021720236076,0.9062499937760546,,0,1.0,1,35,34,0.8249100442323629,0
87,1000,ordinal_pooled_candidate_uncertified,0.93,0.8418026272398044,0.9461932653606732,0.8418026272398044,1,0.9461932653606732,1,39,,,
87,1000,ordinal_candidate_plus_cp_certification,0.93,0.8418026272398044,0.9461932653606732,,0,1.0,1,35,35,0.8767123872968683,0
87,1000,ordinal_pooled_candidate_uncertified,0.95,0.8418026272398044,0.9461932653606732,0.8418026272398044,1,0.9461932653606732,1,39,,,
87,1000,ordinal_candidate_plus_cp_certification,0.95,0.8418026272398044,0.9461932653606732,,0,1.0,1,35,35,0.8767123872968683,0
87,1000,ordinal_pooled_candidate_uncertified,0.97,0.8536956490282561,0.9523895864910212,0.8536956490282561,1,0.9523895864910212,1,39,,,
87,1000,ordinal_candidate_plus_cp_certification,0.97,0.8536956490282561,0.9523895864910212,,0,1.0,1,35,35,0.8767123872968683,0
88,1000,independent_mondrian_total_budget,,,,0.8515200367256627,1,0.9513009037031175,1,30,,,
88,1000,direct_pac_split_matched,,,1.0,,0,1.0,1,21,0,0.0,0
88,1000,direct_pac_total_budget,,,1.0,,0,1.0,1,30,0,0.0,0
88,1000,ordinal_pooled_candidate_uncertified,0.9,0.7993385407649285,0.9187470004011182,0.7993385407649285,1,0.9187470004011182,1,52,,,
88,1000,ordinal_candidate_plus_cp_certification,0.9,0.7993385407649285,0.9187470004011182,,0,1.0,1,21,19,0.6561362673223028,0
88,1000,ordinal_pooled_candidate_uncertified,0.93,0.8243749133061313,0.9359797434791564,0.8243749133061313,1,0.9359797434791564,1,52,,,
88,1000,ordinal_candidate_plus_cp_certification,0.93,0.8243749133061313,0.9359797434791564,,0,1.0,1,21,19,0.6561362673223028,0
88,1000,ordinal_pooled_candidate_uncertified,0.95,0.8643591648470195,0.9574467443462149,0.8643591648470195,1,0.9574467443462149,1,52,,,
88,1000,ordinal_candidate_plus_cp_certification,0.95,0.8643591648470195,0.9574467443462149,,0,1.0,1,21,21,0.8030857221391514,0
88,1000,ordinal_pooled_candidate_uncertified,0.97,0.9247455096225351,0.9785009037572263,0.9247455096225351,1,0.9785009037572263,1,52,,,
88,1000,ordinal_candidate_plus_cp_certification,0.97,0.9247455096225351,0.9785009037572263,,0,1.0,1,21,21,0.8030857221391514,0
89,1000,independent_mondrian_total_budget,,,,0.7231835269857576,1,0.845165694820692,0,43,,,
89,1000,direct_pac_split_matched,,,1.0,,0,1.0,1,39,0,0.0,0
89,1000,direct_pac_total_budget,,,1.0,,0,1.0,1,43,0,0.0,0
89,1000,ordinal_pooled_candidate_uncertified,0.9,0.9352900165146837,0.981073828338126,0.9352900165146837,1,0.981073828338126,1,38,,,
89,1000,ordinal_candidate_plus_cp_certification,0.9,0.9352900165146837,0.981073828338126,,0,1.0,1,39,39,0.8886238162743403,0
89,1000,ordinal_pooled_candidate_uncertified,0.93,1.06951555254914,0.9969981364957412,1.06951555254914,1,0.9969981364957412,1,38,,,
89,1000,ordinal_candidate_plus_cp_certification,0.93,1.06951555254914,0.9969981364957412,,0,1.0,1,39,39,0.8886238162743403,0
89,1000,ordinal_pooled_candidate_uncertified,0.95,1.1241396990480261,0.9987390382668081,1.1241396990480261,1,0.9987390382668081,1,38,,,
89,1000,ordinal_candidate_plus_cp_certification,0.95,1.1241396990480261,0.9987390382668081,,0,1.0,1,39,39,0.8886238162743403,0
89,1000,ordinal_pooled_candidate_uncertified,0.97,1.1241396990480261,0.9987390382668081,1.1241396990480261,1,0.9987390382668081,1,38,,,
89,1000,ordinal_candidate_plus_cp_certification,0.97,1.1241396990480261,0.9987390382668081,,0,1.0,1,39,39,0.8886238162743403,0
90,1000,independent_mondrian_total_budget,,,,0.7747385360190353,1,0.8986138241817654,0,37,,,
90,1000,direct_pac_split_matched,,,1.0,,0,1.0,1,33,0,0.0,0
90,1000,direct_pac_total_budget,,,1.0,,0,1.0,1,37,0,0.0,0
90,1000,ordinal_pooled_candidate_uncertified,0.9,0.8030247224022156,0.9214838718547844,0.8030247224022156,1,0.9214838718547844,1,51,,,
90,1000,ordinal_candidate_plus_cp_certification,0.9,0.8030247224022156,0.9214838718547844,,0,1.0,1,33,32,0.815189511752308,0
90,1000,ordinal_pooled_candidate_uncertified,0.93,1.0510786481666967,0.9960391998252539,1.0510786481666967,1,0.9960391998252539,1,51,,,
90,1000,ordinal_candidate_plus_cp_certification,0.93,1.0510786481666967,0.9960391998252539,,0,1.0,1,33,33,0.8697490026177834,0
90,1000,ordinal_pooled_candidate_uncertified,0.95,1.0520116654050182,0.996093643974034,1.0520116654050182,1,0.996093643974034,1,51,,,
90,1000,ordinal_candidate_plus_cp_certification,0.95,1.0520116654050182,0.996093643974034,,0,1.0,1,33,33,0.8697490026177834,0
90,1000,ordinal_pooled_candidate_uncertified,0.97,1.068365996273378,0.996945102136038,1.068365996273378,1,0.996945102136038,1,51,,,
90,1000,ordinal_candidate_plus_cp_certification,0.97,1.068365996273378,0.996945102136038,,0,1.0,1,33,33,0.8697490026177834,0
91,1000,independent_mondrian_total_budget,,,,0.9373726776284139,1,0.9815497573908654,1,21,,,
91,1000,direct_pac_split_matched,,,1.0,,0,1.0,1,16,0,0.0,0
91,1000,direct_pac_total_budget,,,1.0,,0,1.0,1,21,0,0.0,0
91,1000,ordinal_pooled_candidate_uncertified,0.9,0.7202130309006445,0.8416023450109977,0.7202130309006445,1,0.8416023450109977,0,45,,,
91,1000,ordinal_candidate_plus_cp_certification,0.9,0.7202130309006445,0.8416023450109977,,0,1.0,1,16,14,0.5695067310586595,0
91,1000,ordinal_pooled_candidate_uncertified,0.93,0.7577143496904128,0.8826958847053683,0.7577143496904128,1,0.8826958847053683,0,45,,,
91,1000,ordinal_candidate_plus_cp_certification,0.93,0.7577143496904128,0.8826958847053683,,0,1.0,1,16,14,0.5695067310586595,0
91,1000,ordinal_pooled_candidate_uncertified,0.95,0.7620192407509649,0.8868790101490239,0.7620192407509649,1,0.8868790101490239,0,45,,,
91,1000,ordinal_candidate_plus_cp_certification,0.95,0.7620192407509649,0.8868790101490239,,0,1.0,1,16,14,0.5695067310586595,0
91,1000,ordinal_pooled_candidate_uncertified,0.97,0.8262127279847744,0.9371231675006806,0.8262127279847744,1,0.9371231675006806,1,45,,,
91,1000,ordinal_candidate_plus_cp_certification,0.97,0.8262127279847744,0.9371231675006806,,0,1.0,1,16,14,0.5695067310586595,0
92,1000,independent_mondrian_total_budget,,,,0.8431256963011426,1,0.9469126689092591,1,29,,,
92,1000,direct_pac_split_matched,,,1.0,,0,1.0,1,22,0,0.0,0
92,1000,direct_pac_total_budget,,,1.0,,0,1.0,1,29,0,0.0,0
92,1000,ordinal_pooled_candidate_uncertified,0.9,0.8193489252535845,0.9327701402042076,0.8193489252535845,1,0.9327701402042076,1,56,,,
92,1000,ordinal_candidate_plus_cp_certification,0.9,0.8193489252535845,0.9327701402042076,,0,1.0,1,22,21,0.7341595291255449,0
92,1000,ordinal_pooled_candidate_uncertified,0.93,0.8431256963011426,0.9469126689092591,0.8431256963011426,1,0.9469126689092591,1,56,,,
92,1000,ordinal_candidate_plus_cp_certification,0.93,0.8431256963011426,0.9469126689092591,,0,1.0,1,22,21,0.7341595291255449,0
92,1000,ordinal_pooled_candidate_uncertified,0.95,0.8592828937932764,0.955096292257037,0.8592828937932764,1,0.955096292257037,1,56,,,
92,1000,ordinal_candidate_plus_cp_certification,0.95,0.8592828937932764,0.955096292257037,,0,1.0,1,22,22,0.8111308307896872,0
92,1000,ordinal_pooled_candidate_uncertified,0.97,0.9175525476460977,0.9765810317126,0.9175525476460977,1,0.9765810317126,1,56,,,
92,1000,ordinal_candidate_plus_cp_certification,0.97,0.9175525476460977,0.9765810317126,,0,1.0,1,22,22,0.8111308307896872,0
93,1000,independent_mondrian_total_budget,,,,0.7094429749391173,1,0.8282353513846403,0,27,,,
93,1000,direct_pac_split_matched,,,1.0,,0,1.0,1,23,0,0.0,0
93,1000,direct_pac_total_budget,,,1.0,,0,1.0,1,27,0,0.0,0
93,1000,ordinal_pooled_candidate_uncertified,0.9,0.7735724529359147,0.8975764290417123,0.7735724529359147,1,0.8975764290417123,0,52,,,
93,1000,ordinal_candidate_plus_cp_certification,0.9,0.7735724529359147,0.8975764290417123,,0,1.0,1,23,22,0.7443290912612692,0
93,1000,ordinal_pooled_candidate_uncertified,0.93,0.7901817970217782,0.9116377051861717,0.7901817970217782,1,0.9116377051861717,1,52,,,
93,1000,ordinal_candidate_plus_cp_certification,0.93,0.7901817970217782,0.9116377051861717,,0,1.0,1,23,22,0.7443290912612692,0
93,1000,ordinal_pooled_candidate_uncertified,0.95,0.8230811140523436,0.9351651361804066,0.8230811140523436,1,0.9351651361804066,1,52,,,
93,1000,ordinal_candidate_plus_cp_certification,0.95,0.8230811140523436,0.9351651361804066,,0,1.0,1,23,22,0.7443290912612692,0
93,1000,ordinal_pooled_candidate_uncertified,0.97,0.8318951962822021,0.9405581174746507,0.8318951962822021,1,0.9405581174746507,1,52,,,
93,1000,ordinal_candidate_plus_cp_certification,0.97,0.8318951962822021,0.9405581174746507,,0,1.0,1,23,22,0.7443290912612692,0
94,1000,independent_mondrian_total_budget,,,,0.8986432959040491,1,0.9708354566264881,1,26,,,
94,1000,direct_pac_split_matched,,,1.0,,0,1.0,1,22,0,0.0,0
94,1000,direct_pac_total_budget,,,1.0,,0,1.0,1,26,0,0.0,0
94,1000,ordinal_pooled_candidate_uncertified,0.9,0.7379216241012787,0.8620570977746596,0.7379216241012787,1,0.8620570977746596,0,53,,,
94,1000,ordinal_candidate_plus_cp_certification,0.9,0.7379216241012787,0.8620570977746596,,0,1.0,1,22,19,0.6112730432159965,0
94,1000,ordinal_pooled_candidate_uncertified,0.93,0.8232446659604233,0.9352685546028001,0.8232446659604233,1,0.9352685546028001,1,53,,,
94,1000,ordinal_candidate_plus_cp_certification,0.93,0.8232446659604233,0.9352685546028001,,0,1.0,1,22,20,0.6695000540987375,0
94,1000,ordinal_pooled_candidate_uncertified,0.95,0.8251199976358154,0.9364452424587117,0.8251199976358154,1,0.9364452424587117,1,53,,,
94,1000,ordinal_candidate_plus_cp_certification,0.95,0.8251199976358154,0.9364452424587117,,0,1.0,1,22,20,0.6695000540987375,0
94,1000,ordinal_pooled_candidate_uncertified,0.97,0.8451868414317424,0.9480181738746183,0.8451868414317424,1,0.9480181738746183,1,53,,,
94,1000,ordinal_candidate_plus_cp_certification,0.97,0.8451868414317424,0.9480181738746183,,0,1.0,1,22,20,0.6695000540987375,0
95,1000,independent_mondrian_total_budget,,,,0.7599456566401068,1,0.8848775575625891,0,42,,,
95,1000,direct_pac_split_matched,,,1.0,,0,1.0,1,38,0,0.0,0
95,1000,direct_pac_total_budget,,,1.0,,0,1.0,1,42,0,0.0,0
95,1000,ordinal_pooled_candidate_uncertified,0.9,0.6702882443311845,0.7738064187841751,0.6702882443311845,1,0.7738064187841751,0,52,,,
95,1000,ordinal_candidate_plus_cp_certification,0.9,0.6702882443311845,0.7738064187841751,,0,1.0,1,38,30,0.5969404190318186,0
95,1000,ordinal_pooled_candidate_uncertified,0.93,0.7299207366825207,0.8530498185622586,0.7299207366825207,1,0.8530498185622586,0,52,,,
95,1000,ordinal_candidate_plus_cp_certification,0.93,0.7299207366825207,0.8530498185622586,,0,1.0,1,38,33,0.6903983171866186,0
95,1000,ordinal_pooled_candidate_uncertified,0.95,0.8059624201120186,0.9236145224158052,0.8059624201120186,1,0.9236145224158052,1,52,,,
95,1000,ordinal_candidate_plus_cp_certification,0.95,0.8059624201120186,0.9236145224158052,,0,1.0,1,38,36,0.7966343684370449,0
95,1000,ordinal_pooled_candidate_uncertified,0.97,0.8060045228929617,0.9236447356893951,0.8060045228929617,1,0.9236447356893951,1,52,,,
95,1000,ordinal_candidate_plus_cp_certification,0.97,0.8060045228929617,0.9236447356893951,,0,1.0,1,38,36,0.7966343684370449,0
96,1000,independent_mondrian_total_budget,,,,0.8505108071740957,1,0.9507891703966762,1,41,,,
96,1000,direct_pac_split_matched,,,1.0,,0,1.0,1,31,0,0.0,0
96,1000,direct_pac_total_budget,,,1.0,,0,1.0,1,41,0,0.0,0
96,1000,ordinal_pooled_candidate_uncertified,0.9,0.7812827395119853,0.9042940448868874,0.7812827395119853,1,0.9042940448868874,1,50,,,
96,1000,ordinal_candidate_plus_cp_certification,0.9,0.7812827395119853,0.9042940448868874,,0,1.0,1,31,25,0.5920489445532784,0
96,1000,ordinal_pooled_candidate_uncertified,0.93,0.8119880054031752,0.9278467213933663,0.8119880054031752,1,0.9278467213933663,1,50,,,
96,1000,ordinal_candidate_plus_cp_certification,0.93,0.8119880054031752,0.9278467213933663,,0,1.0,1,31,26,0.6298099020016659,0
96,1000,ordinal_pooled_candidate_uncertified,0.95,0.81770051915972,0.9316908009524174,0.81770051915972,1,0.9316908009524174,1,50,,,
96,1000,ordinal_candidate_plus_cp_certification,0.95,0.81770051915972,0.9316908009524174,,0,1.0,1,31,27,0.6692734687190798,0
96,1000,ordinal_pooled_candidate_uncertified,0.97,0.8948781521797626,0.9695617070035213,0.8948781521797626,1,0.9695617070035213,1,50,,,
96,1000,ordinal_candidate_plus_cp_certification,0.97,0.8948781521797626,0.9695617070035213,,0,1.0,1,31,29,0.7553904519975658,0
97,1000,independent_mondrian_total_budget,,,,0.7897969933196591,1,0.911329102567081,1,39,,,
97,1000,direct_pac_split_matched,,,1.0,,0,1.0,1,33,0,0.0,0
97,1000,direct_pac_total_budget,,,1.0,,0,1.0,1,39,0,0.0,0
97,1000,ordinal_pooled_candidate_uncertified,0.9,0.8077200949548025,0.9248681241135901,0.8077200949548025,1,0.9248681241135901,1,42,,,
97,1000,ordinal_candidate_plus_cp_certification,0.9,0.8077200949548025,0.9248681241135901,,0,1.0,1,33,30,0.7265132635612905,0
97,1000,ordinal_pooled_candidate_uncertified,0.93,0.8316955992956616,0.940440009992114,0.8316955992956616,1,0.940440009992114,1,42,,,
97,1000,ordinal_candidate_plus_cp_certification,0.93,0.8316955992956616,0.940440009992114,,0,1.0,1,33,31,0.7687792986407331,0
97,1000,ordinal_pooled_candidate_uncertified,0.95,0.8329526349838282,0.9411807753507302,0.8329526349838282,1,0.9411807753507302,1,42,,,
97,1000,ordinal_candidate_plus_cp_certification,0.95,0.8329526349838282,0.9411807753507302,,0,1.0,1,33,31,0.7687792986407331,0
97,1000,ordinal_pooled_candidate_uncertified,0.97,0.875903994615951,0.9624227233317535,0.875903994615951,1,0.9624227233317535,1,42,,,
97,1000,ordinal_candidate_plus_cp_certification,0.97,0.875903994615951,0.9624227233317535,,0,1.0,1,33,32,0.815189511752308,0
98,1000,independent_mondrian_total_budget,,,,0.8870575414887317,1,0.9667684642634253,1,33,,,
98,1000,direct_pac_split_matched,,,1.0,,0,1.0,1,28,0,0.0,0
98,1000,direct_pac_total_budget,,,1.0,,0,1.0,1,33,0,0.0,0
98,1000,ordinal_pooled_candidate_uncertified,0.9,0.7290613657727496,0.8520594087408653,0.7290613657727496,1,0.8520594087408653,0,42,,,
98,1000,ordinal_candidate_plus_cp_certification,0.9,0.7290613657727496,0.8520594087408653,,0,1.0,1,28,22,0.555348265383979,0
98,1000,ordinal_pooled_candidate_uncertified,0.93,0.7613232398667535,0.88621000738797,0.7613232398667535,1,0.88621000738797,0,42,,,
98,1000,ordinal_candidate_plus_cp_certification,0.93,0.7613232398667535,0.88621000738797,,0,1.0,1,28,22,0.555348265383979,0
98,1000,ordinal_pooled_candidate_uncertified,0.95,0.7981356288982235,0.917838476022945,0.7981356288982235,1,0.917838476022945,1,42,,,
98,1000,ordinal_candidate_plus_cp_certification,0.95,0.7981356288982235,0.917838476022945,,0,1.0,1,28,23,0.5960671925230767,0
98,1000,ordinal_pooled_candidate_uncertified,0.97,0.8462840723765147,0.9485991743442763,0.8462840723765147,1,0.9485991743442763,1,42,,,
98,1000,ordinal_candidate_plus_cp_certification,0.97,0.8462840723765147,0.9485991743442763,,0,1.0,1,28,23,0.5960671925230767,0
99,1000,independent_mondrian_total_budget,,,,0.764079576810895,1,0.8888429604491659,0,51,,,
99,1000,direct_pac_split_matched,,,1.0,,0,1.0,1,40,0,0.0,0
99,1000,direct_pac_total_budget,,0.9224425936831546,0.9779012539871987,0.9224425936831546,1,0.9779012539871987,1,51,51,0.9136593726391775,1
99,1000,ordinal_pooled_candidate_uncertified,0.9,0.7927588774471583,0.9136838563493009,0.7927588774471583,1,0.9136838563493009,1,55,,,
99,1000,ordinal_candidate_plus_cp_certification,0.9,0.7927588774471583,0.9136838563493009,,0,1.0,1,40,37,0.7700931971584974,0
99,1000,ordinal_pooled_candidate_uncertified,0.93,0.8025102367286192,0.9211061344452265,0.8025102367286192,1,0.9211061344452265,1,55,,,
99,1000,ordinal_candidate_plus_cp_certification,0.93,0.8025102367286192,0.9211061344452265,,0,1.0,1,40,38,0.8059901855406237,0
99,1000,ordinal_pooled_candidate_uncertified,0.95,0.8525873715069261,0.9518374622292252,0.8525873715069261,1,0.9518374622292252,1,55,,,
99,1000,ordinal_candidate_plus_cp_certification,0.95,0.8525873715069261,0.9518374622292252,,0,1.0,1,40,39,0.8452669289221333,0
99,1000,ordinal_pooled_candidate_uncertified,0.97,0.9087205927986964,0.9740283259342903,0.9087205927986964,1,0.9740283259342903,1,55,,,
99,1000,ordinal_candidate_plus_cp_certification,0.97,0.9087205927986964,0.9740283259342903,,0,1.0,1,40,39,0.8452669289221333,0
0,2000,independent_mondrian_total_budget,,,,0.7128103679718294,1,0.832490031844916,0,64,,,
0,2000,direct_pac_split_matched,,0.7882615200276032,0.9100896983769009,0.7882615200276032,1,0.9100896983769009,1,58,58,0.9236708571873862,1
0,2000,direct_pac_total_budget,,0.7784433752933047,0.9018589755977031,0.7784433752933047,1,0.9018589755977031,1,64,63,0.9007285078606391,1
0,2000,ordinal_pooled_candidate_uncertified,0.9,0.7566324707957506,0.8816275951854577,0.7566324707957506,1,0.8816275951854577,0,48,,,
0,2000,ordinal_candidate_plus_cp_certification,0.9,0.7566324707957506,0.8816275951854577,,0,1.0,1,58,53,0.7893773819894603,0
0,2000,ordinal_pooled_candidate_uncertified,0.93,0.8540847461049987,0.9525822211098217,0.8540847461049987,1,0.9525822211098217,1,48,,,
0,2000,ordinal_candidate_plus_cp_certification,0.93,0.8540847461049987,0.9525822211098217,0.8540847461049987,1,0.9525822211098217,1,58,58,0.9236708571873862,1
0,2000,ordinal_pooled_candidate_uncertified,0.95,0.8928158336754755,0.968844706266473,0.8928158336754755,1,0.968844706266473,1,48,,,
0,2000,ordinal_candidate_plus_cp_certification,0.95,0.8928158336754755,0.968844706266473,0.8928158336754755,1,0.968844706266473,1,58,58,0.9236708571873862,1
0,2000,ordinal_pooled_candidate_uncertified,0.97,0.9717482771749641,0.9880502617623468,0.9717482771749641,1,0.9880502617623468,1,48,,,
0,2000,ordinal_candidate_plus_cp_certification,0.97,0.9717482771749641,0.9880502617623468,0.9717482771749641,1,0.9880502617623468,1,58,58,0.9236708571873862,1
1,2000,independent_mondrian_total_budget,,,,0.8129989338168744,1,0.9285388139012498,1,61,,,
1,2000,direct_pac_split_matched,,0.981619170697094,0.989503097116244,0.981619170697094,1,0.989503097116244,1,57,57,0.9223851039358479,1
1,2000,direct_pac_total_budget,,0.981619170697094,0.989503097116244,0.981619170697094,1,0.989503097116244,1,61,61,0.9272847441516197,1
1,2000,ordinal_pooled_candidate_uncertified,0.9,0.8135746610140366,0.9289306796837891,0.8135746610140366,1,0.9289306796837891,1,38,,,
1,2000,ordinal_candidate_plus_cp_certification,0.9,0.8135746610140366,0.9289306796837891,,0,1.0,1,57,53,0.8096136443637609,0
1,2000,ordinal_pooled_candidate_uncertified,0.93,0.8217405523275646,0.9343126202552752,0.8217405523275646,1,0.9343126202552752,1,38,,,
1,2000,ordinal_candidate_plus_cp_certification,0.93,0.8217405523275646,0.9343126202552752,,0,1.0,1,57,53,0.8096136443637609,0
1,2000,ordinal_pooled_candidate_uncertified,0.95,0.9777742042671433,0.9889565762821805,0.9777742042671433,1,0.9889565762821805,1,38,,,
1,2000,ordinal_candidate_plus_cp_certification,0.95,0.9777742042671433,0.9889565762821805,,0,1.0,1,57,56,0.8891336306931499,0
1,2000,ordinal_pooled_candidate_uncertified,0.97,0.9777742042671433,0.9889565762821805,0.9777742042671433,1,0.9889565762821805,1,38,,,
1,2000,ordinal_candidate_plus_cp_certification,0.97,0.9777742042671433,0.9889565762821805,,0,1.0,1,57,56,0.8891336306931499,0
2,2000,independent_mondrian_total_budget,,,,0.8272118496144081,1,0.937738075066023,1,72,,,
2,2000,direct_pac_split_matched,,0.9541200219111379,0.985019293095959,0.9541200219111379,1,0.985019293095959,1,66,65,0.9036091448472583,1
2,2000,direct_pac_total_budget,,0.9541200219111379,0.985019293095959,0.9541200219111379,1,0.985019293095959,1,72,71,0.9113289331864234,1
2,2000,ordinal_pooled_candidate_uncertified,0.9,0.7797528290728648,0.9029875585789287,0.7797528290728648,1,0.9029875585789287,1,40,,,
2,2000,ordinal_candidate_plus_cp_certification,0.9,0.7797528290728648,0.9029875585789287,,0,1.0,1,66,59,0.7737715025923966,0
2,2000,ordinal_pooled_candidate_uncertified,0.93,0.8502565217031657,0.9506595590979963,0.8502565217031657,1,0.9506595590979963,1,40,,,
2,2000,ordinal_candidate_plus_cp_certification,0.93,0.8502565217031657,0.9506595590979963,,0,1.0,1,66,60,0.7932560813677918,0
2,2000,ordinal_pooled_candidate_uncertified,0.95,0.8502565217031657,0.9506595590979963,0.8502565217031657,1,0.9506595590979963,1,40,,,
2,2000,ordinal_candidate_plus_cp_certification,0.95,0.8502565217031657,0.9506595590979963,,0,1.0,1,66,60,0.7932560813677918,0
2,2000,ordinal_pooled_candidate_uncertified,0.97,1.0491092541192577,0.9959220434079523,1.0491092541192577,1,0.9959220434079523,1,40,,,
2,2000,ordinal_candidate_plus_cp_certification,0.97,1.0491092541192577,0.9959220434079523,1.0491092541192577,1,0.9959220434079523,1,66,65,0.9036091448472583,1
3,2000,independent_mondrian_total_budget,,,,0.77821561017917,1,0.9016616928974183,1,68,,,
3,2000,direct_pac_split_matched,,0.9688794333855106,0.9875965706799056,0.9688794333855106,1,0.9875965706799056,1,62,62,0.9284145445194745,1
3,2000,direct_pac_total_budget,,0.9580890336357557,0.9857540163526215,0.9580890336357557,1,0.9857540163526215,1,68,67,0.9063274400304893,1
3,2000,ordinal_pooled_candidate_uncertified,0.9,0.658026526732296,0.7549446086392558,0.658026526732296,1,0.7549446086392558,0,43,,,
3,2000,ordinal_candidate_plus_cp_certification,0.9,0.658026526732296,0.7549446086392558,,0,1.0,1,62,45,0.5743446177140665,0
3,2000,ordinal_pooled_candidate_uncertified,0.93,0.7374830454033867,0.8615733276471673,0.7374830454033867,1,0.8615733276471673,0,43,,,
3,2000,ordinal_candidate_plus_cp_certification,0.93,0.7374830454033867,0.8615733276471673,,0,1.0,1,62,55,0.7602649246870423,0
3,2000,ordinal_pooled_candidate_uncertified,0.95,0.758566608134662,0.883532616362479,0.758566608134662,1,0.883532616362479,0,43,,,
3,2000,ordinal_candidate_plus_cp_certification,0.95,0.758566608134662,0.883532616362479,,0,1.0,1,62,55,0.7602649246870423,0
3,2000,ordinal_pooled_candidate_uncertified,0.97,0.7618432121441998,0.8867100755021373,0.7618432121441998,1,0.8867100755021373,0,43,,,
3,2000,ordinal_candidate_plus_cp_certification,0.97,0.7618432121441998,0.8867100755021373,,0,1.0,1,62,55,0.7602649246870423,0
4,2000,independent_mondrian_total_budget,,,,0.8146767024252803,1,0.929676173216748,1,69,,,
4,2000,direct_pac_split_matched,,0.9480482544615287,0.9838323633350807,0.9480482544615287,1,0.9838323633350807,1,61,61,0.9272847441516197,1
4,2000,direct_pac_total_budget,,0.936672650395062,0.9813909373808682,0.936672650395062,1,0.9813909373808682,1,69,68,0.9076299351640345,1
4,2000,ordinal_pooled_candidate_uncertified,0.9,0.8016698935801234,0.9204861927926837,0.8016698935801234,1,0.9204861927926837,1,39,,,
4,2000,ordinal_candidate_plus_cp_certification,0.9,0.8016698935801234,0.9204861927926837,,0,1.0,1,61,54,0.7566337076435812,0
4,2000,ordinal_pooled_candidate_uncertified,0.93,0.8248643677042113,0.9362858327942476,0.8248643677042113,1,0.9362858327942476,1,39,,,
4,2000,ordinal_candidate_plus_cp_certification,0.93,0.8248643677042113,0.9362858327942476,,0,1.0,1,61,55,0.7775245759989369,0
4,2000,ordinal_pooled_candidate_uncertified,0.95,0.8248643677042113,0.9362858327942476,0.8248643677042113,1,0.9362858327942476,1,39,,,
4,2000,ordinal_candidate_plus_cp_certification,0.95,0.8248643677042113,0.9362858327942476,,0,1.0,1,61,55,0.7775245759989369,0
4,2000,ordinal_pooled_candidate_uncertified,0.97,0.8616101247167306,0.9561865251970827,0.8616101247167306,1,0.9561865251970827,1,39,,,
4,2000,ordinal_candidate_plus_cp_certification,0.97,0.8616101247167306,0.9561865251970827,,0,1.0,1,61,57,0.8213100804468778,0
5,2000,independent_mondrian_total_budget,,,,0.867852154888621,1,0.9590055481704175,1,78,,,
5,2000,direct_pac_split_matched,,0.9325811312416101,0.9804392036846856,0.9325811312416101,1,0.9804392036846856,1,74,73,0.9136347270310128,1
5,2000,direct_pac_total_budget,,0.9325811312416101,0.9804392036846856,0.9325811312416101,1,0.9804392036846856,1,78,77,0.9179045377251887,1
5,2000,ordinal_pooled_candidate_uncertified,0.9,0.844358134564312,0.9475759118894785,0.844358134564312,1,0.9475759118894785,1,38,,,
5,2000,ordinal_candidate_plus_cp_certification,0.9,0.844358134564312,0.9475759118894785,,0,1.0,1,74,67,0.7966948527976063,0
5,2000,ordinal_pooled_candidate_uncertified,0.93,0.8459523147220545,0.9484240509451513,0.8459523147220545,1,0.9484240509451513,1,38,,,
5,2000,ordinal_candidate_plus_cp_certification,0.93,0.8459523147220545,0.9484240509451513,,0,1.0,1,74,67,0.7966948527976063,0
5,2000,ordinal_pooled_candidate_uncertified,0.95,0.9656516671232402,0.9870683535062437,0.9656516671232402,1,0.9870683535062437,1,38,,,
5,2000,ordinal_candidate_plus_cp_certification,0.95,0.9656516671232402,0.9870683535062437,0.9656516671232402,1,0.9870683535062437,1,74,74,0.9396648314954694,1
5,2000,ordinal_pooled_candidate_uncertified,0.97,0.9656516671232402,0.9870683535062437,0.9656516671232402,1,0.9870683535062437,1,38,,,
5,2000,ordinal_candidate_plus_cp_certification,0.97,0.9656516671232402,0.9870683535062437,0.9656516671232402,1,0.9870683535062437,1,74,74,0.9396648314954694,1
6,2000,independent_mondrian_total_budget,,,,0.8016014377185621,1,0.9204355293062341,1,70,,,
6,2000,direct_pac_split_matched,,1.2619483297201253,0.9998962645746154,1.2619483297201253,1,0.9998962645746154,1,62,62,0.9284145445194745,1
6,2000,direct_pac_total_budget,,0.9630344651402116,0.9866258806864616,0.9630344651402116,1,0.9866258806864616,1,70,69,0.9088967307021709,1
6,2000,ordinal_pooled_candidate_uncertified,0.9,0.8062283618987102,0.9238052115885631,0.8062283618987102,1,0.9238052115885631,1,41,,,
6,2000,ordinal_candidate_plus_cp_certification,0.9,0.8062283618987102,0.9238052115885631,,0,1.0,1,62,57,0.8020600444444552,0
6,2000,ordinal_pooled_candidate_uncertified,0.93,0.9130896190380138,0.9753188012152698,0.9130896190380138,1,0.9753188012152698,1,41,,,
6,2000,ordinal_candidate_plus_cp_certification,0.93,0.9130896190380138,0.9753188012152698,,0,1.0,1,62,59,0.8469442839223809,0
6,2000,ordinal_pooled_candidate_uncertified,0.95,0.9130896190380138,0.9753188012152698,0.9130896190380138,1,0.9753188012152698,1,41,,,
6,2000,ordinal_candidate_plus_cp_certification,0.95,0.9130896190380138,0.9753188012152698,,0,1.0,1,62,59,0.8469442839223809,0
6,2000,ordinal_pooled_candidate_uncertified,0.97,0.9950920840816938,0.9912364639901383,0.9950920840816938,1,0.9912364639901383,1,41,,,
6,2000,ordinal_candidate_plus_cp_certification,0.97,0.9950920840816938,0.9912364639901383,,0,1.0,1,62,61,0.8976705527294142,0
7,2000,independent_mondrian_total_budget,,,,0.73887832019102,1,0.8631083669905906,0,62,,,
7,2000,direct_pac_split_matched,,0.8466043702801531,0.948767799493283,0.8466043702801531,1,0.948767799493283,1,53,53,0.9167779324426062,1
7,2000,direct_pac_total_budget,,0.8466043702801531,0.948767799493283,0.8466043702801531,1,0.948767799493283,1,62,62,0.9284145445194745,1
7,2000,ordinal_pooled_candidate_uncertified,0.9,0.7974176271908053,0.9172925553723659,0.7974176271908053,1,0.9172925553723659,1,48,,,
7,2000,ordinal_candidate_plus_cp_certification,0.9,0.7974176271908053,0.9172925553723659,,0,1.0,1,53,51,0.8506839066072776,0
7,2000,ordinal_pooled_candidate_uncertified,0.93,0.8067092007977668,0.9241490691079404,0.8067092007977668,1,0.9241490691079404,1,48,,,
7,2000,ordinal_candidate_plus_cp_certification,0.93,0.8067092007977668,0.9241490691079404,,0,1.0,1,53,51,0.8506839066072776,0
7,2000,ordinal_pooled_candidate_uncertified,0.95,0.8088564201605143,0.9256701807037861,0.8088564201605143,1,0.9256701807037861,1,48,,,
7,2000,ordinal_candidate_plus_cp_certification,0.95,0.8088564201605143,0.9256701807037861,,0,1.0,1,53,51,0.8506839066072776,0
7,2000,ordinal_pooled_candidate_uncertified,0.97,0.8301233839556179,0.9395032425330808,0.8301233839556179,1,0.9395032425330808,1,48,,,
7,2000,ordinal_candidate_plus_cp_certification,0.97,0.8301233839556179,0.9395032425330808,,0,1.0,1,53,51,0.8506839066072776,0
8,2000,independent_mondrian_total_budget,,,,0.7322458312230297,1,0.8557071138912022,0,53,,,
8,2000,direct_pac_split_matched,,1.0479246490535732,0.9958500880611038,1.0479246490535732,1,0.9958500880611038,1,51,51,0.9136593726391775,1
8,2000,direct_pac_total_budget,,1.0479246490535732,0.9958500880611038,1.0479246490535732,1,0.9958500880611038,1,53,53,0.9167779324426062,1
8,2000,ordinal_pooled_candidate_uncertified,0.9,0.8027223206217244,0.9212620137206823,0.8027223206217244,1,0.9212620137206823,1,39,,,
8,2000,ordinal_candidate_plus_cp_certification,0.9,0.8027223206217244,0.9212620137206823,,0,1.0,1,51,48,0.8162067542727265,0
8,2000,ordinal_pooled_candidate_uncertified,0.93,0.8672001971625323,0.9587181698727743,0.8672001971625323,1,0.9587181698727743,1,39,,,
8,2000,ordinal_candidate_plus_cp_certification,0.93,0.8672001971625323,0.9587181698727743,,0,1.0,1,51,48,0.8162067542727265,0
8,2000,ordinal_pooled_candidate_uncertified,0.95,0.8672001971625323,0.9587181698727743,0.8672001971625323,1,0.9587181698727743,1,39,,,
8,2000,ordinal_candidate_plus_cp_certification,0.95,0.8672001971625323,0.9587181698727743,,0,1.0,1,51,48,0.8162067542727265,0
8,2000,ordinal_pooled_candidate_uncertified,0.97,0.8825445804591799,0.9650627148463193,0.8825445804591799,1,0.9650627148463193,1,39,,,
8,2000,ordinal_candidate_plus_cp_certification,0.97,0.8825445804591799,0.9650627148463193,,0,1.0,1,51,49,0.8451945064197468,0
9,2000,independent_mondrian_total_budget,,,,0.8349840769157675,1,0.9423625886103224,1,78,,,
9,2000,direct_pac_split_matched,,1.0273100478255304,0.9944024660853265,1.0273100478255304,1,0.9944024660853265,1,70,69,0.9088967307021709,1
9,2000,direct_pac_total_budget,,1.0273100478255304,0.9944024660853265,1.0273100478255304,1,0.9944024660853265,1,78,77,0.9179045377251887,1
9,2000,ordinal_pooled_candidate_uncertified,0.9,0.7967467094018079,0.9167799712597102,0.7967467094018079,1,0.9167799712597102,1,55,,,
9,2000,ordinal_candidate_plus_cp_certification,0.9,0.7967467094018079,0.9167799712597102,,0,1.0,1,70,63,0.7858426589651879,0
9,2000,ordinal_pooled_candidate_uncertified,0.93,0.8310675414968183,0.9400671693359305,0.8310675414968183,1,0.9400671693359305,1,55,,,
9,2000,ordinal_candidate_plus_cp_certification,0.93,0.8310675414968183,0.9400671693359305,,0,1.0,1,70,64,0.8043298702210744,0
9,2000,ordinal_pooled_candidate_uncertified,0.95,0.864195104396464,0.9573723670990542,0.864195104396464,1,0.9573723670990542,1,55,,,
9,2000,ordinal_candidate_plus_cp_certification,0.95,0.864195104396464,0.9573723670990542,,0,1.0,1,70,65,0.8233461603693004,0
9,2000,ordinal_pooled_candidate_uncertified,0.97,0.8876218688387731,0.9669768527205396,0.8876218688387731,1,0.9669768527205396,1,55,,,
9,2000,ordinal_candidate_plus_cp_certification,0.97,0.8876218688387731,0.9669768527205396,,0,1.0,1,70,65,0.8233461603693004,0
10,2000,independent_mondrian_total_budget,,,,0.7737048289855364,1,0.8976945830727505,0,69,,,
10,2000,direct_pac_split_matched,,0.8643357958087848,0.9574361563435706,0.8643357958087848,1,0.9574361563435706,1,64,63,0.9007285078606391,1
10,2000,direct_pac_total_budget,,0.8643357958087848,0.9574361563435706,0.8643357958087848,1,0.9574361563435706,1,69,68,0.9076299351640345,1
10,2000,ordinal_pooled_candidate_uncertified,0.9,0.8052067085691622,0.9230706699806062,0.8052067085691622,1,0.9230706699806062,1,57,,,
10,2000,ordinal_candidate_plus_cp_certification,0.9,0.8052067085691622,0.9230706699806062,,0,1.0,1,64,59,0.8078470394299397,0
10,2000,ordinal_pooled_candidate_uncertified,0.93,0.8328941847772846,0.941146491948045,0.8328941847772846,1,0.941146491948045,1,57,,,
10,2000,ordinal_candidate_plus_cp_certification,0.93,0.8328941847772846,0.941146491948045,,0,1.0,1,64,59,0.8078470394299397,0
10,2000,ordinal_pooled_candidate_uncertified,0.95,0.8704337005477769,0.9601275810438112,0.8704337005477769,1,0.9601275810438112,1,57,,,
10,2000,ordinal_candidate_plus_cp_certification,0.95,0.8704337005477769,0.9601275810438112,0.8704337005477769,1,0.9601275810438112,1,64,63,0.9007285078606391,1
10,2000,ordinal_pooled_candidate_uncertified,0.97,0.8760175549162996,0.9624692014892113,0.8760175549162996,1,0.9624692014892113,1,57,,,
10,2000,ordinal_candidate_plus_cp_certification,0.97,0.8760175549162996,0.9624692014892113,0.8760175549162996,1,0.9624692014892113,1,64,63,0.9007285078606391,1
11,2000,independent_mondrian_total_budget,,,,0.759966869978051,1,0.8848981596398335,0,80,,,
11,2000,direct_pac_split_matched,,0.8495176134927993,0.9502813846483913,0.8495176134927993,1,0.9502813846483913,1,74,73,0.9136347270310128,1
11,2000,direct_pac_total_budget,,0.8653187301517229,0.95787966648741,0.8653187301517229,1,0.95787966648741,1,80,79,0.9198850247505233,1
11,2000,ordinal_pooled_candidate_uncertified,0.9,0.7620641575117357,0.8869220879624523,0.7620641575117357,1,0.8869220879624523,0,41,,,
11,2000,ordinal_candidate_plus_cp_certification,0.9,0.7620641575117357,0.8869220879624523,,0,1.0,1,74,68,0.8142807353610115,0
11,2000,ordinal_pooled_candidate_uncertified,0.93,0.869024940721685,0.9595184178498455,0.869024940721685,1,0.9595184178498455,1,41,,,
11,2000,ordinal_candidate_plus_cp_certification,0.93,0.869024940721685,0.9595184178498455,0.869024940721685,1,0.9595184178498455,1,74,74,0.9396648314954694,1
11,2000,ordinal_pooled_candidate_uncertified,0.95,0.869024940721685,0.9595184178498455,0.869024940721685,1,0.9595184178498455,1,41,,,
11,2000,ordinal_candidate_plus_cp_certification,0.95,0.869024940721685,0.9595184178498455,0.869024940721685,1,0.9595184178498455,1,74,74,0.9396648314954694,1
11,2000,ordinal_pooled_candidate_uncertified,0.97,0.9813873241309095,0.9894708231847644,0.9813873241309095,1,0.9894708231847644,1,41,,,
11,2000,ordinal_candidate_plus_cp_certification,0.97,0.9813873241309095,0.9894708231847644,0.9813873241309095,1,0.9894708231847644,1,74,74,0.9396648314954694,1
12,2000,independent_mondrian_total_budget,,,,0.8289900213045855,1,0.938820833908296,1,65,,,
12,2000,direct_pac_split_matched,,1.0621527045128971,0.9966435758632839,1.0621527045128971,1,0.9966435758632839,1,61,61,0.9272847441516197,1
12,2000,direct_pac_total_budget,,0.9169328468794583,0.9764090797281256,0.9169328468794583,1,0.9764090797281256,1,65,64,0.9021900138676313,1
12,2000,ordinal_pooled_candidate_uncertified,0.9,0.7254810863483763,0.8478852025675114,0.7254810863483763,1,0.8478852025675114,0,43,,,
12,2000,ordinal_candidate_plus_cp_certification,0.9,0.7254810863483763,0.8478852025675114,,0,1.0,1,61,55,0.7775245759989369,0
12,2000,ordinal_pooled_candidate_uncertified,0.93,0.8256201169651988,0.9367562168470251,0.8256201169651988,1,0.9367562168470251,1,43,,,
12,2000,ordinal_candidate_plus_cp_certification,0.93,0.8256201169651988,0.9367562168470251,,0,1.0,1,61,55,0.7775245759989369,0
12,2000,ordinal_pooled_candidate_uncertified,0.95,0.8297230840927325,0.939262901616959,0.8297230840927325,1,0.939262901616959,1,43,,,
12,2000,ordinal_candidate_plus_cp_certification,0.95,0.8297230840927325,0.939262901616959,,0,1.0,1,61,56,0.7990342732179458,0
12,2000,ordinal_pooled_candidate_uncertified,0.97,0.852677412241699,0.9518825092891356,0.852677412241699,1,0.9518825092891356,1,43,,,
12,2000,ordinal_candidate_plus_cp_certification,0.97,0.852677412241699,0.9518825092891356,,0,1.0,1,61,57,0.8213100804468778,0
13,2000,independent_mondrian_total_budget,,,,0.801260308906719,1,0.9201826991495954,1,79,,,
13,2000,direct_pac_split_matched,,1.0053816886715605,0.9923859508421562,1.0053816886715605,1,0.9923859508421562,1,74,73,0.9136347270310128,1
13,2000,direct_pac_total_budget,,1.0053816886715605,0.9923859508421562,1.0053816886715605,1,0.9923859508421562,1,79,78,0.9189068647891836,1
13,2000,ordinal_pooled_candidate_uncertified,0.9,0.8232896316845508,0.9352969652180295,0.8232896316845508,1,0.9352969652180295,1,39,,,
13,2000,ordinal_candidate_plus_cp_certification,0.9,0.8232896316845508,0.9352969652180295,,0,1.0,1,74,68,0.8142807353610115,0
13,2000,ordinal_pooled_candidate_uncertified,0.93,0.9568481281875795,0.9855277149952482,0.9568481281875795,1,0.9855277149952482,1,39,,,
13,2000,ordinal_candidate_plus_cp_certification,0.93,0.9568481281875795,0.9855277149952482,,0,1.0,1,74,72,0.8912125731925848,0
13,2000,ordinal_pooled_candidate_uncertified,0.95,0.9568481281875795,0.9855277149952482,0.9568481281875795,1,0.9855277149952482,1,39,,,
13,2000,ordinal_candidate_plus_cp_certification,0.95,0.9568481281875795,0.9855277149952482,,0,1.0,1,74,72,0.8912125731925848,0
13,2000,ordinal_pooled_candidate_uncertified,0.97,1.080931592281936,0.997481500013637,1.080931592281936,1,0.997481500013637,1,39,,,
13,2000,ordinal_candidate_plus_cp_certification,0.97,1.080931592281936,0.997481500013637,1.080931592281936,1,0.997481500013637,1,74,73,0.9136347270310128,1
14,2000,independent_mondrian_total_budget,,,,0.7966000755756979,1,0.9166676249868644,1,67,,,
14,2000,direct_pac_split_matched,,0.9837761848962765,0.9897992531447051,0.9837761848962765,1,0.9897992531447051,1,60,60,0.9261187281287935,1
14,2000,direct_pac_total_budget,,0.9526678384265752,0.9847424496088474,0.9526678384265752,1,0.9847424496088474,1,67,66,0.9049877159059427,1
14,2000,ordinal_pooled_candidate_uncertified,0.9,0.7497989559600937,0.8747209334016257,0.7497989559600937,1,0.8747209334016257,0,39,,,
14,2000,ordinal_candidate_plus_cp_certification,0.9,0.7497989559600937,0.8747209334016257,,0,1.0,1,60,52,0.7322224089064895,0
14,2000,ordinal_pooled_candidate_uncertified,0.93,0.8703929846066129,0.9601100801808785,0.8703929846066129,1,0.9601100801808785,1,39,,,
14,2000,ordinal_candidate_plus_cp_certification,0.93,0.8703929846066129,0.9601100801808785,,0,1.0,1,60,57,0.8421426677064086,0
14,2000,ordinal_pooled_candidate_uncertified,0.95,0.8703929846066129,0.9601100801808785,0.8703929846066129,1,0.9601100801808785,1,39,,,
14,2000,ordinal_candidate_plus_cp_certification,0.95,0.8703929846066129,0.9601100801808785,,0,1.0,1,60,57,0.8421426677064086,0
14,2000,ordinal_pooled_candidate_uncertified,0.97,1.2893339529958192,0.9999401329109797,1.2893339529958192,1,0.9999401329109797,1,39,,,
14,2000,ordinal_candidate_plus_cp_certification,0.97,1.2893339529958192,0.9999401329109797,1.2893339529958192,1,0.9999401329109797,1,60,60,0.9261187281287935,1
15,2000,independent_mondrian_total_budget,,,,0.8591765565718017,1,0.9550459595704004,1,77,,,
15,2000,direct_pac_split_matched,,0.8772797401262629,0.9629826370678223,0.8772797401262629,1,0.9629826370678223,1,71,70,0.9101292734639317,1
15,2000,direct_pac_total_budget,,0.9319753891785212,0.980294846911044,0.9319753891785212,1,0.980294846911044,1,77,76,0.9168771372741296,1
15,2000,ordinal_pooled_candidate_uncertified,0.9,0.8885831346887004,0.967329338239081,0.8885831346887004,1,0.967329338239081,1,46,,,
15,2000,ordinal_candidate_plus_cp_certification,0.9,0.8885831346887004,0.967329338239081,0.8885831346887004,1,0.967329338239081,1,71,70,0.9101292734639317,1
15,2000,ordinal_pooled_candidate_uncertified,0.93,0.9319753891785212,0.980294846911044,0.9319753891785212,1,0.980294846911044,1,46,,,
15,2000,ordinal_candidate_plus_cp_certification,0.93,0.9319753891785212,0.980294846911044,0.9319753891785212,1,0.980294846911044,1,71,71,0.9371972075541282,1
15,2000,ordinal_pooled_candidate_uncertified,0.95,0.934392883557219,0.9808656201746543,0.934392883557219,1,0.9808656201746543,1,46,,,
15,2000,ordinal_candidate_plus_cp_certification,0.95,0.934392883557219,0.9808656201746543,0.934392883557219,1,0.9808656201746543,1,71,71,0.9371972075541282,1
15,2000,ordinal_pooled_candidate_uncertified,0.97,0.9479530533812037,0.9838131292550776,0.9479530533812037,1,0.9838131292550776,1,46,,,
15,2000,ordinal_candidate_plus_cp_certification,0.97,0.9479530533812037,0.9838131292550776,0.9479530533812037,1,0.9838131292550776,1,71,71,0.9371972075541282,1
16,2000,independent_mondrian_total_budget,,,,0.7309376883417515,1,0.8542160801502616,0,72,,,
16,2000,direct_pac_split_matched,,0.8517536259996863,0.9514187376570752,0.8517536259996863,1,0.9514187376570752,1,68,67,0.9063274400304893,1
16,2000,direct_pac_total_budget,,0.8517536259996863,0.9514187376570752,0.8517536259996863,1,0.9514187376570752,1,72,71,0.9113289331864234,1
16,2000,ordinal_pooled_candidate_uncertified,0.9,0.8074728110216406,0.9246927116468441,0.8074728110216406,1,0.9246927116468441,1,46,,,
16,2000,ordinal_candidate_plus_cp_certification,0.9,0.8074728110216406,0.9246927116468441,,0,1.0,1,68,65,0.8597456637584635,0
16,2000,ordinal_pooled_candidate_uncertified,0.93,0.8278757128361713,0.9381440479728753,0.8278757128361713,1,0.9381440479728753,1,46,,,
16,2000,ordinal_candidate_plus_cp_certification,0.93,0.8278757128361713,0.9381440479728753,,0,1.0,1,68,66,0.8820638829735579,0
16,2000,ordinal_pooled_candidate_uncertified,0.95,0.8913517924504606,0.9683272726817036,0.8913517924504606,1,0.9683272726817036,1,46,,,
16,2000,ordinal_candidate_plus_cp_certification,0.95,0.8913517924504606,0.9683272726817036,0.8913517924504606,1,0.9683272726817036,1,68,67,0.9063274400304893,1
16,2000,ordinal_pooled_candidate_uncertified,0.97,0.950818435793979,0.9843835281172248,0.950818435793979,1,0.9843835281172248,1,46,,,
16,2000,ordinal_candidate_plus_cp_certification,0.97,0.950818435793979,0.9843835281172248,0.950818435793979,1,0.9843835281172248,1,68,68,0.9345192145605372,1
17,2000,independent_mondrian_total_budget,,,,0.794571174466582,1,0.9151014213981711,1,65,,,
17,2000,direct_pac_split_matched,,1.0809602821031796,0.9974826205276036,1.0809602821031796,1,0.9974826205276036,1,60,60,0.9261187281287935,1
17,2000,direct_pac_total_budget,,0.8699447126857978,0.9599169871604484,0.8699447126857978,1,0.9599169871604484,1,65,64,0.9021900138676313,1
17,2000,ordinal_pooled_candidate_uncertified,0.9,0.7792556621249007,0.9025601908785131,0.7792556621249007,1,0.9025601908785131,1,42,,,
17,2000,ordinal_candidate_plus_cp_certification,0.9,0.7792556621249007,0.9025601908785131,,0,1.0,1,60,50,0.6921862520651674,0
17,2000,ordinal_pooled_candidate_uncertified,0.93,0.8087612281014747,0.9256032428788081,0.8087612281014747,1,0.9256032428788081,1,42,,,
17,2000,ordinal_candidate_plus_cp_certification,0.93,0.8087612281014747,0.9256032428788081,,0,1.0,1,60,55,0.7959148824562914,0
17,2000,ordinal_pooled_candidate_uncertified,0.95,0.8108928202953443,0.927091160384782,0.8108928202953443,1,0.927091160384782,1,42,,,
17,2000,ordinal_candidate_plus_cp_certification,0.95,0.8108928202953443,0.927091160384782,,0,1.0,1,60,55,0.7959148824562914,0
17,2000,ordinal_pooled_candidate_uncertified,0.97,0.9253448778350386,0.9786546966044676,0.9253448778350386,1,0.9786546966044676,1,42,,,
17,2000,ordinal_candidate_plus_cp_certification,0.97,0.9253448778350386,0.9786546966044676,,0,1.0,1,60,59,0.8944184045954215,0
18,2000,independent_mondrian_total_budget,,,,0.8303228280294367,1,0.9396227111371185,1,72,,,
18,2000,direct_pac_split_matched,,0.9180405380977767,0.9767156939681472,0.9180405380977767,1,0.9767156939681472,1,65,64,0.9021900138676313,1
18,2000,direct_pac_total_budget,,0.9180405380977767,0.9767156939681472,0.9180405380977767,1,0.9767156939681472,1,72,71,0.9113289331864234,1
18,2000,ordinal_pooled_candidate_uncertified,0.9,0.7902527921781641,0.9116945539064587,0.7902527921781641,1,0.9116945539064587,1,50,,,
18,2000,ordinal_candidate_plus_cp_certification,0.9,0.7902527921781641,0.9116945539064587,,0,1.0,1,65,56,0.7324086182508069,0
18,2000,ordinal_pooled_candidate_uncertified,0.93,0.8707962023874564,0.9602831196014348,0.8707962023874564,1,0.9602831196014348,1,50,,,
18,2000,ordinal_candidate_plus_cp_certification,0.93,0.8707962023874564,0.9602831196014348,,0,1.0,1,65,61,0.8316557215584377,0
18,2000,ordinal_pooled_candidate_uncertified,0.95,0.9066294905575967,0.9733909820828446,0.9066294905575967,1,0.9733909820828446,1,50,,,
18,2000,ordinal_candidate_plus_cp_certification,0.95,0.9066294905575967,0.9733909820828446,,0,1.0,1,65,63,0.8768879316342328,0
18,2000,ordinal_pooled_candidate_uncertified,0.97,0.9208742066042345,0.9774848350545042,0.9208742066042345,1,0.9774848350545042,1,50,,,
18,2000,ordinal_candidate_plus_cp_certification,0.97,0.9208742066042345,0.9774848350545042,0.9208742066042345,1,0.9774848350545042,1,65,64,0.9021900138676313,1
19,2000,independent_mondrian_total_budget,,,,0.6506577832168371,1,0.7432149816651594,0,70,,,
19,2000,direct_pac_split_matched,,0.8599488417059296,0.955410475058645,0.8599488417059296,1,0.955410475058645,1,58,58,0.9236708571873862,1
19,2000,direct_pac_total_budget,,0.8422824289464799,0.9464550390357562,0.8422824289464799,1,0.9464550390357562,1,70,69,0.9088967307021709,1
19,2000,ordinal_pooled_candidate_uncertified,0.9,0.8532551368511123,0.9521707412415183,0.8532551368511123,1,0.9521707412415183,1,57,,,
19,2000,ordinal_candidate_plus_cp_certification,0.9,0.8532551368511123,0.9521707412415183,,0,1.0,1,58,57,0.8909529797809606,0
19,2000,ordinal_pooled_candidate_uncertified,0.93,0.8634899174804535,0.9570514710021893,0.8634899174804535,1,0.9570514710021893,1,57,,,
19,2000,ordinal_candidate_plus_cp_certification,0.93,0.8634899174804535,0.9570514710021893,0.8634899174804535,1,0.9570514710021893,1,58,58,0.9236708571873862,1
19,2000,ordinal_pooled_candidate_uncertified,0.95,0.8917074879702539,0.9684536341209866,0.8917074879702539,1,0.9684536341209866,1,57,,,
19,2000,ordinal_candidate_plus_cp_certification,0.95,0.8917074879702539,0.9684536341209866,0.8917074879702539,1,0.9684536341209866,1,58,58,0.9236708571873862,1
19,2000,ordinal_pooled_candidate_uncertified,0.97,1.0127107011004721,0.9931216319415855,1.0127107011004721,1,0.9931216319415855,1,57,,,
19,2000,ordinal_candidate_plus_cp_certification,0.97,1.0127107011004721,0.9931216319415855,1.0127107011004721,1,0.9931216319415855,1,58,58,0.9236708571873862,1
20,2000,independent_mondrian_total_budget,,,,0.7682193227039734,1,0.8927149697829087,0,52,,,
20,2000,direct_pac_split_matched,,0.9782273717965368,0.9890222502844372,0.9782273717965368,1,0.9890222502844372,1,46,46,0.9047357242349297,1
20,2000,direct_pac_total_budget,,0.9782273717965368,0.9890222502844372,0.9782273717965368,1,0.9890222502844372,1,52,52,0.9152473108773889,1
20,2000,ordinal_pooled_candidate_uncertified,0.9,0.7864483172427539,0.9086095923961827,0.7864483172427539,1,0.9086095923961827,1,46,,,
20,2000,ordinal_candidate_plus_cp_certification,0.9,0.7864483172427539,0.9086095923961827,,0,1.0,1,46,42,0.7678644456918096,0
20,2000,ordinal_pooled_candidate_uncertified,0.93,0.7952738340581031,0.9156463161155105,0.7952738340581031,1,0.9156463161155105,1,46,,,
20,2000,ordinal_candidate_plus_cp_certification,0.93,0.7952738340581031,0.9156463161155105,,0,1.0,1,46,42,0.7678644456918096,0
20,2000,ordinal_pooled_candidate_uncertified,0.95,0.8748672531872104,0.9619962273883678,0.8748672531872104,1,0.9619962273883678,1,46,,,
20,2000,ordinal_candidate_plus_cp_certification,0.95,0.8748672531872104,0.9619962273883678,,0,1.0,1,46,45,0.8642215213678457,0
20,2000,ordinal_pooled_candidate_uncertified,0.97,0.915340724609735,0.9759624294776785,0.915340724609735,1,0.9759624294776785,1,46,,,
20,2000,ordinal_candidate_plus_cp_certification,0.97,0.915340724609735,0.9759624294776785,,0,1.0,1,46,45,0.8642215213678457,0
21,2000,independent_mondrian_total_budget,,,,0.8502787278878969,1,0.9506708886147458,1,81,,,
21,2000,direct_pac_split_matched,,0.9367959003581221,0.9814189840742467,0.9367959003581221,1,0.9814189840742467,1,73,72,0.9124970075868319,1
21,2000,direct_pac_total_budget,,0.8999300606279672,0.9712604869155549,0.8999300606279672,1,0.9712604869155549,1,81,79,0.9002423152124137,1
21,2000,ordinal_pooled_candidate_uncertified,0.9,0.8703646858438138,0.9600979128949954,0.8703646858438138,1,0.9600979128949954,1,47,,,
21,2000,ordinal_candidate_plus_cp_certification,0.9,0.8703646858438138,0.9600979128949954,,0,1.0,1,73,68,0.8301965048670823,0
21,2000,ordinal_pooled_candidate_uncertified,0.93,0.9260472896175753,0.9788337446879347,0.9260472896175753,1,0.9788337446879347,1,47,,,
21,2000,ordinal_candidate_plus_cp_certification,0.93,0.9260472896175753,0.9788337446879347,,0,1.0,1,73,71,0.8897875515724152,0
21,2000,ordinal_pooled_candidate_uncertified,0.95,0.944295934040316,0.9830592715052342,0.944295934040316,1,0.9830592715052342,1,47,,,
21,2000,ordinal_candidate_plus_cp_certification,0.95,0.944295934040316,0.9830592715052342,0.944295934040316,1,0.9830592715052342,1,73,72,0.9124970075868319,1
21,2000,ordinal_pooled_candidate_uncertified,0.97,0.9855039746622044,0.9900311937402181,0.9855039746622044,1,0.9900311937402181,1,47,,,
21,2000,ordinal_candidate_plus_cp_certification,0.97,0.9855039746622044,0.9900311937402181,0.9855039746622044,1,0.9900311937402181,1,73,73,0.9388641146339078,1
22,2000,independent_mondrian_total_budget,,,,0.778184111069604,1,0.9016343865533875,1,68,,,
22,2000,direct_pac_split_matched,,0.9819585260793502,0.9895501812473998,0.9819585260793502,1,0.9895501812473998,1,62,62,0.9284145445194745,1
22,2000,direct_pac_total_budget,,0.9313474423935802,0.9801442446816605,0.9313474423935802,1,0.9801442446816605,1,68,67,0.9063274400304893,1
22,2000,ordinal_pooled_candidate_uncertified,0.9,0.6976798542353905,0.8128369913575771,0.6976798542353905,1,0.8128369913575771,0,40,,,
22,2000,ordinal_candidate_plus_cp_certification,0.9,0.6976798542353905,0.8128369913575771,,0,1.0,1,62,52,0.7012561508468516,0
22,2000,ordinal_pooled_candidate_uncertified,0.93,0.7450212014080632,0.8697279419400417,0.7450212014080632,1,0.8697279419400417,0,40,,,
22,2000,ordinal_candidate_plus_cp_certification,0.93,0.7450212014080632,0.8697279419400417,,0,1.0,1,62,54,0.7401784754189751,0
22,2000,ordinal_pooled_candidate_uncertified,0.95,0.7450212014080632,0.8697279419400417,0.7450212014080632,1,0.8697279419400417,0,40,,,
22,2000,ordinal_candidate_plus_cp_certification,0.95,0.7450212014080632,0.8697279419400417,,0,1.0,1,62,54,0.7401784754189751,0
22,2000,ordinal_pooled_candidate_uncertified,0.97,0.8198283311902773,0.9330815564896469,0.8198283311902773,1,0.9330815564896469,1,40,,,
22,2000,ordinal_candidate_plus_cp_certification,0.97,0.8198283311902773,0.9330815564896469,,0,1.0,1,62,58,0.8240136004861425,0
23,2000,independent_mondrian_total_budget,,,,0.8280249499982122,1,0.9382350260494181,1,77,,,
23,2000,direct_pac_split_matched,,0.994277325957965,0.9911392587853984,0.994277325957965,1,0.9911392587853984,1,69,68,0.9076299351640345,1
23,2000,direct_pac_total_budget,,0.994277325957965,0.9911392587853984,0.994277325957965,1,0.9911392587853984,1,77,76,0.9168771372741296,1
23,2000,ordinal_pooled_candidate_uncertified,0.9,0.8821877992574947,0.9649248523615762,0.8821877992574947,1,0.9649248523615762,1,39,,,
23,2000,ordinal_candidate_plus_cp_certification,0.9,0.8821877992574947,0.9649248523615762,,0,1.0,1,69,66,0.8616742199933594,0
23,2000,ordinal_pooled_candidate_uncertified,0.93,0.9274164051592362,0.9791790886032061,0.9274164051592362,1,0.9791790886032061,1,39,,,
23,2000,ordinal_candidate_plus_cp_certification,0.93,0.9274164051592362,0.9791790886032061,,0,1.0,1,69,66,0.8616742199933594,0
23,2000,ordinal_pooled_candidate_uncertified,0.95,0.9274164051592362,0.9791790886032061,0.9274164051592362,1,0.9791790886032061,1,39,,,
23,2000,ordinal_candidate_plus_cp_certification,0.95,0.9274164051592362,0.9791790886032061,,0,1.0,1,69,66,0.8616742199933594,0
23,2000,ordinal_pooled_candidate_uncertified,0.97,0.9799754209803073,0.9892724082321908,0.9799754209803073,1,0.9892724082321908,1,39,,,
23,2000,ordinal_candidate_plus_cp_certification,0.97,0.9799754209803073,0.9892724082321908,,0,1.0,1,69,67,0.8836939281310743,0
24,2000,independent_mondrian_total_budget,,,,0.7954882295786556,1,0.9158120507711727,1,71,,,
24,2000,direct_pac_split_matched,,0.9164536605571696,0.9762753901722013,0.9164536605571696,1,0.9762753901722013,1,65,64,0.9021900138676313,1
24,2000,direct_pac_total_budget,,0.9164536605571696,0.9762753901722013,0.9164536605571696,1,0.9762753901722013,1,71,70,0.9101292734639317,1
24,2000,ordinal_pooled_candidate_uncertified,0.9,0.8526602549532049,0.9518739281597266,0.8526602549532049,1,0.9518739281597266,1,41,,,
24,2000,ordinal_candidate_plus_cp_certification,0.9,0.8526602549532049,0.9518739281597266,,0,1.0,1,65,62,0.8536238383688388,0
24,2000,ordinal_pooled_candidate_uncertified,0.93,0.991264713218918,0.9907715834565205,0.991264713218918,1,0.9907715834565205,1,41,,,
24,2000,ordinal_candidate_plus_cp_certification,0.93,0.991264713218918,0.9907715834565205,0.991264713218918,1,0.9907715834565205,1,65,64,0.9021900138676313,1
24,2000,ordinal_pooled_candidate_uncertified,0.95,0.991264713218918,0.9907715834565205,0.991264713218918,1,0.9907715834565205,1,41,,,
24,2000,ordinal_candidate_plus_cp_certification,0.95,0.991264713218918,0.9907715834565205,0.991264713218918,1,0.9907715834565205,1,65,64,0.9021900138676313,1
24,2000,ordinal_pooled_candidate_uncertified,0.97,0.99392732345422,0.9910972122244586,0.99392732345422,1,0.9910972122244586,1,41,,,
24,2000,ordinal_candidate_plus_cp_certification,0.97,0.99392732345422,0.9910972122244586,0.99392732345422,1,0.9910972122244586,1,65,64,0.9021900138676313,1
25,2000,independent_mondrian_total_budget,,,,0.8111283950824355,1,0.9272541910318208,1,72,,,
25,2000,direct_pac_split_matched,,0.9457912625584878,0.9833710624830629,0.9457912625584878,1,0.9833710624830629,1,65,64,0.9021900138676313,1
25,2000,direct_pac_total_budget,,0.9457912625584878,0.9833710624830629,0.9457912625584878,1,0.9833710624830629,1,72,71,0.9113289331864234,1
25,2000,ordinal_pooled_candidate_uncertified,0.9,0.7962728750553274,0.9164165231416144,0.7962728750553274,1,0.9164165231416144,1,44,,,
25,2000,ordinal_candidate_plus_cp_certification,0.9,0.7962728750553274,0.9164165231416144,,0,1.0,1,65,57,0.7512683078354607,0
25,2000,ordinal_pooled_candidate_uncertified,0.93,0.8038067689554209,0.9220554254335548,0.8038067689554209,1,0.9220554254335548,1,44,,,
25,2000,ordinal_candidate_plus_cp_certification,0.93,0.8038067689554209,0.9220554254335548,,0,1.0,1,65,57,0.7512683078354607,0
25,2000,ordinal_pooled_candidate_uncertified,0.95,0.9534929682039354,0.9849002861153994,0.9534929682039354,1,0.9849002861153994,1,44,,,
25,2000,ordinal_candidate_plus_cp_certification,0.95,0.9534929682039354,0.9849002861153994,0.9534929682039354,1,0.9849002861153994,1,65,64,0.9021900138676313,1
25,2000,ordinal_pooled_candidate_uncertified,0.97,1.1306290799789056,0.9988677190776791,1.1306290799789056,1,0.9988677190776791,1,44,,,
25,2000,ordinal_candidate_plus_cp_certification,0.97,1.1306290799789056,0.9988677190776791,1.1306290799789056,1,0.9988677190776791,1,65,64,0.9021900138676313,1
26,2000,independent_mondrian_total_budget,,,,0.820444478992332,1,0.9334801585101431,1,55,,,
26,2000,direct_pac_split_matched,,0.922044074286047,0.9777960648739586,0.922044074286047,1,0.9777960648739586,1,49,49,0.9102981779915218,1
26,2000,direct_pac_total_budget,,0.922044074286047,0.9777960648739586,0.922044074286047,1,0.9777960648739586,1,55,55,0.9196791985117059,1
26,2000,ordinal_pooled_candidate_uncertified,0.9,0.8230515369431937,0.9351464200613839,0.8230515369431937,1,0.9351464200613839,1,41,,,
26,2000,ordinal_candidate_plus_cp_certification,0.9,0.8230515369431937,0.9351464200613839,,0,1.0,1,49,46,0.8092457624069405,0
26,2000,ordinal_pooled_candidate_uncertified,0.93,0.8412923580585727,0.9459137580840961,0.8412923580585727,1,0.9459137580840961,1,41,,,
26,2000,ordinal_candidate_plus_cp_certification,0.93,0.8412923580585727,0.9459137580840961,,0,1.0,1,49,46,0.8092457624069405,0
26,2000,ordinal_pooled_candidate_uncertified,0.95,0.8412923580585727,0.9459137580840961,0.8412923580585727,1,0.9459137580840961,1,41,,,
26,2000,ordinal_candidate_plus_cp_certification,0.95,0.8412923580585727,0.9459137580840961,,0,1.0,1,49,46,0.8092457624069405,0
26,2000,ordinal_pooled_candidate_uncertified,0.97,0.8654066630544288,0.9579191597877955,0.8654066630544288,1,0.9579191597877955,1,41,,,
26,2000,ordinal_candidate_plus_cp_certification,0.97,0.8654066630544288,0.9579191597877955,,0,1.0,1,49,48,0.8720603847659683,0
27,2000,independent_mondrian_total_budget,,,,0.7823269582734719,1,0.9051783058635512,1,62,,,
27,2000,direct_pac_split_matched,,1.020395201385011,0.9938248852843017,1.020395201385011,1,0.9938248852843017,1,58,58,0.9236708571873862,1
27,2000,direct_pac_total_budget,,1.020395201385011,0.9938248852843017,1.020395201385011,1,0.9938248852843017,1,62,62,0.9284145445194745,1
27,2000,ordinal_pooled_candidate_uncertified,0.9,0.8272127060619225,0.9377386001457544,0.8272127060619225,1,0.9377386001457544,1,46,,,
27,2000,ordinal_candidate_plus_cp_certification,0.9,0.8272127060619225,0.9377386001457544,,0,1.0,1,58,54,0.8126785796795093,0
27,2000,ordinal_pooled_candidate_uncertified,0.93,0.8345182645580651,0.9420932609095518,0.8345182645580651,1,0.9420932609095518,1,46,,,
27,2000,ordinal_candidate_plus_cp_certification,0.93,0.8345182645580651,0.9420932609095518,,0,1.0,1,58,55,0.837030715047214,0
27,2000,ordinal_pooled_candidate_uncertified,0.95,0.8935447863297326,0.9690997194488448,0.8935447863297326,1,0.9690997194488448,1,46,,,
27,2000,ordinal_candidate_plus_cp_certification,0.95,0.8935447863297326,0.9690997194488448,,0,1.0,1,58,57,0.8909529797809606,0
27,2000,ordinal_pooled_candidate_uncertified,0.97,0.9002712862233645,0.9713723288975924,0.9002712862233645,1,0.9713723288975924,1,46,,,
27,2000,ordinal_candidate_plus_cp_certification,0.97,0.9002712862233645,0.9713723288975924,,0,1.0,1,58,57,0.8909529797809606,0
28,2000,independent_mondrian_total_budget,,,,0.7709233906450452,1,0.895191076936644,0,61,,,
28,2000,direct_pac_split_matched,,0.95004895885174,0.984232071684616,0.95004895885174,1,0.984232071684616,1,57,57,0.9223851039358479,1
28,2000,direct_pac_total_budget,,0.95004895885174,0.984232071684616,0.95004895885174,1,0.984232071684616,1,61,61,0.9272847441516197,1
28,2000,ordinal_pooled_candidate_uncertified,0.9,0.8260484650153427,0.9370216208042201,0.8260484650153427,1,0.9370216208042201,1,37,,,
28,2000,ordinal_candidate_plus_cp_certification,0.9,0.8260484650153427,0.9370216208042201,,0,1.0,1,57,53,0.8096136443637609,0
28,2000,ordinal_pooled_candidate_uncertified,0.93,0.8467225528240236,0.9488299070147759,0.8467225528240236,1,0.9488299070147759,1,37,,,
28,2000,ordinal_candidate_plus_cp_certification,0.93,0.8467225528240236,0.9488299070147759,,0,1.0,1,57,54,0.8343488303104643,0
28,2000,ordinal_pooled_candidate_uncertified,0.95,0.9476175365615849,0.9837451862866167,0.9476175365615849,1,0.9837451862866167,1,37,,,
28,2000,ordinal_candidate_plus_cp_certification,0.95,0.9476175365615849,0.9837451862866167,,0,1.0,1,57,56,0.8891336306931499,0
28,2000,ordinal_pooled_candidate_uncertified,0.97,0.9476175365615849,0.9837451862866167,0.9476175365615849,1,0.9837451862866167,1,37,,,
28,2000,ordinal_candidate_plus_cp_certification,0.97,0.9476175365615849,0.9837451862866167,,0,1.0,1,57,56,0.8891336306931499,0
29,2000,independent_mondrian_total_budget,,,,0.8807781445119822,1,0.9643757801717221,1,77,,,
29,2000,direct_pac_split_matched,,0.937706353775342,0.981625053621961,0.937706353775342,1,0.981625053621961,1,71,70,0.9101292734639317,1
29,2000,direct_pac_total_budget,,0.937706353775342,0.981625053621961,0.937706353775342,1,0.981625053621961,1,77,76,0.9168771372741296,1
29,2000,ordinal_pooled_candidate_uncertified,0.9,0.7312643136091437,0.854589337275792,0.7312643136091437,1,0.854589337275792,0,51,,,
29,2000,ordinal_candidate_plus_cp_certification,0.9,0.7312643136091437,0.854589337275792,,0,1.0,1,71,55,0.6386411892481185,0
29,2000,ordinal_pooled_candidate_uncertified,0.93,0.8300125686108724,0.9394367833627948,0.8300125686108724,1,0.9394367833627948,1,51,,,
29,2000,ordinal_candidate_plus_cp_certification,0.93,0.8300125686108724,0.9394367833627948,,0,1.0,1,71,63,0.7708424251906292,0
29,2000,ordinal_pooled_candidate_uncertified,0.95,0.8423629453795672,0.9464988687396267,0.8423629453795672,1,0.9464988687396267,1,51,,,
29,2000,ordinal_candidate_plus_cp_certification,0.95,0.8423629453795672,0.9464988687396267,,0,1.0,1,71,64,0.7886625188281626,0
29,2000,ordinal_pooled_candidate_uncertified,0.97,0.8521006339447144,0.9515933646150835,0.8521006339447144,1,0.9515933646150835,1,51,,,
29,2000,ordinal_candidate_plus_cp_certification,0.97,0.8521006339447144,0.9515933646150835,,0,1.0,1,71,64,0.7886625188281626,0
30,2000,independent_mondrian_total_budget,,,,0.7587552548291435,1,0.8837172525466045,0,63,,,
30,2000,direct_pac_split_matched,,1.0391778069629347,0.9952826735366835,1.0391778069629347,1,0.9952826735366835,1,55,55,0.9196791985117059,1
30,2000,direct_pac_total_budget,,1.0391778069629347,0.9952826735366835,1.0391778069629347,1,0.9952826735366835,1,63,63,0.9295097898806493,1
30,2000,ordinal_pooled_candidate_uncertified,0.9,0.7917950365760646,0.9129227735554706,0.7917950365760646,1,0.9129227735554706,1,42,,,
30,2000,ordinal_candidate_plus_cp_certification,0.9,0.7917950365760646,0.9129227735554706,,0,1.0,1,55,51,0.8031737233218725,0
30,2000,ordinal_pooled_candidate_uncertified,0.93,0.7980934104571094,0.9178064512286632,0.7980934104571094,1,0.9178064512286632,1,42,,,
30,2000,ordinal_candidate_plus_cp_certification,0.93,0.7980934104571094,0.9178064512286632,,0,1.0,1,55,51,0.8031737233218725,0
30,2000,ordinal_pooled_candidate_uncertified,0.95,0.8052145358858991,0.9230763180026471,0.8052145358858991,1,0.9230763180026471,1,42,,,
30,2000,ordinal_candidate_plus_cp_certification,0.95,0.8052145358858991,0.9230763180026471,,0,1.0,1,55,52,0.8287119261026799,0
30,2000,ordinal_pooled_candidate_uncertified,0.97,0.825142507337171,0.9364592645249972,0.825142507337171,1,0.9364592645249972,1,42,,,
30,2000,ordinal_candidate_plus_cp_certification,0.97,0.825142507337171,0.9364592645249972,,0,1.0,1,55,52,0.8287119261026799,0
31,2000,independent_mondrian_total_budget,,,,0.8164139073174399,1,0.9308391032342843,1,66,,,
31,2000,direct_pac_split_matched,,0.9596415709950303,0.986032851410285,0.9596415709950303,1,0.986032851410285,1,59,59,0.9249147277217333,1
31,2000,direct_pac_total_budget,,0.8534912910242427,0.9522881619287185,0.8534912910242427,1,0.9522881619287185,1,66,65,0.9036091448472583,1
31,2000,ordinal_pooled_candidate_uncertified,0.9,0.8470417770422407,0.9489973669146808,0.8470417770422407,1,0.9489973669146808,1,49,,,
31,2000,ordinal_candidate_plus_cp_certification,0.9,0.8470417770422407,0.9489973669146808,,0,1.0,1,59,57,0.8650442003594665,0
31,2000,ordinal_pooled_candidate_uncertified,0.93,0.8910740276713669,0.9682283056872253,0.8910740276713669,1,0.9682283056872253,1,49,,,
31,2000,ordinal_candidate_plus_cp_certification,0.93,0.8910740276713669,0.9682283056872253,,0,1.0,1,59,58,0.8927136404964464,0
31,2000,ordinal_pooled_candidate_uncertified,0.95,0.8941691791195971,0.96931677796769,0.8941691791195971,1,0.96931677796769,1,49,,,
31,2000,ordinal_candidate_plus_cp_certification,0.95,0.8941691791195971,0.96931677796769,,0,1.0,1,59,58,0.8927136404964464,0
31,2000,ordinal_pooled_candidate_uncertified,0.97,0.8964920902228334,0.9701132376034408,0.8964920902228334,1,0.9701132376034408,1,49,,,
31,2000,ordinal_candidate_plus_cp_certification,0.97,0.8964920902228334,0.9701132376034408,,0,1.0,1,59,58,0.8927136404964464,0
32,2000,independent_mondrian_total_budget,,,,0.6855171025183598,1,0.7960473621759608,0,53,,,
32,2000,direct_pac_split_matched,,1.0665954406782947,0.996861766185001,1.0665954406782947,1,0.996861766185001,1,45,45,0.9027251779484575,1
32,2000,direct_pac_total_budget,,1.0665954406782947,0.996861766185001,1.0665954406782947,1,0.996861766185001,1,53,53,0.9167779324426062,1
32,2000,ordinal_pooled_candidate_uncertified,0.9,0.8294526597742715,0.9391001160767549,0.8294526597742715,1,0.9391001160767549,1,42,,,
32,2000,ordinal_candidate_plus_cp_certification,0.9,0.8294526597742715,0.9391001160767549,,0,1.0,1,45,43,0.826011711300459,0
32,2000,ordinal_pooled_candidate_uncertified,0.93,0.8412184441350199,0.9458731755532216,0.8412184441350199,1,0.9458731755532216,1,42,,,
32,2000,ordinal_candidate_plus_cp_certification,0.93,0.8412184441350199,0.9458731755532216,,0,1.0,1,45,43,0.826011711300459,0
32,2000,ordinal_pooled_candidate_uncertified,0.95,0.9499040473206324,0.9842034081578748,0.9499040473206324,1,0.9842034081578748,1,42,,,
32,2000,ordinal_candidate_plus_cp_certification,0.95,0.9499040473206324,0.9842034081578748,,0,1.0,1,45,44,0.8613910405705474,0
32,2000,ordinal_pooled_candidate_uncertified,0.97,1.0092133006313544,0.9927787820947938,1.0092133006313544,1,0.9927787820947938,1,42,,,
32,2000,ordinal_candidate_plus_cp_certification,0.97,1.0092133006313544,0.9927787820947938,,0,1.0,1,45,44,0.8613910405705474,0
33,2000,independent_mondrian_total_budget,,,,0.8336846999232927,1,0.9416088347948202,1,75,,,
33,2000,direct_pac_split_matched,,0.934180843253996,0.9808161259576467,0.934180843253996,1,0.9808161259576467,1,69,68,0.9076299351640345,1
33,2000,direct_pac_total_budget,,0.934180843253996,0.9808161259576467,0.934180843253996,1,0.9808161259576467,1,75,74,0.9147432588438222,1
33,2000,ordinal_pooled_candidate_uncertified,0.9,0.7006018822247904,0.8167395499192436,0.7006018822247904,1,0.8167395499192436,0,49,,,
33,2000,ordinal_candidate_plus_cp_certification,0.9,0.7006018822247904,0.8167395499192436,,0,1.0,1,69,56,0.6781811704088494,0
33,2000,ordinal_pooled_candidate_uncertified,0.93,0.7172758227407491,0.8380264448007484,0.7172758227407491,1,0.8380264448007484,0,49,,,
33,2000,ordinal_candidate_plus_cp_certification,0.93,0.7172758227407491,0.8380264448007484,,0,1.0,1,69,56,0.6781811704088494,0
33,2000,ordinal_pooled_candidate_uncertified,0.95,0.8150648366208906,0.9299372960897238,0.8150648366208906,1,0.9299372960897238,1,49,,,
33,2000,ordinal_candidate_plus_cp_certification,0.95,0.8150648366208906,0.9299372960897238,,0,1.0,1,69,62,0.7829468133295581,0
33,2000,ordinal_pooled_candidate_uncertified,0.97,0.99350467620749,0.9910462057522913,0.99350467620749,1,0.9910462057522913,1,49,,,
33,2000,ordinal_candidate_plus_cp_certification,0.97,0.99350467620749,0.9910462057522913,0.99350467620749,1,0.9910462057522913,1,69,69,0.9354368899026166,1
34,2000,independent_mondrian_total_budget,,,,0.7845194838841922,1,0.9070153535547616,1,71,,,
34,2000,direct_pac_split_matched,,0.8683799559836716,0.9592370087592348,0.8683799559836716,1,0.9592370087592348,1,65,64,0.9021900138676313,1
34,2000,direct_pac_total_budget,,0.9107707658235826,0.9746407469112623,0.9107707658235826,1,0.9746407469112623,1,71,70,0.9101292734639317,1
34,2000,ordinal_pooled_candidate_uncertified,0.9,0.8523820545322482,0.9517346166734223,0.8523820545322482,1,0.9517346166734223,1,49,,,
34,2000,ordinal_candidate_plus_cp_certification,0.9,0.8523820545322482,0.9517346166734223,,0,1.0,1,65,63,0.8768879316342328,0
34,2000,ordinal_pooled_candidate_uncertified,0.93,0.8771657361135927,0.962936499294259,0.8771657361135927,1,0.962936499294259,1,49,,,
34,2000,ordinal_candidate_plus_cp_certification,0.93,0.8771657361135927,0.962936499294259,0.8771657361135927,1,0.962936499294259,1,65,64,0.9021900138676313,1
34,2000,ordinal_pooled_candidate_uncertified,0.95,0.8804047778532113,0.9642291764583959,0.8804047778532113,1,0.9642291764583959,1,49,,,
34,2000,ordinal_candidate_plus_cp_certification,0.95,0.8804047778532113,0.9642291764583959,0.8804047778532113,1,0.9642291764583959,1,65,64,0.9021900138676313,1
34,2000,ordinal_pooled_candidate_uncertified,0.97,0.9635974125723605,0.9867221427358044,0.9635974125723605,1,0.9867221427358044,1,49,,,
34,2000,ordinal_candidate_plus_cp_certification,0.97,0.9635974125723605,0.9867221427358044,0.9635974125723605,1,0.9867221427358044,1,65,65,0.9316027658125521,1
35,2000,independent_mondrian_total_budget,,,,0.8150864807295282,1,0.9299518354885432,1,77,,,
35,2000,direct_pac_split_matched,,0.8854376872300007,0.9661642790266203,0.8854376872300007,1,0.9661642790266203,1,69,68,0.9076299351640345,1
35,2000,direct_pac_total_budget,,0.8977745117026896,0.9705455463502776,0.8977745117026896,1,0.9705455463502776,1,77,76,0.9168771372741296,1
35,2000,ordinal_pooled_candidate_uncertified,0.9,0.8753045748712667,0.9621766124454607,0.8753045748712667,1,0.9621766124454607,1,44,,,
35,2000,ordinal_candidate_plus_cp_certification,0.9,0.8753045748712667,0.9621766124454607,,0,1.0,1,69,67,0.8836939281310743,0
35,2000,ordinal_pooled_candidate_uncertified,0.93,0.8865548739737565,0.9665819339016622,0.8865548739737565,1,0.9665819339016622,1,44,,,
35,2000,ordinal_candidate_plus_cp_certification,0.93,0.8865548739737565,0.9665819339016622,0.8865548739737565,1,0.9665819339016622,1,69,68,0.9076299351640345,1
35,2000,ordinal_pooled_candidate_uncertified,0.95,0.8977745117026896,0.9705455463502776,0.8977745117026896,1,0.9705455463502776,1,44,,,
35,2000,ordinal_candidate_plus_cp_certification,0.95,0.8977745117026896,0.9705455463502776,0.8977745117026896,1,0.9705455463502776,1,69,68,0.9076299351640345,1
35,2000,ordinal_pooled_candidate_uncertified,0.97,0.9227225720543788,0.9779749024140298,0.9227225720543788,1,0.9779749024140298,1,44,,,
35,2000,ordinal_candidate_plus_cp_certification,0.97,0.9227225720543788,0.9779749024140298,0.9227225720543788,1,0.9779749024140298,1,69,68,0.9076299351640345,1
36,2000,independent_mondrian_total_budget,,,,0.7312828546296039,1,0.8546105060755276,0,74,,,
36,2000,direct_pac_split_matched,,0.8386542072265426,0.9444502993281314,0.8386542072265426,1,0.9444502993281314,1,72,71,0.9113289331864234,1
36,2000,direct_pac_total_budget,,0.8386542072265426,0.9444502993281314,0.8386542072265426,1,0.9444502993281314,1,74,73,0.9136347270310128,1
36,2000,ordinal_pooled_candidate_uncertified,0.9,0.7991321576470607,0.9185916662041602,0.7991321576470607,1,0.9185916662041602,1,45,,,
36,2000,ordinal_candidate_plus_cp_certification,0.9,0.7991321576470607,0.9185916662041602,,0,1.0,1,72,69,0.8671547090989726,0
36,2000,ordinal_pooled_candidate_uncertified,0.93,0.8035643976743099,0.9218786285834661,0.8035643976743099,1,0.9218786285834661,1,45,,,
36,2000,ordinal_candidate_plus_cp_certification,0.93,0.8035643976743099,0.9218786285834661,,0,1.0,1,72,69,0.8671547090989726,0
36,2000,ordinal_pooled_candidate_uncertified,0.95,0.8108803986027024,0.927082556137204,0.8108803986027024,1,0.927082556137204,1,45,,,
36,2000,ordinal_candidate_plus_cp_certification,0.95,0.8108803986027024,0.927082556137204,,0,1.0,1,72,69,0.8671547090989726,0
36,2000,ordinal_pooled_candidate_uncertified,0.97,0.8847957809233453,0.9659223692422144,0.8847957809233453,1,0.9659223692422144,1,45,,,
36,2000,ordinal_candidate_plus_cp_certification,0.97,0.8847957809233453,0.9659223692422144,0.8847957809233453,1,0.9659223692422144,1,72,72,0.9380418666398143,1
37,2000,independent_mondrian_total_budget,,,,0.7811117802650067,1,0.9041486978123351,1,76,,,
37,2000,direct_pac_split_matched,,0.8126151540446241,0.9282766764810689,0.8126151540446241,1,0.9282766764810689,1,69,68,0.9076299351640345,1
37,2000,direct_pac_total_budget,,0.8929052285396532,0.968876073079906,0.8929052285396532,1,0.968876073079906,1,76,75,0.9158237112928649,1
37,2000,ordinal_pooled_candidate_uncertified,0.9,0.7822655665574905,0.9051264855268165,0.7822655665574905,1,0.9051264855268165,1,47,,,
37,2000,ordinal_candidate_plus_cp_certification,0.9,0.7822655665574905,0.9051264855268165,,0,1.0,1,69,65,0.8408712845534474,0
37,2000,ordinal_pooled_candidate_uncertified,0.93,0.8765027782714108,0.9626672660207249,0.8765027782714108,1,0.9626672660207249,1,47,,,
37,2000,ordinal_candidate_plus_cp_certification,0.93,0.8765027782714108,0.9626672660207249,0.8765027782714108,1,0.9626672660207249,1,69,68,0.9076299351640345,1
37,2000,ordinal_pooled_candidate_uncertified,0.95,0.96695502706408,0.987283942487432,0.96695502706408,1,0.987283942487432,1,47,,,
37,2000,ordinal_candidate_plus_cp_certification,0.95,0.96695502706408,0.987283942487432,0.96695502706408,1,0.987283942487432,1,69,69,0.9354368899026166,1
37,2000,ordinal_pooled_candidate_uncertified,0.97,1.0704300042291652,0.9970397304161123,1.0704300042291652,1,0.9970397304161123,1,47,,,
37,2000,ordinal_candidate_plus_cp_certification,0.97,1.0704300042291652,0.9970397304161123,1.0704300042291652,1,0.9970397304161123,1,69,69,0.9354368899026166,1
38,2000,independent_mondrian_total_budget,,,,0.8161049379197618,1,0.9306333616029643,1,54,,,
38,2000,direct_pac_split_matched,,1.152182271701033,0.99921361823671,1.152182271701033,1,0.99921361823671,1,52,52,0.9152473108773889,1
38,2000,direct_pac_total_budget,,1.152182271701033,0.99921361823671,1.152182271701033,1,0.99921361823671,1,54,54,0.9182542835656284,1
38,2000,ordinal_pooled_candidate_uncertified,0.9,0.7614932213832368,0.8863736549207908,0.7614932213832368,1,0.8863736549207908,0,46,,,
38,2000,ordinal_candidate_plus_cp_certification,0.9,0.7614932213832368,0.8863736549207908,,0,1.0,1,52,43,0.6720604333764444,0
38,2000,ordinal_pooled_candidate_uncertified,0.93,0.7621722215049906,0.8870256797178487,0.7621722215049906,1,0.8870256797178487,0,46,,,
38,2000,ordinal_candidate_plus_cp_certification,0.93,0.7621722215049906,0.8870256797178487,,0,1.0,1,52,43,0.6720604333764444,0
38,2000,ordinal_pooled_candidate_uncertified,0.95,0.9359999058350782,0.9812372119725283,0.9359999058350782,1,0.9812372119725283,1,46,,,
38,2000,ordinal_candidate_plus_cp_certification,0.95,0.9359999058350782,0.9812372119725283,,0,1.0,1,52,50,0.8479886478080727,0
38,2000,ordinal_pooled_candidate_uncertified,0.97,1.1495405479453304,0.9991772052722423,1.1495405479453304,1,0.9991772052722423,1,46,,,
38,2000,ordinal_candidate_plus_cp_certification,0.97,1.1495405479453304,0.9991772052722423,,0,1.0,1,52,51,0.8790446735151747,0
39,2000,independent_mondrian_total_budget,,,,0.7838514190568757,1,0.9064584118742384,1,80,,,
39,2000,direct_pac_split_matched,,0.9208376502949231,0.9774750506989907,0.9208376502949231,1,0.9774750506989907,1,71,70,0.9101292734639317,1
39,2000,direct_pac_total_budget,,0.9208376502949231,0.9774750506989907,0.9208376502949231,1,0.9774750506989907,1,80,79,0.9198850247505233,1
39,2000,ordinal_pooled_candidate_uncertified,0.9,0.7734175729969912,0.8974380629372023,0.7734175729969912,1,0.8974380629372023,0,54,,,
39,2000,ordinal_candidate_plus_cp_certification,0.9,0.7734175729969912,0.8974380629372023,,0,1.0,1,71,63,0.7708424251906292,0
39,2000,ordinal_pooled_candidate_uncertified,0.93,0.868755087058515,0.959400872250761,0.868755087058515,1,0.959400872250761,1,54,,,
39,2000,ordinal_candidate_plus_cp_certification,0.93,0.868755087058515,0.959400872250761,,0,1.0,1,71,68,0.8653767068100173,0
39,2000,ordinal_pooled_candidate_uncertified,0.95,0.8966295438941257,0.9701598241007483,0.8966295438941257,1,0.9701598241007483,1,54,,,
39,2000,ordinal_candidate_plus_cp_certification,0.95,0.8966295438941257,0.9701598241007483,,0,1.0,1,71,69,0.8868226164734663,0
39,2000,ordinal_pooled_candidate_uncertified,0.97,0.9905495345440839,0.9906823625656306,0.9905495345440839,1,0.9906823625656306,1,54,,,
39,2000,ordinal_candidate_plus_cp_certification,0.97,0.9905495345440839,0.9906823625656306,0.9905495345440839,1,0.9906823625656306,1,71,70,0.9101292734639317,1
40,2000,independent_mondrian_total_budget,,,,0.749163010381374,1,0.8740641570948597,0,70,,,
40,2000,direct_pac_split_matched,,0.9171172142644706,0.9764603478407021,0.9171172142644706,1,0.9764603478407021,1,66,65,0.9036091448472583,1
40,2000,direct_pac_total_budget,,0.9171172142644706,0.9764603478407021,0.9171172142644706,1,0.9764603478407021,1,70,69,0.9088967307021709,1
40,2000,ordinal_pooled_candidate_uncertified,0.9,0.7885201469638572,0.9102993538468175,0.7885201469638572,1,0.9102993538468175,1,50,,,
40,2000,ordinal_candidate_plus_cp_certification,0.9,0.7885201469638572,0.9102993538468175,,0,1.0,1,66,61,0.8133061966886679,0
40,2000,ordinal_pooled_candidate_uncertified,0.93,0.8289675538411441,0.9388072454750572,0.8289675538411441,1,0.9388072454750572,1,50,,,
40,2000,ordinal_candidate_plus_cp_certification,0.93,0.8289675538411441,0.9388072454750572,,0,1.0,1,66,62,0.8340580339017631,0
40,2000,ordinal_pooled_candidate_uncertified,0.95,0.8842007234053372,0.9656968464771866,0.8842007234053372,1,0.9656968464771866,1,50,,,
40,2000,ordinal_candidate_plus_cp_certification,0.95,0.8842007234053372,0.9656968464771866,,0,1.0,1,66,63,0.8557228749749977,0
40,2000,ordinal_pooled_candidate_uncertified,0.97,0.9288477771431353,0.979535023299686,0.9288477771431353,1,0.979535023299686,1,50,,,
40,2000,ordinal_candidate_plus_cp_certification,0.97,0.9288477771431353,0.979535023299686,0.9288477771431353,1,0.979535023299686,1,66,65,0.9036091448472583,1
41,2000,independent_mondrian_total_budget,,,,0.8609424502892269,1,0.9558759481117283,1,74,,,
41,2000,direct_pac_split_matched,,0.9935144303667839,0.9910473857965614,0.9935144303667839,1,0.9910473857965614,1,64,63,0.9007285078606391,1
41,2000,direct_pac_total_budget,,1.003489028130753,0.9921850550863809,1.003489028130753,1,0.9921850550863809,1,74,73,0.9136347270310128,1
41,2000,ordinal_pooled_candidate_uncertified,0.9,0.7916456343198154,0.9128043529766623,0.7916456343198154,1,0.9128043529766623,1,46,,,
41,2000,ordinal_candidate_plus_cp_certification,0.9,0.7916456343198154,0.9128043529766623,,0,1.0,1,64,54,0.7098105810444504,0
41,2000,ordinal_pooled_candidate_uncertified,0.93,0.8332941542033393,0.9413807769293515,0.8332941542033393,1,0.9413807769293515,1,46,,,
41,2000,ordinal_candidate_plus_cp_certification,0.93,0.8332941542033393,0.9413807769293515,,0,1.0,1,64,58,0.7872372142248443,0
41,2000,ordinal_pooled_candidate_uncertified,0.95,0.8706600156939477,0.9602247439702102,0.8706600156939477,1,0.9602247439702102,1,46,,,
41,2000,ordinal_candidate_plus_cp_certification,0.95,0.8706600156939477,0.9602247439702102,,0,1.0,1,64,59,0.8078470394299397,0
41,2000,ordinal_pooled_candidate_uncertified,0.97,1.003489028130753,0.9921850550863809,1.003489028130753,1,0.9921850550863809,1,46,,,
41,2000,ordinal_candidate_plus_cp_certification,0.97,1.003489028130753,0.9921850550863809,1.003489028130753,1,0.9921850550863809,1,64,63,0.9007285078606391,1
42,2000,independent_mondrian_total_budget,,,,0.7725510050011448,1,0.8966613838145633,0,68,,,
42,2000,direct_pac_split_matched,,1.029622200627969,0.9945845998938704,1.029622200627969,1,0.9945845998938704,1,63,63,0.9295097898806493,1
42,2000,direct_pac_total_budget,,0.9404590368556744,0.9822362869123702,0.9404590368556744,1,0.9822362869123702,1,68,67,0.9063274400304893,1
42,2000,ordinal_pooled_candidate_uncertified,0.9,0.7725510050011448,0.8966613838145633,0.7725510050011448,1,0.8966613838145633,0,38,,,
42,2000,ordinal_candidate_plus_cp_certification,0.9,0.7725510050011448,0.8966613838145633,,0,1.0,1,63,59,0.8266367320157637,0
42,2000,ordinal_pooled_candidate_uncertified,0.93,0.7844203541313342,0.9069328678677042,0.7844203541313342,1,0.9069328678677042,1,38,,,
42,2000,ordinal_candidate_plus_cp_certification,0.93,0.7844203541313342,0.9069328678677042,,0,1.0,1,63,59,0.8266367320157637,0
42,2000,ordinal_pooled_candidate_uncertified,0.95,0.8291819686038444,0.9389368284783783,0.8291819686038444,1,0.9389368284783783,1,38,,,
42,2000,ordinal_candidate_plus_cp_certification,0.95,0.8291819686038444,0.9389368284783783,,0,1.0,1,63,59,0.8266367320157637,0
42,2000,ordinal_pooled_candidate_uncertified,0.97,0.8291819686038444,0.9389368284783783,0.8291819686038444,1,0.9389368284783783,1,38,,,
42,2000,ordinal_candidate_plus_cp_certification,0.97,0.8291819686038444,0.9389368284783783,,0,1.0,1,63,59,0.8266367320157637,0
43,2000,independent_mondrian_total_budget,,,,0.7797991105861964,1,0.9030272723319244,1,88,,,
43,2000,direct_pac_split_matched,,0.8725906482078918,0.9610458118435586,0.8725906482078918,1,0.9610458118435586,1,80,79,0.9198850247505233,1
43,2000,direct_pac_total_budget,,0.8611096059594037,0.9559538687282463,0.8611096059594037,1,0.9559538687282463,1,88,86,0.9078888874014919,1
43,2000,ordinal_pooled_candidate_uncertified,0.9,0.7734658742335121,0.8974812287020638,0.7734658742335121,1,0.8974812287020638,0,45,,,
43,2000,ordinal_candidate_plus_cp_certification,0.9,0.7734658742335121,0.8974812287020638,,0,1.0,1,80,72,0.795053961225479,0
43,2000,ordinal_pooled_candidate_uncertified,0.93,0.8082889478245248,0.9252704606970648,0.8082889478245248,1,0.9252704606970648,1,45,,,
43,2000,ordinal_candidate_plus_cp_certification,0.93,0.8082889478245248,0.9252704606970648,,0,1.0,1,80,73,0.8110618656652304,0
43,2000,ordinal_pooled_candidate_uncertified,0.95,0.8417545907791188,0.9461670015679525,0.8417545907791188,1,0.9461670015679525,1,45,,,
43,2000,ordinal_candidate_plus_cp_certification,0.95,0.8417545907791188,0.9461670015679525,,0,1.0,1,80,74,0.8274478730285932,0
43,2000,ordinal_pooled_candidate_uncertified,0.97,0.8536834415172394,0.9523835326564112,0.8536834415172394,1,0.9523835326564112,1,45,,,
43,2000,ordinal_candidate_plus_cp_certification,0.97,0.8536834415172394,0.9523835326564112,,0,1.0,1,80,76,0.8616991783458163,0
44,2000,independent_mondrian_total_budget,,,,0.7836889134466454,1,0.9063225650216008,1,62,,,
44,2000,direct_pac_split_matched,,0.9863044694119267,0.9901370834423302,0.9863044694119267,1,0.9901370834423302,1,51,51,0.9136593726391775,1
44,2000,direct_pac_total_budget,,1.0545953685335925,0.996240927992698,1.0545953685335925,1,0.996240927992698,1,62,62,0.9284145445194745,1
44,2000,ordinal_pooled_candidate_uncertified,0.9,0.7608888010102499,0.8857909938339079,0.7608888010102499,1,0.8857909938339079,0,48,,,
44,2000,ordinal_candidate_plus_cp_certification,0.9,0.7608888010102499,0.8857909938339079,,0,1.0,1,51,48,0.8162067542727265,0
44,2000,ordinal_pooled_candidate_uncertified,0.93,0.7863103672359106,0.9084962496567839,0.7863103672359106,1,0.9084962496567839,1,48,,,
44,2000,ordinal_candidate_plus_cp_certification,0.93,0.7863103672359106,0.9084962496567839,,0,1.0,1,51,49,0.8451945064197468,0
44,2000,ordinal_pooled_candidate_uncertified,0.95,0.8491555560741401,0.9500952407352128,0.8491555560741401,1,0.9500952407352128,1,48,,,
44,2000,ordinal_candidate_plus_cp_certification,0.95,0.8491555560741401,0.9500952407352128,,0,1.0,1,51,50,0.8768027571248993,0
44,2000,ordinal_pooled_candidate_uncertified,0.97,1.0545953685335925,0.996240927992698,1.0545953685335925,1,0.996240927992698,1,48,,,
44,2000,ordinal_candidate_plus_cp_certification,0.97,1.0545953685335925,0.996240927992698,1.0545953685335925,1,0.996240927992698,1,51,51,0.9136593726391775,1
45,2000,independent_mondrian_total_budget,,,,0.8300303712367711,1,0.9394474639621445,1,74,,,
45,2000,direct_pac_split_matched,,0.9353058081772658,0.981077475965954,0.9353058081772658,1,0.981077475965954,1,69,68,0.9076299351640345,1
45,2000,direct_pac_total_budget,,0.9353058081772658,0.981077475965954,0.9353058081772658,1,0.981077475965954,1,74,73,0.9136347270310128,1
45,2000,ordinal_pooled_candidate_uncertified,0.9,0.8406344162194783,0.9455516662271635,0.8406344162194783,1,0.9455516662271635,1,52,,,
45,2000,ordinal_candidate_plus_cp_certification,0.9,0.8406344162194783,0.9455516662271635,,0,1.0,1,69,65,0.8408712845534474,0
45,2000,ordinal_pooled_candidate_uncertified,0.93,0.8884629497576948,0.9672854381804612,0.8884629497576948,1,0.9672854381804612,1,52,,,
45,2000,ordinal_candidate_plus_cp_certification,0.93,0.8884629497576948,0.9672854381804612,,0,1.0,1,69,66,0.8616742199933594,0
45,2000,ordinal_pooled_candidate_uncertified,0.95,0.932593516124877,0.9804421457807415,0.932593516124877,1,0.9804421457807415,1,52,,,
45,2000,ordinal_candidate_plus_cp_certification,0.95,0.932593516124877,0.9804421457807415,,0,1.0,1,69,67,0.8836939281310743,0
45,2000,ordinal_pooled_candidate_uncertified,0.97,0.937073066792552,0.9814819244759609,0.937073066792552,1,0.9814819244759609,1,52,,,
45,2000,ordinal_candidate_plus_cp_certification,0.97,0.937073066792552,0.9814819244759609,0.937073066792552,1,0.9814819244759609,1,69,68,0.9076299351640345,1
46,2000,independent_mondrian_total_budget,,,,0.7816894348464276,1,0.9046391595332754,1,61,,,
46,2000,direct_pac_split_matched,,0.9081342307408646,0.9738509112858849,0.9081342307408646,1,0.9738509112858849,1,56,56,0.9210553176894818,1
46,2000,direct_pac_total_budget,,0.9081342307408646,0.9738509112858849,0.9081342307408646,1,0.9738509112858849,1,61,61,0.9272847441516197,1
46,2000,ordinal_pooled_candidate_uncertified,0.9,0.7984851405556206,0.9181032371562965,0.7984851405556206,1,0.9181032371562965,1,48,,,
46,2000,ordinal_candidate_plus_cp_certification,0.9,0.7984851405556206,0.9181032371562965,,0,1.0,1,56,52,0.8064470664142056,0
46,2000,ordinal_pooled_candidate_uncertified,0.93,0.8426046648817521,0.9466302797494934,0.8426046648817521,1,0.9466302797494934,1,48,,,
46,2000,ordinal_candidate_plus_cp_certification,0.93,0.8426046648817521,0.9466302797494934,,0,1.0,1,56,54,0.8582261366181172,0
46,2000,ordinal_pooled_candidate_uncertified,0.95,0.8555445361803017,0.9532993752176337,0.8555445361803017,1,0.9532993752176337,1,48,,,
46,2000,ordinal_candidate_plus_cp_certification,0.95,0.8555445361803017,0.9532993752176337,,0,1.0,1,56,54,0.8582261366181172,0
46,2000,ordinal_pooled_candidate_uncertified,0.97,0.8938011054159136,0.9691889772895153,0.8938011054159136,1,0.9691889772895153,1,48,,,
46,2000,ordinal_candidate_plus_cp_certification,0.97,0.8938011054159136,0.9691889772895153,,0,1.0,1,56,54,0.8582261366181172,0
47,2000,independent_mondrian_total_budget,,,,0.7428173342732631,1,0.86737899695181,0,63,,,
47,2000,direct_pac_split_matched,,0.9250005660436658,0.9785664631937903,0.9250005660436658,1,0.9785664631937903,1,56,56,0.9210553176894818,1
47,2000,direct_pac_total_budget,,0.9250005660436658,0.9785664631937903,0.9250005660436658,1,0.9785664631937903,1,63,63,0.9295097898806493,1
47,2000,ordinal_pooled_candidate_uncertified,0.9,0.813119144156771,0.9286207711236572,0.813119144156771,1,0.9286207711236572,1,47,,,
47,2000,ordinal_candidate_plus_cp_certification,0.9,0.813119144156771,0.9286207711236572,,0,1.0,1,56,54,0.8582261366181172,0
47,2000,ordinal_pooled_candidate_uncertified,0.93,0.8293958018878599,0.9390658463492362,0.8293958018878599,1,0.9390658463492362,1,47,,,
47,2000,ordinal_candidate_plus_cp_certification,0.93,0.8293958018878599,0.9390658463492362,,0,1.0,1,56,54,0.8582261366181172,0
47,2000,ordinal_pooled_candidate_uncertified,0.95,0.8405209020305168,0.945489001307369,0.8405209020305168,1,0.945489001307369,1,47,,,
47,2000,ordinal_candidate_plus_cp_certification,0.95,0.8405209020305168,0.945489001307369,,0,1.0,1,56,54,0.8582261366181172,0
47,2000,ordinal_pooled_candidate_uncertified,0.97,0.8591605957875402,0.9550384009206379,0.8591605957875402,1,0.9550384009206379,1,47,,,
47,2000,ordinal_candidate_plus_cp_certification,0.97,0.8591605957875402,0.9550384009206379,,0,1.0,1,56,55,0.8872526126572169,0
48,2000,independent_mondrian_total_budget,,,,0.8033271424368322,1,0.9217052691404486,1,66,,,
48,2000,direct_pac_split_matched,,0.9516410314740044,0.9845440576958007,0.9516410314740044,1,0.9845440576958007,1,64,63,0.9007285078606391,1
48,2000,direct_pac_total_budget,,0.9516410314740044,0.9845440576958007,0.9516410314740044,1,0.9845440576958007,1,66,65,0.9036091448472583,1
48,2000,ordinal_pooled_candidate_uncertified,0.9,0.8050263752316715,0.9229404580450364,0.8050263752316715,1,0.9229404580450364,1,50,,,
48,2000,ordinal_candidate_plus_cp_certification,0.9,0.8050263752316715,0.9229404580450364,,0,1.0,1,64,59,0.8078470394299397,0
48,2000,ordinal_pooled_candidate_uncertified,0.93,0.9001213091997635,0.971323216267344,0.9001213091997635,1,0.971323216267344,1,50,,,
48,2000,ordinal_candidate_plus_cp_certification,0.93,0.9001213091997635,0.971323216267344,,0,1.0,1,64,61,0.8514629358313761,0
48,2000,ordinal_pooled_candidate_uncertified,0.95,0.9031439038873696,0.9722995967440865,0.9031439038873696,1,0.9722995967440865,1,50,,,
48,2000,ordinal_candidate_plus_cp_certification,0.95,0.9031439038873696,0.9722995967440865,,0,1.0,1,64,61,0.8514629358313761,0
48,2000,ordinal_pooled_candidate_uncertified,0.97,0.9461316673714064,0.9834413501058974,0.9461316673714064,1,0.9834413501058974,1,50,,,
48,2000,ordinal_candidate_plus_cp_certification,0.97,0.9461316673714064,0.9834413501058974,,0,1.0,1,64,62,0.8750602886704901,0
49,2000,independent_mondrian_total_budget,,,,0.7796136008771675,1,0.9028680161306502,1,60,,,
49,2000,direct_pac_split_matched,,0.9887910155172894,0.9904597653114855,0.9887910155172894,1,0.9904597653114855,1,57,57,0.9223851039358479,1
49,2000,direct_pac_total_budget,,0.9887910155172894,0.9904597653114855,0.9887910155172894,1,0.9904597653114855,1,60,60,0.9261187281287935,1
49,2000,ordinal_pooled_candidate_uncertified,0.9,0.7711665614488915,0.8954117028919362,0.7711665614488915,1,0.8954117028919362,0,48,,,
49,2000,ordinal_candidate_plus_cp_certification,0.9,0.7711665614488915,0.8954117028919362,,0,1.0,1,57,51,0.7631123992378168,0
49,2000,ordinal_pooled_candidate_uncertified,0.93,0.8022241084289221,0.9208954630559607,0.8022241084289221,1,0.9208954630559607,1,48,,,
49,2000,ordinal_candidate_plus_cp_certification,0.93,0.8022241084289221,0.9208954630559607,,0,1.0,1,57,52,0.7859496243479251,0
49,2000,ordinal_pooled_candidate_uncertified,0.95,0.8315127480530519,0.9403316501179257,0.8315127480530519,1,0.9403316501179257,1,48,,,
49,2000,ordinal_candidate_plus_cp_certification,0.95,0.8315127480530519,0.9403316501179257,,0,1.0,1,57,55,0.8605739764146203,0
49,2000,ordinal_pooled_candidate_uncertified,0.97,1.0051523628267764,0.9923618537189669,1.0051523628267764,1,0.9923618537189669,1,48,,,
49,2000,ordinal_candidate_plus_cp_certification,0.97,1.0051523628267764,0.9923618537189669,1.0051523628267764,1,0.9923618537189669,1,57,57,0.9223851039358479,1
50,2000,independent_mondrian_total_budget,,,,0.7201862622156376,1,0.8415699911494166,0,66,,,
50,2000,direct_pac_split_matched,,0.918380553938436,0.9768091364851585,0.918380553938436,1,0.9768091364851585,1,59,59,0.9249147277217333,1
50,2000,direct_pac_total_budget,,0.9124896837597833,0.9751448498322722,0.9124896837597833,1,0.9751448498322722,1,66,65,0.9036091448472583,1
50,2000,ordinal_pooled_candidate_uncertified,0.9,0.8269714945234874,0.9375905791262928,0.8269714945234874,1,0.9375905791262928,1,58,,,
50,2000,ordinal_candidate_plus_cp_certification,0.9,0.8269714945234874,0.9375905791262928,,0,1.0,1,59,56,0.839627329558112,0
50,2000,ordinal_pooled_candidate_uncertified,0.93,0.8369144026160796,0.943468196050095,0.8369144026160796,1,0.943468196050095,1,58,,,
50,2000,ordinal_candidate_plus_cp_certification,0.93,0.8369144026160796,0.943468196050095,,0,1.0,1,59,56,0.839627329558112,0
50,2000,ordinal_pooled_candidate_uncertified,0.95,0.892390816444376,0.9686952185712936,0.892390816444376,1,0.9686952185712936,1,58,,,
50,2000,ordinal_candidate_plus_cp_certification,0.95,0.892390816444376,0.9686952185712936,,0,1.0,1,59,56,0.839627329558112,0
50,2000,ordinal_pooled_candidate_uncertified,0.97,0.9607886345506926,0.9862358295862681,0.9607886345506926,1,0.9862358295862681,1,58,,,
50,2000,ordinal_candidate_plus_cp_certification,0.97,0.9607886345506926,0.9862358295862681,0.9607886345506926,1,0.9862358295862681,1,59,59,0.9249147277217333,1
51,2000,independent_mondrian_total_budget,,,,0.7972931726706316,1,0.9171976514989926,1,64,,,
51,2000,direct_pac_split_matched,,0.957440725131878,0.985636168832324,0.957440725131878,1,0.985636168832324,1,58,58,0.9236708571873862,1
51,2000,direct_pac_total_budget,,0.9363448466000992,0.9813161670786954,0.9363448466000992,1,0.9813161670786954,1,64,63,0.9007285078606391,1
51,2000,ordinal_pooled_candidate_uncertified,0.9,0.7636598561414081,0.888444868342118,0.7636598561414081,1,0.888444868342118,0,53,,,
51,2000,ordinal_candidate_plus_cp_certification,0.9,0.7636598561414081,0.888444868342118,,0,1.0,1,58,52,0.7668869248523553,0
51,2000,ordinal_pooled_candidate_uncertified,0.93,0.8752609629176357,0.9621586549502419,0.8752609629176357,1,0.9621586549502419,1,53,,,
51,2000,ordinal_candidate_plus_cp_certification,0.93,0.8752609629176357,0.9621586549502419,,0,1.0,1,58,55,0.837030715047214,0
51,2000,ordinal_pooled_candidate_uncertified,0.95,0.8879231940472044,0.9670876809783961,0.8879231940472044,1,0.9670876809783961,1,53,,,
51,2000,ordinal_candidate_plus_cp_certification,0.95,0.8879231940472044,0.9670876809783961,,0,1.0,1,58,55,0.837030715047214,0
51,2000,ordinal_pooled_candidate_uncertified,0.97,1.0644853232374156,0.9967597787846383,1.0644853232374156,1,0.9967597787846383,1,53,,,
51,2000,ordinal_candidate_plus_cp_certification,0.97,1.0644853232374156,0.9967597787846383,1.0644853232374156,1,0.9967597787846383,1,58,58,0.9236708571873862,1
52,2000,independent_mondrian_total_budget,,,,0.8043124016568814,1,0.92242327978266,1,68,,,
52,2000,direct_pac_split_matched,,1.001780842310302,0.9919997515544542,1.001780842310302,1,0.9919997515544542,1,64,63,0.9007285078606391,1
52,2000,direct_pac_total_budget,,1.001780842310302,0.9919997515544542,1.001780842310302,1,0.9919997515544542,1,68,67,0.9063274400304893,1
52,2000,ordinal_pooled_candidate_uncertified,0.9,0.7878296003643243,0.9097387518520476,0.7878296003643243,1,0.9097387518520476,1,40,,,
52,2000,ordinal_candidate_plus_cp_certification,0.9,0.7878296003643243,0.9097387518520476,,0,1.0,1,64,58,0.7872372142248443,0
52,2000,ordinal_pooled_candidate_uncertified,0.93,0.9832965504803789,0.9897340374566148,0.9832965504803789,1,0.9897340374566148,1,40,,,
52,2000,ordinal_candidate_plus_cp_certification,0.93,0.9832965504803789,0.9897340374566148,,0,1.0,1,64,62,0.8750602886704901,0
52,2000,ordinal_pooled_candidate_uncertified,0.95,0.9832965504803789,0.9897340374566148,0.9832965504803789,1,0.9897340374566148,1,40,,,
52,2000,ordinal_candidate_plus_cp_certification,0.95,0.9832965504803789,0.9897340374566148,,0,1.0,1,64,62,0.8750602886704901,0
52,2000,ordinal_pooled_candidate_uncertified,0.97,1.0960623363538888,0.9980135889547352,1.0960623363538888,1,0.9980135889547352,1,40,,,
52,2000,ordinal_candidate_plus_cp_certification,0.97,1.0960623363538888,0.9980135889547352,1.0960623363538888,1,0.9980135889547352,1,64,63,0.9007285078606391,1
53,2000,independent_mondrian_total_budget,,,,0.7788515290187736,1,0.9022117793892672,1,68,,,
53,2000,direct_pac_split_matched,,0.8534457326451131,0.9522655273597139,0.8534457326451131,1,0.9522655273597139,1,65,64,0.9021900138676313,1
53,2000,direct_pac_total_budget,,0.8534457326451131,0.9522655273597139,0.8534457326451131,1,0.9522655273597139,1,68,67,0.9063274400304893,1
53,2000,ordinal_pooled_candidate_uncertified,0.9,0.7612540408239414,0.8861433388056452,0.7612540408239414,1,0.8861433388056452,0,52,,,
53,2000,ordinal_candidate_plus_cp_certification,0.9,0.7612540408239414,0.8861433388056452,,0,1.0,1,65,58,0.7705389565248311,0
53,2000,ordinal_pooled_candidate_uncertified,0.93,0.7811333327137477,0.9041670303308602,0.7811333327137477,1,0.9041670303308602,1,52,,,
53,2000,ordinal_candidate_plus_cp_certification,0.93,0.7811333327137477,0.9041670303308602,,0,1.0,1,65,60,0.8106158373692092,0
53,2000,ordinal_pooled_candidate_uncertified,0.95,0.8556081400378656,0.9533304230819886,0.8556081400378656,1,0.9533304230819886,1,52,,,
53,2000,ordinal_candidate_plus_cp_certification,0.95,0.8556081400378656,0.9533304230819886,0.8556081400378656,1,0.9533304230819886,1,65,64,0.9021900138676313,1
53,2000,ordinal_pooled_candidate_uncertified,0.97,0.8852909512270533,0.966109104800094,0.8852909512270533,1,0.966109104800094,1,52,,,
53,2000,ordinal_candidate_plus_cp_certification,0.97,0.8852909512270533,0.966109104800094,0.8852909512270533,1,0.966109104800094,1,65,65,0.9316027658125521,1
54,2000,independent_mondrian_total_budget,,,,0.8619972060051833,1,0.9563657718088427,1,70,,,
54,2000,direct_pac_split_matched,,1.0140995964490747,0.9932537459943909,1.0140995964490747,1,0.9932537459943909,1,63,63,0.9295097898806493,1
54,2000,direct_pac_total_budget,,0.9895713043294814,0.9905591034278641,0.9895713043294814,1,0.9905591034278641,1,70,69,0.9088967307021709,1
54,2000,ordinal_pooled_candidate_uncertified,0.9,0.7543968930157186,0.8793983533711697,0.7543968930157186,1,0.8793983533711697,0,53,,,
54,2000,ordinal_candidate_plus_cp_certification,0.9,0.7543968930157186,0.8793983533711697,,0,1.0,1,63,52,0.686919343998126,0
54,2000,ordinal_pooled_candidate_uncertified,0.93,0.8166845200544997,0.9310189167523761,0.8166845200544997,1,0.9310189167523761,1,53,,,
54,2000,ordinal_candidate_plus_cp_certification,0.93,0.8166845200544997,0.9310189167523761,,0,1.0,1,63,54,0.7246023571625173,0
54,2000,ordinal_pooled_candidate_uncertified,0.95,0.8177555893909129,0.9317270743185175,0.8177555893909129,1,0.9317270743185175,1,53,,,
54,2000,ordinal_candidate_plus_cp_certification,0.95,0.8177555893909129,0.9317270743185175,,0,1.0,1,63,54,0.7246023571625173,0
54,2000,ordinal_pooled_candidate_uncertified,0.97,0.8184043083714324,0.932153250927168,0.8184043083714324,1,0.932153250927168,1,53,,,
54,2000,ordinal_candidate_plus_cp_certification,0.97,0.8184043083714324,0.932153250927168,,0,1.0,1,63,54,0.7246023571625173,0
55,2000,independent_mondrian_total_budget,,,,0.8598466229647064,1,0.9553623653700426,1,70,,,
55,2000,direct_pac_split_matched,,0.9430277174511041,0.9827909313608179,0.9430277174511041,1,0.9827909313608179,1,67,66,0.9049877159059427,1
55,2000,direct_pac_total_budget,,0.9430277174511041,0.9827909313608179,0.9430277174511041,1,0.9827909313608179,1,70,69,0.9088967307021709,1
55,2000,ordinal_pooled_candidate_uncertified,0.9,0.8297494178744149,0.9392787353894005,0.8297494178744149,1,0.9392787353894005,1,42,,,
55,2000,ordinal_candidate_plus_cp_certification,0.9,0.8297494178744149,0.9392787353894005,,0,1.0,1,67,60,0.7769145957971251,0
55,2000,ordinal_pooled_candidate_uncertified,0.93,0.8397652388909729,0.9450703864998811,0.8397652388909729,1,0.9450703864998811,1,42,,,
55,2000,ordinal_candidate_plus_cp_certification,0.93,0.8397652388909729,0.9450703864998811,,0,1.0,1,67,60,0.7769145957971251,0
55,2000,ordinal_pooled_candidate_uncertified,0.95,0.8417171748470369,0.9461465374858242,0.8417171748470369,1,0.9461465374858242,1,42,,,
55,2000,ordinal_candidate_plus_cp_certification,0.95,0.8417171748470369,0.9461465374858242,,0,1.0,1,67,60,0.7769145957971251,0
55,2000,ordinal_pooled_candidate_uncertified,0.97,0.845813630195459,0.948350703712453,0.845813630195459,1,0.948350703712453,1,42,,,
55,2000,ordinal_candidate_plus_cp_certification,0.97,0.845813630195459,0.948350703712453,,0,1.0,1,67,60,0.7769145957971251,0
56,2000,independent_mondrian_total_budget,,,,0.7386028920015585,1,0.8628062745169554,0,72,,,
56,2000,direct_pac_split_matched,,1.0366304536502673,0.9951048948354644,1.0366304536502673,1,0.9951048948354644,1,63,63,0.9295097898806493,1
56,2000,direct_pac_total_budget,,0.9082178174677396,0.9738762637598173,0.9082178174677396,1,0.9738762637598173,1,72,71,0.9113289331864234,1
56,2000,ordinal_pooled_candidate_uncertified,0.9,0.831900051563129,0.9405609882000354,0.831900051563129,1,0.9405609882000354,1,42,,,
56,2000,ordinal_candidate_plus_cp_certification,0.9,0.831900051563129,0.9405609882000354,,0,1.0,1,63,60,0.8492373969855815,0
56,2000,ordinal_pooled_candidate_uncertified,0.93,0.8577639800736769,0.9543730255132177,0.8577639800736769,1,0.9543730255132177,1,42,,,
56,2000,ordinal_candidate_plus_cp_certification,0.93,0.8577639800736769,0.9543730255132177,,0,1.0,1,63,60,0.8492373969855815,0
56,2000,ordinal_pooled_candidate_uncertified,0.95,0.8840858304717922,0.9656531618606249,0.8840858304717922,1,0.9656531618606249,1,42,,,
56,2000,ordinal_candidate_plus_cp_certification,0.95,0.8840858304717922,0.9656531618606249,,0,1.0,1,63,60,0.8492373969855815,0
56,2000,ordinal_pooled_candidate_uncertified,0.97,0.9534088377257406,0.9848842575535561,0.9534088377257406,1,0.9848842575535561,1,42,,,
56,2000,ordinal_candidate_plus_cp_certification,0.97,0.9534088377257406,0.9848842575535561,,0,1.0,1,63,62,0.8992227018833021,0
57,2000,independent_mondrian_total_budget,,,,0.890376633395895,1,0.9679786991928195,1,57,,,
57,2000,direct_pac_split_matched,,1.058079692585613,0.9964316625459015,1.058079692585613,1,0.9964316625459015,1,51,51,0.9136593726391775,1
57,2000,direct_pac_total_budget,,1.058079692585613,0.9964316625459015,1.058079692585613,1,0.9964316625459015,1,57,57,0.9223851039358479,1
57,2000,ordinal_pooled_candidate_uncertified,0.9,0.8043091478281934,0.9224209168014837,0.8043091478281934,1,0.9224209168014837,1,44,,,
57,2000,ordinal_candidate_plus_cp_certification,0.9,0.8043091478281934,0.9224209168014837,,0,1.0,1,51,45,0.7376389795891973,0
57,2000,ordinal_pooled_candidate_uncertified,0.93,0.8582815350363024,0.954620516290273,0.8582815350363024,1,0.954620516290273,1,44,,,
57,2000,ordinal_candidate_plus_cp_certification,0.93,0.8582815350363024,0.954620516290273,,0,1.0,1,51,46,0.7627990591230924,0
57,2000,ordinal_pooled_candidate_uncertified,0.95,0.8759789070652787,0.9624533889017246,0.8759789070652787,1,0.9624533889017246,1,44,,,
57,2000,ordinal_candidate_plus_cp_certification,0.95,0.8759789070652787,0.9624533889017246,,0,1.0,1,51,46,0.7627990591230924,0
57,2000,ordinal_pooled_candidate_uncertified,0.97,0.9107116962225118,0.9746232725987349,0.9107116962225118,1,0.9746232725987349,1,44,,,
57,2000,ordinal_candidate_plus_cp_certification,0.97,0.9107116962225118,0.9746232725987349,,0,1.0,1,51,49,0.8451945064197468,0
58,2000,independent_mondrian_total_budget,,,,0.7623250214510624,1,0.8871720403972004,0,63,,,
58,2000,direct_pac_split_matched,,0.9269100741608258,0.9790519323049325,0.9269100741608258,1,0.9790519323049325,1,55,55,0.9196791985117059,1
58,2000,direct_pac_total_budget,,0.9269100741608258,0.9790519323049325,0.9269100741608258,1,0.9790519323049325,1,63,63,0.9295097898806493,1
58,2000,ordinal_pooled_candidate_uncertified,0.9,0.7905694060618262,0.9119477477645839,0.7905694060618262,1,0.9119477477645839,1,51,,,
58,2000,ordinal_candidate_plus_cp_certification,0.9,0.7905694060618262,0.9119477477645839,,0,1.0,1,55,52,0.8287119261026799,0
58,2000,ordinal_pooled_candidate_uncertified,0.93,0.8351476729517061,0.9424569439906002,0.8351476729517061,1,0.9424569439906002,1,51,,,
58,2000,ordinal_candidate_plus_cp_certification,0.93,0.8351476729517061,0.9424569439906002,,0,1.0,1,55,54,0.8853067400621168,0
58,2000,ordinal_pooled_candidate_uncertified,0.95,0.8656914958061475,0.958046880972071,0.8656914958061475,1,0.958046880972071,1,51,,,
58,2000,ordinal_candidate_plus_cp_certification,0.95,0.8656914958061475,0.958046880972071,,0,1.0,1,55,54,0.8853067400621168,0
58,2000,ordinal_pooled_candidate_uncertified,0.97,1.060907384906622,0.9965800166331982,1.060907384906622,1,0.9965800166331982,1,51,,,
58,2000,ordinal_candidate_plus_cp_certification,0.97,1.060907384906622,0.9965800166331982,1.060907384906622,1,0.9965800166331982,1,55,55,0.9196791985117059,1
59,2000,independent_mondrian_total_budget,,,,0.7584420409555828,1,0.8834105834677771,0,66,,,
59,2000,direct_pac_split_matched,,0.8295888084189897,0.9391821151635422,0.8295888084189897,1,0.9391821151635422,1,60,60,0.9261187281287935,1
59,2000,direct_pac_total_budget,,0.8255985787806783,0.9367428488529898,0.8255985787806783,1,0.9367428488529898,1,66,65,0.9036091448472583,1
59,2000,ordinal_pooled_candidate_uncertified,0.9,0.8216462008456915,0.9342522926257169,0.8216462008456915,1,0.9342522926257169,1,43,,,
59,2000,ordinal_candidate_plus_cp_certification,0.9,0.8216462008456915,0.9342522926257169,,0,1.0,1,60,58,0.8671736758155981,0
59,2000,ordinal_pooled_candidate_uncertified,0.93,0.8363758448943969,0.9431614277207874,0.8363758448943969,1,0.9431614277207874,1,43,,,
59,2000,ordinal_candidate_plus_cp_certification,0.93,0.8363758448943969,0.9431614277207874,0.8363758448943969,1,0.9431614277207874,1,60,60,0.9261187281287935,1
59,2000,ordinal_pooled_candidate_uncertified,0.95,0.9322010639414683,0.9803487337127327,0.9322010639414683,1,0.9803487337127327,1,43,,,
59,2000,ordinal_candidate_plus_cp_certification,0.95,0.9322010639414683,0.9803487337127327,0.9322010639414683,1,0.9803487337127327,1,60,60,0.9261187281287935,1
59,2000,ordinal_pooled_candidate_uncertified,0.97,0.9346017452182686,0.9809142662608634,0.9346017452182686,1,0.9809142662608634,1,43,,,
59,2000,ordinal_candidate_plus_cp_certification,0.97,0.9346017452182686,0.9809142662608634,0.9346017452182686,1,0.9809142662608634,1,60,60,0.9261187281287935,1
60,2000,independent_mondrian_total_budget,,,,0.8304616410534504,1,0.9397057522269353,1,63,,,
60,2000,direct_pac_split_matched,,0.8712596021775241,0.9604812316259983,0.8712596021775241,1,0.9604812316259983,1,54,54,0.9182542835656284,1
60,2000,direct_pac_total_budget,,0.8712596021775241,0.9604812316259983,0.8712596021775241,1,0.9604812316259983,1,63,63,0.9295097898806493,1
60,2000,ordinal_pooled_candidate_uncertified,0.9,0.8335563092977775,0.9415339385299195,0.8335563092977775,1,0.9415339385299195,1,48,,,
60,2000,ordinal_candidate_plus_cp_certification,0.9,0.8335563092977775,0.9415339385299195,,0,1.0,1,54,51,0.8257475010640751,0
60,2000,ordinal_pooled_candidate_uncertified,0.93,0.8423659225725632,0.9465004888510627,0.8423659225725632,1,0.9465004888510627,1,48,,,
60,2000,ordinal_candidate_plus_cp_certification,0.93,0.8423659225725632,0.9465004888510627,,0,1.0,1,54,52,0.8532854299985158,0
60,2000,ordinal_pooled_candidate_uncertified,0.95,0.8658263832502263,0.9581072559379451,0.8658263832502263,1,0.9581072559379451,1,48,,,
60,2000,ordinal_candidate_plus_cp_certification,0.95,0.8658263832502263,0.9581072559379451,,0,1.0,1,54,53,0.8832926043487499,0
60,2000,ordinal_pooled_candidate_uncertified,0.97,0.8711926723926708,0.9604526676604473,0.8711926723926708,1,0.9604526676604473,1,48,,,
60,2000,ordinal_candidate_plus_cp_certification,0.97,0.8711926723926708,0.9604526676604473,,0,1.0,1,54,53,0.8832926043487499,0
61,2000,independent_mondrian_total_budget,,,,0.8161401489945064,1,0.930656832307501,1,49,,,
61,2000,direct_pac_split_matched,,0.921937679260078,0.9777679105786368,0.921937679260078,1,0.9777679105786368,1,44,44,0.9006280202112784,1
61,2000,direct_pac_total_budget,,1.0058166139664886,0.9924314681628132,1.0058166139664886,1,0.9924314681628132,1,49,49,0.9102981779915218,1
61,2000,ordinal_pooled_candidate_uncertified,0.9,0.7195686349125289,0.8408222946439223,0.7195686349125289,1,0.8408222946439223,0,46,,,
61,2000,ordinal_candidate_plus_cp_certification,0.9,0.7195686349125289,0.8408222946439223,,0,1.0,1,44,38,0.7000664792380435,0
61,2000,ordinal_pooled_candidate_uncertified,0.93,0.735920652582021,0.8598405560850009,0.735920652582021,1,0.8598405560850009,0,46,,,
61,2000,ordinal_candidate_plus_cp_certification,0.93,0.735920652582021,0.8598405560850009,,0,1.0,1,44,39,0.7285943305891971,0
61,2000,ordinal_pooled_candidate_uncertified,0.95,0.7485918434073303,0.8734722379070563,0.7485918434073303,1,0.8734722379070563,0,46,,,
61,2000,ordinal_candidate_plus_cp_certification,0.95,0.7485918434073303,0.8734722379070563,,0,1.0,1,44,39,0.7285943305891971,0
61,2000,ordinal_pooled_candidate_uncertified,0.97,1.0058166139664886,0.9924314681628132,1.0058166139664886,1,0.9924314681628132,1,46,,,
61,2000,ordinal_candidate_plus_cp_certification,0.97,1.0058166139664886,0.9924314681628132,1.0058166139664886,1,0.9924314681628132,1,44,44,0.9006280202112784,1
62,2000,independent_mondrian_total_budget,,,,0.7381756495056477,1,0.8623367700775556,0,67,,,
62,2000,direct_pac_split_matched,,0.8791140015793592,0.9637185353011507,0.8791140015793592,1,0.9637185353011507,1,62,62,0.9284145445194745,1
62,2000,direct_pac_total_budget,,0.8260570223717816,0.9370269140793449,0.8260570223717816,1,0.9370269140793449,1,67,66,0.9049877159059427,1
62,2000,ordinal_pooled_candidate_uncertified,0.9,0.7474651862887018,0.8722989708930322,0.7474651862887018,1,0.8722989708930322,0,46,,,
62,2000,ordinal_candidate_plus_cp_certification,0.9,0.7474651862887018,0.8722989708930322,,0,1.0,1,62,57,0.8020600444444552,0
62,2000,ordinal_pooled_candidate_uncertified,0.93,0.7726901499670258,0.8967863822535111,0.7726901499670258,1,0.8967863822535111,0,46,,,
62,2000,ordinal_candidate_plus_cp_certification,0.93,0.7726901499670258,0.8967863822535111,,0,1.0,1,62,59,0.8469442839223809,0
62,2000,ordinal_pooled_candidate_uncertified,0.95,0.8040827910969843,0.9222563988351811,0.8040827910969843,1,0.9222563988351811,1,46,,,
62,2000,ordinal_candidate_plus_cp_certification,0.95,0.8040827910969843,0.9222563988351811,,0,1.0,1,62,60,0.871237462833643,0
62,2000,ordinal_pooled_candidate_uncertified,0.97,0.8090653771974194,0.9258169553046259,0.8090653771974194,1,0.9258169553046259,1,46,,,
62,2000,ordinal_candidate_plus_cp_certification,0.97,0.8090653771974194,0.9258169553046259,,0,1.0,1,62,60,0.871237462833643,0
63,2000,independent_mondrian_total_budget,,,,0.8036017079319248,1,0.9219058642075311,1,93,,,
63,2000,direct_pac_split_matched,,0.968922605391094,0.9876035071297113,0.968922605391094,1,0.9876035071297113,1,84,82,0.9036694212560201,1
63,2000,direct_pac_total_budget,,0.968922605391094,0.9876035071297113,0.968922605391094,1,0.9876035071297113,1,93,91,0.912670693245136,1
63,2000,ordinal_pooled_candidate_uncertified,0.9,0.8804437667891667,0.9642445086798945,0.8804437667891667,1,0.9642445086798945,1,53,,,
63,2000,ordinal_candidate_plus_cp_certification,0.9,0.8804437667891667,0.9642445086798945,,0,1.0,1,84,80,0.8679843309660542,0
63,2000,ordinal_pooled_candidate_uncertified,0.93,0.9145223049066613,0.9757300805071792,0.9145223049066613,1,0.9757300805071792,1,53,,,
63,2000,ordinal_candidate_plus_cp_certification,0.93,0.9145223049066613,0.9757300805071792,,0,1.0,1,84,80,0.8679843309660542,0
63,2000,ordinal_pooled_candidate_uncertified,0.95,0.9316951154730699,0.9802277483330567,0.9316951154730699,1,0.9802277483330567,1,53,,,
63,2000,ordinal_candidate_plus_cp_certification,0.95,0.9316951154730699,0.9802277483330567,,0,1.0,1,84,80,0.8679843309660542,0
63,2000,ordinal_pooled_candidate_uncertified,0.97,1.0253125610857308,0.9942407604388465,1.0253125610857308,1,0.9942407604388465,1,53,,,
63,2000,ordinal_candidate_plus_cp_certification,0.97,1.0253125610857308,0.9942407604388465,1.0253125610857308,1,0.9942407604388465,1,84,83,0.9235726616252826,1
64,2000,independent_mondrian_total_budget,,,,0.737232709878586,1,0.8612966796523731,0,58,,,
64,2000,direct_pac_split_matched,,0.9344688875804947,0.9808833345006298,0.9344688875804947,1,0.9808833345006298,1,53,53,0.9167779324426062,1
64,2000,direct_pac_total_budget,,0.9344688875804947,0.9808833345006298,0.9344688875804947,1,0.9808833345006298,1,58,58,0.9236708571873862,1
64,2000,ordinal_pooled_candidate_uncertified,0.9,0.7775453222329807,0.9010794266026884,0.7775453222329807,1,0.9010794266026884,1,51,,,
64,2000,ordinal_candidate_plus_cp_certification,0.9,0.7775453222329807,0.9010794266026884,,0,1.0,1,53,50,0.822678942903575,0
64,2000,ordinal_pooled_candidate_uncertified,0.93,0.834864649371388,0.942293630975066,0.834864649371388,1,0.942293630975066,1,51,,,
64,2000,ordinal_candidate_plus_cp_certification,0.93,0.834864649371388,0.942293630975066,,0,1.0,1,53,50,0.822678942903575,0
64,2000,ordinal_pooled_candidate_uncertified,0.95,0.8702011575304553,0.9600275434592722,0.8702011575304553,1,0.9600275434592722,1,51,,,
64,2000,ordinal_candidate_plus_cp_certification,0.95,0.8702011575304553,0.9600275434592722,,0,1.0,1,53,51,0.8506839066072776,0
64,2000,ordinal_pooled_candidate_uncertified,0.97,0.9130754696071985,0.9753147103758142,0.9130754696071985,1,0.9753147103758142,1,51,,,
64,2000,ordinal_candidate_plus_cp_certification,0.97,0.9130754696071985,0.9753147103758142,,0,1.0,1,53,52,0.881206554188932,0
65,2000,independent_mondrian_total_budget,,,,0.7492471906962893,1,0.8741512323946758,0,62,,,
65,2000,direct_pac_split_matched,,1.0236400959532195,0.9941021919964761,1.0236400959532195,1,0.9941021919964761,1,57,57,0.9223851039358479,1
65,2000,direct_pac_total_budget,,1.0236400959532195,0.9941021919964761,1.0236400959532195,1,0.9941021919964761,1,62,62,0.9284145445194745,1
65,2000,ordinal_pooled_candidate_uncertified,0.9,0.8324366642222542,0.9408775956863805,0.8324366642222542,1,0.9408775956863805,1,49,,,
65,2000,ordinal_candidate_plus_cp_certification,0.9,0.8324366642222542,0.9408775956863805,,0,1.0,1,57,55,0.8605739764146203,0
65,2000,ordinal_pooled_candidate_uncertified,0.93,0.8523197685711209,0.9517033822332226,0.8523197685711209,1,0.9517033822332226,1,49,,,
65,2000,ordinal_candidate_plus_cp_certification,0.93,0.8523197685711209,0.9517033822332226,,0,1.0,1,57,55,0.8605739764146203,0
65,2000,ordinal_pooled_candidate_uncertified,0.95,0.8791932162783471,0.9637500441944697,0.8791932162783471,1,0.9637500441944697,1,49,,,
65,2000,ordinal_candidate_plus_cp_certification,0.95,0.8791932162783471,0.9637500441944697,,0,1.0,1,57,55,0.8605739764146203,0
65,2000,ordinal_pooled_candidate_uncertified,0.97,0.9409687845222908,0.9823475517968442,0.9409687845222908,1,0.9823475517968442,1,49,,,
65,2000,ordinal_candidate_plus_cp_certification,0.97,0.9409687845222908,0.9823475517968442,,0,1.0,1,57,55,0.8605739764146203,0
66,2000,independent_mondrian_total_budget,,,,0.8561819359408591,1,0.9536097702422143,1,50,,,
66,2000,direct_pac_split_matched,,0.9387490287927959,0.9818586554319011,0.9387490287927959,1,0.9818586554319011,1,47,47,0.9066649113412797,1
66,2000,direct_pac_total_budget,,0.9387490287927959,0.9818586554319011,0.9387490287927959,1,0.9818586554319011,1,50,50,0.9120108393559097,1
66,2000,ordinal_pooled_candidate_uncertified,0.9,0.8249674537689604,0.9363501541823318,0.8249674537689604,1,0.9363501541823318,1,40,,,
66,2000,ordinal_candidate_plus_cp_certification,0.9,0.8249674537689604,0.9363501541823318,,0,1.0,1,47,43,0.7723982523214272,0
66,2000,ordinal_pooled_candidate_uncertified,0.93,0.9466947690040497,0.9835570625026286,0.9466947690040497,1,0.9835570625026286,1,40,,,
66,2000,ordinal_candidate_plus_cp_certification,0.93,0.9466947690040497,0.9835570625026286,0.9466947690040497,1,0.9835570625026286,1,47,47,0.9066649113412797,1
66,2000,ordinal_pooled_candidate_uncertified,0.95,0.9466947690040497,0.9835570625026286,0.9466947690040497,1,0.9835570625026286,1,40,,,
66,2000,ordinal_candidate_plus_cp_certification,0.95,0.9466947690040497,0.9835570625026286,0.9466947690040497,1,0.9835570625026286,1,47,47,0.9066649113412797,1
66,2000,ordinal_pooled_candidate_uncertified,0.97,0.9820663282244548,0.9895650997682837,0.9820663282244548,1,0.9895650997682837,1,40,,,
66,2000,ordinal_candidate_plus_cp_certification,0.97,0.9820663282244548,0.9895650997682837,0.9820663282244548,1,0.9895650997682837,1,47,47,0.9066649113412797,1
67,2000,independent_mondrian_total_budget,,,,0.8075988606536284,1,0.9247821647427491,1,67,,,
67,2000,direct_pac_split_matched,,1.0753757801629846,0.9972558188329701,1.0753757801629846,1,0.9972558188329701,1,60,60,0.9261187281287935,1
67,2000,direct_pac_total_budget,,0.9963484726500655,0.9913845260362142,0.9963484726500655,1,0.9913845260362142,1,67,66,0.9049877159059427,1
67,2000,ordinal_pooled_candidate_uncertified,0.9,0.8234811893244265,0.935417888261934,0.8234811893244265,1,0.935417888261934,1,48,,,
67,2000,ordinal_candidate_plus_cp_certification,0.9,0.8234811893244265,0.935417888261934,,0,1.0,1,60,57,0.8421426677064086,0
67,2000,ordinal_pooled_candidate_uncertified,0.93,0.8349403965272573,0.9423373750117207,0.8349403965272573,1,0.9423373750117207,1,48,,,
67,2000,ordinal_candidate_plus_cp_certification,0.93,0.8349403965272573,0.9423373750117207,,0,1.0,1,60,57,0.8421426677064086,0
67,2000,ordinal_pooled_candidate_uncertified,0.95,0.8689163434279147,0.9594711472029694,0.8689163434279147,1,0.9594711472029694,1,48,,,
67,2000,ordinal_candidate_plus_cp_certification,0.95,0.8689163434279147,0.9594711472029694,,0,1.0,1,60,57,0.8421426677064086,0
67,2000,ordinal_pooled_candidate_uncertified,0.97,0.8707143172881975,0.9602480283877768,0.8707143172881975,1,0.9602480283877768,1,48,,,
67,2000,ordinal_candidate_plus_cp_certification,0.97,0.8707143172881975,0.9602480283877768,,0,1.0,1,60,57,0.8421426677064086,0
68,2000,independent_mondrian_total_budget,,,,0.8165502343873701,1,0.9309297333080229,1,81,,,
68,2000,direct_pac_split_matched,,0.9955416599605865,0.991289699645983,0.9955416599605865,1,0.991289699645983,1,74,73,0.9136347270310128,1
68,2000,direct_pac_total_budget,,0.9955416599605865,0.991289699645983,0.9955416599605865,1,0.991289699645983,1,81,79,0.9002423152124137,1
68,2000,ordinal_pooled_candidate_uncertified,0.9,0.730511685927302,0.8537282910006954,0.730511685927302,1,0.8537282910006954,0,55,,,
68,2000,ordinal_candidate_plus_cp_certification,0.9,0.730511685927302,0.8537282910006954,,0,1.0,1,74,64,0.7461885777099384,0
68,2000,ordinal_pooled_candidate_uncertified,0.93,0.8572464246960306,0.9541244505647156,0.8572464246960306,1,0.9541244505647156,1,55,,,
68,2000,ordinal_candidate_plus_cp_certification,0.93,0.8572464246960306,0.9541244505647156,,0,1.0,1,74,68,0.8142807353610115,0
68,2000,ordinal_pooled_candidate_uncertified,0.95,0.8842866276938962,0.9657294791806768,0.8842866276938962,1,0.9657294791806768,1,55,,,
68,2000,ordinal_candidate_plus_cp_certification,0.95,0.8842866276938962,0.9657294791806768,,0,1.0,1,74,71,0.870573628430636,0
68,2000,ordinal_pooled_candidate_uncertified,0.97,1.1290051218449908,0.9988366975096499,1.1290051218449908,1,0.9988366975096499,1,55,,,
68,2000,ordinal_candidate_plus_cp_certification,0.97,1.1290051218449908,0.9988366975096499,1.1290051218449908,1,0.9988366975096499,1,74,74,0.9396648314954694,1
69,2000,independent_mondrian_total_budget,,,,0.7666577146319445,1,0.8912659402040606,0,65,,,
69,2000,direct_pac_split_matched,,1.0528109372143557,0.9961397494663615,1.0528109372143557,1,0.9961397494663615,1,63,63,0.9295097898806493,1
69,2000,direct_pac_total_budget,,1.001459481056952,0.99196446185808,1.001459481056952,1,0.99196446185808,1,65,64,0.9021900138676313,1
69,2000,ordinal_pooled_candidate_uncertified,0.9,0.7733622357399321,0.8973885929956583,0.7733622357399321,1,0.8973885929956583,0,43,,,
69,2000,ordinal_candidate_plus_cp_certification,0.9,0.7733622357399321,0.8973885929956583,,0,1.0,1,63,58,0.8049963337578809,0
69,2000,ordinal_pooled_candidate_uncertified,0.93,0.8709695313415143,0.9603573152774361,0.8709695313415143,1,0.9603573152774361,1,43,,,
69,2000,ordinal_candidate_plus_cp_certification,0.93,0.8709695313415143,0.9603573152774361,,0,1.0,1,63,60,0.8492373969855815,0
69,2000,ordinal_pooled_candidate_uncertified,0.95,0.9058310195563528,0.9731441946875241,0.9058310195563528,1,0.9731441946875241,1,43,,,
69,2000,ordinal_candidate_plus_cp_certification,0.95,0.9058310195563528,0.9731441946875241,,0,1.0,1,63,60,0.8492373969855815,0
69,2000,ordinal_pooled_candidate_uncertified,0.97,0.9372556784094562,0.981523293593904,0.9372556784094562,1,0.981523293593904,1,43,,,
69,2000,ordinal_candidate_plus_cp_certification,0.97,0.9372556784094562,0.981523293593904,,0,1.0,1,63,60,0.8492373969855815,0
70,2000,independent_mondrian_total_budget,,,,0.7769695685562314,1,0.9005772699567072,1,75,,,
70,2000,direct_pac_split_matched,,0.9215504102935179,0.9776651768132176,0.9215504102935179,1,0.9776651768132176,1,69,68,0.9076299351640345,1
70,2000,direct_pac_total_budget,,0.9215504102935179,0.9776651768132176,0.9215504102935179,1,0.9776651768132176,1,75,74,0.9147432588438222,1
70,2000,ordinal_pooled_candidate_uncertified,0.9,0.7267367957819704,0.8493580373759716,0.7267367957819704,1,0.8493580373759716,0,55,,,
70,2000,ordinal_candidate_plus_cp_certification,0.9,0.7267367957819704,0.8493580373759716,,0,1.0,1,69,59,0.7292087061153789,0
70,2000,ordinal_pooled_candidate_uncertified,0.93,0.7548870904161243,0.8798896739564668,0.7548870904161243,1,0.8798896739564668,0,55,,,
70,2000,ordinal_candidate_plus_cp_certification,0.93,0.7548870904161243,0.8798896739564668,,0,1.0,1,69,61,0.7646677006528269,0
70,2000,ordinal_pooled_candidate_uncertified,0.95,0.7700500111343311,0.8943958916352288,0.7700500111343311,1,0.8943958916352288,0,55,,,
70,2000,ordinal_candidate_plus_cp_certification,0.95,0.7700500111343311,0.8943958916352288,,0,1.0,1,69,62,0.7829468133295581,0
70,2000,ordinal_pooled_candidate_uncertified,0.97,0.8146996442744228,0.9296916284567136,0.8146996442744228,1,0.9296916284567136,1,55,,,
70,2000,ordinal_candidate_plus_cp_certification,0.97,0.8146996442744228,0.9296916284567136,,0,1.0,1,69,63,0.8016737957358266,0
71,2000,independent_mondrian_total_budget,,,,0.8064687272984783,1,0.9239772497110366,1,66,,,
71,2000,direct_pac_split_matched,,1.031365463812179,0.9947184179995516,1.031365463812179,1,0.9947184179995516,1,63,63,0.9295097898806493,1
71,2000,direct_pac_total_budget,,0.9340440294669805,0.9807841333024498,0.9340440294669805,1,0.9807841333024498,1,66,65,0.9036091448472583,1
71,2000,ordinal_pooled_candidate_uncertified,0.9,0.812607486216558,0.9282714315323031,0.812607486216558,1,0.9282714315323031,1,46,,,
71,2000,ordinal_candidate_plus_cp_certification,0.9,0.812607486216558,0.9282714315323031,,0,1.0,1,63,58,0.8049963337578809,0
71,2000,ordinal_pooled_candidate_uncertified,0.93,0.8189220355031497,0.9324918957794962,0.8189220355031497,1,0.9324918957794962,1,46,,,
71,2000,ordinal_candidate_plus_cp_certification,0.93,0.8189220355031497,0.9324918957794962,,0,1.0,1,63,58,0.8049963337578809,0
71,2000,ordinal_pooled_candidate_uncertified,0.95,0.8266009451605716,0.9373626547403657,0.8266009451605716,1,0.9373626547403657,1,46,,,
71,2000,ordinal_candidate_plus_cp_certification,0.95,0.8266009451605716,0.9373626547403657,,0,1.0,1,63,58,0.8049963337578809,0
71,2000,ordinal_pooled_candidate_uncertified,0.97,0.9401512511438469,0.9821688158810278,0.9401512511438469,1,0.9821688158810278,1,46,,,
71,2000,ordinal_candidate_plus_cp_certification,0.97,0.9401512511438469,0.9821688158810278,,0,1.0,1,63,62,0.8992227018833021,0
72,2000,independent_mondrian_total_budget,,,,0.8145548781861874,1,0.9295940600858599,1,57,,,
72,2000,direct_pac_split_matched,,0.9634386272463356,0.9866950517865438,0.9634386272463356,1,0.9866950517865438,1,54,54,0.9182542835656284,1
72,2000,direct_pac_total_budget,,0.9634386272463356,0.9866950517865438,0.9634386272463356,1,0.9866950517865438,1,57,57,0.9223851039358479,1
72,2000,ordinal_pooled_candidate_uncertified,0.9,0.8189418877666232,0.9325048550763997,0.8189418877666232,1,0.9325048550763997,1,50,,,
72,2000,ordinal_candidate_plus_cp_certification,0.9,0.8189418877666232,0.9325048550763997,,0,1.0,1,54,53,0.8832926043487499,0
72,2000,ordinal_pooled_candidate_uncertified,0.93,0.8622004228640067,0.9564596387402045,0.8622004228640067,1,0.9564596387402045,1,50,,,
72,2000,ordinal_candidate_plus_cp_certification,0.93,0.8622004228640067,0.9564596387402045,,0,1.0,1,54,53,0.8832926043487499,0
72,2000,ordinal_pooled_candidate_uncertified,0.95,0.9364433822706784,0.9813386693736441,0.9364433822706784,1,0.9813386693736441,1,50,,,
72,2000,ordinal_candidate_plus_cp_certification,0.95,0.9364433822706784,0.9813386693736441,,0,1.0,1,54,53,0.8832926043487499,0
72,2000,ordinal_pooled_candidate_uncertified,0.97,0.9623215635891664,0.9865031126156523,0.9623215635891664,1,0.9865031126156523,1,50,,,
72,2000,ordinal_candidate_plus_cp_certification,0.97,0.9623215635891664,0.9865031126156523,,0,1.0,1,54,53,0.8832926043487499,0
73,2000,independent_mondrian_total_budget,,,,0.7981468532174736,1,0.9178469886473908,1,65,,,
73,2000,direct_pac_split_matched,,0.9381797527131654,0.9817314300138593,0.9381797527131654,1,0.9817314300138593,1,57,57,0.9223851039358479,1
73,2000,direct_pac_total_budget,,0.9019628970856144,0.9719214482293086,0.9019628970856144,1,0.9719214482293086,1,65,64,0.9021900138676313,1
73,2000,ordinal_pooled_candidate_uncertified,0.9,0.8335026769816721,0.9415026299589156,0.8335026769816721,1,0.9415026299589156,1,47,,,
73,2000,ordinal_candidate_plus_cp_certification,0.9,0.8335026769816721,0.9415026299589156,,0,1.0,1,57,53,0.8096136443637609,0
73,2000,ordinal_pooled_candidate_uncertified,0.93,0.8780517905814201,0.963293854140634,0.8780517905814201,1,0.963293854140634,1,47,,,
73,2000,ordinal_candidate_plus_cp_certification,0.93,0.8780517905814201,0.963293854140634,,0,1.0,1,57,55,0.8605739764146203,0
73,2000,ordinal_pooled_candidate_uncertified,0.95,0.8956968921818442,0.9698425395752016,0.8956968921818442,1,0.9698425395752016,1,47,,,
73,2000,ordinal_candidate_plus_cp_certification,0.95,0.8956968921818442,0.9698425395752016,,0,1.0,1,57,55,0.8605739764146203,0
73,2000,ordinal_pooled_candidate_uncertified,0.97,1.0275687364442236,0.9944231104140505,1.0275687364442236,1,0.9944231104140505,1,47,,,
73,2000,ordinal_candidate_plus_cp_certification,0.97,1.0275687364442236,0.9944231104140505,1.0275687364442236,1,0.9944231104140505,1,57,57,0.9223851039358479,1
74,2000,independent_mondrian_total_budget,,,,0.7928675041397718,1,0.9137693189269709,1,75,,,
74,2000,direct_pac_split_matched,,1.0634678036353997,0.9967095419662692,1.0634678036353997,1,0.9967095419662692,1,70,69,0.9088967307021709,1
74,2000,direct_pac_total_budget,,1.0634678036353997,0.9967095419662692,1.0634678036353997,1,0.9967095419662692,1,75,74,0.9147432588438222,1
74,2000,ordinal_pooled_candidate_uncertified,0.9,0.7797017126059071,0.9029436821220769,0.7797017126059071,1,0.9029436821220769,1,44,,,
74,2000,ordinal_candidate_plus_cp_certification,0.9,0.7797017126059071,0.9029436821220769,,0,1.0,1,70,63,0.7858426589651879,0
74,2000,ordinal_pooled_candidate_uncertified,0.93,0.7928675041397718,0.9137693189269709,0.7928675041397718,1,0.9137693189269709,1,44,,,
74,2000,ordinal_candidate_plus_cp_certification,0.93,0.7928675041397718,0.9137693189269709,,0,1.0,1,70,64,0.8043298702210744,0
74,2000,ordinal_pooled_candidate_uncertified,0.95,0.8616363096901147,0.9561986694349807,0.8616363096901147,1,0.9561986694349807,1,44,,,
74,2000,ordinal_candidate_plus_cp_certification,0.95,0.8616363096901147,0.9561986694349807,,0,1.0,1,70,65,0.8233461603693004,0
74,2000,ordinal_pooled_candidate_uncertified,0.97,0.9186412496999767,0.9768805664113923,0.9186412496999767,1,0.9768805664113923,1,44,,,
74,2000,ordinal_candidate_plus_cp_certification,0.97,0.9186412496999767,0.9768805664113923,,0,1.0,1,70,66,0.8430199599997918,0
75,2000,independent_mondrian_total_budget,,,,0.7827829768056191,1,0.9055625753515235,1,52,,,
75,2000,direct_pac_split_matched,,0.9230284702572347,0.9780551320910547,0.9230284702572347,1,0.9780551320910547,1,44,44,0.9006280202112784,1
75,2000,direct_pac_total_budget,,0.9230284702572347,0.9780551320910547,0.9230284702572347,1,0.9780551320910547,1,52,52,0.9152473108773889,1
75,2000,ordinal_pooled_candidate_uncertified,0.9,0.7422616929549773,0.8667822014618124,0.7422616929549773,1,0.8667822014618124,0,47,,,
75,2000,ordinal_candidate_plus_cp_certification,0.9,0.7422616929549773,0.8667822014618124,,0,1.0,1,44,38,0.7000664792380435,0
75,2000,ordinal_pooled_candidate_uncertified,0.93,0.7584621696972509,0.8834303088358177,0.7584621696972509,1,0.8834303088358177,0,47,,,
75,2000,ordinal_candidate_plus_cp_certification,0.93,0.7584621696972509,0.8834303088358177,,0,1.0,1,44,39,0.7285943305891971,0
75,2000,ordinal_pooled_candidate_uncertified,0.95,0.8905076988133427,0.9680257323822578,0.8905076988133427,1,0.9680257323822578,1,47,,,
75,2000,ordinal_candidate_plus_cp_certification,0.95,0.8905076988133427,0.9680257323822578,,0,1.0,1,44,41,0.7893052630246646,0
75,2000,ordinal_pooled_candidate_uncertified,0.97,0.9475790712687551,0.9837373813856487,0.9475790712687551,1,0.9837373813856487,1,47,,,
75,2000,ordinal_candidate_plus_cp_certification,0.97,0.9475790712687551,0.9837373813856487,0.9475790712687551,1,0.9837373813856487,1,44,44,0.9006280202112784,1
76,2000,independent_mondrian_total_budget,,,,0.7839639703259302,1,0.9065524139947176,1,59,,,
76,2000,direct_pac_split_matched,,0.8939000799945577,0.9692233859785133,0.8939000799945577,1,0.9692233859785133,1,54,54,0.9182542835656284,1
76,2000,direct_pac_total_budget,,0.8939000799945577,0.9692233859785133,0.8939000799945577,1,0.9692233859785133,1,59,59,0.9249147277217333,1
76,2000,ordinal_pooled_candidate_uncertified,0.9,0.6987092062147284,0.8142175834741487,0.6987092062147284,1,0.8142175834741487,0,43,,,
76,2000,ordinal_candidate_plus_cp_certification,0.9,0.6987092062147284,0.8142175834741487,,0,1.0,1,54,45,0.6830418351117475,0
76,2000,ordinal_pooled_candidate_uncertified,0.93,0.707014184623528,0.8251241248891941,0.707014184623528,1,0.8251241248891941,0,43,,,
76,2000,ordinal_candidate_plus_cp_certification,0.93,0.707014184623528,0.8251241248891941,,0,1.0,1,54,45,0.6830418351117475,0
76,2000,ordinal_pooled_candidate_uncertified,0.95,0.7313260672128148,0.8546598350398557,0.7313260672128148,1,0.8546598350398557,0,43,,,
76,2000,ordinal_candidate_plus_cp_certification,0.95,0.7313260672128148,0.8546598350398557,,0,1.0,1,54,47,0.7277913573571297,0
76,2000,ordinal_pooled_candidate_uncertified,0.97,0.8285153642250522,0.9385332572410936,0.8285153642250522,1,0.9385332572410936,1,43,,,
76,2000,ordinal_candidate_plus_cp_certification,0.97,0.8285153642250522,0.9385332572410936,,0,1.0,1,54,53,0.8832926043487499,0
77,2000,independent_mondrian_total_budget,,,,0.7739176898605812,1,0.8978843670092789,0,72,,,
77,2000,direct_pac_split_matched,,0.8599008101984824,0.9553878740283559,0.8599008101984824,1,0.9553878740283559,1,66,65,0.9036091448472583,1
77,2000,direct_pac_total_budget,,0.9330194237437662,0.9805430939985806,0.9330194237437662,1,0.9805430939985806,1,72,71,0.9113289331864234,1
77,2000,ordinal_pooled_candidate_uncertified,0.9,0.8107434968281142,0.9269876756344403,0.8107434968281142,1,0.9269876756344403,1,46,,,
77,2000,ordinal_candidate_plus_cp_certification,0.9,0.8107434968281142,0.9269876756344403,,0,1.0,1,66,62,0.8340580339017631,0
77,2000,ordinal_pooled_candidate_uncertified,0.93,0.8165152781831932,0.930906503195164,0.8165152781831932,1,0.930906503195164,1,46,,,
77,2000,ordinal_candidate_plus_cp_certification,0.93,0.8165152781831932,0.930906503195164,,0,1.0,1,66,63,0.8557228749749977,0
77,2000,ordinal_pooled_candidate_uncertified,0.95,0.8559976928026877,0.9535202198784534,0.8559976928026877,1,0.9535202198784534,1,46,,,
77,2000,ordinal_candidate_plus_cp_certification,0.95,0.8559976928026877,0.9535202198784534,,0,1.0,1,66,64,0.8786629401099464,0
77,2000,ordinal_pooled_candidate_uncertified,0.97,1.0383467497528556,0.9952253177712438,1.0383467497528556,1,0.9952253177712438,1,46,,,
77,2000,ordinal_candidate_plus_cp_certification,0.97,1.0383467497528556,0.9952253177712438,1.0383467497528556,1,0.9952253177712438,1,66,66,0.9326033468832198,1
78,2000,independent_mondrian_total_budget,,,,0.80029758769625,1,0.9194658940594802,1,67,,,
78,2000,direct_pac_split_matched,,0.8938596418789975,0.9692093314410053,0.8938596418789975,1,0.9692093314410053,1,60,60,0.9261187281287935,1
78,2000,direct_pac_total_budget,,0.8938596418789975,0.9692093314410053,0.8938596418789975,1,0.9692093314410053,1,67,66,0.9049877159059427,1
78,2000,ordinal_pooled_candidate_uncertified,0.9,0.8413193071056535,0.9459285484991982,0.8413193071056535,1,0.9459285484991982,1,52,,,
78,2000,ordinal_candidate_plus_cp_certification,0.9,0.8413193071056535,0.9459285484991982,,0,1.0,1,60,58,0.8671736758155981,0
78,2000,ordinal_pooled_candidate_uncertified,0.93,0.9306372120356372,0.9799727320745039,0.9306372120356372,1,0.9799727320745039,1,52,,,
78,2000,ordinal_candidate_plus_cp_certification,0.93,0.9306372120356372,0.9799727320745039,0.9306372120356372,1,0.9799727320745039,1,60,60,0.9261187281287935,1
78,2000,ordinal_pooled_candidate_uncertified,0.95,1.0023553836626182,0.9920625042973127,1.0023553836626182,1,0.9920625042973127,1,52,,,
78,2000,ordinal_candidate_plus_cp_certification,0.95,1.0023553836626182,0.9920625042973127,1.0023553836626182,1,0.9920625042973127,1,60,60,0.9261187281287935,1
78,2000,ordinal_pooled_candidate_uncertified,0.97,1.0189355669510216,0.9936964232245441,1.0189355669510216,1,0.9936964232245441,1,52,,,
78,2000,ordinal_candidate_plus_cp_certification,0.97,1.0189355669510216,0.9936964232245441,1.0189355669510216,1,0.9936964232245441,1,60,60,0.9261187281287935,1
79,2000,independent_mondrian_total_budget,,,,0.7481261885342811,1,0.8729882324461121,0,69,,,
79,2000,direct_pac_split_matched,,0.9356480177140964,0.9811563742673486,0.9356480177140964,1,0.9811563742673486,1,60,60,0.9261187281287935,1
79,2000,direct_pac_total_budget,,0.8935837705503988,0.9691133086843524,0.8935837705503988,1,0.9691133086843524,1,69,68,0.9076299351640345,1
79,2000,ordinal_pooled_candidate_uncertified,0.9,0.8244732229328889,0.9360413147993987,0.8244732229328889,1,0.9360413147993987,1,54,,,
79,2000,ordinal_candidate_plus_cp_certification,0.9,0.8244732229328889,0.9360413147993987,,0,1.0,1,60,56,0.8185224303216438,0
79,2000,ordinal_pooled_candidate_uncertified,0.93,0.8832745296037644,0.9653433859977096,0.8832745296037644,1,0.9653433859977096,1,54,,,
79,2000,ordinal_candidate_plus_cp_certification,0.93,0.8832745296037644,0.9653433859977096,,0,1.0,1,60,58,0.8671736758155981,0
79,2000,ordinal_pooled_candidate_uncertified,0.95,0.934561871339742,0.9809049873435264,0.934561871339742,1,0.9809049873435264,1,54,,,
79,2000,ordinal_candidate_plus_cp_certification,0.95,0.934561871339742,0.9809049873435264,,0,1.0,1,60,59,0.8944184045954215,0
79,2000,ordinal_pooled_candidate_uncertified,0.97,0.9712978926596063,0.9879800027746557,0.9712978926596063,1,0.9879800027746557,1,54,,,
79,2000,ordinal_candidate_plus_cp_certification,0.97,0.9712978926596063,0.9879800027746557,0.9712978926596063,1,0.9879800027746557,1,60,60,0.9261187281287935,1
80,2000,independent_mondrian_total_budget,,,,0.8926862124481619,1,0.9687991784077095,1,74,,,
80,2000,direct_pac_split_matched,,1.0013298474061867,0.9919501876885126,1.0013298474061867,1,0.9919501876885126,1,66,65,0.9036091448472583,1
80,2000,direct_pac_total_budget,,1.0177655694434602,0.9935917495557969,1.0177655694434602,1,0.9935917495557969,1,74,73,0.9136347270310128,1
80,2000,ordinal_pooled_candidate_uncertified,0.9,0.777868862211593,0.9013607937306377,0.777868862211593,1,0.9013607937306377,1,47,,,
80,2000,ordinal_candidate_plus_cp_certification,0.9,0.777868862211593,0.9013607937306377,,0,1.0,1,66,59,0.7737715025923966,0
80,2000,ordinal_pooled_candidate_uncertified,0.93,0.8198836428487842,0.9331174143546904,0.8198836428487842,1,0.9331174143546904,1,47,,,
80,2000,ordinal_candidate_plus_cp_certification,0.93,0.8198836428487842,0.9331174143546904,,0,1.0,1,66,59,0.7737715025923966,0
80,2000,ordinal_pooled_candidate_uncertified,0.95,0.8607359254985314,0.9557795219048,0.8607359254985314,1,0.9557795219048,1,47,,,
80,2000,ordinal_candidate_plus_cp_certification,0.95,0.8607359254985314,0.9557795219048,,0,1.0,1,66,60,0.7932560813677918,0
80,2000,ordinal_pooled_candidate_uncertified,0.97,1.0177655694434602,0.9935917495557969,1.0177655694434602,1,0.9935917495557969,1,47,,,
80,2000,ordinal_candidate_plus_cp_certification,0.97,1.0177655694434602,0.9935917495557969,1.0177655694434602,1,0.9935917495557969,1,66,65,0.9036091448472583,1
81,2000,independent_mondrian_total_budget,,,,0.7403721513553213,1,0.8647388941555191,0,65,,,
81,2000,direct_pac_split_matched,,0.9614239294204936,0.986347149243417,0.9614239294204936,1,0.986347149243417,1,62,62,0.9284145445194745,1
81,2000,direct_pac_total_budget,,0.9087908001700364,0.9740495008087008,0.9087908001700364,1,0.9740495008087008,1,65,64,0.9021900138676313,1
81,2000,ordinal_pooled_candidate_uncertified,0.9,0.9034625676624629,0.972400900053525,0.9034625676624629,1,0.972400900053525,1,43,,,
81,2000,ordinal_candidate_plus_cp_certification,0.9,0.9034625676624629,0.972400900053525,,0,1.0,1,62,60,0.871237462833643,0
81,2000,ordinal_pooled_candidate_uncertified,0.93,0.9520358460235568,0.9846206013077281,0.9520358460235568,1,0.9846206013077281,1,43,,,
81,2000,ordinal_candidate_plus_cp_certification,0.93,0.9520358460235568,0.9846206013077281,,0,1.0,1,62,61,0.8976705527294142,0
81,2000,ordinal_pooled_candidate_uncertified,0.95,0.9528874043208913,0.9847845874460932,0.9528874043208913,1,0.9847845874460932,1,43,,,
81,2000,ordinal_candidate_plus_cp_certification,0.95,0.9528874043208913,0.9847845874460932,,0,1.0,1,62,61,0.8976705527294142,0
81,2000,ordinal_pooled_candidate_uncertified,0.97,1.0479389045930774,0.9958509606815706,1.0479389045930774,1,0.9958509606815706,1,43,,,
81,2000,ordinal_candidate_plus_cp_certification,0.97,1.0479389045930774,0.9958509606815706,1.0479389045930774,1,0.9958509606815706,1,62,62,0.9284145445194745,1
82,2000,independent_mondrian_total_budget,,,,0.7755414943914923,1,0.8993237051681606,0,75,,,
82,2000,direct_pac_split_matched,,0.9813877114196006,0.9894708771688476,0.9813877114196006,1,0.9894708771688476,1,69,68,0.9076299351640345,1
82,2000,direct_pac_total_budget,,0.9813877114196006,0.9894708771688476,0.9813877114196006,1,0.9894708771688476,1,75,74,0.9147432588438222,1
82,2000,ordinal_pooled_candidate_uncertified,0.9,0.7380967776824059,0.8622499766561411,0.7380967776824059,1,0.8622499766561411,0,50,,,
82,2000,ordinal_candidate_plus_cp_certification,0.9,0.7380967776824059,0.8622499766561411,,0,1.0,1,69,62,0.7829468133295581,0
82,2000,ordinal_pooled_candidate_uncertified,0.93,0.8951385328560975,0.9696512531006929,0.8951385328560975,1,0.9696512531006929,1,50,,,
82,2000,ordinal_candidate_plus_cp_certification,0.93,0.8951385328560975,0.9696512531006929,,0,1.0,1,69,67,0.8836939281310743,0
82,2000,ordinal_pooled_candidate_uncertified,0.95,0.9392711701524223,0.981974682139624,0.9392711701524223,1,0.981974682139624,1,50,,,
82,2000,ordinal_candidate_plus_cp_certification,0.95,0.9392711701524223,0.981974682139624,,0,1.0,1,69,67,0.8836939281310743,0
82,2000,ordinal_pooled_candidate_uncertified,0.97,1.1086207897275107,0.9983753035360163,1.1086207897275107,1,0.9983753035360163,1,50,,,
82,2000,ordinal_candidate_plus_cp_certification,0.97,1.1086207897275107,0.9983753035360163,1.1086207897275107,1,0.9983753035360163,1,69,68,0.9076299351640345,1
83,2000,independent_mondrian_total_budget,,,,0.8306120785978459,1,0.939795646402978,1,67,,,
83,2000,direct_pac_split_matched,,0.976198037752966,0.988725486272209,0.976198037752966,1,0.988725486272209,1,61,61,0.9272847441516197,1
83,2000,direct_pac_total_budget,,0.914775194441749,0.9758020762435314,0.914775194441749,1,0.9758020762435314,1,67,66,0.9049877159059427,1
83,2000,ordinal_pooled_candidate_uncertified,0.9,0.7640657916113449,0.8888299017898889,0.7640657916113449,1,0.8888299017898889,0,46,,,
83,2000,ordinal_candidate_plus_cp_certification,0.9,0.7640657916113449,0.8888299017898889,,0,1.0,1,61,52,0.7163301063873317,0
83,2000,ordinal_pooled_candidate_uncertified,0.93,0.786232310683066,0.9084320705537248,0.786232310683066,1,0.9084320705537248,1,46,,,
83,2000,ordinal_candidate_plus_cp_certification,0.93,0.786232310683066,0.9084320705537248,,0,1.0,1,61,55,0.7775245759989369,0
83,2000,ordinal_pooled_candidate_uncertified,0.95,0.8791053448406851,0.9637150905885805,0.8791053448406851,1,0.9637150905885805,1,46,,,
83,2000,ordinal_candidate_plus_cp_certification,0.95,0.8791053448406851,0.9637150905885805,,0,1.0,1,61,58,0.8445804783759883,0
83,2000,ordinal_pooled_candidate_uncertified,0.97,0.8820912497501974,0.9648874683779639,0.8820912497501974,1,0.9648874683779639,1,46,,,
83,2000,ordinal_candidate_plus_cp_certification,0.97,0.8820912497501974,0.9648874683779639,,0,1.0,1,61,58,0.8445804783759883,0
84,2000,independent_mondrian_total_budget,,,,0.7927611547128799,1,0.9136856486489724,1,67,,,
84,2000,direct_pac_split_matched,,0.9314735938405305,0.9801745780962823,0.9314735938405305,1,0.9801745780962823,1,61,61,0.9272847441516197,1
84,2000,direct_pac_total_budget,,0.8677580346159393,0.9589641611191853,0.8677580346159393,1,0.9589641611191853,1,67,66,0.9049877159059427,1
84,2000,ordinal_pooled_candidate_uncertified,0.9,0.76483742375499,0.8895591763362574,0.76483742375499,1,0.8895591763362574,0,54,,,
84,2000,ordinal_candidate_plus_cp_certification,0.9,0.76483742375499,0.8895591763362574,,0,1.0,1,61,55,0.7775245759989369,0
84,2000,ordinal_pooled_candidate_uncertified,0.93,0.7928639061902137,0.9137664892364983,0.7928639061902137,1,0.9137664892364983,1,54,,,
84,2000,ordinal_candidate_plus_cp_certification,0.93,0.7928639061902137,0.9137664892364983,,0,1.0,1,61,57,0.8213100804468778,0
84,2000,ordinal_pooled_candidate_uncertified,0.95,0.8316185260067479,0.9403943542400561,0.8316185260067479,1,0.9403943542400561,1,54,,,
84,2000,ordinal_candidate_plus_cp_certification,0.95,0.8316185260067479,0.9403943542400561,,0,1.0,1,61,58,0.8445804783759883,0
84,2000,ordinal_pooled_candidate_uncertified,0.97,0.9126013883869349,0.9751773162927995,0.9126013883869349,1,0.9751773162927995,1,54,,,
84,2000,ordinal_candidate_plus_cp_certification,0.97,0.9126013883869349,0.9751773162927995,,0,1.0,1,61,60,0.896069889715932,0
85,2000,independent_mondrian_total_budget,,,,0.8137036821509258,1,0.9290182704955148,1,75,,,
85,2000,direct_pac_split_matched,,0.9809173600719596,0.9894051370371029,0.9809173600719596,1,0.9894051370371029,1,65,64,0.9021900138676313,1
85,2000,direct_pac_total_budget,,0.9991732954411925,0.9917094353575886,0.9991732954411925,1,0.9917094353575886,1,75,74,0.9147432588438222,1
85,2000,ordinal_pooled_candidate_uncertified,0.9,0.7850861855886597,0.9074858676591202,0.7850861855886597,1,0.9074858676591202,1,45,,,
85,2000,ordinal_candidate_plus_cp_certification,0.9,0.7850861855886597,0.9074858676591202,,0,1.0,1,65,58,0.7705389565248311,0
85,2000,ordinal_pooled_candidate_uncertified,0.93,0.9013706454969183,0.9717302017973473,0.9013706454969183,1,0.9717302017973473,1,45,,,
85,2000,ordinal_candidate_plus_cp_certification,0.93,0.9013706454969183,0.9717302017973473,,0,1.0,1,65,63,0.8768879316342328,0
85,2000,ordinal_pooled_candidate_uncertified,0.95,0.9156655832495246,0.9760541371022581,0.9156655832495246,1,0.9760541371022581,1,45,,,
85,2000,ordinal_candidate_plus_cp_certification,0.95,0.9156655832495246,0.9760541371022581,,0,1.0,1,65,63,0.8768879316342328,0
85,2000,ordinal_pooled_candidate_uncertified,0.97,1.0181314314447492,0.9936246454369518,1.0181314314447492,1,0.9936246454369518,1,45,,,
85,2000,ordinal_candidate_plus_cp_certification,0.97,1.0181314314447492,0.9936246454369518,1.0181314314447492,1,0.9936246454369518,1,65,65,0.9316027658125521,1
86,2000,independent_mondrian_total_budget,,,,0.6977645517960382,1,0.8129508287913282,0,61,,,
86,2000,direct_pac_split_matched,,0.8550305776665605,0.9530478808474897,0.8550305776665605,1,0.9530478808474897,1,53,53,0.9167779324426062,1
86,2000,direct_pac_total_budget,,0.8550305776665605,0.9530478808474897,0.8550305776665605,1,0.9530478808474897,1,61,61,0.9272847441516197,1
86,2000,ordinal_pooled_candidate_uncertified,0.9,0.7391294897591979,0.8633834557463604,0.7391294897591979,1,0.8633834557463604,0,50,,,
86,2000,ordinal_candidate_plus_cp_certification,0.9,0.7391294897591979,0.8633834557463604,,0,1.0,1,53,51,0.8506839066072776,0
86,2000,ordinal_pooled_candidate_uncertified,0.93,0.8012985995617401,0.920211108792054,0.8012985995617401,1,0.920211108792054,1,50,,,
86,2000,ordinal_candidate_plus_cp_certification,0.93,0.8012985995617401,0.920211108792054,,0,1.0,1,53,52,0.881206554188932,0
86,2000,ordinal_pooled_candidate_uncertified,0.95,0.8097447889974865,0.9262926546620384,0.8097447889974865,1,0.9262926546620384,1,50,,,
86,2000,ordinal_candidate_plus_cp_certification,0.95,0.8097447889974865,0.9262926546620384,,0,1.0,1,53,52,0.881206554188932,0
86,2000,ordinal_pooled_candidate_uncertified,0.97,0.8811781729116652,0.9645323058243359,0.8811781729116652,1,0.9645323058243359,1,50,,,
86,2000,ordinal_candidate_plus_cp_certification,0.97,0.8811781729116652,0.9645323058243359,0.8811781729116652,1,0.9645323058243359,1,53,53,0.9167779324426062,1
87,2000,independent_mondrian_total_budget,,,,0.8450172538644756,1,0.9479279109247668,1,58,,,
87,2000,direct_pac_split_matched,,0.8915724291586438,0.9684057034066913,0.8915724291586438,1,0.9684057034066913,1,52,52,0.9152473108773889,1
87,2000,direct_pac_total_budget,,0.9087510362918447,0.9740375096096882,0.9087510362918447,1,0.9740375096096882,1,58,58,0.9236708571873862,1
87,2000,ordinal_pooled_candidate_uncertified,0.9,0.7240193299922576,0.8461586872915481,0.7240193299922576,1,0.8461586872915481,0,37,,,
87,2000,ordinal_candidate_plus_cp_certification,0.9,0.7240193299922576,0.8461586872915481,,0,1.0,1,52,43,0.6720604333764444,0
87,2000,ordinal_pooled_candidate_uncertified,0.93,0.9087510362918447,0.9740375096096882,0.9087510362918447,1,0.9740375096096882,1,37,,,
87,2000,ordinal_candidate_plus_cp_certification,0.93,0.9087510362918447,0.9740375096096882,0.9087510362918447,1,0.9740375096096882,1,52,52,0.9152473108773889,1
87,2000,ordinal_pooled_candidate_uncertified,0.95,0.9631569884149457,0.9866468828962773,0.9631569884149457,1,0.9866468828962773,1,37,,,
87,2000,ordinal_candidate_plus_cp_certification,0.95,0.9631569884149457,0.9866468828962773,0.9631569884149457,1,0.9866468828962773,1,52,52,0.9152473108773889,1
87,2000,ordinal_pooled_candidate_uncertified,0.97,0.9631569884149457,0.9866468828962773,0.9631569884149457,1,0.9866468828962773,1,37,,,
87,2000,ordinal_candidate_plus_cp_certification,0.97,0.9631569884149457,0.9866468828962773,0.9631569884149457,1,0.9866468828962773,1,52,52,0.9152473108773889,1
88,2000,independent_mondrian_total_budget,,,,0.7967809136377497,1,0.9168061610927255,1,70,,,
88,2000,direct_pac_split_matched,,0.9237291280234949,0.9782379681343606,0.9237291280234949,1,0.9782379681343606,1,67,66,0.9049877159059427,1
88,2000,direct_pac_total_budget,,0.9237291280234949,0.9782379681343606,0.9237291280234949,1,0.9782379681343606,1,70,69,0.9088967307021709,1
88,2000,ordinal_pooled_candidate_uncertified,0.9,0.7378897322919149,0.8620219587425298,0.7378897322919149,1,0.8620219587425298,0,35,,,
88,2000,ordinal_candidate_plus_cp_certification,0.9,0.7378897322919149,0.8620219587425298,,0,1.0,1,67,55,0.6866173262286841,0
88,2000,ordinal_pooled_candidate_uncertified,0.93,0.7862078502628012,0.9084119520182923,0.7862078502628012,1,0.9084119520182923,1,35,,,
88,2000,ordinal_candidate_plus_cp_certification,0.93,0.7862078502628012,0.9084119520182923,,0,1.0,1,67,59,0.7581525875541508,0
88,2000,ordinal_pooled_candidate_uncertified,0.95,0.8807676289553328,0.9643716579524431,0.8807676289553328,1,0.9643716579524431,1,35,,,
88,2000,ordinal_candidate_plus_cp_certification,0.95,0.8807676289553328,0.9643716579524431,,0,1.0,1,67,64,0.8577626602431492,0
88,2000,ordinal_pooled_candidate_uncertified,0.97,0.8807676289553328,0.9643716579524431,0.8807676289553328,1,0.9643716579524431,1,35,,,
88,2000,ordinal_candidate_plus_cp_certification,0.97,0.8807676289553328,0.9643716579524431,,0,1.0,1,67,64,0.8577626602431492,0
89,2000,independent_mondrian_total_budget,,,,0.7777361769964206,1,0.9012454747339906,1,64,,,
89,2000,direct_pac_split_matched,,1.0050101734559536,0.9923468790312555,1.0050101734559536,1,0.9923468790312555,1,60,60,0.9261187281287935,1
89,2000,direct_pac_total_budget,,0.8570976411893545,0.9540527907985868,0.8570976411893545,1,0.9540527907985868,1,64,63,0.9007285078606391,1
89,2000,ordinal_pooled_candidate_uncertified,0.9,0.7354328957853625,0.8592966043898705,0.7354328957853625,1,0.8592966043898705,0,58,,,
89,2000,ordinal_candidate_plus_cp_certification,0.9,0.7354328957853625,0.8592966043898705,,0,1.0,1,60,50,0.6921862520651674,0
89,2000,ordinal_pooled_candidate_uncertified,0.93,0.804729201268934,0.9227255145356961,0.804729201268934,1,0.9227255145356961,1,58,,,
89,2000,ordinal_candidate_plus_cp_certification,0.93,0.804729201268934,0.9227255145356961,,0,1.0,1,60,56,0.8185224303216438,0
89,2000,ordinal_pooled_candidate_uncertified,0.95,0.9092331222838541,0.9741825753593913,0.9092331222838541,1,0.9741825753593913,1,58,,,
89,2000,ordinal_candidate_plus_cp_certification,0.95,0.9092331222838541,0.9741825753593913,,0,1.0,1,60,59,0.8944184045954215,0
89,2000,ordinal_pooled_candidate_uncertified,0.97,1.0344490779189766,0.9949479376982377,1.0344490779189766,1,0.9949479376982377,1,58,,,
89,2000,ordinal_candidate_plus_cp_certification,0.97,1.0344490779189766,0.9949479376982377,1.0344490779189766,1,0.9949479376982377,1,60,60,0.9261187281287935,1
90,2000,independent_mondrian_total_budget,,,,0.6808579231326974,1,0.7893851332518369,0,56,,,
90,2000,direct_pac_split_matched,,0.7666213370683657,0.8912320182172391,0.7666213370683657,1,0.8912320182172391,0,49,49,0.9102981779915218,1
90,2000,direct_pac_total_budget,,0.7666213370683657,0.8912320182172391,0.7666213370683657,1,0.8912320182172391,0,56,56,0.9210553176894818,1
90,2000,ordinal_pooled_candidate_uncertified,0.9,0.7616093204678105,0.8864853313520518,0.7616093204678105,1,0.8864853313520518,0,46,,,
90,2000,ordinal_candidate_plus_cp_certification,0.9,0.7616093204678105,0.8864853313520518,,0,1.0,1,49,48,0.8720603847659683,0
90,2000,ordinal_pooled_candidate_uncertified,0.93,0.841202080134714,0.94586418762119,0.841202080134714,1,0.94586418762119,1,46,,,
90,2000,ordinal_candidate_plus_cp_certification,0.93,0.841202080134714,0.94586418762119,0.841202080134714,1,0.94586418762119,1,49,49,0.9102981779915218,1
90,2000,ordinal_pooled_candidate_uncertified,0.95,0.9541951316205226,0.9850334937669909,0.9541951316205226,1,0.9850334937669909,1,46,,,
90,2000,ordinal_candidate_plus_cp_certification,0.95,0.9541951316205226,0.9850334937669909,0.9541951316205226,1,0.9850334937669909,1,49,49,0.9102981779915218,1
90,2000,ordinal_pooled_candidate_uncertified,0.97,0.9617007857700004,0.9863954178808308,0.9617007857700004,1,0.9863954178808308,1,46,,,
90,2000,ordinal_candidate_plus_cp_certification,0.97,0.9617007857700004,0.9863954178808308,0.9617007857700004,1,0.9863954178808308,1,49,49,0.9102981779915218,1
91,2000,independent_mondrian_total_budget,,,,0.8655683762747624,1,0.9579917117936522,1,58,,,
91,2000,direct_pac_split_matched,,1.0200802825939896,0.9937973672319043,1.0200802825939896,1,0.9937973672319043,1,55,55,0.9196791985117059,1
91,2000,direct_pac_total_budget,,1.0200802825939896,0.9937973672319043,1.0200802825939896,1,0.9937973672319043,1,58,58,0.9236708571873862,1
91,2000,ordinal_pooled_candidate_uncertified,0.9,0.7973425441204387,0.9172353099264954,0.7973425441204387,1,0.9172353099264954,1,37,,,
91,2000,ordinal_candidate_plus_cp_certification,0.9,0.7973425441204387,0.9172353099264954,,0,1.0,1,55,50,0.7787495722948024,0
91,2000,ordinal_pooled_candidate_uncertified,0.93,0.8099206676309072,0.926415417697836,0.8099206676309072,1,0.926415417697836,1,37,,,
91,2000,ordinal_candidate_plus_cp_certification,0.93,0.8099206676309072,0.926415417697836,,0,1.0,1,55,50,0.7787495722948024,0
91,2000,ordinal_pooled_candidate_uncertified,0.95,0.8385005936801426,0.9443641316687954,0.8385005936801426,1,0.9443641316687954,1,37,,,
91,2000,ordinal_candidate_plus_cp_certification,0.95,0.8385005936801426,0.9443641316687954,,0,1.0,1,55,50,0.7787495722948024,0
91,2000,ordinal_pooled_candidate_uncertified,0.97,0.8385005936801426,0.9443641316687954,0.8385005936801426,1,0.9443641316687954,1,37,,,
91,2000,ordinal_candidate_plus_cp_certification,0.97,0.8385005936801426,0.9443641316687954,,0,1.0,1,55,50,0.7787495722948024,0
92,2000,independent_mondrian_total_budget,,,,0.8090051256203952,1,0.9257746564113049,1,74,,,
92,2000,direct_pac_split_matched,,1.1453343862417882,0.9991160145285979,1.1453343862417882,1,0.9991160145285979,1,66,65,0.9036091448472583,1
92,2000,direct_pac_total_budget,,1.1453343862417882,0.9991160145285979,1.1453343862417882,1,0.9991160145285979,1,74,73,0.9136347270310128,1
92,2000,ordinal_pooled_candidate_uncertified,0.9,0.724826800678969,0.8471140072240546,0.724826800678969,1,0.8471140072240546,0,49,,,
92,2000,ordinal_candidate_plus_cp_certification,0.9,0.724826800678969,0.8471140072240546,,0,1.0,1,66,57,0.7361490524986529,0
92,2000,ordinal_pooled_candidate_uncertified,0.93,0.7516674575055424,0.8766367897868548,0.7516674575055424,1,0.8766367897868548,0,49,,,
92,2000,ordinal_candidate_plus_cp_certification,0.93,0.7516674575055424,0.8766367897868548,,0,1.0,1,66,57,0.7361490524986529,0
92,2000,ordinal_pooled_candidate_uncertified,0.95,0.852026213230794,0.9515559557676326,0.852026213230794,1,0.9515559557676326,1,49,,,
92,2000,ordinal_candidate_plus_cp_certification,0.95,0.852026213230794,0.9515559557676326,,0,1.0,1,66,62,0.8340580339017631,0
92,2000,ordinal_pooled_candidate_uncertified,0.97,0.9053548464855738,0.9729961139678576,0.9053548464855738,1,0.9729961139678576,1,49,,,
92,2000,ordinal_candidate_plus_cp_certification,0.97,0.9053548464855738,0.9729961139678576,,0,1.0,1,66,63,0.8557228749749977,0
93,2000,independent_mondrian_total_budget,,,,0.7806393024191963,1,0.9037461596924714,1,78,,,
93,2000,direct_pac_split_matched,,0.9386139387719759,0.981828533199718,0.9386139387719759,1,0.981828533199718,1,67,66,0.9049877159059427,1
93,2000,direct_pac_total_budget,,0.9386139387719759,0.981828533199718,0.9386139387719759,1,0.981828533199718,1,78,77,0.9179045377251887,1
93,2000,ordinal_pooled_candidate_uncertified,0.9,0.8253282354175709,0.9365748690614865,0.8253282354175709,1,0.9365748690614865,1,55,,,
93,2000,ordinal_candidate_plus_cp_certification,0.9,0.8253282354175709,0.9365748690614865,,0,1.0,1,67,61,0.7961400150847822,0
93,2000,ordinal_pooled_candidate_uncertified,0.93,0.8380387784098837,0.9441044465619028,0.8380387784098837,1,0.9441044465619028,1,55,,,
93,2000,ordinal_candidate_plus_cp_certification,0.93,0.8380387784098837,0.9441044465619028,,0,1.0,1,67,62,0.8159213939893741,0
93,2000,ordinal_pooled_candidate_uncertified,0.95,0.9160456374669341,0.9761610530440492,0.9160456374669341,1,0.9761610530440492,1,55,,,
93,2000,ordinal_candidate_plus_cp_certification,0.95,0.9160456374669341,0.9761610530440492,,0,1.0,1,67,65,0.8803875526928848,0
93,2000,ordinal_pooled_candidate_uncertified,0.97,0.9810120802128881,0.9894184045732912,0.9810120802128881,1,0.9894184045732912,1,55,,,
93,2000,ordinal_candidate_plus_cp_certification,0.97,0.9810120802128881,0.9894184045732912,0.9810120802128881,1,0.9894184045732912,1,67,67,0.9335750868773578,1
94,2000,independent_mondrian_total_budget,,,,0.7740414295278926,1,0.8979945738622227,0,57,,,
94,2000,direct_pac_split_matched,,0.8936115242833317,0.9691229801484632,0.8936115242833317,1,0.9691229801484632,1,52,52,0.9152473108773889,1
94,2000,direct_pac_total_budget,,0.8936115242833317,0.9691229801484632,0.8936115242833317,1,0.9691229801484632,1,57,57,0.9223851039358479,1
94,2000,ordinal_pooled_candidate_uncertified,0.9,0.8002316910625222,0.9194166527255567,0.8002316910625222,1,0.9194166527255567,1,43,,,
94,2000,ordinal_candidate_plus_cp_certification,0.9,0.8002316910625222,0.9194166527255567,,0,1.0,1,52,49,0.8195006840438146,0
94,2000,ordinal_pooled_candidate_uncertified,0.93,0.8577054894923577,0.954344987653335,0.8577054894923577,1,0.954344987653335,1,43,,,
94,2000,ordinal_candidate_plus_cp_certification,0.93,0.8577054894923577,0.954344987653335,,0,1.0,1,52,51,0.8790446735151747,0
94,2000,ordinal_pooled_candidate_uncertified,0.95,0.9474049971569433,0.9837020202752866,0.9474049971569433,1,0.9837020202752866,1,43,,,
94,2000,ordinal_candidate_plus_cp_certification,0.95,0.9474049971569433,0.9837020202752866,0.9474049971569433,1,0.9837020202752866,1,52,52,0.9152473108773889,1
94,2000,ordinal_pooled_candidate_uncertified,0.97,0.9960536642834978,0.9913499820967192,0.9960536642834978,1,0.9913499820967192,1,43,,,
94,2000,ordinal_candidate_plus_cp_certification,0.97,0.9960536642834978,0.9913499820967192,0.9960536642834978,1,0.9913499820967192,1,52,52,0.9152473108773889,1
95,2000,independent_mondrian_total_budget,,,,0.7911046354210258,1,0.9123745353128234,1,67,,,
95,2000,direct_pac_split_matched,,0.9609538764014023,0.9862648591965355,0.9609538764014023,1,0.9862648591965355,1,60,60,0.9261187281287935,1
95,2000,direct_pac_total_budget,,0.8368593215610791,0.9434368813020666,0.8368593215610791,1,0.9434368813020666,1,67,66,0.9049877159059427,1
95,2000,ordinal_pooled_candidate_uncertified,0.9,0.801428904201458,0.9203077306489122,0.801428904201458,1,0.9203077306489122,1,39,,,
95,2000,ordinal_candidate_plus_cp_certification,0.9,0.801428904201458,0.9203077306489122,,0,1.0,1,60,56,0.8185224303216438,0
95,2000,ordinal_pooled_candidate_uncertified,0.93,0.829619172806749,0.939200391131299,0.829619172806749,1,0.939200391131299,1,39,,,
95,2000,ordinal_candidate_plus_cp_certification,0.93,0.829619172806749,0.939200391131299,,0,1.0,1,60,58,0.8671736758155981,0
95,2000,ordinal_pooled_candidate_uncertified,0.95,0.829619172806749,0.939200391131299,0.829619172806749,1,0.939200391131299,1,39,,,
95,2000,ordinal_candidate_plus_cp_certification,0.95,0.829619172806749,0.939200391131299,,0,1.0,1,60,58,0.8671736758155981,0
95,2000,ordinal_pooled_candidate_uncertified,0.97,0.941087250142717,0.9823733244721149,0.941087250142717,1,0.9823733244721149,1,39,,,
95,2000,ordinal_candidate_plus_cp_certification,0.97,0.941087250142717,0.9823733244721149,,0,1.0,1,60,59,0.8944184045954215,0
96,2000,independent_mondrian_total_budget,,,,0.7627423143123164,1,0.8875710579844931,0,59,,,
96,2000,direct_pac_split_matched,,0.877450982194399,0.9630518510286167,0.877450982194399,1,0.9630518510286167,1,48,48,0.9085175756516868,1
96,2000,direct_pac_total_budget,,0.877450982194399,0.9630518510286167,0.877450982194399,1,0.9630518510286167,1,59,59,0.9249147277217333,1
96,2000,ordinal_pooled_candidate_uncertified,0.9,0.8674728689900557,0.9588385597159552,0.8674728689900557,1,0.9588385597159552,1,46,,,
96,2000,ordinal_candidate_plus_cp_certification,0.9,0.8674728689900557,0.9588385597159552,,0,1.0,1,48,47,0.8695498124974126,0
96,2000,ordinal_pooled_candidate_uncertified,0.93,0.8796577336110576,0.963934362715255,0.8796577336110576,1,0.963934362715255,1,46,,,
96,2000,ordinal_candidate_plus_cp_certification,0.93,0.8796577336110576,0.963934362715255,0.8796577336110576,1,0.963934362715255,1,48,48,0.9085175756516868,1
96,2000,ordinal_pooled_candidate_uncertified,0.95,0.9081804067879478,0.973864919365608,0.9081804067879478,1,0.973864919365608,1,46,,,
96,2000,ordinal_candidate_plus_cp_certification,0.95,0.9081804067879478,0.973864919365608,0.9081804067879478,1,0.973864919365608,1,48,48,0.9085175756516868,1
96,2000,ordinal_pooled_candidate_uncertified,0.97,0.9524650250337691,0.9847034378007284,0.9524650250337691,1,0.9847034378007284,1,46,,,
96,2000,ordinal_candidate_plus_cp_certification,0.97,0.9524650250337691,0.9847034378007284,0.9524650250337691,1,0.9847034378007284,1,48,48,0.9085175756516868,1
97,2000,independent_mondrian_total_budget,,,,0.7099811006892358,1,0.8289198649086117,0,71,,,
97,2000,direct_pac_split_matched,,0.7601891499304748,0.885113876971401,0.7601891499304748,1,0.885113876971401,0,64,63,0.9007285078606391,1
97,2000,direct_pac_total_budget,,0.7601891499304748,0.885113876971401,0.7601891499304748,1,0.885113876971401,0,71,70,0.9101292734639317,1
97,2000,ordinal_pooled_candidate_uncertified,0.9,0.7822927040387483,0.9051493946658227,0.7822927040387483,1,0.9051493946658227,1,48,,,
97,2000,ordinal_candidate_plus_cp_certification,0.9,0.7822927040387483,0.9051493946658227,0.7822927040387483,1,0.9051493946658227,1,64,63,0.9007285078606391,1
97,2000,ordinal_pooled_candidate_uncertified,0.93,0.9306063470435462,0.9799652501210927,0.9306063470435462,1,0.9799652501210927,1,48,,,
97,2000,ordinal_candidate_plus_cp_certification,0.93,0.9306063470435462,0.9799652501210927,0.9306063470435462,1,0.9799652501210927,1,64,64,0.9305720409296989,1
97,2000,ordinal_pooled_candidate_uncertified,0.95,1.022034039200509,0.9939663507427927,1.022034039200509,1,0.9939663507427927,1,48,,,
97,2000,ordinal_candidate_plus_cp_certification,0.95,1.022034039200509,0.9939663507427927,1.022034039200509,1,0.9939663507427927,1,64,64,0.9305720409296989,1
97,2000,ordinal_pooled_candidate_uncertified,0.97,1.0356555635566347,0.9950352934372584,1.0356555635566347,1,0.9950352934372584,1,48,,,
97,2000,ordinal_candidate_plus_cp_certification,0.97,1.0356555635566347,0.9950352934372584,1.0356555635566347,1,0.9950352934372584,1,64,64,0.9305720409296989,1
98,2000,independent_mondrian_total_budget,,,,0.765172647846094,1,0.8898749277788824,0,64,,,
98,2000,direct_pac_split_matched,,0.9063397812317326,0.9733016600628734,0.9063397812317326,1,0.9733016600628734,1,59,59,0.9249147277217333,1
98,2000,direct_pac_total_budget,,0.8739612313583658,0.961620281048674,0.8739612313583658,1,0.961620281048674,1,64,63,0.9007285078606391,1
98,2000,ordinal_pooled_candidate_uncertified,0.9,0.8069945570497721,0.9243525735575535,0.8069945570497721,1,0.9243525735575535,1,43,,,
98,2000,ordinal_candidate_plus_cp_certification,0.9,0.8069945570497721,0.9243525735575535,,0,1.0,1,59,54,0.7926974766279145,0
98,2000,ordinal_pooled_candidate_uncertified,0.93,0.8705662621447836,0.9601845165340126,0.8705662621447836,1,0.9601845165340126,1,43,,,
98,2000,ordinal_candidate_plus_cp_certification,0.93,0.8705662621447836,0.9601845165340126,,0,1.0,1,59,57,0.8650442003594665,0
98,2000,ordinal_pooled_candidate_uncertified,0.95,1.0576113522631796,0.9964065410611916,1.0576113522631796,1,0.9964065410611916,1,43,,,
98,2000,ordinal_candidate_plus_cp_certification,0.95,1.0576113522631796,0.9964065410611916,1.0576113522631796,1,0.9964065410611916,1,59,59,0.9249147277217333,1
98,2000,ordinal_pooled_candidate_uncertified,0.97,1.1729691811145908,0.9994523817877285,1.1729691811145908,1,0.9994523817877285,1,43,,,
98,2000,ordinal_candidate_plus_cp_certification,0.97,1.1729691811145908,0.9994523817877285,1.1729691811145908,1,0.9994523817877285,1,59,59,0.9249147277217333,1
99,2000,independent_mondrian_total_budget,,,,0.7481297705872577,1,0.8729919605724464,0,67,,,
99,2000,direct_pac_split_matched,,0.9365579084404776,0.981364794379492,0.9365579084404776,1,0.981364794379492,1,62,62,0.9284145445194745,1
99,2000,direct_pac_total_budget,,0.8117518322855583,0.9276842967905994,0.8117518322855583,1,0.9276842967905994,1,67,66,0.9049877159059427,1
99,2000,ordinal_pooled_candidate_uncertified,0.9,0.818966209349637,0.9325207292658724,0.818966209349637,1,0.9325207292658724,1,44,,,
99,2000,ordinal_candidate_plus_cp_certification,0.9,0.818966209349637,0.9325207292658724,,0,1.0,1,62,61,0.8976705527294142,0
99,2000,ordinal_pooled_candidate_uncertified,0.93,0.8377246483025949,0.9439272610994379,0.8377246483025949,1,0.9439272610994379,1,44,,,
99,2000,ordinal_candidate_plus_cp_certification,0.93,0.8377246483025949,0.9439272610994379,,0,1.0,1,62,61,0.8976705527294142,0
99,2000,ordinal_pooled_candidate_uncertified,0.95,0.8485775156918757,0.9497969022424313,0.8485775156918757,1,0.9497969022424313,1,44,,,
99,2000,ordinal_candidate_plus_cp_certification,0.95,0.8485775156918757,0.9497969022424313,,0,1.0,1,62,61,0.8976705527294142,0
99,2000,ordinal_pooled_candidate_uncertified,0.97,1.0520610684348344,0.9960965079975294,1.0520610684348344,1,0.9960965079975294,1,44,,,
99,2000,ordinal_candidate_plus_cp_certification,0.97,1.0520610684348344,0.9960965079975294,1.0520610684348344,1,0.9960965079975294,1,62,62,0.9284145445194745,1
0,5000,independent_mondrian_total_budget,,,,0.800948314218162,1,0.9199509303741265,1,149,,,
0,5000,direct_pac_split_matched,,0.88417564779248,0.965687316119748,0.88417564779248,1,0.965687316119748,1,144,138,0.9017958953761545,1
0,5000,direct_pac_total_budget,,0.88417564779248,0.965687316119748,0.88417564779248,1,0.965687316119748,1,149,143,0.9049956081288264,1
0,5000,ordinal_pooled_candidate_uncertified,0.9,0.8434411220866862,0.9470830471548233,0.8434411220866862,1,0.9470830471548233,1,57,,,
0,5000,ordinal_candidate_plus_cp_certification,0.9,0.8434411220866862,0.9470830471548233,,0,1.0,1,144,133,0.8561669875007292,0
0,5000,ordinal_pooled_candidate_uncertified,0.93,0.9126575998767238,0.9751936404585859,0.9126575998767238,1,0.9751936404585859,1,57,,,
0,5000,ordinal_candidate_plus_cp_certification,0.93,0.9126575998767238,0.9751936404585859,0.9126575998767238,1,0.9751936404585859,1,144,140,0.9215164880249056,1
0,5000,ordinal_pooled_candidate_uncertified,0.95,0.9747925805406863,0.9885158914533715,0.9747925805406863,1,0.9885158914533715,1,57,,,
0,5000,ordinal_candidate_plus_cp_certification,0.95,0.9747925805406863,0.9885158914533715,0.9747925805406863,1,0.9885158914533715,1,144,142,0.9429087019995586,1
0,5000,ordinal_pooled_candidate_uncertified,0.97,1.0338609265828937,0.9949048583548646,1.0338609265828937,1,0.9949048583548646,1,57,,,
0,5000,ordinal_candidate_plus_cp_certification,0.97,1.0338609265828937,0.9949048583548646,1.0338609265828937,1,0.9949048583548646,1,144,143,0.9547925422442278,1
1,5000,independent_mondrian_total_budget,,,,0.7493535636437212,1,0.8742612034708039,0,161,,,
1,5000,direct_pac_split_matched,,0.8152404143870211,0.9300551732502087,0.8152404143870211,1,0.9300551732502087,1,156,149,0.9003689055809638,1
1,5000,direct_pac_total_budget,,0.8203368479939332,0.9334106620230476,0.8203368479939332,1,0.9334106620230476,1,161,154,0.9033755287390561,1
1,5000,ordinal_pooled_candidate_uncertified,0.9,0.7245828362115164,0.8468257880568417,0.7245828362115164,1,0.8468257880568417,0,53,,,
1,5000,ordinal_candidate_plus_cp_certification,0.9,0.7245828362115164,0.8468257880568417,,0,1.0,1,156,137,0.8042865686324563,0
1,5000,ordinal_pooled_candidate_uncertified,0.93,0.7610104716210518,0.885908455000001,0.7610104716210518,1,0.885908455000001,0,53,,,
1,5000,ordinal_candidate_plus_cp_certification,0.93,0.7610104716210518,0.885908455000001,,0,1.0,1,156,143,0.8507652268619885,0
1,5000,ordinal_pooled_candidate_uncertified,0.95,0.8728495378950794,0.9611548565859664,0.8728495378950794,1,0.9611548565859664,1,53,,,
1,5000,ordinal_candidate_plus_cp_certification,0.95,0.8728495378950794,0.9611548565859664,0.8728495378950794,1,0.9611548565859664,1,156,155,0.9582073575733214,1
1,5000,ordinal_pooled_candidate_uncertified,0.97,0.897711041759552,0.9705242731988711,0.897711041759552,1,0.9705242731988711,1,53,,,
1,5000,ordinal_candidate_plus_cp_certification,0.97,0.897711041759552,0.9705242731988711,0.897711041759552,1,0.9705242731988711,1,156,155,0.9582073575733214,1
2,5000,independent_mondrian_total_budget,,,,0.8000090354959846,1,0.9192501048618876,1,157,,,
2,5000,direct_pac_split_matched,,0.8676234642798462,0.9589049283033997,0.8676234642798462,1,0.9589049283033997,1,153,147,0.9074091491353258,1
2,5000,direct_pac_total_budget,,0.8676234642798462,0.9589049283033997,0.8676234642798462,1,0.9589049283033997,1,157,150,0.9009850972248818,1
2,5000,ordinal_pooled_candidate_uncertified,0.9,0.8070988422475713,0.9244268416358258,0.8070988422475713,1,0.9244268416358258,1,46,,,
2,5000,ordinal_candidate_plus_cp_certification,0.9,0.8070988422475713,0.9244268416358258,,0,1.0,1,153,141,0.8560929978003975,0
2,5000,ordinal_pooled_candidate_uncertified,0.93,0.8214689935254604,0.9341388715231647,0.8214689935254604,1,0.9341388715231647,1,46,,,
2,5000,ordinal_candidate_plus_cp_certification,0.93,0.8214689935254604,0.9341388715231647,,0,1.0,1,153,142,0.8643303014168742,0
2,5000,ordinal_pooled_candidate_uncertified,0.95,0.8475640870864022,0.9492704213317639,0.8475640870864022,1,0.9492704213317639,1,46,,,
2,5000,ordinal_candidate_plus_cp_certification,0.95,0.8475640870864022,0.9492704213317639,,0,1.0,1,153,145,0.8897236119407426,0
2,5000,ordinal_pooled_candidate_uncertified,0.97,0.9675906314334954,0.9873879450017411,0.9675906314334954,1,0.9873879450017411,1,46,,,
2,5000,ordinal_candidate_plus_cp_certification,0.97,0.9675906314334954,0.9873879450017411,0.9675906314334954,1,0.9873879450017411,1,153,152,0.9574029419279078,1
3,5000,independent_mondrian_total_budget,,,,0.8263574447124082,1,0.9372125250483583,1,161,,,
3,5000,direct_pac_split_matched,,0.8982708468129472,0.9707114632465388,0.8982708468129472,1,0.9707114632465388,1,157,150,0.9009850972248818,1
3,5000,direct_pac_total_budget,,0.8982708468129472,0.9707114632465388,0.8982708468129472,1,0.9707114632465388,1,161,154,0.9033755287390561,1
3,5000,ordinal_pooled_candidate_uncertified,0.9,0.750521182782448,0.875463912627279,0.750521182782448,1,0.875463912627279,0,54,,,
3,5000,ordinal_candidate_plus_cp_certification,0.9,0.750521182782448,0.875463912627279,,0,1.0,1,157,128,0.7323466494560602,0
3,5000,ordinal_pooled_candidate_uncertified,0.93,0.8366960570192024,0.9433439816447335,0.8366960570192024,1,0.9433439816447335,1,54,,,
3,5000,ordinal_candidate_plus_cp_certification,0.93,0.8366960570192024,0.9433439816447335,,0,1.0,1,157,143,0.8438139812801233,0
3,5000,ordinal_pooled_candidate_uncertified,0.95,0.8408215462965081,0.9456548460105214,0.8408215462965081,1,0.9456548460105214,1,54,,,
3,5000,ordinal_candidate_plus_cp_certification,0.95,0.8408215462965081,0.9456548460105214,,0,1.0,1,157,144,0.8516810595864668,0
3,5000,ordinal_pooled_candidate_uncertified,0.97,0.9187308525446906,0.9769050745286819,0.9187308525446906,1,0.9769050745286819,1,54,,,
3,5000,ordinal_candidate_plus_cp_certification,0.97,0.9187308525446906,0.9769050745286819,0.9187308525446906,1,0.9769050745286819,1,157,150,0.9009850972248818,1
4,5000,independent_mondrian_total_budget,,,,0.8539010635562994,1,0.9524913613083875,1,146,,,
4,5000,direct_pac_split_matched,,0.9615379346143604,0.9863670433944893,0.9615379346143604,1,0.9863670433944893,1,136,131,0.9064549221453762,1
4,5000,direct_pac_total_budget,,0.9488941558384771,0.9840024078340457,0.9488941558384771,1,0.9840024078340457,1,146,140,0.9031012844780666,1
4,5000,ordinal_pooled_candidate_uncertified,0.9,0.7253392979696158,0.8477182986674685,0.7253392979696158,1,0.8477182986674685,0,48,,,
4,5000,ordinal_candidate_plus_cp_certification,0.9,0.7253392979696158,0.8477182986674685,,0,1.0,1,136,111,0.7263415766990116,0
4,5000,ordinal_pooled_candidate_uncertified,0.93,0.8680657630945868,0.9590993514702717,0.8680657630945868,1,0.9590993514702717,1,48,,,
4,5000,ordinal_candidate_plus_cp_certification,0.93,0.8680657630945868,0.9590993514702717,,0,1.0,1,136,123,0.829743563371214,0
4,5000,ordinal_pooled_candidate_uncertified,0.95,0.8907963618416601,0.9681291187394743,0.8907963618416601,1,0.9681291187394743,1,48,,,
4,5000,ordinal_candidate_plus_cp_certification,0.95,0.8907963618416601,0.9681291187394743,,0,1.0,1,136,125,0.848040636678588,0
4,5000,ordinal_pooled_candidate_uncertified,0.97,1.0020642745862383,0.9920307629918967,1.0020642745862383,1,0.9920307629918967,1,48,,,
4,5000,ordinal_candidate_plus_cp_certification,0.97,1.0020642745862383,0.9920307629918967,1.0020642745862383,1,0.9920307629918967,1,136,132,0.9170293159042553,1
5,5000,independent_mondrian_total_budget,,,,0.7798534652094402,1,0.9030738983077529,1,177,,,
5,5000,direct_pac_split_matched,,0.8189991152759449,0.9325422016843179,0.8189991152759449,1,0.9325422016843179,1,174,166,0.9026675841136398,1
5,5000,direct_pac_total_budget,,0.8189991152759449,0.9325422016843179,0.8189991152759449,1,0.9325422016843179,1,177,169,0.9042728990986633,1
5,5000,ordinal_pooled_candidate_uncertified,0.9,0.8343585391047093,0.9420006819417439,0.8343585391047093,1,0.9420006819417439,1,43,,,
5,5000,ordinal_candidate_plus_cp_certification,0.9,0.8343585391047093,0.9420006819417439,0.8343585391047093,1,0.9420006819417439,1,174,167,0.9104056813226518,1
5,5000,ordinal_pooled_candidate_uncertified,0.93,0.8372465004949374,0.9436567113433509,0.8372465004949374,1,0.9436567113433509,1,43,,,
5,5000,ordinal_candidate_plus_cp_certification,0.93,0.8372465004949374,0.9436567113433509,0.8372465004949374,1,0.9436567113433509,1,174,167,0.9104056813226518,1
5,5000,ordinal_pooled_candidate_uncertified,0.95,0.8630531580195662,0.9568517461822501,0.8630531580195662,1,0.9568517461822501,1,43,,,
5,5000,ordinal_candidate_plus_cp_certification,0.95,0.8630531580195662,0.9568517461822501,0.8630531580195662,1,0.9568517461822501,1,174,169,0.9264036834757681,1
5,5000,ordinal_pooled_candidate_uncertified,0.97,0.874425873316691,0.9618134574137069,0.874425873316691,1,0.9618134574137069,1,43,,,
5,5000,ordinal_candidate_plus_cp_certification,0.97,0.874425873316691,0.9618134574137069,0.874425873316691,1,0.9618134574137069,1,174,169,0.9264036834757681,1
6,5000,independent_mondrian_total_budget,,,,0.7889385815912857,1,0.9106377870722018,1,178,,,
6,5000,direct_pac_split_matched,,0.8748015535190359,0.9619690672583112,0.8748015535190359,1,0.9619690672583112,1,169,162,0.9078262588660926,1
6,5000,direct_pac_total_budget,,0.86794346997917,0.9590456693497335,0.86794346997917,1,0.9590456693497335,1,178,170,0.9047963075945438,1
6,5000,ordinal_pooled_candidate_uncertified,0.9,0.7978654355997907,0.9176333584433021,0.7978654355997907,1,0.9176333584433021,1,45,,,
6,5000,ordinal_candidate_plus_cp_certification,0.9,0.7978654355997907,0.9176333584433021,,0,1.0,1,169,155,0.8545164245360302,0
6,5000,ordinal_pooled_candidate_uncertified,0.93,0.8058615148038568,0.9235420749811089,0.8058615148038568,1,0.9235420749811089,1,45,,,
6,5000,ordinal_candidate_plus_cp_certification,0.93,0.8058615148038568,0.9235420749811089,,0,1.0,1,169,155,0.8545164245360302,0
6,5000,ordinal_pooled_candidate_uncertified,0.95,0.8857813905042036,0.9662932257331287,0.8857813905042036,1,0.9662932257331287,1,45,,,
6,5000,ordinal_candidate_plus_cp_certification,0.95,0.8857813905042036,0.9662932257331287,0.8857813905042036,1,0.9662932257331287,1,169,164,0.9242787905361651,1
6,5000,ordinal_pooled_candidate_uncertified,0.97,0.9173731619343053,0.9765313653066264,0.9173731619343053,1,0.9765313653066264,1,45,,,
6,5000,ordinal_candidate_plus_cp_certification,0.97,0.9173731619343053,0.9765313653066264,0.9173731619343053,1,0.9765313653066264,1,169,167,0.9511940097984062,1
7,5000,independent_mondrian_total_budget,,,,0.79457578357916,1,0.9151050042256099,1,139,,,
7,5000,direct_pac_split_matched,,0.8302791479561387,0.9395965622246312,0.8302791479561387,1,0.9395965622246312,1,133,128,0.9044096497987777,1
7,5000,direct_pac_total_budget,,0.8385721950725042,0.9444043087203521,0.8385721950725042,1,0.9444043087203521,1,139,134,0.908414554787415,1
7,5000,ordinal_pooled_candidate_uncertified,0.9,0.8545212438089457,0.9527975790958867,0.8545212438089457,1,0.9527975790958867,1,47,,,
7,5000,ordinal_candidate_plus_cp_certification,0.9,0.8545212438089457,0.9527975790958867,0.8545212438089457,1,0.9527975790958867,1,133,131,0.9383003349398571,1
7,5000,ordinal_pooled_candidate_uncertified,0.93,0.8837119775492094,0.9655106989020183,0.8837119775492094,1,0.9655106989020183,1,47,,,
7,5000,ordinal_candidate_plus_cp_certification,0.93,0.8837119775492094,0.9655106989020183,0.8837119775492094,1,0.9655106989020183,1,133,132,0.9511324835718042,1
7,5000,ordinal_pooled_candidate_uncertified,0.95,0.970753428664036,0.9878945895772698,0.970753428664036,1,0.9878945895772698,1,47,,,
7,5000,ordinal_candidate_plus_cp_certification,0.95,0.970753428664036,0.9878945895772698,0.970753428664036,1,0.9878945895772698,1,133,132,0.9511324835718042,1
7,5000,ordinal_pooled_candidate_uncertified,0.97,1.001891904821537,0.9920119159588175,1.001891904821537,1,0.9920119159588175,1,47,,,
7,5000,ordinal_candidate_plus_cp_certification,0.97,1.001891904821537,0.9920119159588175,1.001891904821537,1,0.9920119159588175,1,133,132,0.9511324835718042,1
8,5000,independent_mondrian_total_budget,,,,0.755093902477101,1,0.8800965362227031,0,130,,,
8,5000,direct_pac_split_matched,,0.8662695622892191,0.9583051256182118,0.8662695622892191,1,0.9583051256182118,1,122,118,0.90780568803569,1
8,5000,direct_pac_total_budget,,0.8662695622892191,0.9583051256182118,0.8662695622892191,1,0.9583051256182118,1,130,125,0.9022730023564873,1
8,5000,ordinal_pooled_candidate_uncertified,0.9,0.8243264883552405,0.9359493979950095,0.8243264883552405,1,0.9359493979950095,1,50,,,
8,5000,ordinal_candidate_plus_cp_certification,0.9,0.8243264883552405,0.9359493979950095,,0,1.0,1,122,114,0.8627960379575847,0
8,5000,ordinal_pooled_candidate_uncertified,0.93,0.8924470461757279,0.968715029758271,0.8924470461757279,1,0.968715029758271,1,50,,,
8,5000,ordinal_candidate_plus_cp_certification,0.93,0.8924470461757279,0.968715029758271,0.8924470461757279,1,0.968715029758271,1,122,119,0.9200081320154609,1
8,5000,ordinal_pooled_candidate_uncertified,0.95,1.0045568254547672,0.9922989619304488,1.0045568254547672,1,0.9922989619304488,1,50,,,
8,5000,ordinal_candidate_plus_cp_certification,0.95,1.0045568254547672,0.9922989619304488,1.0045568254547672,1,0.9922989619304488,1,122,120,0.9328829500211038,1
8,5000,ordinal_pooled_candidate_uncertified,0.97,1.0361903389867144,0.9950735816397571,1.0361903389867144,1,0.9950735816397571,1,50,,,
8,5000,ordinal_candidate_plus_cp_certification,0.97,1.0361903389867144,0.9950735816397571,1.0361903389867144,1,0.9950735816397571,1,122,121,0.9468277155419931,1
9,5000,independent_mondrian_total_budget,,,,0.7762315184395828,1,0.8999308408789668,0,151,,,
9,5000,direct_pac_split_matched,,0.7936431677055271,0.9143777373351782,0.7936431677055271,1,0.9143777373351782,1,144,138,0.9017958953761545,1
9,5000,direct_pac_total_budget,,0.812237228937581,0.9280178178396665,0.812237228937581,1,0.9280178178396665,1,151,145,0.9062178955792519,1
9,5000,ordinal_pooled_candidate_uncertified,0.9,0.7391770557230029,0.8634355088737269,0.7391770557230029,1,0.8634355088737269,0,49,,,
9,5000,ordinal_candidate_plus_cp_certification,0.9,0.7391770557230029,0.8634355088737269,,0,1.0,1,144,125,0.7887402498891503,0
9,5000,ordinal_pooled_candidate_uncertified,0.93,0.8069531856892727,0.9243230949977856,0.8069531856892727,1,0.9243230949977856,1,49,,,
9,5000,ordinal_candidate_plus_cp_certification,0.93,0.8069531856892727,0.9243230949977856,0.8069531856892727,1,0.9243230949977856,1,144,138,0.9017958953761545,1
9,5000,ordinal_pooled_candidate_uncertified,0.95,1.0106900219063737,0.992925341730422,1.0106900219063737,1,0.992925341730422,1,49,,,
9,5000,ordinal_candidate_plus_cp_certification,0.95,1.0106900219063737,0.992925341730422,1.0106900219063737,1,0.992925341730422,1,144,144,0.9685256148599346,1
9,5000,ordinal_pooled_candidate_uncertified,0.97,1.1125154331236697,0.9984746233474583,1.1125154331236697,1,0.9984746233474583,1,49,,,
9,5000,ordinal_candidate_plus_cp_certification,0.97,1.1125154331236697,0.9984746233474583,1.1125154331236697,1,0.9984746233474583,1,144,144,0.9685256148599346,1
10,5000,independent_mondrian_total_budget,,,,0.7681741626495082,1,0.8926732618212659,0,161,,,
10,5000,direct_pac_split_matched,,0.8331997634944555,0.9413255530021682,0.8331997634944555,1,0.9413255530021682,1,157,150,0.9009850972248818,1
10,5000,direct_pac_total_budget,,0.8332437950852927,0.9413513190640298,0.8332437950852927,1,0.9413513190640298,1,161,154,0.9033755287390561,1
10,5000,ordinal_pooled_candidate_uncertified,0.9,0.7796318660449926,0.9028837049086765,0.7796318660449926,1,0.9028837049086765,1,38,,,
10,5000,ordinal_candidate_plus_cp_certification,0.9,0.7796318660449926,0.9028837049086765,,0,1.0,1,157,145,0.859629678157906,0
10,5000,ordinal_pooled_candidate_uncertified,0.93,0.7881505337295385,0.9099996159386508,0.7881505337295385,1,0.9099996159386508,1,38,,,
10,5000,ordinal_candidate_plus_cp_certification,0.93,0.7881505337295385,0.9099996159386508,,0,1.0,1,157,145,0.859629678157906,0
10,5000,ordinal_pooled_candidate_uncertified,0.95,0.949765942534244,0.9841760494289568,0.949765942534244,1,0.9841760494289568,1,38,,,
10,5000,ordinal_candidate_plus_cp_certification,0.95,0.949765942534244,0.9841760494289568,0.949765942534244,1,0.9841760494289568,1,157,154,0.9374387550612502,1
10,5000,ordinal_pooled_candidate_uncertified,0.97,0.949765942534244,0.9841760494289568,0.949765942534244,1,0.9841760494289568,1,38,,,
10,5000,ordinal_candidate_plus_cp_certification,0.97,0.949765942534244,0.9841760494289568,0.949765942534244,1,0.9841760494289568,1,157,154,0.9374387550612502,1
11,5000,independent_mondrian_total_budget,,,,0.7986861346296981,1,0.9182552021782759,1,151,,,
11,5000,direct_pac_split_matched,,0.8657103289097283,0.9580553148064689,0.8657103289097283,1,0.9580553148064689,1,148,142,0.9043724454763433,1
11,5000,direct_pac_total_budget,,0.8763955485563462,0.9626235693142717,0.8763955485563462,1,0.9626235693142717,1,151,145,0.9062178955792519,1
11,5000,ordinal_pooled_candidate_uncertified,0.9,0.8022389273797126,0.9209063844468031,0.8022389273797126,1,0.9209063844468031,1,45,,,
11,5000,ordinal_candidate_plus_cp_certification,0.9,0.8022389273797126,0.9209063844468031,,0,1.0,1,148,137,0.8599131072173491,0
11,5000,ordinal_pooled_candidate_uncertified,0.93,0.8224313928177599,0.9347530318750072,0.8224313928177599,1,0.9347530318750072,1,45,,,
11,5000,ordinal_candidate_plus_cp_certification,0.93,0.8224313928177599,0.9347530318750072,,0,1.0,1,148,138,0.8685203569365965,0
11,5000,ordinal_pooled_candidate_uncertified,0.95,0.8514128801374863,0.9512467722479983,0.8514128801374863,1,0.9512467722479983,1,45,,,
11,5000,ordinal_candidate_plus_cp_certification,0.95,0.8514128801374863,0.9512467722479983,,0,1.0,1,148,141,0.8951490137970513,0
11,5000,ordinal_pooled_candidate_uncertified,0.97,0.9595427629090916,0.9860152467625063,0.9595427629090916,1,0.9860152467625063,1,45,,,
11,5000,ordinal_candidate_plus_cp_certification,0.97,0.9595427629090916,0.9860152467625063,0.9595427629090916,1,0.9860152467625063,1,148,145,0.9337249558017986,1
12,5000,independent_mondrian_total_budget,,,,0.8272631988529529,1,0.9377695506863024,1,171,,,
12,5000,direct_pac_split_matched,,0.8718708573009781,0.9607413243584761,0.8718708573009781,1,0.9607413243584761,1,164,157,0.9050939977216843,1
12,5000,direct_pac_total_budget,,0.8697667755149661,0.9598401305148407,0.8697667755149661,1,0.9598401305148407,1,171,163,0.9010075427742397,1
12,5000,ordinal_pooled_candidate_uncertified,0.9,0.7755103872016145,0.8992962715410462,0.7755103872016145,1,0.8992962715410462,0,49,,,
12,5000,ordinal_candidate_plus_cp_certification,0.9,0.7755103872016145,0.8992962715410462,,0,1.0,1,164,143,0.799085052708884,0
12,5000,ordinal_pooled_candidate_uncertified,0.93,0.8586133736551875,0.9547786300645313,0.8586133736551875,1,0.9547786300645313,1,49,,,
12,5000,ordinal_candidate_plus_cp_certification,0.93,0.8586133736551875,0.9547786300645313,,0,1.0,1,164,153,0.8731320892622527,0
12,5000,ordinal_pooled_candidate_uncertified,0.95,0.8645253692213479,0.9575219865050029,0.8645253692213479,1,0.9575219865050029,1,49,,,
12,5000,ordinal_candidate_plus_cp_certification,0.95,0.8645253692213479,0.9575219865050029,,0,1.0,1,164,154,0.8809421833636042,0
12,5000,ordinal_pooled_candidate_uncertified,0.97,0.8847303061136848,0.9658976145786282,0.8847303061136848,1,0.9658976145786282,1,49,,,
12,5000,ordinal_candidate_plus_cp_certification,0.97,0.8847303061136848,0.9658976145786282,0.8847303061136848,1,0.9658976145786282,1,164,157,0.9050939977216843,1
13,5000,independent_mondrian_total_budget,,,,0.7646854927448286,1,0.8894158572115105,0,167,,,
13,5000,direct_pac_split_matched,,0.8177462541174325,0.9317209264569449,0.8177462541174325,1,0.9317209264569449,1,158,151,0.9015937184608263,1
13,5000,direct_pac_total_budget,,0.8177462541174325,0.9317209264569449,0.8177462541174325,1,0.9317209264569449,1,167,160,0.9067524420486599,1
13,5000,ordinal_pooled_candidate_uncertified,0.9,0.7876881005316012,0.9096235584001184,0.7876881005316012,1,0.9096235584001184,1,55,,,
13,5000,ordinal_candidate_plus_cp_certification,0.9,0.7876881005316012,0.9096235584001184,,0,1.0,1,158,146,0.8604868838944895,0
13,5000,ordinal_pooled_candidate_uncertified,0.93,0.9329442977347417,0.9805253199223141,0.9329442977347417,1,0.9805253199223141,1,55,,,
13,5000,ordinal_candidate_plus_cp_certification,0.93,0.9329442977347417,0.9805253199223141,0.9329442977347417,1,0.9805253199223141,1,158,157,0.9587269680737707,1
13,5000,ordinal_pooled_candidate_uncertified,0.95,0.9399153818374133,0.9821169621129245,0.9399153818374133,1,0.9821169621129245,1,55,,,
13,5000,ordinal_candidate_plus_cp_certification,0.95,0.9399153818374133,0.9821169621129245,0.9399153818374133,1,0.9821169621129245,1,158,157,0.9587269680737707,1
13,5000,ordinal_pooled_candidate_uncertified,0.97,1.1545033885516571,0.9992443812942194,1.1545033885516571,1,0.9992443812942194,1,55,,,
13,5000,ordinal_candidate_plus_cp_certification,0.97,1.1545033885516571,0.9992443812942194,1.1545033885516571,1,0.9992443812942194,1,158,158,0.971274019847117,1
14,5000,independent_mondrian_total_budget,,,,0.7477277797206386,1,0.8725731014181104,0,162,,,
14,5000,direct_pac_split_matched,,0.8565307216254424,0.9537789162868701,0.8565307216254424,1,0.9537789162868701,1,153,147,0.9074091491353258,1
14,5000,direct_pac_total_budget,,0.8486585319868385,0.9498388018779382,0.8486585319868385,1,0.9498388018779382,1,162,155,0.9039552209663271,1
14,5000,ordinal_pooled_candidate_uncertified,0.9,0.8615118160797396,0.9561409067316082,0.8615118160797396,1,0.9561409067316082,1,44,,,
14,5000,ordinal_candidate_plus_cp_certification,0.9,0.8615118160797396,0.9561409067316082,0.8615118160797396,1,0.9561409067316082,1,153,147,0.9074091491353258,1
14,5000,ordinal_pooled_candidate_uncertified,0.93,0.8785401334771398,0.9634896001184817,0.8785401334771398,1,0.9634896001184817,1,44,,,
14,5000,ordinal_candidate_plus_cp_certification,0.93,0.8785401334771398,0.9634896001184817,0.8785401334771398,1,0.9634896001184817,1,153,150,0.9358408589841591,1
14,5000,ordinal_pooled_candidate_uncertified,0.95,0.9947679836780969,0.9911979095401042,0.9947679836780969,1,0.9911979095401042,1,44,,,
14,5000,ordinal_candidate_plus_cp_certification,0.95,0.9947679836780969,0.9911979095401042,0.9947679836780969,1,0.9911979095401042,1,153,151,0.9461967438748702,1
14,5000,ordinal_pooled_candidate_uncertified,0.97,1.0659977078740148,0.9968331736324381,1.0659977078740148,1,0.9968331736324381,1,44,,,
14,5000,ordinal_candidate_plus_cp_certification,0.97,1.0659977078740148,0.9968331736324381,1.0659977078740148,1,0.9968331736324381,1,153,152,0.9574029419279078,1
15,5000,independent_mondrian_total_budget,,,,0.8144899279025731,1,0.9295502515614165,1,149,,,
15,5000,direct_pac_split_matched,,0.877892405970053,0.9632297813770236,0.877892405970053,1,0.9632297813770236,1,142,136,0.9004548778010935,1
15,5000,direct_pac_total_budget,,0.877892405970053,0.9632297813770236,0.877892405970053,1,0.9632297813770236,1,149,143,0.9049956081288264,1
15,5000,ordinal_pooled_candidate_uncertified,0.9,0.7716668587978259,0.8958645581806257,0.7716668587978259,1,0.8958645581806257,0,48,,,
15,5000,ordinal_candidate_plus_cp_certification,0.9,0.7716668587978259,0.8958645581806257,,0,1.0,1,142,122,0.7776762021682986,0
15,5000,ordinal_pooled_candidate_uncertified,0.93,0.8289027670507252,0.9387680488969694,0.8289027670507252,1,0.9387680488969694,1,48,,,
15,5000,ordinal_candidate_plus_cp_certification,0.93,0.8289027670507252,0.9387680488969694,,0,1.0,1,142,129,0.8366457247024406,0
15,5000,ordinal_pooled_candidate_uncertified,0.95,0.8661531005601296,0.9582532014917928,0.8661531005601296,1,0.9582532014917928,1,48,,,
15,5000,ordinal_candidate_plus_cp_certification,0.95,0.8661531005601296,0.9582532014917928,,0,1.0,1,142,134,0.8814678840949786,0
15,5000,ordinal_pooled_candidate_uncertified,0.97,1.021507926778679,0.9939212526781405,1.021507926778679,1,0.9939212526781405,1,48,,,
15,5000,ordinal_candidate_plus_cp_certification,0.97,1.021507926778679,0.9939212526781405,1.021507926778679,1,0.9939212526781405,1,142,141,0.9541684127005499,1
16,5000,independent_mondrian_total_budget,,,,0.7074886175043705,1,0.8257346570160102,0,147,,,
16,5000,direct_pac_split_matched,,0.7419599865172237,0.8664573758135647,0.7419599865172237,1,0.8664573758135647,0,136,131,0.9064549221453762,1
16,5000,direct_pac_total_budget,,0.7419599865172237,0.8664573758135647,0.7419599865172237,1,0.8664573758135647,0,147,141,0.9037410588507298,1
16,5000,ordinal_pooled_candidate_uncertified,0.9,0.8603962637011133,0.9556205648282907,0.8603962637011133,1,0.9556205648282907,1,41,,,
16,5000,ordinal_candidate_plus_cp_certification,0.9,0.8603962637011133,0.9556205648282907,0.8603962637011133,1,0.9556205648282907,1,136,136,0.9667053400910419,1
16,5000,ordinal_pooled_candidate_uncertified,0.93,0.8674377959225711,0.9588230902551622,0.8674377959225711,1,0.9588230902551622,1,41,,,
16,5000,ordinal_candidate_plus_cp_certification,0.93,0.8674377959225711,0.9588230902551622,0.8674377959225711,1,0.9588230902551622,1,136,136,0.9667053400910419,1
16,5000,ordinal_pooled_candidate_uncertified,0.95,0.8674377959225711,0.9588230902551622,0.8674377959225711,1,0.9588230902551622,1,41,,,
16,5000,ordinal_candidate_plus_cp_certification,0.95,0.8674377959225711,0.9588230902551622,0.8674377959225711,1,0.9588230902551622,1,136,136,0.9667053400910419,1
16,5000,ordinal_pooled_candidate_uncertified,0.97,0.9380363248887329,0.9816992562207326,0.9380363248887329,1,0.9816992562207326,1,41,,,
16,5000,ordinal_candidate_plus_cp_certification,0.97,0.9380363248887329,0.9816992562207326,0.9380363248887329,1,0.9816992562207326,1,136,136,0.9667053400910419,1
17,5000,independent_mondrian_total_budget,,,,0.7693594340026224,1,0.8937640607815973,0,149,,,
17,5000,direct_pac_split_matched,,0.8464853200696028,0.9487051753708374,0.8464853200696028,1,0.9487051753708374,1,146,140,0.9031012844780666,1
17,5000,direct_pac_total_budget,,0.8464853200696028,0.9487051753708374,0.8464853200696028,1,0.9487051753708374,1,149,143,0.9049956081288264,1
17,5000,ordinal_pooled_candidate_uncertified,0.9,0.8928998176255813,0.9688741752448904,0.8928998176255813,1,0.9688741752448904,1,51,,,
17,5000,ordinal_candidate_plus_cp_certification,0.9,0.8928998176255813,0.9688741752448904,0.8928998176255813,1,0.9688741752448904,1,146,141,0.9126827792650167,1
17,5000,ordinal_pooled_candidate_uncertified,0.93,0.9364505315973151,0.9813403011459132,0.9364505315973151,1,0.9813403011459132,1,51,,,
17,5000,ordinal_candidate_plus_cp_certification,0.93,0.9364505315973151,0.9813403011459132,0.9364505315973151,1,0.9813403011459132,1,146,144,0.9436736348451149,1
17,5000,ordinal_pooled_candidate_uncertified,0.95,0.9381280326717447,0.9817198337116908,0.9381280326717447,1,0.9817198337116908,1,51,,,
17,5000,ordinal_candidate_plus_cp_certification,0.95,0.9381280326717447,0.9817198337116908,0.9381280326717447,1,0.9817198337116908,1,146,144,0.9436736348451149,1
17,5000,ordinal_pooled_candidate_uncertified,0.97,1.3398982348236732,0.9999792970270391,1.3398982348236732,1,0.9999792970270391,1,51,,,
17,5000,ordinal_candidate_plus_cp_certification,0.97,1.3398982348236732,0.9999792970270391,1.3398982348236732,1,0.9999792970270391,1,146,146,0.9689500062613694,1
18,5000,independent_mondrian_total_budget,,,,0.7672103439969556,1,0.8917803302960485,0,138,,,
18,5000,direct_pac_split_matched,,0.8969208897261125,0.9702583693713098,0.8969208897261125,1,0.9702583693713098,1,130,125,0.9022730023564873,1
18,5000,direct_pac_total_budget,,0.8969208897261125,0.9702583693713098,0.8969208897261125,1,0.9702583693713098,1,138,133,0.9077705252717603,1
18,5000,ordinal_pooled_candidate_uncertified,0.9,0.6947240189206177,0.8088374103766269,0.6947240189206177,1,0.8088374103766269,0,41,,,
18,5000,ordinal_candidate_plus_cp_certification,0.9,0.6947240189206177,0.8088374103766269,,0,1.0,1,130,103,0.6972926980023706,0
18,5000,ordinal_pooled_candidate_uncertified,0.93,0.7398478414278313,0.8641681293175059,0.7398478414278313,1,0.8641681293175059,0,41,,,
18,5000,ordinal_candidate_plus_cp_certification,0.93,0.7398478414278313,0.8641681293175059,,0,1.0,1,130,111,0.7671736933181779,0
18,5000,ordinal_pooled_candidate_uncertified,0.95,0.7398478414278313,0.8641681293175059,0.7398478414278313,1,0.8641681293175059,0,41,,,
18,5000,ordinal_candidate_plus_cp_certification,0.95,0.7398478414278313,0.8641681293175059,,0,1.0,1,130,111,0.7671736933181779,0
18,5000,ordinal_pooled_candidate_uncertified,0.97,0.777224504567112,0.9007998475827242,0.777224504567112,1,0.9007998475827242,1,41,,,
18,5000,ordinal_candidate_plus_cp_certification,0.97,0.777224504567112,0.9007998475827242,,0,1.0,1,130,119,0.8413175995238631,0
19,5000,independent_mondrian_total_budget,,,,0.8029181936194318,1,0.9214057707638657,1,155,,,
19,5000,direct_pac_split_matched,,0.8585666361201336,0.9547563875154191,0.8585666361201336,1,0.9547563875154191,1,151,145,0.9062178955792519,1
19,5000,direct_pac_total_budget,,0.8585666361201336,0.9547563875154191,0.8585666361201336,1,0.9547563875154191,1,155,149,0.9085705352326381,1
19,5000,ordinal_pooled_candidate_uncertified,0.9,0.8160292535320413,0.9305828918239374,0.8160292535320413,1,0.9305828918239374,1,39,,,
19,5000,ordinal_candidate_plus_cp_certification,0.9,0.8160292535320413,0.9305828918239374,,0,1.0,1,151,141,0.8710429037703884,0
19,5000,ordinal_pooled_candidate_uncertified,0.93,0.9011761029024442,0.9716671451621799,0.9011761029024442,1,0.9716671451621799,1,39,,,
19,5000,ordinal_candidate_plus_cp_certification,0.93,0.9011761029024442,0.9716671451621799,0.9011761029024442,1,0.9716671451621799,1,151,149,0.9454992149941415,1
19,5000,ordinal_pooled_candidate_uncertified,0.95,0.9011761029024442,0.9716671451621799,0.9011761029024442,1,0.9716671451621799,1,39,,,
19,5000,ordinal_candidate_plus_cp_certification,0.95,0.9011761029024442,0.9716671451621799,0.9011761029024442,1,0.9716671451621799,1,151,149,0.9454992149941415,1
19,5000,ordinal_pooled_candidate_uncertified,0.97,0.9205501367578618,0.9773979721799995,0.9205501367578618,1,0.9773979721799995,1,39,,,
19,5000,ordinal_candidate_plus_cp_certification,0.97,0.9205501367578618,0.9773979721799995,0.9205501367578618,1,0.9773979721799995,1,151,149,0.9454992149941415,1
20,5000,independent_mondrian_total_budget,,,,0.7324453960239985,1,0.8559336728329802,0,170,,,
20,5000,direct_pac_split_matched,,0.8096429866461774,0.9262215252634036,0.8096429866461774,1,0.9262215252634036,1,162,155,0.9039552209663271,1
20,5000,direct_pac_total_budget,,0.8077976253046577,0.9249230565684403,0.8077976253046577,1,0.9249230565684403,1,170,162,0.9004415481107013,1
20,5000,ordinal_pooled_candidate_uncertified,0.9,0.7585605148442034,0.8835266491466438,0.7585605148442034,1,0.8835266491466438,0,56,,,
20,5000,ordinal_candidate_plus_cp_certification,0.9,0.7585605148442034,0.8835266491466438,,0,1.0,1,162,148,0.8484587537343475,0
20,5000,ordinal_pooled_candidate_uncertified,0.93,0.8097420159109652,0.9262907177986472,0.8097420159109652,1,0.9262907177986472,1,56,,,
20,5000,ordinal_candidate_plus_cp_certification,0.93,0.8097420159109652,0.9262907177986472,0.8097420159109652,1,0.9262907177986472,1,162,155,0.9039552209663271,1
20,5000,ordinal_pooled_candidate_uncertified,0.95,0.8341252533914368,0.9418652575100472,0.8341252533914368,1,0.9418652575100472,1,56,,,
20,5000,ordinal_candidate_plus_cp_certification,0.95,0.8341252533914368,0.9418652575100472,0.8341252533914368,1,0.9418652575100472,1,162,157,0.9210892082321993,1
20,5000,ordinal_pooled_candidate_uncertified,0.97,1.0781196519487661,0.9973694635801267,1.0781196519487661,1,0.9973694635801267,1,56,,,
20,5000,ordinal_candidate_plus_cp_certification,0.97,1.0781196519487661,0.9973694635801267,1.0781196519487661,1,0.9973694635801267,1,162,162,0.9719732684867477,1
21,5000,independent_mondrian_total_budget,,,,0.7849410809362101,1,0.9073655600591367,1,175,,,
21,5000,direct_pac_split_matched,,0.8273593804258323,0.9378284738522012,0.8273593804258323,1,0.9378284738522012,1,167,160,0.9067524420486599,1
21,5000,direct_pac_total_budget,,0.8227197533364228,0.9349361829339924,0.8227197533364228,1,0.9349361829339924,1,175,167,0.9032086347713166,1
21,5000,ordinal_pooled_candidate_uncertified,0.9,0.7094128775231803,0.8281970149033293,0.7094128775231803,1,0.8281970149033293,0,46,,,
21,5000,ordinal_candidate_plus_cp_certification,0.9,0.7094128775231803,0.8281970149033293,,0,1.0,1,167,139,0.7543409467711901,0
21,5000,ordinal_pooled_candidate_uncertified,0.93,0.7109234126998106,0.8301143075637281,0.7109234126998106,1,0.8301143075637281,0,46,,,
21,5000,ordinal_candidate_plus_cp_certification,0.93,0.7109234126998106,0.8301143075637281,,0,1.0,1,167,139,0.7543409467711901,0
21,5000,ordinal_pooled_candidate_uncertified,0.95,0.7636827944001596,0.8884666508912209,0.7636827944001596,1,0.8884666508912209,0,46,,,
21,5000,ordinal_candidate_plus_cp_certification,0.95,0.7636827944001596,0.8884666508912209,,0,1.0,1,167,145,0.7955481678406204,0
21,5000,ordinal_pooled_candidate_uncertified,0.97,0.9446817977200943,0.9831402026803043,0.9446817977200943,1,0.9831402026803043,1,46,,,
21,5000,ordinal_candidate_plus_cp_certification,0.97,0.9446817977200943,0.9831402026803043,0.9446817977200943,1,0.9831402026803043,1,167,165,0.9506207047511992,1
22,5000,independent_mondrian_total_budget,,,,0.7814702276678629,1,0.9044532580977449,1,156,,,
22,5000,direct_pac_split_matched,,0.8905339762319029,0.9680351552380329,0.8905339762319029,1,0.9680351552380329,1,148,142,0.9043724454763433,1
22,5000,direct_pac_total_budget,,0.8569297241187279,0.9539718075857018,0.8569297241187279,1,0.9539718075857018,1,156,149,0.9003689055809638,1
22,5000,ordinal_pooled_candidate_uncertified,0.9,0.8971355312117142,0.97033079717363,0.8971355312117142,1,0.97033079717363,1,38,,,
22,5000,ordinal_candidate_plus_cp_certification,0.9,0.8971355312117142,0.97033079717363,0.8971355312117142,1,0.97033079717363,1,148,142,0.9043724454763433,1
22,5000,ordinal_pooled_candidate_uncertified,0.93,0.9439302675046994,0.9829822701785469,0.9439302675046994,1,0.9829822701785469,1,38,,,
22,5000,ordinal_candidate_plus_cp_certification,0.93,0.9439302675046994,0.9829822701785469,0.9439302675046994,1,0.9829822701785469,1,148,146,0.9444183456057609,1
22,5000,ordinal_pooled_candidate_uncertified,0.95,0.9833898192375192,0.9897467475733428,0.9833898192375192,1,0.9897467475733428,1,38,,,
22,5000,ordinal_candidate_plus_cp_certification,0.95,0.9833898192375192,0.9897467475733428,0.9833898192375192,1,0.9897467475733428,1,148,147,0.9559911651000494,1
22,5000,ordinal_pooled_candidate_uncertified,0.97,0.9833898192375192,0.9897467475733428,0.9833898192375192,1,0.9897467475733428,1,38,,,
22,5000,ordinal_candidate_plus_cp_certification,0.97,0.9833898192375192,0.9897467475733428,0.9833898192375192,1,0.9897467475733428,1,148,147,0.9559911651000494,1
23,5000,independent_mondrian_total_budget,,,,0.7521755784194702,1,0.8771542196726403,0,160,,,
23,5000,direct_pac_split_matched,,0.8542704881370339,0.9526739580130663,0.8542704881370339,1,0.9526739580130663,1,152,146,0.9068173272964544,1
23,5000,direct_pac_total_budget,,0.8392069025821915,0.9447594559731708,0.8392069025821915,1,0.9447594559731708,1,160,153,0.9027888006348077,1
23,5000,ordinal_pooled_candidate_uncertified,0.9,0.7899692411251102,0.9114673399484047,0.7899692411251102,1,0.9114673399484047,1,38,,,
23,5000,ordinal_candidate_plus_cp_certification,0.9,0.7899692411251102,0.9114673399484047,,0,1.0,1,152,142,0.8718624012805674,0
23,5000,ordinal_pooled_candidate_uncertified,0.93,0.8526503414129101,0.9518689693954792,0.8526503414129101,1,0.9518689693954792,1,38,,,
23,5000,ordinal_candidate_plus_cp_certification,0.93,0.8526503414129101,0.9518689693954792,,0,1.0,1,152,145,0.8978255399431037,0
23,5000,ordinal_pooled_candidate_uncertified,0.95,0.8746116604306877,0.9618904767472445,0.8746116604306877,1,0.9618904767472445,1,38,,,
23,5000,ordinal_candidate_plus_cp_certification,0.95,0.8746116604306877,0.9618904767472445,0.8746116604306877,1,0.9618904767472445,1,152,147,0.9160369246644777,1
23,5000,ordinal_pooled_candidate_uncertified,0.97,0.8746116604306877,0.9618904767472445,0.8746116604306877,1,0.9618904767472445,1,38,,,
23,5000,ordinal_candidate_plus_cp_certification,0.97,0.8746116604306877,0.9618904767472445,0.8746116604306877,1,0.9618904767472445,1,152,147,0.9160369246644777,1
24,5000,independent_mondrian_total_budget,,,,0.8066584237957795,1,0.9241128133642842,1,147,,,
24,5000,direct_pac_split_matched,,0.8951089510581927,0.969641090790009,0.8951089510581927,1,0.969641090790009,1,143,137,0.9011299306325309,1
24,5000,direct_pac_total_budget,,0.8951089510581927,0.969641090790009,0.8951089510581927,1,0.969641090790009,1,147,141,0.9037410588507298,1
24,5000,ordinal_pooled_candidate_uncertified,0.9,0.8918583334973887,0.9685070962798459,0.8918583334973887,1,0.9685070962798459,1,49,,,
24,5000,ordinal_candidate_plus_cp_certification,0.9,0.8918583334973887,0.9685070962798459,,0,1.0,1,143,136,0.8915996418838648,0
24,5000,ordinal_pooled_candidate_uncertified,0.93,0.9776979733905635,0.9889454952270822,0.9776979733905635,1,0.9889454952270822,1,49,,,
24,5000,ordinal_candidate_plus_cp_certification,0.93,0.9776979733905635,0.9889454952270822,0.9776979733905635,1,0.9889454952270822,1,143,142,0.9544826165186566,1
24,5000,ordinal_pooled_candidate_uncertified,0.95,1.003501023817622,0.9921863429098186,1.003501023817622,1,0.9921863429098186,1,49,,,
24,5000,ordinal_candidate_plus_cp_certification,0.95,1.003501023817622,0.9921863429098186,1.003501023817622,1,0.9921863429098186,1,143,142,0.9544826165186566,1
24,5000,ordinal_pooled_candidate_uncertified,0.97,1.0111670135699617,0.9929721174597874,1.0111670135699617,1,0.9929721174597874,1,49,,,
24,5000,ordinal_candidate_plus_cp_certification,0.97,1.0111670135699617,0.9929721174597874,1.0111670135699617,1,0.9929721174597874,1,143,142,0.9544826165186566,1
25,5000,independent_mondrian_total_budget,,,,0.7771696870953798,1,0.9007520187321776,1,170,,,
25,5000,direct_pac_split_matched,,0.8717193530796639,0.9606769886083106,0.8717193530796639,1,0.9606769886083106,1,162,155,0.9039552209663271,1
25,5000,direct_pac_total_budget,,0.8474356093170576,0.9492033636336856,0.8474356093170576,1,0.9492033636336856,1,170,162,0.9004415481107013,1
25,5000,ordinal_pooled_candidate_uncertified,0.9,0.7977311347948277,0.9175312604671015,0.7977311347948277,1,0.9175312604671015,1,49,,,
25,5000,ordinal_candidate_plus_cp_certification,0.9,0.7977311347948277,0.9175312604671015,,0,1.0,1,162,149,0.8560968345473541,0
25,5000,ordinal_pooled_candidate_uncertified,0.93,0.8673012240117036,0.9587628084084915,0.8673012240117036,1,0.9587628084084915,1,49,,,
25,5000,ordinal_candidate_plus_cp_certification,0.93,0.8673012240117036,0.9587628084084915,,0,1.0,1,162,154,0.8956695886150092,0
25,5000,ordinal_pooled_candidate_uncertified,0.95,0.9032270118682872,0.9723260466194596,0.9032270118682872,1,0.9723260466194596,1,49,,,
25,5000,ordinal_candidate_plus_cp_certification,0.95,0.9032270118682872,0.9723260466194596,0.9032270118682872,1,0.9723260466194596,1,162,160,0.9491267450473593,1
25,5000,ordinal_pooled_candidate_uncertified,0.97,0.9972369301716929,0.9914878995799368,0.9972369301716929,1,0.9914878995799368,1,49,,,
25,5000,ordinal_candidate_plus_cp_certification,0.97,0.9972369301716929,0.9914878995799368,0.9972369301716929,1,0.9914878995799368,1,162,161,0.9597283723034531,1
26,5000,independent_mondrian_total_budget,,,,0.7591586522682744,1,0.8841113768728494,0,180,,,
26,5000,direct_pac_split_matched,,0.8511955984032754,0.951136862115586,0.8511955984032754,1,0.951136862115586,1,173,165,0.902120454265311,1
26,5000,direct_pac_total_budget,,0.8511955984032754,0.951136862115586,0.8511955984032754,1,0.951136862115586,1,180,172,0.9058261485382515,1
26,5000,ordinal_pooled_candidate_uncertified,0.9,0.7300343831205229,0.8531804603839357,0.7300343831205229,1,0.8531804603839357,0,62,,,
26,5000,ordinal_candidate_plus_cp_certification,0.9,0.7300343831205229,0.8531804603839357,,0,1.0,1,173,151,0.8023450732802035,0
26,5000,ordinal_pooled_candidate_uncertified,0.93,0.7526052992382473,0.8775906238101907,0.7526052992382473,1,0.8775906238101907,0,62,,,
26,5000,ordinal_candidate_plus_cp_certification,0.93,0.7526052992382473,0.8775906238101907,,0,1.0,1,173,153,0.8159202783583626,0
26,5000,ordinal_pooled_candidate_uncertified,0.95,0.7992211864596677,0.9186587011634546,0.7992211864596677,1,0.9186587011634546,1,62,,,
26,5000,ordinal_candidate_plus_cp_certification,0.95,0.7992211864596677,0.9186587011634546,,0,1.0,1,173,160,0.8649438411787163,0
26,5000,ordinal_pooled_candidate_uncertified,0.97,0.8885906519719418,0.967332082468892,0.8885906519719418,1,0.967332082468892,1,62,,,
26,5000,ordinal_candidate_plus_cp_certification,0.97,0.8885906519719418,0.967332082468892,0.8885906519719418,1,0.967332082468892,1,173,168,0.9259882958761501,1
27,5000,independent_mondrian_total_budget,,,,0.8076998771040089,1,0.9248537941550912,1,172,,,
27,5000,direct_pac_split_matched,,0.8808398066597243,0.964399944576689,0.8808398066597243,1,0.964399944576689,1,168,161,0.9072924581203399,1
27,5000,direct_pac_total_budget,,0.8808398066597243,0.964399944576689,0.8808398066597243,1,0.964399944576689,1,172,164,0.9015671422550087,1
27,5000,ordinal_pooled_candidate_uncertified,0.9,0.7647074521997235,0.88943658017904,0.7647074521997235,1,0.88943658017904,0,44,,,
27,5000,ordinal_candidate_plus_cp_certification,0.9,0.7647074521997235,0.88943658017904,,0,1.0,1,168,148,0.81066532613895,0
27,5000,ordinal_pooled_candidate_uncertified,0.93,0.768969987368911,0.8934065419105306,0.768969987368911,1,0.8934065419105306,0,44,,,
27,5000,ordinal_candidate_plus_cp_certification,0.93,0.768969987368911,0.8934065419105306,,0,1.0,1,168,148,0.81066532613895,0
27,5000,ordinal_pooled_candidate_uncertified,0.95,0.8304717291500904,0.9397117836683678,0.8304717291500904,1,0.9397117836683678,1,44,,,
27,5000,ordinal_candidate_plus_cp_certification,0.95,0.8304717291500904,0.9397117836683678,,0,1.0,1,168,155,0.8610610462370634,0
27,5000,ordinal_pooled_candidate_uncertified,0.97,0.9183588209184457,0.9768031733161957,0.9183588209184457,1,0.9768031733161957,1,44,,,
27,5000,ordinal_candidate_plus_cp_certification,0.97,0.9183588209184457,0.9768031733161957,0.9183588209184457,1,0.9768031733161957,1,168,163,0.9238390080057621,1
28,5000,independent_mondrian_total_budget,,,,0.8433201914857433,1,0.9470177774412594,1,161,,,
28,5000,direct_pac_split_matched,,0.8826857992919057,0.9651171596776625,0.8826857992919057,1,0.9651171596776625,1,154,148,0.9079935050104913,1
28,5000,direct_pac_total_budget,,0.8815374321113099,0.9646723979922553,0.8815374321113099,1,0.9646723979922553,1,161,154,0.9033755287390561,1
28,5000,ordinal_pooled_candidate_uncertified,0.9,0.7783080586962701,0.9017418037725078,0.7783080586962701,1,0.9017418037725078,1,45,,,
28,5000,ordinal_candidate_plus_cp_certification,0.9,0.7783080586962701,0.9017418037725078,,0,1.0,1,154,134,0.7942208355034446,0
28,5000,ordinal_pooled_candidate_uncertified,0.93,0.7889447471019293,0.9106427666748913,0.7889447471019293,1,0.9106427666748913,1,45,,,
28,5000,ordinal_candidate_plus_cp_certification,0.93,0.7889447471019293,0.9106427666748913,,0,1.0,1,154,136,0.8095429653501327,0
28,5000,ordinal_pooled_candidate_uncertified,0.95,0.817160728433445,0.9313344667476783,0.817160728433445,1,0.9313344667476783,1,45,,,
28,5000,ordinal_candidate_plus_cp_certification,0.95,0.817160728433445,0.9313344667476783,,0,1.0,1,154,138,0.8250869822156235,0
28,5000,ordinal_pooled_candidate_uncertified,0.97,0.9455255888961587,0.9833160282908546,0.9455255888961587,1,0.9833160282908546,1,45,,,
28,5000,ordinal_candidate_plus_cp_certification,0.97,0.9455255888961587,0.9833160282908546,0.9455255888961587,1,0.9833160282908546,1,154,151,0.9362479345622321,1
29,5000,independent_mondrian_total_budget,,,,0.7786078733673627,1,0.9020012780203649,1,152,,,
29,5000,direct_pac_split_matched,,0.8485789678760889,0.9497976535218713,0.8485789678760889,1,0.9497976535218713,1,148,142,0.9043724454763433,1
29,5000,direct_pac_total_budget,,0.8485789678760889,0.9497976535218713,0.8485789678760889,1,0.9497976535218713,1,152,146,0.9068173272964544,1
29,5000,ordinal_pooled_candidate_uncertified,0.9,0.7558936882737715,0.8808941519834068,0.7558936882737715,1,0.8808941519834068,0,41,,,
29,5000,ordinal_candidate_plus_cp_certification,0.9,0.7558936882737715,0.8808941519834068,,0,1.0,1,148,130,0.8021650488133232,0
29,5000,ordinal_pooled_candidate_uncertified,0.93,0.7647462067743066,0.88947314577946,0.7647462067743066,1,0.88947314577946,0,41,,,
29,5000,ordinal_candidate_plus_cp_certification,0.93,0.7647462067743066,0.88947314577946,,0,1.0,1,148,130,0.8021650488133232,0
29,5000,ordinal_pooled_candidate_uncertified,0.95,0.7647462067743066,0.88947314577946,0.7647462067743066,1,0.88947314577946,0,41,,,
29,5000,ordinal_candidate_plus_cp_certification,0.95,0.7647462067743066,0.88947314577946,,0,1.0,1,148,130,0.8021650488133232,0
29,5000,ordinal_pooled_candidate_uncertified,0.97,0.9035197677176678,0.9724190512377593,0.9035197677176678,1,0.9724190512377593,1,41,,,
29,5000,ordinal_candidate_plus_cp_certification,0.97,0.9035197677176678,0.9724190512377593,0.9035197677176678,1,0.9724190512377593,1,148,144,0.9235829336416184,1
30,5000,independent_mondrian_total_budget,,,,0.8164630292051549,1,0.9308717699609825,1,178,,,
30,5000,direct_pac_split_matched,,0.8876539066728584,0.9669886509172062,0.8876539066728584,1,0.9669886509172062,1,168,161,0.9072924581203399,1
30,5000,direct_pac_total_budget,,0.883872806206728,0.9655720447625475,0.883872806206728,1,0.9655720447625475,1,178,170,0.9047963075945438,1
30,5000,ordinal_pooled_candidate_uncertified,0.9,0.7639338328926519,0.888704842284161,0.7639338328926519,1,0.888704842284161,0,42,,,
30,5000,ordinal_candidate_plus_cp_certification,0.9,0.7639338328926519,0.888704842284161,,0,1.0,1,168,149,0.8177057889352455,0
30,5000,ordinal_pooled_candidate_uncertified,0.93,0.8145899550451907,0.9296177104768755,0.8145899550451907,1,0.9296177104768755,1,42,,,
30,5000,ordinal_candidate_plus_cp_certification,0.93,0.8145899550451907,0.9296177104768755,,0,1.0,1,168,151,0.8319299654410564,0
30,5000,ordinal_pooled_candidate_uncertified,0.95,0.8232039217812054,0.9352428029138626,0.8232039217812054,1,0.9352428029138626,1,42,,,
30,5000,ordinal_candidate_plus_cp_certification,0.95,0.8232039217812054,0.9352428029138626,,0,1.0,1,168,152,0.8391206679376202,0
30,5000,ordinal_pooled_candidate_uncertified,0.97,0.9841005733058703,0.9898431549835904,0.9841005733058703,1,0.9898431549835904,1,42,,,
30,5000,ordinal_candidate_plus_cp_certification,0.97,0.9841005733058703,0.9898431549835904,0.9841005733058703,1,0.9898431549835904,1,168,167,0.9611425749923967,1
31,5000,independent_mondrian_total_budget,,,,0.7749778911951444,1,0.8988258141798504,0,138,,,
31,5000,direct_pac_split_matched,,0.8531333414697632,0.9521100917149958,0.8531333414697632,1,0.9521100917149958,1,135,130,0.9057829532954065,1
31,5000,direct_pac_total_budget,,0.8531333414697632,0.9521100917149958,0.8531333414697632,1,0.9521100917149958,1,138,133,0.9077705252717603,1
31,5000,ordinal_pooled_candidate_uncertified,0.9,0.7429361005430399,0.8675063204955584,0.7429361005430399,1,0.8675063204955584,0,38,,,
31,5000,ordinal_candidate_plus_cp_certification,0.9,0.7429361005430399,0.8675063204955584,,0,1.0,1,135,119,0.8016096654637597,0
31,5000,ordinal_pooled_candidate_uncertified,0.93,0.908469816400679,0.9739525725329475,0.908469816400679,1,0.9739525725329475,1,38,,,
31,5000,ordinal_candidate_plus_cp_certification,0.93,0.908469816400679,0.9739525725329475,0.908469816400679,1,0.9739525725329475,1,135,132,0.9275094767885259,1
31,5000,ordinal_pooled_candidate_uncertified,0.95,1.104726014156378,0.99827012177957,1.104726014156378,1,0.99827012177957,1,38,,,
31,5000,ordinal_candidate_plus_cp_certification,0.95,1.104726014156378,0.99827012177957,1.104726014156378,1,0.99827012177957,1,135,135,0.9664628954103243,1
31,5000,ordinal_pooled_candidate_uncertified,0.97,1.104726014156378,0.99827012177957,1.104726014156378,1,0.99827012177957,1,38,,,
31,5000,ordinal_candidate_plus_cp_certification,0.97,1.104726014156378,0.99827012177957,1.104726014156378,1,0.99827012177957,1,135,135,0.9664628954103243,1
32,5000,independent_mondrian_total_budget,,,,0.7543268566977634,1,0.87932804121434,0,148,,,
32,5000,direct_pac_split_matched,,0.852918721601258,0.952003069262047,0.852918721601258,1,0.952003069262047,1,139,134,0.908414554787415,1
32,5000,direct_pac_total_budget,,0.8444757563040844,0.947638865231682,0.8444757563040844,1,0.947638865231682,1,148,142,0.9043724454763433,1
32,5000,ordinal_pooled_candidate_uncertified,0.9,0.7422359894050943,0.8667545495008336,0.7422359894050943,1,0.8667545495008336,0,51,,,
32,5000,ordinal_candidate_plus_cp_certification,0.9,0.7422359894050943,0.8667545495008336,,0,1.0,1,139,124,0.8157149415306078,0
32,5000,ordinal_pooled_candidate_uncertified,0.93,0.8600725010058774,0.955468620001294,0.8600725010058774,1,0.955468620001294,1,51,,,
32,5000,ordinal_candidate_plus_cp_certification,0.93,0.8600725010058774,0.955468620001294,0.8600725010058774,1,0.955468620001294,1,139,134,0.908414554787415,1
32,5000,ordinal_pooled_candidate_uncertified,0.95,0.8729130816151243,0.9611815832662243,0.8729130816151243,1,0.9611815832662243,1,51,,,
32,5000,ordinal_candidate_plus_cp_certification,0.95,0.8729130816151243,0.9611815832662243,0.8729130816151243,1,0.9611815832662243,1,139,136,0.9295425756108417,1
32,5000,ordinal_pooled_candidate_uncertified,0.97,0.8806782541354007,0.9643366062081785,0.8806782541354007,1,0.9643366062081785,1,51,,,
32,5000,ordinal_candidate_plus_cp_certification,0.97,0.8806782541354007,0.9643366062081785,0.8806782541354007,1,0.9643366062081785,1,139,136,0.9295425756108417,1
33,5000,independent_mondrian_total_budget,,,,0.7740280834670049,1,0.8979826915617557,0,140,,,
33,5000,direct_pac_split_matched,,0.8557519058854757,0.9534005405439323,0.8557519058854757,1,0.9534005405439323,1,135,130,0.9057829532954065,1
33,5000,direct_pac_total_budget,,0.8557519058854757,0.9534005405439323,0.8557519058854757,1,0.9534005405439323,1,140,135,0.9090496573115576,1
33,5000,ordinal_pooled_candidate_uncertified,0.9,0.7217771920359233,0.8434853353776612,0.7217771920359233,1,0.8434853353776612,0,50,,,
33,5000,ordinal_candidate_plus_cp_certification,0.9,0.7217771920359233,0.8434853353776612,,0,1.0,1,135,115,0.76674034627004,0
33,5000,ordinal_pooled_candidate_uncertified,0.93,0.7700924579930609,0.8944346387777448,0.7700924579930609,1,0.8944346387777448,0,50,,,
33,5000,ordinal_candidate_plus_cp_certification,0.93,0.7700924579930609,0.8944346387777448,,0,1.0,1,135,121,0.8194747857563021,0
33,5000,ordinal_pooled_candidate_uncertified,0.95,0.8065075040615024,0.9240049759037476,0.8065075040615024,1,0.9240049759037476,1,50,,,
33,5000,ordinal_candidate_plus_cp_certification,0.95,0.8065075040615024,0.9240049759037476,,0,1.0,1,135,126,0.8658648672943374,0
33,5000,ordinal_pooled_candidate_uncertified,0.97,0.9556943814975851,0.9853145392522837,0.9556943814975851,1,0.9853145392522837,1,50,,,
33,5000,ordinal_candidate_plus_cp_certification,0.97,0.9556943814975851,0.9853145392522837,0.9556943814975851,1,0.9853145392522837,1,135,132,0.9275094767885259,1
34,5000,independent_mondrian_total_budget,,,,0.7809254685672966,1,0.9039901134920115,1,160,,,
34,5000,direct_pac_split_matched,,0.8026254261043623,0.9211908263202608,0.8026254261043623,1,0.9211908263202608,1,152,146,0.9068173272964544,1
34,5000,direct_pac_total_budget,,0.8247295537005443,0.9362016382064324,0.8247295537005443,1,0.9362016382064324,1,160,153,0.9027888006348077,1
34,5000,ordinal_pooled_candidate_uncertified,0.9,0.7522458213662377,0.8772256295835518,0.7522458213662377,1,0.8772256295835518,0,49,,,
34,5000,ordinal_candidate_plus_cp_certification,0.9,0.7522458213662377,0.8772256295835518,,0,1.0,1,152,134,0.8071454374054985,0
34,5000,ordinal_pooled_candidate_uncertified,0.93,0.7726814211897428,0.8967785441386649,0.7726814211897428,1,0.8967785441386649,0,49,,,
34,5000,ordinal_candidate_plus_cp_certification,0.93,0.7726814211897428,0.8967785441386649,,0,1.0,1,152,136,0.8228801546434727,0
34,5000,ordinal_pooled_candidate_uncertified,0.95,0.8696198628603977,0.9597765841413541,0.8696198628603977,1,0.9597765841413541,1,49,,,
34,5000,ordinal_candidate_plus_cp_certification,0.95,0.8696198628603977,0.9597765841413541,0.8696198628603977,1,0.9597765841413541,1,152,147,0.9160369246644777,1
34,5000,ordinal_pooled_candidate_uncertified,0.97,1.0970871113476388,0.9980456376211733,1.0970871113476388,1,0.9980456376211733,1,49,,,
34,5000,ordinal_candidate_plus_cp_certification,0.97,1.0970871113476388,0.9980456376211733,1.0970871113476388,1,0.9980456376211733,1,152,151,0.9571278785222195,1
35,5000,independent_mondrian_total_budget,,,,0.7907887832141267,1,0.9121228643882171,1,146,,,
35,5000,direct_pac_split_matched,,0.9495500517300333,0.9841331997836567,0.9495500517300333,1,0.9841331997836567,1,138,133,0.9077705252717603,1
35,5000,direct_pac_total_budget,,0.9400212752885628,0.9821402577330942,0.9400212752885628,1,0.9821402577330942,1,146,140,0.9031012844780666,1
35,5000,ordinal_pooled_candidate_uncertified,0.9,0.7226085080076541,0.844480078953193,0.7226085080076541,1,0.844480078953193,0,45,,,
35,5000,ordinal_candidate_plus_cp_certification,0.9,0.7226085080076541,0.844480078953193,,0,1.0,1,138,116,0.7548203981569999,0
35,5000,ordinal_pooled_candidate_uncertified,0.93,0.7278763078289245,0.8506863368608899,0.7278763078289245,1,0.8506863368608899,0,45,,,
35,5000,ordinal_candidate_plus_cp_certification,0.93,0.7278763078289245,0.8506863368608899,,0,1.0,1,138,117,0.7631617891066196,0
35,5000,ordinal_pooled_candidate_uncertified,0.95,0.7907887832141267,0.9121228643882171,0.7907887832141267,1,0.9121228643882171,1,45,,,
35,5000,ordinal_candidate_plus_cp_certification,0.95,0.7907887832141267,0.9121228643882171,,0,1.0,1,138,125,0.8321080803721614,0
35,5000,ordinal_pooled_candidate_uncertified,0.97,0.9781714640201171,0.989014166427968,0.9781714640201171,1,0.989014166427968,1,45,,,
35,5000,ordinal_candidate_plus_cp_certification,0.97,0.9781714640201171,0.989014166427968,0.9781714640201171,1,0.989014166427968,1,138,135,0.9290450639413379,1
36,5000,independent_mondrian_total_budget,,,,0.8018112609152619,1,0.9205907400513602,1,152,,,
36,5000,direct_pac_split_matched,,0.8329331876422088,0.9411693704409964,0.8329331876422088,1,0.9411693704409964,1,146,140,0.9031012844780666,1
36,5000,direct_pac_total_budget,,0.8329331876422088,0.9411693704409964,0.8329331876422088,1,0.9411693704409964,1,152,146,0.9068173272964544,1
36,5000,ordinal_pooled_candidate_uncertified,0.9,0.7755706597850681,0.8993494213613326,0.7755706597850681,1,0.8993494213613326,0,43,,,
36,5000,ordinal_candidate_plus_cp_certification,0.9,0.7755706597850681,0.8993494213613326,,0,1.0,1,146,128,0.7995773632588359,0
36,5000,ordinal_pooled_candidate_uncertified,0.93,0.7882650808245559,0.9100925874010566,0.7882650808245559,1,0.9100925874010566,1,43,,,
36,5000,ordinal_candidate_plus_cp_certification,0.93,0.7882650808245559,0.9100925874010566,,0,1.0,1,146,130,0.8159131121835179,0
36,5000,ordinal_pooled_candidate_uncertified,0.95,0.8366057845167066,0.9432925638289493,0.8366057845167066,1,0.9432925638289493,1,43,,,
36,5000,ordinal_candidate_plus_cp_certification,0.95,0.8366057845167066,0.9432925638289493,0.8366057845167066,1,0.9432925638289493,1,146,141,0.9126827792650167,1
36,5000,ordinal_pooled_candidate_uncertified,0.97,0.8576629231271373,0.9543245744689508,0.8576629231271373,1,0.9543245744689508,1,43,,,
36,5000,ordinal_candidate_plus_cp_certification,0.97,0.8576629231271373,0.9543245744689508,0.8576629231271373,1,0.9543245744689508,1,146,142,0.9225634887660978,1
37,5000,independent_mondrian_total_budget,,,,0.7641637744334642,1,0.8889226966472425,0,131,,,
37,5000,direct_pac_split_matched,,0.8312324878388522,0.9401652647379717,0.8312324878388522,1,0.9401652647379717,1,123,119,0.9085319518567241,1
37,5000,direct_pac_total_budget,,0.8312324878388522,0.9401652647379717,0.8312324878388522,1,0.9401652647379717,1,131,126,0.9029957459006093,1
37,5000,ordinal_pooled_candidate_uncertified,0.9,0.8781761375656498,0.9633437783075093,0.8781761375656498,1,0.9633437783075093,1,42,,,
37,5000,ordinal_candidate_plus_cp_certification,0.9,0.8781761375656498,0.9633437783075093,0.8781761375656498,1,0.9633437783075093,1,123,120,0.9206398158929865,1
37,5000,ordinal_pooled_candidate_uncertified,0.93,0.8886881347672904,0.9673676519421814,0.8886881347672904,1,0.9673676519421814,1,42,,,
37,5000,ordinal_candidate_plus_cp_certification,0.93,0.8886881347672904,0.9673676519421814,0.8886881347672904,1,0.9673676519421814,1,123,120,0.9206398158929865,1
37,5000,ordinal_pooled_candidate_uncertified,0.95,0.9653002171606904,0.9870096818326476,0.9653002171606904,1,0.9870096818326476,1,42,,,
37,5000,ordinal_candidate_plus_cp_certification,0.95,0.9653002171606904,0.9870096818326476,0.9653002171606904,1,0.9870096818326476,1,123,122,0.9472501417884147,1
37,5000,ordinal_pooled_candidate_uncertified,0.97,1.0161439611531555,0.9934441302391679,1.0161439611531555,1,0.9934441302391679,1,42,,,
37,5000,ordinal_candidate_plus_cp_certification,0.97,1.0161439611531555,0.9934441302391679,1.0161439611531555,1,0.9934441302391679,1,123,122,0.9472501417884147,1
38,5000,independent_mondrian_total_budget,,,,0.7743380068864902,1,0.8982583636072226,0,145,,,
38,5000,direct_pac_split_matched,,0.8277014742626562,0.9380376962048853,0.8277014742626562,1,0.9380376962048853,1,138,133,0.9077705252717603,1
38,5000,direct_pac_total_budget,,0.8277014742626562,0.9380376962048853,0.8277014742626562,1,0.9380376962048853,1,145,139,0.9024529542098725,1
38,5000,ordinal_pooled_candidate_uncertified,0.9,0.7472260832920786,0.8720490065366531,0.7472260832920786,1,0.8720490065366531,0,42,,,
38,5000,ordinal_candidate_plus_cp_certification,0.9,0.7472260832920786,0.8720490065366531,,0,1.0,1,138,119,0.7800053893755516,0
38,5000,ordinal_pooled_candidate_uncertified,0.93,0.8365963916545875,0.9432872116898161,0.8365963916545875,1,0.9432872116898161,1,42,,,
38,5000,ordinal_candidate_plus_cp_certification,0.93,0.8365963916545875,0.9432872116898161,0.8365963916545875,1,0.9432872116898161,1,138,134,0.9181985114831948,1
38,5000,ordinal_pooled_candidate_uncertified,0.95,0.859501933090593,0.9551998273376001,0.859501933090593,1,0.9551998273376001,1,42,,,
38,5000,ordinal_candidate_plus_cp_certification,0.95,0.859501933090593,0.9551998273376001,0.859501933090593,1,0.9551998273376001,1,138,135,0.9290450639413379,1
38,5000,ordinal_pooled_candidate_uncertified,0.97,1.0362521886183809,0.9950779928568243,1.0362521886183809,1,0.9950779928568243,1,42,,,
38,5000,ordinal_candidate_plus_cp_certification,0.97,1.0362521886183809,0.9950779928568243,1.0362521886183809,1,0.9950779928568243,1,138,137,0.9528669949425013,1
39,5000,independent_mondrian_total_budget,,,,0.8128664492404551,1,0.9284484046939966,1,153,,,
39,5000,direct_pac_split_matched,,0.8764559432715966,0.9626481856330598,0.8764559432715966,1,0.9626481856330598,1,149,143,0.9049956081288264,1
39,5000,direct_pac_total_budget,,0.8764559432715966,0.9626481856330598,0.8764559432715966,1,0.9626481856330598,1,153,147,0.9074091491353258,1
39,5000,ordinal_pooled_candidate_uncertified,0.9,0.6303506244929282,0.7094412457187685,0.6303506244929282,1,0.7094412457187685,0,43,,,
39,5000,ordinal_candidate_plus_cp_certification,0.9,0.6303506244929282,0.7094412457187685,,0,1.0,1,149,98,0.560614088956572,0
39,5000,ordinal_pooled_candidate_uncertified,0.93,0.7910423066712281,0.9123249144264353,0.7910423066712281,1,0.9123249144264353,1,43,,,
39,5000,ordinal_candidate_plus_cp_certification,0.93,0.7910423066712281,0.9123249144264353,,0,1.0,1,149,133,0.8194636938701239,0
39,5000,ordinal_pooled_candidate_uncertified,0.95,0.8817528762742378,0.9647561919616645,0.8817528762742378,1,0.9647561919616645,1,43,,,
39,5000,ordinal_candidate_plus_cp_certification,0.95,0.8817528762742378,0.9647561919616645,0.8817528762742378,1,0.9647561919616645,1,149,144,0.9143926774980422,1
39,5000,ordinal_pooled_candidate_uncertified,0.97,0.9866209084505021,0.9901786704354152,0.9866209084505021,1,0.9901786704354152,1,43,,,
39,5000,ordinal_candidate_plus_cp_certification,0.97,0.9866209084505021,0.9901786704354152,0.9866209084505021,1,0.9901786704354152,1,149,147,0.944783366593877,1
40,5000,independent_mondrian_total_budget,,,,0.7878390531624422,1,0.9097464433829574,1,159,,,
40,5000,direct_pac_split_matched,,0.8511855389283218,0.9511317688232717,0.8511855389283218,1,0.9511317688232717,1,153,147,0.9074091491353258,1
40,5000,direct_pac_total_budget,,0.8454459995271616,0.9481558705289919,0.8454459995271616,1,0.9481558705289919,1,159,152,0.9021949078600895,1
40,5000,ordinal_pooled_candidate_uncertified,0.9,0.8747778867533547,0.9619592795794694,0.8747778867533547,1,0.9619592795794694,1,32,,,
40,5000,ordinal_candidate_plus_cp_certification,0.9,0.8747778867533547,0.9619592795794694,0.8747778867533547,1,0.9619592795794694,1,153,148,0.9165710669564093,1
40,5000,ordinal_pooled_candidate_uncertified,0.93,1.0302867231091684,0.9946359620276655,1.0302867231091684,1,0.9946359620276655,1,32,,,
40,5000,ordinal_candidate_plus_cp_certification,0.93,1.0302867231091684,0.9946359620276655,1.0302867231091684,1,0.9946359620276655,1,153,151,0.9461967438748702,1
40,5000,ordinal_pooled_candidate_uncertified,0.95,1.2650015254964573,0.9999023453417903,1.2650015254964573,1,0.9999023453417903,1,32,,,
40,5000,ordinal_candidate_plus_cp_certification,0.95,1.2650015254964573,0.9999023453417903,1.2650015254964573,1,0.9999023453417903,1,153,153,0.9703493171471171,1
40,5000,ordinal_pooled_candidate_uncertified,0.97,,1.0,,0,1.0,1,32,,,
40,5000,ordinal_candidate_plus_cp_certification,0.97,,1.0,,0,1.0,1,153,0,0.0,0
41,5000,independent_mondrian_total_budget,,,,0.7725270395480217,1,0.8966398437806194,0,150,,,
41,5000,direct_pac_split_matched,,0.8354029001337999,0.94260390572018,0.8354029001337999,1,0.94260390572018,1,144,138,0.9017958953761545,1
41,5000,direct_pac_total_budget,,0.8354029001337999,0.94260390572018,0.8354029001337999,1,0.94260390572018,1,150,144,0.9056107063487693,1
41,5000,ordinal_pooled_candidate_uncertified,0.9,0.7897832130825053,0.9113180363041161,0.7897832130825053,1,0.9113180363041161,1,48,,,
41,5000,ordinal_candidate_plus_cp_certification,0.9,0.7897832130825053,0.9113180363041161,,0,1.0,1,144,131,0.8388239381697953,0
41,5000,ordinal_pooled_candidate_uncertified,0.93,0.850511163377139,0.9507893517652719,0.850511163377139,1,0.9507893517652719,1,48,,,
41,5000,ordinal_candidate_plus_cp_certification,0.93,0.850511163377139,0.9507893517652719,0.850511163377139,1,0.9507893517652719,1,144,139,0.9115044074908967,1
41,5000,ordinal_pooled_candidate_uncertified,0.95,0.9402920873189242,0.9821997162660665,0.9402920873189242,1,0.9821997162660665,1,48,,,
41,5000,ordinal_candidate_plus_cp_certification,0.95,0.9402920873189242,0.9821997162660665,0.9402920873189242,1,0.9821997162660665,1,144,141,0.9319290609331183,1
41,5000,ordinal_pooled_candidate_uncertified,0.97,1.1773842763590587,0.9994935544635313,1.1773842763590587,1,0.9994935544635313,1,48,,,
41,5000,ordinal_candidate_plus_cp_certification,0.97,1.1773842763590587,0.9994935544635313,1.1773842763590587,1,0.9994935544635313,1,144,144,0.9685256148599346,1
42,5000,independent_mondrian_total_budget,,,,0.7863495044929314,1,0.90852841626249,1,145,,,
42,5000,direct_pac_split_matched,,0.9227265669091171,0.9779759517610773,0.9227265669091171,1,0.9779759517610773,1,140,135,0.9090496573115576,1
42,5000,direct_pac_total_budget,,0.9227265669091171,0.9779759517610773,0.9227265669091171,1,0.9779759517610773,1,145,139,0.9024529542098725,1
42,5000,ordinal_pooled_candidate_uncertified,0.9,0.8885280195788596,0.9673092123273997,0.8885280195788596,1,0.9673092123273997,1,43,,,
42,5000,ordinal_candidate_plus_cp_certification,0.9,0.8885280195788596,0.9673092123273997,,0,1.0,1,140,132,0.8798323288532885,0
42,5000,ordinal_pooled_candidate_uncertified,0.93,0.921735846750614,0.9777144188038811,0.921735846750614,1,0.9777144188038811,1,43,,,
42,5000,ordinal_candidate_plus_cp_certification,0.93,0.921735846750614,0.9777144188038811,,0,1.0,1,140,134,0.8990767539946358,0
42,5000,ordinal_pooled_candidate_uncertified,0.95,1.0043129972780687,0.992273081200558,1.0043129972780687,1,0.992273081200558,1,43,,,
42,5000,ordinal_candidate_plus_cp_certification,0.95,1.0043129972780687,0.992273081200558,1.0043129972780687,1,0.992273081200558,1,140,140,0.9676410537094535,1
42,5000,ordinal_pooled_candidate_uncertified,0.97,1.0409974506736948,0.9954061161008613,1.0409974506736948,1,0.9954061161008613,1,43,,,
42,5000,ordinal_candidate_plus_cp_certification,0.97,1.0409974506736948,0.9954061161008613,1.0409974506736948,1,0.9954061161008613,1,140,140,0.9676410537094535,1
43,5000,independent_mondrian_total_budget,,,,0.8061463263948372,1,0.9237464280673106,1,163,,,
43,5000,direct_pac_split_matched,,0.8491857734397847,0.9501107975622434,0.8491857734397847,1,0.9501107975622434,1,157,150,0.9009850972248818,1
43,5000,direct_pac_total_budget,,0.8578901099628042,0.9544334396268879,0.8578901099628042,1,0.9544334396268879,1,163,156,0.9045280030435363,1
43,5000,ordinal_pooled_candidate_uncertified,0.9,0.8397980556100129,0.9450886185988339,0.8397980556100129,1,0.9450886185988339,1,50,,,
43,5000,ordinal_candidate_plus_cp_certification,0.9,0.8397980556100129,0.9450886185988339,,0,1.0,1,157,147,0.8758086116545982,0
43,5000,ordinal_pooled_candidate_uncertified,0.93,0.8441326574213268,0.9474550643438742,0.8441326574213268,1,0.9474550643438742,1,50,,,
43,5000,ordinal_candidate_plus_cp_certification,0.93,0.8441326574213268,0.9474550643438742,,0,1.0,1,157,147,0.8758086116545982,0
43,5000,ordinal_pooled_candidate_uncertified,0.95,0.8562488844086963,0.9536422758476355,0.8562488844086963,1,0.9536422758476355,1,50,,,
43,5000,ordinal_candidate_plus_cp_certification,0.95,0.8562488844086963,0.9536422758476355,0.8562488844086963,1,0.9536422758476355,1,157,150,0.9009850972248818,1
43,5000,ordinal_pooled_candidate_uncertified,0.97,0.8795154685273601,0.9638779942438607,0.8795154685273601,1,0.9638779942438607,1,50,,,
43,5000,ordinal_candidate_plus_cp_certification,0.97,0.8795154685273601,0.9638779942438607,0.8795154685273601,1,0.9638779942438607,1,157,153,0.9278569589025831,1
44,5000,independent_mondrian_total_budget,,,,0.8308104670489668,1,0.93991403326244,1,143,,,
44,5000,direct_pac_split_matched,,0.8762352956108201,0.9625581874827982,0.8762352956108201,1,0.9625581874827982,1,138,133,0.9077705252717603,1
44,5000,direct_pac_total_budget,,0.8717881025046947,0.9607061934410446,0.8717881025046947,1,0.9607061934410446,1,143,137,0.9011299306325309,1
44,5000,ordinal_pooled_candidate_uncertified,0.9,0.7774114326512294,0.9009628176678195,0.7774114326512294,1,0.9009628176678195,1,47,,,
44,5000,ordinal_candidate_plus_cp_certification,0.9,0.7774114326512294,0.9009628176678195,,0,1.0,1,138,118,0.771555747658812,0
44,5000,ordinal_pooled_candidate_uncertified,0.93,0.8294386733212807,0.9390916874754429,0.8294386733212807,1,0.9390916874754429,1,47,,,
44,5000,ordinal_candidate_plus_cp_certification,0.93,0.8294386733212807,0.9390916874754429,,0,1.0,1,138,124,0.8232303237792866,0
44,5000,ordinal_pooled_candidate_uncertified,0.95,0.8553571729089875,0.9532078185721011,0.8553571729089875,1,0.9532078185721011,1,47,,,
44,5000,ordinal_candidate_plus_cp_certification,0.95,0.8553571729089875,0.9532078185721011,,0,1.0,1,138,129,0.8686753904310816,0
44,5000,ordinal_pooled_candidate_uncertified,0.97,0.8560739620773276,0.9535573069558001,0.8560739620773276,1,0.9535573069558001,1,47,,,
44,5000,ordinal_candidate_plus_cp_certification,0.97,0.8560739620773276,0.9535573069558001,,0,1.0,1,138,129,0.8686753904310816,0
45,5000,independent_mondrian_total_budget,,,,0.8032373447004569,1,0.921639579003856,1,164,,,
45,5000,direct_pac_split_matched,,0.8434240324262828,0.9470738272463993,0.8434240324262828,1,0.9470738272463993,1,158,151,0.9015937184608263,1
45,5000,direct_pac_total_budget,,0.8434240324262828,0.9470738272463993,0.8434240324262828,1,0.9470738272463993,1,164,157,0.9050939977216843,1
45,5000,ordinal_pooled_candidate_uncertified,0.9,0.8097177719724613,0.9262737829531256,0.8097177719724613,1,0.9262737829531256,1,50,,,
45,5000,ordinal_candidate_plus_cp_certification,0.9,0.8097177719724613,0.9262737829531256,,0,1.0,1,158,145,0.8525857346890986,0
45,5000,ordinal_pooled_candidate_uncertified,0.93,0.9011299553034785,0.9716521702852892,0.9011299553034785,1,0.9716521702852892,1,50,,,
45,5000,ordinal_candidate_plus_cp_certification,0.93,0.9011299553034785,0.9716521702852892,0.9011299553034785,1,0.9716521702852892,1,158,154,0.9283025312582773,1
45,5000,ordinal_pooled_candidate_uncertified,0.95,0.9566947547807279,0.9854995308713779,0.9566947547807279,1,0.9854995308713779,1,50,,,
45,5000,ordinal_candidate_plus_cp_certification,0.95,0.9566947547807279,0.9854995308713779,0.9566947547807279,1,0.9854995308713779,1,158,155,0.937825873215862,1
45,5000,ordinal_pooled_candidate_uncertified,0.97,0.9856763521047275,0.9900540793545685,0.9856763521047275,1,0.9900540793545685,1,50,,,
45,5000,ordinal_candidate_plus_cp_certification,0.97,0.9856763521047275,0.9900540793545685,0.9856763521047275,1,0.9900540793545685,1,158,157,0.9587269680737707,1
46,5000,independent_mondrian_total_budget,,,,0.7675748333260686,1,0.8921186387505591,0,159,,,
46,5000,direct_pac_split_matched,,0.9336996887612715,0.9807034116030907,0.9336996887612715,1,0.9807034116030907,1,152,146,0.9068173272964544,1
46,5000,direct_pac_total_budget,,0.8875984724379489,0.9669682346078883,0.8875984724379489,1,0.9669682346078883,1,159,152,0.9021949078600895,1
46,5000,ordinal_pooled_candidate_uncertified,0.9,0.7338733456579972,0.857547773265396,0.7338733456579972,1,0.857547773265396,0,47,,,
46,5000,ordinal_candidate_plus_cp_certification,0.9,0.7338733456579972,0.857547773265396,,0,1.0,1,152,131,0.7839571509803529,0
46,5000,ordinal_pooled_candidate_uncertified,0.93,0.7488612343116452,0.8737516576296496,0.7488612343116452,1,0.8737516576296496,0,47,,,
46,5000,ordinal_candidate_plus_cp_certification,0.93,0.7488612343116452,0.8737516576296496,,0,1.0,1,152,133,0.7993644659094539,0
46,5000,ordinal_pooled_candidate_uncertified,0.95,0.7496766936554379,0.8745948523701456,0.7496766936554379,1,0.8745948523701456,0,47,,,
46,5000,ordinal_candidate_plus_cp_certification,0.95,0.7496766936554379,0.8745948523701456,,0,1.0,1,152,133,0.7993644659094539,0
46,5000,ordinal_pooled_candidate_uncertified,0.97,0.7840481334583494,0.9066226609109266,0.7840481334583494,1,0.9066226609109266,1,47,,,
46,5000,ordinal_candidate_plus_cp_certification,0.97,0.7840481334583494,0.9066226609109266,,0,1.0,1,152,139,0.8469860934895481,0
47,5000,independent_mondrian_total_budget,,,,0.8169197508265873,1,0.9311749271481609,1,167,,,
47,5000,direct_pac_split_matched,,0.8893414828031703,0.9676052217010064,0.8893414828031703,1,0.9676052217010064,1,161,154,0.9033755287390561,1
47,5000,direct_pac_total_budget,,0.8893414828031703,0.9676052217010064,0.8893414828031703,1,0.9676052217010064,1,167,160,0.9067524420486599,1
47,5000,ordinal_pooled_candidate_uncertified,0.9,0.8729550072291673,0.9611992091032875,0.8729550072291673,1,0.9611992091032875,1,38,,,
47,5000,ordinal_candidate_plus_cp_certification,0.9,0.8729550072291673,0.9611992091032875,,0,1.0,1,161,153,0.8950407575228789,0
47,5000,ordinal_pooled_candidate_uncertified,0.93,0.95866689618359,0.9858583554591976,0.95866689618359,1,0.9858583554591976,1,38,,,
47,5000,ordinal_candidate_plus_cp_certification,0.93,0.95866689618359,0.9858583554591976,0.95866689618359,1,0.9858583554591976,1,161,157,0.9296068366112811,1
47,5000,ordinal_pooled_candidate_uncertified,0.95,1.0079808124027663,0.992654418554858,1.0079808124027663,1,0.992654418554858,1,38,,,
47,5000,ordinal_candidate_plus_cp_certification,0.95,1.0079808124027663,0.992654418554858,1.0079808124027663,1,0.992654418554858,1,161,159,0.9488170413285018,1
47,5000,ordinal_pooled_candidate_uncertified,0.97,1.0079808124027663,0.992654418554858,1.0079808124027663,1,0.992654418554858,1,38,,,
47,5000,ordinal_candidate_plus_cp_certification,0.97,1.0079808124027663,0.992654418554858,1.0079808124027663,1,0.992654418554858,1,161,159,0.9488170413285018,1
48,5000,independent_mondrian_total_budget,,,,0.8147221786474274,1,0.9297068066492442,1,164,,,
48,5000,direct_pac_split_matched,,0.9217479036941857,0.9777176173085986,0.9217479036941857,1,0.9777176173085986,1,159,152,0.9021949078600895,1
48,5000,direct_pac_total_budget,,0.9217479036941857,0.9777176173085986,0.9217479036941857,1,0.9777176173085986,1,164,157,0.9050939977216843,1
48,5000,ordinal_pooled_candidate_uncertified,0.9,0.7407418755226474,0.8651403867913983,0.7407418755226474,1,0.8651403867913983,0,32,,,
48,5000,ordinal_candidate_plus_cp_certification,0.9,0.7407418755226474,0.8651403867913983,,0,1.0,1,159,134,0.7640046722086631,0
48,5000,ordinal_pooled_candidate_uncertified,0.93,0.7457693061084182,0.870518710017741,0.7457693061084182,1,0.870518710017741,0,32,,,
48,5000,ordinal_candidate_plus_cp_certification,0.93,0.7457693061084182,0.870518710017741,,0,1.0,1,159,135,0.7712067449602984,0
48,5000,ordinal_pooled_candidate_uncertified,0.95,0.8049632172978987,0.9228948144891096,0.8049632172978987,1,0.9228948144891096,1,32,,,
48,5000,ordinal_candidate_plus_cp_certification,0.95,0.8049632172978987,0.9228948144891096,,0,1.0,1,159,142,0.822799128868205,0
48,5000,ordinal_pooled_candidate_uncertified,0.97,,1.0,,0,1.0,1,32,,,
48,5000,ordinal_candidate_plus_cp_certification,0.97,,1.0,,0,1.0,1,159,0,0.0,0
49,5000,independent_mondrian_total_budget,,,,0.7707551142097977,1,0.8950382045744514,0,132,,,
49,5000,direct_pac_split_matched,,0.8219284187972131,0.934432612865618,0.8219284187972131,1,0.934432612865618,1,128,123,0.9007947393348585,1
49,5000,direct_pac_total_budget,,0.8234697565495852,0.9354106761158373,0.8234697565495852,1,0.9354106761158373,1,132,127,0.9037078845287307,1
49,5000,ordinal_pooled_candidate_uncertified,0.9,0.8959162214173875,0.9699174049399699,0.8959162214173875,1,0.9699174049399699,1,47,,,
49,5000,ordinal_candidate_plus_cp_certification,0.9,0.8959162214173875,0.9699174049399699,0.8959162214173875,1,0.9699174049399699,1,128,126,0.935950394524315,1
49,5000,ordinal_pooled_candidate_uncertified,0.93,0.9185635068810837,0.9768592845020858,0.9185635068810837,1,0.9768592845020858,1,47,,,
49,5000,ordinal_candidate_plus_cp_certification,0.93,0.9185635068810837,0.9768592845020858,0.9185635068810837,1,0.9768592845020858,1,128,126,0.935950394524315,1
49,5000,ordinal_pooled_candidate_uncertified,0.95,0.928950725195222,0.9795604231036636,0.928950725195222,1,0.9795604231036636,1,47,,,
49,5000,ordinal_candidate_plus_cp_certification,0.95,0.928950725195222,0.9795604231036636,0.928950725195222,1,0.9795604231036636,1,128,126,0.935950394524315,1
49,5000,ordinal_pooled_candidate_uncertified,0.97,0.9815554573141727,0.9894942365699129,0.9815554573141727,1,0.9894942365699129,1,47,,,
49,5000,ordinal_candidate_plus_cp_certification,0.97,0.9815554573141727,0.9894942365699129,0.9815554573141727,1,0.9894942365699129,1,128,128,0.9646616199111993,1
50,5000,independent_mondrian_total_budget,,,,0.8325871552236928,1,0.9409661491548476,1,139,,,
50,5000,direct_pac_split_matched,,0.9402377314986439,0.9821877956581452,0.9402377314986439,1,0.9821877956581452,1,136,131,0.9064549221453762,1
50,5000,direct_pac_total_budget,,0.9402377314986439,0.9821877956581452,0.9402377314986439,1,0.9821877956581452,1,139,134,0.908414554787415,1
50,5000,ordinal_pooled_candidate_uncertified,0.9,0.7743450704658841,0.8982646402237757,0.7743450704658841,1,0.8982646402237757,0,46,,,
50,5000,ordinal_candidate_plus_cp_certification,0.9,0.7743450704658841,0.8982646402237757,,0,1.0,1,136,117,0.7769315039835747,0
50,5000,ordinal_pooled_candidate_uncertified,0.93,0.7888729713000138,0.9105847838351535,0.7888729713000138,1,0.9105847838351535,1,46,,,
50,5000,ordinal_candidate_plus_cp_certification,0.93,0.7888729713000138,0.9105847838351535,,0,1.0,1,136,118,0.7855554751733453,0
50,5000,ordinal_pooled_candidate_uncertified,0.95,0.804214848286338,0.9223524112575257,0.804214848286338,1,0.9223524112575257,1,46,,,
50,5000,ordinal_candidate_plus_cp_certification,0.95,0.804214848286338,0.9223524112575257,,0,1.0,1,136,119,0.7942437593302314,0
50,5000,ordinal_pooled_candidate_uncertified,0.97,0.8161495821763717,0.9306631191601445,0.8161495821763717,1,0.9306631191601445,1,46,,,
50,5000,ordinal_candidate_plus_cp_certification,0.97,0.8161495821763717,0.9306631191601445,,0,1.0,1,136,120,0.8030009674349459,0
51,5000,independent_mondrian_total_budget,,,,0.7827159512809232,1,0.9055061675832485,1,172,,,
51,5000,direct_pac_split_matched,,0.8408272766563898,0.945658003173798,0.8408272766563898,1,0.945658003173798,1,167,160,0.9067524420486599,1
51,5000,direct_pac_total_budget,,0.8408272766563898,0.945658003173798,0.8408272766563898,1,0.945658003173798,1,172,164,0.9015671422550087,1
51,5000,ordinal_pooled_candidate_uncertified,0.9,0.812834581133143,0.9284266443916547,0.812834581133143,1,0.9284266443916547,1,41,,,
51,5000,ordinal_candidate_plus_cp_certification,0.9,0.812834581133143,0.9284266443916547,,0,1.0,1,167,154,0.860257572346917,0
51,5000,ordinal_pooled_candidate_uncertified,0.93,0.886182696473661,0.9664432711794562,0.886182696473661,1,0.9664432711794562,1,41,,,
51,5000,ordinal_candidate_plus_cp_certification,0.93,0.886182696473661,0.9664432711794562,0.886182696473661,1,0.9664432711794562,1,167,164,0.9411057719897926,1
51,5000,ordinal_pooled_candidate_uncertified,0.95,0.886182696473661,0.9664432711794562,0.886182696473661,1,0.9664432711794562,1,41,,,
51,5000,ordinal_candidate_plus_cp_certification,0.95,0.886182696473661,0.9664432711794562,0.886182696473661,1,0.9664432711794562,1,167,164,0.9411057719897926,1
51,5000,ordinal_pooled_candidate_uncertified,0.97,1.1444469158897261,0.9991025806790128,1.1444469158897261,1,0.9991025806790128,1,41,,,
51,5000,ordinal_candidate_plus_cp_certification,0.97,1.1444469158897261,0.9991025806790128,1.1444469158897261,1,0.9991025806790128,1,167,167,0.9728008739571616,1
52,5000,independent_mondrian_total_budget,,,,0.7535239998225485,1,0.8785199602458946,0,133,,,
52,5000,direct_pac_split_matched,,0.8967305569373076,0.9701940215411926,0.8967305569373076,1,0.9701940215411926,1,126,122,0.9106437123354043,1
52,5000,direct_pac_total_budget,,0.8967305569373076,0.9701940215411926,0.8967305569373076,1,0.9701940215411926,1,133,128,0.9044096497987777,1
52,5000,ordinal_pooled_candidate_uncertified,0.9,0.7501508876300541,0.8750833631471062,0.7501508876300541,1,0.8750833631471062,0,50,,,
52,5000,ordinal_candidate_plus_cp_certification,0.9,0.7501508876300541,0.8750833631471062,,0,1.0,1,126,113,0.8168485253681534,0
52,5000,ordinal_pooled_candidate_uncertified,0.93,0.8547700611216786,0.9529199886017997,0.8547700611216786,1,0.9529199886017997,1,50,,,
52,5000,ordinal_candidate_plus_cp_certification,0.93,0.8547700611216786,0.9529199886017997,,0,1.0,1,126,121,0.8992710994387689,0
52,5000,ordinal_pooled_candidate_uncertified,0.95,0.9128178435002554,0.9752401267882855,0.9128178435002554,1,0.9752401267882855,1,50,,,
52,5000,ordinal_candidate_plus_cp_certification,0.95,0.9128178435002554,0.9752401267882855,0.9128178435002554,1,0.9752401267882855,1,126,122,0.9106437123354043,1
52,5000,ordinal_pooled_candidate_uncertified,0.97,0.9237236108713578,0.9782365334800496,0.9237236108713578,1,0.9782365334800496,1,50,,,
52,5000,ordinal_candidate_plus_cp_certification,0.97,0.9237236108713578,0.9782365334800496,0.9237236108713578,1,0.9782365334800496,1,126,124,0.9349595383815337,1
53,5000,independent_mondrian_total_budget,,,,0.8095541041898284,1,0.9261593801181804,1,159,,,
53,5000,direct_pac_split_matched,,0.9002121282931376,0.9713529649475774,0.9002121282931376,1,0.9713529649475774,1,153,147,0.9074091491353258,1
53,5000,direct_pac_total_budget,,0.8987867089240091,0.9708830843486562,0.8987867089240091,1,0.9708830843486562,1,159,152,0.9021949078600895,1
53,5000,ordinal_pooled_candidate_uncertified,0.9,0.7466259519639955,0.871420117216263,0.7466259519639955,1,0.871420117216263,0,37,,,
53,5000,ordinal_candidate_plus_cp_certification,0.9,0.7466259519639955,0.871420117216263,,0,1.0,1,153,128,0.7552125052328529,0
53,5000,ordinal_pooled_candidate_uncertified,0.93,0.7801598160195693,0.9033363815302708,0.7801598160195693,1,0.9033363815302708,1,37,,,
53,5000,ordinal_candidate_plus_cp_certification,0.93,0.7801598160195693,0.9033363815302708,,0,1.0,1,153,131,0.7777177939637929,0
53,5000,ordinal_pooled_candidate_uncertified,0.95,0.8548374219508804,0.9529530839836258,0.8548374219508804,1,0.9529530839836258,1,37,,,
53,5000,ordinal_candidate_plus_cp_certification,0.95,0.8548374219508804,0.9529530839836258,,0,1.0,1,153,141,0.8560929978003975,0
53,5000,ordinal_pooled_candidate_uncertified,0.97,0.8548374219508804,0.9529530839836258,0.8548374219508804,1,0.9529530839836258,1,37,,,
53,5000,ordinal_candidate_plus_cp_certification,0.97,0.8548374219508804,0.9529530839836258,,0,1.0,1,153,141,0.8560929978003975,0
54,5000,independent_mondrian_total_budget,,,,0.7660121352193932,1,0.8906628078647658,0,144,,,
54,5000,direct_pac_split_matched,,0.8192431776909512,0.9327012972707858,0.8192431776909512,1,0.9327012972707858,1,140,135,0.9090496573115576,1
54,5000,direct_pac_total_budget,,0.8158872944659,0.930488150819045,0.8158872944659,1,0.930488150819045,1,144,138,0.9017958953761545,1
54,5000,ordinal_pooled_candidate_uncertified,0.9,0.8584753113928265,0.9547129003711126,0.8584753113928265,1,0.9547129003711126,1,49,,,
54,5000,ordinal_candidate_plus_cp_certification,0.9,0.8584753113928265,0.9547129003711126,0.8584753113928265,1,0.9547129003711126,1,140,137,0.9300331615438688,1
54,5000,ordinal_pooled_candidate_uncertified,0.93,0.8867470438036709,0.9666533460079794,0.8867470438036709,1,0.9666533460079794,1,49,,,
54,5000,ordinal_candidate_plus_cp_certification,0.93,0.8867470438036709,0.9666533460079794,0.8867470438036709,1,0.9666533460079794,1,140,137,0.9300331615438688,1
54,5000,ordinal_pooled_candidate_uncertified,0.95,0.9564395966476256,0.9854525379547205,0.9564395966476256,1,0.9854525379547205,1,49,,,
54,5000,ordinal_candidate_plus_cp_certification,0.95,0.9564395966476256,0.9854525379547205,0.9564395966476256,1,0.9854525379547205,1,140,138,0.9413147842958414,1
54,5000,ordinal_pooled_candidate_uncertified,0.97,1.0574721543132912,0.9963990440283719,1.0574721543132912,1,0.9963990440283719,1,49,,,
54,5000,ordinal_candidate_plus_cp_certification,0.97,1.0574721543132912,0.9963990440283719,1.0574721543132912,1,0.9963990440283719,1,140,138,0.9413147842958414,1
55,5000,independent_mondrian_total_budget,,,,0.7926338709048468,1,0.9135854284728179,1,174,,,
55,5000,direct_pac_split_matched,,0.8814499941237074,0.9646383436374624,0.8814499941237074,1,0.9646383436374624,1,167,160,0.9067524420486599,1
55,5000,direct_pac_total_budget,,0.8737198454989981,0.9615196101110113,0.8737198454989981,1,0.9615196101110113,1,174,166,0.9026675841136398,1
55,5000,ordinal_pooled_candidate_uncertified,0.9,0.7230791084381621,0.8450413414165611,0.7230791084381621,1,0.8450413414165611,0,43,,,
55,5000,ordinal_candidate_plus_cp_certification,0.9,0.7230791084381621,0.8450413414165611,,0,1.0,1,167,138,0.7475843227825194,0
55,5000,ordinal_pooled_candidate_uncertified,0.93,0.8054171399412433,0.9232224030458116,0.8054171399412433,1,0.9232224030458116,1,43,,,
55,5000,ordinal_candidate_plus_cp_certification,0.93,0.8054171399412433,0.9232224030458116,,0,1.0,1,167,153,0.8528355870226181,0
55,5000,ordinal_pooled_candidate_uncertified,0.95,0.81146997392863,0.9274900862849171,0.81146997392863,1,0.9274900862849171,1,43,,,
55,5000,ordinal_candidate_plus_cp_certification,0.95,0.81146997392863,0.9274900862849171,,0,1.0,1,167,153,0.8528355870226181,0
55,5000,ordinal_pooled_candidate_uncertified,0.97,0.934591396607298,0.9809118584385685,0.934591396607298,1,0.9809118584385685,1,43,,,
55,5000,ordinal_candidate_plus_cp_certification,0.97,0.934591396607298,0.9809118584385685,0.934591396607298,1,0.9809118584385685,1,167,162,0.9233940891928178,1
56,5000,independent_mondrian_total_budget,,,,0.7911920537487678,1,0.9124440950935023,1,152,,,
56,5000,direct_pac_split_matched,,0.8528759505291527,0.951981718158712,0.8528759505291527,1,0.951981718158712,1,146,140,0.9031012844780666,1
56,5000,direct_pac_total_budget,,0.8757645248308727,0.9623655766028496,0.8757645248308727,1,0.9623655766028496,1,152,146,0.9068173272964544,1
56,5000,ordinal_pooled_candidate_uncertified,0.9,0.8526887062606447,0.9518881572662281,0.8526887062606447,1,0.9518881572662281,1,44,,,
56,5000,ordinal_candidate_plus_cp_certification,0.9,0.8526887062606447,0.9518881572662281,,0,1.0,1,146,139,0.8937575067348955,0
56,5000,ordinal_pooled_candidate_uncertified,0.93,0.8622953904186247,0.9565034488378327,0.8622953904186247,1,0.9565034488378327,1,44,,,
56,5000,ordinal_candidate_plus_cp_certification,0.93,0.8622953904186247,0.9565034488378327,0.8622953904186247,1,0.9565034488378327,1,146,140,0.9031012844780666,1
56,5000,ordinal_pooled_candidate_uncertified,0.95,0.9547238761090002,0.9851331341478393,0.9547238761090002,1,0.9851331341478393,1,44,,,
56,5000,ordinal_candidate_plus_cp_certification,0.95,0.9547238761090002,0.9851331341478393,0.9547238761090002,1,0.9851331341478393,1,146,145,0.9553999041615555,1
56,5000,ordinal_pooled_candidate_uncertified,0.97,1.0544119645318801,0.9962306396255445,1.0544119645318801,1,0.9962306396255445,1,44,,,
56,5000,ordinal_candidate_plus_cp_certification,0.97,1.0544119645318801,0.9962306396255445,1.0544119645318801,1,0.9962306396255445,1,146,146,0.9689500062613694,1
57,5000,independent_mondrian_total_budget,,,,0.7323031723482654,1,0.8557722358409763,0,175,,,
57,5000,direct_pac_split_matched,,0.8329364865943062,0.9411713052364217,0.8329364865943062,1,0.9411713052364217,1,168,161,0.9072924581203399,1
57,5000,direct_pac_total_budget,,0.8220053639271412,0.9344817095700546,0.8220053639271412,1,0.9344817095700546,1,175,167,0.9032086347713166,1
57,5000,ordinal_pooled_candidate_uncertified,0.9,0.7140890115578162,0.8340876507016761,0.7140890115578162,1,0.8340876507016761,0,39,,,
57,5000,ordinal_candidate_plus_cp_certification,0.9,0.7140890115578162,0.8340876507016761,,0,1.0,1,168,146,0.7967131878353984,0
57,5000,ordinal_pooled_candidate_uncertified,0.93,0.8445081659575445,0.9476562009288424,0.8445081659575445,1,0.9476562009288424,1,39,,,
57,5000,ordinal_candidate_plus_cp_certification,0.93,0.8445081659575445,0.9476562009288424,0.8445081659575445,1,0.9476562009288424,1,168,161,0.9072924581203399,1
57,5000,ordinal_pooled_candidate_uncertified,0.95,0.8445081659575445,0.9476562009288424,0.8445081659575445,1,0.9476562009288424,1,39,,,
57,5000,ordinal_candidate_plus_cp_certification,0.95,0.8445081659575445,0.9476562009288424,0.8445081659575445,1,0.9476562009288424,1,168,161,0.9072924581203399,1
57,5000,ordinal_pooled_candidate_uncertified,0.97,0.8607809171866156,0.9558005429350115,0.8607809171866156,1,0.9558005429350115,1,39,,,
57,5000,ordinal_candidate_plus_cp_certification,0.97,0.8607809171866156,0.9558005429350115,0.8607809171866156,1,0.9558005429350115,1,168,162,0.9154632210808573,1
58,5000,independent_mondrian_total_budget,,,,0.7442148540377209,1,0.8688718751004456,0,165,,,
58,5000,direct_pac_split_matched,,0.8366244989082336,0.9433032262750578,0.8366244989082336,1,0.9433032262750578,1,158,151,0.9015937184608263,1
58,5000,direct_pac_total_budget,,0.8574605076569433,0.9542274034089849,0.8574605076569433,1,0.9542274034089849,1,165,158,0.9056533248633303,1
58,5000,ordinal_pooled_candidate_uncertified,0.9,0.7835207434951258,0.9061818297435251,0.7835207434951258,1,0.9061818297435251,1,53,,,
58,5000,ordinal_candidate_plus_cp_certification,0.9,0.7835207434951258,0.9061818297435251,,0,1.0,1,158,148,0.8765688922045893,0
58,5000,ordinal_pooled_candidate_uncertified,0.93,0.8633522714819463,0.9569886079253844,0.8633522714819463,1,0.9569886079253844,1,53,,,
58,5000,ordinal_candidate_plus_cp_certification,0.93,0.8633522714819463,0.9569886079253844,0.8633522714819463,1,0.9569886079253844,1,158,152,0.910259023352648,1
58,5000,ordinal_pooled_candidate_uncertified,0.95,0.8709823191003501,0.9603627847735873,0.8709823191003501,1,0.9603627847735873,1,53,,,
58,5000,ordinal_candidate_plus_cp_certification,0.95,0.8709823191003501,0.9603627847735873,0.8709823191003501,1,0.9603627847735873,1,158,152,0.910259023352648,1
58,5000,ordinal_pooled_candidate_uncertified,0.97,0.9034225733947969,0.9723882028349706,0.9034225733947969,1,0.9723882028349706,1,53,,,
58,5000,ordinal_candidate_plus_cp_certification,0.97,0.9034225733947969,0.9723882028349706,0.9034225733947969,1,0.9723882028349706,1,158,153,0.9191430238102896,1
59,5000,independent_mondrian_total_budget,,,,0.7875782353691284,1,0.9095340431234256,1,160,,,
59,5000,direct_pac_split_matched,,0.8304713978597913,0.9397115856050018,0.8304713978597913,1,0.9397115856050018,1,151,145,0.9062178955792519,1
59,5000,direct_pac_total_budget,,0.8235426449970908,0.9354566456726334,0.8235426449970908,1,0.9354566456726334,1,160,153,0.9027888006348077,1
59,5000,ordinal_pooled_candidate_uncertified,0.9,0.7720041027665714,0.8961690189347753,0.7720041027665714,1,0.8961690189347753,0,53,,,
59,5000,ordinal_candidate_plus_cp_certification,0.9,0.7720041027665714,0.8961690189347753,,0,1.0,1,151,133,0.8059239449646751,0
59,5000,ordinal_pooled_candidate_uncertified,0.93,0.8655885760839896,0.9580007672410611,0.8655885760839896,1,0.9580007672410611,1,53,,,
59,5000,ordinal_candidate_plus_cp_certification,0.93,0.8655885760839896,0.9580007672410611,0.8655885760839896,1,0.9580007672410611,1,151,147,0.9250627663859823,1
59,5000,ordinal_pooled_candidate_uncertified,0.95,0.8744613451652465,0.9618281723104398,0.8744613451652465,1,0.9618281723104398,1,53,,,
59,5000,ordinal_candidate_plus_cp_certification,0.95,0.8744613451652465,0.9618281723104398,0.8744613451652465,1,0.9618281723104398,1,151,148,0.9350109150729833,1
59,5000,ordinal_pooled_candidate_uncertified,0.97,0.9890973337601163,0.9904988709397884,0.9890973337601163,1,0.9904988709397884,1,53,,,
59,5000,ordinal_candidate_plus_cp_certification,0.97,0.9890973337601163,0.9904988709397884,0.9890973337601163,1,0.9904988709397884,1,151,151,0.9699625506558918,1
60,5000,independent_mondrian_total_budget,,,,0.7347260590833912,1,0.8585057931088272,0,159,,,
60,5000,direct_pac_split_matched,,0.8340862497512866,0.9418425913272095,0.8340862497512866,1,0.9418425913272095,1,152,146,0.9068173272964544,1
60,5000,direct_pac_total_budget,,0.8197719856873513,0.9330450131067596,0.8197719856873513,1,0.9330450131067596,1,159,152,0.9021949078600895,1
60,5000,ordinal_pooled_candidate_uncertified,0.9,0.68265305937341,0.7919670154070317,0.68265305937341,1,0.7919670154070317,0,31,,,
60,5000,ordinal_candidate_plus_cp_certification,0.9,0.68265305937341,0.7919670154070317,,0,1.0,1,152,128,0.7611900074973843,0
60,5000,ordinal_pooled_candidate_uncertified,0.93,0.6941613296768097,0.808070132728235,0.6941613296768097,1,0.808070132728235,0,31,,,
60,5000,ordinal_candidate_plus_cp_certification,0.93,0.6941613296768097,0.808070132728235,,0,1.0,1,152,129,0.7687364983431402,0
60,5000,ordinal_pooled_candidate_uncertified,0.95,0.6987159052735676,0.8142265476771703,0.6987159052735676,1,0.8142265476771703,0,31,,,
60,5000,ordinal_candidate_plus_cp_certification,0.95,0.6987159052735676,0.8142265476771703,,0,1.0,1,152,130,0.7763247918782512,0
60,5000,ordinal_pooled_candidate_uncertified,0.97,,1.0,,0,1.0,1,31,,,
60,5000,ordinal_candidate_plus_cp_certification,0.97,,1.0,,0,1.0,1,152,0,0.0,0
61,5000,independent_mondrian_total_budget,,,,0.7884174541588334,1,0.9102161496546328,1,190,,,
61,5000,direct_pac_split_matched,,0.8720860062449138,0.9608325394012074,0.8720860062449138,1,0.9608325394012074,1,184,175,0.9006148206271611,1
61,5000,direct_pac_total_budget,,0.8720860062449138,0.9608325394012074,0.8720860062449138,1,0.9608325394012074,1,190,181,0.9036713100641187,1
61,5000,ordinal_pooled_candidate_uncertified,0.9,0.6909962582186622,0.8037192474119428,0.6909962582186622,1,0.8037192474119428,0,49,,,
61,5000,ordinal_candidate_plus_cp_certification,0.9,0.6909962582186622,0.8037192474119428,,0,1.0,1,184,151,0.7453991219519522,0
61,5000,ordinal_pooled_candidate_uncertified,0.93,0.718597893859501,0.8396424567909514,0.718597893859501,1,0.8396424567909514,0,49,,,
61,5000,ordinal_candidate_plus_cp_certification,0.93,0.718597893859501,0.8396424567909514,,0,1.0,1,184,159,0.7947395382404918,0
61,5000,ordinal_pooled_candidate_uncertified,0.95,0.856569919203982,0.9537978944285301,0.856569919203982,1,0.9537978944285301,1,49,,,
61,5000,ordinal_candidate_plus_cp_certification,0.95,0.856569919203982,0.9537978944285301,,0,1.0,1,184,173,0.8865201436425558,0
61,5000,ordinal_pooled_candidate_uncertified,0.97,0.9075693748261437,0.973679046469649,0.9075693748261437,1,0.973679046469649,1,49,,,
61,5000,ordinal_candidate_plus_cp_certification,0.97,0.9075693748261437,0.973679046469649,0.9075693748261437,1,0.973679046469649,1,184,176,0.9078204399084953,1
62,5000,independent_mondrian_total_budget,,,,0.7921498489377418,1,0.9132035267470041,1,176,,,
62,5000,direct_pac_split_matched,,0.8535171548303646,0.9523010079044664,0.8535171548303646,1,0.9523010079044664,1,171,163,0.9010075427742397,1
62,5000,direct_pac_total_budget,,0.8535171548303646,0.9523010079044664,0.8535171548303646,1,0.9523010079044664,1,176,168,0.9037437069369347,1
62,5000,ordinal_pooled_candidate_uncertified,0.9,0.7896655169549622,0.9112234781445693,0.7896655169549622,1,0.9112234781445693,1,46,,,
62,5000,ordinal_candidate_plus_cp_certification,0.9,0.7896655169549622,0.9112234781445693,,0,1.0,1,171,155,0.841840277347689,0
62,5000,ordinal_pooled_candidate_uncertified,0.93,0.8243420406639055,0.9359591450644287,0.8243420406639055,1,0.9359591450644287,1,46,,,
62,5000,ordinal_candidate_plus_cp_certification,0.93,0.8243420406639055,0.9359591450644287,,0,1.0,1,171,159,0.870748788935918,0
62,5000,ordinal_pooled_candidate_uncertified,0.95,0.8978961606617059,0.9705862836718806,0.8978961606617059,1,0.9705862836718806,1,46,,,
62,5000,ordinal_candidate_plus_cp_certification,0.95,0.8978961606617059,0.9705862836718806,0.8978961606617059,1,0.9705862836718806,1,171,167,0.9336314808269905,1
62,5000,ordinal_pooled_candidate_uncertified,0.97,0.9860507092954203,0.9901036228042955,0.9860507092954203,1,0.9901036228042955,1,46,,,
62,5000,ordinal_candidate_plus_cp_certification,0.97,0.9860507092954203,0.9901036228042955,0.9860507092954203,1,0.9901036228042955,1,171,169,0.951754157491491,1
63,5000,independent_mondrian_total_budget,,,,0.7428327550440899,1,0.8673955335703665,0,149,,,
63,5000,direct_pac_split_matched,,0.8741139939333546,0.9616838802848298,0.8741139939333546,1,0.9616838802848298,1,146,140,0.9031012844780666,1
63,5000,direct_pac_total_budget,,0.8741139939333546,0.9616838802848298,0.8741139939333546,1,0.9616838802848298,1,149,143,0.9049956081288264,1
63,5000,ordinal_pooled_candidate_uncertified,0.9,0.6733592506247856,0.7783986677667158,0.6733592506247856,1,0.7783986677667158,0,39,,,
63,5000,ordinal_candidate_plus_cp_certification,0.9,0.6733592506247856,0.7783986677667158,,0,1.0,1,146,122,0.7518815535585721,0
63,5000,ordinal_pooled_candidate_uncertified,0.93,0.6926314259584784,0.8059744596504343,0.6926314259584784,1,0.8059744596504343,0,39,,,
63,5000,ordinal_candidate_plus_cp_certification,0.93,0.6926314259584784,0.8059744596504343,,0,1.0,1,146,127,0.791500140792198,0
63,5000,ordinal_pooled_candidate_uncertified,0.95,0.6926314259584784,0.8059744596504343,0.6926314259584784,1,0.8059744596504343,0,39,,,
63,5000,ordinal_candidate_plus_cp_certification,0.95,0.6926314259584784,0.8059744596504343,,0,1.0,1,146,127,0.791500140792198,0
63,5000,ordinal_pooled_candidate_uncertified,0.97,0.8633107307067127,0.9569696216120686,0.8633107307067127,1,0.9569696216120686,1,39,,,
63,5000,ordinal_candidate_plus_cp_certification,0.97,0.8633107307067127,0.9569696216120686,,0,1.0,1,146,139,0.8937575067348955,0
64,5000,independent_mondrian_total_budget,,,,0.7513216037133869,1,0.8762837276487696,0,161,,,
64,5000,direct_pac_split_matched,,0.8034477360150036,0.9217934217859266,0.8034477360150036,1,0.9217934217859266,1,152,146,0.9068173272964544,1
64,5000,direct_pac_total_budget,,0.8014372397204472,0.9203139084845204,0.8014372397204472,1,0.9203139084845204,1,161,154,0.9033755287390561,1
64,5000,ordinal_pooled_candidate_uncertified,0.9,0.8530330214812659,0.9520600899008456,0.8530330214812659,1,0.9520600899008456,1,53,,,
64,5000,ordinal_candidate_plus_cp_certification,0.9,0.8530330214812659,0.9520600899008456,0.8530330214812659,1,0.9520600899008456,1,152,149,0.9354285529636339,1
64,5000,ordinal_pooled_candidate_uncertified,0.93,0.9215801266771618,0.9776730740632593,0.9215801266771618,1,0.9776730740632593,1,53,,,
64,5000,ordinal_candidate_plus_cp_certification,0.93,0.9215801266771618,0.9776730740632593,0.9215801266771618,1,0.9776730740632593,1,152,150,0.9458502251494381,1
64,5000,ordinal_pooled_candidate_uncertified,0.95,0.9814155440725638,0.9894747561246917,0.9814155440725638,1,0.9894747561246917,1,53,,,
64,5000,ordinal_candidate_plus_cp_certification,0.95,0.9814155440725638,0.9894747561246917,0.9814155440725638,1,0.9894747561246917,1,152,151,0.9571278785222195,1
64,5000,ordinal_pooled_candidate_uncertified,0.97,1.018103255360725,0.9936221173526578,1.018103255360725,1,0.9936221173526578,1,53,,,
64,5000,ordinal_candidate_plus_cp_certification,0.97,1.018103255360725,0.9936221173526578,1.018103255360725,1,0.9936221173526578,1,152,151,0.9571278785222195,1
65,5000,independent_mondrian_total_budget,,,,0.8319897248666894,1,0.9406139887521516,1,157,,,
65,5000,direct_pac_split_matched,,0.8947936619248114,0.9695326034251586,0.8947936619248114,1,0.9695326034251586,1,147,141,0.9037410588507298,1
65,5000,direct_pac_total_budget,,0.8903188604388123,0.9679579490731733,0.8903188604388123,1,0.9679579490731733,1,157,150,0.9009850972248818,1
65,5000,ordinal_pooled_candidate_uncertified,0.9,0.7595399495174162,0.8844830361820393,0.7595399495174162,1,0.8844830361820393,0,53,,,
65,5000,ordinal_candidate_plus_cp_certification,0.9,0.7595399495174162,0.8844830361820393,,0,1.0,1,147,128,0.7928532892078461,0
65,5000,ordinal_pooled_candidate_uncertified,0.93,0.8223226395912023,0.9346838539032329,0.8223226395912023,1,0.9346838539032329,1,53,,,
65,5000,ordinal_candidate_plus_cp_certification,0.93,0.8223226395912023,0.9346838539032329,,0,1.0,1,147,132,0.8253273172608158,0
65,5000,ordinal_pooled_candidate_uncertified,0.95,0.8245237080719332,0.9360729157422016,0.8245237080719332,1,0.9360729157422016,1,53,,,
65,5000,ordinal_candidate_plus_cp_certification,0.95,0.8245237080719332,0.9360729157422016,,0,1.0,1,147,132,0.8253273172608158,0
65,5000,ordinal_pooled_candidate_uncertified,0.97,0.8311389296097222,0.9401096400801108,0.8311389296097222,1,0.9401096400801108,1,53,,,
65,5000,ordinal_candidate_plus_cp_certification,0.97,0.8311389296097222,0.9401096400801108,,0,1.0,1,147,132,0.8253273172608158,0
66,5000,independent_mondrian_total_budget,,,,0.779678278382955,1,0.9029235621958036,1,163,,,
66,5000,direct_pac_split_matched,,0.8861479426221742,0.9664302987438715,0.8861479426221742,1,0.9664302987438715,1,150,144,0.9056107063487693,1
66,5000,direct_pac_total_budget,,0.8265138299775724,0.9373089762334889,0.8265138299775724,1,0.9373089762334889,1,163,156,0.9045280030435363,1
66,5000,ordinal_pooled_candidate_uncertified,0.9,0.876227181975401,0.9625548747061071,0.876227181975401,1,0.9625548747061071,1,48,,,
66,5000,ordinal_candidate_plus_cp_certification,0.9,0.876227181975401,0.9625548747061071,,0,1.0,1,150,143,0.8965045666196831,0
66,5000,ordinal_pooled_candidate_uncertified,0.93,0.8787680461720562,0.9635806632196702,0.8787680461720562,1,0.9635806632196702,1,48,,,
66,5000,ordinal_candidate_plus_cp_certification,0.93,0.8787680461720562,0.9635806632196702,,0,1.0,1,150,143,0.8965045666196831,0
66,5000,ordinal_pooled_candidate_uncertified,0.95,0.9575506737267532,0.985656213862999,0.9575506737267532,1,0.985656213862999,1,48,,,
66,5000,ordinal_candidate_plus_cp_certification,0.95,0.9575506737267532,0.985656213862999,0.9575506737267532,1,0.985656213862999,1,150,147,0.9345878412458442,1
66,5000,ordinal_pooled_candidate_uncertified,0.97,1.0935779349219397,0.9979339020120278,1.0935779349219397,1,0.9979339020120278,1,48,,,
66,5000,ordinal_candidate_plus_cp_certification,0.97,1.0935779349219397,0.9979339020120278,1.0935779349219397,1,0.9979339020120278,1,150,150,0.9697653591082493,1
67,5000,independent_mondrian_total_budget,,,,0.7630136995404808,1,0.8878300163130578,0,169,,,
67,5000,direct_pac_split_matched,,0.8540419938230246,0.9525610858491687,0.8540419938230246,1,0.9525610858491687,1,160,153,0.9027888006348077,1
67,5000,direct_pac_total_budget,,0.8540419938230246,0.9525610858491687,0.8540419938230246,1,0.9525610858491687,1,169,162,0.9078262588660926,1
67,5000,ordinal_pooled_candidate_uncertified,0.9,0.7865484866878705,0.9086918285565437,0.7865484866878705,1,0.9086918285565437,1,49,,,
67,5000,ordinal_candidate_plus_cp_certification,0.9,0.7865484866878705,0.9086918285565437,,0,1.0,1,160,145,0.8389788865801491,0
67,5000,ordinal_pooled_candidate_uncertified,0.93,0.8381515414972294,0.9441679428729416,0.8381515414972294,1,0.9441679428729416,1,49,,,
67,5000,ordinal_candidate_plus_cp_certification,0.93,0.8381515414972294,0.9441679428729416,,0,1.0,1,160,151,0.8861690143513552,0
67,5000,ordinal_pooled_candidate_uncertified,0.95,0.851330370264906,0.9512050586185548,0.851330370264906,1,0.9512050586185548,1,49,,,
67,5000,ordinal_candidate_plus_cp_certification,0.95,0.851330370264906,0.9512050586185548,,0,1.0,1,160,151,0.8861690143513552,0
67,5000,ordinal_pooled_candidate_uncertified,0.97,1.1262857885305917,0.998783003990229,1.1262857885305917,1,0.998783003990229,1,49,,,
67,5000,ordinal_candidate_plus_cp_certification,0.97,1.1262857885305917,0.998783003990229,1.1262857885305917,1,0.998783003990229,1,160,160,0.9716279515771062,1
68,5000,independent_mondrian_total_budget,,,,0.7587918845070815,1,0.8837530794085107,0,153,,,
68,5000,direct_pac_split_matched,,0.8459507185704647,0.9484232072466171,0.8459507185704647,1,0.9484232072466171,1,150,144,0.9056107063487693,1
68,5000,direct_pac_total_budget,,0.8459507185704647,0.9484232072466171,0.8459507185704647,1,0.9484232072466171,1,153,147,0.9074091491353258,1
68,5000,ordinal_pooled_candidate_uncertified,0.9,0.8869323841912574,0.9667221011367548,0.8869323841912574,1,0.9667221011367548,1,45,,,
68,5000,ordinal_candidate_plus_cp_certification,0.9,0.8869323841912574,0.9667221011367548,0.8869323841912574,1,0.9667221011367548,1,150,144,0.9056107063487693,1
68,5000,ordinal_pooled_candidate_uncertified,0.93,0.890687509694285,0.9680901651806219,0.890687509694285,1,0.9680901651806219,1,45,,,
68,5000,ordinal_candidate_plus_cp_certification,0.93,0.890687509694285,0.9680901651806219,0.890687509694285,1,0.9680901651806219,1,150,144,0.9056107063487693,1
68,5000,ordinal_pooled_candidate_uncertified,0.95,0.9235935825416054,0.9782026983877518,0.9235935825416054,1,0.9782026983877518,1,45,,,
68,5000,ordinal_candidate_plus_cp_certification,0.95,0.9235935825416054,0.9782026983877518,0.9235935825416054,1,0.9782026983877518,1,150,146,0.9245758959385753,1
68,5000,ordinal_pooled_candidate_uncertified,0.97,0.9813711716205931,0.9894685714752185,0.9813711716205931,1,0.9894685714752185,1,45,,,
68,5000,ordinal_candidate_plus_cp_certification,0.97,0.9813711716205931,0.9894685714752185,0.9813711716205931,1,0.9894685714752185,1,150,149,0.956566956835478,1
69,5000,independent_mondrian_total_budget,,,,0.7991644634678289,1,0.9186159959464074,1,157,,,
69,5000,direct_pac_split_matched,,0.8424729969953881,0.9465587301484868,0.8424729969953881,1,0.9465587301484868,1,154,148,0.9079935050104913,1
69,5000,direct_pac_total_budget,,0.8443354114982289,0.9475637431594248,0.8443354114982289,1,0.9475637431594248,1,157,150,0.9009850972248818,1
69,5000,ordinal_pooled_candidate_uncertified,0.9,0.8811698991018033,0.9645290741159372,0.8811698991018033,1,0.9645290741159372,1,43,,,
69,5000,ordinal_candidate_plus_cp_certification,0.9,0.8811698991018033,0.9645290741159372,0.8811698991018033,1,0.9645290741159372,1,154,152,0.9465388568102622,1
69,5000,ordinal_pooled_candidate_uncertified,0.93,0.9150607736133641,0.9758831627242601,0.9150607736133641,1,0.9758831627242601,1,43,,,
69,5000,ordinal_candidate_plus_cp_certification,0.93,0.9150607736133641,0.9758831627242601,0.9150607736133641,1,0.9758831627242601,1,154,153,0.9576744987715917,1
69,5000,ordinal_pooled_candidate_uncertified,0.95,1.0017648175086298,0.991997995053455,1.0017648175086298,1,0.991997995053455,1,43,,,
69,5000,ordinal_candidate_plus_cp_certification,0.95,1.0017648175086298,0.991997995053455,1.0017648175086298,1,0.991997995053455,1,154,154,0.9705389895207643,1
69,5000,ordinal_pooled_candidate_uncertified,0.97,1.114367329507755,0.9985198793046225,1.114367329507755,1,0.9985198793046225,1,43,,,
69,5000,ordinal_candidate_plus_cp_certification,0.97,1.114367329507755,0.9985198793046225,1.114367329507755,1,0.9985198793046225,1,154,154,0.9705389895207643,1
70,5000,independent_mondrian_total_budget,,,,0.7514841009329032,1,0.8764496996785247,0,162,,,
70,5000,direct_pac_split_matched,,0.8434732373449116,0.9471003699589899,0.8434732373449116,1,0.9471003699589899,1,156,149,0.9003689055809638,1
70,5000,direct_pac_total_budget,,0.8470123761537294,0.9489819619411205,0.8470123761537294,1,0.9489819619411205,1,162,155,0.9039552209663271,1
70,5000,ordinal_pooled_candidate_uncertified,0.9,0.8454883926629887,0.948178367364245,0.8454883926629887,1,0.948178367364245,1,48,,,
70,5000,ordinal_candidate_plus_cp_certification,0.9,0.8454883926629887,0.948178367364245,0.8454883926629887,1,0.948178367364245,1,156,149,0.9003689055809638,1
70,5000,ordinal_pooled_candidate_uncertified,0.93,0.8597616177530825,0.9553223254699761,0.8597616177530825,1,0.9553223254699761,1,48,,,
70,5000,ordinal_candidate_plus_cp_certification,0.93,0.8597616177530825,0.9553223254699761,0.8597616177530825,1,0.9553223254699761,1,156,151,0.918133499260396,1
70,5000,ordinal_pooled_candidate_uncertified,0.95,0.8705060040715646,0.9601586437608091,0.8705060040715646,1,0.9601586437608091,1,48,,,
70,5000,ordinal_candidate_plus_cp_certification,0.95,0.8705060040715646,0.9601586437608091,0.8705060040715646,1,0.9601586437608091,1,156,151,0.918133499260396,1
70,5000,ordinal_pooled_candidate_uncertified,0.97,0.9146880586500874,0.9757772896254211,0.9146880586500874,1,0.9757772896254211,1,48,,,
70,5000,ordinal_candidate_plus_cp_certification,0.97,0.9146880586500874,0.9757772896254211,0.9146880586500874,1,0.9757772896254211,1,156,152,0.9274058158124796,1
71,5000,independent_mondrian_total_budget,,,,0.7661942511522373,1,0.8908331924424449,0,172,,,
71,5000,direct_pac_split_matched,,0.7940425101260988,0.9146897191857879,0.7940425101260988,1,0.9146897191857879,1,165,158,0.9056533248633303,1
71,5000,direct_pac_total_budget,,0.7910547835137284,0.9123348491125642,0.7910547835137284,1,0.9123348491125642,1,172,164,0.9015671422550087,1
71,5000,ordinal_pooled_candidate_uncertified,0.9,0.8342996156374101,0.9419664997701072,0.8342996156374101,1,0.9419664997701072,1,57,,,
71,5000,ordinal_candidate_plus_cp_certification,0.9,0.8342996156374101,0.9419664997701072,0.8342996156374101,1,0.9419664997701072,1,165,159,0.9139664304959361,1
71,5000,ordinal_pooled_candidate_uncertified,0.93,0.8700918604328112,0.959980454572487,0.8700918604328112,1,0.959980454572487,1,57,,,
71,5000,ordinal_candidate_plus_cp_certification,0.93,0.8700918604328112,0.959980454572487,0.8700918604328112,1,0.959980454572487,1,165,160,0.9224884786931835,1
71,5000,ordinal_pooled_candidate_uncertified,0.95,0.8940592867653647,0.9692786677488077,0.8940592867653647,1,0.9692786677488077,1,57,,,
71,5000,ordinal_candidate_plus_cp_certification,0.95,0.8940592867653647,0.9692786677488077,0.8940592867653647,1,0.9692786677488077,1,165,161,0.9312738625639632,1
71,5000,ordinal_pooled_candidate_uncertified,0.97,1.1751223835623286,0.999472833347525,1.1751223835623286,1,0.999472833347525,1,57,,,
71,5000,ordinal_candidate_plus_cp_certification,0.97,1.1751223835623286,0.999472833347525,1.1751223835623286,1,0.999472833347525,1,165,164,0.9604481094782227,1
72,5000,independent_mondrian_total_budget,,,,0.7940295944896749,1,0.9146796423318151,1,163,,,
72,5000,direct_pac_split_matched,,0.8703482077054465,0.9600908265943239,0.8703482077054465,1,0.9600908265943239,1,153,147,0.9074091491353258,1
72,5000,direct_pac_total_budget,,0.8796020772139301,0.9639123190438499,0.8796020772139301,1,0.9639123190438499,1,163,156,0.9045280030435363,1
72,5000,ordinal_pooled_candidate_uncertified,0.9,0.8357505320389661,0.9428035995706796,0.8357505320389661,1,0.9428035995706796,1,49,,,
72,5000,ordinal_candidate_plus_cp_certification,0.9,0.8357505320389661,0.9428035995706796,,0,1.0,1,153,145,0.8897236119407426,0
72,5000,ordinal_pooled_candidate_uncertified,0.93,0.8796020772139301,0.9639123190438499,0.8796020772139301,1,0.9639123190438499,1,49,,,
72,5000,ordinal_candidate_plus_cp_certification,0.93,0.8796020772139301,0.9639123190438499,0.8796020772139301,1,0.9639123190438499,1,153,148,0.9165710669564093,1
72,5000,ordinal_pooled_candidate_uncertified,0.95,0.9261131269416008,0.978850461620149,0.9261131269416008,1,0.978850461620149,1,49,,,
72,5000,ordinal_candidate_plus_cp_certification,0.95,0.9261131269416008,0.978850461620149,0.9261131269416008,1,0.978850461620149,1,153,152,0.9574029419279078,1
72,5000,ordinal_pooled_candidate_uncertified,0.97,1.0613167193400708,0.9966010267658378,1.0613167193400708,1,0.9966010267658378,1,49,,,
72,5000,ordinal_candidate_plus_cp_certification,0.97,1.0613167193400708,0.9966010267658378,1.0613167193400708,1,0.9966010267658378,1,153,152,0.9574029419279078,1
73,5000,independent_mondrian_total_budget,,,,0.800662206145262,1,0.9197379448605658,1,159,,,
73,5000,direct_pac_split_matched,,0.8561029835496592,0.9535714128408903,0.8561029835496592,1,0.9535714128408903,1,151,145,0.9062178955792519,1
73,5000,direct_pac_total_budget,,0.8561029835496592,0.9535714128408903,0.8561029835496592,1,0.9535714128408903,1,159,152,0.9021949078600895,1
73,5000,ordinal_pooled_candidate_uncertified,0.9,0.7200467713583274,0.8414013259492807,0.7200467713583274,1,0.8414013259492807,0,40,,,
73,5000,ordinal_candidate_plus_cp_certification,0.9,0.7200467713583274,0.8414013259492807,,0,1.0,1,151,125,0.7446208086186659,0
73,5000,ordinal_pooled_candidate_uncertified,0.93,0.8489450926199059,0.9499867803457192,0.8489450926199059,1,0.9499867803457192,1,40,,,
73,5000,ordinal_candidate_plus_cp_certification,0.93,0.8489450926199059,0.9499867803457192,,0,1.0,1,151,143,0.8883091373609016,0
73,5000,ordinal_pooled_candidate_uncertified,0.95,0.8489450926199059,0.9499867803457192,0.8489450926199059,1,0.9499867803457192,1,40,,,
73,5000,ordinal_candidate_plus_cp_certification,0.95,0.8489450926199059,0.9499867803457192,,0,1.0,1,151,143,0.8883091373609016,0
73,5000,ordinal_pooled_candidate_uncertified,0.97,0.9550546185569975,0.9851951711834803,0.9550546185569975,1,0.9851951711834803,1,40,,,
73,5000,ordinal_candidate_plus_cp_certification,0.97,0.9550546185569975,0.9851951711834803,0.9550546185569975,1,0.9851951711834803,1,151,149,0.9454992149941415,1
74,5000,independent_mondrian_total_budget,,,,0.79153043819704,1,0.9127129630999601,1,153,,,
74,5000,direct_pac_split_matched,,0.8552727145202076,0.9531665002113341,0.8552727145202076,1,0.9531665002113341,1,148,142,0.9043724454763433,1
74,5000,direct_pac_total_budget,,0.8552727145202076,0.9531665002113341,0.8552727145202076,1,0.9531665002113341,1,153,147,0.9074091491353258,1
74,5000,ordinal_pooled_candidate_uncertified,0.9,0.8181408256036635,0.9319804040873465,0.8181408256036635,1,0.9319804040873465,1,48,,,
74,5000,ordinal_candidate_plus_cp_certification,0.9,0.8181408256036635,0.9319804040873465,,0,1.0,1,148,139,0.877249479378686,0
74,5000,ordinal_pooled_candidate_uncertified,0.93,0.8659025433820832,0.958141313758192,0.8659025433820832,1,0.958141313758192,1,48,,,
74,5000,ordinal_candidate_plus_cp_certification,0.93,0.8659025433820832,0.958141313758192,0.8659025433820832,1,0.958141313758192,1,148,142,0.9043724454763433,1
74,5000,ordinal_pooled_candidate_uncertified,0.95,0.8971475747361686,0.9703348567540286,0.8971475747361686,1,0.9703348567540286,1,48,,,
74,5000,ordinal_candidate_plus_cp_certification,0.95,0.8971475747361686,0.9703348567540286,0.8971475747361686,1,0.9703348567540286,1,148,144,0.9235829336416184,1
74,5000,ordinal_pooled_candidate_uncertified,0.97,0.9010897172917958,0.9716391076922117,0.9010897172917958,1,0.9716391076922117,1,48,,,
74,5000,ordinal_candidate_plus_cp_certification,0.97,0.9010897172917958,0.9716391076922117,0.9010897172917958,1,0.9716391076922117,1,148,145,0.9337249558017986,1
75,5000,independent_mondrian_total_budget,,,,0.7759272209367982,1,0.8996634270856027,0,157,,,
75,5000,direct_pac_split_matched,,0.8395217694330063,0.9449349718761388,0.8395217694330063,1,0.9449349718761388,1,150,144,0.9056107063487693,1
75,5000,direct_pac_total_budget,,0.8395217694330063,0.9449349718761388,0.8395217694330063,1,0.9449349718761388,1,157,150,0.9009850972248818,1
75,5000,ordinal_pooled_candidate_uncertified,0.9,0.7940392222219419,0.9146871540286156,0.7940392222219419,1,0.9146871540286156,1,50,,,
75,5000,ordinal_candidate_plus_cp_certification,0.9,0.7940392222219419,0.9146871540286156,,0,1.0,1,150,140,0.8702128676746606,0
75,5000,ordinal_pooled_candidate_uncertified,0.93,0.8293998766900237,0.9390683028399419,0.8293998766900237,1,0.9390683028399419,1,50,,,
75,5000,ordinal_candidate_plus_cp_certification,0.93,0.8293998766900237,0.9390683028399419,,0,1.0,1,150,143,0.8965045666196831,0
75,5000,ordinal_pooled_candidate_uncertified,0.95,0.8469633075772618,0.9489562435816338,0.8469633075772618,1,0.9489562435816338,1,50,,,
75,5000,ordinal_candidate_plus_cp_certification,0.95,0.8469633075772618,0.9489562435816338,0.8469633075772618,1,0.9489562435816338,1,150,144,0.9056107063487693,1
75,5000,ordinal_pooled_candidate_uncertified,0.97,0.9397332444227618,0.9820768328727101,0.9397332444227618,1,0.9820768328727101,1,50,,,
75,5000,ordinal_candidate_plus_cp_certification,0.97,0.9397332444227618,0.9820768328727101,0.9397332444227618,1,0.9820768328727101,1,150,149,0.956566956835478,1
76,5000,independent_mondrian_total_budget,,,,0.7997824350742474,1,0.9190803394833824,1,144,,,
76,5000,direct_pac_split_matched,,0.9197846969896508,0.9771916833607239,0.9197846969896508,1,0.9771916833607239,1,137,132,0.9071173793330307,1
76,5000,direct_pac_total_budget,,0.8574725751918778,0.9542332011730124,0.8574725751918778,1,0.9542332011730124,1,144,138,0.9017958953761545,1
76,5000,ordinal_pooled_candidate_uncertified,0.9,0.7894933426948358,0.9110850165285798,0.7894933426948358,1,0.9110850165285798,1,44,,,
76,5000,ordinal_candidate_plus_cp_certification,0.9,0.7894933426948358,0.9110850165285798,,0,1.0,1,137,122,0.8131445926600807,0
76,5000,ordinal_pooled_candidate_uncertified,0.93,0.8646894735328337,0.9575961723430372,0.8646894735328337,1,0.9575961723430372,1,44,,,
76,5000,ordinal_candidate_plus_cp_certification,0.93,0.8646894735328337,0.9575961723430372,,0,1.0,1,137,131,0.8969365562905103,0
76,5000,ordinal_pooled_candidate_uncertified,0.95,0.873075430281546,0.9612497995916837,0.873075430281546,1,0.9612497995916837,1,44,,,
76,5000,ordinal_candidate_plus_cp_certification,0.95,0.873075430281546,0.9612497995916837,,0,1.0,1,137,131,0.8969365562905103,0
76,5000,ordinal_pooled_candidate_uncertified,0.97,0.9488387396184302,0.9839913150884201,0.9488387396184302,1,0.9839913150884201,1,44,,,
76,5000,ordinal_candidate_plus_cp_certification,0.97,0.9488387396184302,0.9839913150884201,0.9488387396184302,1,0.9839913150884201,1,137,133,0.9176180599306145,1
77,5000,independent_mondrian_total_budget,,,,0.8180156316440446,1,0.9318981567734704,1,147,,,
77,5000,direct_pac_split_matched,,0.8975557309603099,0.9704721640503797,0.8975557309603099,1,0.9704721640503797,1,143,137,0.9011299306325309,1
77,5000,direct_pac_total_budget,,0.8975557309603099,0.9704721640503797,0.8975557309603099,1,0.9704721640503797,1,147,141,0.9037410588507298,1
77,5000,ordinal_pooled_candidate_uncertified,0.9,0.8501609623465989,0.9506107813454521,0.8501609623465989,1,0.9506107813454521,1,43,,,
77,5000,ordinal_candidate_plus_cp_certification,0.9,0.8501609623465989,0.9506107813454521,,0,1.0,1,143,134,0.8731069592109517,0
77,5000,ordinal_pooled_candidate_uncertified,0.93,0.8663829537623489,0.9583556306080019,0.8663829537623489,1,0.9583556306080019,1,43,,,
77,5000,ordinal_candidate_plus_cp_certification,0.93,0.8663829537623489,0.9583556306080019,,0,1.0,1,143,135,0.8822690936547799,0
77,5000,ordinal_pooled_candidate_uncertified,0.95,0.9366486646195106,0.9813854750037941,0.9366486646195106,1,0.9813854750037941,1,43,,,
77,5000,ordinal_candidate_plus_cp_certification,0.95,0.9366486646195106,0.9813854750037941,0.9366486646195106,1,0.9813854750037941,1,143,140,0.9314647810177987,1
77,5000,ordinal_pooled_candidate_uncertified,0.97,0.9679258504938214,0.9874424990024073,0.9679258504938214,1,0.9874424990024073,1,43,,,
77,5000,ordinal_candidate_plus_cp_certification,0.97,0.9679258504938214,0.9874424990024073,0.9679258504938214,1,0.9874424990024073,1,143,141,0.9425183932035639,1
78,5000,independent_mondrian_total_budget,,,,0.7503960262183998,1,0.875335380968518,0,153,,,
78,5000,direct_pac_split_matched,,0.7978474044006063,0.9176196563235353,0.7978474044006063,1,0.9176196563235353,1,141,136,0.9096760170667437,1
78,5000,direct_pac_total_budget,,0.8216243215713541,0.9342382970493449,0.8216243215713541,1,0.9342382970493449,1,153,147,0.9074091491353258,1
78,5000,ordinal_pooled_candidate_uncertified,0.9,0.8486884113567027,0.9498542477148998,0.8486884113567027,1,0.9498542477148998,1,42,,,
78,5000,ordinal_candidate_plus_cp_certification,0.9,0.8486884113567027,0.9498542477148998,0.8486884113567027,1,0.9498542477148998,1,141,138,0.9305169653060388,1
78,5000,ordinal_pooled_candidate_uncertified,0.93,0.8954778297600577,0.9697676111816962,0.8954778297600577,1,0.9697676111816962,1,42,,,
78,5000,ordinal_candidate_plus_cp_certification,0.93,0.8954778297600577,0.9697676111816962,0.8954778297600577,1,0.9697676111816962,1,141,138,0.9305169653060388,1
78,5000,ordinal_pooled_candidate_uncertified,0.95,0.9290173829286005,0.9795768549451678,0.9290173829286005,1,0.9795768549451678,1,42,,,
78,5000,ordinal_candidate_plus_cp_certification,0.95,0.9290173829286005,0.9795768549451678,0.9290173829286005,1,0.9795768549451678,1,141,141,0.9678668222789779,1
78,5000,ordinal_pooled_candidate_uncertified,0.97,1.014029252750927,0.9932471090816227,1.014029252750927,1,0.9932471090816227,1,42,,,
78,5000,ordinal_candidate_plus_cp_certification,0.97,1.014029252750927,0.9932471090816227,1.014029252750927,1,0.9932471090816227,1,141,141,0.9678668222789779,1
79,5000,independent_mondrian_total_budget,,,,0.7998454939489495,1,0.9191276092074813,1,176,,,
79,5000,direct_pac_split_matched,,0.8512814365178313,0.9511803062385553,0.8512814365178313,1,0.9511803062385553,1,169,162,0.9078262588660926,1
79,5000,direct_pac_total_budget,,0.84275228434692,0.9467104072980648,0.84275228434692,1,0.9467104072980648,1,176,168,0.9037437069369347,1
79,5000,ordinal_pooled_candidate_uncertified,0.9,0.7825479989591864,0.905364712093006,0.7825479989591864,1,0.905364712093006,1,44,,,
79,5000,ordinal_candidate_plus_cp_certification,0.9,0.7825479989591864,0.905364712093006,,0,1.0,1,169,150,0.8187416202331952,0
79,5000,ordinal_pooled_candidate_uncertified,0.93,0.815452831411275,0.9301975790215176,0.815452831411275,1,0.9301975790215176,1,44,,,
79,5000,ordinal_candidate_plus_cp_certification,0.93,0.815452831411275,0.9301975790215176,,0,1.0,1,169,155,0.8545164245360302,0
79,5000,ordinal_pooled_candidate_uncertified,0.95,0.8498487257011471,0.950451133412773,0.8498487257011471,1,0.950451133412773,1,44,,,
79,5000,ordinal_candidate_plus_cp_certification,0.95,0.8498487257011471,0.950451133412773,,0,1.0,1,169,161,0.8998690480793528,0
79,5000,ordinal_pooled_candidate_uncertified,0.97,0.9566566016185215,0.9854925124562389,0.9566566016185215,1,0.9854925124562389,1,44,,,
79,5000,ordinal_candidate_plus_cp_certification,0.97,0.9566566016185215,0.9854925124562389,0.9566566016185215,1,0.9854925124562389,1,169,169,0.9731183912056731,1
80,5000,independent_mondrian_total_budget,,,,0.7579217947650569,1,0.8828999414384311,0,153,,,
80,5000,direct_pac_split_matched,,0.8678906906059622,0.9590224835234467,0.8678906906059622,1,0.9590224835234467,1,144,138,0.9017958953761545,1
80,5000,direct_pac_total_budget,,0.8678906906059622,0.9590224835234467,0.8678906906059622,1,0.9590224835234467,1,153,147,0.9074091491353258,1
80,5000,ordinal_pooled_candidate_uncertified,0.9,0.7528481211461463,0.8778367405968648,0.7528481211461463,1,0.8778367405968648,0,33,,,
80,5000,ordinal_candidate_plus_cp_certification,0.9,0.7528481211461463,0.8778367405968648,,0,1.0,1,144,128,0.8134676033839872,0
80,5000,ordinal_pooled_candidate_uncertified,0.93,0.7569953322440549,0.881986662620161,0.7569953322440549,1,0.881986662620161,0,33,,,
80,5000,ordinal_candidate_plus_cp_certification,0.93,0.7569953322440549,0.881986662620161,,0,1.0,1,144,129,0.8218423025171822,0
80,5000,ordinal_pooled_candidate_uncertified,0.95,0.7814339995444773,0.904422508712865,0.7814339995444773,1,0.904422508712865,1,33,,,
80,5000,ordinal_candidate_plus_cp_certification,0.95,0.7814339995444773,0.904422508712865,,0,1.0,1,144,132,0.8474456821062064,0
80,5000,ordinal_pooled_candidate_uncertified,0.97,0.7814339995444773,0.904422508712865,0.7814339995444773,1,0.904422508712865,1,33,,,
80,5000,ordinal_candidate_plus_cp_certification,0.97,0.7814339995444773,0.904422508712865,,0,1.0,1,144,132,0.8474456821062064,0
81,5000,independent_mondrian_total_budget,,,,0.8162385405520037,1,0.930722384902295,1,161,,,
81,5000,direct_pac_split_matched,,0.8675971181522042,0.9588933236142401,0.8675971181522042,1,0.9588933236142401,1,154,148,0.9079935050104913,1
81,5000,direct_pac_total_budget,,0.8647684005054305,0.957631815134351,0.8647684005054305,1,0.957631815134351,1,161,154,0.9033755287390561,1
81,5000,ordinal_pooled_candidate_uncertified,0.9,0.7763958473399581,0.9000750350074931,0.7763958473399581,1,0.9000750350074931,1,53,,,
81,5000,ordinal_candidate_plus_cp_certification,0.9,0.7763958473399581,0.9000750350074931,,0,1.0,1,154,134,0.7942208355034446,0
81,5000,ordinal_pooled_candidate_uncertified,0.93,0.7942349641409598,0.9148397673090696,0.7942349641409598,1,0.9148397673090696,1,53,,,
81,5000,ordinal_candidate_plus_cp_certification,0.93,0.7942349641409598,0.9148397673090696,,0,1.0,1,154,135,0.8018560098985354,0
81,5000,ordinal_pooled_candidate_uncertified,0.95,0.8183752147160609,0.9321341819290756,0.8183752147160609,1,0.9321341819290756,1,53,,,
81,5000,ordinal_candidate_plus_cp_certification,0.95,0.8183752147160609,0.9321341819290756,,0,1.0,1,154,140,0.8408880973135751,0
81,5000,ordinal_pooled_candidate_uncertified,0.97,0.9174527241723865,0.9765534045772772,0.9174527241723865,1,0.9765534045772772,1,53,,,
81,5000,ordinal_candidate_plus_cp_certification,0.97,0.9174527241723865,0.9765534045772772,0.9174527241723865,1,0.9765534045772772,1,154,151,0.9362479345622321,1
82,5000,independent_mondrian_total_budget,,,,0.7360788822526874,1,0.8600167082559038,0,152,,,
82,5000,direct_pac_split_matched,,0.7746005286272908,0.8984914480309301,0.7746005286272908,1,0.8984914480309301,0,148,142,0.9043724454763433,1
82,5000,direct_pac_total_budget,,0.7746005286272908,0.8984914480309301,0.7746005286272908,1,0.8984914480309301,0,152,146,0.9068173272964544,1
82,5000,ordinal_pooled_candidate_uncertified,0.9,0.7949858067348008,0.9154232764609775,0.7949858067348008,1,0.9154232764609775,1,42,,,
82,5000,ordinal_candidate_plus_cp_certification,0.9,0.7949858067348008,0.9154232764609775,0.7949858067348008,1,0.9154232764609775,1,148,143,0.9138301975027787,1
82,5000,ordinal_pooled_candidate_uncertified,0.93,0.8134993642284885,0.9288795233092474,0.8134993642284885,1,0.9288795233092474,1,42,,,
82,5000,ordinal_candidate_plus_cp_certification,0.93,0.8134993642284885,0.9288795233092474,0.8134993642284885,1,0.9288795233092474,1,148,144,0.9235829336416184,1
82,5000,ordinal_pooled_candidate_uncertified,0.95,0.8297609301694295,0.9392856563988103,0.8297609301694295,1,0.9392856563988103,1,42,,,
82,5000,ordinal_candidate_plus_cp_certification,0.95,0.8297609301694295,0.9392856563988103,0.8297609301694295,1,0.9392856563988103,1,148,145,0.9337249558017986,1
82,5000,ordinal_pooled_candidate_uncertified,0.97,0.8854414651466074,0.966165698585289,0.8854414651466074,1,0.966165698585289,1,42,,,
82,5000,ordinal_candidate_plus_cp_certification,0.97,0.8854414651466074,0.966165698585289,0.8854414651466074,1,0.966165698585289,1,148,147,0.9559911651000494,1
83,5000,independent_mondrian_total_budget,,,,0.7132385233985215,1,0.833026096717334,0,159,,,
83,5000,direct_pac_split_matched,,0.8258727600682622,0.9369128593633109,0.8258727600682622,1,0.9369128593633109,1,151,145,0.9062178955792519,1
83,5000,direct_pac_total_budget,,0.8095825220324562,0.9261792537534024,0.8095825220324562,1,0.9261792537534024,1,159,152,0.9021949078600895,1
83,5000,ordinal_pooled_candidate_uncertified,0.9,0.728835598980055,0.8517984770619966,0.728835598980055,1,0.8517984770619966,0,49,,,
83,5000,ordinal_candidate_plus_cp_certification,0.9,0.728835598980055,0.8517984770619966,,0,1.0,1,151,136,0.8297676643826408,0
83,5000,ordinal_pooled_candidate_uncertified,0.93,0.8179688217683277,0.9318673848871126,0.8179688217683277,1,0.9318673848871126,1,49,,,
83,5000,ordinal_candidate_plus_cp_certification,0.93,0.8179688217683277,0.9318673848871126,,0,1.0,1,151,144,0.8971692925506962,0
83,5000,ordinal_pooled_candidate_uncertified,0.95,0.8997444550697093,0.9711994994134555,0.8997444550697093,1,0.9711994994134555,1,49,,,
83,5000,ordinal_candidate_plus_cp_certification,0.95,0.8997444550697093,0.9711994994134555,0.8997444550697093,1,0.9711994994134555,1,151,147,0.9250627663859823,1
83,5000,ordinal_pooled_candidate_uncertified,0.97,0.9388282234446519,0.9818762943771162,0.9388282234446519,1,0.9818762943771162,1,49,,,
83,5000,ordinal_candidate_plus_cp_certification,0.97,0.9388282234446519,0.9818762943771162,0.9388282234446519,1,0.9818762943771162,1,151,147,0.9250627663859823,1
84,5000,independent_mondrian_total_budget,,,,0.8064036246412718,1,0.9239306826375777,1,166,,,
84,5000,direct_pac_split_matched,,0.8602797009525885,0.9555659090539012,0.8602797009525885,1,0.9555659090539012,1,155,149,0.9085705352326381,1
84,5000,direct_pac_total_budget,,0.8602797009525885,0.9555659090539012,0.8602797009525885,1,0.9555659090539012,1,166,159,0.906206101527002,1
84,5000,ordinal_pooled_candidate_uncertified,0.9,0.7538478669368558,0.8788463913021891,0.7538478669368558,1,0.8788463913021891,0,49,,,
84,5000,ordinal_candidate_plus_cp_certification,0.9,0.7538478669368558,0.8788463913021891,,0,1.0,1,155,135,0.7954893626374022,0
84,5000,ordinal_pooled_candidate_uncertified,0.93,0.8333804340152078,0.9414312198182317,0.8333804340152078,1,0.9414312198182317,1,49,,,
84,5000,ordinal_candidate_plus_cp_certification,0.93,0.8333804340152078,0.9414312198182317,,0,1.0,1,155,145,0.8742596297738108,0
84,5000,ordinal_pooled_candidate_uncertified,0.95,0.866053969755991,0.9582089630595734,0.866053969755991,1,0.9582089630595734,1,49,,,
84,5000,ordinal_candidate_plus_cp_certification,0.95,0.866053969755991,0.9582089630595734,0.866053969755991,1,0.9582089630595734,1,155,149,0.9085705352326381,1
84,5000,ordinal_pooled_candidate_uncertified,0.97,1.0375242353893108,0.9951679401320925,1.0375242353893108,1,0.9951679401320925,1,49,,,
84,5000,ordinal_candidate_plus_cp_certification,0.97,1.0375242353893108,0.9951679401320925,1.0375242353893108,1,0.9951679401320925,1,155,153,0.9468766474324377,1
85,5000,independent_mondrian_total_budget,,,,0.8252145472093771,1,0.936504124454784,1,138,,,
85,5000,direct_pac_split_matched,,0.8609183263091456,0.9558646934026087,0.8609183263091456,1,0.9558646934026087,1,133,128,0.9044096497987777,1
85,5000,direct_pac_total_budget,,0.8609183263091456,0.9558646934026087,0.8609183263091456,1,0.9558646934026087,1,138,133,0.9077705252717603,1
85,5000,ordinal_pooled_candidate_uncertified,0.9,0.7535775447634201,0.8785739717010951,0.7535775447634201,1,0.8785739717010951,0,38,,,
85,5000,ordinal_candidate_plus_cp_certification,0.9,0.7535775447634201,0.8785739717010951,,0,1.0,1,133,112,0.7547337963579059,0
85,5000,ordinal_pooled_candidate_uncertified,0.93,0.8459571354708009,0.9484265990441786,0.8459571354708009,1,0.9484265990441786,1,38,,,
85,5000,ordinal_candidate_plus_cp_certification,0.93,0.8459571354708009,0.9484265990441786,,0,1.0,1,133,124,0.8639234660895816,0
85,5000,ordinal_pooled_candidate_uncertified,0.95,0.8570940871122448,0.9540510779213777,0.8570940871122448,1,0.9540510779213777,1,38,,,
85,5000,ordinal_candidate_plus_cp_certification,0.95,0.8570940871122448,0.9540510779213777,,0,1.0,1,133,127,0.8939377608372125,0
85,5000,ordinal_pooled_candidate_uncertified,0.97,0.8570940871122448,0.9540510779213777,0.8570940871122448,1,0.9540510779213777,1,38,,,
85,5000,ordinal_candidate_plus_cp_certification,0.97,0.8570940871122448,0.9540510779213777,,0,1.0,1,133,127,0.8939377608372125,0
86,5000,independent_mondrian_total_budget,,,,0.7878705219155913,1,0.9097720452973574,1,157,,,
86,5000,direct_pac_split_matched,,0.8916409629113202,0.9684300327106545,0.8916409629113202,1,0.9684300327106545,1,150,144,0.9056107063487693,1
86,5000,direct_pac_total_budget,,0.8856611167050996,0.9662481488396378,0.8856611167050996,1,0.9662481488396378,1,157,150,0.9009850972248818,1
86,5000,ordinal_pooled_candidate_uncertified,0.9,0.7796049991658085,0.9028606270878533,0.7796049991658085,1,0.9028606270878533,1,52,,,
86,5000,ordinal_candidate_plus_cp_certification,0.9,0.7796049991658085,0.9028606270878533,,0,1.0,1,150,134,0.8206170371929193,0
86,5000,ordinal_pooled_candidate_uncertified,0.93,0.8030935652562594,0.9215343123751434,0.8030935652562594,1,0.9215343123751434,1,52,,,
86,5000,ordinal_candidate_plus_cp_certification,0.93,0.8030935652562594,0.9215343123751434,,0,1.0,1,150,136,0.8368123031152459,0
86,5000,ordinal_pooled_candidate_uncertified,0.95,0.8209188343634652,0.9337857771990588,0.8209188343634652,1,0.9337857771990588,1,52,,,
86,5000,ordinal_candidate_plus_cp_certification,0.95,0.8209188343634652,0.9337857771990588,,0,1.0,1,150,139,0.8617140172885687,0
86,5000,ordinal_pooled_candidate_uncertified,0.97,0.8793484750750183,0.9638117358425737,0.8793484750750183,1,0.9638117358425737,1,52,,,
86,5000,ordinal_candidate_plus_cp_certification,0.97,0.8793484750750183,0.9638117358425737,,0,1.0,1,150,142,0.8875882160124646,0
87,5000,independent_mondrian_total_budget,,,,0.7971343961929944,1,0.9170764561998339,1,172,,,
87,5000,direct_pac_split_matched,,0.8769079027414388,0.962831979974516,0.8769079027414388,1,0.962831979974516,1,163,156,0.9045280030435363,1
87,5000,direct_pac_total_budget,,0.8712932489816372,0.9604955849043018,0.8712932489816372,1,0.9604955849043018,1,172,164,0.9015671422550087,1
87,5000,ordinal_pooled_candidate_uncertified,0.9,0.749090647027826,0.8739892715716462,0.749090647027826,1,0.8739892715716462,0,55,,,
87,5000,ordinal_candidate_plus_cp_certification,0.9,0.749090647027826,0.8739892715716462,,0,1.0,1,163,139,0.7765632160664175,0
87,5000,ordinal_pooled_candidate_uncertified,0.93,0.754757959462057,0.8797603841824577,0.754757959462057,1,0.8797603841824577,0,55,,,
87,5000,ordinal_candidate_plus_cp_certification,0.93,0.754757959462057,0.8797603841824577,,0,1.0,1,163,141,0.7907517616910555,0
87,5000,ordinal_pooled_candidate_uncertified,0.95,0.7654379814935706,0.8901243890756004,0.7654379814935706,1,0.8901243890756004,0,55,,,
87,5000,ordinal_candidate_plus_cp_certification,0.95,0.7654379814935706,0.8901243890756004,,0,1.0,1,163,143,0.8051021943654819,0
87,5000,ordinal_pooled_candidate_uncertified,0.97,0.8051666779182853,0.9230417798022377,0.8051666779182853,1,0.9230417798022377,1,55,,,
87,5000,ordinal_candidate_plus_cp_certification,0.97,0.8051666779182853,0.9230417798022377,,0,1.0,1,163,148,0.8418320205552465,0
88,5000,independent_mondrian_total_budget,,,,0.7930488406156044,1,0.9139118452418428,1,158,,,
88,5000,direct_pac_split_matched,,0.8596873073729161,0.9552872994519539,0.8596873073729161,1,0.9552872994519539,1,150,144,0.9056107063487693,1
88,5000,direct_pac_total_budget,,0.8548138887841814,0.952941523907926,0.8548138887841814,1,0.952941523907926,1,158,151,0.9015937184608263,1
88,5000,ordinal_pooled_candidate_uncertified,0.9,0.7811097382402281,0.9041469607317562,0.7811097382402281,1,0.9041469607317562,1,41,,,
88,5000,ordinal_candidate_plus_cp_certification,0.9,0.7811097382402281,0.9041469607317562,,0,1.0,1,150,136,0.8368123031152459,0
88,5000,ordinal_pooled_candidate_uncertified,0.93,0.8491234942880854,0.9500787301137557,0.8491234942880854,1,0.9500787301137557,1,41,,,
88,5000,ordinal_candidate_plus_cp_certification,0.93,0.8491234942880854,0.9500787301137557,,0,1.0,1,150,142,0.8875882160124646,0
88,5000,ordinal_pooled_candidate_uncertified,0.95,0.8491234942880854,0.9500787301137557,0.8491234942880854,1,0.9500787301137557,1,41,,,
88,5000,ordinal_candidate_plus_cp_certification,0.95,0.8491234942880854,0.9500787301137557,,0,1.0,1,150,142,0.8875882160124646,0
88,5000,ordinal_pooled_candidate_uncertified,0.97,0.8640145605373983,0.9572903956106864,0.8640145605373983,1,0.9572903956106864,1,41,,,
88,5000,ordinal_candidate_plus_cp_certification,0.97,0.8640145605373983,0.9572903956106864,0.8640145605373983,1,0.9572903956106864,1,150,144,0.9056107063487693,1
89,5000,independent_mondrian_total_budget,,,,0.7934228712507982,1,0.9142052679618682,1,170,,,
89,5000,direct_pac_split_matched,,0.890631733967455,0.9680701901860856,0.890631733967455,1,0.9680701901860856,1,163,156,0.9045280030435363,1
89,5000,direct_pac_total_budget,,0.890631733967455,0.9680701901860856,0.890631733967455,1,0.9680701901860856,1,170,162,0.9004415481107013,1
89,5000,ordinal_pooled_candidate_uncertified,0.9,0.818403526564817,0.9321527385579113,0.818403526564817,1,0.9321527385579113,1,46,,,
89,5000,ordinal_candidate_plus_cp_certification,0.9,0.818403526564817,0.9321527385579113,,0,1.0,1,163,151,0.8646206909216669,0
89,5000,ordinal_pooled_candidate_uncertified,0.93,0.9234249643658237,0.9781587555502307,0.9234249643658237,1,0.9781587555502307,1,46,,,
89,5000,ordinal_candidate_plus_cp_certification,0.93,0.9234249643658237,0.9781587555502307,0.9234249643658237,1,0.9781587555502307,1,163,158,0.9215612092378607,1
89,5000,ordinal_pooled_candidate_uncertified,0.95,0.9664804529130593,0.987205805858091,0.9664804529130593,1,0.987205805858091,1,46,,,
89,5000,ordinal_candidate_plus_cp_certification,0.95,0.9664804529130593,0.987205805858091,0.9664804529130593,1,0.987205805858091,1,163,159,0.9304503340179868,1
89,5000,ordinal_pooled_candidate_uncertified,0.97,0.9854234451148859,0.9900204865258071,0.9854234451148859,1,0.9900204865258071,1,46,,,
89,5000,ordinal_candidate_plus_cp_certification,0.97,0.9854234451148859,0.9900204865258071,0.9854234451148859,1,0.9900204865258071,1,163,160,0.9396917760695072,1
90,5000,independent_mondrian_total_budget,,,,0.7615363327574197,1,0.8864151331586299,0,137,,,
90,5000,direct_pac_split_matched,,0.8568241612435596,0.9539208379428279,0.8568241612435596,1,0.9539208379428279,1,134,129,0.9051012665805735,1
90,5000,direct_pac_total_budget,,0.8568241612435596,0.9539208379428279,0.8568241612435596,1,0.9539208379428279,1,137,132,0.9071173793330307,1
90,5000,ordinal_pooled_candidate_uncertified,0.9,0.8713298536136505,0.9605111951362963,0.8713298536136505,1,0.9605111951362963,1,43,,,
90,5000,ordinal_candidate_plus_cp_certification,0.9,0.8713298536136505,0.9605111951362963,0.8713298536136505,1,0.9605111951362963,1,134,129,0.9051012665805735,1
90,5000,ordinal_pooled_candidate_uncertified,0.93,0.8726192479084013,0.961057870315875,0.8726192479084013,1,0.961057870315875,1,43,,,
90,5000,ordinal_candidate_plus_cp_certification,0.93,0.8726192479084013,0.961057870315875,0.8726192479084013,1,0.961057870315875,1,134,129,0.9051012665805735,1
90,5000,ordinal_pooled_candidate_uncertified,0.95,0.889933453512216,0.967819239501928,0.889933453512216,1,0.967819239501928,1,43,,,
90,5000,ordinal_candidate_plus_cp_certification,0.95,0.889933453512216,0.967819239501928,0.889933453512216,1,0.967819239501928,1,134,129,0.9051012665805735,1
90,5000,ordinal_pooled_candidate_uncertified,0.97,0.9170334133566724,0.9764370564642988,0.9170334133566724,1,0.9764370564642988,1,43,,,
90,5000,ordinal_candidate_plus_cp_certification,0.97,0.9170334133566724,0.9764370564642988,0.9170334133566724,1,0.9764370564642988,1,134,129,0.9051012665805735,1
91,5000,independent_mondrian_total_budget,,,,0.7845826325616536,1,0.9070678712680165,1,157,,,
91,5000,direct_pac_split_matched,,0.8597651440269083,0.9553239870212724,0.8597651440269083,1,0.9553239870212724,1,152,146,0.9068173272964544,1
91,5000,direct_pac_total_budget,,0.8597651440269083,0.9553239870212724,0.8597651440269083,1,0.9553239870212724,1,157,150,0.9009850972248818,1
91,5000,ordinal_pooled_candidate_uncertified,0.9,0.7979662680021344,0.9177099505393267,0.7979662680021344,1,0.9177099505393267,1,51,,,
91,5000,ordinal_candidate_plus_cp_certification,0.9,0.7979662680021344,0.9177099505393267,,0,1.0,1,152,140,0.8551808404875505,0
91,5000,ordinal_pooled_candidate_uncertified,0.93,0.8608139704666434,0.9558159809653188,0.8608139704666434,1,0.9558159809653188,1,51,,,
91,5000,ordinal_candidate_plus_cp_certification,0.93,0.8608139704666434,0.9558159809653188,0.8608139704666434,1,0.9558159809653188,1,152,146,0.9068173272964544,1
91,5000,ordinal_pooled_candidate_uncertified,0.95,0.9093646449050669,0.9742220341965437,0.9093646449050669,1,0.9742220341965437,1,51,,,
91,5000,ordinal_candidate_plus_cp_certification,0.95,0.9093646449050669,0.9742220341965437,0.9093646449050669,1,0.9742220341965437,1,152,148,0.9255433939427871,1
91,5000,ordinal_pooled_candidate_uncertified,0.97,1.2191083672858198,0.9997634498599779,1.2191083672858198,1,0.9997634498599779,1,51,,,
91,5000,ordinal_candidate_plus_cp_certification,0.97,1.2191083672858198,0.9997634498599779,1.2191083672858198,1,0.9997634498599779,1,152,152,0.970157186886778,1
92,5000,independent_mondrian_total_budget,,,,0.7778030405972582,1,0.9013035993628103,1,170,,,
92,5000,direct_pac_split_matched,,0.8366487740045836,0.9433170545564193,0.8366487740045836,1,0.9433170545564193,1,166,159,0.906206101527002,1
92,5000,direct_pac_total_budget,,0.8407293522698394,0.9456040314151308,0.8407293522698394,1,0.9456040314151308,1,170,162,0.9004415481107013,1
92,5000,ordinal_pooled_candidate_uncertified,0.9,0.8407293522698394,0.9456040314151308,0.8407293522698394,1,0.9456040314151308,1,38,,,
92,5000,ordinal_candidate_plus_cp_certification,0.9,0.8407293522698394,0.9456040314151308,0.8407293522698394,1,0.9456040314151308,1,166,159,0.906206101527002,1
92,5000,ordinal_pooled_candidate_uncertified,0.93,0.8646047513607991,0.9575578854993141,0.8646047513607991,1,0.9575578854993141,1,38,,,
92,5000,ordinal_candidate_plus_cp_certification,0.93,0.8646047513607991,0.9575578854993141,0.8646047513607991,1,0.9575578854993141,1,166,159,0.906206101527002,1
92,5000,ordinal_pooled_candidate_uncertified,0.95,0.9147889119142623,0.9758059763696749,0.9147889119142623,1,0.9758059763696749,1,38,,,
92,5000,ordinal_candidate_plus_cp_certification,0.95,0.9147889119142623,0.9758059763696749,0.9147889119142623,1,0.9758059763696749,1,166,162,0.9316783587343789,1
92,5000,ordinal_pooled_candidate_uncertified,0.97,0.9147889119142623,0.9758059763696749,0.9147889119142623,1,0.9758059763696749,1,38,,,
92,5000,ordinal_candidate_plus_cp_certification,0.97,0.9147889119142623,0.9758059763696749,0.9147889119142623,1,0.9758059763696749,1,166,162,0.9316783587343789,1
93,5000,independent_mondrian_total_budget,,,,0.7811191916797253,1,0.9041550022546097,1,147,,,
93,5000,direct_pac_split_matched,,0.8458606733660026,0.9483755931113789,0.8458606733660026,1,0.9483755931113789,1,139,134,0.908414554787415,1
93,5000,direct_pac_total_budget,,0.8458606733660026,0.9483755931113789,0.8458606733660026,1,0.9483755931113789,1,147,141,0.9037410588507298,1
93,5000,ordinal_pooled_candidate_uncertified,0.9,0.7802765475805519,0.9034362603412142,0.7802765475805519,1,0.9034362603412142,1,56,,,
93,5000,ordinal_candidate_plus_cp_certification,0.9,0.7802765475805519,0.9034362603412142,,0,1.0,1,139,127,0.8421777699470621,0
93,5000,ordinal_pooled_candidate_uncertified,0.93,0.8056313461054694,0.9233766241319893,0.8056313461054694,1,0.9233766241319893,1,56,,,
93,5000,ordinal_candidate_plus_cp_certification,0.93,0.8056313461054694,0.9233766241319893,,0,1.0,1,139,131,0.8789975236532515,0
93,5000,ordinal_pooled_candidate_uncertified,0.95,0.8285473099291727,0.9385526450075411,0.8285473099291727,1,0.9385526450075411,1,56,,,
93,5000,ordinal_candidate_plus_cp_certification,0.95,0.8285473099291727,0.9385526450075411,,0,1.0,1,139,132,0.8885824533892566,0
93,5000,ordinal_pooled_candidate_uncertified,0.97,0.9623690144676826,0.9865113142011891,0.9623690144676826,1,0.9865113142011891,1,56,,,
93,5000,ordinal_candidate_plus_cp_certification,0.97,0.9623690144676826,0.9865113142011891,0.9623690144676826,1,0.9865113142011891,1,139,139,0.9674120904770198,1
94,5000,independent_mondrian_total_budget,,,,0.7482513387602838,1,0.8731184410500024,0,150,,,
94,5000,direct_pac_split_matched,,0.8402569185905167,0.9453430500527182,0.8402569185905167,1,0.9453430500527182,1,143,137,0.9011299306325309,1
94,5000,direct_pac_total_budget,,0.8402569185905167,0.9453430500527182,0.8402569185905167,1,0.9453430500527182,1,150,144,0.9056107063487693,1
94,5000,ordinal_pooled_candidate_uncertified,0.9,0.8627558707018264,0.9567153716786545,0.8627558707018264,1,0.9567153716786545,1,48,,,
94,5000,ordinal_candidate_plus_cp_certification,0.9,0.8627558707018264,0.9567153716786545,0.8627558707018264,1,0.9567153716786545,1,143,137,0.9011299306325309,1
94,5000,ordinal_pooled_candidate_uncertified,0.93,0.8756081646405006,0.9623014248127956,0.8756081646405006,1,0.9623014248127956,1,48,,,
94,5000,ordinal_candidate_plus_cp_certification,0.93,0.8756081646405006,0.9623014248127956,0.8756081646405006,1,0.9623014248127956,1,143,137,0.9011299306325309,1
94,5000,ordinal_pooled_candidate_uncertified,0.95,0.9021190699207121,0.9719716987718805,0.9021190699207121,1,0.9719716987718805,1,48,,,
94,5000,ordinal_candidate_plus_cp_certification,0.95,0.9021190699207121,0.9719716987718805,0.9021190699207121,1,0.9719716987718805,1,143,138,0.910903220174538,1
94,5000,ordinal_pooled_candidate_uncertified,0.97,0.9201313231332792,0.9772852960960302,0.9201313231332792,1,0.9772852960960302,1,48,,,
94,5000,ordinal_candidate_plus_cp_certification,0.97,0.9201313231332792,0.9772852960960302,0.9201313231332792,1,0.9772852960960302,1,143,142,0.9544826165186566,1
95,5000,independent_mondrian_total_budget,,,,0.8688927686342631,1,0.9594608795589774,1,146,,,
95,5000,direct_pac_split_matched,,0.9464284332749209,0.983502419438105,0.9464284332749209,1,0.983502419438105,1,140,135,0.9090496573115576,1
95,5000,direct_pac_total_budget,,0.9428122589093937,0.9827449837615301,0.9428122589093937,1,0.9827449837615301,1,146,140,0.9031012844780666,1
95,5000,ordinal_pooled_candidate_uncertified,0.9,0.8092817631866893,0.9259687146954404,0.8092817631866893,1,0.9259687146954404,1,48,,,
95,5000,ordinal_candidate_plus_cp_certification,0.9,0.8092817631866893,0.9259687146954404,,0,1.0,1,140,113,0.7176677419739153,0
95,5000,ordinal_pooled_candidate_uncertified,0.93,0.8140396496669566,0.9292459655018677,0.8140396496669566,1,0.9292459655018677,1,48,,,
95,5000,ordinal_candidate_plus_cp_certification,0.93,0.8140396496669566,0.9292459655018677,,0,1.0,1,140,115,0.7337283129524614,0
95,5000,ordinal_pooled_candidate_uncertified,0.95,0.9465087118357324,0.9835189062199159,0.9465087118357324,1,0.9835189062199159,1,48,,,
95,5000,ordinal_candidate_plus_cp_certification,0.95,0.9465087118357324,0.9835189062199159,0.9465087118357324,1,0.9835189062199159,1,140,135,0.9090496573115576,1
95,5000,ordinal_pooled_candidate_uncertified,0.97,0.9665219458499371,0.9872126540255367,0.9665219458499371,1,0.9872126540255367,1,48,,,
95,5000,ordinal_candidate_plus_cp_certification,0.97,0.9665219458499371,0.9872126540255367,0.9665219458499371,1,0.9872126540255367,1,140,135,0.9090496573115576,1
96,5000,independent_mondrian_total_budget,,,,0.7601154090530561,1,0.8850423451284533,0,155,,,
96,5000,direct_pac_split_matched,,0.8206401974338919,0.9336063884697778,0.8206401974338919,1,0.9336063884697778,1,149,143,0.9049956081288264,1
96,5000,direct_pac_total_budget,,0.8206401974338919,0.9336063884697778,0.8206401974338919,1,0.9336063884697778,1,155,149,0.9085705352326381,1
96,5000,ordinal_pooled_candidate_uncertified,0.9,0.7481886107971931,0.8730531893401892,0.7481886107971931,1,0.8730531893401892,0,49,,,
96,5000,ordinal_candidate_plus_cp_certification,0.9,0.7481886107971931,0.8730531893401892,,0,1.0,1,149,130,0.7955076995211747,0
96,5000,ordinal_pooled_candidate_uncertified,0.93,0.766698012332431,0.8913035088261613,0.766698012332431,1,0.8913035088261613,0,49,,,
96,5000,ordinal_candidate_plus_cp_certification,0.93,0.766698012332431,0.8913035088261613,,0,1.0,1,149,135,0.8357605707387699,0
96,5000,ordinal_pooled_candidate_uncertified,0.95,0.7825915098322872,0.9054013734880337,0.7825915098322872,1,0.9054013734880337,1,49,,,
96,5000,ordinal_candidate_plus_cp_certification,0.95,0.7825915098322872,0.9054013734880337,,0,1.0,1,149,139,0.8693720886239165,0
96,5000,ordinal_pooled_candidate_uncertified,0.97,0.8214877829258542,0.9341509048140556,0.8214877829258542,1,0.9341509048140556,1,49,,,
96,5000,ordinal_candidate_plus_cp_certification,0.97,0.8214877829258542,0.9341509048140556,0.8214877829258542,1,0.9341509048140556,1,149,143,0.9049956081288264,1
97,5000,independent_mondrian_total_budget,,,,0.8027152120021142,1,0.9212567927481349,1,171,,,
97,5000,direct_pac_split_matched,,0.863441657617293,0.9570294391271876,0.863441657617293,1,0.9570294391271876,1,166,159,0.906206101527002,1
97,5000,direct_pac_total_budget,,0.8590527745926544,0.9549873125518378,0.8590527745926544,1,0.9549873125518378,1,171,163,0.9010075427742397,1
97,5000,ordinal_pooled_candidate_uncertified,0.9,0.8204077334177886,0.9334564384973683,0.8204077334177886,1,0.9334564384973683,1,46,,,
97,5000,ordinal_candidate_plus_cp_certification,0.9,0.8204077334177886,0.9334564384973683,,0,1.0,1,166,153,0.8594447623981993,0
97,5000,ordinal_pooled_candidate_uncertified,0.93,0.880658656693784,0.9643289165469892,0.880658656693784,1,0.9643289165469892,1,46,,,
97,5000,ordinal_candidate_plus_cp_certification,0.93,0.880658656693784,0.9643289165469892,0.880658656693784,1,0.9643289165469892,1,166,162,0.9316783587343789,1
97,5000,ordinal_pooled_candidate_uncertified,0.95,0.963003634912168,0.9866205914624882,0.963003634912168,1,0.9866205914624882,1,46,,,
97,5000,ordinal_candidate_plus_cp_certification,0.95,0.963003634912168,0.9866205914624882,0.963003634912168,1,0.9866205914624882,1,166,164,0.9503289725222561,1
97,5000,ordinal_pooled_candidate_uncertified,0.97,1.0095052591928084,0.9928079685690319,1.0095052591928084,1,0.9928079685690319,1,46,,,
97,5000,ordinal_candidate_plus_cp_certification,0.97,1.0095052591928084,0.9928079685690319,1.0095052591928084,1,0.9928079685690319,1,166,165,0.9606823394456647,1
98,5000,independent_mondrian_total_budget,,,,0.7925066995655305,1,0.9134852099836326,1,154,,,
98,5000,direct_pac_split_matched,,0.8757094472362914,0.9623429894260453,0.8757094472362914,1,0.9623429894260453,1,149,143,0.9049956081288264,1
98,5000,direct_pac_total_budget,,0.884548397267054,0.9658287610160253,0.884548397267054,1,0.9658287610160253,1,154,148,0.9079935050104913,1
98,5000,ordinal_pooled_candidate_uncertified,0.9,0.8266579147801012,0.9373977388189958,0.8266579147801012,1,0.9373977388189958,1,52,,,
98,5000,ordinal_candidate_plus_cp_certification,0.9,0.8266579147801012,0.9373977388189958,,0,1.0,1,149,141,0.8868579352865555,0
98,5000,ordinal_pooled_candidate_uncertified,0.93,0.9190287127965474,0.9769863879075416,0.9190287127965474,1,0.9769863879075416,1,52,,,
98,5000,ordinal_candidate_plus_cp_certification,0.93,0.9190287127965474,0.9769863879075416,0.9190287127965474,1,0.9769863879075416,1,149,145,0.9240826602225392,1
98,5000,ordinal_pooled_candidate_uncertified,0.95,0.9200993717706685,0.9772766806161635,0.9200993717706685,1,0.9772766806161635,1,52,,,
98,5000,ordinal_candidate_plus_cp_certification,0.95,0.9200993717706685,0.9772766806161635,0.9200993717706685,1,0.9772766806161635,1,149,145,0.9240826602225392,1
98,5000,ordinal_pooled_candidate_uncertified,0.97,1.0056607600544225,0.9924151848193842,1.0056607600544225,1,0.9924151848193842,1,52,,,
98,5000,ordinal_candidate_plus_cp_certification,0.97,1.0056607600544225,0.9924151848193842,1.0056607600544225,1,0.9924151848193842,1,149,148,0.9562809564315917,1
99,5000,independent_mondrian_total_budget,,,,0.7437102718455723,1,0.8683342078790692,0,143,,,
99,5000,direct_pac_split_matched,,0.8282446337441256,0.938368759723759,0.8282446337441256,1,0.938368759723759,1,140,135,0.9090496573115576,1
99,5000,direct_pac_total_budget,,0.8092748966792456,0.9259639026098914,0.8092748966792456,1,0.9259639026098914,1,143,137,0.9011299306325309,1
99,5000,ordinal_pooled_candidate_uncertified,0.9,0.7672152555700893,0.8917848941460179,0.7672152555700893,1,0.8917848941460179,0,36,,,
99,5000,ordinal_candidate_plus_cp_certification,0.9,0.7672152555700893,0.8917848941460179,,0,1.0,1,140,129,0.852215288313444,0
99,5000,ordinal_pooled_candidate_uncertified,0.93,0.797816727631304,0.9175963407428342,0.797816727631304,1,0.9175963407428342,1,36,,,
99,5000,ordinal_candidate_plus_cp_certification,0.93,0.797816727631304,0.9175963407428342,,0,1.0,1,140,132,0.8798323288532885,0
99,5000,ordinal_pooled_candidate_uncertified,0.95,0.854935154587455,0.9530010683195831,0.854935154587455,1,0.9530010683195831,1,36,,,
99,5000,ordinal_candidate_plus_cp_certification,0.95,0.854935154587455,0.9530010683195831,0.854935154587455,1,0.9530010683195831,1,140,139,0.9535268115720537,1
99,5000,ordinal_pooled_candidate_uncertified,0.97,0.854935154587455,0.9530010683195831,0.854935154587455,1,0.9530010683195831,1,36,,,
99,5000,ordinal_candidate_plus_cp_certification,0.97,0.854935154587455,0.9530010683195831,0.854935154587455,1,0.9530010683195831,1,140,139,0.9535268115720537,1
0,10000,independent_mondrian_total_budget,,,,0.7671991905704627,1,0.8917699659808332,0,342,,,
0,10000,direct_pac_split_matched,,0.8033521309659717,0.9217235416805766,0.8033521309659717,1,0.9217235416805766,1,336,316,0.9034023872172976,1
0,10000,direct_pac_total_budget,,0.8033521309659717,0.9217235416805766,0.8033521309659717,1,0.9217235416805766,1,342,321,0.9015122737386572,1
0,10000,ordinal_pooled_candidate_uncertified,0.9,0.6817273518265685,0.7906379428541119,0.6817273518265685,1,0.7906379428541119,0,32,,,
0,10000,ordinal_candidate_plus_cp_certification,0.9,0.6817273518265685,0.7906379428541119,,0,1.0,1,336,266,0.7353023543941788,0
0,10000,ordinal_pooled_candidate_uncertified,0.93,0.829504490995103,0.9391313429707897,0.829504490995103,1,0.9391313429707897,1,32,,,
0,10000,ordinal_candidate_plus_cp_certification,0.93,0.829504490995103,0.9391313429707897,0.829504490995103,1,0.9391313429707897,1,336,323,0.9293460132683362,1
0,10000,ordinal_pooled_candidate_uncertified,0.95,0.8973536321737059,0.9704042423449746,0.8973536321737059,1,0.9704042423449746,1,32,,,
0,10000,ordinal_candidate_plus_cp_certification,0.95,0.8973536321737059,0.9704042423449746,0.8973536321737059,1,0.9704042423449746,1,336,328,0.9489283597152298,1
0,10000,ordinal_pooled_candidate_uncertified,0.97,,1.0,,0,1.0,1,32,,,
0,10000,ordinal_candidate_plus_cp_certification,0.97,,1.0,,0,1.0,1,336,0,0.0,0
1,10000,independent_mondrian_total_budget,,,,0.8265965584598023,1,0.9373599526062935,1,297,,,
1,10000,direct_pac_split_matched,,0.8741847867126036,0.9617133241040543,0.8741847867126036,1,0.9617133241040543,1,291,274,0.9014097610273819,1
1,10000,direct_pac_total_budget,,0.8741847867126036,0.9617133241040543,0.8741847867126036,1,0.9617133241040543,1,297,280,0.9033593176784116,1
1,10000,ordinal_pooled_candidate_uncertified,0.9,0.8049575684504756,0.9228907311274357,0.8049575684504756,1,0.9228907311274357,1,38,,,
1,10000,ordinal_candidate_plus_cp_certification,0.9,0.8049575684504756,0.9228907311274357,,0,1.0,1,291,259,0.8401991354898657,0
1,10000,ordinal_pooled_candidate_uncertified,0.93,0.8326876543428124,0.9410252279179243,0.8326876543428124,1,0.9410252279179243,1,38,,,
1,10000,ordinal_candidate_plus_cp_certification,0.93,0.8326876543428124,0.9410252279179243,,0,1.0,1,291,264,0.8601654997467303,0
1,10000,ordinal_pooled_candidate_uncertified,0.95,0.8369604474151007,0.9434943630103162,0.8369604474151007,1,0.9434943630103162,1,38,,,
1,10000,ordinal_candidate_plus_cp_certification,0.95,0.8369604474151007,0.9434943630103162,,0,1.0,1,291,265,0.8642031190810417,0
1,10000,ordinal_pooled_candidate_uncertified,0.97,0.8369604474151007,0.9434943630103162,0.8369604474151007,1,0.9434943630103162,1,38,,,
1,10000,ordinal_candidate_plus_cp_certification,0.97,0.8369604474151007,0.9434943630103162,,0,1.0,1,291,265,0.8642031190810417,0
2,10000,independent_mondrian_total_budget,,,,0.8075205784743613,1,0.9247266201059796,1,316,,,
2,10000,direct_pac_split_matched,,0.8421643094402078,0.946390688353663,0.8421643094402078,1,0.946390688353663,1,312,293,0.900034559337525,1
2,10000,direct_pac_total_budget,,0.8550530646927688,0.9530589070571589,0.8550530646927688,1,0.9530589070571589,1,316,297,0.90127363166594,1
2,10000,ordinal_pooled_candidate_uncertified,0.9,0.8987368125274063,0.9708665210010052,0.8987368125274063,1,0.9708665210010052,1,40,,,
2,10000,ordinal_candidate_plus_cp_certification,0.9,0.8987368125274063,0.9708665210010052,0.8987368125274063,1,0.9708665210010052,1,312,304,0.9450593389028992,1
2,10000,ordinal_pooled_candidate_uncertified,0.93,1.042433438652913,0.995501487874517,1.042433438652913,1,0.995501487874517,1,40,,,
2,10000,ordinal_candidate_plus_cp_certification,0.93,1.042433438652913,0.995501487874517,1.042433438652913,1,0.995501487874517,1,312,309,0.9681656732946844,1
2,10000,ordinal_pooled_candidate_uncertified,0.95,1.042433438652913,0.995501487874517,1.042433438652913,1,0.995501487874517,1,40,,,
2,10000,ordinal_candidate_plus_cp_certification,0.95,1.042433438652913,0.995501487874517,1.042433438652913,1,0.995501487874517,1,312,309,0.9681656732946844,1
2,10000,ordinal_pooled_candidate_uncertified,0.97,1.0442202796949558,0.9956176905494356,1.0442202796949558,1,0.9956176905494356,1,40,,,
2,10000,ordinal_candidate_plus_cp_certification,0.97,1.0442202796949558,0.9956176905494356,1.0442202796949558,1,0.9956176905494356,1,312,310,0.9733329588580051,1
3,10000,independent_mondrian_total_budget,,,,0.806188595917197,1,0.9237767211077645,1,295,,,
3,10000,direct_pac_split_matched,,0.8820876026575966,0.9648860555825927,0.8820876026575966,1,0.9648860555825927,1,289,272,0.9007423197693929,1
3,10000,direct_pac_total_budget,,0.8820876026575966,0.9648860555825927,0.8820876026575966,1,0.9648860555825927,1,295,278,0.9027180850966614,1
3,10000,ordinal_pooled_candidate_uncertified,0.9,0.7964425619140179,0.9165468159487398,0.7964425619140179,1,0.9165468159487398,1,43,,,
3,10000,ordinal_candidate_plus_cp_certification,0.9,0.7964425619140179,0.9165468159487398,,0,1.0,1,289,258,0.8431169959493356,0
3,10000,ordinal_pooled_candidate_uncertified,0.93,0.8250182293296564,0.936381817429581,0.8250182293296564,1,0.936381817429581,1,43,,,
3,10000,ordinal_candidate_plus_cp_certification,0.93,0.8250182293296564,0.936381817429581,,0,1.0,1,289,265,0.871467371016126,0
3,10000,ordinal_pooled_candidate_uncertified,0.95,0.8875151746459612,0.9669375366477668,0.8875151746459612,1,0.9669375366477668,1,43,,,
3,10000,ordinal_candidate_plus_cp_certification,0.95,0.8875151746459612,0.9669375366477668,0.8875151746459612,1,0.9669375366477668,1,289,273,0.9050262783414096,1
3,10000,ordinal_pooled_candidate_uncertified,0.97,0.909209951486879,0.9741756185249043,0.909209951486879,1,0.9741756185249043,1,43,,,
3,10000,ordinal_candidate_plus_cp_certification,0.97,0.909209951486879,0.9741756185249043,0.909209951486879,1,0.9741756185249043,1,289,277,0.9225095423671292,1
4,10000,independent_mondrian_total_budget,,,,0.7619748097341502,1,0.8868363866730873,0,292,,,
4,10000,direct_pac_split_matched,,0.8361848996932615,0.9430523489821425,0.8361848996932615,1,0.9430523489821425,1,288,271,0.9004052004871295,1
4,10000,direct_pac_total_budget,,0.8361848996932615,0.9430523489821425,0.8361848996932615,1,0.9430523489821425,1,292,275,0.9017401285110094,1
4,10000,ordinal_pooled_candidate_uncertified,0.9,0.7327303900198906,0.8562568004518251,0.7327303900198906,1,0.8562568004518251,0,47,,,
4,10000,ordinal_candidate_plus_cp_certification,0.9,0.7327303900198906,0.8562568004518251,,0,1.0,1,288,247,0.8030567997629459,0
4,10000,ordinal_pooled_candidate_uncertified,0.93,0.7834530219402509,0.9061251119952181,0.7834530219402509,1,0.9061251119952181,1,47,,,
4,10000,ordinal_candidate_plus_cp_certification,0.93,0.7834530219402509,0.9061251119952181,,0,1.0,1,288,262,0.8628255803591864,0
4,10000,ordinal_pooled_candidate_uncertified,0.95,0.7844408221542827,0.906949903701439,0.7844408221542827,1,0.906949903701439,1,47,,,
4,10000,ordinal_candidate_plus_cp_certification,0.95,0.7844408221542827,0.906949903701439,,0,1.0,1,288,262,0.8628255803591864,0
4,10000,ordinal_pooled_candidate_uncertified,0.97,0.8519121729926585,0.9514985866326556,0.8519121729926585,1,0.9514985866326556,1,47,,,
4,10000,ordinal_candidate_plus_cp_certification,0.97,0.8519121729926585,0.9514985866326556,0.8519121729926585,1,0.9514985866326556,1,288,275,0.9178009858741663,1
5,10000,independent_mondrian_total_budget,,,,0.7613144837789652,1,0.8862015730293804,0,303,,,
5,10000,direct_pac_split_matched,,0.837224724680121,0.9436443655066357,0.837224724680121,1,0.9436443655066357,1,300,282,0.9002015378854917,1
5,10000,direct_pac_total_budget,,0.837224724680121,0.9436443655066357,0.837224724680121,1,0.9436443655066357,1,303,285,0.901168666502481,1
5,10000,ordinal_pooled_candidate_uncertified,0.9,0.8772350700881496,0.9629645645631655,0.8772350700881496,1,0.9629645645631655,1,46,,,
5,10000,ordinal_candidate_plus_cp_certification,0.9,0.8772350700881496,0.9629645645631655,0.8772350700881496,1,0.9629645645631655,1,300,289,0.9296155772494303,1
5,10000,ordinal_pooled_candidate_uncertified,0.93,0.8835721536315579,0.96545729205667,0.8835721536315579,1,0.96545729205667,1,46,,,
5,10000,ordinal_candidate_plus_cp_certification,0.93,0.8835721536315579,0.96545729205667,0.8835721536315579,1,0.96545729205667,1,300,289,0.9296155772494303,1
5,10000,ordinal_pooled_candidate_uncertified,0.95,0.934850591004984,0.9809720877525338,0.934850591004984,1,0.9809720877525338,1,46,,,
5,10000,ordinal_candidate_plus_cp_certification,0.95,0.934850591004984,0.9809720877525338,0.934850591004984,1,0.9809720877525338,1,300,293,0.9474631319739071,1
5,10000,ordinal_pooled_candidate_uncertified,0.97,1.142213246973776,0.9990679343924451,1.142213246973776,1,0.9990679343924451,1,46,,,
5,10000,ordinal_candidate_plus_cp_certification,0.97,1.142213246973776,0.9990679343924451,1.142213246973776,1,0.9990679343924451,1,300,300,0.9847666521101581,1
6,10000,independent_mondrian_total_budget,,,,0.7732691940951761,1,0.8973053773043189,0,319,,,
6,10000,direct_pac_split_matched,,0.8431389626884623,0.9469198435426649,0.8431389626884623,1,0.9469198435426649,1,313,294,0.9003472327034481,1
6,10000,direct_pac_total_budget,,0.8431389626884623,0.9469198435426649,0.8431389626884623,1,0.9469198435426649,1,319,300,0.9021829731926965,1
6,10000,ordinal_pooled_candidate_uncertified,0.9,0.7893888290187492,0.9110008888112415,0.7893888290187492,1,0.9110008888112415,1,48,,,
6,10000,ordinal_candidate_plus_cp_certification,0.9,0.7893888290187492,0.9110008888112415,,0,1.0,1,313,285,0.866003362064969,0
6,10000,ordinal_pooled_candidate_uncertified,0.93,0.8268876047699236,0.9375390353736524,0.8268876047699236,1,0.9375390353736524,1,48,,,
6,10000,ordinal_candidate_plus_cp_certification,0.93,0.8268876047699236,0.9375390353736524,,0,1.0,1,313,288,0.8772981045512047,0
6,10000,ordinal_pooled_candidate_uncertified,0.95,0.8420536905777829,0.9463303684321909,0.8420536905777829,1,0.9463303684321909,1,48,,,
6,10000,ordinal_candidate_plus_cp_certification,0.95,0.8420536905777829,0.9463303684321909,,0,1.0,1,313,293,0.8964561461198235,0
6,10000,ordinal_pooled_candidate_uncertified,0.97,0.9032349607158119,0.9723285753096856,0.9032349607158119,1,0.9723285753096856,1,48,,,
6,10000,ordinal_candidate_plus_cp_certification,0.97,0.9032349607158119,0.9723285753096856,0.9032349607158119,1,0.9723285753096856,1,313,303,0.9366795580824123,1
7,10000,independent_mondrian_total_budget,,,,0.7596959938712848,1,0.8846348917749,0,305,,,
7,10000,direct_pac_split_matched,,0.8067240484466485,0.9241596681181711,0.8067240484466485,1,0.9241596681181711,1,296,279,0.9030397610457508,1
7,10000,direct_pac_total_budget,,0.8079950374907882,0.9250627904210639,0.8079950374907882,1,0.9250627904210639,1,305,287,0.9018030771174659,1
7,10000,ordinal_pooled_candidate_uncertified,0.9,0.7947542528278511,0.9152436475766552,0.7947542528278511,1,0.9152436475766552,1,49,,,
7,10000,ordinal_candidate_plus_cp_certification,0.9,0.7947542528278511,0.9152436475766552,,0,1.0,1,296,278,0.8988822155974476,0
7,10000,ordinal_pooled_candidate_uncertified,0.93,0.7985154561662298,0.9181261714185172,0.7985154561662298,1,0.9181261714185172,1,49,,,
7,10000,ordinal_candidate_plus_cp_certification,0.93,0.7985154561662298,0.9181261714185172,,0,1.0,1,296,278,0.8988822155974476,0
7,10000,ordinal_pooled_candidate_uncertified,0.95,0.8236777592974299,0.9355417928329899,0.8236777592974299,1,0.9355417928329899,1,49,,,
7,10000,ordinal_candidate_plus_cp_certification,0.95,0.8236777592974299,0.9355417928329899,0.8236777592974299,1,0.9355417928329899,1,296,282,0.9156928782838731,1
7,10000,ordinal_pooled_candidate_uncertified,0.97,0.8466299642825679,0.9487812547888256,0.8466299642825679,1,0.9487812547888256,1,49,,,
7,10000,ordinal_candidate_plus_cp_certification,0.97,0.8466299642825679,0.9487812547888256,0.8466299642825679,1,0.9487812547888256,1,296,285,0.9286814865032655,1
8,10000,independent_mondrian_total_budget,,,,0.8035322078130844,1,0.9218551249408365,1,307,,,
8,10000,direct_pac_split_matched,,0.8626322656510919,0.956658568032687,0.8626322656510919,1,0.956658568032687,1,300,282,0.9002015378854917,1
8,10000,direct_pac_total_budget,,0.8636503493495962,0.9571246466975672,0.8636503493495962,1,0.9571246466975672,1,307,289,0.9024293988060317,1
8,10000,ordinal_pooled_candidate_uncertified,0.9,0.7603155929285725,0.8852364584524854,0.7603155929285725,1,0.8852364584524854,0,43,,,
8,10000,ordinal_candidate_plus_cp_certification,0.9,0.7603155929285725,0.8852364584524854,,0,1.0,1,300,264,0.829569723914013,0
8,10000,ordinal_pooled_candidate_uncertified,0.93,0.7635387381839439,0.88832980225974,0.7635387381839439,1,0.88832980225974,0,43,,,
8,10000,ordinal_candidate_plus_cp_certification,0.93,0.7635387381839439,0.88832980225974,,0,1.0,1,300,265,0.8333758184463502,0
8,10000,ordinal_pooled_candidate_uncertified,0.95,0.8219648186197623,0.9344558422088444,0.8219648186197623,1,0.9344558422088444,1,43,,,
8,10000,ordinal_candidate_plus_cp_certification,0.95,0.8219648186197623,0.9344558422088444,,0,1.0,1,300,274,0.8681747198662879,0
8,10000,ordinal_pooled_candidate_uncertified,0.97,0.8666476859949444,0.9584733504476356,0.8666476859949444,1,0.9584733504476356,1,43,,,
8,10000,ordinal_candidate_plus_cp_certification,0.97,0.8666476859949444,0.9584733504476356,0.8666476859949444,1,0.9584733504476356,1,300,286,0.9167951758664654,1
9,10000,independent_mondrian_total_budget,,,,0.799292783903276,1,0.9187125808189003,1,293,,,
9,10000,direct_pac_split_matched,,0.8513931610119305,0.9512368056544088,0.8513931610119305,1,0.9512368056544088,1,286,270,0.9040514244228528,1
9,10000,direct_pac_total_budget,,0.8513931610119305,0.9512368056544088,0.8513931610119305,1,0.9512368056544088,1,293,276,0.9020682903971691,1
9,10000,ordinal_pooled_candidate_uncertified,0.9,0.713291439118881,0.8330922720604282,0.713291439118881,1,0.8330922720604282,0,43,,,
9,10000,ordinal_candidate_plus_cp_certification,0.9,0.713291439118881,0.8330922720604282,,0,1.0,1,286,234,0.7590489662886017,0
9,10000,ordinal_pooled_candidate_uncertified,0.93,0.8728237030274595,0.9611439860782387,0.8728237030274595,1,0.9611439860782387,1,43,,,
9,10000,ordinal_candidate_plus_cp_certification,0.93,0.8728237030274595,0.9611439860782387,0.8728237030274595,1,0.9611439860782387,1,286,274,0.9217122926363166,1
9,10000,ordinal_pooled_candidate_uncertified,0.95,0.875690959742712,0.9623354052731408,0.875690959742712,1,0.9623354052731408,1,43,,,
9,10000,ordinal_candidate_plus_cp_certification,0.95,0.875690959742712,0.9623354052731408,0.875690959742712,1,0.9623354052731408,1,286,274,0.9217122926363166,1
9,10000,ordinal_pooled_candidate_uncertified,0.97,0.9112537656218218,0.9747832528824174,0.9112537656218218,1,0.9747832528824174,1,43,,,
9,10000,ordinal_candidate_plus_cp_certification,0.97,0.9112537656218218,0.9747832528824174,0.9112537656218218,1,0.9747832528824174,1,286,277,0.9354435166913382,1
10,10000,independent_mondrian_total_budget,,,,0.8011092772651331,1,0.9200705670467495,1,263,,,
10,10000,direct_pac_split_matched,,0.8574269099187259,0.9542112584974685,0.8574269099187259,1,0.9542112584974685,1,256,242,0.9028191610624912,1
10,10000,direct_pac_total_budget,,0.8546607049471024,0.9528662205333422,0.8546607049471024,1,0.9528662205333422,1,263,248,0.9005832275813697,1
10,10000,ordinal_pooled_candidate_uncertified,0.9,0.7817895690775081,0.9047239909875677,0.7817895690775081,1,0.9047239909875677,1,48,,,
10,10000,ordinal_candidate_plus_cp_certification,0.9,0.7817895690775081,0.9047239909875677,,0,1.0,1,256,225,0.8235396178469503,0
10,10000,ordinal_pooled_candidate_uncertified,0.93,0.915492951402088,0.9760054397924789,0.915492951402088,1,0.9760054397924789,1,48,,,
10,10000,ordinal_candidate_plus_cp_certification,0.93,0.915492951402088,0.9760054397924789,0.915492951402088,1,0.9760054397924789,1,256,249,0.9385928998876822,1
10,10000,ordinal_pooled_candidate_uncertified,0.95,0.9918922125633383,0.9908492493175939,0.9918922125633383,1,0.9908492493175939,1,48,,,
10,10000,ordinal_candidate_plus_cp_certification,0.95,0.9918922125633383,0.9908492493175939,0.9918922125633383,1,0.9908492493175939,1,256,251,0.949601015780754,1
10,10000,ordinal_pooled_candidate_uncertified,0.97,1.0158678190416521,0.9934186948270569,1.0158678190416521,1,0.9934186948270569,1,48,,,
10,10000,ordinal_candidate_plus_cp_certification,0.97,1.0158678190416521,0.9934186948270569,1.0158678190416521,1,0.9934186948270569,1,256,252,0.9553384721216747,1
11,10000,independent_mondrian_total_budget,,,,0.7647603246582199,1,0.8894864640886875,0,291,,,
11,10000,direct_pac_split_matched,,0.837501223412658,0.9438009686758391,0.837501223412658,1,0.9438009686758391,1,277,261,0.9010030340446913,1
11,10000,direct_pac_total_budget,,0.8323373891831701,0.9408191222317609,0.8323373891831701,1,0.9408191222317609,1,291,274,0.9014097610273819,1
11,10000,ordinal_pooled_candidate_uncertified,0.9,0.7595190779260201,0.8844627140914425,0.7595190779260201,1,0.8844627140914425,0,52,,,
11,10000,ordinal_candidate_plus_cp_certification,0.9,0.7595190779260201,0.8844627140914425,,0,1.0,1,277,245,0.8323642089179106,0
11,10000,ordinal_pooled_candidate_uncertified,0.93,0.7632578503314877,0.8880626227412776,0.7632578503314877,1,0.8880626227412776,0,52,,,
11,10000,ordinal_candidate_plus_cp_certification,0.93,0.7632578503314877,0.8880626227412776,,0,1.0,1,277,248,0.8448770121903628,0
11,10000,ordinal_pooled_candidate_uncertified,0.95,0.7716923668552651,0.8958876092212769,0.7716923668552651,1,0.8958876092212769,0,52,,,
11,10000,ordinal_candidate_plus_cp_certification,0.95,0.7716923668552651,0.8958876092212769,,0,1.0,1,277,250,0.8532936469670054,0
11,10000,ordinal_pooled_candidate_uncertified,0.97,0.8108932189227944,0.9270914364928363,0.8108932189227944,1,0.9270914364928363,1,52,,,
11,10000,ordinal_candidate_plus_cp_certification,0.97,0.8108932189227944,0.9270914364928363,,0,1.0,1,277,255,0.8746419340938605,0
12,10000,independent_mondrian_total_budget,,,,0.7663285302557435,1,0.8909586994354052,0,323,,,
12,10000,direct_pac_split_matched,,0.830163076333631,0.9395270333168988,0.830163076333631,1,0.9395270333168988,1,316,297,0.90127363166594,1
12,10000,direct_pac_total_budget,,0.830163076333631,0.9395270333168988,0.830163076333631,1,0.9395270333168988,1,323,304,0.9033696987707387,1
12,10000,ordinal_pooled_candidate_uncertified,0.9,0.6506133671654903,0.7431434042473742,0.6506133671654903,1,0.7431434042473742,0,49,,,
12,10000,ordinal_candidate_plus_cp_certification,0.9,0.6506133671654903,0.7431434042473742,,0,1.0,1,316,237,0.6887929427060924,0
12,10000,ordinal_pooled_candidate_uncertified,0.93,0.6822779229229765,0.7914290193617786,0.6822779229229765,1,0.7914290193617786,0,49,,,
12,10000,ordinal_candidate_plus_cp_certification,0.93,0.6822779229229765,0.7914290193617786,,0,1.0,1,316,249,0.7294120963703952,0
12,10000,ordinal_pooled_candidate_uncertified,0.95,0.7017130402843424,0.8182101589102061,0.7017130402843424,1,0.8182101589102061,0,49,,,
12,10000,ordinal_candidate_plus_cp_certification,0.95,0.7017130402843424,0.8182101589102061,,0,1.0,1,316,265,0.7846573955301677,0
12,10000,ordinal_pooled_candidate_uncertified,0.97,0.8262159284590447,0.9371251447530771,0.8262159284590447,1,0.9371251447530771,1,49,,,
12,10000,ordinal_candidate_plus_cp_certification,0.97,0.8262159284590447,0.9371251447530771,,0,1.0,1,316,296,0.8974182762135052,0
13,10000,independent_mondrian_total_budget,,,,0.8081775144476193,1,0.9251917761845372,1,304,,,
13,10000,direct_pac_split_matched,,0.8684733333495467,0.9592778476280225,0.8684733333495467,1,0.9592778476280225,1,300,282,0.9002015378854917,1
13,10000,direct_pac_total_budget,,0.8684733333495467,0.9592778476280225,0.8684733333495467,1,0.9592778476280225,1,304,286,0.9014868926831623,1
13,10000,ordinal_pooled_candidate_uncertified,0.9,0.8640919376476273,0.9573255423699685,0.8640919376476273,1,0.9573255423699685,1,49,,,
13,10000,ordinal_candidate_plus_cp_certification,0.9,0.8640919376476273,0.9573255423699685,,0,1.0,1,300,281,0.8961235315985776,0
13,10000,ordinal_pooled_candidate_uncertified,0.93,0.9170283190754362,0.9764356399500427,0.9170283190754362,1,0.9764356399500427,1,49,,,
13,10000,ordinal_candidate_plus_cp_certification,0.93,0.9170283190754362,0.9764356399500427,0.9170283190754362,1,0.9764356399500427,1,300,287,0.9210269639478541,1
13,10000,ordinal_pooled_candidate_uncertified,0.95,0.9543087202877613,0.985054947506801,0.9543087202877613,1,0.985054947506801,1,49,,,
13,10000,ordinal_candidate_plus_cp_certification,0.95,0.9543087202877613,0.985054947506801,0.9543087202877613,1,0.985054947506801,1,300,294,0.9521216570049318,1
13,10000,ordinal_pooled_candidate_uncertified,0.97,1.0172392868088358,0.9935441662991771,1.0172392868088358,1,0.9935441662991771,1,49,,,
13,10000,ordinal_candidate_plus_cp_certification,0.97,1.0172392868088358,0.9935441662991771,1.0172392868088358,1,0.9935441662991771,1,300,297,0.9669072577930893,1
14,10000,independent_mondrian_total_budget,,,,0.777436076593204,1,0.9009842884516673,1,309,,,
14,10000,direct_pac_split_matched,,0.8337179160262477,0.9416281990293799,0.8337179160262477,1,0.9416281990293799,1,303,285,0.901168666502481,1
14,10000,direct_pac_total_budget,,0.8337179160262477,0.9416281990293799,0.8337179160262477,1,0.9416281990293799,1,309,291,0.9030477852164831,1
14,10000,ordinal_pooled_candidate_uncertified,0.9,0.8588517831354964,0.9548919530698021,0.8588517831354964,1,0.9548919530698021,1,46,,,
14,10000,ordinal_candidate_plus_cp_certification,0.9,0.8588517831354964,0.9548919530698021,0.8588517831354964,1,0.9548919530698021,1,303,289,0.9176031732580869,1
14,10000,ordinal_pooled_candidate_uncertified,0.93,0.8659945740173696,0.9581824387432123,0.8659945740173696,1,0.9581824387432123,1,46,,,
14,10000,ordinal_candidate_plus_cp_certification,0.93,0.8659945740173696,0.9581824387432123,0.8659945740173696,1,0.9581824387432123,1,303,289,0.9176031732580869,1
14,10000,ordinal_pooled_candidate_uncertified,0.95,0.9666335913377317,0.9872310647197327,0.9666335913377317,1,0.9872310647197327,1,46,,,
14,10000,ordinal_candidate_plus_cp_certification,0.95,0.9666335913377317,0.9872310647197327,0.9666335913377317,1,0.9872310647197327,1,303,298,0.9573135854919905,1
14,10000,ordinal_pooled_candidate_uncertified,0.97,1.0146999947591797,0.9933101593036134,1.0146999947591797,1,0.9933101593036134,1,46,,,
14,10000,ordinal_candidate_plus_cp_certification,0.97,1.0146999947591797,0.9933101593036134,1.0146999947591797,1,0.9933101593036134,1,303,302,0.9782939792605236,1
15,10000,independent_mondrian_total_budget,,,,0.756296189130066,1,0.8812941407322925,0,287,,,
15,10000,direct_pac_split_matched,,0.8094410951170674,0.9260803082828999,0.8094410951170674,1,0.9260803082828999,1,284,268,0.9033903324189683,1
15,10000,direct_pac_total_budget,,0.8048760408117166,0.9228317792393258,0.8048760408117166,1,0.9228317792393258,1,287,270,0.9000657845812758,1
15,10000,ordinal_pooled_candidate_uncertified,0.9,0.7259966951658203,0.848491118728304,0.7259966951658203,1,0.848491118728304,0,42,,,
15,10000,ordinal_candidate_plus_cp_certification,0.9,0.7259966951658203,0.848491118728304,,0,1.0,1,284,246,0.8122769118800881,0
15,10000,ordinal_pooled_candidate_uncertified,0.93,0.7561176562911582,0.8811168394280999,0.7561176562911582,1,0.8811168394280999,0,42,,,
15,10000,ordinal_candidate_plus_cp_certification,0.93,0.7561176562911582,0.8811168394280999,,0,1.0,1,284,257,0.8568118938899316,0
15,10000,ordinal_pooled_candidate_uncertified,0.95,0.756296189130066,0.8812941407322925,0.756296189130066,1,0.8812941407322925,0,42,,,
15,10000,ordinal_candidate_plus_cp_certification,0.95,0.756296189130066,0.8812941407322925,,0,1.0,1,284,257,0.8568118938899316,0
15,10000,ordinal_pooled_candidate_uncertified,0.97,0.7783232358162553,0.9017549508729924,0.7783232358162553,1,0.9017549508729924,1,42,,,
15,10000,ordinal_candidate_plus_cp_certification,0.97,0.7783232358162553,0.9017549508729924,,0,1.0,1,284,260,0.8692624452079663,0
16,10000,independent_mondrian_total_budget,,,,0.7942580754494863,1,0.9148577728943624,1,295,,,
16,10000,direct_pac_split_matched,,0.8601863747286765,0.9555221097013575,0.8601863747286765,1,0.9555221097013575,1,291,274,0.9014097610273819,1
16,10000,direct_pac_total_budget,,0.8601863747286765,0.9555221097013575,0.8601863747286765,1,0.9555221097013575,1,295,278,0.9027180850966614,1
16,10000,ordinal_pooled_candidate_uncertified,0.9,0.7013787634862999,0.8177685245439748,0.7013787634862999,1,0.8177685245439748,0,49,,,
16,10000,ordinal_candidate_plus_cp_certification,0.9,0.7013787634862999,0.8177685245439748,,0,1.0,1,291,234,0.7442492024924703,0
16,10000,ordinal_pooled_candidate_uncertified,0.93,0.7397425979589989,0.8640533625952649,0.7397425979589989,1,0.8640533625952649,0,49,,,
16,10000,ordinal_candidate_plus_cp_certification,0.93,0.7397425979589989,0.8640533625952649,,0,1.0,1,291,244,0.7820031287239226,0
16,10000,ordinal_pooled_candidate_uncertified,0.95,0.8065683268890974,0.9240484499813421,0.8065683268890974,1,0.9240484499813421,1,49,,,
16,10000,ordinal_candidate_plus_cp_certification,0.95,0.8065683268890974,0.9240484499813421,,0,1.0,1,291,264,0.8601654997467303,0
16,10000,ordinal_pooled_candidate_uncertified,0.97,0.8731935226132239,0.9612993587324632,0.8731935226132239,1,0.9612993587324632,1,49,,,
16,10000,ordinal_candidate_plus_cp_certification,0.97,0.8731935226132239,0.9612993587324632,0.8731935226132239,1,0.9612993587324632,1,291,276,0.9099521413294147,1
17,10000,independent_mondrian_total_budget,,,,0.7557199006267583,1,0.8807211552050562,0,324,,,
17,10000,direct_pac_split_matched,,0.8107854917245501,0.9270167904622054,0.8107854917245501,1,0.9270167904622054,1,319,300,0.9021829731926965,1
17,10000,direct_pac_total_budget,,0.812499157056245,0.9281973007626652,0.812499157056245,1,0.9281973007626652,1,324,305,0.9036618966017782,1
17,10000,ordinal_pooled_candidate_uncertified,0.9,0.7393188372322024,0.8635905849502905,0.7393188372322024,1,0.8635905849502905,0,60,,,
17,10000,ordinal_candidate_plus_cp_certification,0.9,0.7393188372322024,0.8635905849502905,,0,1.0,1,319,283,0.8394427464479801,0
17,10000,ordinal_pooled_candidate_uncertified,0.93,0.8293448665711611,0.9390351335075084,0.8293448665711611,1,0.9390351335075084,1,60,,,
17,10000,ordinal_candidate_plus_cp_certification,0.93,0.8293448665711611,0.9390351335075084,0.8293448665711611,1,0.9390351335075084,1,319,303,0.9137861657429283,1
17,10000,ordinal_pooled_candidate_uncertified,0.95,0.8442835086538095,0.9475359395692717,0.8442835086538095,1,0.9475359395692717,1,60,,,
17,10000,ordinal_candidate_plus_cp_certification,0.95,0.8442835086538095,0.9475359395692717,0.8442835086538095,1,0.9475359395692717,1,319,311,0.9462470389085789,1
17,10000,ordinal_pooled_candidate_uncertified,0.97,1.104664830598586,0.9982684211156998,1.104664830598586,1,0.9982684211156998,1,60,,,
17,10000,ordinal_candidate_plus_cp_certification,0.97,1.104664830598586,0.9982684211156998,1.104664830598586,1,0.9982684211156998,1,319,318,0.9793730742513782,1
18,10000,independent_mondrian_total_budget,,,,0.7622874848599939,1,0.887136098215086,0,301,,,
18,10000,direct_pac_split_matched,,0.8330104273198304,0.9412146574750975,0.8330104273198304,1,0.9412146574750975,1,294,277,0.9023942686886381,1
18,10000,direct_pac_total_budget,,0.8330104273198304,0.9412146574750975,0.8330104273198304,1,0.9412146574750975,1,301,283,0.9005260093224898,1
18,10000,ordinal_pooled_candidate_uncertified,0.9,0.8111966136209757,0.9273013498346203,0.8111966136209757,1,0.9273013498346203,1,42,,,
18,10000,ordinal_candidate_plus_cp_certification,0.9,0.8111966136209757,0.9273013498346203,,0,1.0,1,294,271,0.8776488439806789,0
18,10000,ordinal_pooled_candidate_uncertified,0.93,0.8189599163057291,0.9325166222042076,0.8189599163057291,1,0.9325166222042076,1,42,,,
18,10000,ordinal_candidate_plus_cp_certification,0.93,0.8189599163057291,0.9325166222042076,,0,1.0,1,294,272,0.8817176137063356,0
18,10000,ordinal_pooled_candidate_uncertified,0.95,0.9196111839168648,0.9771447010166979,0.9196111839168648,1,0.9771447010166979,1,42,,,
18,10000,ordinal_candidate_plus_cp_certification,0.95,0.9196111839168648,0.9771447010166979,0.9196111839168648,1,0.9771447010166979,1,294,284,0.9326586977097644,1
18,10000,ordinal_pooled_candidate_uncertified,0.97,0.9421591817079615,0.9826050710180783,0.9421591817079615,1,0.9826050710180783,1,42,,,
18,10000,ordinal_candidate_plus_cp_certification,0.97,0.9421591817079615,0.9826050710180783,0.9421591817079615,1,0.9826050710180783,1,294,284,0.9326586977097644,1
19,10000,independent_mondrian_total_budget,,,,0.774809568921764,1,0.8986767697179987,0,314,,,
19,10000,direct_pac_split_matched,,0.8078818004331129,0.9249826623529221,0.8078818004331129,1,0.9249826623529221,1,309,291,0.9030477852164831,1
19,10000,direct_pac_total_budget,,0.8078818004331129,0.9249826623529221,0.8078818004331129,1,0.9249826623529221,1,314,295,0.9006579571470414,1
19,10000,ordinal_pooled_candidate_uncertified,0.9,0.793472393955869,0.9142440617656276,0.793472393955869,1,0.9142440617656276,1,56,,,
19,10000,ordinal_candidate_plus_cp_certification,0.9,0.793472393955869,0.9142440617656276,,0,1.0,1,309,288,0.8912269268888899,0
19,10000,ordinal_pooled_candidate_uncertified,0.93,0.8252762817611795,0.936542547546175,0.8252762817611795,1,0.936542547546175,1,56,,,
19,10000,ordinal_candidate_plus_cp_certification,0.93,0.8252762817611795,0.936542547546175,0.8252762817611795,1,0.936542547546175,1,309,294,0.915096142177442,1
19,10000,ordinal_pooled_candidate_uncertified,0.95,0.8311443327998875,0.9401128536260981,0.8311443327998875,1,0.9401128536260981,1,56,,,
19,10000,ordinal_candidate_plus_cp_certification,0.95,0.8311443327998875,0.9401128536260981,0.8311443327998875,1,0.9401128536260981,1,309,295,0.9191730022465272,1
19,10000,ordinal_pooled_candidate_uncertified,0.97,0.8557418844433202,0.9533956556299722,0.8557418844433202,1,0.9533956556299722,1,56,,,
19,10000,ordinal_candidate_plus_cp_certification,0.97,0.8557418844433202,0.9533956556299722,0.8557418844433202,1,0.9533956556299722,1,309,299,0.9358734624222786,1
20,10000,independent_mondrian_total_budget,,,,0.7858762998779019,1,0.9081389308218782,1,300,,,
20,10000,direct_pac_split_matched,,0.8424894516217617,0.946567675905163,0.8424894516217617,1,0.946567675905163,1,294,277,0.9023942686886381,1
20,10000,direct_pac_total_budget,,0.8393467547544824,0.9448374680929772,0.8393467547544824,1,0.9448374680929772,1,300,282,0.9002015378854917,1
20,10000,ordinal_pooled_candidate_uncertified,0.9,0.6915344831478841,0.8044633121284875,0.6915344831478841,1,0.8044633121284875,0,49,,,
20,10000,ordinal_candidate_plus_cp_certification,0.9,0.6915344831478841,0.8044633121284875,,0,1.0,1,294,234,0.7356702945987208,0
20,10000,ordinal_pooled_candidate_uncertified,0.93,0.808959558015774,0.9257426539921951,0.808959558015774,1,0.9257426539921951,1,49,,,
20,10000,ordinal_candidate_plus_cp_certification,0.93,0.808959558015774,0.9257426539921951,,0,1.0,1,294,268,0.865553289220524,0
20,10000,ordinal_pooled_candidate_uncertified,0.95,0.8323253998984804,0.9408120574195358,0.8323253998984804,1,0.9408120574195358,1,49,,,
20,10000,ordinal_candidate_plus_cp_certification,0.95,0.8323253998984804,0.9408120574195358,,0,1.0,1,294,274,0.8899173384236019,0
20,10000,ordinal_pooled_candidate_uncertified,0.97,0.9609759357906883,0.9862687305806883,0.9609759357906883,1,0.9862687305806883,1,49,,,
20,10000,ordinal_candidate_plus_cp_certification,0.97,0.9609759357906883,0.9862687305806883,0.9609759357906883,1,0.9862687305806883,1,294,290,0.9610361668827776,1
21,10000,independent_mondrian_total_budget,,,,0.7764840996173676,1,0.9001524113155515,1,327,,,
21,10000,direct_pac_split_matched,,0.8319503143680895,0.9405907001174614,0.8319503143680895,1,0.9405907001174614,1,326,306,0.900500181400169,1
21,10000,direct_pac_total_budget,,0.8319503143680895,0.9405907001174614,0.8319503143680895,1,0.9405907001174614,1,327,307,0.9007982222721005,1
21,10000,ordinal_pooled_candidate_uncertified,0.9,0.738479227276367,0.8626704897518558,0.738479227276367,1,0.8626704897518558,0,41,,,
21,10000,ordinal_candidate_plus_cp_certification,0.9,0.738479227276367,0.8626704897518558,,0,1.0,1,326,283,0.8184389008934911,0
21,10000,ordinal_pooled_candidate_uncertified,0.93,0.8099910945059314,0.9264645316995119,0.8099910945059314,1,0.9264645316995119,1,41,,,
21,10000,ordinal_candidate_plus_cp_certification,0.93,0.8099910945059314,0.9264645316995119,,0,1.0,1,326,301,0.8820802839138073,0
21,10000,ordinal_pooled_candidate_uncertified,0.95,0.8099910945059314,0.9264645316995119,0.8099910945059314,1,0.9264645316995119,1,41,,,
21,10000,ordinal_candidate_plus_cp_certification,0.95,0.8099910945059314,0.9264645316995119,,0,1.0,1,326,301,0.8820802839138073,0
21,10000,ordinal_pooled_candidate_uncertified,0.97,0.8491649372380443,0.9501000708603159,0.8491649372380443,1,0.9501000708603159,1,41,,,
21,10000,ordinal_candidate_plus_cp_certification,0.97,0.8491649372380443,0.9501000708603159,0.8491649372380443,1,0.9501000708603159,1,326,308,0.908003895757381,1
22,10000,independent_mondrian_total_budget,,,,0.7747119563900742,1,0.8985902634224946,0,300,,,
22,10000,direct_pac_split_matched,,0.8094786125316074,0.926106566185799,0.8094786125316074,1,0.926106566185799,1,295,278,0.9027180850966614,1
22,10000,direct_pac_total_budget,,0.8017056259886197,0.9205126282855345,0.8017056259886197,1,0.9205126282855345,1,300,282,0.9002015378854917,1
22,10000,ordinal_pooled_candidate_uncertified,0.9,0.7795756718946707,0.9028354312720853,0.7795756718946707,1,0.9028354312720853,1,46,,,
22,10000,ordinal_candidate_plus_cp_certification,0.9,0.7795756718946707,0.9028354312720853,,0,1.0,1,295,268,0.8620123100523256,0
22,10000,ordinal_pooled_candidate_uncertified,0.93,0.8199185330595022,0.9331400256006996,0.8199185330595022,1,0.9331400256006996,1,46,,,
22,10000,ordinal_candidate_plus_cp_certification,0.93,0.8199185330595022,0.9331400256006996,0.8199185330595022,1,0.9331400256006996,1,295,281,0.915412726929711,1
22,10000,ordinal_pooled_candidate_uncertified,0.95,0.8422008220634868,0.9464105867144252,0.8422008220634868,1,0.9464105867144252,1,46,,,
22,10000,ordinal_candidate_plus_cp_certification,0.95,0.8422008220634868,0.9464105867144252,0.8422008220634868,1,0.9464105867144252,1,295,288,0.9465863391870419,1
22,10000,ordinal_pooled_candidate_uncertified,0.97,1.0517900001940808,0.9960807702713939,1.0517900001940808,1,0.9960807702713939,1,46,,,
22,10000,ordinal_candidate_plus_cp_certification,0.97,1.0517900001940808,0.9960807702713939,1.0517900001940808,1,0.9960807702713939,1,295,294,0.9777109566426627,1
23,10000,independent_mondrian_total_budget,,,,0.8075780359248168,1,0.924767391736689,1,298,,,
23,10000,direct_pac_split_matched,,0.826706710727221,0.9374277770557693,0.826706710727221,1,0.9374277770557693,1,291,274,0.9014097610273819,1
23,10000,direct_pac_total_budget,,0.8330976134480133,0.9412657434186704,0.8330976134480133,1,0.9412657434186704,1,298,281,0.9036767758597524,1
23,10000,ordinal_pooled_candidate_uncertified,0.9,0.7838017256847241,0.9064168860628684,0.7838017256847241,1,0.9064168860628684,1,54,,,
23,10000,ordinal_candidate_plus_cp_certification,0.9,0.7838017256847241,0.9064168860628684,,0,1.0,1,291,260,0.844164979445257,0
23,10000,ordinal_pooled_candidate_uncertified,0.93,0.9772750495848668,0.9888838424453587,0.9772750495848668,1,0.9888838424453587,1,54,,,
23,10000,ordinal_candidate_plus_cp_certification,0.93,0.9772750495848668,0.9888838424453587,0.9772750495848668,1,0.9888838424453587,1,291,287,0.9606397363110077,1
23,10000,ordinal_pooled_candidate_uncertified,0.95,0.9931111830777002,0.9909984877479384,0.9931111830777002,1,0.9909984877479384,1,54,,,
23,10000,ordinal_candidate_plus_cp_certification,0.95,0.9931111830777002,0.9909984877479384,0.9931111830777002,1,0.9909984877479384,1,291,288,0.9658961658675016,1
23,10000,ordinal_pooled_candidate_uncertified,0.97,1.0353710050739837,0.995014812095331,1.0353710050739837,1,0.995014812095331,1,54,,,
23,10000,ordinal_candidate_plus_cp_certification,0.97,1.0353710050739837,0.995014812095331,1.0353710050739837,1,0.995014812095331,1,291,289,0.9714296950835568,1
24,10000,independent_mondrian_total_budget,,,,0.784468322628334,1,0.9069727891176691,1,310,,,
24,10000,direct_pac_split_matched,,0.8536381764685277,0.9523610798554036,0.8536381764685277,1,0.9523610798554036,1,307,289,0.9024293988060317,1
24,10000,direct_pac_total_budget,,0.8536381764685277,0.9523610798554036,0.8536381764685277,1,0.9523610798554036,1,310,292,0.90335404964737,1
24,10000,ordinal_pooled_candidate_uncertified,0.9,0.7754358614836172,0.8992305246627893,0.7754358614836172,1,0.8992305246627893,0,41,,,
24,10000,ordinal_candidate_plus_cp_certification,0.9,0.7754358614836172,0.8992305246627893,,0,1.0,1,307,273,0.84080211246758,0
24,10000,ordinal_pooled_candidate_uncertified,0.93,0.8475048278179842,0.9492395003083502,0.8475048278179842,1,0.9492395003083502,1,41,,,
24,10000,ordinal_candidate_plus_cp_certification,0.93,0.8475048278179842,0.9492395003083502,,0,1.0,1,307,286,0.8905341289087767,0
24,10000,ordinal_pooled_candidate_uncertified,0.95,0.8475048278179842,0.9492395003083502,0.8475048278179842,1,0.9492395003083502,1,41,,,
24,10000,ordinal_candidate_plus_cp_certification,0.95,0.8475048278179842,0.9492395003083502,,0,1.0,1,307,286,0.8905341289087767,0
24,10000,ordinal_pooled_candidate_uncertified,0.97,0.8670236373003565,0.9586400631691236,0.8670236373003565,1,0.9586400631691236,1,41,,,
24,10000,ordinal_candidate_plus_cp_certification,0.97,0.8670236373003565,0.9586400631691236,0.8670236373003565,1,0.9586400631691236,1,307,289,0.9024293988060317,1
25,10000,independent_mondrian_total_budget,,,,0.7823192039987963,1,0.9051717616832214,1,305,,,
25,10000,direct_pac_split_matched,,0.8153520899624643,0.9301300691358583,0.8153520899624643,1,0.9301300691358583,1,300,282,0.9002015378854917,1
25,10000,direct_pac_total_budget,,0.8153520899624643,0.9301300691358583,0.8153520899624643,1,0.9301300691358583,1,305,287,0.9018030771174659,1
25,10000,ordinal_pooled_candidate_uncertified,0.9,0.8914193483383186,0.968351304148563,0.8914193483383186,1,0.968351304148563,1,44,,,
25,10000,ordinal_candidate_plus_cp_certification,0.9,0.8914193483383186,0.968351304148563,0.8914193483383186,1,0.968351304148563,1,300,292,0.9428963887207709,1
25,10000,ordinal_pooled_candidate_uncertified,0.93,0.927288107406448,0.9791469308065297,0.927288107406448,1,0.9791469308065297,1,44,,,
25,10000,ordinal_candidate_plus_cp_certification,0.93,0.927288107406448,0.9791469308065297,0.927288107406448,1,0.9791469308065297,1,300,293,0.9474631319739071,1
25,10000,ordinal_pooled_candidate_uncertified,0.95,0.9913667494336786,0.990784251666994,0.9913667494336786,1,0.990784251666994,1,44,,,
25,10000,ordinal_candidate_plus_cp_certification,0.95,0.9913667494336786,0.990784251666994,0.9913667494336786,1,0.990784251666994,1,300,297,0.9669072577930893,1
25,10000,ordinal_pooled_candidate_uncertified,0.97,1.0421450225806232,0.9954824757195203,1.0421450225806232,1,0.9954824757195203,1,44,,,
25,10000,ordinal_candidate_plus_cp_certification,0.97,1.0421450225806232,0.9954824757195203,1.0421450225806232,1,0.9954824757195203,1,300,298,0.9722776570227925,1
26,10000,independent_mondrian_total_budget,,,,0.7788419934573274,1,0.9022035475709602,1,292,,,
26,10000,direct_pac_split_matched,,0.8231711570595919,0.9352220887397449,0.8231711570595919,1,0.9352220887397449,1,287,270,0.9000657845812758,1
26,10000,direct_pac_total_budget,,0.8231711570595919,0.9352220887397449,0.8231711570595919,1,0.9352220887397449,1,292,275,0.9017401285110094,1
26,10000,ordinal_pooled_candidate_uncertified,0.9,0.752365880716122,0.8773476160956448,0.752365880716122,1,0.8773476160956448,0,40,,,
26,10000,ordinal_candidate_plus_cp_certification,0.9,0.752365880716122,0.8773476160956448,,0,1.0,1,287,252,0.8260553705532476,0
26,10000,ordinal_pooled_candidate_uncertified,0.93,0.8015343339542345,0.9203858427897931,0.8015343339542345,1,0.9203858427897931,1,40,,,
26,10000,ordinal_candidate_plus_cp_certification,0.93,0.8015343339542345,0.9203858427897931,,0,1.0,1,287,265,0.8789030645532236,0
26,10000,ordinal_pooled_candidate_uncertified,0.95,0.8015343339542345,0.9203858427897931,0.8015343339542345,1,0.9203858427897931,1,40,,,
26,10000,ordinal_candidate_plus_cp_certification,0.95,0.8015343339542345,0.9203858427897931,,0,1.0,1,287,265,0.8789030645532236,0
26,10000,ordinal_pooled_candidate_uncertified,0.97,0.9092905960830342,0.9741998246087771,0.9092905960830342,1,0.9741998246087771,1,40,,,
26,10000,ordinal_candidate_plus_cp_certification,0.97,0.9092905960830342,0.9741998246087771,0.9092905960830342,1,0.9741998246087771,1,287,282,0.9549675686038179,1
27,10000,independent_mondrian_total_budget,,,,0.7396098845852667,1,0.8639085456550216,0,308,,,
27,10000,direct_pac_split_matched,,0.8082152077866824,0.925218398997941,0.8082152077866824,1,0.925218398997941,1,301,283,0.9005260093224898,1
27,10000,direct_pac_total_budget,,0.8082152077866824,0.925218398997941,0.8082152077866824,1,0.925218398997941,1,308,290,0.9027395744704103,1
27,10000,ordinal_pooled_candidate_uncertified,0.9,0.8267880766402591,0.9374778400086438,0.8267880766402591,1,0.9374778400086438,1,51,,,
27,10000,ordinal_candidate_plus_cp_certification,0.9,0.8267880766402591,0.9374778400086438,0.8267880766402591,1,0.9374778400086438,1,301,289,0.9255425662608714,1
27,10000,ordinal_pooled_candidate_uncertified,0.93,0.8741533986245675,0.9617002715867384,0.8741533986245675,1,0.9617002715867384,1,51,,,
27,10000,ordinal_candidate_plus_cp_certification,0.93,0.8741533986245675,0.9617002715867384,0.8741533986245675,1,0.9617002715867384,1,301,295,0.9522784463532818,1
27,10000,ordinal_pooled_candidate_uncertified,0.95,0.9168116822662912,0.9763753356629654,0.9168116822662912,1,0.9763753356629654,1,51,,,
27,10000,ordinal_candidate_plus_cp_certification,0.95,0.9168116822662912,0.9763753356629654,0.9168116822662912,1,0.9763753356629654,1,301,296,0.9570337870825785,1
27,10000,ordinal_pooled_candidate_uncertified,0.97,1.0715757851101588,0.9970911129184341,1.0715757851101588,1,0.9970911129184341,1,51,,,
27,10000,ordinal_candidate_plus_cp_certification,0.97,1.0715757851101588,0.9970911129184341,1.0715757851101588,1,0.9970911129184341,1,301,300,0.9781511017603222,1
28,10000,independent_mondrian_total_budget,,,,0.7784974264706053,1,0.9019057503630337,1,300,,,
28,10000,direct_pac_split_matched,,0.8582111884042346,0.9545869406174345,0.8582111884042346,1,0.9545869406174345,1,296,279,0.9030397610457508,1
28,10000,direct_pac_total_budget,,0.8548495994007782,0.9529590649553105,0.8548495994007782,1,0.9529590649553105,1,300,282,0.9002015378854917,1
28,10000,ordinal_pooled_candidate_uncertified,0.9,0.8411784619699467,0.9458512132545769,0.8411784619699467,1,0.9458512132545769,1,40,,,
28,10000,ordinal_candidate_plus_cp_certification,0.9,0.8411784619699467,0.9458512132545769,,0,1.0,1,296,276,0.8906442450492995,0
28,10000,ordinal_pooled_candidate_uncertified,0.93,0.9012650558063433,0.9716959917679301,0.9012650558063433,1,0.9716959917679301,1,40,,,
28,10000,ordinal_candidate_plus_cp_certification,0.93,0.9012650558063433,0.9716959917679301,0.9012650558063433,1,0.9716959917679301,1,296,283,0.919980135936423,1
28,10000,ordinal_pooled_candidate_uncertified,0.95,0.9012650558063433,0.9716959917679301,0.9012650558063433,1,0.9716959917679301,1,40,,,
28,10000,ordinal_candidate_plus_cp_certification,0.95,0.9012650558063433,0.9716959917679301,0.9012650558063433,1,0.9716959917679301,1,296,283,0.919980135936423,1
28,10000,ordinal_pooled_candidate_uncertified,0.97,0.9389642606569246,0.9819065596862168,0.9389642606569246,1,0.9819065596862168,1,40,,,
28,10000,ordinal_candidate_plus_cp_certification,0.97,0.9389642606569246,0.9819065596862168,0.9389642606569246,1,0.9819065596862168,1,296,288,0.9421370638174229,1
29,10000,independent_mondrian_total_budget,,,,0.7597209099995552,1,0.88465912592794,0,282,,,
29,10000,direct_pac_split_matched,,0.8076455029385866,0.9248152446286384,0.8076455029385866,1,0.9248152446286384,1,280,264,0.9020404504486024,1
29,10000,direct_pac_total_budget,,0.8076455029385866,0.9248152446286384,0.8076455029385866,1,0.9248152446286384,1,282,266,0.9027200717514032,1
29,10000,ordinal_pooled_candidate_uncertified,0.9,0.7655468288007079,0.8902266077025904,0.7655468288007079,1,0.8902266077025904,0,41,,,
29,10000,ordinal_candidate_plus_cp_certification,0.9,0.7655468288007079,0.8902266077025904,,0,1.0,1,280,254,0.8590118441250354,0
29,10000,ordinal_pooled_candidate_uncertified,0.93,0.8243806936935589,0.9359833650106391,0.8243806936935589,1,0.9359833650106391,1,41,,,
29,10000,ordinal_candidate_plus_cp_certification,0.93,0.8243806936935589,0.9359833650106391,0.8243806936935589,1,0.9359833650106391,1,280,268,0.9200675622873886,1
29,10000,ordinal_pooled_candidate_uncertified,0.95,0.8243806936935589,0.9359833650106391,0.8243806936935589,1,0.9359833650106391,1,41,,,
29,10000,ordinal_candidate_plus_cp_certification,0.95,0.8243806936935589,0.9359833650106391,0.8243806936935589,1,0.9359833650106391,1,280,268,0.9200675622873886,1
29,10000,ordinal_pooled_candidate_uncertified,0.97,0.9226827385981049,0.9779644368662788,0.9226827385981049,1,0.9779644368662788,1,41,,,
29,10000,ordinal_candidate_plus_cp_certification,0.97,0.9226827385981049,0.9779644368662788,0.9226827385981049,1,0.9779644368662788,1,280,279,0.9765288991246961,1
30,10000,independent_mondrian_total_budget,,,,0.8164647075675735,1,0.9308728858848369,1,328,,,
30,10000,direct_pac_split_matched,,0.848912556498622,0.9499699963947215,0.848912556498622,1,0.9499699963947215,1,323,304,0.9033696987707387,1
30,10000,direct_pac_total_budget,,0.848912556498622,0.9499699963947215,0.848912556498622,1,0.9499699963947215,1,328,308,0.9010944838219115,1
30,10000,ordinal_pooled_candidate_uncertified,0.9,0.8399262669478188,0.9451598035799779,0.8399262669478188,1,0.9451598035799779,1,45,,,
30,10000,ordinal_candidate_plus_cp_certification,0.9,0.8399262669478188,0.9451598035799779,,0,1.0,1,323,299,0.8846925362910409,0
30,10000,ordinal_pooled_candidate_uncertified,0.93,0.8477192581449108,0.9493513173183046,0.8477192581449108,1,0.9493513173183046,1,45,,,
30,10000,ordinal_candidate_plus_cp_certification,0.93,0.8477192581449108,0.9493513173183046,,0,1.0,1,323,302,0.8958415125247421,0
30,10000,ordinal_pooled_candidate_uncertified,0.95,0.8550295045950421,0.9530473546294418,0.8550295045950421,1,0.9530473546294418,1,45,,,
30,10000,ordinal_candidate_plus_cp_certification,0.95,0.8550295045950421,0.9530473546294418,0.8550295045950421,1,0.9530473546294418,1,323,306,0.9109870836856941,1
30,10000,ordinal_pooled_candidate_uncertified,0.97,1.0397752733490528,0.9953235273878838,1.0397752733490528,1,0.9953235273878838,1,45,,,
30,10000,ordinal_candidate_plus_cp_certification,0.97,1.0397752733490528,0.9953235273878838,1.0397752733490528,1,0.9953235273878838,1,323,321,0.9742321219583017,1
31,10000,independent_mondrian_total_budget,,,,0.7610066205457366,1,0.885904738479802,0,327,,,
31,10000,direct_pac_split_matched,,0.7993702672872391,0.9187708595164648,0.7993702672872391,1,0.9187708595164648,1,315,296,0.9009667508241539,1
31,10000,direct_pac_total_budget,,0.7970586665246246,0.9170186041843655,0.7970586665246246,1,0.9170186041843655,1,327,307,0.9007982222721005,1
31,10000,ordinal_pooled_candidate_uncertified,0.9,0.7154107752619359,0.8357287597411872,0.7154107752619359,1,0.8357287597411872,0,44,,,
31,10000,ordinal_candidate_plus_cp_certification,0.9,0.7154107752619359,0.8357287597411872,,0,1.0,1,315,269,0.8016259195442905,0
31,10000,ordinal_pooled_candidate_uncertified,0.93,0.7198451747660924,0.8411573576953792,0.7198451747660924,1,0.8411573576953792,0,44,,,
31,10000,ordinal_candidate_plus_cp_certification,0.93,0.7198451747660924,0.8411573576953792,,0,1.0,1,315,271,0.808727465236404,0
31,10000,ordinal_pooled_candidate_uncertified,0.95,0.7563618867185474,0.8813593380888001,0.7563618867185474,1,0.8813593380888001,0,44,,,
31,10000,ordinal_candidate_plus_cp_certification,0.95,0.7563618867185474,0.8813593380888001,,0,1.0,1,315,282,0.8483898359717381,0
31,10000,ordinal_pooled_candidate_uncertified,0.97,0.7919513883722862,0.9130465738732793,0.7919513883722862,1,0.9130465738732793,1,44,,,
31,10000,ordinal_candidate_plus_cp_certification,0.97,0.7919513883722862,0.9130465738732793,,0,1.0,1,315,290,0.8780588969439045,0
32,10000,independent_mondrian_total_budget,,,,0.7790095519278655,1,0.902348122775692,1,273,,,
32,10000,direct_pac_split_matched,,0.8397045514861803,0.9450366575834959,0.8397045514861803,1,0.9450366575834959,1,266,251,0.9016792152670818,1
32,10000,direct_pac_total_budget,,0.8440471198620093,0.9474091615142676,0.8440471198620093,1,0.9474091615142676,1,273,258,0.9041449469472649,1
32,10000,ordinal_pooled_candidate_uncertified,0.9,0.8655972293542528,0.9580046459642089,0.8655972293542528,1,0.9580046459642089,1,46,,,
32,10000,ordinal_candidate_plus_cp_certification,0.9,0.8655972293542528,0.9580046459642089,0.8655972293542528,1,0.9580046459642089,1,266,257,0.9306797002038052,1
32,10000,ordinal_pooled_candidate_uncertified,0.93,0.8697183153723677,0.9598191783297526,0.8697183153723677,1,0.9598191783297526,1,46,,,
32,10000,ordinal_candidate_plus_cp_certification,0.93,0.8697183153723677,0.9598191783297526,0.8697183153723677,1,0.9598191783297526,1,266,257,0.9306797002038052,1
32,10000,ordinal_pooled_candidate_uncertified,0.95,0.9703845856752589,0.987836428542328,0.9703845856752589,1,0.987836428542328,1,46,,,
32,10000,ordinal_candidate_plus_cp_certification,0.95,0.9703845856752589,0.987836428542328,0.9703845856752589,1,0.987836428542328,1,266,263,0.9627333689932092,1
32,10000,ordinal_pooled_candidate_uncertified,0.97,0.9838990946844762,0.9898159068570305,0.9838990946844762,1,0.9898159068570305,1,46,,,
32,10000,ordinal_candidate_plus_cp_certification,0.97,0.9838990946844762,0.9898159068570305,0.9838990946844762,1,0.9898159068570305,1,266,264,0.9687768123986413,1
33,10000,independent_mondrian_total_budget,,,,0.7739895535847742,1,0.8979483818833497,0,310,,,
33,10000,direct_pac_split_matched,,0.8253505650958457,0.9365887569089016,0.8253505650958457,1,0.9365887569089016,1,306,288,0.9021172393825008,1
33,10000,direct_pac_total_budget,,0.8253505650958457,0.9365887569089016,0.8253505650958457,1,0.9365887569089016,1,310,292,0.90335404964737,1
33,10000,ordinal_pooled_candidate_uncertified,0.9,0.7165735497426803,0.8371637336533899,0.7165735497426803,1,0.8371637336533899,0,49,,,
33,10000,ordinal_candidate_plus_cp_certification,0.9,0.7165735497426803,0.8371637336533899,,0,1.0,1,306,256,0.781468569630112,0
33,10000,ordinal_pooled_candidate_uncertified,0.93,0.9426463750322915,0.9827095368352362,0.9426463750322915,1,0.9827095368352362,1,49,,,
33,10000,ordinal_candidate_plus_cp_certification,0.93,0.9426463750322915,0.9827095368352362,0.9426463750322915,1,0.9827095368352362,1,306,299,0.9484780265377559,1
33,10000,ordinal_pooled_candidate_uncertified,0.95,0.9604547053916794,0.9861770034942686,0.9604547053916794,1,0.9861770034942686,1,49,,,
33,10000,ordinal_candidate_plus_cp_certification,0.95,0.9604547053916794,0.9861770034942686,0.9604547053916794,1,0.9861770034942686,1,306,301,0.9577265172276741,1
33,10000,ordinal_pooled_candidate_uncertified,0.97,0.9965227691285258,0.9914048921211647,0.9965227691285258,1,0.9914048921211647,1,49,,,
33,10000,ordinal_candidate_plus_cp_certification,0.97,0.9965227691285258,0.9914048921211647,0.9965227691285258,1,0.9914048921211647,1,306,304,0.9728155452601914,1
34,10000,independent_mondrian_total_budget,,,,0.7606181159486154,1,0.885529364805767,0,308,,,
34,10000,direct_pac_split_matched,,0.8251509386735867,0.9364645160742965,0.8251509386735867,1,0.9364645160742965,1,297,280,0.9033593176784116,1
34,10000,direct_pac_total_budget,,0.8251509386735867,0.9364645160742965,0.8251509386735867,1,0.9364645160742965,1,308,290,0.9027395744704103,1
34,10000,ordinal_pooled_candidate_uncertified,0.9,0.8010396265635531,0.9200188153839365,0.8010396265635531,1,0.9200188153839365,1,40,,,
34,10000,ordinal_candidate_plus_cp_certification,0.9,0.8010396265635531,0.9200188153839365,,0,1.0,1,297,276,0.886933492472582,0
34,10000,ordinal_pooled_candidate_uncertified,0.93,0.8999090581580953,0.9712535911776276,0.8999090581580953,1,0.9712535911776276,1,40,,,
34,10000,ordinal_candidate_plus_cp_certification,0.93,0.8999090581580953,0.9712535911776276,0.8999090581580953,1,0.9712535911776276,1,297,291,0.9516450467322257,1
34,10000,ordinal_pooled_candidate_uncertified,0.95,0.8999090581580953,0.9712535911776276,0.8999090581580953,1,0.9712535911776276,1,40,,,
34,10000,ordinal_candidate_plus_cp_certification,0.95,0.8999090581580953,0.9712535911776276,0.8999090581580953,1,0.9712535911776276,1,297,291,0.9516450467322257,1
34,10000,ordinal_pooled_candidate_uncertified,0.97,0.9374608706654152,0.9815696842370887,0.9374608706654152,1,0.9815696842370887,1,40,,,
34,10000,ordinal_candidate_plus_cp_certification,0.97,0.9374608706654152,0.9815696842370887,0.9374608706654152,1,0.9815696842370887,1,297,293,0.9614246922740479,1
35,10000,independent_mondrian_total_budget,,,,0.7371030769039832,1,0.8611532732041873,0,304,,,
35,10000,direct_pac_split_matched,,0.8115579195401791,0.9275507267976624,0.8115579195401791,1,0.9275507267976624,1,299,282,0.903992156182031,1
35,10000,direct_pac_total_budget,,0.8093771395727991,0.9260355302742723,0.8093771395727991,1,0.9260355302742723,1,304,286,0.9014868926831623,1
35,10000,ordinal_pooled_candidate_uncertified,0.9,0.7497374647488113,0.87465753264738,0.7497374647488113,1,0.87465753264738,0,38,,,
35,10000,ordinal_candidate_plus_cp_certification,0.9,0.7497374647488113,0.87465753264738,,0,1.0,1,299,274,0.8716948251795122,0
35,10000,ordinal_pooled_candidate_uncertified,0.93,0.7986798732770655,0.9182504713849631,0.7986798732770655,1,0.9182504713849631,1,38,,,
35,10000,ordinal_candidate_plus_cp_certification,0.93,0.7986798732770655,0.9182504713849631,,0,1.0,1,299,279,0.891716791940945,0
35,10000,ordinal_pooled_candidate_uncertified,0.95,1.0563136776485937,0.996336103252659,1.0563136776485937,1,0.996336103252659,1,38,,,
35,10000,ordinal_candidate_plus_cp_certification,0.95,1.0563136776485937,0.996336103252659,1.0563136776485937,1,0.996336103252659,1,299,298,0.9780063309162528,1
35,10000,ordinal_pooled_candidate_uncertified,0.97,1.0563136776485937,0.996336103252659,1.0563136776485937,1,0.996336103252659,1,38,,,
35,10000,ordinal_candidate_plus_cp_certification,0.97,1.0563136776485937,0.996336103252659,1.0563136776485937,1,0.996336103252659,1,299,298,0.9780063309162528,1
36,10000,independent_mondrian_total_budget,,,,0.7489069559700041,1,0.8737990386804978,0,321,,,
36,10000,direct_pac_split_matched,,0.7892511136227192,0.9108899450944953,0.7892511136227192,1,0.9108899450944953,1,315,296,0.9009667508241539,1
36,10000,direct_pac_total_budget,,0.7914903613729931,0.9126811517265885,0.7914903613729931,1,0.9126811517265885,1,321,302,0.902779955637586,1
36,10000,ordinal_pooled_candidate_uncertified,0.9,0.7504247523004968,0.8753648899014854,0.7504247523004968,1,0.8753648899014854,0,39,,,
36,10000,ordinal_candidate_plus_cp_certification,0.9,0.7504247523004968,0.8753648899014854,,0,1.0,1,315,286,0.8631194795434942,0
36,10000,ordinal_pooled_candidate_uncertified,0.93,0.9787387169777814,0.989095947250104,0.9787387169777814,1,0.989095947250104,1,39,,,
36,10000,ordinal_candidate_plus_cp_certification,0.93,0.9787387169777814,0.989095947250104,0.9787387169777814,1,0.989095947250104,1,315,314,0.9791134854173931,1
36,10000,ordinal_pooled_candidate_uncertified,0.95,0.9787387169777814,0.989095947250104,0.9787387169777814,1,0.989095947250104,1,39,,,
36,10000,ordinal_candidate_plus_cp_certification,0.95,0.9787387169777814,0.989095947250104,0.9787387169777814,1,0.989095947250104,1,315,314,0.9791134854173931,1
36,10000,ordinal_pooled_candidate_uncertified,0.97,1.0038604343237414,0.9922248417125159,1.0038604343237414,1,0.9922248417125159,1,39,,,
36,10000,ordinal_candidate_plus_cp_certification,0.97,1.0038604343237414,0.9922248417125159,1.0038604343237414,1,0.9922248417125159,1,315,315,0.9854867594010723,1
37,10000,independent_mondrian_total_budget,,,,0.7699122879796313,1,0.8942701017740828,0,355,,,
37,10000,direct_pac_split_matched,,0.8169816092048515,0.9312159078227948,0.8169816092048515,1,0.9312159078227948,1,354,332,0.9013691756865034,1
37,10000,direct_pac_total_budget,,0.8169816092048515,0.9312159078227948,0.8169816092048515,1,0.9312159078227948,1,355,333,0.9016415573886396,1
37,10000,ordinal_pooled_candidate_uncertified,0.9,0.7227193504631503,0.8446123959983751,0.7227193504631503,1,0.8446123959983751,0,41,,,
37,10000,ordinal_candidate_plus_cp_certification,0.9,0.7227193504631503,0.8446123959983751,,0,1.0,1,354,297,0.7883486622181135,0
37,10000,ordinal_pooled_candidate_uncertified,0.93,0.8106528581077134,0.926924806017581,0.8106528581077134,1,0.926924806017581,1,41,,,
37,10000,ordinal_candidate_plus_cp_certification,0.93,0.8106528581077134,0.926924806017581,,0,1.0,1,354,329,0.8912129892059515,0
37,10000,ordinal_pooled_candidate_uncertified,0.95,0.8106528581077134,0.926924806017581,0.8106528581077134,1,0.926924806017581,1,41,,,
37,10000,ordinal_candidate_plus_cp_certification,0.95,0.8106528581077134,0.926924806017581,,0,1.0,1,354,329,0.8912129892059515,0
37,10000,ordinal_pooled_candidate_uncertified,0.97,0.8371350596029661,0.9435935072640184,0.8371350596029661,1,0.9435935072640184,1,41,,,
37,10000,ordinal_candidate_plus_cp_certification,0.97,0.8371350596029661,0.9435935072640184,0.8371350596029661,1,0.9435935072640184,1,354,335,0.9116747420629427,1
38,10000,independent_mondrian_total_budget,,,,0.7964080967825976,1,0.9165203645119973,1,292,,,
38,10000,direct_pac_split_matched,,0.8392318717017745,0.944773390594839,0.8392318717017745,1,0.944773390594839,1,288,271,0.9004052004871295,1
38,10000,direct_pac_total_budget,,0.8392318717017745,0.944773390594839,0.8392318717017745,1,0.944773390594839,1,292,275,0.9017401285110094,1
38,10000,ordinal_pooled_candidate_uncertified,0.9,0.7344318339502564,0.8581757269642433,0.7344318339502564,1,0.8581757269642433,0,45,,,
38,10000,ordinal_candidate_plus_cp_certification,0.9,0.7344318339502564,0.8581757269642433,,0,1.0,1,288,235,0.7568527079787319,0
38,10000,ordinal_pooled_candidate_uncertified,0.93,0.7748408925692245,0.8987045180012725,0.7748408925692245,1,0.8987045180012725,0,45,,,
38,10000,ordinal_candidate_plus_cp_certification,0.93,0.7748408925692245,0.8987045180012725,,0,1.0,1,288,252,0.8226841625226258,0
38,10000,ordinal_pooled_candidate_uncertified,0.95,0.8343365220526364,0.9419879114522283,0.8343365220526364,1,0.9419879114522283,1,45,,,
38,10000,ordinal_candidate_plus_cp_certification,0.95,0.8343365220526364,0.9419879114522283,,0,1.0,1,288,268,0.887677493119795,0
38,10000,ordinal_pooled_candidate_uncertified,0.97,0.9093509943878997,0.9742179411773295,0.9093509943878997,1,0.9742179411773295,1,45,,,
38,10000,ordinal_candidate_plus_cp_certification,0.97,0.9093509943878997,0.9742179411773295,0.9093509943878997,1,0.9742179411773295,1,288,278,0.931280719015537,1
39,10000,independent_mondrian_total_budget,,,,0.8007262695548536,1,0.919785672327629,1,292,,,
39,10000,direct_pac_split_matched,,0.8607812849538201,0.9558007147301196,0.8607812849538201,1,0.9558007147301196,1,286,270,0.9040514244228528,1
39,10000,direct_pac_total_budget,,0.8535084044259629,0.9522966620837917,0.8535084044259629,1,0.9522966620837917,1,292,275,0.9017401285110094,1
39,10000,ordinal_pooled_candidate_uncertified,0.9,0.7904106960639415,0.911820896256001,0.7904106960639415,1,0.911820896256001,1,46,,,
39,10000,ordinal_candidate_plus_cp_certification,0.9,0.7904106960639415,0.911820896256001,,0,1.0,1,286,255,0.8415183538973687,0
39,10000,ordinal_pooled_candidate_uncertified,0.93,0.7921337950970457,0.9131908384147001,0.7921337950970457,1,0.9131908384147001,1,46,,,
39,10000,ordinal_candidate_plus_cp_certification,0.93,0.7921337950970457,0.9131908384147001,,0,1.0,1,286,256,0.8455637611047091,0
39,10000,ordinal_pooled_candidate_uncertified,0.95,0.8014616364024271,0.920331987903008,0.8014616364024271,1,0.920331987903008,1,46,,,
39,10000,ordinal_candidate_plus_cp_certification,0.95,0.8014616364024271,0.920331987903008,,0,1.0,1,286,258,0.8536971114406586,0
39,10000,ordinal_pooled_candidate_uncertified,0.97,0.9400775919054839,0.9821526363426643,0.9400775919054839,1,0.9821526363426643,1,46,,,
39,10000,ordinal_candidate_plus_cp_certification,0.97,0.9400775919054839,0.9821526363426643,0.9400775919054839,1,0.9821526363426643,1,286,278,0.9401473839928121,1
40,10000,independent_mondrian_total_budget,,,,0.7771079323855736,1,0.9006981168696181,1,296,,,
40,10000,direct_pac_split_matched,,0.8194677910816555,0.9328474582745725,0.8194677910816555,1,0.9328474582745725,1,290,273,0.90107716564707,1
40,10000,direct_pac_total_budget,,0.8194677910816555,0.9328474582745725,0.8194677910816555,1,0.9328474582745725,1,296,279,0.9030397610457508,1
40,10000,ordinal_pooled_candidate_uncertified,0.9,0.8152385495488536,0.9300539220612594,0.8152385495488536,1,0.9300539220612594,1,45,,,
40,10000,ordinal_candidate_plus_cp_certification,0.9,0.8152385495488536,0.9300539220612594,,0,1.0,1,290,270,0.8884341613616997,0
40,10000,ordinal_pooled_candidate_uncertified,0.93,0.8168065076996577,0.9310998557227237,0.8168065076996577,1,0.9310998557227237,1,45,,,
40,10000,ordinal_candidate_plus_cp_certification,0.93,0.8168065076996577,0.9310998557227237,,0,1.0,1,290,271,0.8926228295791723,0
40,10000,ordinal_pooled_candidate_uncertified,0.95,0.8370355888816754,0.9435370449192504,0.8370355888816754,1,0.9435370449192504,1,45,,,
40,10000,ordinal_candidate_plus_cp_certification,0.95,0.8370355888816754,0.9435370449192504,0.8370355888816754,1,0.9435370449192504,1,290,275,0.9096480334497323,1
40,10000,ordinal_pooled_candidate_uncertified,0.97,0.9000972395313289,0.971315327707399,0.9000972395313289,1,0.971315327707399,1,45,,,
40,10000,ordinal_candidate_plus_cp_certification,0.97,0.9000972395313289,0.971315327707399,0.9000972395313289,1,0.971315327707399,1,290,280,0.9317462671836876,1
41,10000,independent_mondrian_total_budget,,,,0.7723494374118967,1,0.8964801142495785,0,320,,,
41,10000,direct_pac_split_matched,,0.7985519371863712,0.9181537634980323,0.7985519371863712,1,0.9181537634980323,1,315,296,0.9009667508241539,1
41,10000,direct_pac_total_budget,,0.8000308372125893,0.9192664241630925,0.8000308372125893,1,0.9192664241630925,1,320,301,0.9024823776306456,1
41,10000,ordinal_pooled_candidate_uncertified,0.9,0.7645667190456298,0.8893037231385181,0.7645667190456298,1,0.8893037231385181,0,54,,,
41,10000,ordinal_candidate_plus_cp_certification,0.9,0.7645667190456298,0.8893037231385181,,0,1.0,1,315,281,0.8447361770545767,0
41,10000,ordinal_pooled_candidate_uncertified,0.93,0.7702329375014184,0.8945628006163233,0.7702329375014184,1,0.8945628006163233,0,54,,,
41,10000,ordinal_candidate_plus_cp_certification,0.93,0.7702329375014184,0.8945628006163233,,0,1.0,1,315,283,0.8520545310448755,0
41,10000,ordinal_pooled_candidate_uncertified,0.95,0.8850919698785619,0.9660341675922668,0.8850919698785619,1,0.9660341675922668,1,54,,,
41,10000,ordinal_candidate_plus_cp_certification,0.95,0.8850919698785619,0.9660341675922668,0.8850919698785619,1,0.9660341675922668,1,315,305,0.9370750553366936,1
41,10000,ordinal_pooled_candidate_uncertified,0.97,1.0725738719317492,0.9971352153012397,1.0725738719317492,1,0.9971352153012397,1,54,,,
41,10000,ordinal_candidate_plus_cp_certification,0.97,1.0725738719317492,0.9971352153012397,1.0725738719317492,1,0.9971352153012397,1,315,315,0.9854867594010723,1
42,10000,independent_mondrian_total_budget,,,,0.8127841123775592,1,0.9283921727361625,1,317,,,
42,10000,direct_pac_split_matched,,0.8365430639585691,0.9432568175354915,0.8365430639585691,1,0.9432568175354915,1,311,293,0.90365838613222,1
42,10000,direct_pac_total_budget,,0.8353813585263432,0.9425915133219961,0.8353813585263432,1,0.9425915133219961,1,317,298,0.9015786173823206,1
42,10000,ordinal_pooled_candidate_uncertified,0.9,0.8572025788609912,0.9541033420910006,0.8572025788609912,1,0.9541033420910006,1,52,,,
42,10000,ordinal_candidate_plus_cp_certification,0.9,0.8572025788609912,0.9541033420910006,0.8572025788609912,1,0.9541033420910006,1,311,294,0.9076217889106408,1
42,10000,ordinal_pooled_candidate_uncertified,0.93,0.9313389857104536,0.9801422098442605,0.9313389857104536,1,0.9801422098442605,1,52,,,
42,10000,ordinal_candidate_plus_cp_certification,0.93,0.9313389857104536,0.9801422098442605,0.9313389857104536,1,0.9801422098442605,1,311,304,0.9492942982233015,1
42,10000,ordinal_pooled_candidate_uncertified,0.95,0.9373585332957386,0.9815465598315708,0.9373585332957386,1,0.9815465598315708,1,52,,,
42,10000,ordinal_candidate_plus_cp_certification,0.95,0.9373585332957386,0.9815465598315708,0.9373585332957386,1,0.9815465598315708,1,311,304,0.9492942982233015,1
42,10000,ordinal_pooled_candidate_uncertified,0.97,0.9897775761978986,0.9905852121288441,0.9897775761978986,1,0.9905852121288441,1,52,,,
42,10000,ordinal_candidate_plus_cp_certification,0.97,0.9897775761978986,0.9905852121288441,0.9897775761978986,1,0.9905852121288441,1,311,308,0.9680644721924321,1
43,10000,independent_mondrian_total_budget,,,,0.7581251270015251,1,0.8830997083155112,0,303,,,
43,10000,direct_pac_split_matched,,0.8026238890267787,0.9211896966524615,0.8026238890267787,1,0.9211896966524615,1,295,278,0.9027180850966614,1
43,10000,direct_pac_total_budget,,0.7954342423927878,0.9157703399771415,0.7954342423927878,1,0.9157703399771415,1,303,285,0.901168666502481,1
43,10000,ordinal_pooled_candidate_uncertified,0.9,0.7460491948016035,0.8708137037275774,0.7460491948016035,1,0.8708137037275774,0,30,,,
43,10000,ordinal_candidate_plus_cp_certification,0.9,0.7460491948016035,0.8708137037275774,,0,1.0,1,295,260,0.8306342827173487,0
43,10000,ordinal_pooled_candidate_uncertified,0.93,0.7540735101643582,0.8790734558807262,0.7540735101643582,1,0.8790734558807262,0,30,,,
43,10000,ordinal_candidate_plus_cp_certification,0.93,0.7540735101643582,0.8790734558807262,,0,1.0,1,295,263,0.8423050938901153,0
43,10000,ordinal_pooled_candidate_uncertified,0.95,0.8580597104366611,0.9545145740199277,0.8580597104366611,1,0.9545145740199277,1,30,,,
43,10000,ordinal_candidate_plus_cp_certification,0.95,0.8580597104366611,0.9545145740199277,0.8580597104366611,1,0.9545145740199277,1,295,282,0.9197140796815255,1
43,10000,ordinal_pooled_candidate_uncertified,0.97,,1.0,,0,1.0,1,30,,,
43,10000,ordinal_candidate_plus_cp_certification,0.97,,1.0,,0,1.0,1,295,0,0.0,0
44,10000,independent_mondrian_total_budget,,,,0.7693881129920852,1,0.8937903543187554,0,289,,,
44,10000,direct_pac_split_matched,,0.8018954679240241,0.9206529653131765,0.8018954679240241,1,0.9206529653131765,1,286,270,0.9040514244228528,1
44,10000,direct_pac_total_budget,,0.7978937830888682,0.9176548965629361,0.7978937830888682,1,0.9176548965629361,1,289,272,0.9007423197693929,1
44,10000,ordinal_pooled_candidate_uncertified,0.9,0.8499311262899216,0.9504933051360824,0.8499311262899216,1,0.9504933051360824,1,40,,,
44,10000,ordinal_candidate_plus_cp_certification,0.9,0.8499311262899216,0.9504933051360824,0.8499311262899216,1,0.9504933051360824,1,286,273,0.9172375330722993,1
44,10000,ordinal_pooled_candidate_uncertified,0.93,0.8880235013294665,0.9671245061968208,0.8880235013294665,1,0.9671245061968208,1,40,,,
44,10000,ordinal_candidate_plus_cp_certification,0.93,0.8880235013294665,0.9671245061968208,0.8880235013294665,1,0.9671245061968208,1,286,279,0.9449320921173017,1
44,10000,ordinal_pooled_candidate_uncertified,0.95,0.8880235013294665,0.9671245061968208,0.8880235013294665,1,0.9671245061968208,1,40,,,
44,10000,ordinal_candidate_plus_cp_certification,0.95,0.8880235013294665,0.9671245061968208,0.8880235013294665,1,0.9671245061968208,1,286,279,0.9449320921173017,1
44,10000,ordinal_pooled_candidate_uncertified,0.97,1.000002967252473,0.9918027963206157,1.000002967252473,1,0.9918027963206157,1,40,,,
44,10000,ordinal_candidate_plus_cp_certification,0.97,1.000002967252473,0.9918027963206157,1.000002967252473,1,0.9918027963206157,1,286,285,0.9770164541743454,1
45,10000,independent_mondrian_total_budget,,,,0.7692367048422007,1,0.8936514868388137,0,289,,,
45,10000,direct_pac_split_matched,,0.8062823322022239,0.9238438658411204,0.8062823322022239,1,0.9238438658411204,1,282,266,0.9027200717514032,1
45,10000,direct_pac_total_budget,,0.8059994481536517,0.9236410945001687,0.8059994481536517,1,0.9236410945001687,1,289,272,0.9007423197693929,1
45,10000,ordinal_pooled_candidate_uncertified,0.9,0.8377161857161959,0.9439224816472502,0.8377161857161959,1,0.9439224816472502,1,53,,,
45,10000,ordinal_candidate_plus_cp_certification,0.9,0.8377161857161959,0.9439224816472502,0.8377161857161959,1,0.9439224816472502,1,282,271,0.9252074749655577,1
45,10000,ordinal_pooled_candidate_uncertified,0.93,0.8989238959927857,0.9709285839305792,0.8989238959927857,1,0.9709285839305792,1,53,,,
45,10000,ordinal_candidate_plus_cp_certification,0.93,0.8989238959927857,0.9709285839305792,0.8989238959927857,1,0.9709285839305792,1,282,275,0.9441635281448943,1
45,10000,ordinal_pooled_candidate_uncertified,0.95,0.9485739379160039,0.9839382182793447,0.9485739379160039,1,0.9839382182793447,1,53,,,
45,10000,ordinal_candidate_plus_cp_certification,0.95,0.9485739379160039,0.9839382182793447,0.9485739379160039,1,0.9839382182793447,1,282,277,0.9541806376061974,1
45,10000,ordinal_pooled_candidate_uncertified,0.97,0.9985176355474612,0.9916349962494777,0.9985176355474612,1,0.9916349962494777,1,53,,,
45,10000,ordinal_candidate_plus_cp_certification,0.97,0.9985176355474612,0.9916349962494777,0.9985176355474612,1,0.9916349962494777,1,282,279,0.9648213477524314,1
46,10000,independent_mondrian_total_budget,,,,0.7919370737305167,1,0.9130352449223009,1,325,,,
46,10000,direct_pac_split_matched,,0.8248902774399355,0.9363020041401099,0.8248902774399355,1,0.9363020041401099,1,317,298,0.9015786173823206,1
46,10000,direct_pac_total_budget,,0.8248902774399355,0.9363020041401099,0.8248902774399355,1,0.9363020041401099,1,325,305,0.9002003451363334,1
46,10000,ordinal_pooled_candidate_uncertified,0.9,0.7828626323734269,0.9056295800999367,0.7828626323734269,1,0.9056295800999367,1,50,,,
46,10000,ordinal_candidate_plus_cp_certification,0.9,0.7828626323734269,0.9056295800999367,,0,1.0,1,317,284,0.8493211103960636,0
46,10000,ordinal_pooled_candidate_uncertified,0.93,0.8381109886275371,0.9441451143181269,0.8381109886275371,1,0.9441451143181269,1,50,,,
46,10000,ordinal_candidate_plus_cp_certification,0.93,0.8381109886275371,0.9441451143181269,0.8381109886275371,1,0.9441451143181269,1,317,299,0.9054449182750604,1
46,10000,ordinal_pooled_candidate_uncertified,0.95,0.8905817587212707,0.9680522837503481,0.8905817587212707,1,0.9680522837503481,1,50,,,
46,10000,ordinal_candidate_plus_cp_certification,0.95,0.8905817587212707,0.9680522837503481,0.8905817587212707,1,0.9680522837503481,1,317,310,0.9502403247771709,1
46,10000,ordinal_pooled_candidate_uncertified,0.97,0.9538802925639918,0.9849738909913048,0.9538802925639918,1,0.9849738909913048,1,50,,,
46,10000,ordinal_candidate_plus_cp_certification,0.97,0.9538802925639918,0.9849738909913048,0.9538802925639918,1,0.9849738909913048,1,317,312,0.9591745975021022,1
47,10000,independent_mondrian_total_budget,,,,0.7595490967965384,1,0.8844919418339243,0,272,,,
47,10000,direct_pac_split_matched,,0.8055908096961986,0.9233474573969802,0.8055908096961986,1,0.9233474573969802,1,269,254,0.9027513136324667,1
47,10000,direct_pac_total_budget,,0.8055908096961986,0.9233474573969802,0.8055908096961986,1,0.9233474573969802,1,272,257,0.9038002949356343,1
47,10000,ordinal_pooled_candidate_uncertified,0.9,0.868591019704051,0.9593292708060746,0.868591019704051,1,0.9593292708060746,1,43,,,
47,10000,ordinal_candidate_plus_cp_certification,0.9,0.868591019704051,0.9593292708060746,0.868591019704051,1,0.9593292708060746,1,269,260,0.9314385909112397,1
47,10000,ordinal_pooled_candidate_uncertified,0.93,0.888292684076881,0.9672231618268499,0.888292684076881,1,0.9672231618268499,1,43,,,
47,10000,ordinal_candidate_plus_cp_certification,0.93,0.888292684076881,0.9672231618268499,0.888292684076881,1,0.9672231618268499,1,269,261,0.9364314744740112,1
47,10000,ordinal_pooled_candidate_uncertified,0.95,0.8930332366845615,0.9689209430031597,0.8930332366845615,1,0.9689209430031597,1,43,,,
47,10000,ordinal_candidate_plus_cp_certification,0.95,0.8930332366845615,0.9689209430031597,0.8930332366845615,1,0.9689209430031597,1,269,261,0.9364314744740112,1
47,10000,ordinal_pooled_candidate_uncertified,0.97,0.9100285836198237,0.9744204564537263,0.9100285836198237,1,0.9744204564537263,1,43,,,
47,10000,ordinal_candidate_plus_cp_certification,0.97,0.9100285836198237,0.9744204564537263,0.9100285836198237,1,0.9744204564537263,1,269,263,0.9466923263710463,1
48,10000,independent_mondrian_total_budget,,,,0.7720734917273419,1,0.8962315824778124,0,293,,,
48,10000,direct_pac_split_matched,,0.815280989350002,0.9300823922310897,0.815280989350002,1,0.9300823922310897,1,290,273,0.90107716564707,1
48,10000,direct_pac_total_budget,,0.815280989350002,0.9300823922310897,0.815280989350002,1,0.9300823922310897,1,293,276,0.9020682903971691,1
48,10000,ordinal_pooled_candidate_uncertified,0.9,0.7825536370609054,0.905369463235732,0.7825536370609054,1,0.905369463235732,1,46,,,
48,10000,ordinal_candidate_plus_cp_certification,0.9,0.7825536370609054,0.905369463235732,,0,1.0,1,290,268,0.8801255244437298,0
48,10000,ordinal_pooled_candidate_uncertified,0.93,0.8007667183638777,0.9198157957842322,0.8007667183638777,1,0.9198157957842322,1,46,,,
48,10000,ordinal_candidate_plus_cp_certification,0.93,0.8007667183638777,0.9198157957842322,,0,1.0,1,290,269,0.8842688821504379,0
48,10000,ordinal_pooled_candidate_uncertified,0.95,0.804314544778019,0.9224248361208269,0.804314544778019,1,0.9224248361208269,1,46,,,
48,10000,ordinal_candidate_plus_cp_certification,0.95,0.804314544778019,0.9224248361208269,,0,1.0,1,290,269,0.8842688821504379,0
48,10000,ordinal_pooled_candidate_uncertified,0.97,0.9315364233394641,0.9801896709207908,0.9315364233394641,1,0.9801896709207908,1,46,,,
48,10000,ordinal_candidate_plus_cp_certification,0.97,0.9315364233394641,0.9801896709207908,0.9315364233394641,1,0.9801896709207908,1,290,288,0.9713322642385542,1
49,10000,independent_mondrian_total_budget,,,,0.7910518000130559,1,0.9123324735764948,1,292,,,
49,10000,direct_pac_split_matched,,0.8274030213093785,0.937855194958624,0.8274030213093785,1,0.937855194958624,1,288,271,0.9004052004871295,1
49,10000,direct_pac_total_budget,,0.8274030213093785,0.937855194958624,0.8274030213093785,1,0.937855194958624,1,292,275,0.9017401285110094,1
49,10000,ordinal_pooled_candidate_uncertified,0.9,0.8439255325363257,0.9473438581931601,0.8439255325363257,1,0.9473438581931601,1,34,,,
49,10000,ordinal_candidate_plus_cp_certification,0.9,0.8439255325363257,0.9473438581931601,0.8439255325363257,1,0.9473438581931601,1,288,275,0.9178009858741663,1
49,10000,ordinal_pooled_candidate_uncertified,0.93,1.0692416090905463,0.9969855740570288,1.0692416090905463,1,0.9969855740570288,1,34,,,
49,10000,ordinal_candidate_plus_cp_certification,0.93,1.0692416090905463,0.9969855740570288,1.0692416090905463,1,0.9969855740570288,1,288,288,0.9841369898850132,1
49,10000,ordinal_pooled_candidate_uncertified,0.95,1.1361411564378519,0.9989674470088501,1.1361411564378519,1,0.9989674470088501,1,34,,,
49,10000,ordinal_candidate_plus_cp_certification,0.95,1.1361411564378519,0.9989674470088501,1.1361411564378519,1,0.9989674470088501,1,288,288,0.9841369898850132,1
49,10000,ordinal_pooled_candidate_uncertified,0.97,1.1361411564378519,0.9989674470088501,1.1361411564378519,1,0.9989674470088501,1,34,,,
49,10000,ordinal_candidate_plus_cp_certification,0.97,1.1361411564378519,0.9989674470088501,1.1361411564378519,1,0.9989674470088501,1,288,288,0.9841369898850132,1
50,10000,independent_mondrian_total_budget,,,,0.7790496252264685,1,0.9023826761609093,1,309,,,
50,10000,direct_pac_split_matched,,0.856061763456159,0.9535513767898285,0.856061763456159,1,0.9535513767898285,1,303,285,0.901168666502481,1
50,10000,direct_pac_total_budget,,0.856061763456159,0.9535513767898285,0.856061763456159,1,0.9535513767898285,1,309,291,0.9030477852164831,1
50,10000,ordinal_pooled_candidate_uncertified,0.9,0.8678435851297936,0.9590017812333899,0.8678435851297936,1,0.9590017812333899,1,59,,,
50,10000,ordinal_candidate_plus_cp_certification,0.9,0.8678435851297936,0.9590017812333899,0.8678435851297936,1,0.9590017812333899,1,303,288,0.9134480174625375,1
50,10000,ordinal_pooled_candidate_uncertified,0.93,0.9297547581679712,0.979757880128929,0.9297547581679712,1,0.979757880128929,1,59,,,
50,10000,ordinal_candidate_plus_cp_certification,0.93,0.9297547581679712,0.979757880128929,0.9297547581679712,1,0.979757880128929,1,303,297,0.9525889648451129,1
50,10000,ordinal_pooled_candidate_uncertified,0.95,0.9406896047881896,0.9822866878921082,0.9406896047881896,1,0.9822866878921082,1,59,,,
50,10000,ordinal_candidate_plus_cp_certification,0.95,0.9406896047881896,0.9822866878921082,0.9406896047881896,1,0.9822866878921082,1,303,298,0.9573135854919905,1
50,10000,ordinal_pooled_candidate_uncertified,0.97,1.1591427677894335,0.9993025731086016,1.1591427677894335,1,0.9993025731086016,1,59,,,
50,10000,ordinal_candidate_plus_cp_certification,0.97,1.1591427677894335,0.9993025731086016,1.1591427677894335,1,0.9993025731086016,1,303,302,0.9782939792605236,1
51,10000,independent_mondrian_total_budget,,,,0.774928798348488,1,0.8987823604097971,0,281,,,
51,10000,direct_pac_split_matched,,0.8441909568195683,0.947486331874271,0.8441909568195683,1,0.947486331874271,1,273,258,0.9041449469472649,1
51,10000,direct_pac_total_budget,,0.8343436881781838,0.941992068242665,0.8343436881781838,1,0.941992068242665,1,281,265,0.9023814433861337,1
51,10000,ordinal_pooled_candidate_uncertified,0.9,0.734786691020265,0.858573746183415,0.734786691020265,1,0.858573746183415,0,53,,,
51,10000,ordinal_candidate_plus_cp_certification,0.9,0.734786691020265,0.858573746183415,,0,1.0,1,273,235,0.8049626067495121,0
51,10000,ordinal_pooled_candidate_uncertified,0.93,0.7560692213660005,0.8810687063743319,0.7560692213660005,1,0.8810687063743319,0,53,,,
51,10000,ordinal_candidate_plus_cp_certification,0.93,0.7560692213660005,0.8810687063743319,,0,1.0,1,273,241,0.8299827337658017,0
51,10000,ordinal_pooled_candidate_uncertified,0.95,0.7592985153179073,0.8842478031225863,0.7592985153179073,1,0.8842478031225863,0,53,,,
51,10000,ordinal_candidate_plus_cp_certification,0.95,0.7592985153179073,0.8842478031225863,,0,1.0,1,273,243,0.8384264898137808,0
51,10000,ordinal_pooled_candidate_uncertified,0.97,0.7738269413730479,0.8978034882056056,0.7738269413730479,1,0.8978034882056056,0,53,,,
51,10000,ordinal_candidate_plus_cp_certification,0.97,0.7738269413730479,0.8978034882056056,,0,1.0,1,273,244,0.8426702035448652,0
52,10000,independent_mondrian_total_budget,,,,0.81172102940774,1,0.9276630919245054,1,307,,,
52,10000,direct_pac_split_matched,,0.8330656122319495,0.941246996637231,0.8330656122319495,1,0.941246996637231,1,302,284,0.9008483787449242,1
52,10000,direct_pac_total_budget,,0.8330656122319495,0.941246996637231,0.8330656122319495,1,0.941246996637231,1,307,289,0.9024293988060317,1
52,10000,ordinal_pooled_candidate_uncertified,0.9,0.8637063933014006,0.9571501855351432,0.8637063933014006,1,0.9571501855351432,1,58,,,
52,10000,ordinal_candidate_plus_cp_certification,0.9,0.8637063933014006,0.9571501855351432,0.8637063933014006,1,0.9571501855351432,1,302,288,0.9173355894793263,1
52,10000,ordinal_pooled_candidate_uncertified,0.93,0.8877494163523473,0.9670238025335582,0.8877494163523473,1,0.9670238025335582,1,58,,,
52,10000,ordinal_candidate_plus_cp_certification,0.93,0.8877494163523473,0.9670238025335582,0.8877494163523473,1,0.9670238025335582,1,302,290,0.9257846389966904,1
52,10000,ordinal_pooled_candidate_uncertified,0.95,0.9355237438198623,0.9811277546591817,0.9355237438198623,1,0.9811277546591817,1,58,,,
52,10000,ordinal_candidate_plus_cp_certification,0.95,0.9355237438198623,0.9811277546591817,0.9355237438198623,1,0.9811277546591817,1,302,298,0.9620552991890958,1
52,10000,ordinal_pooled_candidate_uncertified,0.97,1.0087051487910919,0.9927277340636766,1.0087051487910919,1,0.9927277340636766,1,58,,,
52,10000,ordinal_candidate_plus_cp_certification,0.97,1.0087051487910919,0.9927277340636766,1.0087051487910919,1,0.9927277340636766,1,302,301,0.9782227748494812,1
53,10000,independent_mondrian_total_budget,,,,0.8099899498624075,1,0.9264637336532031,1,291,,,
53,10000,direct_pac_split_matched,,0.8675429006109303,0.9588694340316631,0.8675429006109303,1,0.9588694340316631,1,289,272,0.9007423197693929,1
53,10000,direct_pac_total_budget,,0.8675429006109303,0.9588694340316631,0.8675429006109303,1,0.9588694340316631,1,291,274,0.9014097610273819,1
53,10000,ordinal_pooled_candidate_uncertified,0.9,0.8087184830712297,0.9255731701567849,0.8087184830712297,1,0.9255731701567849,1,45,,,
53,10000,ordinal_candidate_plus_cp_certification,0.9,0.8087184830712297,0.9255731701567849,,0,1.0,1,289,260,0.8511413613142988,0
53,10000,ordinal_pooled_candidate_uncertified,0.93,0.8691155241516417,0.9595578131041949,0.8691155241516417,1,0.9595578131041949,1,45,,,
53,10000,ordinal_candidate_plus_cp_certification,0.93,0.8691155241516417,0.9595578131041949,0.8691155241516417,1,0.9595578131041949,1,289,274,0.9093418654355729,1
53,10000,ordinal_pooled_candidate_uncertified,0.95,0.9077347720084202,0.9737294682171029,0.9077347720084202,1,0.9737294682171029,1,45,,,
53,10000,ordinal_candidate_plus_cp_certification,0.95,0.9077347720084202,0.9737294682171029,0.9077347720084202,1,0.9737294682171029,1,289,278,0.9269857685696525,1
53,10000,ordinal_pooled_candidate_uncertified,0.97,0.9423244979556199,0.9826405790040554,0.9423244979556199,1,0.9826405790040554,1,45,,,
53,10000,ordinal_candidate_plus_cp_certification,0.97,0.9423244979556199,0.9826405790040554,0.9423244979556199,1,0.9826405790040554,1,289,281,0.9407585059655725,1
54,10000,independent_mondrian_total_budget,,,,0.7864385851703597,1,0.9086015997264809,1,282,,,
54,10000,direct_pac_split_matched,,0.8514682259458237,0.9512747368587332,0.8514682259458237,1,0.9512747368587332,1,274,259,0.9044871394018839,1
54,10000,direct_pac_total_budget,,0.8514682259458237,0.9512747368587332,0.8514682259458237,1,0.9512747368587332,1,282,266,0.9027200717514032,1
54,10000,ordinal_pooled_candidate_uncertified,0.9,0.7776007864454735,0.9011277028128044,0.7776007864454735,1,0.9011277028128044,1,43,,,
54,10000,ordinal_candidate_plus_cp_certification,0.9,0.7776007864454735,0.9011277028128044,,0,1.0,1,274,245,0.8432277644665411,0
54,10000,ordinal_pooled_candidate_uncertified,0.93,0.8070872570075383,0.9244185937985545,0.8070872570075383,1,0.9244185937985545,1,43,,,
54,10000,ordinal_candidate_plus_cp_certification,0.93,0.8070872570075383,0.9244185937985545,,0,1.0,1,274,252,0.8733045411542315,0
54,10000,ordinal_pooled_candidate_uncertified,0.95,0.8583066973070775,0.9546325211158293,0.8583066973070775,1,0.9546325211158293,1,43,,,
54,10000,ordinal_candidate_plus_cp_certification,0.95,0.8583066973070775,0.9546325211158293,0.8583066973070775,1,0.9546325211158293,1,274,261,0.9136877082645252,1
54,10000,ordinal_pooled_candidate_uncertified,0.97,0.9711191419653226,0.9879520189261453,0.9711191419653226,1,0.9879520189261453,1,43,,,
54,10000,ordinal_candidate_plus_cp_certification,0.97,0.9711191419653226,0.9879520189261453,0.9711191419653226,1,0.9879520189261453,1,274,271,0.9638074449751015,1
55,10000,independent_mondrian_total_budget,,,,0.7684287083273513,1,0.8929081970093107,0,311,,,
55,10000,direct_pac_split_matched,,0.8254475660518119,0.9366490587635566,0.8254475660518119,1,0.9366490587635566,1,299,282,0.903992156182031,1
55,10000,direct_pac_total_budget,,0.8254475660518119,0.9366490587635566,0.8254475660518119,1,0.9366490587635566,1,311,293,0.90365838613222,1
55,10000,ordinal_pooled_candidate_uncertified,0.9,0.7882481026659325,0.9100788116879354,0.7882481026659325,1,0.9100788116879354,1,49,,,
55,10000,ordinal_candidate_plus_cp_certification,0.9,0.7882481026659325,0.9100788116879354,,0,1.0,1,299,273,0.8677449309712022,0
55,10000,ordinal_pooled_candidate_uncertified,0.93,0.8800880993038322,0.9641044443721725,0.8800880993038322,1,0.9641044443721725,1,49,,,
55,10000,ordinal_candidate_plus_cp_certification,0.93,0.8800880993038322,0.9641044443721725,0.8800880993038322,1,0.9641044443721725,1,299,288,0.9293843553836634,1
55,10000,ordinal_pooled_candidate_uncertified,0.95,0.893981266842391,0.9692515869751053,0.893981266842391,1,0.9692515869751053,1,49,,,
55,10000,ordinal_candidate_plus_cp_certification,0.95,0.893981266842391,0.9692515869751053,0.893981266842391,1,0.9692515869751053,1,299,288,0.9293843553836634,1
55,10000,ordinal_pooled_candidate_uncertified,0.97,1.0288091561571162,0.9945211639034175,1.0288091561571162,1,0.9945211639034175,1,49,,,
55,10000,ordinal_candidate_plus_cp_certification,0.97,1.0288091561571162,0.9945211639034175,1.0288091561571162,1,0.9945211639034175,1,299,298,0.9780063309162528,1
56,10000,independent_mondrian_total_budget,,,,0.775386130300453,1,0.899186634209356,0,346,,,
56,10000,direct_pac_split_matched,,0.8401200815450263,0.9452672740440726,0.8401200815450263,1,0.9452672740440726,1,340,319,0.9009445830643066,1
56,10000,direct_pac_total_budget,,0.849814568055905,0.950433643498743,0.849814568055905,1,0.950433643498743,1,346,325,0.9026283642673234,1
56,10000,ordinal_pooled_candidate_uncertified,0.9,0.7462455256255068,0.8710203518896895,0.7462455256255068,1,0.8710203518896895,0,49,,,
56,10000,ordinal_candidate_plus_cp_certification,0.9,0.7462455256255068,0.8710203518896895,,0,1.0,1,340,295,0.8190894518611216,0
56,10000,ordinal_pooled_candidate_uncertified,0.93,0.83486607046434,0.9422944518973808,0.83486607046434,1,0.9422944518973808,1,49,,,
56,10000,ordinal_candidate_plus_cp_certification,0.93,0.83486607046434,0.9422944518973808,,0,1.0,1,340,317,0.8938549335548593,0
56,10000,ordinal_pooled_candidate_uncertified,0.95,0.9176528360337957,0.9766087599297881,0.9176528360337957,1,0.9766087599297881,1,49,,,
56,10000,ordinal_candidate_plus_cp_certification,0.95,0.9176528360337957,0.9766087599297881,0.9176528360337957,1,0.9766087599297881,1,340,329,0.9377668217624573,1
56,10000,ordinal_pooled_candidate_uncertified,0.97,1.0403019450032045,0.9953592783225429,1.0403019450032045,1,0.9953592783225429,1,49,,,
56,10000,ordinal_candidate_plus_cp_certification,0.97,1.0403019450032045,0.9953592783225429,1.0403019450032045,1,0.9953592783225429,1,340,338,0.9755083817910353,1
57,10000,independent_mondrian_total_budget,,,,0.7822931181904343,1,0.9051497442561716,1,317,,,
57,10000,direct_pac_split_matched,,0.8635010229175568,0.957056539629185,0.8635010229175568,1,0.957056539629185,1,308,290,0.9027395744704103,1
57,10000,direct_pac_total_budget,,0.8598494098376475,0.9553636775779037,0.8598494098376475,1,0.9553636775779037,1,317,298,0.9015786173823206,1
57,10000,ordinal_pooled_candidate_uncertified,0.9,0.7423399085434089,0.8668663217497528,0.7423399085434089,1,0.8668663217497528,0,36,,,
57,10000,ordinal_candidate_plus_cp_certification,0.9,0.7423399085434089,0.8668663217497528,,0,1.0,1,308,265,0.8081552059817609,0
57,10000,ordinal_pooled_candidate_uncertified,0.93,0.8182785695178203,0.9320708075774166,0.8182785695178203,1,0.9320708075774166,1,36,,,
57,10000,ordinal_candidate_plus_cp_certification,0.93,0.8182785695178203,0.9320708075774166,,0,1.0,1,308,284,0.8792091014014694,0
57,10000,ordinal_pooled_candidate_uncertified,0.95,0.9220456742345963,0.9777964880232786,0.9220456742345963,1,0.9777964880232786,1,36,,,
57,10000,ordinal_candidate_plus_cp_certification,0.95,0.9220456742345963,0.9777964880232786,0.9220456742345963,1,0.9777964880232786,1,308,297,0.9314122456777378,1
57,10000,ordinal_pooled_candidate_uncertified,0.97,0.9220456742345963,0.9777964880232786,0.9220456742345963,1,0.9777964880232786,1,36,,,
57,10000,ordinal_candidate_plus_cp_certification,0.97,0.9220456742345963,0.9777964880232786,0.9220456742345963,1,0.9777964880232786,1,308,297,0.9314122456777378,1
58,10000,independent_mondrian_total_budget,,,,0.800938685699053,1,0.9199437696351311,1,315,,,
58,10000,direct_pac_split_matched,,0.8568296535584156,0.9539234909522486,0.8568296535584156,1,0.9539234909522486,1,311,293,0.90365838613222,1
58,10000,direct_pac_total_budget,,0.8533801103042173,0.9522329093890113,0.8533801103042173,1,0.9522329093890113,1,315,296,0.9009667508241539,1
58,10000,ordinal_pooled_candidate_uncertified,0.9,0.8234425246751526,0.935393494891906,0.8234425246751526,1,0.935393494891906,1,35,,,
58,10000,ordinal_candidate_plus_cp_certification,0.9,0.8234425246751526,0.935393494891906,,0,1.0,1,311,288,0.8841833967552879,0
58,10000,ordinal_pooled_candidate_uncertified,0.93,0.8617955296099923,0.9562724550429464,0.8617955296099923,1,0.9562724550429464,1,35,,,
58,10000,ordinal_candidate_plus_cp_certification,0.93,0.8617955296099923,0.9562724550429464,0.8617955296099923,1,0.9562724550429464,1,311,295,0.9116121178970054,1
58,10000,ordinal_pooled_candidate_uncertified,0.95,0.8709256090266636,0.9603385244392115,0.8709256090266636,1,0.9603385244392115,1,35,,,
58,10000,ordinal_candidate_plus_cp_certification,0.95,0.8709256090266636,0.9603385244392115,0.8709256090266636,1,0.9603385244392115,1,311,297,0.9196830742558788,1
58,10000,ordinal_pooled_candidate_uncertified,0.97,0.8709256090266636,0.9603385244392115,0.8709256090266636,1,0.9603385244392115,1,35,,,
58,10000,ordinal_candidate_plus_cp_certification,0.97,0.8709256090266636,0.9603385244392115,0.8709256090266636,1,0.9603385244392115,1,311,297,0.9196830742558788,1
59,10000,independent_mondrian_total_budget,,,,0.8187683408945033,1,0.932391500880315,1,282,,,
59,10000,direct_pac_split_matched,,0.8609496166124935,0.9558792910148808,0.8609496166124935,1,0.9558792910148808,1,269,254,0.9027513136324667,1
59,10000,direct_pac_total_budget,,0.8573113943266357,0.9541557142134889,0.8573113943266357,1,0.9541557142134889,1,282,266,0.9027200717514032,1
59,10000,ordinal_pooled_candidate_uncertified,0.9,0.7820791086992198,0.9049689697733834,0.7820791086992198,1,0.9049689697733834,1,48,,,
59,10000,ordinal_candidate_plus_cp_certification,0.9,0.7820791086992198,0.9049689697733834,,0,1.0,1,269,233,0.8105684178375898,0
59,10000,ordinal_pooled_candidate_uncertified,0.93,0.8001695366994904,0.9193701869700768,0.8001695366994904,1,0.9193701869700768,1,48,,,
59,10000,ordinal_candidate_plus_cp_certification,0.93,0.8001695366994904,0.9193701869700768,,0,1.0,1,269,238,0.8318071258628201,0
59,10000,ordinal_pooled_candidate_uncertified,0.95,0.8332208026919974,0.9413378656634994,0.8332208026919974,1,0.9413378656634994,1,48,,,
59,10000,ordinal_candidate_plus_cp_certification,0.95,0.8332208026919974,0.9413378656634994,,0,1.0,1,269,244,0.8577794565493602,0
59,10000,ordinal_pooled_candidate_uncertified,0.97,0.9270914190170818,0.9790975492792922,0.9270914190170818,1,0.9790975492792922,1,48,,,
59,10000,ordinal_candidate_plus_cp_certification,0.97,0.9270914190170818,0.9790975492792922,0.9270914190170818,1,0.9790975492792922,1,269,260,0.9314385909112397,1
60,10000,independent_mondrian_total_budget,,,,0.7886907647440691,1,0.9104374657319416,1,311,,,
60,10000,direct_pac_split_matched,,0.838324495920759,0.9442652220133627,0.838324495920759,1,0.9442652220133627,1,306,288,0.9021172393825008,1
60,10000,direct_pac_total_budget,,0.8423965529160007,0.9465171548346876,0.8423965529160007,1,0.9465171548346876,1,311,293,0.90365838613222,1
60,10000,ordinal_pooled_candidate_uncertified,0.9,0.7457073285837514,0.87045332462733,0.7457073285837514,1,0.87045332462733,0,48,,,
60,10000,ordinal_candidate_plus_cp_certification,0.9,0.7457073285837514,0.87045332462733,,0,1.0,1,306,268,0.8253766744636817,0
60,10000,ordinal_pooled_candidate_uncertified,0.93,0.7611294141694991,0.8860231992810315,0.7611294141694991,1,0.8860231992810315,0,48,,,
60,10000,ordinal_candidate_plus_cp_certification,0.93,0.7611294141694991,0.8860231992810315,,0,1.0,1,306,272,0.8402963083895849,0
60,10000,ordinal_pooled_candidate_uncertified,0.95,0.8049684556958876,0.9228986010038556,0.8049684556958876,1,0.9228986010038556,1,48,,,
60,10000,ordinal_candidate_plus_cp_certification,0.95,0.8049684556958876,0.9228986010038556,,0,1.0,1,306,283,0.8823350334179263,0
60,10000,ordinal_pooled_candidate_uncertified,0.97,0.9893130975283104,0.9905263318778621,0.9893130975283104,1,0.9905263318778621,1,48,,,
60,10000,ordinal_candidate_plus_cp_certification,0.97,0.9893130975283104,0.9905263318778621,0.9893130975283104,1,0.9905263318778621,1,306,302,0.9625451330233246,1
61,10000,independent_mondrian_total_budget,,,,0.752179034146081,1,0.8771577334911898,0,317,,,
61,10000,direct_pac_split_matched,,0.8189945140048529,0.9325391994905441,0.8189945140048529,1,0.9325391994905441,1,312,293,0.900034559337525,1
61,10000,direct_pac_total_budget,,0.8189945140048529,0.9325391994905441,0.8189945140048529,1,0.9325391994905441,1,317,298,0.9015786173823206,1
61,10000,ordinal_pooled_candidate_uncertified,0.9,0.809996614620595,0.9264683802345477,0.809996614620595,1,0.9264683802345477,1,48,,,
61,10000,ordinal_candidate_plus_cp_certification,0.9,0.809996614620595,0.9264683802345477,,0,1.0,1,312,291,0.8922498452311824,0
61,10000,ordinal_pooled_candidate_uncertified,0.93,0.8141955673955733,0.9293514446516029,0.8141955673955733,1,0.9293514446516029,1,48,,,
61,10000,ordinal_candidate_plus_cp_certification,0.93,0.8141955673955733,0.9293514446516029,,0,1.0,1,312,291,0.8922498452311824,0
61,10000,ordinal_pooled_candidate_uncertified,0.95,0.8561143544011955,0.9535769387048649,0.8561143544011955,1,0.9535769387048649,1,48,,,
61,10000,ordinal_candidate_plus_cp_certification,0.95,0.8561143544011955,0.9535769387048649,0.8561143544011955,1,0.9535769387048649,1,312,297,0.915896897303927,1
61,10000,ordinal_pooled_candidate_uncertified,0.97,0.9229385102641721,0.9780315634210659,0.9229385102641721,1,0.9780315634210659,1,48,,,
61,10000,ordinal_candidate_plus_cp_certification,0.97,0.9229385102641721,0.9780315634210659,0.9229385102641721,1,0.9780315634210659,1,312,304,0.9450593389028992,1
62,10000,independent_mondrian_total_budget,,,,0.8074348405872318,1,0.9246657494458697,1,323,,,
62,10000,direct_pac_split_matched,,0.8458583599592273,0.948374369367021,0.8458583599592273,1,0.948374369367021,1,313,294,0.9003472327034481,1
62,10000,direct_pac_total_budget,,0.8458583599592273,0.948374369367021,0.8458583599592273,1,0.948374369367021,1,323,304,0.9033696987707387,1
62,10000,ordinal_pooled_candidate_uncertified,0.9,0.8092762064384318,0.9259648205146551,0.8092762064384318,1,0.9259648205146551,1,50,,,
62,10000,ordinal_candidate_plus_cp_certification,0.9,0.8092762064384318,0.9259648205146551,,0,1.0,1,313,282,0.854832813558746,0
62,10000,ordinal_pooled_candidate_uncertified,0.93,0.8605652497254545,0.955699705437187,0.8605652497254545,1,0.955699705437187,1,50,,,
62,10000,ordinal_candidate_plus_cp_certification,0.93,0.8605652497254545,0.955699705437187,0.8605652497254545,1,0.955699705437187,1,313,294,0.9003472327034481,1
62,10000,ordinal_pooled_candidate_uncertified,0.95,0.8987060997308315,0.9708563218497209,0.8987060997308315,1,0.9708563218497209,1,50,,,
62,10000,ordinal_candidate_plus_cp_certification,0.95,0.8987060997308315,0.9708563218497209,0.8987060997308315,1,0.9708563218497209,1,313,298,0.9161604708866886,1
62,10000,ordinal_pooled_candidate_uncertified,0.97,0.9366703252033503,0.9813904079153503,0.9366703252033503,1,0.9813904079153503,1,50,,,
62,10000,ordinal_candidate_plus_cp_certification,0.97,0.9366703252033503,0.9813904079153503,0.9366703252033503,1,0.9813904079153503,1,313,304,0.940924427040319,1
63,10000,independent_mondrian_total_budget,,,,0.802008437043843,1,0.9207363865240386,1,303,,,
63,10000,direct_pac_split_matched,,0.859353885168487,0.9551298694033015,0.859353885168487,1,0.9551298694033015,1,294,277,0.9023942686886381,1
63,10000,direct_pac_total_budget,,0.859353885168487,0.9551298694033015,0.859353885168487,1,0.9551298694033015,1,303,285,0.901168666502481,1
63,10000,ordinal_pooled_candidate_uncertified,0.9,0.7834539015045903,0.9061258488048178,0.7834539015045903,1,0.9061258488048178,1,39,,,
63,10000,ordinal_candidate_plus_cp_certification,0.9,0.7834539015045903,0.9061258488048178,,0,1.0,1,294,259,0.8300751282830492,0
63,10000,ordinal_pooled_candidate_uncertified,0.93,0.9129231702523225,0.9752706420339076,0.9129231702523225,1,0.9752706420339076,1,39,,,
63,10000,ordinal_candidate_plus_cp_certification,0.93,0.9129231702523225,0.9752706420339076,0.9129231702523225,1,0.9752706420339076,1,294,284,0.9326586977097644,1
63,10000,ordinal_pooled_candidate_uncertified,0.95,0.9129231702523225,0.9752706420339076,0.9129231702523225,1,0.9752706420339076,1,39,,,
63,10000,ordinal_candidate_plus_cp_certification,0.95,0.9129231702523225,0.9752706420339076,0.9129231702523225,1,0.9752706420339076,1,294,284,0.9326586977097644,1
63,10000,ordinal_pooled_candidate_uncertified,0.97,1.0932111280635788,0.9979218940525494,1.0932111280635788,1,0.9979218940525494,1,39,,,
63,10000,ordinal_candidate_plus_cp_certification,0.97,1.0932111280635788,0.9979218940525494,1.0932111280635788,1,0.9979218940525494,1,294,294,0.9844581958011467,1
64,10000,independent_mondrian_total_budget,,,,0.7526598969273554,1,0.8776459926438995,0,314,,,
64,10000,direct_pac_split_matched,,0.7989063459270559,0.9184214525906393,0.7989063459270559,1,0.9184214525906393,1,308,290,0.9027395744704103,1
64,10000,direct_pac_total_budget,,0.7989063459270559,0.9184214525906393,0.7989063459270559,1,0.9184214525906393,1,314,295,0.9006579571470414,1
64,10000,ordinal_pooled_candidate_uncertified,0.9,0.8833734095548461,0.9653812633006527,0.8833734095548461,1,0.9653812633006527,1,47,,,
64,10000,ordinal_candidate_plus_cp_certification,0.9,0.8833734095548461,0.9653812633006527,0.8833734095548461,1,0.9653812633006527,1,308,300,0.9443567911084958,1
64,10000,ordinal_pooled_candidate_uncertified,0.93,0.8938362035268907,0.9692011828528977,0.8938362035268907,1,0.9692011828528977,1,47,,,
64,10000,ordinal_candidate_plus_cp_certification,0.93,0.8938362035268907,0.9692011828528977,0.8938362035268907,1,0.9692011828528977,1,308,300,0.9443567911084958,1
64,10000,ordinal_pooled_candidate_uncertified,0.95,0.8983832052446945,0.970748914932393,0.8983832052446945,1,0.970748914932393,1,47,,,
64,10000,ordinal_candidate_plus_cp_certification,0.95,0.8983832052446945,0.970748914932393,0.8983832052446945,1,0.970748914932393,1,308,301,0.9488076682725155,1
64,10000,ordinal_pooled_candidate_uncertified,0.97,0.9368791013897201,0.981437896901328,0.9368791013897201,1,0.981437896901328,1,47,,,
64,10000,ordinal_candidate_plus_cp_certification,0.97,0.9368791013897201,0.981437896901328,0.9368791013897201,1,0.981437896901328,1,308,306,0.9729902329499105,1
65,10000,independent_mondrian_total_budget,,,,0.7765182433415896,1,0.9001823355162539,1,252,,,
65,10000,direct_pac_split_matched,,0.8385332441986484,0.9443824554048511,0.8385332441986484,1,0.9443824554048511,1,242,229,0.9025413532104565,1
65,10000,direct_pac_total_budget,,0.8304623859473309,0.9397061975980375,0.8304623859473309,1,0.9397061975980375,1,252,238,0.9013123098937939,1
65,10000,ordinal_pooled_candidate_uncertified,0.9,0.8195526611550182,0.9329026212080401,0.8195526611550182,1,0.9329026212080401,1,40,,,
65,10000,ordinal_candidate_plus_cp_certification,0.9,0.8195526611550182,0.9329026212080401,,0,1.0,1,242,226,0.8870486397745467,0
65,10000,ordinal_pooled_candidate_uncertified,0.93,0.9242600698976047,0.9783756584927289,0.9242600698976047,1,0.9783756584927289,1,40,,,
65,10000,ordinal_candidate_plus_cp_certification,0.93,0.9242600698976047,0.9783756584927289,0.9242600698976047,1,0.9783756584927289,1,242,240,0.9657212295745767,1
65,10000,ordinal_pooled_candidate_uncertified,0.95,0.9242600698976047,0.9783756584927289,0.9242600698976047,1,0.9783756584927289,1,40,,,
65,10000,ordinal_candidate_plus_cp_certification,0.95,0.9242600698976047,0.9783756584927289,0.9242600698976047,1,0.9783756584927289,1,242,240,0.9657212295745767,1
65,10000,ordinal_pooled_candidate_uncertified,0.97,0.9696671558582275,0.9877226065644773,0.9696671558582275,1,0.9877226065644773,1,40,,,
65,10000,ordinal_candidate_plus_cp_certification,0.97,0.9696671558582275,0.9877226065644773,0.9696671558582275,1,0.9877226065644773,1,242,241,0.9728861726990243,1
66,10000,independent_mondrian_total_budget,,,,0.7571387518796356,1,0.8821283700324465,0,312,,,
66,10000,direct_pac_split_matched,,0.8394968334393877,0.944921087915743,0.8394968334393877,1,0.944921087915743,1,305,287,0.9018030771174659,1
66,10000,direct_pac_total_budget,,0.8394968334393877,0.944921087915743,0.8394968334393877,1,0.944921087915743,1,312,293,0.900034559337525,1
66,10000,ordinal_pooled_candidate_uncertified,0.9,0.7701278503653826,0.8944669384502317,0.7701278503653826,1,0.8944669384502317,0,47,,,
66,10000,ordinal_candidate_plus_cp_certification,0.9,0.7701278503653826,0.8944669384502317,,0,1.0,1,305,277,0.862578218876271,0
66,10000,ordinal_pooled_candidate_uncertified,0.93,0.7842998856235321,0.9068325534579706,0.7842998856235321,1,0.9068325534579706,1,47,,,
66,10000,ordinal_candidate_plus_cp_certification,0.93,0.7842998856235321,0.9068325534579706,,0,1.0,1,305,279,0.8702824664295761,0
66,10000,ordinal_pooled_candidate_uncertified,0.95,0.9601686161879314,0.9861264327168666,0.9601686161879314,1,0.9861264327168666,1,47,,,
66,10000,ordinal_candidate_plus_cp_certification,0.95,0.9601686161879314,0.9861264327168666,0.9601686161879314,1,0.9861264327168666,1,305,300,0.9575897637623154,1
66,10000,ordinal_pooled_candidate_uncertified,0.97,1.1466667642198805,0.999135836227112,1.1466667642198805,1,0.999135836227112,1,47,,,
66,10000,ordinal_candidate_plus_cp_certification,0.97,1.1466667642198805,0.999135836227112,1.1466667642198805,1,0.999135836227112,1,305,305,0.9850144984866549,1
67,10000,independent_mondrian_total_budget,,,,0.782714504651643,1,0.9055049498459571,1,295,,,
67,10000,direct_pac_split_matched,,0.827348730830668,0.9378219517952193,0.827348730830668,1,0.9378219517952193,1,290,273,0.90107716564707,1
67,10000,direct_pac_total_budget,,0.827348730830668,0.9378219517952193,0.827348730830668,1,0.9378219517952193,1,295,278,0.9027180850966614,1
67,10000,ordinal_pooled_candidate_uncertified,0.9,0.7676246848645105,0.8921648502295005,0.7676246848645105,1,0.8921648502295005,0,36,,,
67,10000,ordinal_candidate_plus_cp_certification,0.9,0.7676246848645105,0.8921648502295005,,0,1.0,1,290,258,0.8396638380654493,0
67,10000,ordinal_pooled_candidate_uncertified,0.93,0.8017850070059169,0.9205713320207087,0.8017850070059169,1,0.9205713320207087,1,36,,,
67,10000,ordinal_candidate_plus_cp_certification,0.93,0.8017850070059169,0.9205713320207087,,0,1.0,1,290,266,0.8718994683980219,0
67,10000,ordinal_pooled_candidate_uncertified,0.95,0.8168742878384044,0.9311447962871546,0.8168742878384044,1,0.9311447962871546,1,36,,,
67,10000,ordinal_candidate_plus_cp_certification,0.95,0.8168742878384044,0.9311447962871546,,0,1.0,1,290,270,0.8884341613616997,0
67,10000,ordinal_pooled_candidate_uncertified,0.97,0.8168742878384044,0.9311447962871546,0.8168742878384044,1,0.9311447962871546,1,36,,,
67,10000,ordinal_candidate_plus_cp_certification,0.97,0.8168742878384044,0.9311447962871546,,0,1.0,1,290,270,0.8884341613616997,0
68,10000,independent_mondrian_total_budget,,,,0.8210487351072893,1,0.9338692799492576,1,297,,,
68,10000,direct_pac_split_matched,,0.8418640626741587,0.9462268402144353,0.8418640626741587,1,0.9462268402144353,1,293,276,0.9020682903971691,1
68,10000,direct_pac_total_budget,,0.8420003079592807,0.9463012399277879,0.8420003079592807,1,0.9463012399277879,1,297,280,0.9033593176784116,1
68,10000,ordinal_pooled_candidate_uncertified,0.9,0.6526161670880356,0.7463606080132558,0.6526161670880356,1,0.7463606080132558,0,41,,,
68,10000,ordinal_candidate_plus_cp_certification,0.9,0.6526161670880356,0.7463606080132558,,0,1.0,1,293,210,0.6510919096242389,0
68,10000,ordinal_pooled_candidate_uncertified,0.93,0.8959891839875522,0.9699422756431612,0.8959891839875522,1,0.9699422756431612,1,41,,,
68,10000,ordinal_candidate_plus_cp_certification,0.93,0.8959891839875522,0.9699422756431612,0.8959891839875522,1,0.9699422756431612,1,293,288,0.9558769303307459,1
68,10000,ordinal_pooled_candidate_uncertified,0.95,0.8959891839875522,0.9699422756431612,0.8959891839875522,1,0.9699422756431612,1,41,,,
68,10000,ordinal_candidate_plus_cp_certification,0.95,0.8959891839875522,0.9699422756431612,0.8959891839875522,1,0.9699422756431612,1,293,288,0.9558769303307459,1
68,10000,ordinal_pooled_candidate_uncertified,0.97,1.0320242004957758,0.9947682138051395,1.0320242004957758,1,0.9947682138051395,1,41,,,
68,10000,ordinal_candidate_plus_cp_certification,0.97,1.0320242004957758,0.9947682138051395,1.0320242004957758,1,0.9947682138051395,1,293,292,0.9775602743582024,1
69,10000,independent_mondrian_total_budget,,,,0.7878854658020147,1,0.9097842012492289,1,280,,,
69,10000,direct_pac_split_matched,,0.8470423116534782,0.9489976469968352,0.8470423116534782,1,0.9489976469968352,1,278,262,0.9013512711450906,1
69,10000,direct_pac_total_budget,,0.8470423116534782,0.9489976469968352,0.8470423116534782,1,0.9489976469968352,1,280,264,0.9020404504486024,1
69,10000,ordinal_pooled_candidate_uncertified,0.9,0.8332843260584138,0.9413750288100097,0.8332843260584138,1,0.9413750288100097,1,43,,,
69,10000,ordinal_candidate_plus_cp_certification,0.9,0.8332843260584138,0.9413750288100097,,0,1.0,1,278,258,0.8837348970302197,0
69,10000,ordinal_pooled_candidate_uncertified,0.93,0.8580697615218101,0.9545193786637429,0.8580697615218101,1,0.9545193786637429,1,43,,,
69,10000,ordinal_candidate_plus_cp_certification,0.93,0.8580697615218101,0.9545193786637429,0.8580697615218101,1,0.9545193786637429,1,278,263,0.9058318325539931,1
69,10000,ordinal_pooled_candidate_uncertified,0.95,0.9321878139437504,0.980345573328647,0.9321878139437504,1,0.980345573328647,1,43,,,
69,10000,ordinal_candidate_plus_cp_certification,0.95,0.9321878139437504,0.980345573328647,0.9321878139437504,1,0.980345573328647,1,278,269,0.9336187612944629,1
69,10000,ordinal_pooled_candidate_uncertified,0.97,0.9369306161606372,0.9814495987543015,0.9369306161606372,1,0.9814495987543015,1,43,,,
69,10000,ordinal_candidate_plus_cp_certification,0.97,0.9369306161606372,0.9814495987543015,0.9369306161606372,1,0.9814495987543015,1,278,270,0.938454354736953,1
70,10000,independent_mondrian_total_budget,,,,0.7730241376862088,1,0.8970859661446637,0,342,,,
70,10000,direct_pac_split_matched,,0.8332386327852344,0.9413482986893772,0.8332386327852344,1,0.9413482986893772,1,337,316,0.9000806751350021,1
70,10000,direct_pac_total_budget,,0.8332386327852344,0.9413482986893772,0.8332386327852344,1,0.9413482986893772,1,342,321,0.9015122737386572,1
70,10000,ordinal_pooled_candidate_uncertified,0.9,0.8473995374033519,0.9491845235711485,0.8473995374033519,1,0.9491845235711485,1,55,,,
70,10000,ordinal_candidate_plus_cp_certification,0.9,0.8473995374033519,0.9491845235711485,0.8473995374033519,1,0.9491845235711485,1,337,322,0.9220254368261069,1
70,10000,ordinal_pooled_candidate_uncertified,0.93,0.8601688725434815,0.9555138917995168,0.8601688725434815,1,0.9555138917995168,1,55,,,
70,10000,ordinal_candidate_plus_cp_certification,0.93,0.8601688725434815,0.9555138917995168,0.8601688725434815,1,0.9555138917995168,1,337,323,0.9257727443630819,1
70,10000,ordinal_pooled_candidate_uncertified,0.95,1.0474589270553372,0.9958214894880837,1.0474589270553372,1,0.9958214894880837,1,55,,,
70,10000,ordinal_candidate_plus_cp_certification,0.95,1.0474589270553372,0.9958214894880837,1.0474589270553372,1,0.9958214894880837,1,337,337,0.9864277514738007,1
70,10000,ordinal_pooled_candidate_uncertified,0.97,1.064774042634794,0.996773907179117,1.064774042634794,1,0.996773907179117,1,55,,,
70,10000,ordinal_candidate_plus_cp_certification,0.97,1.064774042634794,0.996773907179117,1.064774042634794,1,0.996773907179117,1,337,337,0.9864277514738007,1
71,10000,independent_mondrian_total_budget,,,,0.7846016690531699,1,0.9070836986985495,1,306,,,
71,10000,direct_pac_split_matched,,0.8294402513892689,0.93909263850601,0.8294402513892689,1,0.93909263850601,1,297,280,0.9033593176784116,1
71,10000,direct_pac_total_budget,,0.8267869271016481,0.937477132936169,0.8267869271016481,1,0.937477132936169,1,306,288,0.9021172393825008,1
71,10000,ordinal_pooled_candidate_uncertified,0.9,0.8447855187816751,0.9478043687096807,0.8447855187816751,1,0.9478043687096807,1,61,,,
71,10000,ordinal_candidate_plus_cp_certification,0.9,0.8447855187816751,0.9478043687096807,0.8447855187816751,1,0.9478043687096807,1,297,282,0.9117346666810366,1
71,10000,ordinal_pooled_candidate_uncertified,0.93,0.9075476666190676,0.9736724226665676,0.9075476666190676,1,0.9736724226665676,1,61,,,
71,10000,ordinal_candidate_plus_cp_certification,0.93,0.9075476666190676,0.9736724226665676,0.9075476666190676,1,0.9736724226665676,1,297,292,0.9564630413838049,1
71,10000,ordinal_pooled_candidate_uncertified,0.95,0.9098899813206855,0.9743791402367648,0.9098899813206855,1,0.9743791402367648,1,61,,,
71,10000,ordinal_candidate_plus_cp_certification,0.95,0.9098899813206855,0.9743791402367648,0.9098899813206855,1,0.9743791402367648,1,297,292,0.9564630413838049,1
71,10000,ordinal_pooled_candidate_uncertified,0.97,1.0328975498281137,0.9948335886514367,1.0328975498281137,1,0.9948335886514367,1,61,,,
71,10000,ordinal_candidate_plus_cp_certification,0.97,1.0328975498281137,0.9948335886514367,1.0328975498281137,1,0.9948335886514367,1,297,297,0.9846139697379961,1
72,10000,independent_mondrian_total_budget,,,,0.7883657842634855,1,0.9101742637681287,1,293,,,
72,10000,direct_pac_split_matched,,0.8314965655212226,0.9403220527165871,0.8314965655212226,1,0.9403220527165871,1,290,273,0.90107716564707,1
72,10000,direct_pac_total_budget,,0.8314965655212226,0.9403220527165871,0.8314965655212226,1,0.9403220527165871,1,293,276,0.9020682903971691,1
72,10000,ordinal_pooled_candidate_uncertified,0.9,0.8416526594743965,0.9461112373047709,0.8416526594743965,1,0.9461112373047709,1,45,,,
72,10000,ordinal_candidate_plus_cp_certification,0.9,0.8416526594743965,0.9461112373047709,0.8416526594743965,1,0.9461112373047709,1,290,276,0.9139835811650758,1
72,10000,ordinal_pooled_candidate_uncertified,0.93,0.8502395200576507,0.9506508835146081,0.8502395200576507,1,0.9506508835146081,1,45,,,
72,10000,ordinal_candidate_plus_cp_certification,0.93,0.8502395200576507,0.9506508835146081,0.8502395200576507,1,0.9506508835146081,1,290,276,0.9139835811650758,1
72,10000,ordinal_pooled_candidate_uncertified,0.95,0.9283075305933868,0.9794012923808768,0.9283075305933868,1,0.9794012923808768,1,45,,,
72,10000,ordinal_candidate_plus_cp_certification,0.95,0.9283075305933868,0.9794012923808768,0.9283075305933868,1,0.9794012923808768,1,290,283,0.9456797891648896,1
72,10000,ordinal_pooled_candidate_uncertified,0.97,1.0719924292833998,0.9971095970362845,1.0719924292833998,1,0.9971095970362845,1,45,,,
72,10000,ordinal_candidate_plus_cp_certification,0.97,1.0719924292833998,0.9971095970362845,1.0719924292833998,1,0.9971095970362845,1,290,289,0.9773303919423169,1
73,10000,independent_mondrian_total_budget,,,,0.7804183829437208,1,0.9035575166222806,1,282,,,
73,10000,direct_pac_split_matched,,0.8403455744384565,0.945392100547954,0.8403455744384565,1,0.945392100547954,1,278,262,0.9013512711450906,1
73,10000,direct_pac_total_budget,,0.8403455744384565,0.945392100547954,0.8403455744384565,1,0.945392100547954,1,282,266,0.9027200717514032,1
73,10000,ordinal_pooled_candidate_uncertified,0.9,0.7516268166876954,0.8765953385651424,0.7516268166876954,1,0.8765953385651424,0,46,,,
73,10000,ordinal_candidate_plus_cp_certification,0.9,0.7516268166876954,0.8765953385651424,,0,1.0,1,278,246,0.8329492033268255,0
73,10000,ordinal_pooled_candidate_uncertified,0.93,0.7518621897436109,0.8768352697594353,0.7518621897436109,1,0.8768352697594353,0,46,,,
73,10000,ordinal_candidate_plus_cp_certification,0.93,0.7518621897436109,0.8768352697594353,,0,1.0,1,278,246,0.8329492033268255,0
73,10000,ordinal_pooled_candidate_uncertified,0.95,0.8589824767167005,0.9549539785120109,0.8589824767167005,1,0.9549539785120109,1,46,,,
73,10000,ordinal_candidate_plus_cp_certification,0.95,0.8589824767167005,0.9549539785120109,0.8589824767167005,1,0.9549539785120109,1,278,267,0.9241518791760344,1
73,10000,ordinal_pooled_candidate_uncertified,0.97,0.933039409985005,0.9805478202257207,0.933039409985005,1,0.9805478202257207,1,46,,,
73,10000,ordinal_candidate_plus_cp_certification,0.97,0.933039409985005,0.9805478202257207,0.933039409985005,1,0.9805478202257207,1,278,273,0.953531012735285,1
74,10000,independent_mondrian_total_budget,,,,0.7737395044475538,1,0.8977255167338447,0,320,,,
74,10000,direct_pac_split_matched,,0.8246952481640167,0.9361801997670025,0.8246952481640167,1,0.9361801997670025,1,312,293,0.900034559337525,1
74,10000,direct_pac_total_budget,,0.8246952481640167,0.9361801997670025,0.8246952481640167,1,0.9361801997670025,1,320,301,0.9024823776306456,1
74,10000,ordinal_pooled_candidate_uncertified,0.9,0.7942106922557433,0.9148208544686341,0.7942106922557433,1,0.9148208544686341,1,45,,,
74,10000,ordinal_candidate_plus_cp_certification,0.9,0.7942106922557433,0.9148208544686341,,0,1.0,1,312,289,0.8845461271757655,0
74,10000,ordinal_pooled_candidate_uncertified,0.93,0.867527089399742,0.9588624651031984,0.867527089399742,1,0.9588624651031984,1,45,,,
74,10000,ordinal_candidate_plus_cp_certification,0.93,0.867527089399742,0.9588624651031984,0.867527089399742,1,0.9588624651031984,1,312,297,0.915896897303927,1
74,10000,ordinal_pooled_candidate_uncertified,0.95,0.8790677127808485,0.9637001128270681,0.8790677127808485,1,0.9637001128270681,1,45,,,
74,10000,ordinal_candidate_plus_cp_certification,0.95,0.8790677127808485,0.9637001128270681,0.8790677127808485,1,0.9637001128270681,1,312,298,0.9199357044887875,1
74,10000,ordinal_pooled_candidate_uncertified,0.97,0.9344815794054838,0.9808862912366811,0.9344815794054838,1,0.9808862912366811,1,45,,,
74,10000,ordinal_candidate_plus_cp_certification,0.97,0.9344815794054838,0.9808862912366811,0.9344815794054838,1,0.9808862912366811,1,312,304,0.9450593389028992,1
75,10000,independent_mondrian_total_budget,,,,0.7670280213310979,1,0.891610817439523,0,310,,,
75,10000,direct_pac_split_matched,,0.8125601131563405,0.9282390208813727,0.8125601131563405,1,0.9282390208813727,1,300,282,0.9002015378854917,1
75,10000,direct_pac_total_budget,,0.8349918870530951,0.9423670959362938,0.8349918870530951,1,0.9423670959362938,1,310,292,0.90335404964737,1
75,10000,ordinal_pooled_candidate_uncertified,0.9,0.9048605985355528,0.972841692154104,0.9048605985355528,1,0.972841692154104,1,40,,,
75,10000,ordinal_candidate_plus_cp_certification,0.9,0.9048605985355528,0.972841692154104,0.9048605985355528,1,0.972841692154104,1,300,295,0.9568925080117923,1
75,10000,ordinal_pooled_candidate_uncertified,0.93,0.9930694167858541,0.9909934097931085,0.9930694167858541,1,0.9909934097931085,1,40,,,
75,10000,ordinal_candidate_plus_cp_certification,0.93,0.9930694167858541,0.9909934097931085,0.9930694167858541,1,0.9909934097931085,1,300,298,0.9722776570227925,1
75,10000,ordinal_pooled_candidate_uncertified,0.95,0.9930694167858541,0.9909934097931085,0.9930694167858541,1,0.9909934097931085,1,40,,,
75,10000,ordinal_candidate_plus_cp_certification,0.95,0.9930694167858541,0.9909934097931085,0.9930694167858541,1,0.9909934097931085,1,300,298,0.9722776570227925,1
75,10000,ordinal_pooled_candidate_uncertified,0.97,1.1108397870988245,0.9984325907192133,1.1108397870988245,1,0.9984325907192133,1,40,,,
75,10000,ordinal_candidate_plus_cp_certification,0.97,1.1108397870988245,0.9984325907192133,1.1108397870988245,1,0.9984325907192133,1,300,299,0.9780789553505751,1
76,10000,independent_mondrian_total_budget,,,,0.7870358049878443,1,0.9090911199506935,1,292,,,
76,10000,direct_pac_split_matched,,0.8321963277681093,0.9407359584127069,0.8321963277681093,1,0.9407359584127069,1,283,267,0.9030563600421293,1
76,10000,direct_pac_total_budget,,0.8321963277681093,0.9407359584127069,0.8321963277681093,1,0.9407359584127069,1,292,275,0.9017401285110094,1
76,10000,ordinal_pooled_candidate_uncertified,0.9,0.8177858088321419,0.9317469727812941,0.8177858088321419,1,0.9317469727812941,1,49,,,
76,10000,ordinal_candidate_plus_cp_certification,0.9,0.8177858088321419,0.9317469727812941,,0,1.0,1,283,263,0.8857401732575283,0
76,10000,ordinal_pooled_candidate_uncertified,0.93,0.8892326435029878,0.9675657450175482,0.8892326435029878,1,0.9675657450175482,1,49,,,
76,10000,ordinal_candidate_plus_cp_certification,0.93,0.8892326435029878,0.9675657450175482,0.8892326435029878,1,0.9675657450175482,1,283,276,0.94435767300875,1
76,10000,ordinal_pooled_candidate_uncertified,0.95,0.9294191244693892,0.9796756516373175,0.9294191244693892,1,0.9796756516373175,1,49,,,
76,10000,ordinal_candidate_plus_cp_certification,0.95,0.9294191244693892,0.9796756516373175,0.9294191244693892,1,0.9796756516373175,1,283,279,0.9595420548020099,1
76,10000,ordinal_pooled_candidate_uncertified,0.97,1.0098370375729786,0.9928410094049605,1.0098370375729786,1,0.9928410094049605,1,49,,,
76,10000,ordinal_candidate_plus_cp_certification,0.97,1.0098370375729786,0.9928410094049605,1.0098370375729786,1,0.9928410094049605,1,283,283,0.9838589987314306,1
77,10000,independent_mondrian_total_budget,,,,0.7622235311760492,1,0.8870748422107458,0,293,,,
77,10000,direct_pac_split_matched,,0.7974253643507037,0.9172984527069439,0.7974253643507037,1,0.9172984527069439,1,288,271,0.9004052004871295,1
77,10000,direct_pac_total_budget,,0.7974253643507037,0.9172984527069439,0.7974253643507037,1,0.9172984527069439,1,293,276,0.9020682903971691,1
77,10000,ordinal_pooled_candidate_uncertified,0.9,0.734326170247114,0.8580570646975527,0.734326170247114,1,0.8580570646975527,0,45,,,
77,10000,ordinal_candidate_plus_cp_certification,0.9,0.734326170247114,0.8580570646975527,,0,1.0,1,288,254,0.8306096489815686,0
77,10000,ordinal_pooled_candidate_uncertified,0.93,0.7494975045492254,0.8744099065077786,0.7494975045492254,1,0.8744099065077786,0,45,,,
77,10000,ordinal_candidate_plus_cp_certification,0.93,0.7494975045492254,0.8744099065077786,,0,1.0,1,288,258,0.846606275429314,0
77,10000,ordinal_pooled_candidate_uncertified,0.95,0.7863347959153599,0.9085163283806603,0.7863347959153599,1,0.9085163283806603,1,45,,,
77,10000,ordinal_candidate_plus_cp_certification,0.95,0.7863347959153599,0.9085163283806603,,0,1.0,1,288,267,0.883484355992382,0
77,10000,ordinal_pooled_candidate_uncertified,0.97,0.8357262275847964,0.9427896559102319,0.8357262275847964,1,0.9427896559102319,1,45,,,
77,10000,ordinal_candidate_plus_cp_certification,0.97,0.8357262275847964,0.9427896559102319,0.8357262275847964,1,0.9427896559102319,1,288,279,0.9358841409547993,1
78,10000,independent_mondrian_total_budget,,,,0.7830737997192987,1,0.9058070403796266,1,337,,,
78,10000,direct_pac_split_matched,,0.812175754955071,0.9279756437730837,0.812175754955071,1,0.9279756437730837,1,328,308,0.9010944838219115,1
78,10000,direct_pac_total_budget,,0.8084494411481051,0.9253836760573517,0.8084494411481051,1,0.9253836760573517,1,337,316,0.9000806751350021,1
78,10000,ordinal_pooled_candidate_uncertified,0.9,0.7682035847972266,0.8927004362288085,0.7682035847972266,1,0.8927004362288085,0,47,,,
78,10000,ordinal_candidate_plus_cp_certification,0.9,0.7682035847972266,0.8927004362288085,,0,1.0,1,328,292,0.8437312758636417,0
78,10000,ordinal_pooled_candidate_uncertified,0.93,0.7830054552201574,0.9057496321657648,0.7830054552201574,1,0.9057496321657648,1,47,,,
78,10000,ordinal_candidate_plus_cp_certification,0.93,0.7830054552201574,0.9057496321657648,,0,1.0,1,328,295,0.8542454870147964,0
78,10000,ordinal_pooled_candidate_uncertified,0.95,0.7961494574607808,0.916321661875099,0.7961494574607808,1,0.916321661875099,1,47,,,
78,10000,ordinal_candidate_plus_cp_certification,0.95,0.7961494574607808,0.916321661875099,,0,1.0,1,328,301,0.8755712513938037,0
78,10000,ordinal_pooled_candidate_uncertified,0.97,0.9156265983369103,0.9760431472070344,0.9156265983369103,1,0.9760431472070344,1,47,,,
78,10000,ordinal_candidate_plus_cp_certification,0.97,0.9156265983369103,0.9760431472070344,0.9156265983369103,1,0.9760431472070344,1,328,323,0.9605267648542952,1
79,10000,independent_mondrian_total_budget,,,,0.7922971409703099,1,0.9133198759733797,1,317,,,
79,10000,direct_pac_split_matched,,0.8480881312133812,0.9495432110624946,0.8480881312133812,1,0.9495432110624946,1,311,293,0.90365838613222,1
79,10000,direct_pac_total_budget,,0.8480881312133812,0.9495432110624946,0.8480881312133812,1,0.9495432110624946,1,317,298,0.9015786173823206,1
79,10000,ordinal_pooled_candidate_uncertified,0.9,0.7682403650368623,0.8927343996213337,0.7682403650368623,1,0.8927343996213337,0,49,,,
79,10000,ordinal_candidate_plus_cp_certification,0.9,0.7682403650368623,0.8927343996213337,,0,1.0,1,311,265,0.7991551471619511,0
79,10000,ordinal_pooled_candidate_uncertified,0.93,0.7922365425763227,0.9132720220858236,0.7922365425763227,1,0.9132720220858236,1,49,,,
79,10000,ordinal_candidate_plus_cp_certification,0.93,0.7922365425763227,0.9132720220858236,,0,1.0,1,311,281,0.8576573165196912,0
79,10000,ordinal_pooled_candidate_uncertified,0.95,1.0359730815494932,0.995058058551066,1.0359730815494932,1,0.995058058551066,1,49,,,
79,10000,ordinal_candidate_plus_cp_certification,0.95,1.0359730815494932,0.995058058551066,1.0359730815494932,1,0.995058058551066,1,311,310,0.9788472797092189,1
79,10000,ordinal_pooled_candidate_uncertified,0.97,1.1344827510902071,0.9989383240912328,1.1344827510902071,1,0.9989383240912328,1,49,,,
79,10000,ordinal_candidate_plus_cp_certification,0.97,1.1344827510902071,0.9989383240912328,1.1344827510902071,1,0.9989383240912328,1,311,311,0.9853014725091875,1
80,10000,independent_mondrian_total_budget,,,,0.7896712954481178,1,0.9112281223913956,1,285,,,
80,10000,direct_pac_split_matched,,0.8572901998908575,0.954145517247567,0.8572901998908575,1,0.954145517247567,1,279,263,0.9016970680981382,1
80,10000,direct_pac_total_budget,,0.8572901998908575,0.954145517247567,0.8572901998908575,1,0.954145517247567,1,285,269,0.9037220127112973,1
80,10000,ordinal_pooled_candidate_uncertified,0.9,0.8101283511769306,0.926560179150832,0.8101283511769306,1,0.926560179150832,1,43,,,
80,10000,ordinal_candidate_plus_cp_certification,0.9,0.8101283511769306,0.926560179150832,,0,1.0,1,279,256,0.8712391382115998,0
80,10000,ordinal_pooled_candidate_uncertified,0.93,0.8340231339870653,0.9418058981590414,0.8340231339870653,1,0.9418058981590414,1,43,,,
80,10000,ordinal_candidate_plus_cp_certification,0.93,0.8340231339870653,0.9418058981590414,,0,1.0,1,279,257,0.8755179647870488,0
80,10000,ordinal_pooled_candidate_uncertified,0.95,0.8666921283076645,0.9584930863825543,0.8666921283076645,1,0.9584930863825543,1,43,,,
80,10000,ordinal_candidate_plus_cp_certification,0.95,0.8666921283076645,0.9584930863825543,0.8666921283076645,1,0.9584930863825543,1,279,267,0.9197867005157452,1
80,10000,ordinal_pooled_candidate_uncertified,0.97,0.9463400077010966,0.9834842431691617,0.9463400077010966,1,0.9834842431691617,1,43,,,
80,10000,ordinal_candidate_plus_cp_certification,0.97,0.9463400077010966,0.9834842431691617,0.9463400077010966,1,0.9834842431691617,1,279,274,0.9536951395610858,1
81,10000,independent_mondrian_total_budget,,,,0.7874873739966876,1,0.9094599619202726,1,297,,,
81,10000,direct_pac_split_matched,,0.8265565892531324,0.9373353280600458,0.8265565892531324,1,0.9373353280600458,1,289,272,0.9007423197693929,1
81,10000,direct_pac_total_budget,,0.8347848937405904,0.9422475438432838,0.8347848937405904,1,0.9422475438432838,1,297,280,0.9033593176784116,1
81,10000,ordinal_pooled_candidate_uncertified,0.9,0.8117715837981732,0.9276978913310909,0.8117715837981732,1,0.9276978913310909,1,55,,,
81,10000,ordinal_candidate_plus_cp_certification,0.9,0.8117715837981732,0.9276978913310909,,0,1.0,1,289,267,0.8797207874868642,0
81,10000,ordinal_pooled_candidate_uncertified,0.93,0.9050397966740316,0.9728977653776132,0.9050397966740316,1,0.9728977653776132,1,55,,,
81,10000,ordinal_candidate_plus_cp_certification,0.93,0.9050397966740316,0.9728977653776132,0.9050397966740316,1,0.9728977653776132,1,289,284,0.9552748250497911,1
81,10000,ordinal_pooled_candidate_uncertified,0.95,0.9211943332616414,0.9775703644695856,0.9211943332616414,1,0.9775703644695856,1,55,,,
81,10000,ordinal_candidate_plus_cp_certification,0.95,0.9211943332616414,0.9775703644695856,0.9211943332616414,1,0.9775703644695856,1,289,284,0.9552748250497911,1
81,10000,ordinal_pooled_candidate_uncertified,0.97,0.9231928766557517,0.9780981498564696,0.9231928766557517,1,0.9780981498564696,1,55,,,
81,10000,ordinal_candidate_plus_cp_certification,0.97,0.9231928766557517,0.9780981498564696,0.9231928766557517,1,0.9780981498564696,1,289,285,0.9603709375516869,1
82,10000,independent_mondrian_total_budget,,,,0.7804120992831598,1,0.9035521470360193,1,297,,,
82,10000,direct_pac_split_matched,,0.8376908645867882,0.9439081790026362,0.8376908645867882,1,0.9439081790026362,1,290,273,0.90107716564707,1
82,10000,direct_pac_total_budget,,0.8376908645867882,0.9439081790026362,0.8376908645867882,1,0.9439081790026362,1,297,280,0.9033593176784116,1
82,10000,ordinal_pooled_candidate_uncertified,0.9,0.7802227022099382,0.9033901981497223,0.7802227022099382,1,0.9033901981497223,1,48,,,
82,10000,ordinal_candidate_plus_cp_certification,0.9,0.7802227022099382,0.9033901981497223,,0,1.0,1,290,261,0.8516406526265665,0
82,10000,ordinal_pooled_candidate_uncertified,0.93,0.787601289350129,0.9095528323628368,0.787601289350129,1,0.9095528323628368,1,48,,,
82,10000,ordinal_candidate_plus_cp_certification,0.93,0.787601289350129,0.9095528323628368,,0,1.0,1,290,263,0.8596960542203247,0
82,10000,ordinal_pooled_candidate_uncertified,0.95,0.8874403136662411,0.966909927876349,0.8874403136662411,1,0.966909927876349,1,48,,,
82,10000,ordinal_candidate_plus_cp_certification,0.95,0.8874403136662411,0.966909927876349,0.8874403136662411,1,0.966909927876349,1,290,282,0.940959450000842,1
82,10000,ordinal_pooled_candidate_uncertified,0.97,0.9158531788945539,0.9761069613177309,0.9158531788945539,1,0.9761069613177309,1,48,,,
82,10000,ordinal_candidate_plus_cp_certification,0.97,0.9158531788945539,0.9761069613177309,0.9158531788945539,1,0.9761069613177309,1,290,284,0.9504951828183388,1
83,10000,independent_mondrian_total_budget,,,,0.7792021756902552,1,0.9025141314705825,1,283,,,
83,10000,direct_pac_split_matched,,0.829141363097208,0.9389123047445807,0.829141363097208,1,0.9389123047445807,1,274,259,0.9044871394018839,1
83,10000,direct_pac_total_budget,,0.8624621215416142,0.9565802785737185,0.8624621215416142,1,0.9565802785737185,1,283,267,0.9030563600421293,1
83,10000,ordinal_pooled_candidate_uncertified,0.9,0.8873183066627321,0.9668648909204143,0.8873183066627321,1,0.9668648909204143,1,50,,,
83,10000,ordinal_candidate_plus_cp_certification,0.9,0.8873183066627321,0.9668648909204143,0.8873183066627321,1,0.9668648909204143,1,274,263,0.923066070085234,1
83,10000,ordinal_pooled_candidate_uncertified,0.93,0.9189192848273713,0.9769565430428815,0.9189192848273713,1,0.9769565430428815,1,50,,,
83,10000,ordinal_candidate_plus_cp_certification,0.93,0.9189192848273713,0.9769565430428815,0.9189192848273713,1,0.9769565430428815,1,274,264,0.9278351960878302,1
83,10000,ordinal_pooled_candidate_uncertified,0.95,0.9776579593062944,0.988939674839385,0.9776579593062944,1,0.988939674839385,1,50,,,
83,10000,ordinal_candidate_plus_cp_certification,0.95,0.9776579593062944,0.988939674839385,0.9776579593062944,1,0.988939674839385,1,274,268,0.9476498014201666,1
83,10000,ordinal_pooled_candidate_uncertified,0.97,1.0050428271865215,0.9923503202464665,1.0050428271865215,1,0.9923503202464665,1,50,,,
83,10000,ordinal_candidate_plus_cp_certification,0.97,1.0050428271865215,0.9923503202464665,1.0050428271865215,1,0.9923503202464665,1,274,272,0.9696777865678037,1
84,10000,independent_mondrian_total_budget,,,,0.769120071344138,1,0.8935444243633968,0,311,,,
84,10000,direct_pac_split_matched,,0.8362685865058344,0.9431001759129201,0.8362685865058344,1,0.9431001759129201,1,304,286,0.9014868926831623,1
84,10000,direct_pac_total_budget,,0.8362685865058344,0.9431001759129201,0.8362685865058344,1,0.9431001759129201,1,311,293,0.90365838613222,1
84,10000,ordinal_pooled_candidate_uncertified,0.9,0.8598774957513025,0.9553769001841104,0.8598774957513025,1,0.9553769001841104,1,40,,,
84,10000,ordinal_candidate_plus_cp_certification,0.9,0.8598774957513025,0.9553769001841104,0.8598774957513025,1,0.9553769001841104,1,304,293,0.9305255222958422,1
84,10000,ordinal_pooled_candidate_uncertified,0.93,0.8772175418389183,0.9629574710531743,0.8772175418389183,1,0.9629574710531743,1,40,,,
84,10000,ordinal_candidate_plus_cp_certification,0.93,0.8772175418389183,0.9629574710531743,0.8772175418389183,1,0.9629574710531743,1,304,294,0.934836521376063,1
84,10000,ordinal_pooled_candidate_uncertified,0.95,0.8772175418389183,0.9629574710531743,0.8772175418389183,1,0.9629574710531743,1,40,,,
84,10000,ordinal_candidate_plus_cp_certification,0.95,0.8772175418389183,0.9629574710531743,0.8772175418389183,1,0.9629574710531743,1,304,294,0.934836521376063,1
84,10000,ordinal_pooled_candidate_uncertified,0.97,1.0231457690835484,0.9940606733699402,1.0231457690835484,1,0.9940606733699402,1,40,,,
84,10000,ordinal_candidate_plus_cp_certification,0.97,1.0231457690835484,0.9940606733699402,1.0231457690835484,1,0.9940606733699402,1,304,302,0.9726385833716298,1
85,10000,independent_mondrian_total_budget,,,,0.783822102301035,1,0.9064339152419476,1,290,,,
85,10000,direct_pac_split_matched,,0.832325204289013,0.9408119421491143,0.832325204289013,1,0.9408119421491143,1,288,271,0.9004052004871295,1
85,10000,direct_pac_total_budget,,0.832325204289013,0.9408119421491143,0.832325204289013,1,0.9408119421491143,1,290,273,0.90107716564707,1
85,10000,ordinal_pooled_candidate_uncertified,0.9,0.7132048923300978,0.8329840295812829,0.7132048923300978,1,0.8329840295812829,0,31,,,
85,10000,ordinal_candidate_plus_cp_certification,0.9,0.7132048923300978,0.8329840295812829,,0,1.0,1,288,241,0.7798111824809282,0
85,10000,ordinal_pooled_candidate_uncertified,0.93,0.7847933903477913,0.9072429896410343,0.7847933903477913,1,0.9072429896410343,1,31,,,
85,10000,ordinal_candidate_plus_cp_certification,0.93,0.7847933903477913,0.9072429896410343,,0,1.0,1,288,260,0.8546856032376773,0
85,10000,ordinal_pooled_candidate_uncertified,0.95,0.8746032726264505,0.9618870022580903,0.8746032726264505,1,0.9618870022580903,1,31,,,
85,10000,ordinal_candidate_plus_cp_certification,0.95,0.8746032726264505,0.9618870022580903,0.8746032726264505,1,0.9618870022580903,1,288,280,0.9405561897188017,1
85,10000,ordinal_pooled_candidate_uncertified,0.97,,1.0,,0,1.0,1,31,,,
85,10000,ordinal_candidate_plus_cp_certification,0.97,,1.0,,0,1.0,1,288,0,0.0,0
86,10000,independent_mondrian_total_budget,,,,0.7573692537326443,1,0.882355867710086,0,312,,,
86,10000,direct_pac_split_matched,,0.8152334961150451,0.9300505314389087,0.8152334961150451,1,0.9300505314389087,1,306,288,0.9021172393825008,1
86,10000,direct_pac_total_budget,,0.8108547660498011,0.9270647985452396,0.8108547660498011,1,0.9270647985452396,1,312,293,0.900034559337525,1
86,10000,ordinal_pooled_candidate_uncertified,0.9,0.7876715465552631,0.9096100748610203,0.7876715465552631,1,0.9096100748610203,1,45,,,
86,10000,ordinal_candidate_plus_cp_certification,0.9,0.7876715465552631,0.9096100748610203,,0,1.0,1,306,284,0.8862500169448302,0
86,10000,ordinal_pooled_candidate_uncertified,0.93,0.7903281514966927,0.9117548673625877,0.7903281514966927,1,0.9117548673625877,1,45,,,
86,10000,ordinal_candidate_plus_cp_certification,0.93,0.7903281514966927,0.9117548673625877,,0,1.0,1,306,284,0.8862500169448302,0
86,10000,ordinal_pooled_candidate_uncertified,0.95,0.8236793110471803,0.9355427702170387,0.8236793110471803,1,0.9355427702170387,1,45,,,
86,10000,ordinal_candidate_plus_cp_certification,0.95,0.8236793110471803,0.9355427702170387,0.8236793110471803,1,0.9355427702170387,1,306,288,0.9021172393825008,1
86,10000,ordinal_pooled_candidate_uncertified,0.97,0.8782717125403539,0.9633821130139462,0.8782717125403539,1,0.9633821130139462,1,45,,,
86,10000,ordinal_candidate_plus_cp_certification,0.97,0.8782717125403539,0.9633821130139462,0.8782717125403539,1,0.9633821130139462,1,306,292,0.9183956341557278,1
87,10000,independent_mondrian_total_budget,,,,0.7473314024831208,1,0.8721591517590983,0,299,,,
87,10000,direct_pac_split_matched,,0.8149276332824518,0.9298450759338537,0.8149276332824518,1,0.9298450759338537,1,295,278,0.9027180850966614,1
87,10000,direct_pac_total_budget,,0.8292342457327861,0.9389683899676753,0.8292342457327861,1,0.9389683899676753,1,299,282,0.903992156182031,1
87,10000,ordinal_pooled_candidate_uncertified,0.9,0.6969529011748323,0.8118581716670095,0.6969529011748323,1,0.8118581716670095,0,43,,,
87,10000,ordinal_candidate_plus_cp_certification,0.9,0.6969529011748323,0.8118581716670095,,0,1.0,1,295,250,0.7924002126919623,0
87,10000,ordinal_pooled_candidate_uncertified,0.93,0.7757513821353725,0.8995086640380983,0.7757513821353725,1,0.8995086640380983,0,43,,,
87,10000,ordinal_candidate_plus_cp_certification,0.93,0.7757513821353725,0.8995086640380983,,0,1.0,1,295,272,0.8780535592680376,0
87,10000,ordinal_pooled_candidate_uncertified,0.95,0.9102693154253019,0.9744920840546106,0.9102693154253019,1,0.9744920840546106,1,43,,,
87,10000,ordinal_candidate_plus_cp_certification,0.95,0.9102693154253019,0.9744920840546106,0.9102693154253019,1,0.9744920840546106,1,295,287,0.9419440673796529,1
87,10000,ordinal_pooled_candidate_uncertified,0.97,0.9760126645915003,0.9886980334419124,0.9760126645915003,1,0.9886980334419124,1,43,,,
87,10000,ordinal_candidate_plus_cp_certification,0.97,0.9760126645915003,0.9886980334419124,0.9760126645915003,1,0.9886980334419124,1,295,291,0.961166541946203,1
88,10000,independent_mondrian_total_budget,,,,0.7759338258067439,1,0.8996692369150583,0,292,,,
88,10000,direct_pac_split_matched,,0.8436122691104833,0.9471753110936021,0.8436122691104833,1,0.9471753110936021,1,287,270,0.9000657845812758,1
88,10000,direct_pac_total_budget,,0.8436122691104833,0.9471753110936021,0.8436122691104833,1,0.9471753110936021,1,292,275,0.9017401285110094,1
88,10000,ordinal_pooled_candidate_uncertified,0.9,0.7151041651902784,0.8353490118098408,0.7151041651902784,1,0.8353490118098408,0,44,,,
88,10000,ordinal_candidate_plus_cp_certification,0.9,0.7151041651902784,0.8353490118098408,,0,1.0,1,287,240,0.7790707269251413,0
88,10000,ordinal_pooled_candidate_uncertified,0.93,0.7708696121461414,0.8951422388760313,0.7708696121461414,1,0.8951422388760313,0,44,,,
88,10000,ordinal_candidate_plus_cp_certification,0.93,0.7708696121461414,0.8951422388760313,,0,1.0,1,287,257,0.8460867816319524,0
88,10000,ordinal_pooled_candidate_uncertified,0.95,0.8026133624608609,0.9211819598735984,0.8026133624608609,1,0.9211819598735984,1,44,,,
88,10000,ordinal_candidate_plus_cp_certification,0.95,0.8026133624608609,0.9211819598735984,,0,1.0,1,287,262,0.8664684637472995,0
88,10000,ordinal_pooled_candidate_uncertified,0.97,0.8479080223454002,0.9494495880047229,0.8479080223454002,1,0.9494495880047229,1,44,,,
88,10000,ordinal_candidate_plus_cp_certification,0.97,0.8479080223454002,0.9494495880047229,0.8479080223454002,1,0.9494495880047229,1,287,270,0.9000657845812758,1
89,10000,independent_mondrian_total_budget,,,,0.7645675144665607,1,0.8893044743651609,0,288,,,
89,10000,direct_pac_split_matched,,0.8039597682024169,0.9221668737581048,0.8039597682024169,1,0.9221668737581048,1,284,268,0.9033903324189683,1
89,10000,direct_pac_total_budget,,0.8004775621334579,0.9196002643478556,0.8004775621334579,1,0.9196002643478556,1,288,271,0.9004052004871295,1
89,10000,ordinal_pooled_candidate_uncertified,0.9,0.7681710400798587,0.8926703775128708,0.7681710400798587,1,0.8926703775128708,0,43,,,
89,10000,ordinal_candidate_plus_cp_certification,0.9,0.7681710400798587,0.8926703775128708,,0,1.0,1,284,258,0.8609448321540445,0
89,10000,ordinal_pooled_candidate_uncertified,0.93,0.775083688615049,0.8989194129011092,0.775083688615049,1,0.8989194129011092,0,43,,,
89,10000,ordinal_candidate_plus_cp_certification,0.93,0.775083688615049,0.8989194129011092,,0,1.0,1,284,260,0.8692624452079663,0
89,10000,ordinal_pooled_candidate_uncertified,0.95,0.8139003465694077,0.92915162392218,0.8139003465694077,1,0.92915162392218,1,43,,,
89,10000,ordinal_candidate_plus_cp_certification,0.95,0.8139003465694077,0.92915162392218,0.8139003465694077,1,0.92915162392218,1,284,268,0.9033903324189683,1
89,10000,ordinal_pooled_candidate_uncertified,0.97,0.8446761664591771,0.9477459901972809,0.8446761664591771,1,0.9477459901972809,1,43,,,
89,10000,ordinal_candidate_plus_cp_certification,0.97,0.8446761664591771,0.9477459901972809,0.8446761664591771,1,0.9477459901972809,1,284,274,0.9303303118329533,1
90,10000,independent_mondrian_total_budget,,,,0.7765637674199288,1,0.900222223481993,1,310,,,
90,10000,direct_pac_split_matched,,0.8328870291307546,0.9411422937957454,0.8328870291307546,1,0.9411422937957454,1,305,287,0.9018030771174659,1
90,10000,direct_pac_total_budget,,0.8328870291307546,0.9411422937957454,0.8328870291307546,1,0.9411422937957454,1,310,292,0.90335404964737,1
90,10000,ordinal_pooled_candidate_uncertified,0.9,0.8087357869832782,0.9255853452217417,0.8087357869832782,1,0.9255853452217417,1,56,,,
90,10000,ordinal_candidate_plus_cp_certification,0.9,0.8087357869832782,0.9255853452217417,,0,1.0,1,305,282,0.8819582631066909,0
90,10000,ordinal_pooled_candidate_uncertified,0.93,0.8794296657901528,0.9638439625003147,0.8794296657901528,1,0.9638439625003147,1,56,,,
90,10000,ordinal_candidate_plus_cp_certification,0.93,0.8794296657901528,0.9638439625003147,0.8794296657901528,1,0.9638439625003147,1,305,292,0.9222976144474282,1
90,10000,ordinal_pooled_candidate_uncertified,0.95,0.8799854101902178,0.9640639211699789,0.8799854101902178,1,0.9640639211699789,1,56,,,
90,10000,ordinal_candidate_plus_cp_certification,0.95,0.8799854101902178,0.9640639211699789,0.8799854101902178,1,0.9640639211699789,1,305,292,0.9222976144474282,1
90,10000,ordinal_pooled_candidate_uncertified,0.97,1.073310116993175,0.9971673602570276,1.073310116993175,1,0.9971673602570276,1,56,,,
90,10000,ordinal_candidate_plus_cp_certification,0.97,1.073310116993175,0.9971673602570276,1.073310116993175,1,0.9971673602570276,1,305,303,0.9727273513572712,1
91,10000,independent_mondrian_total_budget,,,,0.7873069424677824,1,0.9093127187753249,1,293,,,
91,10000,direct_pac_split_matched,,0.8513794780684565,0.9512298889578821,0.8513794780684565,1,0.9512298889578821,1,286,270,0.9040514244228528,1
91,10000,direct_pac_total_budget,,0.8434097365539097,0.9470661136139203,0.8434097365539097,1,0.9470661136139203,1,293,276,0.9020682903971691,1
91,10000,ordinal_pooled_candidate_uncertified,0.9,0.794307934284361,0.9148966072576694,0.794307934284361,1,0.9148966072576694,1,49,,,
91,10000,ordinal_candidate_plus_cp_certification,0.9,0.794307934284361,0.9148966072576694,,0,1.0,1,286,260,0.8618916031088439,0
91,10000,ordinal_pooled_candidate_uncertified,0.93,0.8193359762009207,0.9327617131419347,0.8193359762009207,1,0.9327617131419347,1,49,,,
91,10000,ordinal_candidate_plus_cp_certification,0.93,0.8193359762009207,0.9327617131419347,,0,1.0,1,286,265,0.8826891280776019,0
91,10000,ordinal_pooled_candidate_uncertified,0.95,0.8197985691419984,0.9330622559683973,0.8197985691419984,1,0.9330622559683973,1,49,,,
91,10000,ordinal_candidate_plus_cp_certification,0.95,0.8197985691419984,0.9330622559683973,,0,1.0,1,286,265,0.8826891280776019,0
91,10000,ordinal_pooled_candidate_uncertified,0.97,0.9298103236036205,0.9797714661187465,0.9298103236036205,1,0.9797714661187465,1,49,,,
91,10000,ordinal_candidate_plus_cp_certification,0.97,0.9298103236036205,0.9797714661187465,0.9298103236036205,1,0.9797714661187465,1,286,276,0.930808778081361,1
92,10000,independent_mondrian_total_budget,,,,0.7801276295627741,1,0.9033088285504207,1,307,,,
92,10000,direct_pac_split_matched,,0.8280868774832799,0.9382727476509269,0.8280868774832799,1,0.9382727476509269,1,300,282,0.9002015378854917,1
92,10000,direct_pac_total_budget,,0.8282529757576519,0.938373833510478,0.8282529757576519,1,0.938373833510478,1,307,289,0.9024293988060317,1
92,10000,ordinal_pooled_candidate_uncertified,0.9,0.8706452748792699,0.9602184212244836,0.8706452748792699,1,0.9602184212244836,1,41,,,
92,10000,ordinal_candidate_plus_cp_certification,0.9,0.8706452748792699,0.9602184212244836,0.8706452748792699,1,0.9602184212244836,1,300,287,0.9210269639478541,1
92,10000,ordinal_pooled_candidate_uncertified,0.93,0.9546824039439471,0.9851253395055075,0.9546824039439471,1,0.9851253395055075,1,41,,,
92,10000,ordinal_candidate_plus_cp_certification,0.93,0.9546824039439471,0.9851253395055075,0.9546824039439471,1,0.9851253395055075,1,300,296,0.9618055465823379,1
92,10000,ordinal_pooled_candidate_uncertified,0.95,0.9546824039439471,0.9851253395055075,0.9546824039439471,1,0.9851253395055075,1,41,,,
92,10000,ordinal_candidate_plus_cp_certification,0.95,0.9546824039439471,0.9851253395055075,0.9546824039439471,1,0.9851253395055075,1,300,296,0.9618055465823379,1
92,10000,ordinal_pooled_candidate_uncertified,0.97,0.9844830535171668,0.9898947069762614,0.9844830535171668,1,0.9898947069762614,1,41,,,
92,10000,ordinal_candidate_plus_cp_certification,0.97,0.9844830535171668,0.9898947069762614,0.9844830535171668,1,0.9898947069762614,1,300,296,0.9618055465823379,1
93,10000,independent_mondrian_total_budget,,,,0.7739444277303993,1,0.8979081880201912,0,295,,,
93,10000,direct_pac_split_matched,,0.8111588550867624,0.9272752506260571,0.8111588550867624,1,0.9272752506260571,1,290,273,0.90107716564707,1
93,10000,direct_pac_total_budget,,0.8111588550867624,0.9272752506260571,0.8111588550867624,1,0.9272752506260571,1,295,278,0.9027180850966614,1
93,10000,ordinal_pooled_candidate_uncertified,0.9,0.6998907789985125,0.8157945284575865,0.6998907789985125,1,0.8157945284575865,0,42,,,
93,10000,ordinal_candidate_plus_cp_certification,0.9,0.6998907789985125,0.8157945284575865,,0,1.0,1,290,233,0.7434009839946429,0
93,10000,ordinal_pooled_candidate_uncertified,0.93,0.7942333420399865,0.9148385034535926,0.7942333420399865,1,0.9148385034535926,1,42,,,
93,10000,ordinal_candidate_plus_cp_certification,0.93,0.7942333420399865,0.9148385034535926,,0,1.0,1,290,266,0.8718994683980219,0
93,10000,ordinal_pooled_candidate_uncertified,0.95,0.8175105363267906,0.9315655499161949,0.8175105363267906,1,0.9315655499161949,1,42,,,
93,10000,ordinal_candidate_plus_cp_certification,0.95,0.8175105363267906,0.9315655499161949,0.8175105363267906,1,0.9315655499161949,1,290,274,0.9053468444462462,1
93,10000,ordinal_pooled_candidate_uncertified,0.97,0.8679855342402932,0.959064140437286,0.8679855342402932,1,0.959064140437286,1,42,,,
93,10000,ordinal_candidate_plus_cp_certification,0.97,0.8679855342402932,0.959064140437286,0.8679855342402932,1,0.959064140437286,1,290,283,0.9456797891648896,1
94,10000,independent_mondrian_total_budget,,,,0.8285669565341074,1,0.9385645661097013,1,286,,,
94,10000,direct_pac_split_matched,,0.8517351765319658,0.9514094391342369,0.8517351765319658,1,0.9514094391342369,1,281,265,0.9023814433861337,1
94,10000,direct_pac_total_budget,,0.8533018272384354,0.9521939749890203,0.8533018272384354,1,0.9521939749890203,1,286,270,0.9040514244228528,1
94,10000,ordinal_pooled_candidate_uncertified,0.9,0.7547932943348684,0.8797957722545576,0.7547932943348684,1,0.8797957722545576,0,59,,,
94,10000,ordinal_candidate_plus_cp_certification,0.9,0.7547932943348684,0.8797957722545576,,0,1.0,1,281,236,0.7824170989586623,0
94,10000,ordinal_pooled_candidate_uncertified,0.93,0.8184348258079106,0.9321732486740881,0.8184348258079106,1,0.9321732486740881,1,59,,,
94,10000,ordinal_candidate_plus_cp_certification,0.93,0.8184348258079106,0.9321732486740881,,0,1.0,1,281,252,0.8470228366216754,0
94,10000,ordinal_pooled_candidate_uncertified,0.95,0.9058076365891063,0.9731369388935487,0.9058076365891063,1,0.9731369388935487,1,59,,,
94,10000,ordinal_candidate_plus_cp_certification,0.95,0.9058076365891063,0.9731369388935487,0.9058076365891063,1,0.9731369388935487,1,281,273,0.9391003447340736,1
94,10000,ordinal_pooled_candidate_uncertified,0.97,1.0214054351711033,0.9939124324713198,1.0214054351711033,1,0.9939124324713198,1,59,,,
94,10000,ordinal_candidate_plus_cp_certification,0.97,1.0214054351711033,0.9939124324713198,1.0214054351711033,1,0.9939124324713198,1,281,280,0.9766115896526879,1
95,10000,independent_mondrian_total_budget,,,,0.7706563750463851,1,0.8949484289123388,0,305,,,
95,10000,direct_pac_split_matched,,0.8015364167092756,0.9203873853042372,0.8015364167092756,1,0.9203873853042372,1,298,281,0.9036767758597524,1
95,10000,direct_pac_total_budget,,0.8097913031151003,0.9263251366671259,0.8097913031151003,1,0.9263251366671259,1,305,287,0.9018030771174659,1
95,10000,ordinal_pooled_candidate_uncertified,0.9,0.8097913031151003,0.9263251366671259,0.8097913031151003,1,0.9263251366671259,1,48,,,
95,10000,ordinal_candidate_plus_cp_certification,0.9,0.8097913031151003,0.9263251366671259,0.8097913031151003,1,0.9263251366671259,1,298,281,0.9036767758597524,1
95,10000,ordinal_pooled_candidate_uncertified,0.93,0.8481156489318735,0.9495575029755715,0.8481156489318735,1,0.9495575029755715,1,48,,,
95,10000,ordinal_candidate_plus_cp_certification,0.93,0.8481156489318735,0.9495575029755715,0.8481156489318735,1,0.9495575029755715,1,298,287,0.9291516097428993,1
95,10000,ordinal_pooled_candidate_uncertified,0.95,0.942163447906841,0.9826059881264999,0.942163447906841,1,0.9826059881264999,1,48,,,
95,10000,ordinal_candidate_plus_cp_certification,0.95,0.942163447906841,0.9826059881264999,0.942163447906841,1,0.9826059881264999,1,298,295,0.966687785755034,1
95,10000,ordinal_pooled_candidate_uncertified,0.97,1.0865402970151108,0.9976921766289741,1.0865402970151108,1,0.9976921766289741,1,48,,,
95,10000,ordinal_candidate_plus_cp_certification,0.97,1.0865402970151108,0.9976921766289741,1.0865402970151108,1,0.9976921766289741,1,298,298,0.9846652027941234,1
96,10000,independent_mondrian_total_budget,,,,0.7717149172146238,1,0.8959079843777502,0,289,,,
96,10000,direct_pac_split_matched,,0.8262744506581791,0.9371612912155556,0.8262744506581791,1,0.9371612912155556,1,283,267,0.9030563600421293,1
96,10000,direct_pac_total_budget,,0.8213251401880696,0.9340466870882151,0.8213251401880696,1,0.9340466870882151,1,289,272,0.9007423197693929,1
96,10000,ordinal_pooled_candidate_uncertified,0.9,0.8029476425511854,0.9214273670003926,0.8029476425511854,1,0.9214273670003926,1,40,,,
96,10000,ordinal_candidate_plus_cp_certification,0.9,0.8029476425511854,0.9214273670003926,,0,1.0,1,283,261,0.8772338278420275,0
96,10000,ordinal_pooled_candidate_uncertified,0.93,0.9639220315095068,0.986777378915445,0.9639220315095068,1,0.986777378915445,1,40,,,
96,10000,ordinal_candidate_plus_cp_certification,0.93,0.9639220315095068,0.986777378915445,0.9639220315095068,1,0.986777378915445,1,283,280,0.964944105615599,1
96,10000,ordinal_pooled_candidate_uncertified,0.95,0.9639220315095068,0.986777378915445,0.9639220315095068,1,0.986777378915445,1,40,,,
96,10000,ordinal_candidate_plus_cp_certification,0.95,0.9639220315095068,0.986777378915445,0.9639220315095068,1,0.986777378915445,1,283,280,0.964944105615599,1
96,10000,ordinal_pooled_candidate_uncertified,0.97,1.0406935420521317,0.9953857019849857,1.0406935420521317,1,0.9953857019849857,1,40,,,
96,10000,ordinal_candidate_plus_cp_certification,0.97,1.0406935420521317,0.9953857019849857,1.0406935420521317,1,0.9953857019849857,1,283,282,0.9767752350595593,1
97,10000,independent_mondrian_total_budget,,,,0.7705955346882363,1,0.8948930839511339,0,333,,,
97,10000,direct_pac_split_matched,,0.8368836224069907,0.9434506985328267,0.8368836224069907,1,0.9434506985328267,1,325,305,0.9002003451363334,1
97,10000,direct_pac_total_budget,,0.8378198707128965,0.9439810181374741,0.8378198707128965,1,0.9439810181374741,1,333,313,0.902549650961074,1
97,10000,ordinal_pooled_candidate_uncertified,0.9,0.7722035934735958,0.8963488131017185,0.7722035934735958,1,0.8963488131017185,0,50,,,
97,10000,ordinal_candidate_plus_cp_certification,0.9,0.7722035934735958,0.8963488131017185,,0,1.0,1,325,294,0.860058716745691,0
97,10000,ordinal_pooled_candidate_uncertified,0.93,0.8408688114381426,0.945680882580394,0.8408688114381426,1,0.945680882580394,1,50,,,
97,10000,ordinal_candidate_plus_cp_certification,0.93,0.8408688114381426,0.945680882580394,0.8408688114381426,1,0.945680882580394,1,325,307,0.9077264226165345,1
97,10000,ordinal_pooled_candidate_uncertified,0.95,0.9275908777701707,0.9792227527370161,0.9275908777701707,1,0.9792227527370161,1,50,,,
97,10000,ordinal_candidate_plus_cp_certification,0.95,0.9275908777701707,0.9792227527370161,0.9275908777701707,1,0.9792227527370161,1,325,321,0.9647091289789624,1
97,10000,ordinal_pooled_candidate_uncertified,0.97,1.0421486023419884,0.995482712133549,1.0421486023419884,1,0.995482712133549,1,50,,,
97,10000,ordinal_candidate_plus_cp_certification,0.97,1.0421486023419884,0.995482712133549,1.0421486023419884,1,0.995482712133549,1,325,324,0.9797505806392404,1
98,10000,independent_mondrian_total_budget,,,,0.7739264189024602,1,0.8978921442364617,0,313,,,
98,10000,direct_pac_split_matched,,0.8120662742114058,0.9279004878837593,0.8120662742114058,1,0.9279004878837593,1,309,291,0.9030477852164831,1
98,10000,direct_pac_total_budget,,0.8083950963056976,0.9253453547322659,0.8083950963056976,1,0.9253453547322659,1,313,294,0.9003472327034481,1
98,10000,ordinal_pooled_candidate_uncertified,0.9,0.8182073753774287,0.9320240933384946,0.8182073753774287,1,0.9320240933384946,1,47,,,
98,10000,ordinal_candidate_plus_cp_certification,0.9,0.8182073753774287,0.9320240933384946,0.8182073753774287,1,0.9320240933384946,1,309,292,0.9070360210019095,1
98,10000,ordinal_pooled_candidate_uncertified,0.93,0.8330279098855407,0.9412249040246512,0.8330279098855407,1,0.9412249040246512,1,47,,,
98,10000,ordinal_candidate_plus_cp_certification,0.93,0.8330279098855407,0.9412249040246512,0.8330279098855407,1,0.9412249040246512,1,309,292,0.9070360210019095,1
98,10000,ordinal_pooled_candidate_uncertified,0.95,0.932756711778263,0.9804808787016221,0.932756711778263,1,0.9804808787016221,1,47,,,
98,10000,ordinal_candidate_plus_cp_certification,0.95,0.932756711778263,0.9804808787016221,0.932756711778263,1,0.9804808787016221,1,309,305,0.9629042893374402,1
98,10000,ordinal_pooled_candidate_uncertified,0.97,0.994083631585894,0.9911160114157009,0.994083631585894,1,0.9911160114157009,1,47,,,
98,10000,ordinal_candidate_plus_cp_certification,0.97,0.994083631585894,0.9911160114157009,0.994083631585894,1,0.9911160114157009,1,309,309,0.9852070435654678,1
99,10000,independent_mondrian_total_budget,,,,0.7873012730927809,1,0.9093080893409914,1,326,,,
99,10000,direct_pac_split_matched,,0.8446929189363734,0.9477549369877936,0.8446929189363734,1,0.9477549369877936,1,319,300,0.9021829731926965,1
99,10000,direct_pac_total_budget,,0.8446195304699758,0.9477157342974698,0.8446195304699758,1,0.9477157342974698,1,326,306,0.900500181400169,1
99,10000,ordinal_pooled_candidate_uncertified,0.9,0.7851184597694341,0.9075126107569547,0.7851184597694341,1,0.9075126107569547,1,44,,,
99,10000,ordinal_candidate_plus_cp_certification,0.9,0.7851184597694341,0.9075126107569547,,0,1.0,1,319,286,0.8502410253259876,0
99,10000,ordinal_pooled_candidate_uncertified,0.93,0.8446195304699758,0.9477157342974698,0.8446195304699758,1,0.9477157342974698,1,44,,,
99,10000,ordinal_candidate_plus_cp_certification,0.93,0.8446195304699758,0.9477157342974698,,0,1.0,1,319,299,0.8983626995987914,0
99,10000,ordinal_pooled_candidate_uncertified,0.95,1.026843999435361,0.9943651023261375,1.026843999435361,1,0.9943651023261375,1,44,,,
99,10000,ordinal_candidate_plus_cp_certification,0.95,1.026843999435361,0.9943651023261375,1.026843999435361,1,0.9943651023261375,1,319,318,0.9793730742513782,1
99,10000,ordinal_pooled_candidate_uncertified,0.97,1.0366203401483154,0.9951041772776601,1.0366203401483154,1,0.9951041772776601,1,44,,,
99,10000,ordinal_candidate_plus_cp_certification,0.97,1.0366203401483154,0.9951041772776601,1.0366203401483154,1,0.9951041772776601,1,319,318,0.9793730742513782,1
0,20000,independent_mondrian_total_budget,,,,0.779248199089797,1,0.9025537651049848,1,578,,,
0,20000,direct_pac_split_matched,,0.8085989191835684,0.9254890032193624,0.8085989191835684,1,0.9254890032193624,1,573,533,0.9014428453602934,1
0,20000,direct_pac_total_budget,,0.8081199856041039,0.9251511296104333,0.8081199856041039,1,0.9251511296104333,1,578,537,0.9002866292266067,1
0,20000,ordinal_pooled_candidate_uncertified,0.9,0.8191955301283996,0.9326702603314725,0.8191955301283996,1,0.9326702603314725,1,38,,,
0,20000,ordinal_candidate_plus_cp_certification,0.9,0.8191955301283996,0.9326702603314725,0.8191955301283996,1,0.9326702603314725,1,573,535,0.9054811661282376,1
0,20000,ordinal_pooled_candidate_uncertified,0.93,0.825568720034723,0.9367243129400666,0.825568720034723,1,0.9367243129400666,1,38,,,
0,20000,ordinal_candidate_plus_cp_certification,0.93,0.825568720034723,0.9367243129400666,0.825568720034723,1,0.9367243129400666,1,573,537,0.9095380469473273,1
0,20000,ordinal_pooled_candidate_uncertified,0.95,0.8473734729026001,0.9491709068355145,0.8473734729026001,1,0.9491709068355145,1,38,,,
0,20000,ordinal_candidate_plus_cp_certification,0.95,0.8473734729026001,0.9491709068355145,0.8473734729026001,1,0.9491709068355145,1,573,546,0.9280671542535759,1
0,20000,ordinal_pooled_candidate_uncertified,0.97,0.8473734729026001,0.9491709068355145,0.8473734729026001,1,0.9491709068355145,1,38,,,
0,20000,ordinal_candidate_plus_cp_certification,0.97,0.8473734729026001,0.9491709068355145,0.8473734729026001,1,0.9491709068355145,1,573,546,0.9280671542535759,1
1,20000,independent_mondrian_total_budget,,,,0.7835448579460329,1,0.9062020198246417,1,619,,,
1,20000,direct_pac_split_matched,,0.8321271379685831,0.9406951335617073,0.8321271379685831,1,0.9406951335617073,1,611,568,0.9018235251187336,1
1,20000,direct_pac_total_budget,,0.8314386415611437,0.9402876897424743,0.8314386415611437,1,0.9402876897424743,1,619,575,0.9012182223554532,1
1,20000,ordinal_pooled_candidate_uncertified,0.9,0.7271187246304016,0.8498041158986077,0.7271187246304016,1,0.8498041158986077,0,42,,,
1,20000,ordinal_candidate_plus_cp_certification,0.9,0.7271187246304016,0.8498041158986077,,0,1.0,1,611,510,0.7967589242842321,0
1,20000,ordinal_pooled_candidate_uncertified,0.93,0.7682478457779789,0.8927413064946439,0.7682478457779789,1,0.8927413064946439,0,42,,,
1,20000,ordinal_candidate_plus_cp_certification,0.93,0.7682478457779789,0.8927413064946439,,0,1.0,1,611,543,0.8557209770162122,0
1,20000,ordinal_pooled_candidate_uncertified,0.95,0.8738968857434858,0.9615934664639871,0.8738968857434858,1,0.9615934664639871,1,42,,,
1,20000,ordinal_candidate_plus_cp_certification,0.95,0.8738968857434858,0.9615934664639871,0.8738968857434858,1,0.9615934664639871,1,611,585,0.93444983730754,1
1,20000,ordinal_pooled_candidate_uncertified,0.97,0.8754453846417961,0.9622345442801326,0.8754453846417961,1,0.9622345442801326,1,42,,,
1,20000,ordinal_candidate_plus_cp_certification,0.97,0.8754453846417961,0.9622345442801326,0.8754453846417961,1,0.9622345442801326,1,611,586,0.936421117816665,1
2,20000,independent_mondrian_total_budget,,,,0.78702078823224,1,0.9090788351275775,1,651,,,
2,20000,direct_pac_split_matched,,0.8088391245339617,0.9256580220628665,0.8088391245339617,1,0.9256580220628665,1,643,597,0.90128670917684,1
2,20000,direct_pac_total_budget,,0.8090025083588415,0.9257728185770114,0.8090025083588415,1,0.9257728185770114,1,651,604,0.9007256214782373,1
2,20000,ordinal_pooled_candidate_uncertified,0.9,0.8161155664386508,0.9306404469171037,0.8161155664386508,1,0.9306404469171037,1,48,,,
2,20000,ordinal_candidate_plus_cp_certification,0.9,0.8161155664386508,0.9306404469171037,0.8161155664386508,1,0.9306404469171037,1,643,600,0.9066394463902401,1
2,20000,ordinal_pooled_candidate_uncertified,0.93,0.8843098987218732,0.9657383148178796,0.8843098987218732,1,0.9657383148178796,1,48,,,
2,20000,ordinal_candidate_plus_cp_certification,0.93,0.8843098987218732,0.9657383148178796,0.8843098987218732,1,0.9657383148178796,1,643,629,0.9607779403725003,1
2,20000,ordinal_pooled_candidate_uncertified,0.95,0.9549473988280835,0.9851750845172272,0.9549473988280835,1,0.9851750845172272,1,48,,,
2,20000,ordinal_candidate_plus_cp_certification,0.95,0.9549473988280835,0.9851750845172272,0.9549473988280835,1,0.9851750845172272,1,643,636,0.9752904689538624,1
2,20000,ordinal_pooled_candidate_uncertified,0.97,1.1119729425652791,0.9984611291777762,1.1119729425652791,1,0.9984611291777762,1,48,,,
2,20000,ordinal_candidate_plus_cp_certification,0.97,1.1119729425652791,0.9984611291777762,1.1119729425652791,1,0.9984611291777762,1,643,641,0.9869919376737673,1
3,20000,independent_mondrian_total_budget,,,,0.8054963339007726,1,0.9232794474539803,1,582,,,
3,20000,direct_pac_split_matched,,0.8440560513277661,0.9474139559787649,0.8440560513277661,1,0.9474139559787649,1,577,536,0.9001165213751754,1
3,20000,direct_pac_total_budget,,0.8440560513277661,0.9474139559787649,0.8440560513277661,1,0.9474139559787649,1,582,541,0.9009613079081107,1
3,20000,ordinal_pooled_candidate_uncertified,0.9,0.7712595748771246,0.8954960038463493,0.7712595748771246,1,0.8954960038463493,0,55,,,
3,20000,ordinal_candidate_plus_cp_certification,0.9,0.7712595748771246,0.8954960038463493,,0,1.0,1,577,504,0.8378255922896507,0
3,20000,ordinal_pooled_candidate_uncertified,0.93,0.8009311663504065,0.9199381771514907,0.8009311663504065,1,0.9199381771514907,1,55,,,
3,20000,ordinal_candidate_plus_cp_certification,0.93,0.8009311663504065,0.9199381771514907,,0,1.0,1,577,517,0.8628016334443376,0
3,20000,ordinal_pooled_candidate_uncertified,0.95,0.8377168079901134,0.9439228331025743,0.8377168079901134,1,0.9439228331025743,1,55,,,
3,20000,ordinal_candidate_plus_cp_certification,0.95,0.8377168079901134,0.9439228331025743,,0,1.0,1,577,535,0.8981216891406869,0
3,20000,ordinal_pooled_candidate_uncertified,0.97,1.0117807500849278,0.9930319012679079,1.0117807500849278,1,0.9930319012679079,1,55,,,
3,20000,ordinal_candidate_plus_cp_certification,0.97,1.0117807500849278,0.9930319012679079,1.0117807500849278,1,0.9930319012679079,1,577,570,0.9724861731673604,1
4,20000,independent_mondrian_total_budget,,,,0.7706093046718576,1,0.894905612010066,0,549,,,
4,20000,direct_pac_split_matched,,0.8055760073293621,0.9233368047018009,0.8055760073293621,1,0.9233368047018009,1,546,508,0.9008819191314204,1
4,20000,direct_pac_total_budget,,0.8064925193125825,0.9239942624092382,0.8064925193125825,1,0.9239942624092382,1,549,511,0.901414922798792,1
4,20000,ordinal_pooled_candidate_uncertified,0.9,0.8028310187331604,0.9213418150968873,0.8028310187331604,1,0.9213418150968873,1,47,,,
4,20000,ordinal_candidate_plus_cp_certification,0.9,0.8028310187331604,0.9213418150968873,,0,1.0,1,546,507,0.89876306141772,0
4,20000,ordinal_pooled_candidate_uncertified,0.93,0.8067675250020674,0.92419069741728,0.8067675250020674,1,0.92419069741728,1,47,,,
4,20000,ordinal_candidate_plus_cp_certification,0.93,0.8067675250020674,0.92419069741728,0.8067675250020674,1,0.92419069741728,1,546,509,0.903005668972424,1
4,20000,ordinal_pooled_candidate_uncertified,0.95,0.809258734755632,0.9259525753032498,0.809258734755632,1,0.9259525753032498,1,47,,,
4,20000,ordinal_candidate_plus_cp_certification,0.95,0.809258734755632,0.9259525753032498,0.809258734755632,1,0.9259525753032498,1,546,509,0.903005668972424,1
4,20000,ordinal_pooled_candidate_uncertified,0.97,0.8103292284740085,0.9266999891433547,0.8103292284740085,1,0.9266999891433547,1,47,,,
4,20000,ordinal_candidate_plus_cp_certification,0.97,0.8103292284740085,0.9266999891433547,0.8103292284740085,1,0.9266999891433547,1,546,510,0.9051344911387296,1
5,20000,independent_mondrian_total_budget,,,,0.7672273917829265,1,0.891796170560978,0,596,,,
5,20000,direct_pac_split_matched,,0.8043770478637418,0.922470215539175,0.8043770478637418,1,0.922470215539175,1,590,548,0.9003317197775906,1
5,20000,direct_pac_total_budget,,0.8075814782286839,0.924769833850296,0.8075814782286839,1,0.924769833850296,1,596,554,0.9013197268545659,1
5,20000,ordinal_pooled_candidate_uncertified,0.9,0.7085469315220023,0.8270916792860011,0.7085469315220023,1,0.8270916792860011,0,50,,,
5,20000,ordinal_candidate_plus_cp_certification,0.9,0.7085469315220023,0.8270916792860011,,0,1.0,1,590,511,0.8301584920994411,0
5,20000,ordinal_pooled_candidate_uncertified,0.93,0.7714352843821277,0.8956551204611378,0.7714352843821277,1,0.8956551204611378,0,50,,,
5,20000,ordinal_candidate_plus_cp_certification,0.93,0.7714352843821277,0.8956551204611378,,0,1.0,1,590,536,0.8771833022166515,0
5,20000,ordinal_pooled_candidate_uncertified,0.95,0.8372239132534023,0.9436439054256169,0.8372239132534023,1,0.9436439054256169,1,50,,,
5,20000,ordinal_candidate_plus_cp_certification,0.95,0.8372239132534023,0.9436439054256169,0.8372239132534023,1,0.9436439054256169,1,590,559,0.9220517079201673,1
5,20000,ordinal_pooled_candidate_uncertified,0.97,0.8892617144085468,0.9675762930965355,0.8892617144085468,1,0.9675762930965355,1,50,,,
5,20000,ordinal_candidate_plus_cp_certification,0.97,0.8892617144085468,0.9675762930965355,0.8892617144085468,1,0.9675762930965355,1,590,571,0.9466126193405784,1
6,20000,independent_mondrian_total_budget,,,,0.7915893562547637,1,0.9127597141766575,1,613,,,
6,20000,direct_pac_split_matched,,0.826144634798947,0.9370810880623425,0.826144634798947,1,0.9370810880623425,1,604,561,0.9007030807056007,1
6,20000,direct_pac_total_budget,,0.826144634798947,0.9370810880623425,0.826144634798947,1,0.9370810880623425,1,613,569,0.9002660383155403,1
6,20000,ordinal_pooled_candidate_uncertified,0.9,0.9192783569684426,0.9770543528390707,0.9192783569684426,1,0.9770543528390707,1,46,,,
6,20000,ordinal_candidate_plus_cp_certification,0.9,0.9192783569684426,0.9770543528390707,0.9192783569684426,1,0.9770543528390707,1,604,587,0.9519685940507565,1
6,20000,ordinal_pooled_candidate_uncertified,0.93,0.9295920911045252,0.9797180628449819,0.9295920911045252,1,0.9797180628449819,1,46,,,
6,20000,ordinal_candidate_plus_cp_certification,0.93,0.9295920911045252,0.9797180628449819,0.9295920911045252,1,0.9797180628449819,1,604,588,0.9540539790879758,1
6,20000,ordinal_pooled_candidate_uncertified,0.95,0.9645327215810077,0.9868807542059891,0.9645327215810077,1,0.9868807542059891,1,46,,,
6,20000,ordinal_candidate_plus_cp_certification,0.95,0.9645327215810077,0.9868807542059891,0.9645327215810077,1,0.9868807542059891,1,604,593,0.9647291726009091,1
6,20000,ordinal_pooled_candidate_uncertified,0.97,1.1055872912832698,0.9982939011326664,1.1055872912832698,1,0.9982939011326664,1,46,,,
6,20000,ordinal_candidate_plus_cp_certification,0.97,1.1055872912832698,0.9982939011326664,1.1055872912832698,1,0.9982939011326664,1,604,603,0.9890605092210885,1
7,20000,independent_mondrian_total_budget,,,,0.7403454357242241,1,0.8647098512791312,0,653,,,
7,20000,direct_pac_split_matched,,0.7645577384618962,0.8892952412704505,0.7645577384618962,1,0.8892952412704505,0,647,600,0.9001209583602219,1
7,20000,direct_pac_total_budget,,0.7645577384618962,0.8892952412704505,0.7645577384618962,1,0.8892952412704505,0,653,606,0.9010252168474826,1
7,20000,ordinal_pooled_candidate_uncertified,0.9,0.7351755056786222,0.8590089834265873,0.7351755056786222,1,0.8590089834265873,0,45,,,
7,20000,ordinal_candidate_plus_cp_certification,0.9,0.7351755056786222,0.8590089834265873,,0,1.0,1,647,580,0.8653237681115071,0
7,20000,ordinal_pooled_candidate_uncertified,0.93,0.760494689503558,0.8854099261985504,0.760494689503558,1,0.8854099261985504,0,45,,,
7,20000,ordinal_candidate_plus_cp_certification,0.93,0.760494689503558,0.8854099261985504,,0,1.0,1,647,597,0.8948375868464211,0
7,20000,ordinal_pooled_candidate_uncertified,0.95,0.8066630460751654,0.9241161143054326,0.8066630460751654,1,0.9241161143054326,1,45,,,
7,20000,ordinal_candidate_plus_cp_certification,0.95,0.8066630460751654,0.9241161143054326,0.8066630460751654,1,0.9241161143054326,1,647,617,0.9306667046364583,1
7,20000,ordinal_pooled_candidate_uncertified,0.97,0.980367674495703,0.9893278556560712,0.980367674495703,1,0.9893278556560712,1,45,,,
7,20000,ordinal_candidate_plus_cp_certification,0.97,0.980367674495703,0.9893278556560712,0.980367674495703,1,0.9893278556560712,1,647,645,0.9870719604374842,1
8,20000,independent_mondrian_total_budget,,,,0.7588334406354722,1,0.8837937152627902,0,646,,,
8,20000,direct_pac_split_matched,,0.7931257887270584,0.9139722714054894,0.7931257887270584,1,0.9139722714054894,1,643,597,0.90128670917684,1
8,20000,direct_pac_total_budget,,0.7931257887270584,0.9139722714054894,0.7931257887270584,1,0.9139722714054894,1,646,600,0.9017383959286016,1
8,20000,ordinal_pooled_candidate_uncertified,0.9,0.7414865788128214,0.8659465946596154,0.7414865788128214,1,0.8659465946596154,0,34,,,
8,20000,ordinal_candidate_plus_cp_certification,0.9,0.7414865788128214,0.8659465946596154,,0,1.0,1,643,569,0.8524473043270038,0
8,20000,ordinal_pooled_candidate_uncertified,0.93,0.7910299364727571,0.9123150638264039,0.7910299364727571,1,0.9123150638264039,1,34,,,
8,20000,ordinal_candidate_plus_cp_certification,0.93,0.7910299364727571,0.9123150638264039,,0,1.0,1,643,593,0.8941934224235253,0
8,20000,ordinal_pooled_candidate_uncertified,0.95,0.8166613211712633,0.9310035159709785,0.8166613211712633,1,0.9310035159709785,1,34,,,
8,20000,ordinal_candidate_plus_cp_certification,0.95,0.8166613211712633,0.9310035159709785,0.8166613211712633,1,0.9310035159709785,1,643,609,0.9228977588479579,1
8,20000,ordinal_pooled_candidate_uncertified,0.97,0.8166613211712633,0.9310035159709785,0.8166613211712633,1,0.9310035159709785,1,34,,,
8,20000,ordinal_candidate_plus_cp_certification,0.97,0.8166613211712633,0.9310035159709785,0.8166613211712633,1,0.9310035159709785,1,643,609,0.9228977588479579,1
9,20000,independent_mondrian_total_budget,,,,0.7766198628992511,1,0.9002713580398408,1,571,,,
9,20000,direct_pac_split_matched,,0.7950062187816191,0.9154390974827646,0.7950062187816191,1,0.9154390974827646,1,563,524,0.9017719280445411,1
9,20000,direct_pac_total_budget,,0.7939539615906344,0.9146206152079346,0.7939539615906344,1,0.9146206152079346,1,571,531,0.9011030384461716,1
9,20000,ordinal_pooled_candidate_uncertified,0.9,0.7518071114157723,0.8767791541296334,0.7518071114157723,1,0.8767791541296334,0,52,,,
9,20000,ordinal_candidate_plus_cp_certification,0.9,0.7518071114157723,0.8767791541296334,,0,1.0,1,563,490,0.83387824521415,0
9,20000,ordinal_pooled_candidate_uncertified,0.93,0.795179934940724,0.9155736520193445,0.795179934940724,1,0.9155736520193445,1,52,,,
9,20000,ordinal_candidate_plus_cp_certification,0.93,0.795179934940724,0.9155736520193445,0.795179934940724,1,0.9155736520193445,1,563,524,0.9017719280445411,1
9,20000,ordinal_pooled_candidate_uncertified,0.95,0.7961420966611521,0.9163160016604012,0.7961420966611521,1,0.9163160016604012,1,52,,,
9,20000,ordinal_candidate_plus_cp_certification,0.95,0.7961420966611521,0.9163160016604012,0.7961420966611521,1,0.9163160016604012,1,563,525,0.9038283603051374,1
9,20000,ordinal_pooled_candidate_uncertified,0.97,0.837471714982402,0.9437842720834845,0.837471714982402,1,0.9437842720834845,1,52,,,
9,20000,ordinal_candidate_plus_cp_certification,0.97,0.837471714982402,0.9437842720834845,0.837471714982402,1,0.9437842720834845,1,563,541,0.9375308740686827,1
10,20000,independent_mondrian_total_budget,,,,0.7817294954761407,1,0.9046731046626093,1,642,,,
10,20000,direct_pac_split_matched,,0.8264699624341951,0.9372819324255538,0.8264699624341951,1,0.9372819324255538,1,641,595,0.900983271412112,1
10,20000,direct_pac_total_budget,,0.8264699624341951,0.9372819324255538,0.8264699624341951,1,0.9372819324255538,1,642,596,0.9011352230397673,1
10,20000,ordinal_pooled_candidate_uncertified,0.9,0.6941951087064426,0.8081162466047319,0.6941951087064426,1,0.8081162466047319,0,40,,,
10,20000,ordinal_candidate_plus_cp_certification,0.9,0.6941951087064426,0.8081162466047319,,0,1.0,1,641,512,0.7593191198854241,0
10,20000,ordinal_pooled_candidate_uncertified,0.93,0.7501221919004613,0.8750538388852882,0.7501221919004613,1,0.8750538388852882,0,40,,,
10,20000,ordinal_candidate_plus_cp_certification,0.93,0.7501221919004613,0.8750538388852882,,0,1.0,1,641,555,0.831456851459597,0
10,20000,ordinal_pooled_candidate_uncertified,0.95,0.7501221919004613,0.8750538388852882,0.7501221919004613,1,0.8750538388852882,0,40,,,
10,20000,ordinal_candidate_plus_cp_certification,0.95,0.7501221919004613,0.8750538388852882,,0,1.0,1,641,555,0.831456851459597,0
10,20000,ordinal_pooled_candidate_uncertified,0.97,0.8266593797050957,0.9373986407739934,0.8266593797050957,1,0.9373986407739934,1,40,,,
10,20000,ordinal_candidate_plus_cp_certification,0.97,0.8266593797050957,0.9373986407739934,0.8266593797050957,1,0.9373986407739934,1,641,595,0.900983271412112,1
11,20000,independent_mondrian_total_budget,,,,0.7671476709802494,1,0.8917220821590517,0,625,,,
11,20000,direct_pac_split_matched,,0.7836804377604013,0.9063154757620444,0.7836804377604013,1,0.9063154757620444,1,618,574,0.9010607891673952,1
11,20000,direct_pac_total_budget,,0.7836804377604013,0.9063154757620444,0.7836804377604013,1,0.9063154757620444,1,625,580,0.9003180004546767,1
11,20000,ordinal_pooled_candidate_uncertified,0.9,0.7821556693981919,0.9050336699667341,0.7821556693981919,1,0.9050336699667341,1,42,,,
11,20000,ordinal_candidate_plus_cp_certification,0.9,0.7821556693981919,0.9050336699667341,,0,1.0,1,618,572,0.8973547951122598,0
11,20000,ordinal_pooled_candidate_uncertified,0.93,0.8080611858327893,0.9251095676627692,0.8080611858327893,1,0.9251095676627692,1,42,,,
11,20000,ordinal_candidate_plus_cp_certification,0.93,0.8080611858327893,0.9251095676627692,0.8080611858327893,1,0.9251095676627692,1,618,582,0.9160342966752082,1
11,20000,ordinal_pooled_candidate_uncertified,0.95,0.8179978311868619,0.9318864563694671,0.8179978311868619,1,0.9318864563694671,1,42,,,
11,20000,ordinal_candidate_plus_cp_certification,0.95,0.8179978311868619,0.9318864563694671,0.8179978311868619,1,0.9318864563694671,1,618,588,0.9274545124030324,1
11,20000,ordinal_pooled_candidate_uncertified,0.97,0.8410709319392313,0.9457921117622567,0.8410709319392313,1,0.9457921117622567,1,42,,,
11,20000,ordinal_candidate_plus_cp_certification,0.97,0.8410709319392313,0.9457921117622567,0.8410709319392313,1,0.9457921117622567,1,618,595,0.9410547797673101,1
12,20000,independent_mondrian_total_budget,,,,0.7455802118719584,1,0.8703191467784066,0,594,,,
12,20000,direct_pac_split_matched,,0.7786992593951718,0.9020802680107713,0.7786992593951718,1,0.9020802680107713,1,588,547,0.9019563854116768,1
12,20000,direct_pac_total_budget,,0.7786992593951718,0.9020802680107713,0.7786992593951718,1,0.9020802680107713,1,594,552,0.9009925740260651,1
12,20000,ordinal_pooled_candidate_uncertified,0.9,0.8764673981536418,0.9626528530409622,0.8764673981536418,1,0.9626528530409622,1,49,,,
12,20000,ordinal_candidate_plus_cp_certification,0.9,0.8764673981536418,0.9626528530409622,0.8764673981536418,1,0.9626528530409622,1,588,574,0.957145180626789,1
12,20000,ordinal_pooled_candidate_uncertified,0.93,0.9191758317439438,0.9770264611193095,0.9191758317439438,1,0.9770264611193095,1,49,,,
12,20000,ordinal_candidate_plus_cp_certification,0.93,0.9191758317439438,0.9770264611193095,0.9191758317439438,1,0.9770264611193095,1,588,579,0.968321141900601,1
12,20000,ordinal_pooled_candidate_uncertified,0.95,0.9260943500926493,0.9788456950787319,0.9260943500926493,1,0.9788456950787319,1,49,,,
12,20000,ordinal_candidate_plus_cp_certification,0.95,0.9260943500926493,0.9788456950787319,0.9260943500926493,1,0.9788456950787319,1,588,579,0.968321141900601,1
12,20000,ordinal_pooled_candidate_uncertified,0.97,1.0454121901243454,0.9956937047206029,1.0454121901243454,1,0.9956937047206029,1,49,,,
12,20000,ordinal_candidate_plus_cp_certification,0.97,1.0454121901243454,0.9956937047206029,1.0454121901243454,1,0.9956937047206029,1,588,587,0.988764261916202,1
13,20000,independent_mondrian_total_budget,,,,0.7581504278136695,1,0.8831245485789501,0,610,,,
13,20000,direct_pac_split_matched,,0.7781365700519339,0.901593163084345,0.7781365700519339,1,0.901593163084345,1,602,559,0.900378242807359,1
13,20000,direct_pac_total_budget,,0.7853368912534204,0.9076934575652063,0.7853368912534204,1,0.9076934575652063,1,610,567,0.9016650116710858,1
13,20000,ordinal_pooled_candidate_uncertified,0.9,0.8341656794678873,0.9418887429872607,0.8341656794678873,1,0.9418887429872607,1,52,,,
13,20000,ordinal_candidate_plus_cp_certification,0.9,0.8341656794678873,0.9418887429872607,0.8341656794678873,1,0.9418887429872607,1,602,576,0.9334818819540578,1
13,20000,ordinal_pooled_candidate_uncertified,0.93,0.8437835771119573,0.9472675339707878,0.8437835771119573,1,0.9472675339707878,1,52,,,
13,20000,ordinal_candidate_plus_cp_certification,0.93,0.8437835771119573,0.9472675339707878,0.8437835771119573,1,0.9472675339707878,1,602,576,0.9334818819540578,1
13,20000,ordinal_pooled_candidate_uncertified,0.95,0.8722038394071427,0.9608824230650264,0.8722038394071427,1,0.9608824230650264,1,52,,,
13,20000,ordinal_candidate_plus_cp_certification,0.95,0.8722038394071427,0.9608824230650264,0.8722038394071427,1,0.9608824230650264,1,602,579,0.939506399882774,1
13,20000,ordinal_pooled_candidate_uncertified,0.97,1.2151513086731902,0.9997452927476862,1.2151513086731902,1,0.9997452927476862,1,52,,,
13,20000,ordinal_candidate_plus_cp_certification,0.97,1.2151513086731902,0.9997452927476862,1.2151513086731902,1,0.9997452927476862,1,602,602,0.9923794007708784,1
14,20000,independent_mondrian_total_budget,,,,0.7821745947995327,1,0.9050496585101523,1,635,,,
14,20000,direct_pac_split_matched,,0.8152380738904841,0.9300536029216973,0.8152380738904841,1,0.9300536029216973,1,624,579,0.9001606609437185,1
14,20000,direct_pac_total_budget,,0.8095063807748787,0.9261259961923247,0.8095063807748787,1,0.9261259961923247,1,635,589,0.9000616651216689,1
14,20000,ordinal_pooled_candidate_uncertified,0.9,0.7405260072697619,0.8649060695405903,0.7405260072697619,1,0.8649060695405903,0,55,,,
14,20000,ordinal_candidate_plus_cp_certification,0.9,0.7405260072697619,0.8649060695405903,,0,1.0,1,624,534,0.819981005590886,0
14,20000,ordinal_pooled_candidate_uncertified,0.93,0.8806390773471011,0.9643212326289065,0.8806390773471011,1,0.9643212326289065,1,55,,,
14,20000,ordinal_candidate_plus_cp_certification,0.93,0.8806390773471011,0.9643212326289065,0.8806390773471011,1,0.9643212326289065,1,624,604,0.9475074858652741,1
14,20000,ordinal_pooled_candidate_uncertified,0.95,0.9067904297330994,0.9734404942548709,0.9067904297330994,1,0.9734404942548709,1,55,,,
14,20000,ordinal_candidate_plus_cp_certification,0.95,0.9067904297330994,0.9734404942548709,0.9067904297330994,1,0.9734404942548709,1,624,606,0.951486041789048,1
14,20000,ordinal_pooled_candidate_uncertified,0.97,1.0560594731007114,0.9963221607976815,1.0560594731007114,1,0.9963221607976815,1,55,,,
14,20000,ordinal_candidate_plus_cp_certification,0.97,1.0560594731007114,0.9963221607976815,1.0560594731007114,1,0.9963221607976815,1,624,620,0.9815158704563152,1
15,20000,independent_mondrian_total_budget,,,,0.7511423632053064,1,0.8761004733062243,0,618,,,
15,20000,direct_pac_split_matched,,0.7986073701062398,0.9181956762543848,0.7986073701062398,1,0.9181956762543848,1,608,565,0.9013464447713502,1
15,20000,direct_pac_total_budget,,0.7986073701062398,0.9181956762543848,0.7986073701062398,1,0.9181956762543848,1,618,574,0.9010607891673952,1
15,20000,ordinal_pooled_candidate_uncertified,0.9,0.8147179135872503,0.9297039340799613,0.8147179135872503,1,0.9297039340799613,1,46,,,
15,20000,ordinal_candidate_plus_cp_certification,0.9,0.8147179135872503,0.9297039340799613,0.8147179135872503,1,0.9297039340799613,1,608,575,0.9204508989621374,1
15,20000,ordinal_pooled_candidate_uncertified,0.93,0.8439449504783184,0.9473542916886915,0.8439449504783184,1,0.9473542916886915,1,46,,,
15,20000,ordinal_candidate_plus_cp_certification,0.93,0.8439449504783184,0.9473542916886915,0.8439449504783184,1,0.9473542916886915,1,608,582,0.9341303303030564,1
15,20000,ordinal_pooled_candidate_uncertified,0.95,0.8445670543452807,0.9476876882527474,0.8445670543452807,1,0.9476876882527474,1,46,,,
15,20000,ordinal_candidate_plus_cp_certification,0.95,0.8445670543452807,0.9476876882527474,0.8445670543452807,1,0.9476876882527474,1,608,582,0.9341303303030564,1
15,20000,ordinal_pooled_candidate_uncertified,0.97,0.8730098453378922,0.9612222536080748,0.8730098453378922,1,0.9612222536080748,1,46,,,
15,20000,ordinal_candidate_plus_cp_certification,0.97,0.8730098453378922,0.9612222536080748,0.8730098453378922,1,0.9612222536080748,1,608,588,0.9461411682442937,1
16,20000,independent_mondrian_total_budget,,,,0.7747128525971311,1,0.8985910579048229,0,654,,,
16,20000,direct_pac_split_matched,,0.8069927756082391,0.9243513043976233,0.8069927756082391,1,0.9243513043976233,1,644,598,0.9014377319582387,1
16,20000,direct_pac_total_budget,,0.8036966641084562,0.9219751475227174,0.8036966641084562,1,0.9219751475227174,1,654,607,0.9011743376937145,1
16,20000,ordinal_pooled_candidate_uncertified,0.9,0.7131638325381048,0.8329326610244171,0.7131638325381048,1,0.8329326610244171,0,51,,,
16,20000,ordinal_candidate_plus_cp_certification,0.9,0.7131638325381048,0.8329326610244171,,0,1.0,1,644,542,0.8052706138579284,0
16,20000,ordinal_pooled_candidate_uncertified,0.93,0.8272958443075878,0.9377895549654316,0.8272958443075878,1,0.9377895549654316,1,51,,,
16,20000,ordinal_candidate_plus_cp_certification,0.93,0.8272958443075878,0.9377895549654316,0.8272958443075878,1,0.9377895549654316,1,644,607,0.9175678957658029,1
16,20000,ordinal_pooled_candidate_uncertified,0.95,0.8300243512689642,0.9394438524764701,0.8300243512689642,1,0.9394438524764701,1,51,,,
16,20000,ordinal_candidate_plus_cp_certification,0.95,0.8300243512689642,0.9394438524764701,0.8300243512689642,1,0.9394438524764701,1,644,608,0.9193794599168843,1
16,20000,ordinal_pooled_candidate_uncertified,0.97,0.8858476868795397,0.9663180514765519,0.8858476868795397,1,0.9663180514765519,1,51,,,
16,20000,ordinal_candidate_plus_cp_certification,0.97,0.8858476868795397,0.9663180514765519,0.8858476868795397,1,0.9663180514765519,1,644,623,0.9472077203562936,1
17,20000,independent_mondrian_total_budget,,,,0.7465339247047418,1,0.8713234906848871,0,625,,,
17,20000,direct_pac_split_matched,,0.7795458239556001,0.9028097832129589,0.7795458239556001,1,0.9028097832129589,1,618,574,0.9010607891673952,1
17,20000,direct_pac_total_budget,,0.7765789725844421,0.9002355435753161,0.7765789725844421,1,0.9002355435753161,1,625,580,0.9003180004546767,1
17,20000,ordinal_pooled_candidate_uncertified,0.9,0.773477876732088,0.897491953024925,0.773477876732088,1,0.897491953024925,0,48,,,
17,20000,ordinal_candidate_plus_cp_certification,0.9,0.773477876732088,0.897491953024925,,0,1.0,1,618,569,0.8918202549585978,0
17,20000,ordinal_pooled_candidate_uncertified,0.93,0.7818370411411522,0.9047641888250806,0.7818370411411522,1,0.9047641888250806,1,48,,,
17,20000,ordinal_candidate_plus_cp_certification,0.93,0.7818370411411522,0.9047641888250806,0.7818370411411522,1,0.9047641888250806,1,618,575,0.9029189748193913,1
17,20000,ordinal_pooled_candidate_uncertified,0.95,0.8370156342962229,0.9435257127800697,0.8370156342962229,1,0.9435257127800697,1,48,,,
17,20000,ordinal_candidate_plus_cp_certification,0.95,0.8370156342962229,0.9435257127800697,0.8370156342962229,1,0.9435257127800697,1,618,595,0.9410547797673101,1
17,20000,ordinal_pooled_candidate_uncertified,0.97,1.048897957919671,0.9959092912512948,1.048897957919671,1,0.9959092912512948,1,48,,,
17,20000,ordinal_candidate_plus_cp_certification,0.97,1.048897957919671,0.9959092912512948,1.048897957919671,1,0.9959092912512948,1,618,613,0.9789276626454606,1
18,20000,independent_mondrian_total_budget,,,,0.7923828504837319,1,0.9133875261386563,1,618,,,
18,20000,direct_pac_split_matched,,0.8352959280515234,0.9425423463780694,0.8352959280515234,1,0.9425423463780694,1,615,571,0.9005854653484318,1
18,20000,direct_pac_total_budget,,0.8352959280515234,0.9425423463780694,0.8352959280515234,1,0.9425423463780694,1,618,574,0.9010607891673952,1
18,20000,ordinal_pooled_candidate_uncertified,0.9,0.8222318690471702,0.9346260711706207,0.8222318690471702,1,0.9346260711706207,1,52,,,
18,20000,ordinal_candidate_plus_cp_certification,0.9,0.8222318690471702,0.9346260711706207,,0,1.0,1,615,564,0.8876090321312564,0
18,20000,ordinal_pooled_candidate_uncertified,0.93,0.8394413165597494,0.944890167076281,0.8394413165597494,1,0.944890167076281,1,52,,,
18,20000,ordinal_candidate_plus_cp_certification,0.93,0.8394413165597494,0.944890167076281,0.8394413165597494,1,0.944890167076281,1,615,573,0.9043231651484123,1
18,20000,ordinal_pooled_candidate_uncertified,0.95,0.8860712306743282,0.9664016501605069,0.8860712306743282,1,0.9664016501605069,1,52,,,
18,20000,ordinal_candidate_plus_cp_certification,0.95,0.8860712306743282,0.9664016501605069,0.8860712306743282,1,0.9664016501605069,1,615,592,0.9407705244113738,1
18,20000,ordinal_pooled_candidate_uncertified,0.97,1.0613257257845463,0.9966014877375633,1.0613257257845463,1,0.9966014877375633,1,52,,,
18,20000,ordinal_candidate_plus_cp_certification,0.97,1.0613257257845463,0.9966014877375633,1.0613257257845463,1,0.9966014877375633,1,615,613,0.9864027839213334,1
19,20000,independent_mondrian_total_budget,,,,0.7677444987180695,1,0.8922758571995553,0,622,,,
19,20000,direct_pac_split_matched,,0.7884006309049275,0.9102025135804639,0.7884006309049275,1,0.9102025135804639,1,616,572,0.900744413079712,1
19,20000,direct_pac_total_budget,,0.7956996064136155,0.915975212484264,0.7956996064136155,1,0.915975212484264,1,622,578,0.9016875311654289,1
19,20000,ordinal_pooled_candidate_uncertified,0.9,0.7993648131971297,0.9187667582845176,0.7993648131971297,1,0.9187667582845176,1,48,,,
19,20000,ordinal_candidate_plus_cp_certification,0.9,0.7993648131971297,0.9187667582845176,0.7993648131971297,1,0.9187667582845176,1,616,573,0.9026084907661549,1
19,20000,ordinal_pooled_candidate_uncertified,0.93,0.8240577103232044,0.9357807649637948,0.8240577103232044,1,0.9357807649637948,1,48,,,
19,20000,ordinal_candidate_plus_cp_certification,0.93,0.8240577103232044,0.9357807649637948,0.8240577103232044,1,0.9357807649637948,1,616,579,0.9138733051245544,1
19,20000,ordinal_pooled_candidate_uncertified,0.95,0.8649246221746167,0.9577022921353453,0.8649246221746167,1,0.9577022921353453,1,48,,,
19,20000,ordinal_candidate_plus_cp_certification,0.95,0.8649246221746167,0.9577022921353453,0.8649246221746167,1,0.9577022921353453,1,616,593,0.9408655802800403,1
19,20000,ordinal_pooled_candidate_uncertified,0.97,0.8826835151932517,0.965116279631701,0.8826835151932517,1,0.965116279631701,1,48,,,
19,20000,ordinal_candidate_plus_cp_certification,0.97,0.8826835151932517,0.965116279631701,0.8826835151932517,1,0.965116279631701,1,616,598,0.9508624922229116,1
20,20000,independent_mondrian_total_budget,,,,0.782018031226887,1,0.9049173309223661,1,636,,,
20,20000,direct_pac_split_matched,,0.8075059833552267,0.9247162607718387,0.8075059833552267,1,0.9247162607718387,1,632,587,0.9014056479656667,1
20,20000,direct_pac_total_budget,,0.8059004957620131,0.9235700685077093,0.8059004957620131,1,0.9235700685077093,1,636,590,0.9002164552683842,1
20,20000,ordinal_pooled_candidate_uncertified,0.9,0.8023908836394926,0.9210183085279466,0.8023908836394926,1,0.9210183085279466,1,51,,,
20,20000,ordinal_candidate_plus_cp_certification,0.9,0.8023908836394926,0.9210183085279466,,0,1.0,1,632,583,0.8941795468290274,0
20,20000,ordinal_pooled_candidate_uncertified,0.93,0.8054930058643346,0.9232770508762609,0.8054930058643346,1,0.9232770508762609,1,51,,,
20,20000,ordinal_candidate_plus_cp_certification,0.93,0.8054930058643346,0.9232770508762609,,0,1.0,1,632,584,0.8959814400348352,0
20,20000,ordinal_pooled_candidate_uncertified,0.95,0.820927698828991,0.933791478046695,0.820927698828991,1,0.933791478046695,1,51,,,
20,20000,ordinal_candidate_plus_cp_certification,0.95,0.820927698828991,0.933791478046695,0.820927698828991,1,0.933791478046695,1,632,595,0.9160240291744419,1
20,20000,ordinal_pooled_candidate_uncertified,0.97,0.8462418502676288,0.9485769130525259,0.8462418502676288,1,0.9485769130525259,1,51,,,
20,20000,ordinal_candidate_plus_cp_certification,0.97,0.8462418502676288,0.9485769130525259,0.8462418502676288,1,0.9485769130525259,1,632,599,0.9234326218488556,1
21,20000,independent_mondrian_total_budget,,,,0.8056011594540393,1,0.9233549050516372,1,619,,,
21,20000,direct_pac_split_matched,,0.844251644969763,0.9475188648657169,0.844251644969763,1,0.9475188648657169,1,612,568,0.9001055540887128,1
21,20000,direct_pac_total_budget,,0.844251644969763,0.9475188648657169,0.844251644969763,1,0.9475188648657169,1,619,575,0.9012182223554532,1
21,20000,ordinal_pooled_candidate_uncertified,0.9,0.7748359482611794,0.898700138417688,0.7748359482611794,1,0.898700138417688,0,47,,,
21,20000,ordinal_candidate_plus_cp_certification,0.9,0.7748359482611794,0.898700138417688,,0,1.0,1,612,538,0.8451189629050602,0
21,20000,ordinal_pooled_candidate_uncertified,0.93,0.7927415944974397,0.9136702530659111,0.7927415944974397,1,0.9136702530659111,1,47,,,
21,20000,ordinal_candidate_plus_cp_certification,0.93,0.7927415944974397,0.9136702530659111,,0,1.0,1,612,543,0.8541420088521063,0
21,20000,ordinal_pooled_candidate_uncertified,0.95,0.8722476093292798,0.9609009395098085,0.8722476093292798,1,0.9609009395098085,1,47,,,
21,20000,ordinal_candidate_plus_cp_certification,0.95,0.8722476093292798,0.9609009395098085,0.8722476093292798,1,0.9609009395098085,1,612,582,0.9267524086927383,1
21,20000,ordinal_pooled_candidate_uncertified,0.97,0.8749624031039448,0.9620355341449641,0.8749624031039448,1,0.9620355341449641,1,47,,,
21,20000,ordinal_candidate_plus_cp_certification,0.97,0.8749624031039448,0.9620355341449641,0.8749624031039448,1,0.9620355341449641,1,612,582,0.9267524086927383,1
22,20000,independent_mondrian_total_budget,,,,0.7773778217751757,1,0.9009335290444362,1,576,,,
22,20000,direct_pac_split_matched,,0.7974336393603325,0.9173047596453263,0.7974336393603325,1,0.9173047596453263,1,573,533,0.9014428453602934,1
22,20000,direct_pac_total_budget,,0.7974336393603325,0.9173047596453263,0.7974336393603325,1,0.9173047596453263,1,576,536,0.9019482014222486,1
22,20000,ordinal_pooled_candidate_uncertified,0.9,0.8162705849548911,0.9307437239226288,0.8162705849548911,1,0.9307437239226288,1,45,,,
22,20000,ordinal_candidate_plus_cp_certification,0.9,0.8162705849548911,0.9307437239226288,0.8162705849548911,1,0.9307437239226288,1,573,536,0.9075072020908053,1
22,20000,ordinal_pooled_candidate_uncertified,0.93,0.821544140492924,0.9341869876560844,0.821544140492924,1,0.9341869876560844,1,45,,,
22,20000,ordinal_candidate_plus_cp_certification,0.93,0.821544140492924,0.9341869876560844,0.821544140492924,1,0.9341869876560844,1,573,537,0.9095380469473273,1
22,20000,ordinal_pooled_candidate_uncertified,0.95,0.8492128935589571,0.9501247565379776,0.8492128935589571,1,0.9501247565379776,1,45,,,
22,20000,ordinal_candidate_plus_cp_certification,0.95,0.8492128935589571,0.9501247565379776,0.8492128935589571,1,0.9501247565379776,1,573,547,0.9301587804559612,1
22,20000,ordinal_pooled_candidate_uncertified,0.97,0.9747832376669978,0.98851448690932,0.9747832376669978,1,0.98851448690932,1,45,,,
22,20000,ordinal_candidate_plus_cp_certification,0.97,0.9747832376669978,0.98851448690932,0.9747832376669978,1,0.98851448690932,1,573,568,0.9772844919021566,1
23,20000,independent_mondrian_total_budget,,,,0.7571167411851122,1,0.8821066299379753,0,581,,,
23,20000,direct_pac_split_matched,,0.8107044165312696,0.9269605734978263,0.8107044165312696,1,0.9269605734978263,1,573,533,0.9014428453602934,1
23,20000,direct_pac_total_budget,,0.809338078498469,0.9260081717545707,0.809338078498469,1,0.9260081717545707,1,581,540,0.9007934953024201,1
23,20000,ordinal_pooled_candidate_uncertified,0.9,0.7354538141880482,0.8593199621827834,0.7354538141880482,1,0.8593199621827834,0,46,,,
23,20000,ordinal_candidate_plus_cp_certification,0.9,0.7354538141880482,0.8593199621827834,,0,1.0,1,573,505,0.8463443559401862,0
23,20000,ordinal_pooled_candidate_uncertified,0.93,0.8501779534589375,0.9506194571789081,0.8501779534589375,1,0.9506194571789081,1,46,,,
23,20000,ordinal_candidate_plus_cp_certification,0.93,0.8501779534589375,0.9506194571789081,0.8501779534589375,1,0.9506194571789081,1,573,543,0.9218353269394819,1
23,20000,ordinal_pooled_candidate_uncertified,0.95,0.8550209069728475,0.9530431383147571,0.8550209069728475,1,0.9530431383147571,1,46,,,
23,20000,ordinal_candidate_plus_cp_certification,0.95,0.8550209069728475,0.9530431383147571,0.8550209069728475,1,0.9530431383147571,1,573,545,0.9259829402125472,1
23,20000,ordinal_pooled_candidate_uncertified,0.97,0.9042939642869381,0.9726637482694913,0.9042939642869381,1,0.9726637482694913,1,46,,,
23,20000,ordinal_candidate_plus_cp_certification,0.97,0.9042939642869381,0.9726637482694913,0.9042939642869381,1,0.9726637482694913,1,573,561,0.9605485970328596,1
24,20000,independent_mondrian_total_budget,,,,0.766515439096203,1,0.8911332253049611,0,618,,,
24,20000,direct_pac_split_matched,,0.8089886787629452,0.9257631068935466,0.8089886787629452,1,0.9257631068935466,1,609,566,0.9015059857181604,1
24,20000,direct_pac_total_budget,,0.8046828897478593,0.9226919768084165,0.8046828897478593,1,0.9226919768084165,1,618,574,0.9010607891673952,1
24,20000,ordinal_pooled_candidate_uncertified,0.9,0.8321840614352853,0.9407287223752059,0.8321840614352853,1,0.9407287223752059,1,37,,,
24,20000,ordinal_candidate_plus_cp_certification,0.9,0.8321840614352853,0.9407287223752059,0.8321840614352853,1,0.9407287223752059,1,609,571,0.9109884218542965,1
24,20000,ordinal_pooled_candidate_uncertified,0.93,0.8864462189802976,0.9665415009963694,0.8864462189802976,1,0.9665415009963694,1,37,,,
24,20000,ordinal_candidate_plus_cp_certification,0.93,0.8864462189802976,0.9665415009963694,0.8864462189802976,1,0.9665415009963694,1,609,592,0.9523589147280567,1
24,20000,ordinal_pooled_candidate_uncertified,0.95,0.8952964113398524,0.9697054418440384,0.8952964113398524,1,0.9697054418440384,1,37,,,
24,20000,ordinal_candidate_plus_cp_certification,0.95,0.8952964113398524,0.9697054418440384,0.8952964113398524,1,0.9697054418440384,1,609,592,0.9523589147280567,1
24,20000,ordinal_pooled_candidate_uncertified,0.97,0.8952964113398524,0.9697054418440384,0.8952964113398524,1,0.9697054418440384,1,37,,,
24,20000,ordinal_candidate_plus_cp_certification,0.97,0.8952964113398524,0.9697054418440384,0.8952964113398524,1,0.9697054418440384,1,609,592,0.9523589147280567,1
25,20000,independent_mondrian_total_budget,,,,0.7909588182750678,1,0.9122584151724986,1,594,,,
25,20000,direct_pac_split_matched,,0.8170405192095063,0.9312549177307841,0.8170405192095063,1,0.9312549177307841,1,586,545,0.9016269213087413,1
25,20000,direct_pac_total_budget,,0.8191106777105934,0.9326149612869645,0.8191106777105934,1,0.9326149612869645,1,594,552,0.9009925740260651,1
25,20000,ordinal_pooled_candidate_uncertified,0.9,0.9031504277978397,0.9723016737999841,0.9031504277978397,1,0.9723016737999841,1,45,,,
25,20000,ordinal_candidate_plus_cp_certification,0.9,0.9031504277978397,0.9723016737999841,0.9031504277978397,1,0.9723016737999841,1,586,573,0.9591980499406374,1
25,20000,ordinal_pooled_candidate_uncertified,0.93,0.9139031522783441,0.9755530527742173,0.9139031522783441,1,0.9755530527742173,1,45,,,
25,20000,ordinal_candidate_plus_cp_certification,0.93,0.9139031522783441,0.9755530527742173,0.9139031522783441,1,0.9755530527742173,1,586,574,0.9614156630990138,1
25,20000,ordinal_pooled_candidate_uncertified,0.95,0.927392528932145,0.9791731072151015,0.927392528932145,1,0.9791731072151015,1,45,,,
25,20000,ordinal_candidate_plus_cp_certification,0.95,0.927392528932145,0.9791731072151015,0.927392528932145,1,0.9791731072151015,1,586,575,0.9636555202940549,1
25,20000,ordinal_pooled_candidate_uncertified,0.97,0.9359241302417135,0.9812198293561691,0.9359241302417135,1,0.9812198293561691,1,45,,,
25,20000,ordinal_candidate_plus_cp_certification,0.97,0.9359241302417135,0.9812198293561691,0.9359241302417135,1,0.9812198293561691,1,586,575,0.9636555202940549,1
26,20000,independent_mondrian_total_budget,,,,0.765946183595734,1,0.8906010575517749,0,582,,,
26,20000,direct_pac_split_matched,,0.8070791114974458,0.9244127943849352,0.8070791114974458,1,0.9244127943849352,1,578,537,0.9002866292266067,1
26,20000,direct_pac_total_budget,,0.8122985496896122,0.9280598679164578,0.8122985496896122,1,0.9280598679164578,1,582,541,0.9009613079081107,1
26,20000,ordinal_pooled_candidate_uncertified,0.9,0.7635824047093283,0.8883712966929906,0.7635824047093283,1,0.8883712966929906,0,40,,,
26,20000,ordinal_candidate_plus_cp_certification,0.9,0.7635824047093283,0.8883712966929906,,0,1.0,1,578,520,0.8669053669088334,0
26,20000,ordinal_pooled_candidate_uncertified,0.93,0.8387912364268417,0.9445270752662811,0.8387912364268417,1,0.9445270752662811,1,40,,,
26,20000,ordinal_candidate_plus_cp_certification,0.93,0.8387912364268417,0.9445270752662811,0.8387912364268417,1,0.9445270752662811,1,578,549,0.9245552028281394,1
26,20000,ordinal_pooled_candidate_uncertified,0.95,0.8387912364268417,0.9445270752662811,0.8387912364268417,1,0.9445270752662811,1,40,,,
26,20000,ordinal_candidate_plus_cp_certification,0.95,0.8387912364268417,0.9445270752662811,0.8387912364268417,1,0.9445270752662811,1,578,549,0.9245552028281394,1
26,20000,ordinal_pooled_candidate_uncertified,0.97,0.9584078901502493,0.9858116709249951,0.9584078901502493,1,0.9858116709249951,1,40,,,
26,20000,ordinal_candidate_plus_cp_certification,0.97,0.9584078901502493,0.9858116709249951,0.9584078901502493,1,0.9858116709249951,1,578,572,0.9749777398049788,1
27,20000,independent_mondrian_total_budget,,,,0.8021739641773005,1,0.9208584988674877,1,571,,,
27,20000,direct_pac_split_matched,,0.8382382370956101,0.9442167220079755,0.8382382370956101,1,0.9442167220079755,1,563,524,0.9017719280445411,1
27,20000,direct_pac_total_budget,,0.8309142724359473,0.939975905687243,0.8309142724359473,1,0.939975905687243,1,571,531,0.9011030384461716,1
27,20000,ordinal_pooled_candidate_uncertified,0.9,0.7813169347754301,0.904323097733182,0.7813169347754301,1,0.904323097733182,1,44,,,
27,20000,ordinal_candidate_plus_cp_certification,0.9,0.7813169347754301,0.904323097733182,,0,1.0,1,563,497,0.8476030284238771,0
27,20000,ordinal_pooled_candidate_uncertified,0.93,0.9117758708555946,0.9749365412935449,0.9117758708555946,1,0.9749365412935449,1,44,,,
27,20000,ordinal_candidate_plus_cp_certification,0.93,0.9117758708555946,0.9749365412935449,0.9117758708555946,1,0.9749365412935449,1,563,546,0.9485093741652748,1
27,20000,ordinal_pooled_candidate_uncertified,0.95,0.9267419955039029,0.9790095772084999,0.9267419955039029,1,0.9790095772084999,1,44,,,
27,20000,ordinal_candidate_plus_cp_certification,0.95,0.9267419955039029,0.9790095772084999,0.9267419955039029,1,0.9790095772084999,1,563,547,0.9507440830821521,1
27,20000,ordinal_pooled_candidate_uncertified,0.97,0.9333899216508491,0.9806305487360241,0.9333899216508491,1,0.9806305487360241,1,44,,,
27,20000,ordinal_candidate_plus_cp_certification,0.97,0.9333899216508491,0.9806305487360241,0.9333899216508491,1,0.9806305487360241,1,563,549,0.9552617141153941,1
28,20000,independent_mondrian_total_budget,,,,0.7751481232058399,1,0.8989763870950154,0,604,,,
28,20000,direct_pac_split_matched,,0.8033919648804912,0.9217526630306492,0.8033919648804912,1,0.9217526630306492,1,599,557,0.9018064237404646,1
28,20000,direct_pac_total_budget,,0.8015961746374214,0.9204316331425153,0.8015961746374214,1,0.9204316331425153,1,604,561,0.9007030807056007,1
28,20000,ordinal_pooled_candidate_uncertified,0.9,0.7133257972957887,0.8331352306510487,0.7133257972957887,1,0.8331352306510487,0,48,,,
28,20000,ordinal_candidate_plus_cp_certification,0.9,0.7133257972957887,0.8331352306510487,,0,1.0,1,599,500,0.796380386132769,0
28,20000,ordinal_pooled_candidate_uncertified,0.93,0.75294363879713,0.8779334590587796,0.75294363879713,1,0.8779334590587796,0,48,,,
28,20000,ordinal_candidate_plus_cp_certification,0.93,0.75294363879713,0.8779334590587796,,0,1.0,1,599,525,0.8418247271456007,0
28,20000,ordinal_pooled_candidate_uncertified,0.95,0.7983848815930203,0.9180273551062741,0.7983848815930203,1,0.9180273551062741,1,48,,,
28,20000,ordinal_candidate_plus_cp_certification,0.95,0.7983848815930203,0.9180273551062741,,0,1.0,1,599,554,0.8960591834367624,0
28,20000,ordinal_pooled_candidate_uncertified,0.97,0.9081446989400949,0.9738540874948753,0.9081446989400949,1,0.9738540874948753,1,48,,,
28,20000,ordinal_candidate_plus_cp_certification,0.97,0.9081446989400949,0.9738540874948753,0.9081446989400949,1,0.9738540874948753,1,599,585,0.9579245836684396,1
29,20000,independent_mondrian_total_budget,,,,0.798089976104182,1,0.9178038456871258,1,601,,,
29,20000,direct_pac_split_matched,,0.8365550618256599,0.9432636568458774,0.8365550618256599,1,0.9432636568458774,1,594,552,0.9009925740260651,1
29,20000,direct_pac_total_budget,,0.8349595503200347,0.9423484322090735,0.8349595503200347,1,0.9423484322090735,1,601,558,0.9002150258504917,1
29,20000,ordinal_pooled_candidate_uncertified,0.9,0.753862773117645,0.8788614006236753,0.753862773117645,1,0.8788614006236753,0,38,,,
29,20000,ordinal_candidate_plus_cp_certification,0.9,0.753862773117645,0.8788614006236753,,0,1.0,1,594,515,0.831278353053025,0
29,20000,ordinal_pooled_candidate_uncertified,0.93,0.7933253119631111,0.9141288060880333,0.7933253119631111,1,0.9141288060880333,1,38,,,
29,20000,ordinal_candidate_plus_cp_certification,0.93,0.7933253119631111,0.9141288060880333,,0,1.0,1,594,533,0.8647756635193498,0
29,20000,ordinal_pooled_candidate_uncertified,0.95,0.8084776845348419,0.9254035859828056,0.8084776845348419,1,0.9254035859828056,1,38,,,
29,20000,ordinal_candidate_plus_cp_certification,0.95,0.8084776845348419,0.9254035859828056,,0,1.0,1,594,542,0.8817973578332061,0
29,20000,ordinal_pooled_candidate_uncertified,0.97,0.8084776845348419,0.9254035859828056,0.8084776845348419,1,0.9254035859828056,1,38,,,
29,20000,ordinal_candidate_plus_cp_certification,0.97,0.8084776845348419,0.9254035859828056,,0,1.0,1,594,542,0.8817973578332061,0
30,20000,independent_mondrian_total_budget,,,,0.7736921664714198,1,0.8976832852642731,0,641,,,
30,20000,direct_pac_split_matched,,0.8087110855005688,0.9255679647481705,0.8087110855005688,1,0.9255679647481705,1,633,588,0.901559092337544,1
30,20000,direct_pac_total_budget,,0.8087110855005688,0.9255679647481705,0.8087110855005688,1,0.9255679647481705,1,641,595,0.900983271412112,1
30,20000,ordinal_pooled_candidate_uncertified,0.9,0.7258635698220917,0.8483348307601258,0.7258635698220917,1,0.8483348307601258,0,49,,,
30,20000,ordinal_candidate_plus_cp_certification,0.9,0.7258635698220917,0.8483348307601258,,0,1.0,1,633,538,0.8139133287442439,0
30,20000,ordinal_pooled_candidate_uncertified,0.93,0.8094678336057901,0.9260990228993315,0.8094678336057901,1,0.9260990228993315,1,49,,,
30,20000,ordinal_candidate_plus_cp_certification,0.93,0.8094678336057901,0.9260990228993315,0.8094678336057901,1,0.9260990228993315,1,633,589,0.9033708442735959,1
30,20000,ordinal_pooled_candidate_uncertified,0.95,0.8728719664810216,0.9611642918277365,0.8728719664810216,1,0.9611642918277365,1,49,,,
30,20000,ordinal_candidate_plus_cp_certification,0.95,0.8728719664810216,0.9611642918277365,0.8728719664810216,1,0.9611642918277365,1,633,617,0.956138740216488,1
30,20000,ordinal_pooled_candidate_uncertified,0.97,0.9834674967796302,0.989757322534752,0.9834674967796302,1,0.989757322534752,1,49,,,
30,20000,ordinal_candidate_plus_cp_certification,0.97,0.9834674967796302,0.989757322534752,0.9834674967796302,1,0.989757322534752,1,633,627,0.9771371136575013,1
31,20000,independent_mondrian_total_budget,,,,0.7744034202668242,1,0.8983164784129222,0,566,,,
31,20000,direct_pac_split_matched,,0.8026174433609463,0.9211849593076697,0.8026174433609463,1,0.9211849593076697,1,560,521,0.9012540114032179,1
31,20000,direct_pac_total_budget,,0.798241583935448,0.9179188068108028,0.798241583935448,1,0.9179188068108028,1,566,526,0.9002431845712549,1
31,20000,ordinal_pooled_candidate_uncertified,0.9,0.8065439541936789,0.9240310314863143,0.8065439541936789,1,0.9240310314863143,1,46,,,
31,20000,ordinal_candidate_plus_cp_certification,0.9,0.8065439541936789,0.9240310314863143,0.8065439541936789,1,0.9240310314863143,1,560,522,0.9033211915378012,1
31,20000,ordinal_pooled_candidate_uncertified,0.93,0.8286679262231843,0.9386258036676651,0.8286679262231843,1,0.9386258036676651,1,46,,,
31,20000,ordinal_candidate_plus_cp_certification,0.93,0.8286679262231843,0.9386258036676651,0.8286679262231843,1,0.9386258036676651,1,560,528,0.9158307487856041,1
31,20000,ordinal_pooled_candidate_uncertified,0.95,0.865716576626433,0.9580581123537332,0.865716576626433,1,0.9580581123537332,1,46,,,
31,20000,ordinal_candidate_plus_cp_certification,0.95,0.865716576626433,0.9580581123537332,0.865716576626433,1,0.9580581123537332,1,560,539,0.9393844825567494,1
31,20000,ordinal_pooled_candidate_uncertified,0.97,0.9171006106487358,0.9764557346199274,0.9171006106487358,1,0.9764557346199274,1,46,,,
31,20000,ordinal_candidate_plus_cp_certification,0.97,0.9171006106487358,0.9764557346199274,0.9171006106487358,1,0.9764557346199274,1,560,549,0.9619839944756867,1
32,20000,independent_mondrian_total_budget,,,,0.7780824248928324,1,0.9015461976663192,1,567,,,
32,20000,direct_pac_split_matched,,0.8131025054196543,0.9286094314391968,0.8131025054196543,1,0.9286094314391968,1,564,525,0.9019433621752531,1
32,20000,direct_pac_total_budget,,0.8112833904668886,0.9273613039776436,0.8112833904668886,1,0.9273613039776436,1,567,527,0.9004163489648978,1
32,20000,ordinal_pooled_candidate_uncertified,0.9,0.7704488496973669,0.8947595614982085,0.7704488496973669,1,0.8947595614982085,0,41,,,
32,20000,ordinal_candidate_plus_cp_certification,0.9,0.7704488496973669,0.8947595614982085,,0,1.0,1,564,504,0.8596998903072823,0
32,20000,ordinal_pooled_candidate_uncertified,0.93,0.8476402783429418,0.949310155291279,0.8476402783429418,1,0.949310155291279,1,41,,,
32,20000,ordinal_candidate_plus_cp_certification,0.93,0.8476402783429418,0.949310155291279,0.8476402783429418,1,0.949310155291279,1,564,538,0.9290589131174583,1
32,20000,ordinal_pooled_candidate_uncertified,0.95,0.8476402783429418,0.949310155291279,0.8476402783429418,1,0.949310155291279,1,41,,,
32,20000,ordinal_candidate_plus_cp_certification,0.95,0.8476402783429418,0.949310155291279,0.8476402783429418,1,0.949310155291279,1,564,538,0.9290589131174583,1
32,20000,ordinal_pooled_candidate_uncertified,0.97,1.1681352404978167,0.9994037672510574,1.1681352404978167,1,0.9994037672510574,1,41,,,
32,20000,ordinal_candidate_plus_cp_certification,0.97,1.1681352404978167,0.9994037672510574,1.1681352404978167,1,0.9994037672510574,1,564,564,0.9918680492978587,1
33,20000,independent_mondrian_total_budget,,,,0.7635527334206068,1,0.8883431025365107,0,631,,,
33,20000,direct_pac_split_matched,,0.8168065311407186,0.9310998712688614,0.8168065311407186,1,0.9310998712688614,1,625,580,0.9003180004546767,1
33,20000,direct_pac_total_budget,,0.8176676866371504,0.93166916792633,0.8176676866371504,1,0.93166916792633,1,631,586,0.9012517246580425,1
33,20000,ordinal_pooled_candidate_uncertified,0.9,0.7988762698953364,0.9183987614759174,0.7988762698953364,1,0.9183987614759174,1,41,,,
33,20000,ordinal_candidate_plus_cp_certification,0.9,0.7988762698953364,0.9183987614759174,,0,1.0,1,625,576,0.8930129007470038,0
33,20000,ordinal_pooled_candidate_uncertified,0.93,0.8996192799359501,0.9711583078179837,0.8996192799359501,1,0.9711583078179837,1,41,,,
33,20000,ordinal_candidate_plus_cp_certification,0.93,0.8996192799359501,0.9711583078179837,0.8996192799359501,1,0.9711583078179837,1,625,610,0.9576131210572563,1
33,20000,ordinal_pooled_candidate_uncertified,0.95,0.8996192799359501,0.9711583078179837,0.8996192799359501,1,0.9711583078179837,1,41,,,
33,20000,ordinal_candidate_plus_cp_certification,0.95,0.8996192799359501,0.9711583078179837,0.8996192799359501,1,0.9711583078179837,1,625,610,0.9576131210572563,1
33,20000,ordinal_pooled_candidate_uncertified,0.97,0.9675067365290344,0.9873742597808963,0.9675067365290344,1,0.9873742597808963,1,41,,,
33,20000,ordinal_candidate_plus_cp_certification,0.97,0.9675067365290344,0.9873742597808963,0.9675067365290344,1,0.9873742597808963,1,625,620,0.9791621394775099,1
34,20000,independent_mondrian_total_budget,,,,0.7853366976398157,1,0.9076932973819289,1,654,,,
34,20000,direct_pac_split_matched,,0.817548564483684,0.9315906351234552,0.817548564483684,1,0.9315906351234552,1,645,599,0.9015882935058426,1
34,20000,direct_pac_total_budget,,0.8171572226633264,0.9313321477932973,0.8171572226633264,1,0.9313321477932973,1,654,607,0.9011743376937145,1
34,20000,ordinal_pooled_candidate_uncertified,0.9,0.7516946677112535,0.8766645371290192,0.7516946677112535,1,0.8766645371290192,0,49,,,
34,20000,ordinal_candidate_plus_cp_certification,0.9,0.7516946677112535,0.8766645371290192,,0,1.0,1,645,561,0.8358689352162603,0
34,20000,ordinal_pooled_candidate_uncertified,0.93,0.7814169735548078,0.9044080550293379,0.7814169735548078,1,0.9044080550293379,1,49,,,
34,20000,ordinal_candidate_plus_cp_certification,0.93,0.7814169735548078,0.9044080550293379,,0,1.0,1,645,578,0.8649135124321605,0
34,20000,ordinal_pooled_candidate_uncertified,0.95,0.7908809855256642,0.9121963868090739,0.7908809855256642,1,0.9121963868090739,1,49,,,
34,20000,ordinal_candidate_plus_cp_certification,0.95,0.7908809855256642,0.9121963868090739,,0,1.0,1,645,586,0.8787624325001688,0
34,20000,ordinal_pooled_candidate_uncertified,0.97,1.0272601231377831,0.9943984741025506,1.0272601231377831,1,0.9943984741025506,1,49,,,
34,20000,ordinal_candidate_plus_cp_certification,0.97,1.0272601231377831,0.9943984741025506,1.0272601231377831,1,0.9943984741025506,1,645,638,0.9753665516429897,1
35,20000,independent_mondrian_total_budget,,,,0.7894550000234133,1,0.9110541596812916,1,571,,,
35,20000,direct_pac_split_matched,,0.8093183494934694,0.9259943505486322,0.8093183494934694,1,0.9259943505486322,1,566,526,0.9002431845712549,1
35,20000,direct_pac_total_budget,,0.8115739069710868,0.9275617463226985,0.8115739069710868,1,0.9275617463226985,1,571,531,0.9011030384461716,1
35,20000,ordinal_pooled_candidate_uncertified,0.9,0.7791176768075991,0.9024413334071691,0.7791176768075991,1,0.9024413334071691,1,45,,,
35,20000,ordinal_candidate_plus_cp_certification,0.9,0.7791176768075991,0.9024413334071691,,0,1.0,1,566,508,0.8641365938467609,0
35,20000,ordinal_pooled_candidate_uncertified,0.93,0.9288020217538071,0.9795237257428815,0.9288020217538071,1,0.9795237257428815,1,45,,,
35,20000,ordinal_candidate_plus_cp_certification,0.93,0.9288020217538071,0.9795237257428815,0.9288020217538071,1,0.9795237257428815,1,566,558,0.9695080800758415,1
35,20000,ordinal_pooled_candidate_uncertified,0.95,0.9617322064446361,0.9864008866151331,0.9617322064446361,1,0.9864008866151331,1,45,,,
35,20000,ordinal_candidate_plus_cp_certification,0.95,0.9617322064446361,0.9864008866151331,0.9617322064446361,1,0.9864008866151331,1,566,560,0.9744512582819538,1
35,20000,ordinal_pooled_candidate_uncertified,0.97,1.038162645689974,0.995212527925031,1.038162645689974,1,0.995212527925031,1,45,,,
35,20000,ordinal_candidate_plus_cp_certification,0.97,1.038162645689974,0.995212527925031,1.038162645689974,1,0.995212527925031,1,566,566,0.9918966673658252,1
36,20000,independent_mondrian_total_budget,,,,0.7713550848227404,1,0.8955825162323041,0,623,,,
36,20000,direct_pac_split_matched,,0.7891470443896365,0.9108060385203732,0.7891470443896365,1,0.9108060385203732,1,612,568,0.9001055540887128,1
36,20000,direct_pac_total_budget,,0.7891470443896365,0.9108060385203732,0.7891470443896365,1,0.9108060385203732,1,623,578,0.9000028241378379,1
36,20000,ordinal_pooled_candidate_uncertified,0.9,0.7874031506285508,0.9093912526110863,0.7874031506285508,1,0.9093912526110863,1,50,,,
36,20000,ordinal_candidate_plus_cp_certification,0.9,0.7874031506285508,0.9093912526110863,,0,1.0,1,612,567,0.8982331118661446,0
36,20000,ordinal_pooled_candidate_uncertified,0.93,0.8207304378742505,0.933664527156365,0.8207304378742505,1,0.933664527156365,1,50,,,
36,20000,ordinal_candidate_plus_cp_certification,0.93,0.8207304378742505,0.933664527156365,0.8207304378742505,1,0.933664527156365,1,612,583,0.9286935157661518,1
36,20000,ordinal_pooled_candidate_uncertified,0.95,0.8633971947500139,0.9570091325973256,0.8633971947500139,1,0.9570091325973256,1,50,,,
36,20000,ordinal_candidate_plus_cp_certification,0.95,0.8633971947500139,0.9570091325973256,0.8633971947500139,1,0.9570091325973256,1,612,594,0.9505446683849126,1
36,20000,ordinal_pooled_candidate_uncertified,0.97,0.906844915574308,0.9734572391151608,0.906844915574308,1,0.9734572391151608,1,50,,,
36,20000,ordinal_candidate_plus_cp_certification,0.97,0.906844915574308,0.9734572391151608,0.906844915574308,1,0.9734572391151608,1,612,602,0.9673562068385702,1
37,20000,independent_mondrian_total_budget,,,,0.7628668587980989,1,0.8876899524807562,0,581,,,
37,20000,direct_pac_split_matched,,0.7907164245522201,0.9120651332089824,0.7907164245522201,1,0.9120651332089824,1,579,538,0.9004561588737174,1
37,20000,direct_pac_total_budget,,0.7907164245522201,0.9120651332089824,0.7907164245522201,1,0.9120651332089824,1,581,540,0.9007934953024201,1
37,20000,ordinal_pooled_candidate_uncertified,0.9,0.8548784797391351,0.9529732471367471,0.8548784797391351,1,0.9529732471367471,1,56,,,
37,20000,ordinal_candidate_plus_cp_certification,0.9,0.8548784797391351,0.9529732471367471,0.8548784797391351,1,0.9529732471367471,1,579,558,0.9413503270048147,1
37,20000,ordinal_pooled_candidate_uncertified,0.93,0.8920804297770536,0.9685856745519333,0.8920804297770536,1,0.9685856745519333,1,56,,,
37,20000,ordinal_candidate_plus_cp_certification,0.93,0.8920804297770536,0.9685856745519333,0.8920804297770536,1,0.9685856745519333,1,579,565,0.9564856812767981,1
37,20000,ordinal_pooled_candidate_uncertified,0.95,0.892913974786534,0.9688791405539079,0.892913974786534,1,0.9688791405539079,1,56,,,
37,20000,ordinal_candidate_plus_cp_certification,0.95,0.892913974786534,0.9688791405539079,0.892913974786534,1,0.9688791405539079,1,579,565,0.9564856812767981,1
37,20000,ordinal_pooled_candidate_uncertified,0.97,1.014898708791803,0.9933287383866058,1.014898708791803,1,0.9933287383866058,1,56,,,
37,20000,ordinal_candidate_plus_cp_certification,0.97,1.014898708791803,0.9933287383866058,1.014898708791803,1,0.9933287383866058,1,579,575,0.9800887207999225,1
38,20000,independent_mondrian_total_budget,,,,0.7868214620460345,1,0.9089156547935522,1,574,,,
38,20000,direct_pac_split_matched,,0.8163795774014513,0.9308162663107349,0.8163795774014513,1,0.9308162663107349,1,572,532,0.9012732341872458,1
38,20000,direct_pac_total_budget,,0.8163795774014513,0.9308162663107349,0.8163795774014513,1,0.9308162663107349,1,574,534,0.9016118749706683,1
38,20000,ordinal_pooled_candidate_uncertified,0.9,0.8368586640126253,0.9434365073892842,0.8368586640126253,1,0.9434365073892842,1,47,,,
38,20000,ordinal_candidate_plus_cp_certification,0.9,0.8368586640126253,0.9434365073892842,0.8368586640126253,1,0.9434365073892842,1,572,540,0.9175715537076399,1
38,20000,ordinal_pooled_candidate_uncertified,0.93,0.8437963626484164,0.9472744118795033,0.8437963626484164,1,0.9472744118795033,1,47,,,
38,20000,ordinal_candidate_plus_cp_certification,0.93,0.8437963626484164,0.9472744118795033,0.8437963626484164,1,0.9472744118795033,1,572,541,0.9196329846951237,1
38,20000,ordinal_pooled_candidate_uncertified,0.95,0.8660730765978808,0.9582174926926001,0.8660730765978808,1,0.9582174926926001,1,47,,,
38,20000,ordinal_candidate_plus_cp_certification,0.95,0.8660730765978808,0.9582174926926001,0.8660730765978808,1,0.9582174926926001,1,572,551,0.9406410805209715,1
38,20000,ordinal_pooled_candidate_uncertified,0.97,0.8888819650922665,0.9674382817648602,0.8888819650922665,1,0.9674382817648602,1,47,,,
38,20000,ordinal_candidate_plus_cp_certification,0.97,0.8888819650922665,0.9674382817648602,0.8888819650922665,1,0.9674382817648602,1,572,555,0.9493107288437292,1
39,20000,independent_mondrian_total_budget,,,,0.7725051741380917,1,0.8966201884120675,0,604,,,
39,20000,direct_pac_split_matched,,0.8014435263023085,0.9203185675191383,0.8014435263023085,1,0.9203185675191383,1,599,557,0.9018064237404646,1
39,20000,direct_pac_total_budget,,0.8014435263023085,0.9203185675191383,0.8014435263023085,1,0.9203185675191383,1,604,561,0.9007030807056007,1
39,20000,ordinal_pooled_candidate_uncertified,0.9,0.801576349734525,0.9204169558296228,0.801576349734525,1,0.9204169558296228,1,39,,,
39,20000,ordinal_candidate_plus_cp_certification,0.9,0.801576349734525,0.9204169558296228,0.801576349734525,1,0.9204169558296228,1,599,557,0.9018064237404646,1
39,20000,ordinal_pooled_candidate_uncertified,0.93,0.8598125695226647,0.9553463286905662,0.8598125695226647,1,0.9553463286905662,1,39,,,
39,20000,ordinal_candidate_plus_cp_certification,0.93,0.8598125695226647,0.9553463286905662,0.8598125695226647,1,0.9553463286905662,1,599,574,0.9351628751579264,1
39,20000,ordinal_pooled_candidate_uncertified,0.95,0.8598125695226647,0.9553463286905662,0.8598125695226647,1,0.9553463286905662,1,39,,,
39,20000,ordinal_candidate_plus_cp_certification,0.95,0.8598125695226647,0.9553463286905662,0.8598125695226647,1,0.9553463286905662,1,599,574,0.9351628751579264,1
39,20000,ordinal_pooled_candidate_uncertified,0.97,0.9278968250740627,0.979299133010316,0.9278968250740627,1,0.979299133010316,1,39,,,
39,20000,ordinal_candidate_plus_cp_certification,0.97,0.9278968250740627,0.979299133010316,0.9278968250740627,1,0.979299133010316,1,599,585,0.9579245836684396,1
40,20000,independent_mondrian_total_budget,,,,0.7726345596856286,1,0.8967364568754037,0,591,,,
40,20000,direct_pac_split_matched,,0.806702745741962,0.9241444608075513,0.806702745741962,1,0.9241444608075513,1,583,542,0.9011285539580174,1
40,20000,direct_pac_total_budget,,0.806702745741962,0.9241444608075513,0.806702745741962,1,0.9241444608075513,1,591,549,0.9004977587267924,1
40,20000,ordinal_pooled_candidate_uncertified,0.9,0.8579843755019096,0.9544785492379757,0.8579843755019096,1,0.9544785492379757,1,38,,,
40,20000,ordinal_candidate_plus_cp_certification,0.9,0.8579843755019096,0.9544785492379757,0.8579843755019096,1,0.9544785492379757,1,583,558,0.9334056641376245,1
40,20000,ordinal_pooled_candidate_uncertified,0.93,0.8606220045557493,0.955726259690051,0.8606220045557493,1,0.955726259690051,1,38,,,
40,20000,ordinal_candidate_plus_cp_certification,0.93,0.8606220045557493,0.955726259690051,0.8606220045557493,1,0.955726259690051,1,583,558,0.9334056641376245,1
40,20000,ordinal_pooled_candidate_uncertified,0.95,1.1037879959277714,0.9982438807928408,1.1037879959277714,1,0.9982438807928408,1,38,,,
40,20000,ordinal_candidate_plus_cp_certification,0.95,1.1037879959277714,0.9982438807928408,1.1037879959277714,1,0.9982438807928408,1,583,583,0.9921320246101548,1
40,20000,ordinal_pooled_candidate_uncertified,0.97,1.1037879959277714,0.9982438807928408,1.1037879959277714,1,0.9982438807928408,1,38,,,
40,20000,ordinal_candidate_plus_cp_certification,0.97,1.1037879959277714,0.9982438807928408,1.1037879959277714,1,0.9982438807928408,1,583,583,0.9921320246101548,1
41,20000,independent_mondrian_total_budget,,,,0.7855753180198,1,0.9078905602498317,1,600,,,
41,20000,direct_pac_split_matched,,0.8158726478871903,0.930478370284048,0.8158726478871903,1,0.930478370284048,1,593,551,0.9008281831122127,1
41,20000,direct_pac_total_budget,,0.8158726478871903,0.930478370284048,0.8158726478871903,1,0.930478370284048,1,600,557,0.900051273398949,1
41,20000,ordinal_pooled_candidate_uncertified,0.9,0.8249265124465459,0.9363246145620935,0.8249265124465459,1,0.9363246145620935,1,32,,,
41,20000,ordinal_candidate_plus_cp_certification,0.9,0.8249265124465459,0.9363246145620935,0.8249265124465459,1,0.9363246145620935,1,593,553,0.9047167918996128,1
41,20000,ordinal_pooled_candidate_uncertified,0.93,0.8595034825774646,0.9552005590608554,0.8595034825774646,1,0.9552005590608554,1,32,,,
41,20000,ordinal_candidate_plus_cp_certification,0.93,0.8595034825774646,0.9552005590608554,0.8595034825774646,1,0.9552005590608554,1,593,564,0.9264386493480834,1
41,20000,ordinal_pooled_candidate_uncertified,0.95,0.941580084353235,0.9824801981268734,0.941580084353235,1,0.9824801981268734,1,32,,,
41,20000,ordinal_candidate_plus_cp_certification,0.95,0.941580084353235,0.9824801981268734,0.941580084353235,1,0.9824801981268734,1,593,584,0.9685860355449496,1
41,20000,ordinal_pooled_candidate_uncertified,0.97,,1.0,,0,1.0,1,32,,,
41,20000,ordinal_candidate_plus_cp_certification,0.97,,1.0,,0,1.0,1,593,0,0.0,0
42,20000,independent_mondrian_total_budget,,,,0.7454672575890842,1,0.8701998373202062,0,661,,,
42,20000,direct_pac_split_matched,,0.7863066279633966,0.9084931759392316,0.7863066279633966,1,0.9084931759392316,1,656,609,0.9014712358689716,1
42,20000,direct_pac_total_budget,,0.7908863181015362,0.9122006376182894,0.7908863181015362,1,0.9122006376182894,1,661,613,0.9004782063041188,1
42,20000,ordinal_pooled_candidate_uncertified,0.9,0.9123875587451284,0.9751151364889881,0.9123875587451284,1,0.9751151364889881,1,41,,,
42,20000,ordinal_candidate_plus_cp_certification,0.9,0.9123875587451284,0.9751151364889881,0.9123875587451284,1,0.9751151364889881,1,656,643,0.9635146739806175,1
42,20000,ordinal_pooled_candidate_uncertified,0.93,1.0347306719771079,0.9949684480992644,1.0347306719771079,1,0.9949684480992644,1,41,,,
42,20000,ordinal_candidate_plus_cp_certification,0.93,1.0347306719771079,0.9949684480992644,1.0347306719771079,1,0.9949684480992644,1,656,653,0.9847693373501487,1
42,20000,ordinal_pooled_candidate_uncertified,0.95,1.0347306719771079,0.9949684480992644,1.0347306719771079,1,0.9949684480992644,1,41,,,
42,20000,ordinal_candidate_plus_cp_certification,0.95,1.0347306719771079,0.9949684480992644,1.0347306719771079,1,0.9949684480992644,1,656,653,0.9847693373501487,1
42,20000,ordinal_pooled_candidate_uncertified,0.97,1.0754786951216562,0.9972601600718023,1.0754786951216562,1,0.9972601600718023,1,41,,,
42,20000,ordinal_candidate_plus_cp_certification,0.97,1.0754786951216562,0.9972601600718023,1.0754786951216562,1,0.9972601600718023,1,656,656,0.993004506675123,1
43,20000,independent_mondrian_total_budget,,,,0.7777295591321763,1,0.901239720452502,1,578,,,
43,20000,direct_pac_split_matched,,0.8177191251149918,0.9317030578869067,0.8177191251149918,1,0.9317030578869067,1,574,534,0.9016118749706683,1
43,20000,direct_pac_total_budget,,0.8117269521946726,0.9276671695726941,0.8117269521946726,1,0.9276671695726941,1,578,537,0.9002866292266067,1
43,20000,ordinal_pooled_candidate_uncertified,0.9,0.7005464287548799,0.816665963841454,0.7005464287548799,1,0.816665963841454,0,39,,,
43,20000,ordinal_candidate_plus_cp_certification,0.9,0.7005464287548799,0.816665963841454,,0,1.0,1,574,478,0.7933595422443018,0
43,20000,ordinal_pooled_candidate_uncertified,0.93,0.7492870699046283,0.874192468398774,0.7492870699046283,1,0.874192468398774,0,39,,,
43,20000,ordinal_candidate_plus_cp_certification,0.93,0.7492870699046283,0.874192468398774,,0,1.0,1,574,503,0.840833916600926,0
43,20000,ordinal_pooled_candidate_uncertified,0.95,0.7492870699046283,0.874192468398774,0.7492870699046283,1,0.874192468398774,0,39,,,
43,20000,ordinal_candidate_plus_cp_certification,0.95,0.7492870699046283,0.874192468398774,,0,1.0,1,574,503,0.840833916600926,0
43,20000,ordinal_pooled_candidate_uncertified,0.97,0.7912569326044869,0.9124956933087901,0.7912569326044869,1,0.9124956933087901,1,39,,,
43,20000,ordinal_candidate_plus_cp_certification,0.97,0.7912569326044869,0.9124956933087901,,0,1.0,1,574,521,0.8757846265754572,0
44,20000,independent_mondrian_total_budget,,,,0.7799935859063907,1,0.9031940194288677,1,614,,,
44,20000,direct_pac_split_matched,,0.8205289396939475,0.9335346547913155,0.8205289396939475,1,0.9335346547913155,1,607,564,0.9011863863258998,1
44,20000,direct_pac_total_budget,,0.8205289396939475,0.9335346547913155,0.8205289396939475,1,0.9335346547913155,1,614,570,0.9004260079119473,1
44,20000,ordinal_pooled_candidate_uncertified,0.9,0.773698172618352,0.8976886442103302,0.773698172618352,1,0.8976886442103302,0,42,,,
44,20000,ordinal_candidate_plus_cp_certification,0.9,0.773698172618352,0.8976886442103302,,0,1.0,1,607,544,0.8639428142661598,0
44,20000,ordinal_pooled_candidate_uncertified,0.93,0.8194176524818507,0.9328148532549145,0.8194176524818507,1,0.9328148532549145,1,42,,,
44,20000,ordinal_candidate_plus_cp_certification,0.93,0.8194176524818507,0.9328148532549145,,0,1.0,1,607,563,0.8992953259099714,0
44,20000,ordinal_pooled_candidate_uncertified,0.95,0.8246870258726514,0.9361750606067443,0.8246870258726514,1,0.9361750606067443,1,42,,,
44,20000,ordinal_candidate_plus_cp_certification,0.95,0.8246870258726514,0.9361750606067443,0.8246870258726514,1,0.9361750606067443,1,607,566,0.9049796591299473,1
44,20000,ordinal_pooled_candidate_uncertified,0.97,0.8521123994010422,0.9515992766078352,0.8521123994010422,1,0.9515992766078352,1,42,,,
44,20000,ordinal_candidate_plus_cp_certification,0.97,0.8521123994010422,0.9515992766078352,0.8521123994010422,1,0.9515992766078352,1,607,579,0.9300767301669999,1
45,20000,independent_mondrian_total_budget,,,,0.7969128426572316,1,0.9169071197418448,1,614,,,
45,20000,direct_pac_split_matched,,0.8363938685721319,0.9431717153639626,0.8363938685721319,1,0.9431717153639626,1,609,566,0.9015059857181604,1
45,20000,direct_pac_total_budget,,0.8353725328142088,0.9425864354821156,0.8353725328142088,1,0.9425864354821156,1,614,570,0.9004260079119473,1
45,20000,ordinal_pooled_candidate_uncertified,0.9,0.6986333030614941,0.8141159965435814,0.6986333030614941,1,0.8141159965435814,0,41,,,
45,20000,ordinal_candidate_plus_cp_certification,0.9,0.6986333030614941,0.8141159965435814,,0,1.0,1,609,478,0.7435293750321026,0
45,20000,ordinal_pooled_candidate_uncertified,0.93,0.746533740450462,0.8713232971715527,0.746533740450462,1,0.8713232971715527,0,41,,,
45,20000,ordinal_candidate_plus_cp_certification,0.93,0.746533740450462,0.8713232971715527,,0,1.0,1,609,522,0.8209997581343169,0
45,20000,ordinal_pooled_candidate_uncertified,0.95,0.746533740450462,0.8713232971715527,0.746533740450462,1,0.8713232971715527,0,41,,,
45,20000,ordinal_candidate_plus_cp_certification,0.95,0.746533740450462,0.8713232971715527,,0,1.0,1,609,522,0.8209997581343169,0
45,20000,ordinal_pooled_candidate_uncertified,0.97,0.8363261890290175,0.9431330773154701,0.8363261890290175,1,0.9431330773154701,1,41,,,
45,20000,ordinal_candidate_plus_cp_certification,0.97,0.8363261890290175,0.9431330773154701,,0,1.0,1,609,565,0.8996209886813107,0
46,20000,independent_mondrian_total_budget,,,,0.7979894227631628,1,0.91772753127551,1,561,,,
46,20000,direct_pac_split_matched,,0.8314324873838643,0.9402840379100426,0.8314324873838643,1,0.9402840379100426,1,558,519,0.9009056899200585,1
46,20000,direct_pac_total_budget,,0.8314324873838643,0.9402840379100426,0.8314324873838643,1,0.9402840379100426,1,561,522,0.901427255826573,1
46,20000,ordinal_pooled_candidate_uncertified,0.9,0.7379283077180392,0.8620644611432495,0.7379283077180392,1,0.8620644611432495,0,48,,,
46,20000,ordinal_candidate_plus_cp_certification,0.9,0.7379283077180392,0.8620644611432495,,0,1.0,1,558,468,0.7991939898443794,0
46,20000,ordinal_pooled_candidate_uncertified,0.93,0.8048240897337613,0.9227941960313881,0.8048240897337613,1,0.9227941960313881,1,48,,,
46,20000,ordinal_candidate_plus_cp_certification,0.93,0.8048240897337613,0.9227941960313881,,0,1.0,1,558,509,0.8803922366806376,0
46,20000,ordinal_pooled_candidate_uncertified,0.95,0.9571244609818408,0.9855783753083186,0.9571244609818408,1,0.9855783753083186,1,48,,,
46,20000,ordinal_candidate_plus_cp_certification,0.95,0.9571244609818408,0.9855783753083186,0.9571244609818408,1,0.9855783753083186,1,558,553,0.9766783036554927,1
46,20000,ordinal_pooled_candidate_uncertified,0.97,0.9863716700656057,0.9901459279125857,0.9863716700656057,1,0.9901459279125857,1,48,,,
46,20000,ordinal_candidate_plus_cp_certification,0.97,0.9863716700656057,0.9901459279125857,0.9863716700656057,1,0.9901459279125857,1,558,555,0.9821113016501544,1
47,20000,independent_mondrian_total_budget,,,,0.7881834764462341,1,0.9100263610122754,1,606,,,
47,20000,direct_pac_split_matched,,0.82707371336944,0.937653339850415,0.82707371336944,1,0.937653339850415,1,600,557,0.900051273398949,1
47,20000,direct_pac_total_budget,,0.82707371336944,0.937653339850415,0.82707371336944,1,0.937653339850415,1,606,563,0.9010258078608151,1
47,20000,ordinal_pooled_candidate_uncertified,0.9,0.7163845570782544,0.8369310552285656,0.7163845570782544,1,0.8369310552285656,0,40,,,
47,20000,ordinal_candidate_plus_cp_certification,0.9,0.7163845570782544,0.8369310552285656,,0,1.0,1,600,504,0.8021088542369068,0
47,20000,ordinal_pooled_candidate_uncertified,0.93,0.782662897502922,0.9054615006361921,0.782662897502922,1,0.9054615006361921,1,40,,,
47,20000,ordinal_candidate_plus_cp_certification,0.93,0.782662897502922,0.9054615006361921,,0,1.0,1,600,538,0.8642428993364686,0
47,20000,ordinal_pooled_candidate_uncertified,0.95,0.782662897502922,0.9054615006361921,0.782662897502922,1,0.9054615006361921,1,40,,,
47,20000,ordinal_candidate_plus_cp_certification,0.95,0.782662897502922,0.9054615006361921,,0,1.0,1,600,538,0.8642428993364686,0
47,20000,ordinal_pooled_candidate_uncertified,0.97,0.858585683822672,0.9547654534430619,0.858585683822672,1,0.9547654534430619,1,40,,,
47,20000,ordinal_candidate_plus_cp_certification,0.97,0.858585683822672,0.9547654534430619,0.858585683822672,1,0.9547654534430619,1,600,571,0.927285786429153,1
48,20000,independent_mondrian_total_budget,,,,0.792724700215127,1,0.9136569541503035,1,578,,,
48,20000,direct_pac_split_matched,,0.8181211189968451,0.9319674627404346,0.8181211189968451,1,0.9319674627404346,1,569,529,0.9007608811346468,1
48,20000,direct_pac_total_budget,,0.8233755064473622,0.9353511964123868,0.8233755064473622,1,0.9353511964123868,1,578,537,0.9002866292266067,1
48,20000,ordinal_pooled_candidate_uncertified,0.9,0.8797428688039592,0.9639680606334289,0.8797428688039592,1,0.9639680606334289,1,47,,,
48,20000,ordinal_candidate_plus_cp_certification,0.9,0.8797428688039592,0.9639680606334289,0.8797428688039592,1,0.9639680606334289,1,569,545,0.9339102963018735,1
48,20000,ordinal_pooled_candidate_uncertified,0.93,0.9280774689796849,0.9793441193241345,0.9280774689796849,1,0.9793441193241345,1,47,,,
48,20000,ordinal_candidate_plus_cp_certification,0.93,0.9280774689796849,0.9793441193241345,0.9280774689796849,1,0.9793441193241345,1,569,556,0.9579910312017916,1
48,20000,ordinal_pooled_candidate_uncertified,0.95,1.0508470317565166,0.9960255795011265,1.0508470317565166,1,0.9960255795011265,1,47,,,
48,20000,ordinal_candidate_plus_cp_certification,0.95,1.0508470317565166,0.9960255795011265,1.0508470317565166,1,0.9960255795011265,1,569,568,0.9883909362318317,1
48,20000,ordinal_pooled_candidate_uncertified,0.97,1.0511258385355857,0.9960419697476526,1.0511258385355857,1,0.9960419697476526,1,47,,,
48,20000,ordinal_candidate_plus_cp_certification,0.97,1.0511258385355857,0.9960419697476526,1.0511258385355857,1,0.9960419697476526,1,569,568,0.9883909362318317,1
49,20000,independent_mondrian_total_budget,,,,0.7902758495042581,1,0.9117130109838341,1,588,,,
49,20000,direct_pac_split_matched,,0.8324775744925264,0.9409016788352094,0.8324775744925264,1,0.9409016788352094,1,585,544,0.9014613578239496,1
49,20000,direct_pac_total_budget,,0.8324775744925264,0.9409016788352094,0.8324775744925264,1,0.9409016788352094,1,588,547,0.9019563854116768,1
49,20000,ordinal_pooled_candidate_uncertified,0.9,0.7449576884742954,0.86966065340826,0.7449576884742954,1,0.86966065340826,0,45,,,
49,20000,ordinal_candidate_plus_cp_certification,0.9,0.7449576884742954,0.86966065340826,,0,1.0,1,585,499,0.8156786428012304,0
49,20000,ordinal_pooled_candidate_uncertified,0.93,0.8035187920970075,0.921845327782513,0.8035187920970075,1,0.921845327782513,1,45,,,
49,20000,ordinal_candidate_plus_cp_certification,0.93,0.8035187920970075,0.921845327782513,,0,1.0,1,585,533,0.8800101887950276,0
49,20000,ordinal_pooled_candidate_uncertified,0.95,0.8589418850915754,0.954934721617577,0.8589418850915754,1,0.954934721617577,1,45,,,
49,20000,ordinal_candidate_plus_cp_certification,0.95,0.8589418850915754,0.954934721617577,0.8589418850915754,1,0.954934721617577,1,585,556,0.9254460023406585,1
49,20000,ordinal_pooled_candidate_uncertified,0.97,0.9353898107175757,0.9810968691934813,0.9353898107175757,1,0.9810968691934813,1,45,,,
49,20000,ordinal_candidate_plus_cp_certification,0.97,0.9353898107175757,0.9810968691934813,0.9353898107175757,1,0.9810968691934813,1,585,573,0.961350321018182,1
50,20000,independent_mondrian_total_budget,,,,0.7783585557525505,1,0.9017855415938112,1,568,,,
50,20000,direct_pac_split_matched,,0.8094212323500978,0.926066403729481,0.8094212323500978,1,0.926066403729481,1,563,524,0.9017719280445411,1
50,20000,direct_pac_total_budget,,0.8076577920283634,0.924823958514762,0.8076577920283634,1,0.924823958514762,1,568,528,0.900588913449081,1
50,20000,ordinal_pooled_candidate_uncertified,0.9,0.7943840295837588,0.9149558512515759,0.7943840295837588,1,0.9149558512515759,1,43,,,
50,20000,ordinal_candidate_plus_cp_certification,0.9,0.7943840295837588,0.9149558512515759,,0,1.0,1,563,517,0.8874966861513602,0
50,20000,ordinal_pooled_candidate_uncertified,0.93,0.8150686562646479,0.9299398620986108,0.8150686562646479,1,0.9299398620986108,1,43,,,
50,20000,ordinal_candidate_plus_cp_certification,0.93,0.8150686562646479,0.9299398620986108,0.8150686562646479,1,0.9299398620986108,1,563,527,0.9079555851803585,1
50,20000,ordinal_pooled_candidate_uncertified,0.95,0.9511768265902608,0.9844536431270541,0.9511768265902608,1,0.9844536431270541,1,43,,,
50,20000,ordinal_candidate_plus_cp_certification,0.95,0.9511768265902608,0.9844536431270541,0.9511768265902608,1,0.9844536431270541,1,563,554,0.9669267178935024,1
50,20000,ordinal_pooled_candidate_uncertified,0.97,1.0991601699949063,0.9981090383851685,1.0991601699949063,1,0.9981090383851685,1,43,,,
50,20000,ordinal_candidate_plus_cp_certification,0.97,1.0991601699949063,0.9981090383851685,1.0991601699949063,1,0.9981090383851685,1,563,561,0.9851540541621597,1
51,20000,independent_mondrian_total_budget,,,,0.7714643043797831,1,0.8956813830922288,0,623,,,
51,20000,direct_pac_split_matched,,0.7951830164055447,0.9155760373646531,0.7951830164055447,1,0.9155760373646531,1,617,573,0.9009028535448571,1
51,20000,direct_pac_total_budget,,0.7951830164055447,0.9155760373646531,0.7951830164055447,1,0.9155760373646531,1,623,578,0.9000028241378379,1
51,20000,ordinal_pooled_candidate_uncertified,0.9,0.9058600486752839,0.9731532002199859,0.9058600486752839,1,0.9731532002199859,1,48,,,
51,20000,ordinal_candidate_plus_cp_certification,0.9,0.9058600486752839,0.9731532002199859,0.9058600486752839,1,0.9731532002199859,1,617,603,0.959140590789977,1
51,20000,ordinal_pooled_candidate_uncertified,0.93,0.9287497397474076,0.9795108102169827,0.9287497397474076,1,0.9795108102169827,1,48,,,
51,20000,ordinal_candidate_plus_cp_certification,0.93,0.9287497397474076,0.9795108102169827,0.9287497397474076,1,0.9795108102169827,1,617,604,0.9612294239179495,1
51,20000,ordinal_pooled_candidate_uncertified,0.95,0.9404774304280443,0.9822403121399971,0.9404774304280443,1,0.9822403121399971,1,48,,,
51,20000,ordinal_candidate_plus_cp_certification,0.95,0.9404774304280443,0.9822403121399971,0.9404774304280443,1,0.9822403121399971,1,617,604,0.9612294239179495,1
51,20000,ordinal_pooled_candidate_uncertified,0.97,0.9513895174689343,0.984495125753845,0.9513895174689343,1,0.984495125753845,1,48,,,
51,20000,ordinal_candidate_plus_cp_certification,0.97,0.9513895174689343,0.984495125753845,0.9513895174689343,1,0.984495125753845,1,617,605,0.9633371468469321,1
52,20000,independent_mondrian_total_budget,,,,0.7816746899186724,1,0.9046266632688976,1,593,,,
52,20000,direct_pac_split_matched,,0.8298632382984594,0.9393471353237842,0.8298632382984594,1,0.9393471353237842,1,584,543,0.901295236315321,1
52,20000,direct_pac_total_budget,,0.8263731714111042,0.9372222297738086,0.8263731714111042,1,0.9372222297738086,1,593,551,0.9008281831122127,1
52,20000,ordinal_pooled_candidate_uncertified,0.9,0.7805686562159442,0.9036858644426508,0.7805686562159442,1,0.9036858644426508,1,46,,,
52,20000,ordinal_candidate_plus_cp_certification,0.9,0.7805686562159442,0.9036858644426508,,0,1.0,1,584,525,0.866330535170817,0
52,20000,ordinal_pooled_candidate_uncertified,0.93,0.7941579358728625,0.914779735432798,0.7941579358728625,1,0.914779735432798,1,46,,,
52,20000,ordinal_candidate_plus_cp_certification,0.93,0.7941579358728625,0.914779735432798,,0,1.0,1,584,528,0.87209037943348,0
52,20000,ordinal_pooled_candidate_uncertified,0.95,0.8357687296049989,0.9428140379092049,0.8357687296049989,1,0.9428140379092049,1,46,,,
52,20000,ordinal_candidate_plus_cp_certification,0.95,0.8357687296049989,0.9428140379092049,0.8357687296049989,1,0.9428140379092049,1,584,545,0.9052506621904657,1
52,20000,ordinal_pooled_candidate_uncertified,0.97,0.869628041642976,0.9597801239806873,0.869628041642976,1,0.9597801239806873,1,46,,,
52,20000,ordinal_candidate_plus_cp_certification,0.97,0.869628041642976,0.9597801239806873,0.869628041642976,1,0.9597801239806873,1,584,563,0.9418466442005105,1
53,20000,independent_mondrian_total_budget,,,,0.7872385766670007,1,0.9092568817048636,1,605,,,
53,20000,direct_pac_split_matched,,0.825374226915723,0.9366034706929134,0.825374226915723,1,0.9366034706929134,1,600,557,0.900051273398949,1
53,20000,direct_pac_total_budget,,0.825374226915723,0.9366034706929134,0.825374226915723,1,0.9366034706929134,1,605,562,0.9008647068386888,1
53,20000,ordinal_pooled_candidate_uncertified,0.9,0.7961703865817547,0.9163377541145676,0.7961703865817547,1,0.9163377541145676,1,43,,,
53,20000,ordinal_candidate_plus_cp_certification,0.9,0.7961703865817547,0.9163377541145676,,0,1.0,1,600,545,0.877317245653739,0
53,20000,ordinal_pooled_candidate_uncertified,0.93,0.8017927158975873,0.9205770311406909,0.8017927158975873,1,0.9205770311406909,1,43,,,
53,20000,ordinal_candidate_plus_cp_certification,0.93,0.8017927158975873,0.9205770311406909,,0,1.0,1,600,545,0.877317245653739,0
53,20000,ordinal_pooled_candidate_uncertified,0.95,0.8347564627271258,0.9422311078654109,0.8347564627271258,1,0.9422311078654109,1,43,,,
53,20000,ordinal_candidate_plus_cp_certification,0.95,0.8347564627271258,0.9422311078654109,0.8347564627271258,1,0.9422311078654109,1,600,561,0.9077401418517446,1
53,20000,ordinal_pooled_candidate_uncertified,0.97,0.9184447225547656,0.9768267357259098,0.9184447225547656,1,0.9768267357259098,1,43,,,
53,20000,ordinal_candidate_plus_cp_certification,0.97,0.9184447225547656,0.9768267357259098,0.9184447225547656,1,0.9768267357259098,1,600,584,0.9537507719511271,1
54,20000,independent_mondrian_total_budget,,,,0.7930370754071291,1,0.9139026034072972,1,591,,,
54,20000,direct_pac_split_matched,,0.8350964672095469,0.9424274237227728,0.8350964672095469,1,0.9424274237227728,1,585,544,0.9014613578239496,1
54,20000,direct_pac_total_budget,,0.835014413908191,0.9423800949076404,0.835014413908191,1,0.9423800949076404,1,591,549,0.9004977587267924,1
54,20000,ordinal_pooled_candidate_uncertified,0.9,0.7128838546739978,0.8325821183807168,0.7128838546739978,1,0.8325821183807168,0,50,,,
54,20000,ordinal_candidate_plus_cp_certification,0.9,0.7128838546739978,0.8325821183807168,,0,1.0,1,585,480,0.7805985796748123,0
54,20000,ordinal_pooled_candidate_uncertified,0.93,0.7282677712608531,0.8511408454575139,0.7282677712608531,1,0.8511408454575139,0,50,,,
54,20000,ordinal_candidate_plus_cp_certification,0.93,0.7282677712608531,0.8511408454575139,,0,1.0,1,585,489,0.797153732263375,0
54,20000,ordinal_pooled_candidate_uncertified,0.95,0.7494733004110712,0.8743849101875875,0.7494733004110712,1,0.8743849101875875,0,50,,,
54,20000,ordinal_candidate_plus_cp_certification,0.95,0.7494733004110712,0.8743849101875875,,0,1.0,1,585,502,0.8212655325154179,0
54,20000,ordinal_pooled_candidate_uncertified,0.97,0.7633397091223733,0.8881405336813427,0.7633397091223733,1,0.8881405336813427,0,50,,,
54,20000,ordinal_candidate_plus_cp_certification,0.97,0.7633397091223733,0.8881405336813427,,0,1.0,1,585,508,0.832483913558933,0
55,20000,independent_mondrian_total_budget,,,,0.7864267445358131,1,0.9085918746569464,1,633,,,
55,20000,direct_pac_split_matched,,0.8032022432729551,0.9216138897431447,0.8032022432729551,1,0.9216138897431447,1,628,583,0.900787058600788,1
55,20000,direct_pac_total_budget,,0.8032022432729551,0.9216138897431447,0.8032022432729551,1,0.9216138897431447,1,633,588,0.901559092337544,1
55,20000,ordinal_pooled_candidate_uncertified,0.9,0.7133260969211652,0.8331356052461847,0.7133260969211652,1,0.8331356052461847,0,48,,,
55,20000,ordinal_candidate_plus_cp_certification,0.9,0.7133260969211652,0.8331356052461847,,0,1.0,1,628,517,0.7850194200168072,0
55,20000,ordinal_pooled_candidate_uncertified,0.93,0.7460325265918483,0.8707961490262965,0.7460325265918483,1,0.8707961490262965,0,48,,,
55,20000,ordinal_candidate_plus_cp_certification,0.93,0.7460325265918483,0.8707961490262965,,0,1.0,1,628,544,0.8315158847372264,0
55,20000,ordinal_pooled_candidate_uncertified,0.95,0.7929279044455788,0.9138168117729086,0.7929279044455788,1,0.9138168117729086,1,48,,,
55,20000,ordinal_candidate_plus_cp_certification,0.95,0.7929279044455788,0.9138168117729086,,0,1.0,1,628,571,0.8791118525886388,0
55,20000,ordinal_pooled_candidate_uncertified,0.97,0.8880347018315431,0.9671286160620621,0.8880347018315431,1,0.9671286160620621,1,48,,,
55,20000,ordinal_candidate_plus_cp_certification,0.97,0.8880347018315431,0.9671286160620621,0.8880347018315431,1,0.9671286160620621,1,628,603,0.9381222815163974,1
56,20000,independent_mondrian_total_budget,,,,0.7766367338428071,1,0.9002861319996888,1,632,,,
56,20000,direct_pac_split_matched,,0.8096219432212204,0.9262068156613983,0.8096219432212204,1,0.9262068156613983,1,623,578,0.9000028241378379,1
56,20000,direct_pac_total_budget,,0.8096219432212204,0.9262068156613983,0.8096219432212204,1,0.9262068156613983,1,632,587,0.9014056479656667,1
56,20000,ordinal_pooled_candidate_uncertified,0.9,0.752840459751946,0.8778289805562969,0.752840459751946,1,0.8778289805562969,0,45,,,
56,20000,ordinal_candidate_plus_cp_certification,0.9,0.752840459751946,0.8778289805562969,,0,1.0,1,623,548,0.8460328054569497,0
56,20000,ordinal_pooled_candidate_uncertified,0.93,0.7770702397479144,0.9006652067831342,0.7770702397479144,1,0.9006652067831342,1,45,,,
56,20000,ordinal_candidate_plus_cp_certification,0.93,0.7770702397479144,0.9006652067831342,,0,1.0,1,623,561,0.8691666596060534,0
56,20000,ordinal_pooled_candidate_uncertified,0.95,0.8102454378743449,0.9266416959103214,0.8102454378743449,1,0.9266416959103214,1,45,,,
56,20000,ordinal_candidate_plus_cp_certification,0.95,0.8102454378743449,0.9266416959103214,0.8102454378743449,1,0.9266416959103214,1,623,579,0.9018429783929123,1
56,20000,ordinal_pooled_candidate_uncertified,0.97,0.903369475664936,0.9723713380593,0.903369475664936,1,0.9723713380593,1,45,,,
56,20000,ordinal_candidate_plus_cp_certification,0.97,0.903369475664936,0.9723713380593,0.903369475664936,1,0.9723713380593,1,623,603,0.947424124929308,1
57,20000,independent_mondrian_total_budget,,,,0.8034479995803514,1,0.9217936143669649,1,620,,,
57,20000,direct_pac_split_matched,,0.8445068863523638,0.9476555165633953,0.8445068863523638,1,0.9476555165633953,1,617,573,0.9009028535448571,1
57,20000,direct_pac_total_budget,,0.8445068863523638,0.9476555165633953,0.8445068863523638,1,0.9476555165633953,1,620,576,0.9013751555018674,1
57,20000,ordinal_pooled_candidate_uncertified,0.9,0.877786802107118,0.9631872781680435,0.877786802107118,1,0.9631872781680435,1,42,,,
57,20000,ordinal_candidate_plus_cp_certification,0.9,0.877786802107118,0.9631872781680435,0.877786802107118,1,0.9631872781680435,1,617,586,0.925418665924086,1
57,20000,ordinal_pooled_candidate_uncertified,0.93,0.8859616938221543,0.966360708021845,0.8859616938221543,1,0.966360708021845,1,42,,,
57,20000,ordinal_candidate_plus_cp_certification,0.93,0.8859616938221543,0.966360708021845,0.8859616938221543,1,0.966360708021845,1,617,590,0.9331343981181686,1
57,20000,ordinal_pooled_candidate_uncertified,0.95,0.9108847184058841,0.9746744285479831,0.9108847184058841,1,0.9746744285479831,1,42,,,
57,20000,ordinal_candidate_plus_cp_certification,0.95,0.9108847184058841,0.9746744285479831,0.9108847184058841,1,0.9746744285479831,1,617,599,0.9509413109990397,1
57,20000,ordinal_pooled_candidate_uncertified,0.97,0.9248966737738155,0.9785397792614317,0.9248966737738155,1,0.9785397792614317,1,42,,,
57,20000,ordinal_candidate_plus_cp_certification,0.97,0.9248966737738155,0.9785397792614317,0.9248966737738155,1,0.9785397792614317,1,617,603,0.959140590789977,1
58,20000,independent_mondrian_total_budget,,,,0.7826247097823384,1,0.9054293400619906,1,630,,,
58,20000,direct_pac_split_matched,,0.8099181553006654,0.9264136651962049,0.8099181553006654,1,0.9264136651962049,1,626,581,0.9004748450163385,1
58,20000,direct_pac_total_budget,,0.8099181553006654,0.9264136651962049,0.8099181553006654,1,0.9264136651962049,1,630,585,0.9010973201697141,1
58,20000,ordinal_pooled_candidate_uncertified,0.9,0.7590175856606776,0.8839736610298762,0.7590175856606776,1,0.8839736610298762,0,45,,,
58,20000,ordinal_candidate_plus_cp_certification,0.9,0.7590175856606776,0.8839736610298762,,0,1.0,1,626,547,0.8397326764760484,0
58,20000,ordinal_pooled_candidate_uncertified,0.93,0.7878190431944547,0.9097301611430066,0.7878190431944547,1,0.9097301611430066,1,45,,,
58,20000,ordinal_candidate_plus_cp_certification,0.93,0.7878190431944547,0.9097301611430066,,0,1.0,1,626,567,0.8751454223264288,0
58,20000,ordinal_pooled_candidate_uncertified,0.95,0.8381591298960867,0.9441722138164877,0.8381591298960867,1,0.9441722138164877,1,45,,,
58,20000,ordinal_candidate_plus_cp_certification,0.95,0.8381591298960867,0.9441722138164877,0.8381591298960867,1,0.9441722138164877,1,626,587,0.9115180392255893,1
58,20000,ordinal_pooled_candidate_uncertified,0.97,0.9202004450654648,0.9773039249615496,0.9202004450654648,1,0.9773039249615496,1,45,,,
58,20000,ordinal_candidate_plus_cp_certification,0.97,0.9202004450654648,0.9773039249615496,0.9202004450654648,1,0.9773039249615496,1,626,608,0.9516394645238722,1
59,20000,independent_mondrian_total_budget,,,,0.8028748624628623,1,0.9213739858827861,1,619,,,
59,20000,direct_pac_split_matched,,0.8449811977521191,0.9479087040250774,0.8449811977521191,1,0.9479087040250774,1,608,565,0.9013464447713502,1
59,20000,direct_pac_total_budget,,0.8449811977521191,0.9479087040250774,0.8449811977521191,1,0.9479087040250774,1,619,575,0.9012182223554532,1
59,20000,ordinal_pooled_candidate_uncertified,0.9,0.8562625417138856,0.9536489046565004,0.8562625417138856,1,0.9536489046565004,1,56,,,
59,20000,ordinal_candidate_plus_cp_certification,0.9,0.8562625417138856,0.9536489046565004,0.8562625417138856,1,0.9536489046565004,1,608,571,0.9127561076188209,1
59,20000,ordinal_pooled_candidate_uncertified,0.93,1.0129714979001374,0.9931466122270011,1.0129714979001374,1,0.9931466122270011,1,56,,,
59,20000,ordinal_candidate_plus_cp_certification,0.93,1.0129714979001374,0.9931466122270011,1.0129714979001374,1,0.9931466122270011,1,608,601,0.9738786005409059,1
59,20000,ordinal_pooled_candidate_uncertified,0.95,1.0436134089168232,0.9955785285543403,1.0436134089168232,1,0.9955785285543403,1,56,,,
59,20000,ordinal_candidate_plus_cp_certification,0.95,1.0436134089168232,0.9955785285543403,1.0436134089168232,1,0.9955785285543403,1,608,604,0.9810324905272954,1
59,20000,ordinal_pooled_candidate_uncertified,0.97,1.0521285478042226,0.9961004169141645,1.0521285478042226,1,0.9961004169141645,1,56,,,
59,20000,ordinal_candidate_plus_cp_certification,0.97,1.0521285478042226,0.9961004169141645,1.0521285478042226,1,0.9961004169141645,1,608,604,0.9810324905272954,1
60,20000,independent_mondrian_total_budget,,,,0.7752443454690332,1,0.8990614249208277,0,628,,,
60,20000,direct_pac_split_matched,,0.8021107370505627,0.9208118719040741,0.8021107370505627,1,0.9208118719040741,1,621,577,0.9015315909843147,1
60,20000,direct_pac_total_budget,,0.8008014467578176,0.9198416522511151,0.8008014467578176,1,0.9198416522511151,1,628,583,0.900787058600788,1
60,20000,ordinal_pooled_candidate_uncertified,0.9,0.7626196774584726,0.8874538967398646,0.7626196774584726,1,0.8874538967398646,0,49,,,
60,20000,ordinal_candidate_plus_cp_certification,0.9,0.7626196774584726,0.8874538967398646,,0,1.0,1,621,555,0.8615769912588709,0
60,20000,ordinal_pooled_candidate_uncertified,0.93,0.803183313422426,0.9216000331303407,0.803183313422426,1,0.9216000331303407,1,49,,,
60,20000,ordinal_candidate_plus_cp_certification,0.93,0.803183313422426,0.9216000331303407,0.803183313422426,1,0.9216000331303407,1,621,578,0.9033810080208236,1
60,20000,ordinal_pooled_candidate_uncertified,0.95,0.8079854075360442,0.9250559786762397,0.8079854075360442,1,0.9250559786762397,1,49,,,
60,20000,ordinal_candidate_plus_cp_certification,0.95,0.8079854075360442,0.9250559786762397,0.8079854075360442,1,0.9250559786762397,1,621,579,0.9052340105275758,1
60,20000,ordinal_pooled_candidate_uncertified,0.97,0.8881839937762476,0.9671833561896681,0.8881839937762476,1,0.9671833561896681,1,49,,,
60,20000,ordinal_candidate_plus_cp_certification,0.97,0.8881839937762476,0.9671833561896681,0.8881839937762476,1,0.9671833561896681,1,621,607,0.9594013311497762,1
61,20000,independent_mondrian_total_budget,,,,0.7826650625130637,1,0.9054633237024584,1,626,,,
61,20000,direct_pac_split_matched,,0.8111037552626494,0.9272371520104341,0.8111037552626494,1,0.9272371520104341,1,621,577,0.9015315909843147,1
61,20000,direct_pac_total_budget,,0.8111037552626494,0.9272371520104341,0.8111037552626494,1,0.9272371520104341,1,626,581,0.9004748450163385,1
61,20000,ordinal_pooled_candidate_uncertified,0.9,0.7624346700377167,0.8872769847356905,0.7624346700377167,1,0.8872769847356905,0,42,,,
61,20000,ordinal_candidate_plus_cp_certification,0.9,0.7624346700377167,0.8872769847356905,,0,1.0,1,621,550,0.8526526355550281,0
61,20000,ordinal_pooled_candidate_uncertified,0.93,0.817801760021097,0.9317574742856942,0.817801760021097,1,0.9317574742856942,1,42,,,
61,20000,ordinal_candidate_plus_cp_certification,0.93,0.817801760021097,0.9317574742856942,0.817801760021097,1,0.9317574742856942,1,621,580,0.9070907151414966,1
61,20000,ordinal_pooled_candidate_uncertified,0.95,0.8229282399219345,0.9350683536615108,0.8229282399219345,1,0.9350683536615108,1,42,,,
61,20000,ordinal_candidate_plus_cp_certification,0.95,0.8229282399219345,0.9350683536615108,0.8229282399219345,1,0.9350683536615108,1,621,581,0.9089512454387179,1
61,20000,ordinal_pooled_candidate_uncertified,0.97,0.8392431159572966,0.9447796648171265,0.8392431159572966,1,0.9447796648171265,1,42,,,
61,20000,ordinal_candidate_plus_cp_certification,0.97,0.8392431159572966,0.9447796648171265,0.8392431159572966,1,0.9447796648171265,1,621,585,0.9164343731482709,1
62,20000,independent_mondrian_total_budget,,,,0.7612108592929699,1,0.8861017222286596,0,610,,,
62,20000,direct_pac_split_matched,,0.794444585485623,0.9150029749566342,0.794444585485623,1,0.9150029749566342,1,603,560,0.9005409268909537,1
62,20000,direct_pac_total_budget,,0.794444585485623,0.9150029749566342,0.794444585485623,1,0.9150029749566342,1,610,567,0.9016650116710858,1
62,20000,ordinal_pooled_candidate_uncertified,0.9,0.7301301677927614,0.8532905087569846,0.7301301677927614,1,0.8532905087569846,0,47,,,
62,20000,ordinal_candidate_plus_cp_certification,0.9,0.7301301677927614,0.8532905087569846,,0,1.0,1,603,522,0.8301134321935062,0
62,20000,ordinal_pooled_candidate_uncertified,0.93,0.7329519644930993,0.8565076845461654,0.7329519644930993,1,0.8565076845461654,0,47,,,
62,20000,ordinal_candidate_plus_cp_certification,0.93,0.7329519644930993,0.8565076845461654,,0,1.0,1,603,523,0.8319283385591627,0
62,20000,ordinal_pooled_candidate_uncertified,0.95,0.7827185608651195,0.905508364238401,0.7827185608651195,1,0.905508364238401,1,47,,,
62,20000,ordinal_candidate_plus_cp_certification,0.95,0.7827185608651195,0.905508364238401,,0,1.0,1,603,556,0.8929488298818453,0
62,20000,ordinal_pooled_candidate_uncertified,0.97,0.928769565134442,0.9795157086090519,0.928769565134442,1,0.9795157086090519,1,47,,,
62,20000,ordinal_candidate_plus_cp_certification,0.97,0.928769565134442,0.9795157086090519,0.928769565134442,1,0.9795157086090519,1,603,592,0.9646711920294819,1
63,20000,independent_mondrian_total_budget,,,,0.7707757892523986,1,0.8950569957107207,0,603,,,
63,20000,direct_pac_split_matched,,0.8043758059138768,0.922469314036624,0.8043758059138768,1,0.922469314036624,1,601,558,0.9002150258504917,1
63,20000,direct_pac_total_budget,,0.8069144687341776,0.9242954998697652,0.8069144687341776,1,0.9242954998697652,1,603,560,0.9005409268909537,1
63,20000,ordinal_pooled_candidate_uncertified,0.9,0.816610366686129,0.9309696800878766,0.816610366686129,1,0.9309696800878766,1,40,,,
63,20000,ordinal_candidate_plus_cp_certification,0.9,0.816610366686129,0.9309696800878766,0.816610366686129,1,0.9309696800878766,1,601,562,0.9078913992677329,1
63,20000,ordinal_pooled_candidate_uncertified,0.93,0.8692447066517667,0.9596139414600424,0.8692447066517667,1,0.9596139414600424,1,40,,,
63,20000,ordinal_candidate_plus_cp_certification,0.93,0.8692447066517667,0.9596139414600424,0.8692447066517667,1,0.9596139414600424,1,601,584,0.9517313168552872,1
63,20000,ordinal_pooled_candidate_uncertified,0.95,0.8692447066517667,0.9596139414600424,0.8692447066517667,1,0.9596139414600424,1,40,,,
63,20000,ordinal_candidate_plus_cp_certification,0.95,0.8692447066517667,0.9596139414600424,0.8692447066517667,1,0.9596139414600424,1,601,584,0.9517313168552872,1
63,20000,ordinal_pooled_candidate_uncertified,0.97,1.0446538725436127,0.9956454806094097,1.0446538725436127,1,0.9956454806094097,1,40,,,
63,20000,ordinal_candidate_plus_cp_certification,0.97,1.0446538725436127,0.9956454806094097,1.0446538725436127,1,0.9956454806094097,1,601,599,0.9860877309077063,1
64,20000,independent_mondrian_total_budget,,,,0.7560966920437093,1,0.8810960075296224,0,646,,,
64,20000,direct_pac_split_matched,,0.7954791010010924,0.9158049990717501,0.7954791010010924,1,0.9158049990717501,1,642,596,0.9011352230397673,1
64,20000,direct_pac_total_budget,,0.7954791010010924,0.9158049990717501,0.7954791010010924,1,0.9158049990717501,1,646,600,0.9017383959286016,1
64,20000,ordinal_pooled_candidate_uncertified,0.9,0.8581240177846833,0.9545453073252937,0.8581240177846833,1,0.9545453073252937,1,41,,,
64,20000,ordinal_candidate_plus_cp_certification,0.9,0.8581240177846833,0.9545453073252937,0.8581240177846833,1,0.9545453073252937,1,642,621,0.9470449901085962,1
64,20000,ordinal_pooled_candidate_uncertified,0.93,0.9208972412425426,0.9774909984721218,0.9208972412425426,1,0.9774909984721218,1,41,,,
64,20000,ordinal_candidate_plus_cp_certification,0.93,0.9208972412425426,0.9774909984721218,0.9208972412425426,1,0.9774909984721218,1,642,635,0.9752522511015367,1
64,20000,ordinal_pooled_candidate_uncertified,0.95,0.9208972412425426,0.9774909984721218,0.9208972412425426,1,0.9774909984721218,1,41,,,
64,20000,ordinal_candidate_plus_cp_certification,0.95,0.9208972412425426,0.9774909984721218,0.9208972412425426,1,0.9774909984721218,1,642,635,0.9752522511015367,1
64,20000,ordinal_pooled_candidate_uncertified,0.97,1.0792766813425891,0.9974160973279478,1.0792766813425891,1,0.9974160973279478,1,41,,,
64,20000,ordinal_candidate_plus_cp_certification,0.97,1.0792766813425891,0.9974160973279478,1.0792766813425891,1,0.9974160973279478,1,642,640,0.9869717769542274,1
65,20000,independent_mondrian_total_budget,,,,0.756706738585047,1,0.8817011492306461,0,649,,,
65,20000,direct_pac_split_matched,,0.7910137754389008,0.9123021932754907,0.7910137754389008,1,0.9123021932754907,1,641,595,0.900983271412112,1
65,20000,direct_pac_total_budget,,0.7907688859319564,0.9121069922094749,0.7907688859319564,1,0.9121069922094749,1,649,602,0.9004242075167372,1
65,20000,ordinal_pooled_candidate_uncertified,0.9,0.7460774108386202,0.8708434166536753,0.7460774108386202,1,0.8708434166536753,0,49,,,
65,20000,ordinal_candidate_plus_cp_certification,0.9,0.7460774108386202,0.8708434166536753,,0,1.0,1,641,569,0.8554408895367445,0
65,20000,ordinal_pooled_candidate_uncertified,0.93,0.8967103926443086,0.9701871976231794,0.8967103926443086,1,0.9701871976231794,1,49,,,
65,20000,ordinal_candidate_plus_cp_certification,0.93,0.8967103926443086,0.9701871976231794,0.8967103926443086,1,0.9701871976231794,1,641,624,0.9547141866850306,1
65,20000,ordinal_pooled_candidate_uncertified,0.95,1.013598468134393,0.9932063386546133,1.013598468134393,1,0.9932063386546133,1,49,,,
65,20000,ordinal_candidate_plus_cp_certification,0.95,1.013598468134393,0.9932063386546133,1.013598468134393,1,0.9932063386546133,1,641,637,0.9820031784617347,1
65,20000,ordinal_pooled_candidate_uncertified,0.97,1.1007063151383665,0.9981551011933987,1.1007063151383665,1,0.9981551011933987,1,49,,,
65,20000,ordinal_candidate_plus_cp_certification,0.97,1.1007063151383665,0.9981551011933987,1.1007063151383665,1,0.9981551011933987,1,641,640,0.9896891865557886,1
66,20000,independent_mondrian_total_budget,,,,0.7920019031794372,1,0.9130865436940097,1,616,,,
66,20000,direct_pac_split_matched,,0.8262699919288032,0.9371585378340569,0.8262699919288032,1,0.9371585378340569,1,611,568,0.9018235251187336,1
66,20000,direct_pac_total_budget,,0.8222412425165893,0.9346320399710869,0.8222412425165893,1,0.9346320399710869,1,616,572,0.900744413079712,1
66,20000,ordinal_pooled_candidate_uncertified,0.9,0.8072186534308896,0.9245120981559446,0.8072186534308896,1,0.9245120981559446,1,48,,,
66,20000,ordinal_candidate_plus_cp_certification,0.9,0.8072186534308896,0.9245120981559446,,0,1.0,1,611,562,0.8906007309373598,0
66,20000,ordinal_pooled_candidate_uncertified,0.93,0.8913958154850684,0.9683429345833493,0.8913958154850684,1,0.9683429345833493,1,48,,,
66,20000,ordinal_candidate_plus_cp_certification,0.93,0.8913958154850684,0.9683429345833493,0.8913958154850684,1,0.9683429345833493,1,611,585,0.93444983730754,1
66,20000,ordinal_pooled_candidate_uncertified,0.95,0.9095174892753246,0.9742678264690267,0.9095174892753246,1,0.9742678264690267,1,48,,,
66,20000,ordinal_candidate_plus_cp_certification,0.95,0.9095174892753246,0.9742678264690267,0.9095174892753246,1,0.9742678264690267,1,611,589,0.9423829982373915,1
66,20000,ordinal_pooled_candidate_uncertified,0.97,0.9821370236063769,0.9895748730779543,0.9821370236063769,1,0.9895748730779543,1,48,,,
66,20000,ordinal_candidate_plus_cp_certification,0.97,0.9821370236063769,0.9895748730779543,0.9821370236063769,1,0.9895748730779543,1,611,603,0.9717364535494444,1
67,20000,independent_mondrian_total_budget,,,,0.7495415423246791,1,0.8744553767017166,0,592,,,
67,20000,direct_pac_split_matched,,0.7850866203228806,0.9074862279274896,0.7850866203228806,1,0.9074862279274896,1,586,545,0.9016269213087413,1
67,20000,direct_pac_total_budget,,0.7850866203228806,0.9074862279274896,0.7850866203228806,1,0.9074862279274896,1,592,550,0.900663245589028,1
67,20000,ordinal_pooled_candidate_uncertified,0.9,0.8033015308457501,0.9216865376378247,0.8033015308457501,1,0.9216865376378247,1,37,,,
67,20000,ordinal_candidate_plus_cp_certification,0.9,0.8033015308457501,0.9216865376378247,0.8033015308457501,1,0.9216865376378247,1,586,553,0.9175061495320851,1
67,20000,ordinal_pooled_candidate_uncertified,0.93,0.8262867530827473,0.9371688877956105,0.8262867530827473,1,0.9371688877956105,1,37,,,
67,20000,ordinal_candidate_plus_cp_certification,0.93,0.8262867530827473,0.9371688877956105,0.8262867530827473,1,0.9371688877956105,1,586,565,0.9420428273446511,1
67,20000,ordinal_pooled_candidate_uncertified,0.95,0.9637593579326043,0.9867497237353391,0.9637593579326043,1,0.9867497237353391,1,37,,,
67,20000,ordinal_candidate_plus_cp_certification,0.95,0.9637593579326043,0.9867497237353391,0.9637593579326043,1,0.9867497237353391,1,586,579,0.9729054855004877,1
67,20000,ordinal_pooled_candidate_uncertified,0.97,0.9637593579326043,0.9867497237353391,0.9637593579326043,1,0.9867497237353391,1,37,,,
67,20000,ordinal_candidate_plus_cp_certification,0.97,0.9637593579326043,0.9867497237353391,0.9637593579326043,1,0.9867497237353391,1,586,579,0.9729054855004877,1
68,20000,independent_mondrian_total_budget,,,,0.7857768110753258,1,0.9080568874922272,1,587,,,
68,20000,direct_pac_split_matched,,0.813433948208397,0.9288350569429676,0.813433948208397,1,0.9288350569429676,1,580,539,0.9006251132583472,1
68,20000,direct_pac_total_budget,,0.8138496081740365,0.9291172378696515,0.8138496081740365,1,0.9291172378696515,1,587,546,0.9017919295756072,1
68,20000,ordinal_pooled_candidate_uncertified,0.9,0.7636371195478125,0.8884232742937476,0.7636371195478125,1,0.8884232742937476,0,49,,,
68,20000,ordinal_candidate_plus_cp_certification,0.9,0.7636371195478125,0.8884232742937476,,0,1.0,1,580,515,0.8538960188858506,0
68,20000,ordinal_pooled_candidate_uncertified,0.93,0.8689934695854687,0.9595047235814433,0.8689934695854687,1,0.9595047235814433,1,49,,,
68,20000,ordinal_candidate_plus_cp_certification,0.93,0.8689934695854687,0.9595047235814433,0.8689934695854687,1,0.9595047235814433,1,580,552,0.926864490193527,1
68,20000,ordinal_pooled_candidate_uncertified,0.95,0.8842862955659215,0.9657293530634415,0.8842862955659215,1,0.9657293530634415,1,49,,,
68,20000,ordinal_candidate_plus_cp_certification,0.95,0.8842862955659215,0.9657293530634415,0.8842862955659215,1,0.9657293530634415,1,580,555,0.933065531217881,1
68,20000,ordinal_pooled_candidate_uncertified,0.97,0.9284139041522432,0.9794276821265164,0.9284139041522432,1,0.9794276821265164,1,49,,,
68,20000,ordinal_candidate_plus_cp_certification,0.97,0.9284139041522432,0.9794276821265164,0.9284139041522432,1,0.9794276821265164,1,580,563,0.9500023923371206,1
69,20000,independent_mondrian_total_budget,,,,0.7640303422370432,1,0.8887963157082097,0,591,,,
69,20000,direct_pac_split_matched,,0.8058146246240192,0.9235083912446302,0.8058146246240192,1,0.9235083912446302,1,587,546,0.9017919295756072,1
69,20000,direct_pac_total_budget,,0.8043902856061478,0.9224798240142413,0.8043902856061478,1,0.9224798240142413,1,591,549,0.9004977587267924,1
69,20000,ordinal_pooled_candidate_uncertified,0.9,0.8848854736950265,0.9659562562279678,0.8848854736950265,1,0.9659562562279678,1,45,,,
69,20000,ordinal_candidate_plus_cp_certification,0.9,0.8848854736950265,0.9659562562279678,0.8848854736950265,1,0.9659562562279678,1,587,576,0.96371687944081,1
69,20000,ordinal_pooled_candidate_uncertified,0.93,0.928843488876315,0.9795339646993153,0.928843488876315,1,0.9795339646993153,1,45,,,
69,20000,ordinal_candidate_plus_cp_certification,0.93,0.928843488876315,0.9795339646993153,0.928843488876315,1,0.9795339646993153,1,587,579,0.9705901614029111,1
69,20000,ordinal_pooled_candidate_uncertified,0.95,0.9338388104790362,0.9807360596901123,0.9338388104790362,1,0.9807360596901123,1,45,,,
69,20000,ordinal_candidate_plus_cp_certification,0.95,0.9338388104790362,0.9807360596901123,0.9338388104790362,1,0.9807360596901123,1,587,579,0.9705901614029111,1
69,20000,ordinal_pooled_candidate_uncertified,0.97,1.0707099112459988,0.9970523577825956,1.0707099112459988,1,0.9970523577825956,1,45,,,
69,20000,ordinal_candidate_plus_cp_certification,0.97,1.0707099112459988,0.9970523577825956,1.0707099112459988,1,0.9970523577825956,1,587,586,0.988745212814955,1
70,20000,independent_mondrian_total_budget,,,,0.7779054462982298,1,0.9013925722455751,1,604,,,
70,20000,direct_pac_split_matched,,0.8173124866596345,0.9314347920605472,0.8173124866596345,1,0.9314347920605472,1,602,559,0.900378242807359,1
70,20000,direct_pac_total_budget,,0.8173124866596345,0.9314347920605472,0.8173124866596345,1,0.9314347920605472,1,604,561,0.9007030807056007,1
70,20000,ordinal_pooled_candidate_uncertified,0.9,0.8188988894585377,0.932476783917781,0.8188988894585377,1,0.932476783917781,1,44,,,
70,20000,ordinal_candidate_plus_cp_certification,0.9,0.8188988894585377,0.932476783917781,0.8188988894585377,1,0.932476783917781,1,602,559,0.900378242807359,1
70,20000,ordinal_pooled_candidate_uncertified,0.93,0.8494568377347236,0.9502501768665598,0.8494568377347236,1,0.9502501768665598,1,44,,,
70,20000,ordinal_candidate_plus_cp_certification,0.93,0.8494568377347236,0.9502501768665598,0.8494568377347236,1,0.9502501768665598,1,602,572,0.9255515474761054,1
70,20000,ordinal_pooled_candidate_uncertified,0.95,0.8953831917973767,0.9697351933951424,0.8953831917973767,1,0.9697351933951424,1,44,,,
70,20000,ordinal_candidate_plus_cp_certification,0.95,0.8953831917973767,0.9697351933951424,0.8953831917973767,1,0.9697351933951424,1,602,584,0.9497318279056328,1
70,20000,ordinal_pooled_candidate_uncertified,0.97,0.9556618497727898,0.9853084894693749,0.9556618497727898,1,0.9853084894693749,1,44,,,
70,20000,ordinal_candidate_plus_cp_certification,0.97,0.9556618497727898,0.9853084894693749,0.9556618497727898,1,0.9853084894693749,1,602,591,0.9646130205317978,1
71,20000,independent_mondrian_total_budget,,,,0.7908111534495923,1,0.912140706703434,1,596,,,
71,20000,direct_pac_split_matched,,0.8218298983247448,0.9343697078480309,0.8218298983247448,1,0.9343697078480309,1,591,549,0.9004977587267924,1
71,20000,direct_pac_total_budget,,0.8218298983247448,0.9343697078480309,0.8218298983247448,1,0.9343697078480309,1,596,554,0.9013197268545659,1
71,20000,ordinal_pooled_candidate_uncertified,0.9,0.8002184387877684,0.9194067472022733,0.8002184387877684,1,0.9194067472022733,1,45,,,
71,20000,ordinal_candidate_plus_cp_certification,0.9,0.8002184387877684,0.9194067472022733,,0,1.0,1,591,539,0.8812075765574696,0
71,20000,ordinal_pooled_candidate_uncertified,0.93,0.8025821915735412,0.9211590466281772,0.8025821915735412,1,0.9211590466281772,1,45,,,
71,20000,ordinal_candidate_plus_cp_certification,0.93,0.8025821915735412,0.9211590466281772,,0,1.0,1,591,539,0.8812075765574696,0
71,20000,ordinal_pooled_candidate_uncertified,0.95,0.820816896071693,0.9337201920924691,0.820816896071693,1,0.9337201920924691,1,45,,,
71,20000,ordinal_candidate_plus_cp_certification,0.95,0.820816896071693,0.9337201920924691,,0,1.0,1,591,547,0.896611955781125,0
71,20000,ordinal_pooled_candidate_uncertified,0.97,0.8736152485982032,0.961475920770304,0.8736152485982032,1,0.961475920770304,1,45,,,
71,20000,ordinal_candidate_plus_cp_certification,0.97,0.8736152485982032,0.961475920770304,0.8736152485982032,1,0.961475920770304,1,591,565,0.9322592978482849,1
72,20000,independent_mondrian_total_budget,,,,0.7648867430151625,1,0.8896056713957567,0,580,,,
72,20000,direct_pac_split_matched,,0.8136134144108346,0.9289569975900791,0.8136134144108346,1,0.9289569975900791,1,572,532,0.9012732341872458,1
72,20000,direct_pac_total_budget,,0.8143363258590581,0.9294465646473817,0.8143363258590581,1,0.9294465646473817,1,580,539,0.9006251132583472,1
72,20000,ordinal_pooled_candidate_uncertified,0.9,0.7883717563725038,0.9101791057642268,0.7883717563725038,1,0.9101791057642268,1,54,,,
72,20000,ordinal_candidate_plus_cp_certification,0.9,0.7883717563725038,0.9101791057642268,,0,1.0,1,572,523,0.8832694362210809,0
72,20000,ordinal_pooled_candidate_uncertified,0.93,0.830501749769925,0.9397297295142626,0.830501749769925,1,0.9397297295142626,1,54,,,
72,20000,ordinal_candidate_plus_cp_certification,0.93,0.830501749769925,0.9397297295142626,0.830501749769925,1,0.9397297295142626,1,572,542,0.92170055448788,1
72,20000,ordinal_pooled_candidate_uncertified,0.95,0.9532228049163913,0.9848487626170627,0.9532228049163913,1,0.9848487626170627,1,54,,,
72,20000,ordinal_candidate_plus_cp_certification,0.95,0.9532228049163913,0.9848487626170627,0.9532228049163913,1,0.9848487626170627,1,572,563,0.9674426308702337,1
72,20000,ordinal_pooled_candidate_uncertified,0.97,1.0410312254494976,0.9954083798319497,1.0410312254494976,1,0.9954083798319497,1,54,,,
72,20000,ordinal_candidate_plus_cp_certification,0.97,1.0410312254494976,0.9954083798319497,1.0410312254494976,1,0.9954083798319497,1,572,569,0.982546439499004,1
73,20000,independent_mondrian_total_budget,,,,0.7740817624236469,1,0.898030477032717,0,536,,,
73,20000,direct_pac_split_matched,,0.8221659322365934,0.9345840722441143,0.8221659322365934,1,0.9345840722441143,1,532,495,0.9004946405687348,1
73,20000,direct_pac_total_budget,,0.8221659322365934,0.9345840722441143,0.8221659322365934,1,0.9345840722441143,1,536,499,0.9012252413975055,1
73,20000,ordinal_pooled_candidate_uncertified,0.9,0.7541450862138785,0.8791454201943172,0.7541450862138785,1,0.8791454201943172,0,38,,,
73,20000,ordinal_candidate_plus_cp_certification,0.9,0.7541450862138785,0.8791454201943172,,0,1.0,1,532,472,0.8514326193808166,0
73,20000,ordinal_pooled_candidate_uncertified,0.93,0.8355331139142279,0.9426787699479784,0.8355331139142279,1,0.9426787699479784,1,38,,,
73,20000,ordinal_candidate_plus_cp_certification,0.93,0.8355331139142279,0.9426787699479784,0.8355331139142279,1,0.9426787699479784,1,532,504,0.9203605085598803,1
73,20000,ordinal_pooled_candidate_uncertified,0.95,0.8361160368637677,0.9430129702076838,0.8361160368637677,1,0.9430129702076838,1,38,,,
73,20000,ordinal_candidate_plus_cp_certification,0.95,0.8361160368637677,0.9430129702076838,0.8361160368637677,1,0.9430129702076838,1,532,505,0.922601814855567,1
73,20000,ordinal_pooled_candidate_uncertified,0.97,0.8361160368637677,0.9430129702076838,0.8361160368637677,1,0.9430129702076838,1,38,,,
73,20000,ordinal_candidate_plus_cp_certification,0.97,0.8361160368637677,0.9430129702076838,0.8361160368637677,1,0.9430129702076838,1,532,505,0.922601814855567,1
74,20000,independent_mondrian_total_budget,,,,0.7568566228612866,1,0.8818494946307434,0,590,,,
74,20000,direct_pac_split_matched,,0.7873173518344674,0.9093212182819927,0.7873173518344674,1,0.9093212182819927,1,583,542,0.9011285539580174,1
74,20000,direct_pac_total_budget,,0.7834461482773449,0.9061193537920915,0.7834461482773449,1,0.9061193537920915,1,590,548,0.9003317197775906,1
74,20000,ordinal_pooled_candidate_uncertified,0.9,0.8122600010745384,0.9280334357982447,0.8122600010745384,1,0.9280334357982447,1,53,,,
74,20000,ordinal_candidate_plus_cp_certification,0.9,0.8122600010745384,0.9280334357982447,0.8122600010745384,1,0.9280334357982447,1,583,549,0.9150755294630377,1
74,20000,ordinal_pooled_candidate_uncertified,0.93,0.8693067394886702,0.9596408715467266,0.8693067394886702,1,0.9596408715467266,1,53,,,
74,20000,ordinal_candidate_plus_cp_certification,0.93,0.8693067394886702,0.9596408715467266,0.8693067394886702,1,0.9596408715467266,1,583,567,0.9524162126224778,1
74,20000,ordinal_pooled_candidate_uncertified,0.95,0.9788679007511423,0.9891144974300722,0.9788679007511423,1,0.9891144974300722,1,53,,,
74,20000,ordinal_candidate_plus_cp_certification,0.95,0.9788679007511423,0.9891144974300722,0.9788679007511423,1,0.9891144974300722,1,583,578,0.9776714090973044,1
74,20000,ordinal_pooled_candidate_uncertified,0.97,1.0297775707650196,0.9945966477303687,1.0297775707650196,1,0.9945966477303687,1,53,,,
74,20000,ordinal_candidate_plus_cp_certification,0.97,1.0297775707650196,0.9945966477303687,1.0297775707650196,1,0.9945966477303687,1,583,581,0.985660551567813,1
75,20000,independent_mondrian_total_budget,,,,0.7694680824621637,1,0.8938636472832209,0,622,,,
75,20000,direct_pac_split_matched,,0.7967886989342237,0.9168121213485527,0.7967886989342237,1,0.9168121213485527,1,616,572,0.900744413079712,1
75,20000,direct_pac_total_budget,,0.7967886989342237,0.9168121213485527,0.7967886989342237,1,0.9168121213485527,1,622,578,0.9016875311654289,1
75,20000,ordinal_pooled_candidate_uncertified,0.9,0.769624257062553,0.8940066777801096,0.769624257062553,1,0.8940066777801096,0,43,,,
75,20000,ordinal_candidate_plus_cp_certification,0.9,0.769624257062553,0.8940066777801096,,0,1.0,1,616,557,0.8731537126010254,0
75,20000,ordinal_pooled_candidate_uncertified,0.93,0.829187406233201,0.9389401119553997,0.829187406233201,1,0.9389401119553997,1,43,,,
75,20000,ordinal_candidate_plus_cp_certification,0.93,0.829187406233201,0.9389401119553997,0.829187406233201,1,0.9389401119553997,1,616,588,0.9310856883881449,1
75,20000,ordinal_pooled_candidate_uncertified,0.95,0.8356686210722948,0.9427565959062325,0.8356686210722948,1,0.9427565959062325,1,43,,,
75,20000,ordinal_candidate_plus_cp_certification,0.95,0.8356686210722948,0.9427565959062325,0.8356686210722948,1,0.9427565959062325,1,616,589,0.9330271729945849,1
75,20000,ordinal_pooled_candidate_uncertified,0.97,0.8643733085701641,0.9574531515246928,0.8643733085701641,1,0.9574531515246928,1,43,,,
75,20000,ordinal_candidate_plus_cp_certification,0.97,0.8643733085701641,0.9574531515246928,0.8643733085701641,1,0.9574531515246928,1,616,595,0.9448344056937996,1
76,20000,independent_mondrian_total_budget,,,,0.7852843297622958,1,0.907649964059861,1,626,,,
76,20000,direct_pac_split_matched,,0.8274620198868645,0.9378913052636852,0.8274620198868645,1,0.9378913052636852,1,621,577,0.9015315909843147,1
76,20000,direct_pac_total_budget,,0.8192552266687807,0.9327091440499162,0.8192552266687807,1,0.9327091440499162,1,626,581,0.9004748450163385,1
76,20000,ordinal_pooled_candidate_uncertified,0.9,0.8136282308697642,0.9289670576506799,0.8136282308697642,1,0.9289670576506799,1,36,,,
76,20000,ordinal_candidate_plus_cp_certification,0.9,0.8136282308697642,0.9289670576506799,,0,1.0,1,621,575,0.8978430783074465,0
76,20000,ordinal_pooled_candidate_uncertified,0.93,0.8160346803217793,0.9305865115942051,0.8160346803217793,1,0.9305865115942051,1,36,,,
76,20000,ordinal_candidate_plus_cp_certification,0.93,0.8160346803217793,0.9305865115942051,,0,1.0,1,621,575,0.8978430783074465,0
76,20000,ordinal_pooled_candidate_uncertified,0.95,0.8544098152653175,0.9527426774656355,0.8544098152653175,1,0.9527426774656355,1,36,,,
76,20000,ordinal_candidate_plus_cp_certification,0.95,0.8544098152653175,0.9527426774656355,0.8544098152653175,1,0.9527426774656355,1,621,589,0.9239908736505027,1
76,20000,ordinal_pooled_candidate_uncertified,0.97,0.8544098152653175,0.9527426774656355,0.8544098152653175,1,0.9527426774656355,1,36,,,
76,20000,ordinal_candidate_plus_cp_certification,0.97,0.8544098152653175,0.9527426774656355,0.8544098152653175,1,0.9527426774656355,1,621,589,0.9239908736505027,1
77,20000,independent_mondrian_total_budget,,,,0.7756478959676565,1,0.8994175001798692,0,614,,,
77,20000,direct_pac_split_matched,,0.8300960981016009,0.9394868837141377,0.8300960981016009,1,0.9394868837141377,1,609,566,0.9015059857181604,1
77,20000,direct_pac_total_budget,,0.8253694388009838,0.9366004934827454,0.8253694388009838,1,0.9366004934827454,1,614,570,0.9004260079119473,1
77,20000,ordinal_pooled_candidate_uncertified,0.9,0.771423382904744,0.8956443484301794,0.771423382904744,1,0.8956443484301794,0,47,,,
77,20000,ordinal_candidate_plus_cp_certification,0.9,0.771423382904744,0.8956443484301794,,0,1.0,1,609,546,0.8643815347414319,0
77,20000,ordinal_pooled_candidate_uncertified,0.93,0.8332685779634824,0.9413658174077886,0.8332685779634824,1,0.9413658174077886,1,47,,,
77,20000,ordinal_candidate_plus_cp_certification,0.93,0.8332685779634824,0.9413658174077886,0.8332685779634824,1,0.9413658174077886,1,609,570,0.9090838406208279,1
77,20000,ordinal_pooled_candidate_uncertified,0.95,0.8809777817164237,0.9644539661175962,0.8809777817164237,1,0.9644539661175962,1,47,,,
77,20000,ordinal_candidate_plus_cp_certification,0.95,0.8809777817164237,0.9644539661175962,0.8809777817164237,1,0.9644539661175962,1,609,580,0.9283467171919233,1
77,20000,ordinal_pooled_candidate_uncertified,0.97,0.9433323692796659,0.9828557214359739,0.9433323692796659,1,0.9828557214359739,1,47,,,
77,20000,ordinal_candidate_plus_cp_certification,0.97,0.9433323692796659,0.9828557214359739,0.9433323692796659,1,0.9828557214359739,1,609,594,0.9565103344242112,1
78,20000,independent_mondrian_total_budget,,,,0.7866202160994311,1,0.9087506825709073,1,650,,,
78,20000,direct_pac_split_matched,,0.8335694480630202,0.9415416064502304,0.8335694480630202,1,0.9415416064502304,1,645,599,0.9015882935058426,1
78,20000,direct_pac_total_budget,,0.8306464423766855,0.939816165801981,0.8306464423766855,1,0.939816165801981,1,650,603,0.9005751428544766,1
78,20000,ordinal_pooled_candidate_uncertified,0.9,0.8578806783413397,0.9544289242635192,0.8578806783413397,1,0.9544289242635192,1,53,,,
78,20000,ordinal_candidate_plus_cp_certification,0.9,0.8578806783413397,0.9544289242635192,0.8578806783413397,1,0.9544289242635192,1,645,609,0.919502806606199,1
78,20000,ordinal_pooled_candidate_uncertified,0.93,0.8701369701025129,0.9599998948041486,0.8701369701025129,1,0.9599998948041486,1,53,,,
78,20000,ordinal_candidate_plus_cp_certification,0.93,0.8701369701025129,0.9599998948041486,0.8701369701025129,1,0.9599998948041486,1,645,616,0.9322979786204408,1
78,20000,ordinal_pooled_candidate_uncertified,0.95,0.9601847018919308,0.9861292803457233,0.9601847018919308,1,0.9861292803457233,1,53,,,
78,20000,ordinal_candidate_plus_cp_certification,0.95,0.9601847018919308,0.9861292803457233,0.9601847018919308,1,0.9861292803457233,1,645,635,0.9690131542174012,1
78,20000,ordinal_pooled_candidate_uncertified,0.97,1.042724071397426,0.9955205738419503,1.042724071397426,1,0.9955205738419503,1,53,,,
78,20000,ordinal_candidate_plus_cp_certification,0.97,1.042724071397426,0.9955205738419503,1.042724071397426,1,0.9955205738419503,1,645,641,0.982114128133895,1
79,20000,independent_mondrian_total_budget,,,,0.794627495983707,1,0.9151451943502814,1,586,,,
79,20000,direct_pac_split_matched,,0.8183787756695908,0.9321365161246942,0.8183787756695908,1,0.9321365161246942,1,579,538,0.9004561588737174,1
79,20000,direct_pac_total_budget,,0.8183787756695908,0.9321365161246942,0.8183787756695908,1,0.9321365161246942,1,586,545,0.9016269213087413,1
79,20000,ordinal_pooled_candidate_uncertified,0.9,0.8368724196479693,0.9434443290806462,0.8368724196479693,1,0.9434443290806462,1,34,,,
79,20000,ordinal_candidate_plus_cp_certification,0.9,0.8368724196479693,0.9434443290806462,0.8368724196479693,1,0.9434443290806462,1,579,542,0.9084513975196029,1
79,20000,ordinal_pooled_candidate_uncertified,0.93,0.8930796137192578,0.9689371860523446,0.8930796137192578,1,0.9689371860523446,1,34,,,
79,20000,ordinal_candidate_plus_cp_certification,0.93,0.8930796137192578,0.9689371860523446,0.8930796137192578,1,0.9689371860523446,1,579,555,0.9350376376756773,1
79,20000,ordinal_pooled_candidate_uncertified,0.95,0.8985135939887249,0.9707923266702578,0.8985135939887249,1,0.9707923266702578,1,34,,,
79,20000,ordinal_candidate_plus_cp_certification,0.95,0.8985135939887249,0.9707923266702578,0.8985135939887249,1,0.9707923266702578,1,579,556,0.9371325222646627,1
79,20000,ordinal_pooled_candidate_uncertified,0.97,0.8985135939887249,0.9707923266702578,0.8985135939887249,1,0.9707923266702578,1,34,,,
79,20000,ordinal_candidate_plus_cp_certification,0.97,0.8985135939887249,0.9707923266702578,0.8985135939887249,1,0.9707923266702578,1,579,556,0.9371325222646627,1
80,20000,independent_mondrian_total_budget,,,,0.781236193394373,1,0.9042544881262581,1,601,,,
80,20000,direct_pac_split_matched,,0.8246894412743739,0.9361765703332332,0.8246894412743739,1,0.9361765703332332,1,597,555,0.9014824941390038,1
80,20000,direct_pac_total_budget,,0.8246894412743739,0.9361765703332332,0.8246894412743739,1,0.9361765703332332,1,601,558,0.9002150258504917,1
80,20000,ordinal_pooled_candidate_uncertified,0.9,0.7537243836849707,0.8787220033267961,0.7537243836849707,1,0.8787220033267961,0,49,,,
80,20000,ordinal_candidate_plus_cp_certification,0.9,0.7537243836849707,0.8787220033267961,,0,1.0,1,597,522,0.8394625435243221,0
80,20000,ordinal_pooled_candidate_uncertified,0.93,0.8230581009208846,0.9351505740474155,0.8230581009208846,1,0.9351505740474155,1,49,,,
80,20000,ordinal_candidate_plus_cp_certification,0.93,0.8230581009208846,0.9351505740474155,,0,1.0,1,597,554,0.8995567766031847,0
80,20000,ordinal_pooled_candidate_uncertified,0.95,0.8520379241819638,0.9515618440103197,0.8520379241819638,1,0.9515618440103197,1,49,,,
80,20000,ordinal_candidate_plus_cp_certification,0.95,0.8520379241819638,0.9515618440103197,0.8520379241819638,1,0.9515618440103197,1,597,565,0.9209765665661875,1
80,20000,ordinal_pooled_candidate_uncertified,0.97,0.8727287021196831,0.9611039913467604,0.8727287021196831,1,0.9611039913467604,1,49,,,
80,20000,ordinal_candidate_plus_cp_certification,0.97,0.8727287021196831,0.9611039913467604,0.8727287021196831,1,0.9611039913467604,1,597,575,0.9410474494542067,1
81,20000,independent_mondrian_total_budget,,,,0.7899933217518667,1,0.9114866530436091,1,608,,,
81,20000,direct_pac_split_matched,,0.8247354146070777,0.9362053002820057,0.8247354146070777,1,0.9362053002820057,1,605,562,0.9008647068386888,1
81,20000,direct_pac_total_budget,,0.8247354146070777,0.9362053002820057,0.8247354146070777,1,0.9362053002820057,1,608,565,0.9013464447713502,1
81,20000,ordinal_pooled_candidate_uncertified,0.9,0.8059245606785835,0.9235873464338877,0.8059245606785835,1,0.9235873464338877,1,41,,,
81,20000,ordinal_candidate_plus_cp_certification,0.9,0.8059245606785835,0.9235873464338877,,0,1.0,1,605,550,0.8783138160080208,0
81,20000,ordinal_pooled_candidate_uncertified,0.93,0.8387335215083191,0.9444947484568322,0.8387335215083191,1,0.9444947484568322,1,41,,,
81,20000,ordinal_candidate_plus_cp_certification,0.93,0.8387335215083191,0.9444947484568322,0.8387335215083191,1,0.9444947484568322,1,605,562,0.9008647068386888,1
81,20000,ordinal_pooled_candidate_uncertified,0.95,0.8387335215083191,0.9444947484568322,0.8387335215083191,1,0.9444947484568322,1,41,,,
81,20000,ordinal_candidate_plus_cp_certification,0.95,0.8387335215083191,0.9444947484568322,0.8387335215083191,1,0.9444947484568322,1,605,562,0.9008647068386888,1
81,20000,ordinal_pooled_candidate_uncertified,0.97,1.1031622392390918,0.9982261744327584,1.1031622392390918,1,0.9982261744327584,1,41,,,
81,20000,ordinal_candidate_plus_cp_certification,0.97,1.1031622392390918,0.9982261744327584,1.1031622392390918,1,0.9982261744327584,1,605,604,0.989078506835767,1
82,20000,independent_mondrian_total_budget,,,,0.7670419268040766,1,0.8916237526540602,0,619,,,
82,20000,direct_pac_split_matched,,0.801204982442222,0.9201416363239655,0.801204982442222,1,0.9201416363239655,1,610,567,0.9016650116710858,1
82,20000,direct_pac_total_budget,,0.8011941022198719,0.9201335592370717,0.8011941022198719,1,0.9201335592370717,1,619,575,0.9012182223554532,1
82,20000,ordinal_pooled_candidate_uncertified,0.9,0.766262960924593,0.8908974265434058,0.766262960924593,1,0.8908974265434058,0,42,,,
82,20000,ordinal_candidate_plus_cp_certification,0.9,0.766262960924593,0.8908974265434058,,0,1.0,1,610,548,0.8664284405632565,0
82,20000,ordinal_pooled_candidate_uncertified,0.93,0.7916441313132352,0.9128031610392169,0.7916441313132352,1,0.9128031610392169,1,42,,,
82,20000,ordinal_candidate_plus_cp_certification,0.93,0.7916441313132352,0.9128031610392169,,0,1.0,1,610,557,0.8829930734157769,0
82,20000,ordinal_pooled_candidate_uncertified,0.95,0.8121733808422578,0.9279740146392748,0.8121733808422578,1,0.9279740146392748,1,42,,,
82,20000,ordinal_candidate_plus_cp_certification,0.95,0.8121733808422578,0.9279740146392748,0.8121733808422578,1,0.9279740146392748,1,610,573,0.913038114628085,1
82,20000,ordinal_pooled_candidate_uncertified,0.97,0.8497939623793446,0.9504230902862838,0.8497939623793446,1,0.9504230902862838,1,42,,,
82,20000,ordinal_candidate_plus_cp_certification,0.97,0.8497939623793446,0.9504230902862838,0.8497939623793446,1,0.9504230902862838,1,610,585,0.9363181322022085,1
83,20000,independent_mondrian_total_budget,,,,0.7888212305824791,1,0.9105429686363922,1,643,,,
83,20000,direct_pac_split_matched,,0.8242612265026944,0.9359084839801023,0.8242612265026944,1,0.9359084839801023,1,636,590,0.9002164552683842,1
83,20000,direct_pac_total_budget,,0.8366096089667325,0.9432947429217237,0.8366096089667325,1,0.9432947429217237,1,643,597,0.90128670917684,1
83,20000,ordinal_pooled_candidate_uncertified,0.9,0.7365698747231479,0.8605623568976738,0.7365698747231479,1,0.8605623568976738,0,47,,,
83,20000,ordinal_candidate_plus_cp_certification,0.9,0.7365698747231479,0.8605623568976738,,0,1.0,1,636,538,0.8096665426855663,0
83,20000,ordinal_pooled_candidate_uncertified,0.93,0.820551829512212,0.9335494179535478,0.820551829512212,1,0.9335494179535478,1,47,,,
83,20000,ordinal_candidate_plus_cp_certification,0.93,0.820551829512212,0.9335494179535478,,0,1.0,1,636,589,0.898419522442677,0
83,20000,ordinal_pooled_candidate_uncertified,0.95,0.8303826742890117,0.9396585234919528,0.8303826742890117,1,0.9396585234919528,1,47,,,
83,20000,ordinal_candidate_plus_cp_certification,0.95,0.8303826742890117,0.9396585234919528,0.8303826742890117,1,0.9396585234919528,1,636,590,0.9002164552683842,1
83,20000,ordinal_pooled_candidate_uncertified,0.97,0.9946957157957621,0.9911892924272512,0.9946957157957621,1,0.9911892924272512,1,47,,,
83,20000,ordinal_candidate_plus_cp_certification,0.97,0.9946957157957621,0.9911892924272512,0.9946957157957621,1,0.9911892924272512,1,636,631,0.979520241707502,1
84,20000,independent_mondrian_total_budget,,,,0.7964993855941429,1,0.9165904134585006,1,593,,,
84,20000,direct_pac_split_matched,,0.8355669114124136,0.9426981886870509,0.8355669114124136,1,0.9426981886870509,1,589,547,0.9001651259751502,1
84,20000,direct_pac_total_budget,,0.8355669114124136,0.9426981886870509,0.8355669114124136,1,0.9426981886870509,1,593,551,0.9008281831122127,1
84,20000,ordinal_pooled_candidate_uncertified,0.9,0.77097126274984,0.8952345373437565,0.77097126274984,1,0.8952345373437565,0,47,,,
84,20000,ordinal_candidate_plus_cp_certification,0.9,0.77097126274984,0.8952345373437565,,0,1.0,1,589,519,0.8466813044201058,0
84,20000,ordinal_pooled_candidate_uncertified,0.93,0.870373596297699,0.9601017443432764,0.870373596297699,1,0.9601017443432764,1,47,,,
84,20000,ordinal_candidate_plus_cp_certification,0.93,0.870373596297699,0.9601017443432764,0.870373596297699,1,0.9601017443432764,1,589,561,0.9279675283275131,1
84,20000,ordinal_pooled_candidate_uncertified,0.95,0.8890128068700118,0.9674858878713949,0.8890128068700118,1,0.9674858878713949,1,47,,,
84,20000,ordinal_candidate_plus_cp_certification,0.95,0.8890128068700118,0.9674858878713949,0.8890128068700118,1,0.9674858878713949,1,589,566,0.9381871477702808,1
84,20000,ordinal_pooled_candidate_uncertified,0.97,0.9040202500325468,0.9725774442867583,0.9040202500325468,1,0.9725774442867583,1,47,,,
84,20000,ordinal_candidate_plus_cp_certification,0.97,0.9040202500325468,0.9725774442867583,0.9040202500325468,1,0.9725774442867583,1,589,569,0.944423350733294,1
85,20000,independent_mondrian_total_budget,,,,0.7712558657170328,1,0.8954926430622328,0,608,,,
85,20000,direct_pac_split_matched,,0.8062354439240014,0.9238102846807278,0.8062354439240014,1,0.9238102846807278,1,601,558,0.9002150258504917,1
85,20000,direct_pac_total_budget,,0.8062354439240014,0.9238102846807278,0.8062354439240014,1,0.9238102846807278,1,608,565,0.9013464447713502,1
85,20000,ordinal_pooled_candidate_uncertified,0.9,0.7818213738661249,0.9047509236544669,0.7818213738661249,1,0.9047509236544669,1,43,,,
85,20000,ordinal_candidate_plus_cp_certification,0.9,0.7818213738661249,0.9047509236544669,,0,1.0,1,601,548,0.8812705107755443,0
85,20000,ordinal_pooled_candidate_uncertified,0.93,0.7916449718398684,0.9128038276081027,0.7916449718398684,1,0.9128038276081027,1,43,,,
85,20000,ordinal_candidate_plus_cp_certification,0.93,0.7916449718398684,0.9128038276081027,,0,1.0,1,601,551,0.8869207278992837,0
85,20000,ordinal_pooled_candidate_uncertified,0.95,0.8575798464403881,0.9542847129661041,0.8575798464403881,1,0.9542847129661041,1,43,,,
85,20000,ordinal_candidate_plus_cp_certification,0.95,0.8575798464403881,0.9542847129661041,0.8575798464403881,1,0.9542847129661041,1,601,576,0.9353760287488435,1
85,20000,ordinal_pooled_candidate_uncertified,0.97,0.9141661678546991,0.9756283860108007,0.9141661678546991,1,0.9756283860108007,1,43,,,
85,20000,ordinal_candidate_plus_cp_certification,0.97,0.9141661678546991,0.9756283860108007,0.9141661678546991,1,0.9756283860108007,1,601,585,0.9538269482529926,1
86,20000,independent_mondrian_total_budget,,,,0.7912855821928131,1,0.9125184711290143,1,564,,,
86,20000,direct_pac_split_matched,,0.8264705600361881,0.9372823009010027,0.8264705600361881,1,0.9372823009010027,1,561,522,0.901427255826573,1
86,20000,direct_pac_total_budget,,0.8264705600361881,0.9372823009010027,0.8264705600361881,1,0.9372823009010027,1,564,525,0.9019433621752531,1
86,20000,ordinal_pooled_candidate_uncertified,0.9,0.7705082781831403,0.8948136720475435,0.7705082781831403,1,0.8948136720475435,0,41,,,
86,20000,ordinal_candidate_plus_cp_certification,0.9,0.7705082781831403,0.8948136720475435,,0,1.0,1,561,489,0.8352597312735177,0
86,20000,ordinal_pooled_candidate_uncertified,0.93,0.9079793969465473,0.9738038946938932,0.9079793969465473,1,0.9738038946938932,1,41,,,
86,20000,ordinal_candidate_plus_cp_certification,0.93,0.9079793969465473,0.9738038946938932,0.9079793969465473,1,0.9738038946938932,1,561,541,0.9416822802611289,1
86,20000,ordinal_pooled_candidate_uncertified,0.95,0.9079793969465473,0.9738038946938932,0.9079793969465473,1,0.9738038946938932,1,41,,,
86,20000,ordinal_candidate_plus_cp_certification,0.95,0.9079793969465473,0.9738038946938932,0.9079793969465473,1,0.9738038946938932,1,561,541,0.9416822802611289,1
86,20000,ordinal_pooled_candidate_uncertified,0.97,1.0003705373763463,0.9918438619991202,1.0003705373763463,1,0.9918438619991202,1,41,,,
86,20000,ordinal_candidate_plus_cp_certification,0.97,1.0003705373763463,0.9918438619991202,1.0003705373763463,1,0.9918438619991202,1,561,557,0.9794541900982372,1
87,20000,independent_mondrian_total_budget,,,,0.7792732606950821,1,0.9025753422533571,1,673,,,
87,20000,direct_pac_split_matched,,0.8149631226734939,0.9298689387989473,0.8149631226734939,1,0.9298689387989473,1,668,620,0.9015060046791834,1
87,20000,direct_pac_total_budget,,0.8077615744439322,0.9248975173207583,0.8077615744439322,1,0.9248975173207583,1,673,624,0.9005326592274012,1
87,20000,ordinal_pooled_candidate_uncertified,0.9,0.75194942037881,0.8769241065783964,0.75194942037881,1,0.8769241065783964,0,53,,,
87,20000,ordinal_candidate_plus_cp_certification,0.9,0.75194942037881,0.8769241065783964,,0,1.0,1,668,580,0.8348687447711656,0
87,20000,ordinal_pooled_candidate_uncertified,0.93,0.762769945285097,0.8875974432305748,0.762769945285097,1,0.8875974432305748,0,53,,,
87,20000,ordinal_candidate_plus_cp_certification,0.93,0.762769945285097,0.8875974432305748,,0,1.0,1,668,592,0.8545673664664517,0
87,20000,ordinal_pooled_candidate_uncertified,0.95,0.8369420666236791,0.9434839184707423,0.8369420666236791,1,0.9434839184707423,1,53,,,
87,20000,ordinal_candidate_plus_cp_certification,0.95,0.8369420666236791,0.9434839184707423,0.8369420666236791,1,0.9434839184707423,1,668,633,0.9239911616177565,1
87,20000,ordinal_pooled_candidate_uncertified,0.97,0.8702916924299684,0.960066514850769,0.8702916924299684,1,0.960066514850769,1,53,,,
87,20000,ordinal_candidate_plus_cp_certification,0.97,0.8702916924299684,0.960066514850769,0.8702916924299684,1,0.960066514850769,1,668,643,0.9417872363783033,1
88,20000,independent_mondrian_total_budget,,,,0.7897651713276594,1,0.9113035462610286,1,579,,,
88,20000,direct_pac_split_matched,,0.8158021498240697,0.9304312790184835,0.8158021498240697,1,0.9304312790184835,1,570,530,0.9009322551109742,1
88,20000,direct_pac_total_budget,,0.8158021498240697,0.9304312790184835,0.8158021498240697,1,0.9304312790184835,1,579,538,0.9004561588737174,1
88,20000,ordinal_pooled_candidate_uncertified,0.9,0.7490890387451216,0.8739876068808564,0.7490890387451216,1,0.8739876068808564,0,56,,,
88,20000,ordinal_candidate_plus_cp_certification,0.9,0.7490890387451216,0.8739876068808564,,0,1.0,1,570,495,0.8320191417796401,0
88,20000,ordinal_pooled_candidate_uncertified,0.93,0.8322177314332032,0.9407485829987594,0.8322177314332032,1,0.9407485829987594,1,56,,,
88,20000,ordinal_candidate_plus_cp_certification,0.93,0.8322177314332032,0.9407485829987594,0.8322177314332032,1,0.9407485829987594,1,570,536,0.9131668772044867,1
88,20000,ordinal_pooled_candidate_uncertified,0.95,0.8325768756139574,0.9409601036335249,0.8325768756139574,1,0.9409601036335249,1,56,,,
88,20000,ordinal_candidate_plus_cp_certification,0.95,0.8325768756139574,0.9409601036335249,0.8325768756139574,1,0.9409601036335249,1,570,536,0.9131668772044867,1
88,20000,ordinal_pooled_candidate_uncertified,0.97,0.9608713872035306,0.9862503741420109,0.9608713872035306,1,0.9862503741420109,1,56,,,
88,20000,ordinal_candidate_plus_cp_certification,0.97,0.9608713872035306,0.9862503741420109,0.9608713872035306,1,0.9862503741420109,1,570,560,0.9649723824182357,1
89,20000,independent_mondrian_total_budget,,,,0.7755170959863095,1,0.899302188521697,0,600,,,
89,20000,direct_pac_split_matched,,0.8012513909934174,0.9201760814309199,0.8012513909934174,1,0.9201760814309199,1,596,554,0.9013197268545659,1
89,20000,direct_pac_total_budget,,0.7993679284356212,0.9187691008237346,0.7993679284356212,1,0.9187691008237346,1,600,557,0.900051273398949,1
89,20000,ordinal_pooled_candidate_uncertified,0.9,0.7366463703606486,0.8606472374166878,0.7366463703606486,1,0.8606472374166878,0,39,,,
89,20000,ordinal_candidate_plus_cp_certification,0.9,0.7366463703606486,0.8606472374166878,,0,1.0,1,596,513,0.8244939582429964,0
89,20000,ordinal_pooled_candidate_uncertified,0.93,0.7584606435026178,0.8834288133085709,0.7584606435026178,1,0.8834288133085709,0,39,,,
89,20000,ordinal_candidate_plus_cp_certification,0.93,0.7584606435026178,0.8834288133085709,,0,1.0,1,596,529,0.8540191189572781,0
89,20000,ordinal_pooled_candidate_uncertified,0.95,0.7584606435026178,0.8834288133085709,0.7584606435026178,1,0.8834288133085709,0,39,,,
89,20000,ordinal_candidate_plus_cp_certification,0.95,0.7584606435026178,0.8834288133085709,,0,1.0,1,596,529,0.8540191189572781,0
89,20000,ordinal_pooled_candidate_uncertified,0.97,0.7720868612549703,0.8962436337743047,0.7720868612549703,1,0.8962436337743047,0,39,,,
89,20000,ordinal_candidate_plus_cp_certification,0.97,0.7720868612549703,0.8962436337743047,,0,1.0,1,596,533,0.8614782291317222,0
90,20000,independent_mondrian_total_budget,,,,0.7963323680507419,1,0.9164622217904093,1,607,,,
90,20000,direct_pac_split_matched,,0.8314995204448279,0.9403238052883576,0.8314995204448279,1,0.9403238052883576,1,602,559,0.900378242807359,1
90,20000,direct_pac_total_budget,,0.8314995204448279,0.9403238052883576,0.8314995204448279,1,0.9403238052883576,1,607,564,0.9011863863258998,1
90,20000,ordinal_pooled_candidate_uncertified,0.9,0.7639594061066797,0.8887290863151345,0.7639594061066797,1,0.8887290863151345,0,37,,,
90,20000,ordinal_candidate_plus_cp_certification,0.9,0.7639594061066797,0.8887290863151345,,0,1.0,1,602,526,0.8389429064778362,0
90,20000,ordinal_pooled_candidate_uncertified,0.93,0.8032052670641447,0.9216161029802501,0.8032052670641447,1,0.9216161029802501,1,37,,,
90,20000,ordinal_candidate_plus_cp_certification,0.93,0.8032052670641447,0.9216161029802501,,0,1.0,1,602,548,0.8795897488330893,0
90,20000,ordinal_pooled_candidate_uncertified,0.95,0.9794900223027868,0.9892034470473663,0.9794900223027868,1,0.9892034470473663,1,37,,,
90,20000,ordinal_candidate_plus_cp_certification,0.95,0.9794900223027868,0.9892034470473663,0.9794900223027868,1,0.9892034470473663,1,602,597,0.9783713778803063,1
90,20000,ordinal_pooled_candidate_uncertified,0.97,0.9794900223027868,0.9892034470473663,0.9794900223027868,1,0.9892034470473663,1,37,,,
90,20000,ordinal_candidate_plus_cp_certification,0.97,0.9794900223027868,0.9892034470473663,0.9794900223027868,1,0.9892034470473663,1,602,597,0.9783713778803063,1
91,20000,independent_mondrian_total_budget,,,,0.7949457191395201,1,0.9153921988023879,1,612,,,
91,20000,direct_pac_split_matched,,0.8133101996993839,0.928750880839144,0.8133101996993839,1,0.928750880839144,1,602,559,0.900378242807359,1
91,20000,direct_pac_total_budget,,0.8133101996993839,0.928750880839144,0.8133101996993839,1,0.928750880839144,1,612,568,0.9001055540887128,1
91,20000,ordinal_pooled_candidate_uncertified,0.9,0.7971689969124953,0.9171028785584969,0.7971689969124953,1,0.9171028785584969,1,46,,,
91,20000,ordinal_candidate_plus_cp_certification,0.9,0.7971689969124953,0.9171028785584969,,0,1.0,1,602,545,0.873981917598825,0
91,20000,ordinal_pooled_candidate_uncertified,0.93,0.8362433149143158,0.9430857365581247,0.8362433149143158,1,0.9430857365581247,1,46,,,
91,20000,ordinal_candidate_plus_cp_certification,0.93,0.8362433149143158,0.9430857365581247,0.8362433149143158,1,0.9430857365581247,1,602,568,0.9177189021892289,1
91,20000,ordinal_pooled_candidate_uncertified,0.95,0.8779862390669941,0.9632675134342146,0.8779862390669941,1,0.9632675134342146,1,46,,,
91,20000,ordinal_candidate_plus_cp_certification,0.95,0.8779862390669941,0.9632675134342146,0.8779862390669941,1,0.9632675134342146,1,602,585,0.9518106692771529,1
91,20000,ordinal_pooled_candidate_uncertified,0.97,0.9181850141342498,0.9767554372500684,0.9181850141342498,1,0.9767554372500684,1,46,,,
91,20000,ordinal_candidate_plus_cp_certification,0.97,0.9181850141342498,0.9767554372500684,0.9181850141342498,1,0.9767554372500684,1,602,595,0.9736202060541064,1
92,20000,independent_mondrian_total_budget,,,,0.7870444960215046,1,0.9090982293000954,1,597,,,
92,20000,direct_pac_split_matched,,0.8197210311693387,0.9330119528057493,0.8197210311693387,1,0.9330119528057493,1,590,548,0.9003317197775906,1
92,20000,direct_pac_total_budget,,0.8213716353602991,0.9340764931631944,0.8213716353602991,1,0.9340764931631944,1,597,555,0.9014824941390038,1
92,20000,ordinal_pooled_candidate_uncertified,0.9,0.7910958836729662,0.9123675691750212,0.7910958836729662,1,0.9123675691750212,1,47,,,
92,20000,ordinal_candidate_plus_cp_certification,0.9,0.7910958836729662,0.9123675691750212,,0,1.0,1,590,534,0.8733681233389083,0
92,20000,ordinal_pooled_candidate_uncertified,0.93,0.8364789812345769,0.9432202765743674,0.8364789812345769,1,0.9432202765743674,1,47,,,
92,20000,ordinal_candidate_plus_cp_certification,0.93,0.8364789812345769,0.9432202765743674,0.8364789812345769,1,0.9432202765743674,1,590,555,0.914085420435619,1
92,20000,ordinal_pooled_candidate_uncertified,0.95,0.8817065377655758,0.964738183027837,0.8817065377655758,1,0.964738183027837,1,47,,,
92,20000,ordinal_candidate_plus_cp_certification,0.95,0.8817065377655758,0.964738183027837,0.8817065377655758,1,0.964738183027837,1,590,567,0.938290667811901,1
92,20000,ordinal_pooled_candidate_uncertified,0.97,0.9150831576737912,0.9758895087279383,0.9150831576737912,1,0.9758895087279383,1,47,,,
92,20000,ordinal_candidate_plus_cp_certification,0.97,0.9150831576737912,0.9758895087279383,0.9150831576737912,1,0.9758895087279383,1,590,576,0.9572890306156574,1
93,20000,independent_mondrian_total_budget,,,,0.7762554634406622,1,0.8999518614151922,0,604,,,
93,20000,direct_pac_split_matched,,0.8084053247599589,0.9253525684851823,0.8084053247599589,1,0.9253525684851823,1,600,557,0.900051273398949,1
93,20000,direct_pac_total_budget,,0.8084053247599589,0.9253525684851823,0.8084053247599589,1,0.9253525684851823,1,604,561,0.9007030807056007,1
93,20000,ordinal_pooled_candidate_uncertified,0.9,0.8135565074984323,0.928918348834243,0.8135565074984323,1,0.928918348834243,1,45,,,
93,20000,ordinal_candidate_plus_cp_certification,0.9,0.8135565074984323,0.928918348834243,0.8135565074984323,1,0.928918348834243,1,600,558,0.9019675913220779,1
93,20000,ordinal_pooled_candidate_uncertified,0.93,0.8150204821251608,0.9299074937674547,0.8150204821251608,1,0.9299074937674547,1,45,,,
93,20000,ordinal_candidate_plus_cp_certification,0.93,0.8150204821251608,0.9299074937674547,0.8150204821251608,1,0.9299074937674547,1,600,558,0.9019675913220779,1
93,20000,ordinal_pooled_candidate_uncertified,0.95,0.9059646940747543,0.9731856428213925,0.9059646940747543,1,0.9731856428213925,1,45,,,
93,20000,ordinal_candidate_plus_cp_certification,0.95,0.9059646940747543,0.9731856428213925,0.9059646940747543,1,0.9731856428213925,1,600,588,0.9623077917825931,1
93,20000,ordinal_pooled_candidate_uncertified,0.97,0.9420499613603399,0.982581577761279,0.9420499613603399,1,0.982581577761279,1,45,,,
93,20000,ordinal_candidate_plus_cp_certification,0.97,0.9420499613603399,0.982581577761279,0.9420499613603399,1,0.982581577761279,1,600,592,0.971222362927328,1
94,20000,independent_mondrian_total_budget,,,,0.7809759586868621,1,0.9040331085900153,1,644,,,
94,20000,direct_pac_split_matched,,0.8137554502895892,0.9290533919096184,0.8137554502895892,1,0.9290533919096184,1,639,593,0.9006779630796498,1
94,20000,direct_pac_total_budget,,0.8137554502895892,0.9290533919096184,0.8137554502895892,1,0.9290533919096184,1,644,598,0.9014377319582387,1
94,20000,ordinal_pooled_candidate_uncertified,0.9,0.8448987137834846,0.9478647440896761,0.8448987137834846,1,0.9478647440896761,1,43,,,
94,20000,ordinal_candidate_plus_cp_certification,0.9,0.8448987137834846,0.9478647440896761,0.8448987137834846,1,0.9478647440896761,1,639,608,0.9279544084670173,1
94,20000,ordinal_pooled_candidate_uncertified,0.93,0.9341468517667572,0.9808081815889009,0.9341468517667572,1,0.9808081815889009,1,43,,,
94,20000,ordinal_candidate_plus_cp_certification,0.93,0.9341468517667572,0.9808081815889009,0.9341468517667572,1,0.9808081815889009,1,639,631,0.972965773777118,1
94,20000,ordinal_pooled_candidate_uncertified,0.95,0.9443736541728451,0.9830755992127509,0.9443736541728451,1,0.9830755992127509,1,43,,,
94,20000,ordinal_candidate_plus_cp_certification,0.95,0.9443736541728451,0.9830755992127509,0.9443736541728451,1,0.9830755992127509,1,639,631,0.972965773777118,1
94,20000,ordinal_pooled_candidate_uncertified,0.97,1.120877288021103,0.9986694145946399,1.120877288021103,1,0.9986694145946399,1,43,,,
94,20000,ordinal_candidate_plus_cp_certification,0.97,1.120877288021103,0.9986694145946399,1.120877288021103,1,0.9986694145946399,1,639,639,0.9928190678900168,1
95,20000,independent_mondrian_total_budget,,,,0.7769491039291979,1,0.9005593870377571,1,632,,,
95,20000,direct_pac_split_matched,,0.8046561481900596,0.9226726061586981,0.8046561481900596,1,0.9226726061586981,1,628,583,0.900787058600788,1
95,20000,direct_pac_total_budget,,0.8046561481900596,0.9226726061586981,0.8046561481900596,1,0.9226726061586981,1,632,587,0.9014056479656667,1
95,20000,ordinal_pooled_candidate_uncertified,0.9,0.7386897852748568,0.8629016290846263,0.7386897852748568,1,0.8629016290846263,0,44,,,
95,20000,ordinal_candidate_plus_cp_certification,0.9,0.7386897852748568,0.8629016290846263,,0,1.0,1,628,540,0.8245687128148143,0
95,20000,ordinal_pooled_candidate_uncertified,0.93,0.7420324512716161,0.8665354430657571,0.7420324512716161,1,0.8665354430657571,0,44,,,
95,20000,ordinal_candidate_plus_cp_certification,0.93,0.7420324512716161,0.8665354430657571,,0,1.0,1,628,541,0.8263033787196983,0
95,20000,ordinal_pooled_candidate_uncertified,0.95,0.8140926752966919,0.929281851184743,0.8140926752966919,1,0.929281851184743,1,44,,,
95,20000,ordinal_candidate_plus_cp_certification,0.95,0.8140926752966919,0.929281851184743,0.8140926752966919,1,0.929281851184743,1,628,588,0.9099517160638522,1
95,20000,ordinal_pooled_candidate_uncertified,0.97,0.8494023422293431,0.9502221806485978,0.8494023422293431,1,0.9502221806485978,1,44,,,
95,20000,ordinal_candidate_plus_cp_certification,0.97,0.8494023422293431,0.9502221806485978,0.8494023422293431,1,0.9502221806485978,1,628,605,0.9419829055503537,1
96,20000,independent_mondrian_total_budget,,,,0.772458559635012,1,0.8965782764014958,0,614,,,
96,20000,direct_pac_split_matched,,0.804046723831626,0.9222301604026251,0.804046723831626,1,0.9222301604026251,1,608,565,0.9013464447713502,1
96,20000,direct_pac_total_budget,,0.803048805205676,0.9215015198959565,0.803048805205676,1,0.9215015198959565,1,614,570,0.9004260079119473,1
96,20000,ordinal_pooled_candidate_uncertified,0.9,0.8609924833314663,0.9558992829593271,0.8609924833314663,1,0.9558992829593271,1,52,,,
96,20000,ordinal_candidate_plus_cp_certification,0.9,0.8609924833314663,0.9558992829593271,0.8609924833314663,1,0.9558992829593271,1,608,585,0.9400964806186822,1
96,20000,ordinal_pooled_candidate_uncertified,0.93,0.9366383616799668,0.9813831282549175,0.9366383616799668,1,0.9813831282549175,1,52,,,
96,20000,ordinal_candidate_plus_cp_certification,0.93,0.9366383616799668,0.9813831282549175,0.9366383616799668,1,0.9813831282549175,1,608,598,0.9671432455539031,1
96,20000,ordinal_pooled_candidate_uncertified,0.95,0.9398841975780861,0.9821100969146277,0.9398841975780861,1,0.9821100969146277,1,52,,,
96,20000,ordinal_candidate_plus_cp_certification,0.95,0.9398841975780861,0.9821100969146277,0.9398841975780861,1,0.9821100969146277,1,608,599,0.9693547882643372,1
96,20000,ordinal_pooled_candidate_uncertified,0.97,1.0180380951203916,0.9936162674857794,1.0180380951203916,1,0.9936162674857794,1,52,,,
96,20000,ordinal_candidate_plus_cp_certification,0.97,1.0180380951203916,0.9936162674857794,1.0180380951203916,1,0.9936162674857794,1,608,604,0.9810324905272954,1
97,20000,independent_mondrian_total_budget,,,,0.796146721194649,1,0.9163195578093284,1,583,,,
97,20000,direct_pac_split_matched,,0.8303451871641625,0.9396360929210857,0.8303451871641625,1,0.9396360929210857,1,580,539,0.9006251132583472,1
97,20000,direct_pac_total_budget,,0.8303451871641625,0.9396360929210857,0.8303451871641625,1,0.9396360929210857,1,583,542,0.9011285539580174,1
97,20000,ordinal_pooled_candidate_uncertified,0.9,0.6890311108426548,0.8009880029701575,0.6890311108426548,1,0.8009880029701575,0,39,,,
97,20000,ordinal_candidate_plus_cp_certification,0.9,0.6890311108426548,0.8009880029701575,,0,1.0,1,580,451,0.7347098992101051,0
97,20000,ordinal_pooled_candidate_uncertified,0.93,0.7077294925826345,0.8260441122229396,0.7077294925826345,1,0.8260441122229396,0,39,,,
97,20000,ordinal_candidate_plus_cp_certification,0.93,0.7077294925826345,0.8260441122229396,,0,1.0,1,580,469,0.7676826101812817,0
97,20000,ordinal_pooled_candidate_uncertified,0.95,0.7077294925826345,0.8260441122229396,0.7077294925826345,1,0.8260441122229396,0,39,,,
97,20000,ordinal_candidate_plus_cp_certification,0.95,0.7077294925826345,0.8260441122229396,,0,1.0,1,580,469,0.7676826101812817,0
97,20000,ordinal_pooled_candidate_uncertified,0.97,0.7920329140400288,0.9131110742244587,0.7920329140400288,1,0.9131110742244587,1,39,,,
97,20000,ordinal_candidate_plus_cp_certification,0.97,0.7920329140400288,0.9131110742244587,,0,1.0,1,580,520,0.8634980556473708,0
98,20000,independent_mondrian_total_budget,,,,0.7808026888104569,1,0.9038855007143647,1,615,,,
98,20000,direct_pac_split_matched,,0.8294456148446818,0.9390958707324579,0.8294456148446818,1,0.9390958707324579,1,609,566,0.9015059857181604,1
98,20000,direct_pac_total_budget,,0.8294456148446818,0.9390958707324579,0.8294456148446818,1,0.9390958707324579,1,615,571,0.9005854653484318,1
98,20000,ordinal_pooled_candidate_uncertified,0.9,0.7644810653028921,0.8892228070129136,0.7644810653028921,1,0.8892228070129136,0,50,,,
98,20000,ordinal_candidate_plus_cp_certification,0.9,0.7644810653028921,0.8892228070129136,,0,1.0,1,609,541,0.8552560723921661,0
98,20000,ordinal_pooled_candidate_uncertified,0.93,0.8359660679510907,0.9429271372458725,0.8359660679510907,1,0.9429271372458725,1,50,,,
98,20000,ordinal_candidate_plus_cp_certification,0.93,0.8359660679510907,0.9429271372458725,0.8359660679510907,1,0.9429271372458725,1,609,569,0.9071834443883657,1
98,20000,ordinal_pooled_candidate_uncertified,0.95,0.8396265165128758,0.9449932631652647,0.8396265165128758,1,0.9449932631652647,1,50,,,
98,20000,ordinal_candidate_plus_cp_certification,0.95,0.8396265165128758,0.9449932631652647,0.8396265165128758,1,0.9449932631652647,1,609,571,0.9109884218542965,1
98,20000,ordinal_pooled_candidate_uncertified,0.97,0.9399378386242849,0.9821219045709593,0.9399378386242849,1,0.9821219045709593,1,50,,,
98,20000,ordinal_candidate_plus_cp_certification,0.97,0.9399378386242849,0.9821219045709593,0.9399378386242849,1,0.9821219045709593,1,609,597,0.9628598386171985,1
99,20000,independent_mondrian_total_budget,,,,0.7745021122314797,1,0.8984041129596014,0,584,,,
99,20000,direct_pac_split_matched,,0.8141417181014217,0.9293150289953547,0.8141417181014217,1,0.9293150289953547,1,580,539,0.9006251132583472,1
99,20000,direct_pac_total_budget,,0.8141417181014217,0.9293150289953547,0.8141417181014217,1,0.9293150289953547,1,584,543,0.901295236315321,1
99,20000,ordinal_pooled_candidate_uncertified,0.9,0.8668999462814571,0.9585852733156018,0.8668999462814571,1,0.9585852733156018,1,36,,,
99,20000,ordinal_candidate_plus_cp_certification,0.9,0.8668999462814571,0.9585852733156018,0.8668999462814571,1,0.9585852733156018,1,580,555,0.933065531217881,1
99,20000,ordinal_pooled_candidate_uncertified,0.93,0.9216120859901215,0.9776815647518105,0.9216120859901215,1,0.9776815647518105,1,36,,,
99,20000,ordinal_candidate_plus_cp_certification,0.93,0.9216120859901215,0.9776815647518105,0.9216120859901215,1,0.9776815647518105,1,580,567,0.958780043912701,1
99,20000,ordinal_pooled_candidate_uncertified,0.95,1.1933741319691005,0.9996198683174073,1.1933741319691005,1,0.9996198683174073,1,36,,,
99,20000,ordinal_candidate_plus_cp_certification,0.95,1.1933741319691005,0.9996198683174073,1.1933741319691005,1,0.9996198683174073,1,580,580,0.9920914895345867,1
99,20000,ordinal_pooled_candidate_uncertified,0.97,1.1933741319691005,0.9996198683174073,1.1933741319691005,1,0.9996198683174073,1,36,,,
99,20000,ordinal_candidate_plus_cp_certification,0.97,1.1933741319691005,0.9996198683174073,1.1933741319691005,1,0.9996198683174073,1,580,580,0.9920914895345867,1
